user_id,has_used_send_money,has_used_bill_pay,has_used_savings,has_used_groups,has_used_qr_pay,has_used_ussd,has_used_cashback,session_count_30d,avg_session_duration_min,channel_diversity,features_used_count,onboarding_stage,days_since_first_use,tx_count_30d,adoption_tier
USR_00000,1,1,1,0,0,1,0,22,7.84,3,4,4,423,12,Power
USR_00001,1,0,0,0,1,1,1,17,5.12,3,4,4,297,13,Power
USR_00002,1,1,0,0,1,0,0,11,4.28,2,3,3,343,7,Active
USR_00003,0,0,0,0,0,1,0,7,3.18,2,1,2,171,6,Basic
USR_00004,1,0,0,0,0,1,0,8,5.75,2,2,3,209,6,Active
USR_00005,0,1,1,1,0,0,0,20,6.25,2,3,4,118,12,Power
USR_00006,0,0,0,1,0,0,0,9,4.24,1,1,2,132,7,Basic
USR_00007,1,0,1,0,1,0,1,19,6.09,2,4,4,236,17,Power
USR_00008,0,0,0,1,1,0,0,12,2.7,1,2,3,239,7,Active
USR_00009,1,0,0,1,1,0,1,18,4.93,2,4,4,124,11,Power
USR_00010,0,0,0,1,1,0,0,17,4.19,1,2,3,92,10,Active
USR_00011,1,1,1,0,1,0,0,11,2.98,2,4,3,266,9,Active
USR_00012,1,0,0,0,1,0,1,11,2.49,2,3,3,137,8,Active
USR_00013,0,0,1,0,0,0,0,17,9.22,1,1,4,214,12,Power
USR_00014,0,0,1,1,1,1,0,28,9.58,3,4,4,452,18,Champion
USR_00015,0,0,0,0,0,0,0,7,1.69,1,0,2,63,6,Basic
USR_00016,0,0,0,0,1,0,0,2,0.65,1,1,2,474,1,Dormant
USR_00017,1,1,0,1,0,1,0,22,6.18,3,4,4,243,18,Champion
USR_00018,0,1,0,1,0,0,0,12,5.01,1,2,3,40,9,Active
USR_00019,1,0,0,0,0,0,1,9,3.37,1,2,3,34,6,Active
USR_00020,1,1,0,0,0,0,0,16,8.39,1,2,4,113,10,Power
USR_00021,0,0,0,0,0,0,0,6,1.79,1,0,2,485,3,Basic
USR_00022,0,0,1,0,0,1,1,18,4.91,3,3,4,311,11,Power
USR_00023,0,0,1,0,0,1,0,14,5.09,2,2,3,172,10,Active
USR_00024,0,1,1,0,1,1,1,24,7.4,3,5,4,342,16,Champion
USR_00025,0,0,0,0,0,0,1,10,2.47,1,1,3,265,10,Active
USR_00026,0,1,0,0,1,1,0,21,6.28,3,3,4,189,14,Power
USR_00027,0,0,0,0,0,0,0,3,3.69,1,0,2,205,0,Dormant
USR_00028,1,0,1,0,0,0,0,24,10.68,1,2,4,272,14,Power
USR_00029,1,0,1,0,0,0,0,12,10.35,1,2,3,18,9,Active
USR_00030,1,0,1,0,1,1,0,25,6.49,3,4,4,286,18,Champion
USR_00031,0,0,1,0,0,0,0,7,1.72,1,1,2,475,3,Basic
USR_00032,0,0,0,0,0,1,1,16,6.38,2,2,3,217,11,Power
USR_00033,0,1,0,0,0,0,1,15,4.12,1,2,3,118,8,Active
USR_00034,0,1,0,0,1,1,0,17,6.98,3,3,3,107,9,Power
USR_00035,0,0,1,0,1,0,1,17,7.23,2,3,3,373,11,Power
USR_00036,1,1,0,0,1,0,0,16,5.88,2,3,4,375,12,Power
USR_00037,1,1,0,0,0,0,0,14,4.61,1,2,3,453,10,Active
USR_00038,0,0,0,0,0,0,0,11,2.41,1,0,3,451,5,Basic
USR_00039,1,0,0,1,0,0,1,15,4.9,2,3,3,479,11,Active
USR_00040,0,1,0,0,1,0,0,15,5.16,1,2,3,337,11,Active
USR_00041,1,0,0,1,1,1,1,15,6.25,3,5,4,160,11,Power
USR_00042,1,1,1,0,0,0,1,8,2.23,2,4,3,113,9,Active
USR_00043,1,0,0,0,0,0,0,10,6.18,1,1,3,39,8,Active
USR_00044,1,0,0,0,0,0,0,8,1.88,1,1,2,432,6,Basic
USR_00045,0,0,1,0,0,0,0,6,3.29,1,1,2,350,5,Basic
USR_00046,1,1,1,1,0,0,0,11,3.62,2,4,3,101,10,Active
USR_00047,1,1,0,0,0,0,1,18,4.86,2,3,4,234,15,Power
USR_00048,0,1,1,1,1,0,0,25,5.65,2,4,4,81,17,Power
USR_00049,1,0,1,1,1,0,0,16,5.72,2,4,3,458,9,Power
USR_00050,1,0,0,0,0,0,1,23,7.68,1,2,4,349,14,Power
USR_00051,0,1,0,0,1,0,1,12,5.15,2,3,3,210,10,Active
USR_00052,1,1,0,0,1,1,0,9,2.7,3,4,3,131,10,Active
USR_00053,1,0,0,0,0,0,0,13,6.78,1,1,3,195,9,Active
USR_00054,0,0,1,0,0,0,0,26,8.73,1,1,4,322,21,Power
USR_00055,1,0,0,0,0,0,0,8,2.59,1,1,3,203,9,Active
USR_00056,1,0,0,0,1,0,0,8,4.92,1,2,3,88,8,Active
USR_00057,1,1,0,0,0,0,1,17,4.41,2,3,3,115,10,Power
USR_00058,0,0,0,0,0,1,0,15,4.0,2,1,3,481,12,Active
USR_00059,1,0,0,0,0,0,1,11,3.95,1,2,3,334,4,Active
USR_00060,1,0,1,1,0,1,0,19,5.05,3,4,4,223,11,Power
USR_00061,1,0,0,0,0,0,0,13,4.01,1,1,3,416,12,Active
USR_00062,0,0,0,0,0,0,0,2,1.12,1,0,2,90,2,Dormant
USR_00063,0,1,0,0,1,0,1,7,1.77,2,3,2,270,5,Active
USR_00064,0,0,1,0,0,0,1,13,6.03,1,2,3,345,8,Active
USR_00065,1,0,1,0,0,0,0,5,4.76,1,2,2,122,5,Basic
USR_00066,1,0,1,0,0,0,0,16,4.88,1,2,4,356,11,Active
USR_00067,0,0,0,0,0,1,0,21,9.25,2,1,4,49,13,Power
USR_00068,0,0,1,0,1,1,0,19,10.6,3,3,4,260,15,Champion
USR_00069,0,0,1,0,1,0,1,11,3.7,2,3,3,264,9,Active
USR_00070,1,1,0,0,0,1,1,21,10.26,3,4,4,437,13,Champion
USR_00071,1,0,0,1,1,1,1,17,4.79,3,5,3,26,11,Power
USR_00072,0,0,0,0,0,0,1,2,1.23,1,1,2,165,3,Basic
USR_00073,1,0,0,0,0,1,0,5,1.58,2,2,2,160,4,Basic
USR_00074,1,1,1,0,0,0,0,16,6.58,2,3,4,152,12,Power
USR_00075,1,0,0,1,0,1,0,13,3.66,3,3,3,465,8,Active
USR_00076,1,0,0,1,0,0,0,3,3.31,1,2,2,28,1,Basic
USR_00077,1,1,1,0,0,0,0,19,5.36,2,3,3,128,12,Power
USR_00078,1,0,1,0,1,0,0,10,7.11,2,3,3,223,7,Active
USR_00079,1,0,0,1,0,0,0,12,6.39,1,2,3,417,8,Active
USR_00080,1,1,1,0,0,1,0,26,11.29,3,4,4,259,17,Champion
USR_00081,0,0,0,0,0,0,0,5,1.23,1,0,2,41,4,Basic
USR_00082,1,0,0,1,0,1,0,2,8.39,3,3,2,219,4,Active
USR_00083,0,0,1,1,0,0,0,12,5.29,1,2,3,59,7,Active
USR_00084,0,1,1,0,0,0,0,5,2.15,1,2,2,259,3,Basic
USR_00085,1,1,1,0,0,0,1,24,6.6,2,4,4,276,15,Champion
USR_00086,0,0,1,0,0,1,1,14,5.38,3,3,3,414,13,Power
USR_00087,0,0,0,0,1,0,0,4,3.88,1,1,2,85,2,Basic
USR_00088,1,0,1,0,0,0,0,15,4.3,1,2,3,381,9,Active
USR_00089,0,0,0,1,0,1,0,15,3.73,2,2,3,138,11,Active
USR_00090,1,1,0,1,0,0,1,21,8.49,2,4,4,215,19,Champion
USR_00091,0,1,0,0,0,0,0,4,1.24,1,1,2,23,3,Basic
USR_00092,0,1,1,1,0,0,1,24,6.86,2,4,4,442,16,Champion
USR_00093,1,1,1,0,0,1,0,12,6.7,3,4,3,336,10,Power
USR_00094,1,1,1,1,0,0,0,13,4.31,2,4,3,447,8,Active
USR_00095,1,0,0,1,0,0,0,10,8.19,1,2,3,449,7,Active
USR_00096,0,1,0,0,0,1,0,6,4.97,2,2,3,8,7,Active
USR_00097,1,0,0,0,1,1,0,15,5.65,3,3,3,188,11,Power
USR_00098,0,0,0,0,0,0,0,10,3.12,1,0,3,12,7,Active
USR_00099,0,1,1,0,0,0,0,16,13.03,1,2,3,474,10,Power
USR_00100,1,1,1,0,0,1,0,24,16.21,3,4,4,293,17,Champion
USR_00101,1,0,0,0,0,0,0,5,4.25,1,1,2,390,5,Basic
USR_00102,1,0,0,0,0,0,0,13,8.87,1,1,3,175,10,Active
USR_00103,1,1,1,0,1,1,1,28,7.78,3,6,4,379,18,Champion
USR_00104,1,0,0,1,0,1,1,17,7.02,3,4,3,163,15,Power
USR_00105,0,0,0,1,0,0,0,17,8.18,1,1,4,105,11,Power
USR_00106,0,1,1,0,0,0,1,11,3.28,2,3,3,15,7,Active
USR_00107,1,0,0,0,0,0,0,10,2.38,1,1,3,493,5,Active
USR_00108,0,0,0,0,0,1,1,13,4.22,2,2,3,327,8,Active
USR_00109,1,0,0,1,1,0,1,25,8.1,2,4,4,29,20,Champion
USR_00110,0,1,0,0,0,0,0,15,9.4,1,1,3,275,11,Active
USR_00111,0,0,1,0,0,0,0,7,2.87,1,1,2,378,3,Basic
USR_00112,1,0,1,0,0,1,0,27,7.94,3,3,4,458,14,Champion
USR_00113,1,0,0,0,0,0,1,12,3.47,1,2,3,340,9,Active
USR_00114,0,0,1,1,0,0,0,11,6.08,1,2,3,462,7,Active
USR_00115,0,0,0,0,0,0,0,11,2.99,1,0,3,312,10,Active
USR_00116,0,1,0,0,1,1,0,10,4.64,3,3,3,368,5,Active
USR_00117,1,0,0,1,1,0,0,13,7.39,2,3,3,37,10,Power
USR_00118,1,0,1,0,1,1,1,20,6.0,3,5,4,32,16,Champion
USR_00119,0,0,0,0,1,0,0,13,3.56,1,1,3,491,8,Active
USR_00120,1,1,0,1,1,0,0,10,3.25,2,4,3,257,6,Active
USR_00121,1,1,1,0,0,1,0,12,3.96,3,4,3,113,9,Power
USR_00122,0,0,0,0,0,0,0,4,1.34,1,0,2,168,2,Basic
USR_00123,0,1,0,0,0,0,0,9,2.79,1,1,3,203,9,Active
USR_00124,0,1,0,0,0,0,0,7,2.61,1,1,3,468,11,Active
USR_00125,0,0,0,1,0,0,0,24,5.61,1,1,4,241,16,Power
USR_00126,1,0,0,0,0,0,1,10,3.58,1,2,3,192,8,Active
USR_00127,1,0,0,1,0,1,0,17,4.45,3,3,4,150,11,Power
USR_00128,1,0,0,0,1,1,0,14,10.31,3,3,3,148,8,Power
USR_00129,1,1,0,0,1,0,0,9,6.78,2,3,3,164,5,Active
USR_00130,1,1,0,1,0,0,0,8,3.14,2,3,2,407,4,Active
USR_00131,1,1,0,0,0,0,0,21,5.25,1,2,4,478,18,Power
USR_00132,0,1,1,0,1,0,0,18,4.73,2,3,3,318,13,Power
USR_00133,1,0,0,0,1,1,0,6,2.31,3,3,2,54,7,Active
USR_00134,0,1,0,1,1,0,1,15,4.65,2,4,4,414,10,Power
USR_00135,0,1,0,0,0,0,0,8,2.98,1,1,2,249,4,Basic
USR_00136,1,0,0,0,1,0,0,9,2.68,1,2,2,174,5,Basic
USR_00137,1,0,0,0,0,0,0,16,4.78,1,1,4,408,12,Active
USR_00138,1,0,0,0,1,0,0,17,8.17,1,2,4,190,12,Power
USR_00139,0,0,0,0,0,0,0,18,5.75,1,0,4,493,12,Active
USR_00140,0,0,0,0,0,1,0,7,3.36,2,1,3,119,5,Active
USR_00141,1,0,0,0,1,0,1,21,6.76,2,3,4,365,14,Power
USR_00142,1,0,0,0,1,1,0,28,7.41,3,3,4,128,17,Champion
USR_00143,0,0,1,0,0,1,1,9,7.84,3,3,3,418,8,Active
USR_00144,1,0,0,0,0,1,0,15,7.54,2,2,3,449,12,Power
USR_00145,1,0,1,0,0,0,0,16,8.34,1,2,4,237,15,Power
USR_00146,1,0,0,1,0,0,1,10,6.9,2,3,3,326,5,Active
USR_00147,0,0,0,0,0,1,1,15,3.43,2,2,3,409,9,Active
USR_00148,1,0,0,0,0,0,1,10,5.07,1,2,3,146,9,Active
USR_00149,0,0,0,0,0,0,0,6,2.27,1,0,2,349,3,Basic
USR_00150,1,0,1,0,0,0,0,9,5.07,1,2,3,394,8,Active
USR_00151,0,1,0,0,0,0,0,17,6.91,1,1,4,302,13,Power
USR_00152,1,0,1,0,0,0,1,8,3.15,2,3,3,183,6,Active
USR_00153,0,0,0,0,1,0,0,10,7.06,1,1,3,124,6,Active
USR_00154,0,0,0,0,0,0,0,16,4.97,1,0,3,27,9,Active
USR_00155,1,0,1,0,0,0,0,8,1.95,1,2,2,387,5,Basic
USR_00156,0,1,1,0,1,0,1,17,4.58,2,4,4,130,12,Power
USR_00157,1,0,0,1,0,1,0,15,7.28,3,3,3,393,12,Power
USR_00158,0,1,1,1,1,0,0,12,4.48,2,4,3,466,8,Active
USR_00159,1,0,0,0,1,0,1,10,3.38,2,3,2,174,3,Active
USR_00160,1,0,1,1,1,0,0,13,4.01,2,4,3,47,13,Power
USR_00161,0,0,0,0,1,1,0,14,7.85,2,2,3,359,9,Active
USR_00162,0,1,0,1,0,1,0,21,7.96,3,3,4,353,15,Power
USR_00163,1,0,0,0,0,0,0,21,7.93,1,1,4,375,14,Power
USR_00164,1,0,1,0,1,0,0,15,3.48,2,3,3,402,8,Active
USR_00165,1,1,1,0,0,0,1,28,8.32,2,4,4,148,18,Champion
USR_00166,0,0,0,0,0,0,0,10,3.88,1,0,3,415,9,Active
USR_00167,1,1,0,0,1,0,1,16,4.02,2,4,3,294,8,Active
USR_00168,1,1,1,1,0,0,1,27,8.52,2,5,4,26,16,Champion
USR_00169,1,1,0,0,0,0,1,6,7.46,2,3,3,308,7,Active
USR_00170,1,1,0,0,1,1,1,12,3.1,3,5,3,213,8,Power
USR_00171,0,0,1,1,0,0,0,20,4.77,1,2,4,412,12,Power
USR_00172,1,0,0,0,0,1,0,10,8.14,2,2,3,196,6,Active
USR_00173,1,1,0,0,0,0,0,21,6.74,1,2,4,11,11,Power
USR_00174,0,0,0,0,1,1,0,6,3.51,2,2,2,302,7,Active
USR_00175,0,0,0,0,0,0,1,6,4.86,1,1,2,300,6,Basic
USR_00176,0,0,0,0,0,0,0,3,2.39,1,0,2,201,5,Basic
USR_00177,1,0,1,0,1,1,0,19,5.27,3,4,4,49,14,Power
USR_00178,1,0,0,0,0,0,1,8,4.66,1,2,3,256,6,Active
USR_00179,1,0,1,0,1,0,0,12,4.28,2,3,3,379,6,Active
USR_00180,1,1,0,1,0,0,0,19,6.49,2,3,4,254,15,Power
USR_00181,1,1,0,0,1,0,0,15,5.06,2,3,3,302,9,Active
USR_00182,0,1,0,1,0,0,0,15,6.73,1,2,3,474,9,Active
USR_00183,1,1,1,0,0,0,0,17,4.97,2,3,4,464,13,Power
USR_00184,0,1,0,0,0,0,1,5,1.59,1,2,2,442,2,Basic
USR_00185,1,0,1,0,0,0,1,18,5.24,2,3,4,432,12,Power
USR_00186,1,1,0,0,0,1,0,21,5.2,3,3,4,404,13,Power
USR_00187,0,1,1,0,0,0,1,25,7.31,2,3,4,55,19,Champion
USR_00188,1,1,0,0,0,1,0,15,3.52,3,3,3,145,13,Power
USR_00189,1,1,0,0,0,1,1,15,4.37,3,4,3,340,9,Power
USR_00190,1,0,0,1,0,0,0,10,2.8,1,2,3,179,6,Active
USR_00191,1,0,1,0,0,1,1,22,4.6,3,4,4,425,12,Power
USR_00192,1,0,0,1,1,1,0,16,4.8,3,4,4,325,13,Power
USR_00193,0,1,1,0,0,1,0,15,4.14,3,3,3,47,11,Power
USR_00194,0,1,0,0,0,1,0,5,1.27,2,2,2,329,5,Basic
USR_00195,1,0,1,1,1,0,1,27,10.79,2,5,4,458,19,Champion
USR_00196,1,1,1,0,0,0,1,25,7.72,2,4,4,19,17,Champion
USR_00197,0,0,0,1,1,1,1,12,4.33,3,4,3,437,8,Power
USR_00198,1,0,0,0,1,0,0,15,4.06,1,2,3,63,9,Active
USR_00199,1,0,1,0,1,1,1,23,9.78,3,5,4,65,17,Champion
USR_00200,0,1,1,0,0,0,0,8,2.5,1,2,2,250,6,Basic
USR_00201,0,1,1,0,0,0,0,11,1.98,1,2,3,231,4,Active
USR_00202,1,0,1,0,1,0,1,26,8.6,2,4,4,367,16,Champion
USR_00203,1,0,0,0,0,0,0,4,1.83,1,1,2,152,3,Basic
USR_00204,1,0,0,0,1,0,0,20,14.78,1,2,4,492,15,Power
USR_00205,1,0,1,1,0,0,0,5,1.63,2,3,2,154,4,Basic
USR_00206,1,1,1,0,0,0,0,2,3.13,2,3,2,172,2,Basic
USR_00207,1,0,0,1,0,1,0,6,2.67,3,3,2,245,3,Active
USR_00208,1,1,1,0,1,1,1,13,3.49,3,6,3,184,9,Power
USR_00209,0,0,1,0,1,1,0,19,5.32,3,3,4,460,14,Power
USR_00210,1,1,0,0,1,0,1,22,5.01,2,4,4,242,16,Power
USR_00211,1,0,0,0,0,0,0,11,8.02,1,1,3,138,8,Active
USR_00212,0,0,0,0,0,0,0,3,1.73,1,0,2,49,2,Dormant
USR_00213,0,1,0,0,0,0,0,7,3.18,1,1,3,482,4,Basic
USR_00214,0,0,0,0,0,0,0,11,6.11,1,0,3,36,6,Active
USR_00215,1,1,0,0,0,0,0,16,4.47,1,2,4,112,11,Active
USR_00216,1,0,0,0,0,1,0,6,2.86,2,2,2,132,3,Basic
USR_00217,0,1,0,0,0,0,0,8,1.85,1,1,3,352,4,Basic
USR_00218,1,0,1,0,0,0,1,21,11.17,2,3,4,94,14,Power
USR_00219,1,0,0,0,0,0,1,3,14.31,1,2,2,433,6,Active
USR_00220,1,0,1,0,1,1,1,20,5.03,3,5,4,301,13,Power
USR_00221,1,0,1,0,1,0,0,6,1.78,2,3,2,440,7,Active
USR_00222,1,0,0,0,0,1,1,13,5.3,3,3,3,337,8,Active
USR_00223,0,0,0,0,0,0,0,14,7.19,1,0,3,159,12,Active
USR_00224,0,0,0,0,0,0,0,4,12.89,1,0,2,81,3,Basic
USR_00225,1,1,0,1,1,1,1,26,10.48,3,6,4,12,19,Champion
USR_00226,1,0,1,0,0,0,0,20,6.17,1,2,4,358,12,Power
USR_00227,1,0,0,0,0,1,0,20,6.56,2,2,4,213,13,Power
USR_00228,1,1,1,1,0,0,0,21,10.22,2,4,4,310,18,Champion
USR_00229,0,1,0,0,0,0,0,10,6.54,1,1,3,284,8,Active
USR_00230,1,1,1,0,0,0,1,19,7.6,2,4,4,331,13,Power
USR_00231,0,0,0,0,0,0,0,14,6.28,1,0,3,495,12,Active
USR_00232,1,1,0,0,0,1,1,16,3.96,3,4,3,384,12,Power
USR_00233,1,0,0,0,0,0,1,6,1.36,1,2,2,81,1,Basic
USR_00234,1,0,1,0,0,0,1,6,1.44,2,3,2,276,7,Active
USR_00235,0,1,1,0,1,0,1,13,6.05,2,4,3,355,10,Power
USR_00236,0,0,0,0,0,0,0,16,6.12,1,0,3,48,10,Active
USR_00237,0,0,0,0,0,0,0,9,5.89,1,0,3,48,9,Active
USR_00238,1,0,0,0,0,1,1,14,4.22,3,3,3,7,10,Power
USR_00239,0,0,0,0,0,0,0,16,5.24,1,0,3,498,12,Active
USR_00240,1,1,0,1,0,1,0,21,6.8,3,4,4,268,16,Champion
USR_00241,1,0,1,0,0,1,0,18,6.85,3,3,4,207,13,Power
USR_00242,0,0,0,0,0,0,0,11,11.52,1,0,3,150,7,Active
USR_00243,1,1,1,0,1,0,0,21,6.25,2,4,4,143,12,Power
USR_00244,0,0,0,0,0,0,0,9,5.66,1,0,3,367,7,Active
USR_00245,0,0,0,0,0,0,0,11,7.53,1,0,3,143,6,Active
USR_00246,0,1,1,0,0,0,0,8,5.05,1,2,3,159,8,Active
USR_00247,1,0,0,1,0,0,0,12,3.36,1,2,3,229,8,Active
USR_00248,1,0,0,1,0,0,0,6,2.43,1,2,2,464,4,Basic
USR_00249,0,0,1,0,0,0,1,15,9.49,1,2,3,430,8,Active
USR_00250,0,1,1,0,0,1,0,17,4.77,3,3,4,33,10,Power
USR_00251,0,0,1,0,0,0,0,12,5.31,1,1,3,324,8,Active
USR_00252,0,1,0,0,0,1,1,13,9.33,3,3,3,439,12,Power
USR_00253,0,1,0,0,1,1,0,6,3.93,3,3,2,428,2,Active
USR_00254,1,1,0,1,1,0,1,16,4.68,2,5,3,93,9,Power
USR_00255,1,0,0,0,0,1,0,22,7.34,2,2,4,306,15,Power
USR_00256,1,0,1,0,1,1,1,15,4.66,3,5,3,396,12,Power
USR_00257,1,0,0,0,0,0,0,15,6.5,1,1,4,269,12,Active
USR_00258,0,0,0,1,0,0,0,6,2.03,1,1,3,202,4,Basic
USR_00259,0,0,0,0,0,0,0,10,7.56,1,0,3,464,7,Active
USR_00260,1,0,0,0,0,0,1,15,11.06,1,2,3,155,11,Power
USR_00261,1,0,0,0,1,0,0,8,4.46,1,2,2,213,3,Basic
USR_00262,0,0,0,0,1,0,1,11,3.05,1,2,3,380,7,Active
USR_00263,1,0,1,0,0,0,0,9,4.08,1,2,3,266,7,Active
USR_00264,0,0,1,0,1,1,1,17,4.68,3,4,3,400,10,Power
USR_00265,1,0,1,0,0,1,1,18,5.03,3,4,4,220,12,Power
USR_00266,0,0,0,1,0,1,1,17,5.47,3,3,3,165,14,Power
USR_00267,1,1,0,0,0,0,0,14,4.08,1,2,3,254,8,Active
USR_00268,0,1,0,0,0,0,0,17,5.86,1,1,3,459,12,Active
USR_00269,0,1,0,0,1,0,0,20,6.92,1,2,4,233,13,Power
USR_00270,0,0,0,0,0,1,1,23,6.39,2,2,4,464,17,Power
USR_00271,0,1,0,0,0,0,0,19,10.67,1,1,4,141,14,Power
USR_00272,1,0,0,0,0,1,0,8,2.93,2,2,3,249,6,Active
USR_00273,1,1,1,1,0,0,1,25,6.89,2,5,4,430,18,Champion
USR_00274,0,0,0,0,0,1,0,8,5.6,2,1,2,92,5,Active
USR_00275,1,0,1,1,0,0,0,12,4.03,2,3,3,213,8,Active
USR_00276,0,0,0,0,1,0,0,6,2.38,1,1,2,231,2,Basic
USR_00277,0,0,0,0,0,1,0,5,2.69,2,1,2,299,7,Basic
USR_00278,1,0,1,1,1,1,0,21,6.25,3,5,4,195,14,Champion
USR_00279,0,0,1,0,0,0,0,13,3.64,1,1,3,150,10,Active
USR_00280,1,0,0,0,0,0,0,6,2.57,1,1,2,245,6,Basic
USR_00281,1,0,0,0,0,1,0,14,4.09,2,2,3,290,11,Active
USR_00282,1,0,0,0,0,1,0,21,5.27,2,2,4,407,14,Power
USR_00283,0,0,0,0,0,1,0,9,1.75,2,1,2,177,4,Basic
USR_00284,0,0,1,0,0,1,0,6,1.9,2,2,2,128,3,Basic
USR_00285,0,0,0,0,0,0,1,10,4.49,1,1,3,361,7,Active
USR_00286,1,0,1,1,0,1,0,18,6.35,3,4,3,336,9,Power
USR_00287,1,1,1,0,0,0,0,17,4.13,2,3,4,217,11,Power
USR_00288,1,1,0,0,1,1,1,22,7.29,3,5,4,157,13,Champion
USR_00289,1,0,0,0,0,0,0,25,11.26,1,1,4,235,19,Power
USR_00290,0,0,0,0,0,0,0,4,7.51,1,0,2,474,6,Basic
USR_00291,1,0,0,0,1,0,1,13,4.08,2,3,3,230,8,Active
USR_00292,0,1,0,1,0,1,0,17,4.71,3,3,4,302,11,Power
USR_00293,0,1,0,0,0,0,0,20,4.5,1,1,4,111,14,Power
USR_00294,1,0,0,1,0,0,0,9,6.14,1,2,2,196,4,Basic
USR_00295,1,1,1,0,0,0,0,22,6.03,2,3,4,306,17,Power
USR_00296,1,1,0,0,0,0,1,24,10.29,2,3,4,317,14,Champion
USR_00297,1,1,0,0,0,0,1,13,3.84,2,3,3,139,12,Active
USR_00298,1,0,0,1,1,0,1,22,5.62,2,4,4,27,13,Power
USR_00299,1,0,0,0,0,0,0,7,3.4,1,1,2,104,5,Basic
USR_00300,1,0,0,1,1,0,0,12,3.22,2,3,3,182,9,Active
USR_00301,1,1,0,0,0,0,0,11,2.8,1,2,2,299,3,Basic
USR_00302,0,1,0,0,0,0,0,8,3.26,1,1,3,402,12,Active
USR_00303,0,0,0,0,0,0,0,4,3.18,1,0,2,116,6,Basic
USR_00304,1,0,1,0,0,0,0,10,4.26,1,2,3,14,8,Active
USR_00305,0,0,0,0,0,1,0,3,1.85,2,1,2,118,4,Basic
USR_00306,1,0,1,1,0,0,0,11,3.33,2,3,3,222,9,Active
USR_00307,1,1,1,0,1,1,0,14,7.03,3,5,3,14,11,Power
USR_00308,1,0,1,0,0,0,1,20,14.53,2,3,4,156,14,Champion
USR_00309,0,1,1,0,0,0,0,24,6.91,1,2,4,439,16,Power
USR_00310,1,0,1,0,0,0,0,12,3.09,1,2,3,351,9,Active
USR_00311,1,0,0,0,1,0,0,25,6.82,1,2,4,201,17,Power
USR_00312,0,1,1,1,0,0,0,6,3.27,2,3,2,59,4,Active
USR_00313,0,0,0,0,0,0,0,12,3.24,1,0,3,221,8,Active
USR_00314,1,0,1,0,0,0,0,17,4.27,1,2,3,343,11,Active
USR_00315,0,0,0,0,0,0,0,7,3.34,1,0,2,309,5,Basic
USR_00316,0,1,0,0,1,0,1,6,2.96,2,3,2,91,6,Active
USR_00317,0,0,0,1,0,0,0,8,6.13,1,1,3,40,5,Active
USR_00318,0,0,0,0,1,0,0,12,3.63,1,1,3,376,8,Active
USR_00319,0,0,0,0,0,1,0,8,10.84,2,1,3,279,8,Active
USR_00320,1,1,0,0,0,0,0,8,6.64,1,2,3,114,7,Active
USR_00321,1,1,1,1,0,0,1,26,8.71,2,5,4,446,15,Champion
USR_00322,1,1,0,0,0,1,0,7,3.87,3,3,3,240,6,Active
USR_00323,1,1,0,0,1,1,0,3,2.11,3,4,2,228,4,Active
USR_00324,1,0,1,0,1,0,0,14,4.41,2,3,3,495,12,Power
USR_00325,0,0,1,0,1,0,0,15,8.59,1,2,3,440,12,Active
USR_00326,1,0,0,0,0,1,0,14,9.04,2,2,3,492,9,Power
USR_00327,0,0,0,0,1,0,1,9,1.73,1,2,3,178,8,Active
USR_00328,0,0,0,0,0,0,0,7,1.2,1,0,2,70,3,Basic
USR_00329,0,0,0,1,0,0,0,22,8.51,1,1,4,417,13,Power
USR_00330,1,0,1,0,1,0,0,12,2.55,2,3,3,465,11,Active
USR_00331,1,0,0,0,0,0,1,14,6.0,1,2,3,439,14,Active
USR_00332,1,0,1,0,1,0,1,24,6.85,2,4,4,348,16,Champion
USR_00333,0,0,0,0,0,0,0,16,5.58,1,0,3,202,10,Active
USR_00334,1,0,0,1,0,0,0,19,6.37,1,2,4,56,14,Power
USR_00335,0,0,0,0,1,0,0,13,3.86,1,1,3,323,9,Active
USR_00336,1,1,0,1,0,0,0,19,4.64,2,3,3,322,10,Power
USR_00337,1,0,0,0,0,1,1,9,3.35,3,3,3,392,10,Active
USR_00338,1,0,0,0,0,0,0,3,0.54,1,1,2,360,3,Basic
USR_00339,0,0,0,0,1,0,0,16,3.27,1,1,3,259,9,Active
USR_00340,0,1,0,0,1,0,0,22,9.82,1,2,4,104,18,Power
USR_00341,0,0,0,0,0,0,0,5,2.98,1,0,2,442,4,Basic
USR_00342,1,0,1,0,0,1,0,19,5.42,3,3,4,371,11,Power
USR_00343,1,0,0,1,0,0,0,6,1.26,1,2,2,159,3,Basic
USR_00344,1,1,1,1,0,1,0,17,5.6,3,5,3,466,12,Power
USR_00345,1,0,0,0,0,1,0,18,5.76,2,2,4,327,13,Power
USR_00346,0,0,0,0,0,0,0,5,2.39,1,0,2,445,3,Basic
USR_00347,1,0,0,0,1,0,0,6,5.51,1,2,2,349,3,Basic
USR_00348,1,0,0,0,1,0,0,13,4.52,1,2,3,476,9,Active
USR_00349,1,1,1,1,0,0,0,20,6.54,2,4,4,107,15,Power
USR_00350,1,0,1,0,0,0,0,26,6.11,1,2,4,8,17,Power
USR_00351,1,0,0,0,1,1,0,14,4.92,3,3,3,494,9,Power
USR_00352,0,0,0,0,0,0,0,10,3.02,1,0,3,162,6,Basic
USR_00353,1,1,0,1,1,0,0,23,8.33,2,4,4,34,16,Champion
USR_00354,1,0,0,0,0,0,0,11,9.51,1,1,3,382,8,Active
USR_00355,0,0,0,0,1,1,1,23,5.87,3,3,4,157,16,Champion
USR_00356,1,0,0,1,1,1,1,22,7.52,3,5,4,63,16,Champion
USR_00357,0,1,0,0,0,0,1,10,2.76,1,2,3,42,6,Active
USR_00358,0,0,0,0,0,1,0,10,4.37,2,1,3,161,6,Active
USR_00359,1,0,0,0,1,1,1,10,2.38,3,4,3,32,5,Active
USR_00360,1,1,0,1,0,0,0,14,3.47,2,3,3,202,9,Active
USR_00361,0,1,0,1,1,1,0,12,2.97,3,4,3,102,7,Active
USR_00362,0,0,0,0,1,0,0,17,5.56,1,1,4,412,10,Active
USR_00363,0,1,0,0,1,0,0,12,2.5,1,2,3,262,9,Active
USR_00364,1,0,0,0,0,1,1,16,4.99,3,3,3,281,12,Power
USR_00365,1,0,0,0,0,0,1,11,3.68,1,2,3,111,7,Active
USR_00366,0,0,0,0,0,0,0,12,4.4,1,0,3,403,9,Active
USR_00367,0,0,1,0,0,1,0,16,6.21,2,2,4,265,12,Power
USR_00368,1,0,0,1,1,0,0,11,6.48,2,3,3,70,6,Active
USR_00369,1,1,1,0,0,0,0,19,6.24,2,3,4,469,12,Power
USR_00370,1,1,1,0,1,0,0,21,5.55,2,4,4,396,14,Power
USR_00371,1,1,1,0,1,0,0,27,7.41,2,4,4,405,18,Champion
USR_00372,1,0,1,1,0,1,1,24,6.31,3,5,4,53,15,Champion
USR_00373,0,0,0,1,0,1,0,7,2.33,2,2,3,135,4,Active
USR_00374,0,0,1,1,1,0,1,20,12.79,2,4,4,23,14,Champion
USR_00375,1,0,1,1,1,0,1,22,5.71,2,5,4,323,13,Power
USR_00376,0,1,1,0,0,0,0,7,6.41,1,2,2,404,4,Basic
USR_00377,0,1,0,1,1,1,0,22,5.54,3,4,4,28,17,Champion
USR_00378,0,1,1,0,0,0,0,8,3.13,1,2,3,93,5,Active
USR_00379,0,1,0,0,1,0,0,11,4.82,1,2,3,52,9,Active
USR_00380,1,0,0,0,0,0,0,11,3.65,1,1,3,211,5,Active
USR_00381,0,0,0,0,0,0,0,12,3.62,1,0,3,279,8,Active
USR_00382,0,1,0,0,0,1,0,8,4.0,2,2,2,73,3,Basic
USR_00383,1,0,0,0,1,0,0,10,2.53,1,2,3,348,8,Active
USR_00384,0,0,1,1,1,1,1,16,4.32,3,5,4,378,14,Power
USR_00385,1,1,1,0,0,1,0,20,11.85,3,4,4,207,11,Champion
USR_00386,1,1,1,0,1,0,0,24,5.59,2,4,4,33,14,Power
USR_00387,0,0,0,0,0,0,0,8,3.49,1,0,3,51,5,Basic
USR_00388,0,1,0,0,1,0,0,21,5.81,1,2,4,301,16,Power
USR_00389,1,0,0,0,0,1,0,11,3.64,2,2,3,60,9,Active
USR_00390,1,1,1,0,0,1,0,11,4.12,3,4,3,182,7,Active
USR_00391,1,0,1,0,0,0,0,21,6.02,1,2,4,427,13,Power
USR_00392,1,1,0,0,0,0,0,14,3.08,1,2,3,80,9,Active
USR_00393,1,0,0,0,0,0,0,11,2.33,1,1,3,213,8,Active
USR_00394,0,0,0,0,0,0,0,5,1.23,1,0,2,314,3,Basic
USR_00395,0,1,0,1,1,1,1,22,5.45,3,5,4,58,13,Power
USR_00396,1,0,0,1,1,0,0,25,6.67,2,3,4,138,19,Champion
USR_00397,1,0,1,0,1,1,0,7,2.13,3,4,2,81,6,Active
USR_00398,1,1,1,0,0,0,0,22,8.57,2,3,4,392,12,Power
USR_00399,1,0,1,1,0,1,0,20,8.25,3,4,4,394,11,Power
USR_00400,1,1,1,1,0,0,0,16,5.87,2,4,3,90,12,Power
USR_00401,1,0,0,0,1,1,0,20,5.82,3,3,4,259,16,Power
USR_00402,0,0,0,0,0,0,0,7,3.71,1,0,3,173,6,Basic
USR_00403,1,0,0,0,0,1,0,7,2.39,2,2,2,175,3,Basic
USR_00404,1,0,0,0,1,0,0,13,7.63,1,2,3,20,9,Active
USR_00405,0,0,1,0,0,1,0,17,4.27,2,2,3,496,9,Active
USR_00406,0,0,1,0,1,0,1,10,2.75,2,3,3,375,10,Active
USR_00407,1,1,0,0,1,0,0,14,6.13,2,3,3,389,10,Active
USR_00408,1,1,0,0,1,0,0,14,9.93,2,3,3,218,13,Power
USR_00409,0,0,1,0,0,1,1,15,13.24,3,3,3,464,13,Power
USR_00410,1,0,0,0,0,0,0,1,1.44,1,1,2,380,5,Basic
USR_00411,0,0,0,0,0,0,0,8,3.25,1,0,3,7,8,Basic
USR_00412,1,0,0,0,1,0,0,9,4.72,1,2,3,462,8,Active
USR_00413,0,0,0,0,0,0,0,12,2.6,1,0,3,262,7,Active
USR_00414,0,0,0,0,0,0,0,8,2.16,1,0,3,354,7,Basic
USR_00415,1,0,0,0,0,1,0,9,2.72,2,2,3,419,4,Active
USR_00416,0,1,0,1,0,0,0,22,7.01,1,2,4,373,14,Power
USR_00417,0,0,1,0,0,0,0,11,2.17,1,1,3,490,7,Active
USR_00418,1,0,1,0,0,1,0,12,3.44,3,3,3,188,7,Active
USR_00419,0,0,1,0,0,0,1,15,3.94,1,2,3,464,10,Active
USR_00420,1,0,0,0,0,0,0,5,2.98,1,1,2,109,2,Basic
USR_00421,0,0,0,0,0,1,0,11,4.98,2,1,3,279,10,Active
USR_00422,0,0,0,1,1,0,0,8,3.48,1,2,3,164,6,Active
USR_00423,1,0,0,0,1,0,0,3,1.22,1,2,2,366,5,Basic
USR_00424,1,0,0,0,0,1,0,15,3.94,2,2,3,143,9,Active
USR_00425,1,0,0,0,0,1,0,11,5.86,2,2,3,20,7,Active
USR_00426,0,0,1,0,1,0,0,15,8.45,1,2,3,174,10,Active
USR_00427,1,1,0,0,0,0,0,15,5.71,1,2,3,150,12,Active
USR_00428,1,0,0,0,0,0,0,9,3.92,1,1,3,179,8,Active
USR_00429,1,0,0,0,1,1,1,6,3.95,3,4,2,321,4,Active
USR_00430,0,1,1,0,1,0,1,17,5.72,2,4,3,341,11,Power
USR_00431,1,0,1,0,0,1,0,16,5.7,3,3,3,140,10,Power
USR_00432,1,1,0,0,1,0,1,16,3.48,2,4,3,439,10,Power
USR_00433,0,0,0,0,1,1,0,5,2.6,2,2,2,101,5,Basic
USR_00434,1,0,0,0,0,0,0,5,8.6,1,1,2,201,4,Basic
USR_00435,1,1,1,0,0,0,0,8,2.91,2,3,3,134,6,Active
USR_00436,0,0,0,0,1,1,1,12,4.22,3,3,3,409,7,Active
USR_00437,0,1,0,0,1,0,0,17,10.95,1,2,3,406,12,Power
USR_00438,1,1,0,0,1,0,1,11,2.31,2,4,3,265,8,Active
USR_00439,0,0,0,0,0,1,1,13,3.44,2,2,3,22,6,Active
USR_00440,1,0,1,0,0,0,0,16,7.32,1,2,3,273,14,Power
USR_00441,1,1,0,0,0,0,0,12,4.17,1,2,3,103,9,Active
USR_00442,1,1,1,1,0,0,1,19,6.97,2,5,4,439,11,Power
USR_00443,0,0,0,0,1,1,1,13,4.86,3,3,3,409,11,Power
USR_00444,1,1,0,1,1,0,0,19,6.14,2,4,4,188,15,Power
USR_00445,0,0,0,0,0,0,0,12,5.81,1,0,3,342,5,Active
USR_00446,1,0,0,0,0,0,0,11,2.65,1,1,3,18,7,Active
USR_00447,1,0,0,0,1,0,0,13,5.38,1,2,3,478,7,Active
USR_00448,1,0,0,0,1,0,0,3,3.61,1,2,2,220,3,Basic
USR_00449,1,0,1,0,0,0,1,12,4.06,2,3,3,493,11,Active
USR_00450,0,0,0,0,0,0,0,5,6.05,1,0,2,169,5,Basic
USR_00451,1,0,0,1,0,0,0,5,0.73,1,2,2,56,10,Basic
USR_00452,1,0,1,0,1,0,0,6,3.1,2,3,2,70,10,Active
USR_00453,0,1,0,0,0,0,0,12,9.52,1,1,3,356,10,Active
USR_00454,1,0,0,0,0,1,1,18,5.48,3,3,4,190,11,Power
USR_00455,0,1,1,0,0,0,0,14,3.79,1,2,3,424,11,Active
USR_00456,1,0,0,0,0,1,0,14,3.68,2,2,3,286,7,Active
USR_00457,0,0,0,0,0,0,0,9,2.17,1,0,3,265,10,Active
USR_00458,0,0,0,0,0,0,0,22,8.27,1,0,4,54,15,Power
USR_00459,1,1,1,0,0,0,0,15,4.73,2,3,3,176,10,Active
USR_00460,0,0,0,1,0,0,0,8,11.75,1,1,3,364,6,Active
USR_00461,1,1,0,0,1,0,0,24,7.11,2,3,4,12,19,Champion
USR_00462,1,0,1,0,0,0,0,16,3.4,1,2,3,357,10,Active
USR_00463,1,1,0,0,0,0,1,9,2.26,2,3,3,200,5,Active
USR_00464,0,0,0,0,0,0,0,14,3.91,1,0,3,117,9,Active
USR_00465,1,0,0,0,0,0,0,25,7.45,1,1,4,416,17,Power
USR_00466,1,0,0,0,0,1,0,6,3.39,2,2,3,136,9,Active
USR_00467,1,0,0,0,0,0,0,8,2.25,1,1,2,362,4,Basic
USR_00468,1,0,0,0,0,1,0,6,2.28,2,2,2,117,3,Basic
USR_00469,1,0,0,0,0,0,0,21,5.54,1,1,4,39,14,Power
USR_00470,1,0,0,0,0,1,0,17,6.25,2,2,3,87,10,Power
USR_00471,0,0,0,0,0,1,0,9,2.91,2,1,3,49,11,Active
USR_00472,0,1,1,0,1,1,0,23,7.77,3,4,4,203,15,Champion
USR_00473,0,0,0,0,1,1,0,19,5.59,2,2,4,29,16,Power
USR_00474,1,0,0,0,0,0,0,20,5.77,1,1,4,29,14,Power
USR_00475,0,0,1,0,0,1,0,10,2.81,2,2,3,46,6,Active
USR_00476,0,0,1,1,0,0,0,13,4.23,1,2,3,306,10,Active
USR_00477,1,1,1,1,1,0,1,20,5.73,2,6,4,85,13,Power
USR_00478,0,0,1,0,0,0,0,16,9.36,1,1,3,51,9,Active
USR_00479,1,0,0,0,0,0,1,7,2.17,1,2,2,425,6,Basic
USR_00480,0,0,0,0,0,1,1,13,8.19,2,2,3,354,7,Active
USR_00481,1,0,0,1,1,0,1,18,5.68,2,4,4,247,14,Power
USR_00482,1,0,0,0,1,1,0,6,2.79,3,3,2,425,5,Active
USR_00483,0,0,0,0,0,0,1,16,3.81,1,1,3,316,9,Active
USR_00484,1,0,0,0,0,0,0,7,2.62,1,1,3,105,8,Basic
USR_00485,1,0,1,0,0,0,0,11,2.92,1,2,3,499,5,Active
USR_00486,0,1,0,0,0,0,0,11,4.78,1,1,3,19,9,Active
USR_00487,1,1,0,1,0,1,0,8,2.75,3,4,3,18,6,Active
USR_00488,1,1,0,0,1,1,0,29,6.9,3,4,4,494,17,Champion
USR_00489,0,1,0,0,0,0,0,10,8.02,1,1,3,253,8,Active
USR_00490,0,0,0,0,0,0,0,6,2.95,1,0,2,231,4,Basic
USR_00491,0,0,0,0,1,0,0,13,5.61,1,1,3,231,7,Active
USR_00492,0,0,1,0,0,0,0,6,1.42,1,1,2,171,4,Basic
USR_00493,1,1,0,0,0,1,0,16,7.56,3,3,4,349,11,Power
USR_00494,1,0,0,0,1,0,0,8,2.94,1,2,3,48,7,Active
USR_00495,0,1,0,0,0,0,0,4,1.93,1,1,2,282,1,Basic
USR_00496,1,1,0,0,1,1,0,13,9.25,3,4,3,240,13,Power
USR_00497,1,1,0,0,0,1,1,22,6.4,3,4,4,261,16,Champion
USR_00498,0,1,1,0,1,1,1,13,4.5,3,5,3,382,10,Power
USR_00499,1,1,0,0,1,1,0,18,4.57,3,4,4,471,16,Power
USR_00500,1,0,1,0,0,1,0,25,7.47,3,3,4,383,18,Champion
USR_00501,1,0,0,0,0,0,0,20,5.72,1,1,4,403,14,Power
USR_00502,0,0,0,1,0,0,0,17,6.76,1,1,4,155,12,Power
USR_00503,1,0,1,0,0,0,0,20,6.19,1,2,4,163,11,Power
USR_00504,1,0,0,1,0,0,0,13,2.72,1,2,3,209,8,Active
USR_00505,1,1,1,0,1,1,1,12,4.52,3,6,3,97,8,Power
USR_00506,0,0,0,0,0,0,1,13,3.78,1,1,3,436,6,Active
USR_00507,0,0,0,0,0,0,0,12,4.13,1,0,3,167,8,Active
USR_00508,0,0,0,0,0,0,0,9,6.62,1,0,3,320,6,Active
USR_00509,1,0,1,0,0,0,1,19,4.93,2,3,4,305,13,Power
USR_00510,1,1,0,1,0,0,0,17,6.07,2,3,4,353,14,Power
USR_00511,1,0,1,1,1,1,0,24,7.38,3,5,4,39,19,Champion
USR_00512,0,0,1,0,0,1,0,21,10.87,2,2,4,290,12,Power
USR_00513,0,0,0,1,0,0,1,7,2.03,1,2,3,227,5,Basic
USR_00514,1,0,0,0,0,1,0,3,6.85,2,2,2,372,5,Active
USR_00515,1,0,0,0,0,0,0,14,10.22,1,1,3,15,10,Active
USR_00516,1,0,0,1,0,0,0,12,4.81,1,2,3,138,7,Active
USR_00517,1,1,1,1,1,0,0,11,4.05,2,5,3,343,7,Active
USR_00518,1,0,0,0,0,1,0,12,4.41,2,2,3,322,8,Active
USR_00519,1,0,0,0,0,0,0,5,8.32,1,1,2,185,6,Basic
USR_00520,1,1,0,0,0,0,0,1,8.18,1,2,2,148,2,Basic
USR_00521,0,0,0,1,0,0,0,13,6.42,1,1,3,268,9,Active
USR_00522,0,0,0,0,0,0,0,19,5.21,1,0,4,287,14,Power
USR_00523,0,1,0,0,0,0,0,10,4.77,1,1,3,224,5,Active
USR_00524,0,1,1,1,0,0,0,17,4.71,2,3,4,139,12,Power
USR_00525,0,0,1,0,0,0,0,7,4.37,1,1,2,258,6,Basic
USR_00526,1,1,0,0,0,0,0,11,4.53,1,2,3,163,9,Active
USR_00527,1,0,0,0,1,0,1,14,4.12,2,3,3,460,9,Active
USR_00528,0,0,0,0,1,0,0,8,2.86,1,1,3,314,5,Basic
USR_00529,1,1,0,1,0,0,0,19,4.34,2,3,4,387,12,Power
USR_00530,1,1,1,0,0,0,1,25,8.72,2,4,4,29,17,Champion
USR_00531,1,0,1,0,1,0,0,20,6.27,2,3,4,155,15,Power
USR_00532,1,0,0,0,0,0,0,12,5.36,1,1,3,54,11,Active
USR_00533,1,1,0,0,0,1,1,11,4.72,3,4,3,46,8,Active
USR_00534,1,1,1,0,1,1,0,21,7.54,3,5,4,79,15,Champion
USR_00535,1,0,1,1,0,1,0,22,6.96,3,4,4,186,14,Champion
USR_00536,0,0,0,0,1,0,0,14,5.72,1,1,3,436,13,Active
USR_00537,0,0,0,1,0,1,0,20,5.76,2,2,4,424,13,Power
USR_00538,1,0,0,1,1,0,0,19,4.74,2,3,4,364,11,Power
USR_00539,0,0,0,0,0,1,0,6,2.86,2,1,2,36,5,Basic
USR_00540,1,0,0,0,0,0,0,10,5.79,1,1,3,348,8,Active
USR_00541,1,0,0,0,0,0,0,10,2.87,1,1,3,377,4,Basic
USR_00542,1,1,0,1,0,0,1,13,3.86,2,4,3,147,10,Active
USR_00543,0,0,0,1,0,0,0,10,4.7,1,1,3,462,7,Active
USR_00544,0,1,1,0,0,1,0,9,3.8,3,3,3,354,6,Active
USR_00545,1,0,1,0,1,1,1,22,16.82,3,5,4,344,15,Champion
USR_00546,1,0,0,0,1,0,0,9,4.32,1,2,3,208,8,Active
USR_00547,1,1,1,1,1,1,1,23,9.16,3,7,4,490,14,Champion
USR_00548,1,0,0,0,1,0,0,17,5.74,1,2,4,306,13,Power
USR_00549,1,0,0,0,0,1,1,17,12.88,3,3,4,258,12,Power
USR_00550,1,1,1,0,0,0,1,27,8.75,2,4,4,490,17,Champion
USR_00551,1,0,0,0,0,0,0,10,6.65,1,1,3,366,9,Active
USR_00552,1,0,0,1,0,0,1,15,6.31,2,3,3,57,9,Power
USR_00553,0,0,0,0,0,1,0,2,1.88,2,1,2,191,3,Basic
USR_00554,0,0,0,0,0,0,0,8,1.66,1,0,2,31,5,Basic
USR_00555,0,0,0,0,0,0,0,11,7.05,1,0,3,113,9,Active
USR_00556,0,0,1,1,0,0,0,12,14.64,1,2,3,147,6,Active
USR_00557,1,0,0,1,0,1,0,19,4.73,3,3,4,39,11,Power
USR_00558,1,1,0,1,0,1,0,17,4.78,3,4,4,246,15,Power
USR_00559,0,0,0,0,0,0,0,11,3.56,1,0,3,442,5,Basic
USR_00560,1,0,0,0,1,1,0,17,7.61,3,3,4,283,15,Power
USR_00561,0,0,1,0,0,1,0,12,3.14,2,2,3,83,7,Active
USR_00562,1,0,1,1,0,0,0,11,3.4,2,3,3,348,8,Active
USR_00563,1,1,0,0,0,0,1,14,10.73,2,3,3,124,8,Power
USR_00564,1,0,0,0,0,0,0,7,3.36,1,1,3,413,7,Basic
USR_00565,1,0,0,0,0,1,0,22,8.77,2,2,4,470,14,Power
USR_00566,1,1,0,0,1,1,1,15,3.82,3,5,3,269,10,Power
USR_00567,0,0,1,0,0,0,0,13,6.35,1,1,3,364,10,Active
USR_00568,0,1,1,0,0,0,1,7,7.95,2,3,3,134,8,Active
USR_00569,1,0,1,0,1,0,0,14,6.95,2,3,3,219,10,Power
USR_00570,1,0,1,0,0,1,0,14,6.17,3,3,3,36,9,Power
USR_00571,0,0,0,0,0,0,0,16,6.65,1,0,4,473,11,Active
USR_00572,1,0,1,0,0,0,0,18,8.12,1,2,4,223,11,Power
USR_00573,1,0,0,0,1,0,0,11,3.45,1,2,2,31,5,Active
USR_00574,1,0,1,0,0,0,1,21,5.03,2,3,4,211,13,Power
USR_00575,1,0,1,0,0,1,1,16,9.11,3,4,4,422,13,Power
USR_00576,1,1,1,0,0,0,0,15,4.41,2,3,3,300,9,Active
USR_00577,1,1,1,1,0,0,1,22,8.64,2,5,4,454,16,Champion
USR_00578,1,0,1,0,0,0,1,10,4.24,2,3,3,217,8,Active
USR_00579,1,0,0,1,0,0,0,12,2.96,1,2,3,392,9,Active
USR_00580,0,1,1,0,1,1,1,26,12.29,3,5,4,109,19,Champion
USR_00581,0,0,0,0,0,0,0,11,11.13,1,0,3,423,13,Active
USR_00582,0,1,1,0,0,0,1,20,9.04,2,3,4,357,14,Power
USR_00583,0,1,0,0,0,1,0,22,4.76,2,2,4,250,13,Power
USR_00584,1,0,0,0,1,0,0,6,1.04,1,2,2,84,3,Basic
USR_00585,1,0,0,0,1,1,0,8,4.41,3,3,3,277,6,Active
USR_00586,1,1,1,0,0,0,0,15,11.64,2,3,3,140,9,Power
USR_00587,1,0,0,0,0,1,0,20,8.29,2,2,4,145,16,Power
USR_00588,1,0,0,0,0,1,0,14,5.12,2,2,3,427,9,Active
USR_00589,1,1,1,0,0,1,1,19,8.03,3,5,4,66,14,Champion
USR_00590,1,0,0,0,1,0,0,28,7.3,1,2,4,264,18,Power
USR_00591,1,1,0,0,0,0,0,17,10.35,1,2,3,242,9,Power
USR_00592,1,0,0,0,0,0,0,19,4.55,1,1,4,231,12,Power
USR_00593,0,0,0,0,0,0,0,10,2.66,1,0,3,233,7,Basic
USR_00594,1,1,1,0,0,1,1,15,3.85,3,5,3,364,10,Power
USR_00595,1,0,0,0,1,0,1,15,3.87,2,3,3,190,12,Power
USR_00596,0,0,0,1,0,1,1,15,6.26,3,3,3,42,10,Power
USR_00597,0,0,1,0,0,0,1,17,3.63,1,2,3,279,11,Active
USR_00598,0,0,1,0,0,1,1,12,5.83,3,3,3,275,12,Power
USR_00599,0,0,0,1,0,1,1,20,7.46,3,3,4,162,15,Power
USR_00600,1,1,1,0,0,1,0,29,12.78,3,4,4,277,20,Champion
USR_00601,1,0,0,0,0,0,0,11,4.13,1,1,3,55,6,Active
USR_00602,1,1,0,0,0,0,0,17,10.78,1,2,3,32,10,Power
USR_00603,1,0,1,1,1,1,0,20,5.5,3,5,4,379,14,Champion
USR_00604,1,0,0,0,0,0,0,15,3.91,1,1,3,29,8,Active
USR_00605,0,1,1,0,0,0,0,8,2.93,1,2,3,360,5,Active
USR_00606,0,1,0,0,1,0,1,7,4.91,2,3,3,474,6,Active
USR_00607,1,1,1,0,0,1,0,20,6.22,3,4,3,19,11,Power
USR_00608,1,1,0,0,0,0,0,9,2.31,1,2,3,347,6,Active
USR_00609,1,0,1,1,0,0,1,15,6.54,2,4,3,299,9,Power
USR_00610,0,1,0,0,0,0,1,18,6.84,1,2,4,345,15,Power
USR_00611,0,0,1,0,0,0,0,9,2.94,1,1,2,473,3,Basic
USR_00612,1,0,1,0,1,1,1,15,6.2,3,5,3,144,10,Power
USR_00613,0,0,1,0,0,1,0,7,8.35,2,2,2,368,4,Active
USR_00614,1,0,0,0,0,0,0,11,7.13,1,1,3,151,7,Active
USR_00615,1,0,0,1,1,1,0,16,4.68,3,4,4,126,12,Power
USR_00616,1,0,0,0,0,0,0,14,4.73,1,1,3,111,8,Active
USR_00617,1,0,0,0,0,0,0,12,4.41,1,1,3,220,12,Active
USR_00618,1,0,0,0,0,0,0,6,1.84,1,1,2,45,4,Basic
USR_00619,1,0,0,1,0,0,0,13,4.48,1,2,3,264,8,Active
USR_00620,0,0,0,0,1,0,0,22,7.39,1,1,4,44,15,Power
USR_00621,0,0,0,0,0,0,0,8,5.08,1,0,3,424,7,Basic
USR_00622,0,1,1,0,0,0,1,19,5.16,2,3,4,404,12,Power
USR_00623,1,0,0,1,0,1,0,17,5.02,3,3,4,365,11,Power
USR_00624,0,0,0,0,0,0,0,10,7.84,1,0,3,90,5,Active
USR_00625,1,0,1,0,1,1,0,21,5.85,3,4,4,190,14,Power
USR_00626,0,0,0,0,0,0,0,10,2.73,1,0,3,68,7,Basic
USR_00627,1,0,0,0,0,0,0,7,3.79,1,1,3,329,5,Basic
USR_00628,1,0,0,0,0,1,0,13,4.22,2,2,3,272,9,Active
USR_00629,1,0,0,0,1,1,0,13,6.48,3,3,3,494,9,Power
USR_00630,0,1,1,0,0,1,0,9,2.31,3,3,2,477,3,Active
USR_00631,0,0,0,0,0,0,0,8,1.95,1,0,3,150,5,Basic
USR_00632,0,0,0,1,0,0,1,11,3.82,1,2,3,469,8,Active
USR_00633,1,0,0,0,0,0,0,10,2.96,1,1,3,180,9,Active
USR_00634,1,0,0,0,0,0,1,8,2.01,1,2,3,194,6,Basic
USR_00635,0,0,0,1,0,1,0,14,5.78,2,2,3,343,10,Active
USR_00636,0,0,0,0,1,1,0,9,2.23,2,2,3,129,7,Active
USR_00637,0,0,0,0,0,0,0,18,4.99,1,0,4,407,12,Active
USR_00638,1,0,0,1,0,0,0,10,3.62,1,2,3,268,7,Active
USR_00639,0,0,0,0,1,0,0,19,4.55,1,1,4,70,12,Active
USR_00640,1,0,0,0,0,0,0,10,5.04,1,1,3,7,9,Active
USR_00641,0,0,0,0,0,0,0,5,2.25,1,0,2,245,9,Basic
USR_00642,0,1,1,0,0,0,0,9,3.86,1,2,3,446,6,Active
USR_00643,0,1,0,0,0,0,0,14,5.51,1,1,3,454,9,Active
USR_00644,0,1,1,0,0,0,0,20,6.56,1,2,3,138,9,Active
USR_00645,0,1,0,0,0,1,0,5,1.74,2,2,2,481,3,Basic
USR_00646,0,0,0,0,0,0,0,9,2.92,1,0,3,69,7,Basic
USR_00647,0,0,1,0,0,1,0,8,3.63,2,2,3,182,8,Active
USR_00648,1,1,1,0,0,1,1,23,6.42,3,5,4,206,14,Champion
USR_00649,1,1,1,1,0,0,0,26,10.16,2,4,4,373,16,Champion
USR_00650,0,0,0,0,0,0,0,8,4.83,1,0,3,99,8,Active
USR_00651,1,0,0,0,1,0,1,16,5.75,2,3,4,12,10,Power
USR_00652,0,0,0,0,0,0,0,4,3.59,1,0,2,94,2,Basic
USR_00653,0,0,0,0,0,0,0,2,1.1,1,0,2,129,2,Dormant
USR_00654,0,0,0,0,0,0,0,6,2.46,1,0,2,38,4,Basic
USR_00655,0,0,1,0,0,0,1,19,6.0,1,2,4,335,12,Power
USR_00656,0,1,0,0,0,0,0,6,1.85,1,1,3,309,6,Basic
USR_00657,0,1,0,0,0,0,1,20,6.06,1,2,4,484,16,Power
USR_00658,1,0,1,0,0,0,0,18,4.73,1,2,4,230,12,Power
USR_00659,1,0,0,0,0,1,0,3,0.65,2,2,2,297,1,Basic
USR_00660,1,0,1,0,0,0,1,7,3.69,2,3,3,126,5,Active
USR_00661,0,0,0,0,0,1,1,6,0.61,2,2,2,104,2,Basic
USR_00662,0,0,0,0,1,0,1,12,3.31,1,2,3,465,7,Active
USR_00663,1,0,1,1,1,0,0,26,7.47,2,4,4,375,20,Champion
USR_00664,1,0,1,0,0,1,0,8,6.09,3,3,3,40,7,Active
USR_00665,1,0,0,0,1,0,1,10,2.8,2,3,3,327,11,Active
USR_00666,0,0,1,0,1,1,0,7,3.29,3,3,3,181,8,Active
USR_00667,1,0,1,0,0,0,0,19,5.19,1,2,4,155,13,Power
USR_00668,1,0,0,1,0,0,0,24,7.5,1,2,4,54,15,Power
USR_00669,1,0,0,0,0,1,0,4,4.84,2,2,2,66,5,Basic
USR_00670,1,0,1,0,0,0,0,19,7.36,1,2,4,340,13,Power
USR_00671,0,0,1,0,1,1,1,14,5.79,3,4,3,224,11,Power
USR_00672,0,0,0,1,0,0,0,2,5.15,1,1,2,41,2,Basic
USR_00673,0,0,0,0,0,0,0,7,2.89,1,0,3,7,5,Basic
USR_00674,0,1,0,1,1,0,0,21,7.08,2,3,4,72,15,Power
USR_00675,0,0,0,0,0,0,0,11,3.09,1,0,3,398,10,Active
USR_00676,1,0,1,0,0,0,0,12,3.79,1,2,3,472,7,Active
USR_00677,0,0,0,1,1,1,1,20,8.5,3,4,4,391,14,Champion
USR_00678,0,0,0,1,0,0,0,5,8.18,1,1,2,126,5,Basic
USR_00679,1,0,0,0,0,0,1,16,4.13,1,2,3,105,10,Active
USR_00680,1,0,1,1,1,0,0,18,12.95,2,4,4,329,12,Power
USR_00681,0,0,0,0,0,1,0,12,2.7,2,1,3,200,9,Active
USR_00682,1,0,1,0,0,0,0,11,5.97,1,2,3,342,8,Active
USR_00683,0,0,0,1,0,0,0,11,2.85,1,1,3,60,11,Active
USR_00684,1,0,0,0,0,0,0,7,8.17,1,1,2,218,6,Active
USR_00685,1,0,0,1,1,1,0,17,3.83,3,4,3,224,9,Power
USR_00686,1,0,0,0,1,1,0,15,6.96,3,3,3,480,9,Power
USR_00687,0,0,0,0,0,1,1,10,3.17,2,2,3,482,8,Active
USR_00688,1,0,0,0,0,0,0,7,4.29,1,1,2,341,3,Basic
USR_00689,0,0,0,0,0,0,1,8,4.16,1,1,2,381,8,Basic
USR_00690,1,0,0,1,1,0,0,18,7.29,2,3,4,330,11,Power
USR_00691,1,1,1,0,1,1,0,14,10.0,3,5,3,259,10,Power
USR_00692,1,0,1,0,0,0,0,14,4.34,1,2,3,447,10,Active
USR_00693,0,0,0,0,0,0,0,12,4.93,1,0,3,54,8,Active
USR_00694,1,0,0,0,0,0,1,9,3.51,1,2,3,43,8,Active
USR_00695,1,1,0,1,1,0,0,24,6.08,2,4,4,61,15,Power
USR_00696,1,1,0,0,0,0,0,6,2.73,1,2,2,339,4,Basic
USR_00697,1,0,0,0,0,1,0,8,2.18,2,2,3,132,6,Active
USR_00698,0,0,0,0,0,0,1,8,2.54,1,1,3,322,9,Active
USR_00699,0,0,0,1,0,0,0,9,2.22,1,1,2,492,4,Basic
USR_00700,1,0,1,0,0,0,0,4,1.42,1,2,2,238,4,Basic
USR_00701,1,1,0,1,0,0,0,8,4.8,2,3,3,452,5,Active
USR_00702,0,0,0,0,0,0,0,15,3.68,1,0,3,218,8,Active
USR_00703,1,0,0,1,0,0,0,2,0.69,1,2,2,90,4,Basic
USR_00704,0,0,1,0,1,1,0,23,5.85,3,3,4,150,16,Power
USR_00705,0,0,0,0,0,0,1,9,3.6,1,1,3,93,5,Active
USR_00706,1,1,0,1,0,0,1,21,13.39,2,4,4,151,14,Champion
USR_00707,0,0,1,0,0,0,1,17,4.97,1,2,3,329,12,Active
USR_00708,1,0,1,0,0,1,1,23,9.96,3,4,4,359,16,Champion
USR_00709,1,0,0,0,0,1,0,8,2.5,2,2,3,26,7,Active
USR_00710,0,0,0,0,1,1,0,19,5.48,2,2,4,291,12,Power
USR_00711,1,0,1,0,0,0,0,9,3.02,1,2,3,199,7,Active
USR_00712,1,0,1,0,1,1,1,12,5.76,3,5,3,414,7,Power
USR_00713,0,0,1,1,0,0,0,12,3.6,1,2,3,222,8,Active
USR_00714,1,0,0,1,0,0,1,10,3.71,2,3,3,88,8,Active
USR_00715,0,0,0,0,0,0,0,12,3.08,1,0,3,361,10,Active
USR_00716,1,0,0,0,0,0,0,4,1.26,1,1,2,486,10,Basic
USR_00717,0,0,0,0,0,0,0,10,3.3,1,0,3,58,8,Active
USR_00718,0,1,0,0,0,0,1,11,3.08,1,2,3,50,8,Active
USR_00719,1,1,0,0,0,1,1,22,9.48,3,4,4,346,16,Champion
USR_00720,1,1,0,0,1,0,0,5,1.83,2,3,2,122,5,Basic
USR_00721,0,1,0,0,0,0,0,7,4.57,1,1,2,16,7,Basic
USR_00722,1,0,0,1,0,0,1,10,3.66,2,3,3,154,6,Active
USR_00723,1,0,1,0,1,1,0,17,4.68,3,4,4,304,13,Power
USR_00724,1,0,0,0,0,0,1,7,2.52,1,2,2,439,4,Basic
USR_00725,0,1,0,1,0,0,0,7,1.86,1,2,3,10,5,Basic
USR_00726,1,0,0,0,0,1,0,11,4.01,2,2,3,104,7,Active
USR_00727,0,0,0,1,0,1,1,9,4.18,3,3,3,8,7,Active
USR_00728,1,1,0,0,0,1,0,25,8.66,3,3,4,399,19,Champion
USR_00729,1,0,0,1,0,0,0,9,1.43,1,2,2,37,5,Basic
USR_00730,1,1,0,1,0,0,0,16,5.68,2,3,4,98,11,Power
USR_00731,0,0,0,0,0,1,0,6,1.2,2,1,2,50,4,Basic
USR_00732,1,1,0,0,1,1,1,18,5.74,3,5,4,435,14,Power
USR_00733,0,0,0,0,0,0,1,10,3.0,1,1,3,75,10,Active
USR_00734,1,1,0,0,0,0,1,14,4.17,2,3,3,431,10,Active
USR_00735,1,1,1,1,1,0,1,25,7.01,2,6,4,22,17,Champion
USR_00736,0,0,0,0,1,0,1,10,5.11,1,2,3,287,7,Active
USR_00737,0,0,0,0,0,0,1,19,6.99,1,1,4,34,15,Power
USR_00738,1,1,1,1,0,1,1,27,7.15,3,6,4,448,20,Champion
USR_00739,1,1,0,0,0,0,0,26,8.49,1,2,4,278,14,Power
USR_00740,1,0,0,0,0,1,0,13,3.63,2,2,3,142,11,Active
USR_00741,1,0,1,1,0,1,1,17,8.66,3,5,3,293,10,Power
USR_00742,0,0,0,0,1,0,1,17,16.85,1,2,4,211,13,Power
USR_00743,0,0,0,0,1,1,0,16,6.46,2,2,3,390,12,Power
USR_00744,1,0,0,0,0,0,1,17,6.71,1,2,4,498,10,Power
USR_00745,0,0,0,0,0,1,0,17,4.76,2,1,4,494,12,Power
USR_00746,1,0,0,0,0,0,1,14,3.64,1,2,3,243,10,Active
USR_00747,1,0,1,1,0,0,0,2,2.39,2,3,2,427,4,Basic
USR_00748,1,1,0,0,0,1,0,6,1.95,3,3,2,18,3,Active
USR_00749,1,1,0,0,0,1,0,8,2.48,3,3,3,367,6,Active
USR_00750,0,0,0,0,0,0,0,10,2.87,1,0,2,237,4,Basic
USR_00751,0,0,1,1,0,0,1,13,4.62,2,3,3,395,7,Active
USR_00752,0,0,0,0,0,0,0,16,3.44,1,0,3,196,8,Active
USR_00753,1,0,0,0,0,0,0,16,3.8,1,1,3,431,10,Active
USR_00754,0,0,1,0,0,0,0,8,2.57,1,1,3,450,6,Basic
USR_00755,1,0,0,0,1,0,0,10,2.43,1,2,3,340,6,Active
USR_00756,1,0,1,0,0,0,0,11,3.44,1,2,3,60,12,Active
USR_00757,0,0,0,0,0,0,0,1,0.5,1,0,2,7,1,Dormant
USR_00758,1,1,0,1,1,0,1,19,5.55,2,5,4,188,11,Power
USR_00759,0,0,0,0,0,1,0,7,5.06,2,1,3,338,6,Active
USR_00760,0,0,0,0,0,1,0,16,7.64,2,1,3,46,11,Active
USR_00761,1,0,1,0,0,0,0,9,6.63,1,2,3,433,9,Active
USR_00762,0,0,0,0,0,0,0,9,5.72,1,0,3,267,6,Active
USR_00763,0,1,1,0,1,0,1,11,4.0,2,4,3,176,11,Active
USR_00764,1,0,0,0,1,0,0,14,4.48,1,2,3,103,11,Active
USR_00765,0,0,0,0,1,0,1,20,5.07,1,2,4,488,13,Power
USR_00766,0,0,0,1,1,0,0,7,2.02,1,2,2,416,6,Basic
USR_00767,1,0,0,0,0,1,0,8,1.79,2,2,3,260,6,Active
USR_00768,1,1,0,0,0,1,1,20,12.11,3,4,4,450,17,Champion
USR_00769,1,1,0,0,0,0,0,13,5.01,1,2,3,183,7,Active
USR_00770,0,0,1,0,0,0,0,16,4.4,1,1,3,421,8,Active
USR_00771,0,0,0,0,1,0,0,18,6.84,1,1,4,425,11,Power
USR_00772,0,1,1,1,0,0,1,28,15.04,2,4,4,338,17,Champion
USR_00773,1,0,0,0,0,1,1,15,5.63,3,3,3,447,13,Power
USR_00774,0,1,0,0,0,1,0,16,5.36,2,2,3,68,11,Power
USR_00775,1,0,0,1,0,0,0,9,2.2,1,2,3,290,6,Active
USR_00776,0,0,0,0,0,0,1,12,3.53,1,1,3,133,10,Active
USR_00777,1,0,0,0,0,0,0,10,2.82,1,1,3,35,6,Active
USR_00778,1,0,0,1,0,1,1,15,4.69,3,4,3,208,10,Power
USR_00779,1,0,0,1,0,0,0,5,1.56,1,2,2,278,5,Basic
USR_00780,0,0,1,0,0,0,0,18,7.01,1,1,4,379,12,Power
USR_00781,1,1,0,0,0,0,1,9,7.59,2,3,2,39,5,Active
USR_00782,0,0,0,0,0,1,1,13,4.11,2,2,3,308,10,Active
USR_00783,0,0,0,0,0,0,0,17,3.45,1,0,3,235,11,Active
USR_00784,1,0,0,0,0,0,0,4,3.13,1,1,2,464,6,Basic
USR_00785,0,1,0,0,0,1,0,14,2.64,2,2,3,244,9,Active
USR_00786,1,1,0,0,1,1,0,16,4.62,3,4,3,217,9,Power
USR_00787,1,0,0,1,0,0,0,18,6.32,1,2,4,281,11,Power
USR_00788,1,0,0,1,0,1,0,14,4.19,3,3,3,338,9,Power
USR_00789,1,1,1,0,0,0,0,18,6.17,2,3,4,214,14,Power
USR_00790,0,0,1,0,1,0,0,18,7.17,1,2,4,210,13,Power
USR_00791,1,0,0,0,0,0,0,17,4.07,1,1,3,266,10,Active
USR_00792,0,1,0,0,0,0,0,7,5.26,1,1,2,287,5,Basic
USR_00793,1,1,1,0,1,1,0,24,7.48,3,5,4,166,19,Champion
USR_00794,1,1,1,0,0,1,0,20,6.16,3,4,4,499,13,Power
USR_00795,0,0,1,0,0,0,0,11,4.24,1,1,3,221,7,Active
USR_00796,1,0,0,1,1,0,0,16,5.57,2,3,4,214,16,Power
USR_00797,0,0,0,0,0,0,0,7,3.26,1,0,2,434,3,Basic
USR_00798,0,0,0,0,0,0,0,8,4.22,1,0,3,88,6,Basic
USR_00799,1,0,1,0,1,0,1,14,3.25,2,4,3,470,11,Active
USR_00800,1,1,1,0,0,1,0,14,4.8,3,4,3,92,10,Power
USR_00801,0,1,1,0,0,0,0,18,7.91,1,2,4,251,12,Power
USR_00802,0,0,1,1,0,0,0,23,5.66,1,2,4,40,15,Power
USR_00803,1,1,0,0,0,0,0,15,5.98,1,2,3,210,11,Active
USR_00804,1,1,0,1,0,1,0,13,3.32,3,4,3,386,9,Power
USR_00805,1,0,0,0,0,1,0,7,2.79,2,2,3,274,6,Active
USR_00806,0,0,0,0,1,0,0,8,4.31,1,1,2,457,6,Basic
USR_00807,1,0,0,0,0,0,0,4,1.13,1,1,2,329,4,Basic
USR_00808,1,0,0,0,0,0,1,16,3.85,1,2,3,220,12,Active
USR_00809,0,0,0,0,1,1,0,17,4.63,2,2,4,445,13,Power
USR_00810,1,0,0,1,1,0,0,20,5.38,2,3,4,162,12,Power
USR_00811,1,1,0,0,1,1,1,10,2.33,3,5,3,474,8,Active
USR_00812,0,1,0,1,0,0,1,11,3.08,2,3,3,68,10,Active
USR_00813,0,1,1,0,0,0,0,18,5.22,1,2,4,209,12,Power
USR_00814,0,0,0,0,0,0,0,11,5.49,1,0,3,492,8,Active
USR_00815,1,0,0,0,1,0,0,9,4.1,1,2,3,247,7,Active
USR_00816,0,0,0,0,0,0,0,6,4.76,1,0,2,30,6,Basic
USR_00817,0,1,0,0,0,1,0,21,6.59,2,2,4,226,15,Power
USR_00818,1,0,0,0,1,0,0,7,1.54,1,2,2,138,5,Basic
USR_00819,0,1,1,0,1,0,0,29,9.13,2,3,4,101,18,Champion
USR_00820,0,1,0,0,0,0,0,8,6.79,1,1,3,221,7,Active
USR_00821,0,1,0,0,1,0,1,23,12.62,2,3,4,353,15,Champion
USR_00822,1,0,0,0,0,0,0,19,5.63,1,1,4,402,15,Power
USR_00823,0,0,0,0,0,0,0,16,4.1,1,0,3,277,9,Active
USR_00824,1,1,0,1,0,0,0,13,4.5,2,3,3,351,7,Active
USR_00825,1,1,0,1,0,0,0,7,1.69,2,3,2,52,5,Active
USR_00826,1,1,1,0,0,1,1,12,3.0,3,5,3,114,10,Power
USR_00827,0,0,0,0,0,0,1,12,4.3,1,1,3,467,11,Active
USR_00828,1,0,0,0,1,0,0,20,6.18,1,2,4,270,12,Power
USR_00829,1,0,0,1,0,1,0,20,7.42,3,3,4,378,12,Power
USR_00830,0,0,0,1,1,0,1,27,8.98,2,3,4,364,17,Champion
USR_00831,1,0,0,0,0,0,1,7,1.75,1,2,2,376,6,Basic
USR_00832,1,1,0,1,0,0,0,27,12.15,2,3,4,177,19,Champion
USR_00833,1,0,0,0,1,0,1,4,7.35,2,3,2,471,5,Active
USR_00834,0,1,0,0,0,0,0,3,0.5,1,1,2,53,1,Dormant
USR_00835,1,1,1,1,0,1,1,21,7.19,3,6,4,156,12,Champion
USR_00836,0,1,0,0,0,0,1,9,3.97,1,2,3,281,6,Active
USR_00837,0,1,0,1,0,0,1,13,7.01,2,3,3,126,9,Active
USR_00838,0,0,1,0,0,1,0,14,3.88,2,2,3,320,10,Active
USR_00839,1,0,0,0,0,0,0,1,3.88,1,1,2,431,4,Basic
USR_00840,1,0,0,0,0,0,0,16,5.14,1,1,4,345,12,Active
USR_00841,0,1,0,1,0,0,1,7,1.59,2,3,2,398,5,Basic
USR_00842,1,0,1,1,0,0,1,28,7.44,2,4,4,138,19,Champion
USR_00843,0,1,0,0,0,1,0,5,1.07,2,2,2,338,2,Basic
USR_00844,0,1,0,0,1,0,0,22,7.3,1,2,4,85,15,Power
USR_00845,0,1,0,0,1,1,1,3,1.01,3,4,2,428,5,Active
USR_00846,0,0,0,0,0,0,1,10,4.74,1,1,3,60,9,Active
USR_00847,1,0,0,0,0,0,0,8,5.01,1,1,3,138,6,Active
USR_00848,0,0,0,0,0,0,0,2,1.29,1,0,2,333,1,Dormant
USR_00849,0,0,0,1,0,0,0,9,2.1,1,1,3,135,7,Basic
USR_00850,1,0,0,0,0,0,0,9,8.05,1,1,3,42,6,Active
USR_00851,0,1,0,0,0,1,0,20,6.01,2,2,4,469,14,Power
USR_00852,0,0,0,1,0,0,1,12,4.55,1,2,3,464,7,Active
USR_00853,1,1,1,0,0,1,0,20,5.82,3,4,4,149,13,Power
USR_00854,1,0,0,0,0,0,0,6,3.71,1,1,2,60,4,Basic
USR_00855,1,0,1,0,1,0,1,10,3.3,2,4,2,440,8,Active
USR_00856,1,1,0,0,1,0,0,16,7.8,2,3,4,220,11,Power
USR_00857,1,0,1,0,1,1,0,18,5.94,3,4,4,280,13,Power
USR_00858,1,1,0,0,0,0,0,6,3.16,1,2,2,370,3,Basic
USR_00859,0,0,1,0,1,1,0,11,3.13,3,3,3,480,9,Active
USR_00860,0,1,0,1,1,1,1,14,4.03,3,5,3,492,8,Power
USR_00861,1,0,0,0,0,0,1,17,6.46,1,2,4,247,15,Power
USR_00862,1,0,1,0,1,0,0,20,4.91,2,3,4,68,15,Power
USR_00863,1,1,0,1,0,0,0,11,5.16,2,3,3,34,5,Active
USR_00864,0,0,0,1,1,0,0,14,2.89,1,2,3,59,7,Active
USR_00865,1,1,1,0,1,0,0,10,4.27,2,4,3,325,5,Active
USR_00866,0,0,0,0,0,0,1,5,1.67,1,1,2,225,4,Basic
USR_00867,1,0,0,0,0,0,0,4,1.32,1,1,2,290,4,Basic
USR_00868,1,0,0,1,1,1,1,20,8.11,3,5,4,172,15,Champion
USR_00869,1,0,0,1,0,0,1,14,8.13,2,3,3,295,11,Power
USR_00870,1,0,1,0,0,0,1,6,5.45,2,3,2,298,7,Active
USR_00871,1,1,1,0,0,1,1,17,5.93,3,5,4,252,11,Power
USR_00872,0,0,0,0,0,0,0,6,3.5,1,0,2,300,4,Basic
USR_00873,0,0,0,1,0,0,0,9,1.96,1,1,2,435,5,Basic
USR_00874,0,0,0,0,0,1,1,11,5.97,2,2,3,407,8,Active
USR_00875,1,0,0,0,0,0,0,5,4.23,1,1,2,180,2,Basic
USR_00876,1,1,0,0,0,0,0,16,8.15,1,2,4,289,12,Power
USR_00877,1,1,1,0,1,0,1,14,8.3,2,5,3,260,9,Power
USR_00878,1,1,0,0,0,1,0,30,9.16,3,3,4,381,18,Champion
USR_00879,0,0,1,0,0,0,1,20,5.04,1,2,4,432,16,Power
USR_00880,1,1,0,0,0,0,0,6,2.07,1,2,2,180,5,Basic
USR_00881,0,1,1,1,1,1,1,15,3.96,3,6,3,64,8,Power
USR_00882,1,0,0,0,0,0,1,15,5.06,1,2,4,358,13,Power
USR_00883,0,1,0,0,0,0,1,4,0.5,1,2,2,474,1,Basic
USR_00884,0,1,0,0,0,1,0,16,6.54,2,2,4,213,11,Power
USR_00885,1,0,0,0,1,0,0,5,1.53,1,2,2,250,6,Basic
USR_00886,0,0,1,0,0,0,0,1,1.83,1,1,2,416,1,Dormant
USR_00887,0,1,1,0,1,0,0,19,12.71,2,3,4,196,12,Power
USR_00888,1,1,0,0,0,0,0,10,3.77,1,2,3,93,7,Active
USR_00889,0,1,0,1,1,1,1,20,5.03,3,5,4,146,12,Power
USR_00890,0,0,0,1,0,1,0,15,4.48,2,2,3,170,11,Active
USR_00891,1,0,0,0,1,1,1,8,3.72,3,4,2,260,5,Active
USR_00892,1,1,0,0,0,0,0,17,4.46,1,2,3,410,12,Active
USR_00893,1,1,1,0,0,0,1,10,5.36,2,4,3,21,8,Active
USR_00894,1,0,0,0,1,1,0,24,10.1,3,3,4,72,16,Champion
USR_00895,1,0,0,0,0,1,1,21,8.94,3,3,4,50,15,Champion
USR_00896,0,0,0,0,0,0,0,6,2.28,1,0,2,450,3,Basic
USR_00897,1,1,1,0,0,0,0,9,3.24,2,3,3,422,9,Active
USR_00898,1,0,1,1,1,1,0,13,7.19,3,5,3,464,9,Power
USR_00899,0,0,0,0,0,0,0,9,4.39,1,0,3,89,5,Basic
USR_00900,1,1,0,0,0,0,0,18,18.28,1,2,4,308,14,Power
USR_00901,0,0,0,0,0,1,0,3,5.55,2,1,2,324,1,Basic
USR_00902,0,1,0,0,0,0,0,5,1.17,1,1,2,394,4,Basic
USR_00903,0,1,0,0,0,0,1,15,7.07,1,2,3,384,9,Active
USR_00904,1,0,0,0,0,1,0,4,1.38,2,2,2,484,4,Basic
USR_00905,1,0,0,0,0,0,0,16,3.88,1,1,3,384,11,Active
USR_00906,1,0,0,0,0,0,0,3,1.93,1,1,2,211,3,Basic
USR_00907,1,1,1,0,0,0,1,14,5.36,2,4,3,179,10,Power
USR_00908,0,1,0,0,0,0,0,15,4.88,1,1,3,57,9,Active
USR_00909,1,1,0,0,1,0,0,23,6.9,2,3,4,332,16,Power
USR_00910,1,0,0,1,1,0,0,19,3.62,2,3,3,63,9,Power
USR_00911,1,1,0,1,0,1,0,24,7.23,3,4,4,93,17,Champion
USR_00912,1,0,1,1,1,1,1,15,5.97,3,6,3,114,11,Power
USR_00913,1,1,0,0,0,0,0,20,6.62,1,2,4,132,14,Power
USR_00914,1,0,0,0,0,0,1,18,9.61,1,2,4,164,12,Power
USR_00915,0,1,0,1,0,1,0,14,5.13,3,3,3,148,10,Power
USR_00916,0,0,1,0,0,0,0,19,6.33,1,1,4,98,11,Power
USR_00917,1,0,0,0,1,0,1,17,6.48,2,3,4,255,15,Power
USR_00918,0,0,0,0,0,0,0,3,0.81,1,0,2,103,6,Basic
USR_00919,1,0,0,1,1,0,0,19,6.31,2,3,4,396,13,Power
USR_00920,0,0,0,0,0,1,0,13,4.74,2,1,3,413,8,Active
USR_00921,1,0,0,0,1,0,1,18,6.44,2,3,4,390,13,Power
USR_00922,1,1,0,0,0,0,0,15,3.74,1,2,3,408,16,Active
USR_00923,1,0,1,1,1,0,0,27,7.54,2,4,4,321,18,Champion
USR_00924,0,0,1,1,1,1,1,16,5.95,3,5,4,437,12,Power
USR_00925,1,0,0,1,0,0,1,10,5.72,2,3,3,62,7,Active
USR_00926,0,0,0,0,0,1,0,13,4.01,2,1,3,140,10,Active
USR_00927,0,0,0,1,0,0,1,13,4.96,1,2,3,467,16,Active
USR_00928,1,0,0,0,0,1,0,16,4.9,2,2,3,50,9,Active
USR_00929,0,0,0,1,0,1,0,12,4.05,2,2,3,260,7,Active
USR_00930,1,0,0,1,1,0,0,17,7.45,2,3,3,28,9,Power
USR_00931,0,1,0,0,0,0,0,23,5.86,1,1,4,398,16,Power
USR_00932,0,0,0,1,1,0,0,16,4.33,1,2,4,460,10,Active
USR_00933,1,1,0,1,0,1,1,15,4.24,3,5,3,212,9,Power
USR_00934,0,0,0,0,0,0,0,9,6.54,1,0,3,370,10,Active
USR_00935,1,0,0,1,1,0,0,9,5.3,2,3,3,199,5,Active
USR_00936,0,0,1,0,0,1,0,12,4.23,2,2,3,310,8,Active
USR_00937,0,0,0,0,0,1,0,10,2.99,2,1,3,321,7,Active
USR_00938,1,0,0,1,0,1,0,20,5.9,3,3,4,286,14,Power
USR_00939,0,1,1,0,0,1,0,8,2.33,3,3,3,90,5,Active
USR_00940,1,1,0,0,0,0,0,4,3.25,1,2,2,72,3,Basic
USR_00941,0,0,0,0,0,0,1,7,6.09,1,1,3,68,6,Active
USR_00942,0,0,0,1,1,1,0,24,5.24,3,3,4,156,13,Power
USR_00943,1,0,1,0,0,0,0,8,2.82,1,2,2,144,4,Basic
USR_00944,1,1,0,1,0,0,0,15,9.1,2,3,3,411,9,Power
USR_00945,1,1,0,0,0,0,0,5,2.33,1,2,2,43,7,Basic
USR_00946,1,0,0,0,0,0,0,5,1.08,1,1,2,279,4,Basic
USR_00947,1,0,0,0,1,1,0,12,3.35,3,3,3,176,8,Active
USR_00948,1,0,0,0,0,1,1,16,5.42,3,3,3,205,11,Power
USR_00949,0,0,0,0,1,0,0,20,8.61,1,1,4,442,16,Power
USR_00950,1,0,1,1,0,1,0,15,3.84,3,4,3,91,8,Power
USR_00951,1,0,1,1,0,0,1,21,5.8,2,4,4,385,12,Power
USR_00952,1,1,0,1,0,0,1,12,3.26,2,4,3,210,11,Active
USR_00953,0,0,0,0,1,0,0,9,4.54,1,1,3,491,8,Active
USR_00954,0,0,0,0,1,1,0,7,9.33,2,2,2,156,5,Active
USR_00955,0,0,0,0,1,0,0,7,2.49,1,1,2,384,5,Basic
USR_00956,0,0,0,0,0,1,1,12,5.3,2,2,3,476,14,Active
USR_00957,1,1,0,1,1,1,1,26,7.35,3,6,4,250,17,Champion
USR_00958,1,0,0,1,1,1,0,13,3.44,3,4,3,253,8,Power
USR_00959,0,0,1,0,1,1,0,12,4.01,3,3,3,298,8,Active
USR_00960,1,0,0,0,0,0,1,16,4.63,1,2,4,342,14,Power
USR_00961,0,1,0,0,0,0,1,13,3.83,1,2,3,139,7,Active
USR_00962,1,0,1,1,0,0,0,10,3.78,2,3,3,108,7,Active
USR_00963,0,0,1,0,0,0,0,14,4.09,1,1,3,89,12,Active
USR_00964,1,0,0,0,0,0,1,11,4.26,1,2,3,425,11,Active
USR_00965,0,0,1,1,0,0,0,11,4.24,1,2,3,428,7,Active
USR_00966,0,0,0,0,0,1,1,17,6.92,2,2,4,354,12,Power
USR_00967,1,1,0,0,0,0,0,4,2.16,1,2,2,75,3,Basic
USR_00968,0,0,0,1,0,1,0,16,6.27,2,2,4,175,14,Power
USR_00969,1,0,1,0,0,0,0,6,2.4,1,2,2,415,5,Basic
USR_00970,0,0,0,0,1,0,1,26,7.69,1,2,4,134,20,Power
USR_00971,1,1,0,0,0,0,1,24,8.82,2,3,4,340,17,Champion
USR_00972,1,0,1,0,0,0,0,23,8.5,1,2,4,350,13,Power
USR_00973,1,1,1,0,0,0,0,7,3.28,2,3,3,414,6,Active
USR_00974,0,0,1,0,1,0,0,11,5.16,1,2,3,219,8,Active
USR_00975,0,0,0,0,0,0,1,6,3.82,1,1,2,329,5,Basic
USR_00976,0,0,0,0,1,0,0,7,3.64,1,1,3,161,4,Basic
USR_00977,1,1,1,0,0,1,0,25,7.73,3,4,4,87,13,Champion
USR_00978,0,0,0,1,0,0,1,6,2.17,1,2,2,444,5,Basic
USR_00979,0,0,1,0,0,0,0,8,2.86,1,1,3,422,7,Active
USR_00980,0,0,1,0,0,1,0,11,6.67,2,2,3,291,7,Active
USR_00981,1,1,1,0,0,0,0,14,4.84,2,3,3,104,10,Active
USR_00982,0,1,0,0,1,1,0,12,4.59,3,3,3,196,7,Active
USR_00983,1,0,0,0,1,1,0,16,5.67,3,3,4,203,15,Power
USR_00984,0,1,0,0,0,0,0,9,2.33,1,1,3,259,5,Basic
USR_00985,1,1,1,0,1,0,1,26,6.09,2,5,4,355,19,Champion
USR_00986,1,1,0,0,0,1,1,15,5.4,3,4,3,388,13,Power
USR_00987,1,0,1,0,0,0,0,8,3.03,1,2,3,481,6,Active
USR_00988,0,0,0,0,0,0,0,4,1.81,1,0,2,341,4,Basic
USR_00989,1,0,0,1,0,0,0,13,4.44,1,2,3,113,7,Active
USR_00990,1,0,0,0,1,1,0,15,3.7,3,3,3,174,9,Power
USR_00991,1,0,1,0,1,0,1,15,6.66,2,4,4,90,12,Power
USR_00992,0,0,0,0,0,0,1,23,7.22,1,1,4,331,14,Power
USR_00993,1,1,1,0,0,0,0,13,4.32,2,3,3,128,10,Active
USR_00994,0,0,0,0,0,0,0,3,4.63,1,0,2,456,2,Basic
USR_00995,1,0,0,0,0,0,0,8,7.72,1,1,3,234,8,Active
USR_00996,0,0,0,1,0,0,0,11,5.14,1,1,3,370,6,Active
USR_00997,0,1,0,1,0,1,0,7,3.65,3,3,3,68,7,Active
USR_00998,1,0,0,0,0,0,0,12,3.77,1,1,3,36,8,Active
USR_00999,0,0,0,0,0,1,1,12,4.18,2,2,3,367,9,Active
USR_01000,1,0,1,0,1,1,0,26,7.12,3,4,4,46,16,Champion
USR_01001,1,1,0,1,0,0,0,19,5.81,2,3,4,64,11,Power
USR_01002,1,1,1,0,1,0,1,20,6.25,2,5,4,190,18,Champion
USR_01003,1,0,0,0,1,0,1,26,7.01,2,3,4,165,19,Champion
USR_01004,0,1,0,0,0,0,0,19,4.38,1,1,4,291,11,Active
USR_01005,1,0,0,0,0,1,0,12,9.02,2,2,3,335,7,Active
USR_01006,1,0,1,0,0,0,0,13,4.26,1,2,3,429,9,Active
USR_01007,1,0,0,1,1,1,1,21,10.68,3,5,4,27,13,Champion
USR_01008,0,1,0,0,0,0,0,19,5.63,1,1,4,26,13,Power
USR_01009,1,0,0,0,0,1,0,15,3.3,2,2,3,416,8,Active
USR_01010,0,1,0,0,0,0,0,18,4.8,1,1,4,275,17,Power
USR_01011,1,0,1,0,0,1,0,23,6.27,3,3,4,289,13,Power
USR_01012,1,0,0,1,1,0,0,22,5.35,2,3,4,293,14,Power
USR_01013,1,1,0,0,0,0,0,15,2.86,1,2,3,14,10,Active
USR_01014,1,0,0,0,0,0,1,18,4.53,1,2,4,398,12,Power
USR_01015,0,0,0,0,0,0,1,16,4.94,1,1,3,78,12,Active
USR_01016,1,0,0,0,1,0,0,11,4.83,1,2,3,38,7,Active
USR_01017,1,0,0,0,0,0,0,17,4.37,1,1,3,74,11,Active
USR_01018,0,0,0,0,0,0,0,7,3.95,1,0,3,474,6,Basic
USR_01019,0,0,0,0,1,0,0,7,2.82,1,1,2,456,4,Basic
USR_01020,0,0,0,1,0,0,0,13,3.38,1,1,3,174,8,Active
USR_01021,0,1,0,1,0,0,0,6,3.88,1,2,3,218,6,Active
USR_01022,0,1,0,1,0,0,0,23,9.37,1,2,4,29,14,Power
USR_01023,1,0,1,0,0,0,0,18,6.54,1,2,4,75,13,Power
USR_01024,1,1,0,0,0,0,0,9,8.78,1,2,3,348,6,Active
USR_01025,0,0,0,1,0,0,0,8,2.4,1,1,3,498,6,Basic
USR_01026,1,1,1,1,0,1,0,23,6.59,3,5,4,79,15,Champion
USR_01027,1,0,0,1,0,0,1,9,2.52,2,3,3,472,6,Active
USR_01028,0,0,1,0,0,0,0,16,3.79,1,1,3,446,9,Active
USR_01029,0,0,0,0,0,1,1,11,5.41,2,2,3,283,7,Active
USR_01030,0,0,0,0,0,0,0,12,7.95,1,0,3,261,8,Active
USR_01031,0,0,0,0,0,0,0,12,5.69,1,0,3,74,6,Active
USR_01032,0,1,1,0,1,1,1,28,8.55,3,5,4,465,20,Champion
USR_01033,0,0,0,0,0,1,1,9,2.44,2,2,3,277,6,Active
USR_01034,0,0,0,0,1,1,1,8,1.65,3,3,2,459,5,Active
USR_01035,1,1,1,0,0,0,0,24,6.54,2,3,4,427,17,Power
USR_01036,1,0,0,0,0,0,0,6,4.85,1,1,2,378,3,Basic
USR_01037,1,0,0,1,0,0,1,19,6.39,2,3,4,407,13,Power
USR_01038,1,0,1,0,0,0,1,21,6.89,2,3,4,402,11,Power
USR_01039,1,1,0,0,0,1,0,21,7.02,3,3,4,39,14,Power
USR_01040,0,1,0,0,1,1,1,12,4.14,3,4,3,66,7,Active
USR_01041,0,0,0,0,0,1,0,9,6.98,2,1,3,361,4,Active
USR_01042,0,0,1,0,0,1,0,8,6.01,2,2,3,348,5,Active
USR_01043,0,0,0,0,0,1,0,8,1.78,2,1,2,393,6,Basic
USR_01044,1,1,0,1,0,0,0,28,12.12,2,3,4,499,19,Champion
USR_01045,0,0,0,1,0,0,0,14,4.01,1,1,3,440,11,Active
USR_01046,0,0,0,1,0,0,0,9,2.53,1,1,3,50,10,Active
USR_01047,1,1,1,0,1,0,1,19,5.31,2,5,4,95,13,Power
USR_01048,1,0,0,0,1,0,1,12,3.7,2,3,3,30,12,Active
USR_01049,0,0,0,1,0,0,0,16,7.5,1,1,4,382,11,Active
USR_01050,1,0,0,0,0,0,0,9,1.99,1,1,2,83,8,Basic
USR_01051,1,0,1,1,1,0,0,22,7.33,2,4,4,263,15,Power
USR_01052,1,0,0,0,0,1,0,23,7.58,2,2,4,161,17,Power
USR_01053,0,0,0,1,0,0,1,16,5.79,1,2,4,152,10,Active
USR_01054,0,0,0,0,0,0,0,6,2.88,1,0,2,63,3,Basic
USR_01055,1,1,0,1,0,0,1,23,8.83,2,4,4,133,15,Champion
USR_01056,0,0,0,0,0,1,0,11,6.59,2,1,3,212,9,Active
USR_01057,1,1,0,1,0,0,1,14,4.33,2,4,3,316,12,Power
USR_01058,0,1,1,0,0,0,1,5,2.0,2,3,2,327,5,Active
USR_01059,1,0,0,0,1,1,0,13,3.98,3,3,3,325,8,Active
USR_01060,0,0,1,1,0,0,0,16,3.73,1,2,3,359,11,Active
USR_01061,0,0,0,0,1,0,0,9,6.99,1,1,3,54,8,Active
USR_01062,1,0,0,0,0,0,0,7,1.48,1,1,2,442,6,Basic
USR_01063,1,1,0,0,1,1,0,22,13.43,3,4,4,191,14,Champion
USR_01064,1,1,1,0,0,0,1,9,6.0,2,4,3,146,5,Active
USR_01065,0,1,1,1,0,0,0,18,4.42,2,3,4,480,10,Power
USR_01066,0,0,0,1,1,1,0,13,3.08,3,3,3,24,8,Active
USR_01067,0,1,1,0,0,0,0,17,4.54,1,2,4,19,12,Power
USR_01068,1,1,0,0,0,0,0,7,1.61,1,2,2,56,4,Basic
USR_01069,0,0,1,0,1,0,1,8,2.19,2,3,2,74,5,Active
USR_01070,1,1,1,0,0,1,0,26,6.72,3,4,4,241,17,Champion
USR_01071,1,0,0,0,0,1,0,21,4.94,2,2,4,477,12,Power
USR_01072,1,0,1,0,0,1,0,15,5.93,3,3,3,426,9,Power
USR_01073,1,1,1,0,0,1,1,29,8.55,3,5,4,422,19,Champion
USR_01074,0,0,0,0,1,0,1,13,4.72,1,2,3,265,10,Active
USR_01075,1,0,0,0,0,1,0,8,2.32,2,2,2,451,5,Active
USR_01076,0,1,1,0,0,0,1,22,5.9,2,3,4,159,13,Power
USR_01077,0,1,0,0,0,0,0,5,1.83,1,1,2,79,5,Basic
USR_01078,1,1,0,1,0,1,1,23,9.04,3,5,4,29,16,Champion
USR_01079,0,1,1,0,0,1,0,7,4.74,3,3,3,417,5,Active
USR_01080,1,0,0,0,0,0,1,5,2.05,1,2,2,220,8,Basic
USR_01081,1,1,1,0,1,0,0,13,3.67,2,4,3,82,12,Power
USR_01082,1,1,1,0,0,1,1,17,4.6,3,5,4,334,13,Power
USR_01083,1,1,0,1,0,1,1,28,7.61,3,5,4,498,19,Champion
USR_01084,1,0,0,1,0,0,0,13,6.26,1,2,3,172,11,Active
USR_01085,1,1,1,1,0,0,0,21,5.97,2,4,4,229,19,Champion
USR_01086,0,1,1,0,0,1,0,25,6.78,3,3,4,65,17,Champion
USR_01087,0,1,0,0,0,0,0,4,3.16,1,1,2,282,3,Basic
USR_01088,0,1,1,0,1,1,0,16,8.4,3,4,4,103,12,Power
USR_01089,1,1,0,0,0,0,1,24,6.39,2,3,4,272,15,Power
USR_01090,1,0,1,0,0,0,1,11,3.11,2,3,3,347,7,Active
USR_01091,1,0,1,1,1,0,1,15,7.19,2,5,4,28,10,Power
USR_01092,0,0,0,0,1,1,1,12,3.99,3,3,3,426,8,Active
USR_01093,1,0,0,1,0,0,0,17,7.63,1,2,4,24,12,Power
USR_01094,0,1,0,0,1,1,1,17,4.11,3,4,3,159,14,Power
USR_01095,1,1,0,0,0,0,0,8,3.99,1,2,3,349,5,Active
USR_01096,0,0,0,0,0,0,0,8,4.12,1,0,3,473,6,Basic
USR_01097,1,1,0,0,1,0,0,19,4.8,2,3,4,398,13,Power
USR_01098,1,0,0,1,1,0,1,15,4.44,2,4,3,331,11,Power
USR_01099,0,0,1,0,1,1,1,12,3.16,3,4,3,141,12,Power
USR_01100,1,0,0,0,0,0,0,13,4.51,1,1,3,269,9,Active
USR_01101,1,1,1,0,0,0,1,18,7.47,2,4,4,169,12,Power
USR_01102,1,0,0,1,1,0,1,15,7.22,2,4,3,411,12,Power
USR_01103,1,1,0,0,0,0,1,18,12.08,2,3,4,461,12,Power
USR_01104,1,0,0,0,0,1,0,6,2.37,2,2,2,64,4,Basic
USR_01105,1,0,0,0,0,0,0,15,4.08,1,1,3,93,12,Active
USR_01106,1,1,0,1,0,1,1,25,12.74,3,5,4,160,17,Champion
USR_01107,0,1,0,0,0,1,0,6,3.22,2,2,2,300,4,Basic
USR_01108,0,0,0,0,0,1,0,9,4.33,2,1,3,298,6,Active
USR_01109,0,1,0,0,1,0,0,11,9.43,1,2,3,296,8,Active
USR_01110,0,0,0,0,1,0,0,11,14.75,1,1,3,465,6,Active
USR_01111,1,0,1,0,0,1,0,8,3.33,3,3,3,118,7,Active
USR_01112,1,1,0,0,0,1,0,16,6.34,3,3,3,408,9,Power
USR_01113,0,0,1,0,0,0,0,12,4.22,1,1,3,40,10,Active
USR_01114,1,1,0,0,0,1,1,14,6.42,3,4,3,389,12,Power
USR_01115,0,0,0,0,0,1,1,15,4.02,2,2,3,497,11,Active
USR_01116,1,0,0,1,0,0,0,13,6.97,1,2,3,462,9,Active
USR_01117,1,0,1,0,0,0,1,5,2.06,2,3,2,16,5,Basic
USR_01118,0,0,1,0,1,0,1,24,9.36,2,3,4,147,22,Champion
USR_01119,0,0,0,0,0,0,0,22,6.37,1,0,4,455,11,Power
USR_01120,1,0,0,0,0,0,1,15,7.09,1,2,4,463,15,Power
USR_01121,1,0,0,0,0,0,0,11,3.09,1,1,3,110,7,Active
USR_01122,1,0,0,0,0,0,0,22,6.88,1,1,4,461,17,Power
USR_01123,0,0,0,0,0,0,1,2,2.48,1,1,2,227,4,Basic
USR_01124,1,0,0,0,0,1,0,10,7.92,2,2,3,493,6,Active
USR_01125,1,1,0,0,0,1,1,15,4.24,3,4,3,293,9,Power
USR_01126,1,0,0,1,1,1,1,18,7.57,3,5,4,439,13,Power
USR_01127,0,0,0,0,0,1,0,13,3.44,2,1,3,269,10,Active
USR_01128,1,0,0,0,0,0,1,6,3.0,1,2,2,439,4,Basic
USR_01129,1,1,1,0,1,0,1,17,6.13,2,5,4,276,12,Power
USR_01130,1,0,0,0,0,0,0,6,2.91,1,1,2,399,4,Basic
USR_01131,0,0,0,0,0,0,0,17,5.7,1,0,3,195,11,Active
USR_01132,1,0,1,0,1,0,0,13,5.02,2,3,3,193,8,Active
USR_01133,1,0,0,0,1,1,0,12,2.83,3,3,3,253,8,Active
USR_01134,0,0,0,0,1,0,0,2,3.53,1,1,2,213,1,Basic
USR_01135,1,0,0,0,0,1,1,16,3.58,3,3,3,482,8,Active
USR_01136,0,0,1,0,0,0,1,18,4.83,1,2,4,132,12,Power
USR_01137,0,0,0,0,0,0,1,4,2.54,1,1,2,187,3,Basic
USR_01138,0,1,0,0,0,0,0,14,3.43,1,1,3,80,9,Active
USR_01139,0,0,0,1,0,0,0,6,1.67,1,1,2,472,8,Basic
USR_01140,1,1,0,0,1,1,0,20,5.03,3,4,4,107,12,Power
USR_01141,1,0,1,1,1,1,1,28,11.53,3,6,4,132,19,Champion
USR_01142,1,0,1,0,0,0,1,3,0.7,2,3,2,80,2,Basic
USR_01143,0,1,1,0,1,0,1,14,3.31,2,4,3,395,6,Active
USR_01144,0,0,1,0,0,1,0,16,9.65,2,2,3,397,7,Active
USR_01145,1,0,0,0,0,0,1,14,6.47,1,2,3,488,10,Active
USR_01146,0,0,0,0,0,0,0,5,0.5,1,0,2,479,2,Dormant
USR_01147,0,0,0,0,1,0,0,15,9.75,1,1,3,336,10,Active
USR_01148,0,0,1,0,0,1,1,14,7.13,3,3,3,478,9,Power
USR_01149,1,0,1,0,0,0,0,20,6.24,1,2,4,361,15,Power
USR_01150,0,0,0,0,1,0,1,14,3.88,1,2,3,493,10,Active
USR_01151,0,0,1,0,0,0,0,22,5.81,1,1,4,37,16,Power
USR_01152,1,1,1,0,1,1,0,21,5.41,3,5,4,284,12,Power
USR_01153,1,1,1,1,1,0,1,24,10.48,2,6,4,324,14,Champion
USR_01154,1,0,0,0,1,0,1,28,7.89,2,3,4,326,19,Champion
USR_01155,0,0,0,0,0,0,0,8,3.59,1,0,2,87,3,Basic
USR_01156,1,0,0,0,1,1,0,11,5.23,3,3,3,412,9,Active
USR_01157,1,0,0,0,0,1,0,8,8.0,2,2,2,177,6,Active
USR_01158,0,0,0,0,0,0,0,6,1.65,1,0,2,437,4,Basic
USR_01159,0,0,0,0,1,0,0,5,1.88,1,1,2,194,3,Basic
USR_01160,0,0,0,0,1,0,0,12,2.23,1,1,3,365,7,Active
USR_01161,0,1,1,0,0,0,1,14,3.87,2,3,3,363,12,Active
USR_01162,0,0,1,0,0,0,1,12,6.46,1,2,3,179,9,Active
USR_01163,1,1,1,1,1,0,0,21,4.78,2,5,4,27,12,Power
USR_01164,1,0,0,0,1,1,0,18,5.0,3,3,4,447,14,Power
USR_01165,1,0,0,1,1,0,0,10,8.57,2,3,3,370,10,Active
USR_01166,0,0,0,0,0,0,0,6,3.29,1,0,2,46,3,Basic
USR_01167,1,0,0,0,0,0,0,15,6.05,1,1,3,48,9,Active
USR_01168,0,1,1,0,0,1,1,12,4.34,3,4,3,443,7,Active
USR_01169,1,1,0,1,1,0,0,16,5.64,2,4,4,242,12,Power
USR_01170,0,1,0,0,0,0,0,20,6.73,1,1,4,86,13,Power
USR_01171,0,0,0,0,1,0,0,6,1.86,1,1,2,179,5,Basic
USR_01172,1,0,0,0,1,0,1,8,3.31,2,3,2,435,3,Active
USR_01173,1,1,0,0,1,1,0,18,5.89,3,4,4,164,13,Power
USR_01174,1,0,1,0,0,0,0,2,3.01,1,2,2,70,1,Basic
USR_01175,1,1,1,0,0,0,0,23,11.4,2,3,4,145,13,Power
USR_01176,0,1,1,1,0,1,0,10,3.51,3,4,3,191,7,Active
USR_01177,0,1,0,0,0,0,0,22,6.14,1,1,4,411,15,Power
USR_01178,0,1,0,0,1,0,0,11,9.52,1,2,3,349,6,Active
USR_01179,0,0,0,0,1,0,0,12,10.48,1,1,3,371,8,Active
USR_01180,0,0,1,1,0,0,1,11,2.53,2,3,3,155,6,Active
USR_01181,0,0,0,0,1,1,1,21,8.22,3,3,4,126,15,Power
USR_01182,1,0,0,0,1,0,0,11,3.51,1,2,3,354,10,Active
USR_01183,1,0,1,0,1,0,1,17,4.61,2,4,4,425,11,Power
USR_01184,1,0,0,1,0,0,1,10,2.64,2,3,3,412,9,Active
USR_01185,1,0,0,0,0,0,0,11,3.66,1,1,3,41,8,Active
USR_01186,0,0,1,0,0,1,0,12,5.34,2,2,3,143,9,Active
USR_01187,0,0,0,0,0,1,0,9,2.55,2,1,2,111,6,Basic
USR_01188,1,0,0,0,0,0,0,14,4.38,1,1,3,189,9,Active
USR_01189,0,0,1,1,0,0,0,10,2.84,1,2,3,137,9,Active
USR_01190,0,1,0,0,1,0,1,16,4.63,2,3,4,338,11,Power
USR_01191,0,0,0,0,0,0,0,6,2.07,1,0,2,21,7,Basic
USR_01192,1,0,1,0,0,0,1,14,7.9,2,3,3,417,9,Power
USR_01193,1,1,0,1,0,1,1,25,7.74,3,5,4,269,14,Champion
USR_01194,1,1,1,0,1,1,0,11,11.19,3,5,3,165,7,Power
USR_01195,1,0,0,0,0,1,0,22,5.28,2,2,4,11,12,Power
USR_01196,0,0,0,0,0,0,0,6,1.96,1,0,2,437,5,Basic
USR_01197,1,0,1,0,0,1,0,14,3.08,3,3,3,290,11,Power
USR_01198,0,0,0,0,0,0,0,19,5.93,1,0,4,301,12,Power
USR_01199,1,0,0,1,0,0,0,4,1.75,1,2,2,277,5,Basic
USR_01200,1,1,0,0,0,1,0,26,7.56,3,3,4,196,18,Champion
USR_01201,1,0,1,0,1,1,0,15,6.95,3,4,4,236,11,Power
USR_01202,1,0,0,1,0,1,1,7,6.36,3,4,2,439,8,Active
USR_01203,1,0,1,0,0,0,1,12,7.66,2,3,3,367,10,Active
USR_01204,1,0,0,0,0,0,1,14,2.84,1,2,3,384,9,Active
USR_01205,0,0,0,0,0,0,0,7,3.08,1,0,2,414,3,Basic
USR_01206,1,0,0,0,1,1,0,19,5.14,3,3,4,25,12,Power
USR_01207,1,1,0,1,1,0,0,25,7.59,2,4,4,333,22,Champion
USR_01208,0,1,0,0,0,0,0,13,4.32,1,1,3,475,11,Active
USR_01209,0,0,0,0,1,0,0,14,4.53,1,1,3,71,9,Active
USR_01210,0,0,0,0,0,0,0,12,6.65,1,0,3,247,6,Active
USR_01211,0,0,0,0,0,0,0,10,4.33,1,0,3,413,10,Active
USR_01212,0,0,1,0,1,0,1,8,5.01,2,3,2,304,7,Active
USR_01213,1,1,0,0,1,0,1,16,5.52,2,4,3,336,12,Power
USR_01214,0,0,0,0,0,0,0,1,1.61,1,0,2,148,2,Dormant
USR_01215,1,0,0,1,0,0,1,19,5.54,2,3,4,253,16,Power
USR_01216,1,0,0,1,0,1,1,4,2.66,3,4,2,284,2,Active
USR_01217,0,1,0,0,1,0,0,9,3.76,1,2,3,222,8,Active
USR_01218,0,0,0,1,1,0,0,14,3.04,1,2,3,200,9,Active
USR_01219,0,0,0,1,0,0,0,13,4.3,1,1,3,115,9,Active
USR_01220,1,0,0,0,0,0,0,16,6.01,1,1,3,457,11,Active
USR_01221,0,0,0,0,0,0,0,13,6.66,1,0,3,275,10,Active
USR_01222,0,0,0,0,0,1,0,5,3.31,2,1,2,52,3,Basic
USR_01223,0,1,0,0,0,1,0,17,8.27,2,2,3,250,10,Power
USR_01224,0,0,1,0,0,0,1,11,8.44,1,2,3,415,9,Active
USR_01225,1,0,0,0,0,1,0,17,7.82,2,2,3,489,13,Power
USR_01226,0,1,0,0,0,0,0,7,3.45,1,1,3,380,5,Basic
USR_01227,1,1,0,0,0,0,0,10,4.58,1,2,3,114,6,Active
USR_01228,1,1,1,0,1,1,1,29,8.65,3,6,4,197,20,Champion
USR_01229,0,1,0,0,0,0,1,7,5.02,1,2,2,341,7,Active
USR_01230,1,0,0,0,0,0,0,21,10.42,1,1,4,311,14,Power
USR_01231,0,0,0,0,0,1,0,2,2.29,2,1,2,176,1,Basic
USR_01232,0,0,0,0,1,1,0,14,6.46,2,2,3,275,10,Active
USR_01233,1,0,1,0,0,0,0,16,4.96,1,2,4,469,12,Active
USR_01234,0,1,1,0,1,0,1,8,2.72,2,4,3,460,6,Active
USR_01235,0,1,1,0,1,0,1,16,4.26,2,4,3,424,13,Power
USR_01236,1,1,0,0,0,0,1,20,10.17,2,3,4,410,15,Power
USR_01237,1,0,0,1,0,0,0,22,6.56,1,2,4,7,16,Power
USR_01238,0,0,0,0,0,0,0,6,1.56,1,0,2,267,4,Basic
USR_01239,1,1,0,0,0,1,0,24,9.93,3,3,4,381,16,Champion
USR_01240,1,1,0,0,1,1,1,21,5.57,3,5,4,63,15,Champion
USR_01241,1,0,0,0,0,0,1,14,3.57,1,2,3,321,10,Active
USR_01242,0,1,0,1,0,1,0,17,4.83,3,3,4,208,14,Power
USR_01243,0,0,0,0,0,0,0,13,3.59,1,0,3,432,10,Active
USR_01244,1,1,0,0,0,0,1,10,1.94,2,3,3,169,8,Active
USR_01245,1,0,0,0,0,0,0,14,7.71,1,1,3,382,7,Active
USR_01246,1,0,0,0,0,1,0,19,8.48,2,2,4,498,14,Power
USR_01247,1,1,0,1,0,0,1,24,6.69,2,4,4,348,14,Power
USR_01248,0,0,1,0,1,1,0,23,7.71,3,3,4,145,15,Champion
USR_01249,1,1,0,1,0,0,1,13,7.06,2,4,3,194,9,Active
USR_01250,1,1,1,0,0,0,1,20,6.14,2,4,4,446,16,Power
USR_01251,0,1,0,0,0,0,0,10,6.13,1,1,2,183,4,Basic
USR_01252,0,1,1,0,1,0,0,18,5.6,2,3,4,254,14,Power
USR_01253,1,1,0,0,0,0,0,14,3.96,1,2,3,96,8,Active
USR_01254,0,0,0,0,0,0,0,13,3.72,1,0,3,393,6,Active
USR_01255,1,1,0,0,1,1,0,23,9.33,3,4,4,307,12,Champion
USR_01256,1,0,1,0,0,0,0,18,5.09,1,2,4,174,12,Power
USR_01257,1,1,0,0,0,0,1,20,5.28,2,3,4,261,13,Power
USR_01258,0,0,1,0,0,1,0,11,3.1,2,2,3,45,9,Active
USR_01259,1,1,0,0,1,0,0,18,5.14,2,3,3,57,11,Power
USR_01260,0,0,0,0,0,0,0,2,3.99,1,0,2,315,3,Basic
USR_01261,1,1,1,0,0,0,1,18,5.47,2,4,4,453,15,Power
USR_01262,1,0,1,0,1,0,1,17,4.62,2,4,4,127,14,Power
USR_01263,1,0,0,0,0,0,1,12,3.87,1,2,3,251,7,Active
USR_01264,0,0,0,1,1,0,0,19,4.66,1,2,4,382,15,Power
USR_01265,0,1,1,0,0,0,0,4,0.75,1,2,2,179,4,Basic
USR_01266,1,1,0,0,0,0,1,12,5.07,2,3,3,473,8,Active
USR_01267,0,1,1,0,0,0,0,11,3.76,1,2,3,311,8,Active
USR_01268,1,0,0,0,0,0,0,2,0.75,1,1,2,149,3,Basic
USR_01269,0,0,0,0,1,0,1,13,4.59,1,2,3,36,9,Active
USR_01270,1,0,1,0,0,0,0,20,11.91,1,2,4,497,13,Power
USR_01271,1,0,0,0,0,0,0,15,9.4,1,1,3,301,12,Active
USR_01272,0,0,0,1,1,0,0,21,7.4,1,2,4,255,15,Power
USR_01273,1,1,1,0,0,0,1,16,6.47,2,4,4,101,11,Power
USR_01274,0,0,0,1,0,0,0,4,1.51,1,1,2,223,2,Basic
USR_01275,0,0,0,1,1,0,0,8,5.51,1,2,3,21,8,Active
USR_01276,0,0,0,0,0,0,0,11,3.1,1,0,3,236,8,Active
USR_01277,1,1,0,1,1,0,1,25,6.59,2,5,4,44,16,Champion
USR_01278,0,1,1,0,0,1,1,23,6.73,3,4,4,403,16,Champion
USR_01279,0,0,0,0,1,0,1,11,4.85,1,2,3,253,4,Active
USR_01280,0,0,0,0,1,0,0,11,7.61,1,1,3,193,9,Active
USR_01281,1,0,1,0,0,0,0,7,2.09,1,2,3,452,4,Basic
USR_01282,0,0,0,0,1,0,1,10,10.7,1,2,3,208,11,Active
USR_01283,1,1,0,0,0,1,1,11,6.67,3,4,3,145,10,Power
USR_01284,1,0,0,1,0,1,0,12,6.32,3,3,3,90,13,Power
USR_01285,0,1,0,0,0,0,1,1,2.38,1,2,2,445,1,Basic
USR_01286,0,0,1,0,0,0,0,6,1.93,1,1,2,12,5,Basic
USR_01287,1,0,0,0,0,1,0,19,8.51,2,2,4,260,11,Power
USR_01288,0,0,0,0,0,1,0,16,5.87,2,1,3,398,13,Active
USR_01289,1,0,0,0,0,0,0,9,1.73,1,1,3,353,6,Basic
USR_01290,0,0,0,0,0,1,0,5,0.91,2,1,2,159,3,Basic
USR_01291,1,1,0,0,1,1,0,21,6.63,3,4,4,369,13,Power
USR_01292,1,1,0,0,0,0,1,18,8.85,2,3,4,293,15,Power
USR_01293,1,1,0,0,0,0,0,16,16.39,1,2,4,260,13,Power
USR_01294,0,0,0,0,0,0,0,12,4.37,1,0,3,477,9,Active
USR_01295,1,0,1,0,1,1,1,27,10.76,3,5,4,345,20,Champion
USR_01296,1,1,1,1,1,0,1,20,8.78,2,6,4,340,12,Champion
USR_01297,0,1,0,0,0,0,1,9,5.04,1,2,3,358,7,Active
USR_01298,0,0,0,0,0,0,0,4,2.93,1,0,2,295,6,Basic
USR_01299,1,1,0,0,0,0,0,9,3.31,1,2,3,22,6,Active
USR_01300,1,0,0,1,1,1,0,14,5.61,3,4,3,411,8,Power
USR_01301,1,1,1,1,0,0,1,21,5.73,2,5,4,289,15,Power
USR_01302,1,1,0,1,1,0,1,27,8.15,2,5,4,455,18,Champion
USR_01303,1,0,0,1,0,1,1,23,9.21,3,4,4,274,16,Champion
USR_01304,1,1,1,0,1,1,0,23,5.87,3,5,4,332,13,Champion
USR_01305,1,0,0,1,0,0,0,3,1.67,1,2,2,27,1,Basic
USR_01306,1,1,0,0,0,0,1,18,4.98,2,3,3,44,9,Power
USR_01307,1,0,0,0,0,0,0,11,5.95,1,1,3,184,9,Active
USR_01308,0,0,0,0,0,0,1,12,8.0,1,1,3,170,7,Active
USR_01309,1,1,1,0,1,0,0,21,5.64,2,4,4,206,14,Power
USR_01310,1,1,0,1,1,0,0,20,6.55,2,4,4,452,14,Power
USR_01311,0,0,0,1,0,0,0,11,2.92,1,1,3,331,9,Active
USR_01312,0,1,0,0,0,0,0,14,3.59,1,1,3,400,9,Active
USR_01313,1,1,0,0,1,0,0,26,7.59,2,3,4,202,20,Champion
USR_01314,0,0,0,0,0,1,1,14,6.82,2,2,3,461,10,Active
USR_01315,1,0,0,1,1,0,0,15,3.58,2,3,3,463,9,Active
USR_01316,0,1,1,0,1,0,0,16,9.57,2,3,4,455,11,Power
USR_01317,1,1,0,0,1,0,0,10,3.0,2,3,3,189,7,Active
USR_01318,1,0,1,0,1,1,0,8,1.0,3,4,2,143,6,Active
USR_01319,0,1,1,0,0,0,0,15,4.07,1,2,3,78,10,Active
USR_01320,1,1,0,1,0,1,0,15,5.15,3,4,3,415,10,Power
USR_01321,1,0,0,0,0,0,0,4,1.87,1,1,2,444,2,Basic
USR_01322,0,1,1,0,1,1,0,21,14.44,3,4,4,250,14,Champion
USR_01323,0,0,0,1,0,0,0,7,3.35,1,1,2,289,4,Basic
USR_01324,1,0,0,0,0,0,0,15,11.41,1,1,3,14,10,Active
USR_01325,0,1,0,1,1,1,0,11,4.04,3,4,3,200,8,Active
USR_01326,0,0,0,0,1,0,0,12,5.76,1,1,3,255,8,Active
USR_01327,0,1,1,0,0,1,1,20,6.81,3,4,4,237,11,Power
USR_01328,0,0,0,0,0,1,0,12,4.28,2,1,3,58,11,Active
USR_01329,1,0,0,1,1,0,1,7,1.62,2,4,2,428,4,Active
USR_01330,0,0,0,1,0,0,0,10,3.56,1,1,3,488,7,Active
USR_01331,0,0,0,0,1,0,0,19,7.14,1,1,4,21,12,Power
USR_01332,0,0,0,0,0,1,0,12,5.38,2,1,3,211,9,Active
USR_01333,1,1,0,0,1,1,0,21,5.4,3,4,4,397,15,Power
USR_01334,0,1,0,1,0,0,1,22,6.31,2,3,4,436,16,Power
USR_01335,0,0,0,0,0,0,0,10,4.96,1,0,3,97,10,Active
USR_01336,1,1,0,0,0,1,1,20,5.73,3,4,4,44,14,Power
USR_01337,0,0,0,1,0,0,0,10,3.44,1,1,3,401,7,Active
USR_01338,1,0,1,0,1,0,0,10,5.11,2,3,3,410,7,Active
USR_01339,1,1,0,0,0,0,0,13,5.92,1,2,3,43,10,Active
USR_01340,1,1,0,1,1,1,1,9,3.6,3,6,3,306,8,Power
USR_01341,0,0,1,0,0,1,0,12,6.59,2,2,3,378,10,Active
USR_01342,1,0,1,0,0,0,0,8,1.67,1,2,2,274,5,Basic
USR_01343,1,0,0,0,0,0,0,19,7.85,1,1,4,15,12,Power
USR_01344,1,1,0,1,1,1,0,17,9.41,3,5,3,432,12,Power
USR_01345,0,0,0,1,0,0,1,10,2.32,1,2,3,359,7,Active
USR_01346,0,0,1,0,0,0,0,15,4.58,1,1,3,169,10,Active
USR_01347,1,0,0,0,1,1,0,7,2.59,3,3,2,129,4,Active
USR_01348,0,0,0,1,0,0,0,6,1.9,1,1,2,358,3,Basic
USR_01349,0,0,0,1,1,1,1,8,3.79,3,4,3,129,5,Active
USR_01350,1,1,0,1,0,0,1,19,8.96,2,4,4,351,11,Power
USR_01351,1,1,0,0,1,0,1,19,6.98,2,4,4,32,13,Power
USR_01352,1,1,0,0,0,0,0,24,6.97,1,2,4,226,18,Power
USR_01353,1,1,0,0,0,0,0,6,1.65,1,2,2,419,3,Basic
USR_01354,0,1,0,0,1,1,1,14,4.65,3,4,3,274,10,Power
USR_01355,0,0,1,0,0,0,0,11,6.53,1,1,3,412,7,Active
USR_01356,1,1,1,0,0,0,0,25,9.15,2,3,4,198,16,Champion
USR_01357,0,0,0,0,0,0,0,10,2.07,1,0,3,47,4,Basic
USR_01358,1,0,0,0,1,0,1,6,4.88,2,3,3,405,5,Active
USR_01359,1,0,1,1,1,0,1,11,11.93,2,5,3,17,8,Power
USR_01360,1,0,0,1,1,0,1,20,5.91,2,4,4,166,14,Power
USR_01361,0,0,0,0,1,0,1,9,3.5,1,2,3,196,5,Active
USR_01362,0,0,1,0,1,1,0,20,9.69,3,3,4,257,12,Power
USR_01363,1,0,0,0,0,1,0,10,16.31,2,2,3,207,7,Active
USR_01364,1,1,0,0,0,0,0,10,6.0,1,2,3,28,8,Active
USR_01365,1,0,0,1,1,0,0,22,6.29,2,3,4,436,17,Power
USR_01366,0,0,1,0,1,0,1,15,4.29,2,3,3,100,8,Active
USR_01367,1,1,1,0,1,1,0,16,5.95,3,5,3,367,12,Power
USR_01368,1,1,1,0,0,0,0,8,2.52,2,3,3,154,5,Active
USR_01369,1,0,0,0,0,1,0,6,1.96,2,2,2,307,4,Basic
USR_01370,1,0,0,0,0,0,0,18,7.16,1,1,4,293,14,Power
USR_01371,1,0,0,0,1,0,0,10,2.86,1,2,3,182,8,Active
USR_01372,0,1,0,0,0,1,0,13,4.69,2,2,3,232,9,Active
USR_01373,1,0,1,0,0,1,0,20,5.02,3,3,4,253,14,Power
USR_01374,1,0,1,1,0,0,0,21,6.15,2,3,4,470,14,Power
USR_01375,1,0,0,0,0,0,1,14,3.48,1,2,3,31,8,Active
USR_01376,1,1,0,0,0,0,1,6,2.67,2,3,2,333,3,Basic
USR_01377,1,1,0,0,1,0,0,19,7.03,2,3,4,496,12,Power
USR_01378,0,0,0,0,0,1,1,9,2.48,2,2,3,219,6,Active
USR_01379,1,0,1,0,1,0,1,5,0.8,2,4,2,343,4,Basic
USR_01380,1,1,0,1,0,1,0,14,3.02,3,4,3,54,8,Active
USR_01381,1,0,1,0,0,0,0,27,6.98,1,2,4,474,19,Power
USR_01382,1,0,1,0,0,1,1,20,7.7,3,4,4,396,15,Champion
USR_01383,1,0,0,0,0,0,1,4,5.24,1,2,2,401,2,Basic
USR_01384,1,1,0,0,0,0,0,20,5.47,1,2,4,149,12,Power
USR_01385,0,0,0,0,1,0,0,16,5.56,1,1,3,44,10,Active
USR_01386,1,1,0,0,0,1,0,18,6.42,3,3,4,12,12,Power
USR_01387,1,0,1,1,1,1,0,24,7.84,3,5,4,154,16,Champion
USR_01388,0,0,0,0,0,0,1,11,5.04,1,1,3,207,10,Active
USR_01389,1,1,0,0,0,0,1,12,5.49,2,3,3,176,8,Active
USR_01390,1,0,1,1,1,1,0,14,4.5,3,5,3,280,8,Power
USR_01391,0,0,1,0,1,1,0,16,4.65,3,3,3,132,12,Power
USR_01392,1,1,1,0,0,0,0,6,1.84,2,3,2,446,4,Basic
USR_01393,1,0,0,0,1,0,0,13,5.82,1,2,3,85,8,Active
USR_01394,0,0,0,0,0,0,0,8,4.49,1,0,3,347,5,Basic
USR_01395,0,0,1,1,1,1,1,19,14.18,3,5,4,442,15,Champion
USR_01396,1,1,1,0,0,0,0,21,5.3,2,3,4,153,14,Power
USR_01397,1,0,0,0,0,1,0,12,3.05,2,2,3,293,8,Active
USR_01398,1,0,0,0,0,0,0,9,4.14,1,1,3,192,7,Active
USR_01399,1,1,1,1,0,0,0,15,6.87,2,4,4,29,12,Power
USR_01400,1,0,0,0,0,0,1,2,2.15,1,2,2,341,2,Basic
USR_01401,0,0,1,0,0,1,0,21,7.86,2,2,4,133,14,Power
USR_01402,1,0,1,0,0,1,0,8,3.49,3,3,3,56,6,Active
USR_01403,0,0,0,0,0,0,0,10,2.87,1,0,2,440,3,Basic
USR_01404,1,1,1,0,0,1,0,18,6.78,3,4,4,484,12,Power
USR_01405,0,0,1,1,0,1,0,24,11.4,3,3,4,378,15,Champion
USR_01406,1,0,0,1,0,0,0,13,3.82,1,2,3,275,10,Active
USR_01407,1,0,0,0,0,0,1,19,5.42,1,2,4,437,13,Power
USR_01408,0,0,0,0,0,0,0,2,0.94,1,0,2,70,2,Dormant
USR_01409,1,0,1,0,0,1,0,5,3.23,3,3,2,212,5,Active
USR_01410,1,0,1,0,1,0,0,20,5.89,2,3,4,179,16,Power
USR_01411,1,0,1,0,0,0,1,31,7.6,2,3,4,38,23,Champion
USR_01412,1,1,0,0,1,1,0,23,5.84,3,4,4,87,17,Champion
USR_01413,1,0,1,0,0,0,0,24,6.32,1,2,4,52,16,Power
USR_01414,1,1,0,0,0,0,1,27,6.64,2,3,4,22,15,Power
USR_01415,1,1,0,0,0,0,0,11,2.15,1,2,3,413,7,Active
USR_01416,0,1,0,0,1,1,0,15,3.88,3,3,3,357,10,Power
USR_01417,1,0,0,0,0,0,0,6,2.31,1,1,2,130,4,Basic
USR_01418,0,0,0,0,0,0,0,8,7.38,1,0,2,17,5,Basic
USR_01419,1,1,1,0,1,0,1,20,6.74,2,5,4,45,12,Power
USR_01420,1,0,0,1,0,0,0,9,4.24,1,2,3,366,4,Active
USR_01421,0,0,0,0,0,0,0,7,1.27,1,0,2,181,5,Basic
USR_01422,1,0,1,1,0,1,1,30,8.48,3,5,4,180,21,Champion
USR_01423,1,0,0,1,0,0,0,2,1.18,1,2,2,463,1,Basic
USR_01424,1,0,0,0,0,0,1,13,4.35,1,2,3,301,8,Active
USR_01425,0,1,1,0,0,0,1,23,6.5,2,3,4,133,15,Power
USR_01426,1,0,0,1,1,0,0,22,7.16,2,3,4,344,14,Power
USR_01427,0,0,0,0,0,1,1,21,6.15,2,2,4,264,14,Power
USR_01428,0,1,1,0,1,1,0,20,6.25,3,4,4,182,14,Power
USR_01429,1,0,0,1,0,0,0,12,4.29,1,2,3,136,7,Active
USR_01430,1,1,0,0,1,1,1,17,4.11,3,5,3,342,9,Power
USR_01431,0,0,0,0,0,0,0,18,6.64,1,0,4,473,12,Active
USR_01432,1,0,0,0,0,0,1,11,5.33,1,2,3,429,8,Active
USR_01433,0,0,0,0,1,0,0,10,3.48,1,1,3,485,11,Active
USR_01434,1,0,0,0,0,0,1,26,7.58,1,2,4,320,16,Power
USR_01435,1,0,1,0,1,1,0,21,5.39,3,4,4,461,13,Power
USR_01436,1,1,0,1,0,1,1,10,5.29,3,5,3,46,7,Active
USR_01437,0,0,0,0,0,0,0,13,5.17,1,0,3,26,12,Active
USR_01438,1,0,0,0,1,0,0,8,3.8,1,2,3,390,5,Active
USR_01439,1,1,0,0,1,1,0,11,5.4,3,4,3,26,8,Power
USR_01440,0,1,0,0,0,1,1,10,3.36,3,3,3,457,9,Active
USR_01441,1,0,0,0,1,0,1,14,4.52,2,3,3,293,8,Active
USR_01442,1,1,0,1,1,0,1,10,3.69,2,5,3,418,7,Active
USR_01443,0,0,0,0,0,0,1,5,8.33,1,1,2,54,4,Basic
USR_01444,0,1,0,0,0,0,1,9,6.82,1,2,2,363,5,Active
USR_01445,0,0,1,0,0,0,0,13,3.4,1,1,3,67,11,Active
USR_01446,1,0,0,0,1,0,1,8,2.5,2,3,3,249,8,Active
USR_01447,1,1,0,0,0,1,0,17,6.8,3,3,4,281,13,Power
USR_01448,0,0,0,0,1,0,0,4,0.98,1,1,2,281,4,Basic
USR_01449,0,0,1,0,0,1,0,13,5.97,2,2,3,483,11,Active
USR_01450,1,0,0,0,0,0,0,7,5.41,1,1,3,320,5,Active
USR_01451,1,0,1,0,0,0,0,14,8.68,1,2,3,105,14,Power
USR_01452,0,1,0,0,0,1,0,22,10.86,2,2,4,265,16,Power
USR_01453,1,1,0,1,0,1,0,25,7.22,3,4,4,412,16,Champion
USR_01454,1,1,1,0,0,1,1,17,5.14,3,5,4,272,12,Power
USR_01455,0,0,0,1,0,0,0,2,1.57,1,1,2,366,1,Dormant
USR_01456,0,1,0,0,0,0,0,12,3.44,1,1,3,262,12,Active
USR_01457,1,1,0,0,0,1,1,20,5.07,3,4,4,41,12,Power
USR_01458,1,0,0,0,0,1,0,12,2.39,2,2,3,462,5,Active
USR_01459,1,1,0,0,1,0,0,14,6.69,2,3,3,298,8,Active
USR_01460,0,0,1,0,1,0,0,6,2.93,1,2,2,16,6,Basic
USR_01461,1,1,0,0,0,1,0,13,4.45,3,3,3,303,15,Power
USR_01462,0,1,0,0,0,0,1,8,2.53,1,2,3,340,8,Active
USR_01463,1,1,1,0,1,1,0,19,5.27,3,5,4,383,10,Power
USR_01464,1,0,0,1,0,0,0,14,4.41,1,2,3,149,10,Active
USR_01465,1,1,0,1,0,0,0,6,3.32,2,3,2,497,7,Active
USR_01466,1,0,0,1,0,0,0,18,6.09,1,2,4,135,15,Power
USR_01467,1,0,1,0,0,0,0,19,4.92,1,2,4,252,13,Power
USR_01468,1,1,0,1,0,1,0,23,5.62,3,4,4,488,15,Champion
USR_01469,1,0,1,0,1,1,0,20,6.36,3,4,4,135,15,Power
USR_01470,0,0,1,0,0,0,0,24,7.35,1,1,4,367,18,Power
USR_01471,1,1,0,1,0,0,0,17,7.72,2,3,4,435,12,Power
USR_01472,0,1,0,0,1,0,1,18,4.63,2,3,4,279,14,Power
USR_01473,1,1,0,0,1,1,0,7,7.29,3,4,2,449,7,Active
USR_01474,1,0,1,0,0,0,1,10,3.12,2,3,3,126,8,Active
USR_01475,0,0,1,0,0,0,1,19,6.29,1,2,4,69,14,Power
USR_01476,0,1,1,1,0,0,0,12,5.65,2,3,3,287,7,Active
USR_01477,0,1,0,1,1,0,1,16,7.36,2,4,4,448,12,Power
USR_01478,0,0,0,1,0,0,1,16,6.01,1,2,4,195,11,Power
USR_01479,0,1,0,0,0,0,1,7,1.92,1,2,2,39,8,Basic
USR_01480,1,1,0,0,1,0,0,15,6.14,2,3,3,473,9,Active
USR_01481,0,0,0,0,0,0,0,5,1.42,1,0,2,101,7,Basic
USR_01482,0,0,0,0,0,0,0,5,2.6,1,0,2,428,7,Basic
USR_01483,1,1,0,0,0,1,1,22,7.06,3,4,4,346,16,Champion
USR_01484,0,1,0,0,1,0,0,11,3.74,1,2,3,229,7,Active
USR_01485,1,0,0,1,0,1,0,19,8.16,3,3,3,346,10,Power
USR_01486,0,0,0,1,0,0,0,4,3.67,1,1,2,166,2,Basic
USR_01487,1,1,1,0,0,0,1,19,6.97,2,4,4,486,14,Power
USR_01488,1,0,0,0,0,1,1,22,5.42,3,3,4,450,13,Power
USR_01489,0,1,0,0,0,0,0,14,3.48,1,1,3,272,9,Active
USR_01490,1,1,1,0,0,1,0,23,7.51,3,4,4,437,21,Champion
USR_01491,1,0,0,1,0,0,0,5,4.68,1,2,2,189,4,Basic
USR_01492,1,1,1,0,1,1,0,27,8.96,3,5,4,430,16,Champion
USR_01493,1,0,0,0,0,1,0,11,3.51,2,2,3,417,6,Active
USR_01494,1,0,1,1,0,1,0,19,5.25,3,4,4,422,16,Power
USR_01495,0,0,0,0,1,0,1,26,6.44,1,2,4,436,15,Power
USR_01496,0,0,0,1,0,0,0,9,4.31,1,1,3,172,7,Active
USR_01497,0,1,1,0,0,0,0,1,2.52,1,2,2,148,3,Basic
USR_01498,0,0,0,0,0,0,0,8,5.07,1,0,3,95,6,Basic
USR_01499,0,1,1,1,0,0,0,7,1.97,2,3,3,42,4,Active
USR_01500,1,0,1,0,0,0,0,19,7.03,1,2,4,49,14,Power
USR_01501,1,0,0,0,0,0,0,11,7.27,1,1,3,441,9,Active
USR_01502,0,0,1,0,1,0,0,21,7.59,1,2,4,217,16,Power
USR_01503,0,1,0,0,1,0,0,9,2.15,1,2,3,163,8,Active
USR_01504,0,0,0,0,0,0,0,6,2.74,1,0,2,88,4,Basic
USR_01505,1,0,1,0,0,0,1,14,5.29,2,3,3,121,12,Power
USR_01506,0,0,0,0,0,1,0,23,6.91,2,1,4,29,18,Power
USR_01507,0,0,0,0,0,0,1,13,8.26,1,1,3,338,9,Active
USR_01508,1,0,0,1,0,1,0,10,3.92,3,3,3,463,8,Active
USR_01509,1,1,0,0,0,0,0,23,7.61,1,2,4,105,18,Power
USR_01510,1,0,0,0,1,0,1,30,8.38,2,3,4,271,17,Champion
USR_01511,1,0,0,1,1,0,1,20,6.7,2,4,4,36,14,Power
USR_01512,1,0,0,0,1,1,0,25,7.35,3,3,4,26,15,Champion
USR_01513,1,0,0,0,0,1,0,17,3.9,2,2,3,491,9,Active
USR_01514,1,1,0,0,0,0,0,12,5.45,1,2,3,153,11,Active
USR_01515,1,0,0,1,0,0,0,2,0.59,1,2,2,331,1,Basic
USR_01516,0,1,1,0,1,0,0,21,6.94,2,3,4,492,14,Power
USR_01517,1,1,0,0,0,0,1,14,4.4,2,3,3,196,12,Power
USR_01518,1,1,0,1,0,0,0,18,6.9,2,3,4,368,14,Power
USR_01519,1,1,1,0,0,0,1,24,9.37,2,4,4,462,17,Champion
USR_01520,1,1,0,0,0,0,0,5,3.61,1,2,2,138,6,Basic
USR_01521,1,0,0,0,0,1,0,14,3.35,2,2,3,80,7,Active
USR_01522,0,0,1,0,0,0,0,11,3.25,1,1,3,61,12,Active
USR_01523,1,1,0,0,0,1,0,16,6.51,3,3,3,216,12,Power
USR_01524,1,1,1,0,1,1,0,20,9.48,3,5,4,424,14,Champion
USR_01525,1,0,1,0,0,1,1,22,9.03,3,4,4,313,16,Champion
USR_01526,0,1,1,0,0,1,0,12,3.72,3,3,3,120,12,Active
USR_01527,0,1,1,0,0,0,0,13,4.35,1,2,3,359,10,Active
USR_01528,0,0,0,0,0,0,1,12,5.9,1,1,3,324,9,Active
USR_01529,0,0,0,1,0,1,0,4,3.22,2,2,2,348,4,Basic
USR_01530,0,0,0,0,0,0,1,15,3.65,1,1,3,112,10,Active
USR_01531,0,0,1,0,0,0,0,17,5.38,1,1,4,463,11,Active
USR_01532,1,1,0,0,0,1,1,17,7.75,3,4,4,469,12,Power
USR_01533,1,0,0,0,1,1,1,29,18.8,3,4,4,220,19,Champion
USR_01534,0,0,0,0,0,1,0,7,2.33,2,1,2,428,4,Basic
USR_01535,0,1,0,0,0,0,0,23,5.44,1,1,4,122,14,Power
USR_01536,0,0,0,0,0,0,0,4,2.76,1,0,2,311,6,Basic
USR_01537,0,0,0,0,0,0,0,6,1.36,1,0,2,409,3,Basic
USR_01538,0,0,0,0,0,0,1,10,12.45,1,1,3,321,10,Active
USR_01539,1,1,1,0,1,1,0,14,3.93,3,5,3,124,10,Power
USR_01540,1,0,0,0,1,0,0,17,12.63,1,2,4,397,14,Power
USR_01541,1,1,0,0,0,0,0,11,7.12,1,2,3,31,6,Active
USR_01542,1,1,0,0,0,0,0,9,2.51,1,2,3,324,6,Active
USR_01543,1,1,1,0,1,0,1,25,8.46,2,5,4,491,17,Champion
USR_01544,1,1,0,0,0,1,0,18,9.03,3,3,4,174,13,Power
USR_01545,0,1,0,0,0,0,0,8,3.24,1,1,3,293,5,Basic
USR_01546,1,1,1,0,0,1,1,29,12.81,3,5,4,161,19,Champion
USR_01547,0,0,0,0,1,0,0,5,1.7,1,1,2,385,5,Basic
USR_01548,1,0,0,0,0,0,1,16,4.11,1,2,3,111,10,Active
USR_01549,0,0,0,0,0,0,1,10,2.75,1,1,3,67,7,Active
USR_01550,0,0,0,0,0,1,0,2,1.11,2,1,2,499,9,Basic
USR_01551,0,0,0,0,1,0,0,13,3.56,1,1,3,309,10,Active
USR_01552,1,1,0,0,0,1,0,13,4.62,3,3,3,334,10,Power
USR_01553,1,1,1,0,0,1,1,21,6.91,3,5,4,443,18,Champion
USR_01554,0,0,1,0,0,0,1,13,6.45,1,2,3,286,9,Active
USR_01555,1,0,0,0,0,0,0,5,2.62,1,1,2,426,6,Basic
USR_01556,1,0,0,0,0,0,0,8,4.81,1,1,3,17,8,Active
USR_01557,0,1,1,0,0,1,0,17,7.65,3,3,4,336,12,Power
USR_01558,1,1,1,0,0,1,0,10,5.74,3,4,3,104,7,Active
USR_01559,1,0,0,0,0,0,0,9,2.48,1,1,3,214,7,Active
USR_01560,1,0,0,1,0,1,1,14,10.36,3,4,3,429,10,Power
USR_01561,1,0,0,0,1,1,0,15,3.48,3,3,3,25,8,Active
USR_01562,0,0,0,0,0,0,0,8,1.44,1,0,2,214,3,Basic
USR_01563,1,1,1,0,1,0,1,17,12.11,2,5,4,154,13,Power
USR_01564,0,0,0,1,1,0,0,12,7.97,1,2,3,107,6,Active
USR_01565,0,1,0,1,1,1,0,16,4.2,3,4,3,113,11,Power
USR_01566,0,0,0,1,0,0,1,16,7.68,1,2,4,254,10,Power
USR_01567,1,0,0,0,1,1,0,22,5.79,3,3,4,380,12,Power
USR_01568,0,0,0,0,1,0,0,12,3.2,1,1,3,192,7,Active
USR_01569,0,1,0,0,0,1,0,7,3.63,2,2,3,408,5,Active
USR_01570,0,0,1,0,0,0,1,24,6.52,1,2,4,254,16,Power
USR_01571,1,1,0,1,0,1,1,23,8.28,3,5,4,285,14,Champion
USR_01572,1,0,0,1,0,0,0,10,4.95,1,2,3,382,8,Active
USR_01573,1,0,1,0,0,1,0,9,2.48,3,3,2,436,3,Active
USR_01574,1,0,0,0,0,0,1,28,13.3,1,2,4,114,17,Champion
USR_01575,1,1,1,0,1,1,0,21,5.5,3,5,4,372,15,Champion
USR_01576,0,1,0,0,1,1,0,13,3.44,3,3,3,308,8,Active
USR_01577,1,0,0,1,0,0,0,7,2.48,1,2,2,361,6,Basic
USR_01578,1,1,0,1,0,0,1,13,4.37,2,4,3,169,10,Active
USR_01579,1,0,1,1,0,0,1,12,3.32,2,4,3,177,9,Active
USR_01580,1,0,0,0,0,0,0,13,3.63,1,1,3,131,6,Active
USR_01581,1,0,0,0,0,1,1,14,5.62,3,3,3,435,9,Power
USR_01582,0,1,0,1,1,0,0,26,10.36,2,3,4,70,23,Champion
USR_01583,0,0,0,0,0,1,0,8,5.63,2,1,2,319,3,Basic
USR_01584,0,0,0,1,0,1,0,8,3.16,2,2,3,335,4,Active
USR_01585,0,0,1,0,0,0,0,10,2.58,1,1,3,299,7,Active
USR_01586,0,0,0,0,0,1,0,7,4.65,2,1,3,264,8,Active
USR_01587,1,0,0,0,0,1,1,5,1.57,3,3,2,170,3,Active
USR_01588,1,1,1,1,0,1,1,18,8.92,3,6,4,256,12,Champion
USR_01589,0,1,0,0,0,1,1,4,2.33,3,3,2,37,2,Basic
USR_01590,1,1,0,1,0,0,0,18,4.75,2,3,4,492,12,Power
USR_01591,1,0,0,0,0,0,0,13,3.66,1,1,3,168,12,Active
USR_01592,0,1,0,0,1,0,1,14,3.85,2,3,3,436,8,Active
USR_01593,1,0,0,1,1,0,0,6,3.31,2,3,2,218,5,Active
USR_01594,0,1,1,0,0,0,1,18,4.98,2,3,4,489,13,Power
USR_01595,0,0,0,1,0,0,0,22,5.97,1,1,4,48,14,Power
USR_01596,0,1,0,0,0,0,0,8,4.53,1,1,3,420,5,Basic
USR_01597,1,0,0,1,1,0,0,12,14.93,2,3,3,424,9,Power
USR_01598,1,1,1,1,0,1,1,13,5.27,3,6,3,445,9,Power
USR_01599,0,0,0,0,1,0,0,10,5.3,1,1,3,278,5,Active
USR_01600,1,1,0,1,0,0,0,11,3.46,2,3,3,347,9,Active
USR_01601,1,0,0,0,0,0,0,11,8.68,1,1,3,417,7,Active
USR_01602,0,1,1,1,0,1,0,11,3.04,3,4,3,164,9,Active
USR_01603,0,0,0,0,0,0,0,9,4.82,1,0,3,145,6,Basic
USR_01604,1,0,1,0,0,0,0,10,4.22,1,2,3,285,7,Active
USR_01605,1,0,1,0,0,1,0,16,3.74,3,3,3,48,9,Power
USR_01606,0,0,0,0,1,1,0,4,1.23,2,2,2,313,5,Basic
USR_01607,1,1,0,0,1,0,1,23,14.43,2,4,4,117,19,Champion
USR_01608,1,0,1,0,0,1,1,11,2.99,3,4,3,161,7,Active
USR_01609,0,0,0,0,0,1,1,10,8.1,2,2,2,223,7,Active
USR_01610,0,0,0,0,0,0,1,10,5.54,1,1,3,384,10,Active
USR_01611,0,0,0,1,0,1,0,20,4.95,2,2,4,472,13,Power
USR_01612,1,0,0,0,1,1,0,12,3.83,3,3,3,177,8,Active
USR_01613,0,1,0,0,0,0,0,6,5.57,1,1,2,328,7,Basic
USR_01614,1,1,1,1,0,0,1,23,9.42,2,5,4,495,14,Champion
USR_01615,1,0,0,0,0,0,0,13,3.45,1,1,3,436,7,Active
USR_01616,0,0,0,0,0,0,0,11,4.58,1,0,3,171,8,Active
USR_01617,0,0,1,0,1,0,0,11,3.01,1,2,3,314,8,Active
USR_01618,1,0,0,0,0,1,1,9,2.66,3,3,3,106,6,Active
USR_01619,1,0,1,1,0,1,0,18,4.77,3,4,4,301,12,Power
USR_01620,1,0,0,0,0,0,1,24,7.58,1,2,4,431,16,Power
USR_01621,1,1,0,0,0,0,0,14,5.13,1,2,3,460,9,Active
USR_01622,1,1,1,1,0,0,0,22,7.82,2,4,4,143,19,Champion
USR_01623,1,0,0,1,0,0,0,13,3.84,1,2,3,46,10,Active
USR_01624,0,0,1,1,1,0,0,14,5.76,2,3,3,382,8,Active
USR_01625,0,1,1,1,1,0,0,18,6.66,2,4,4,210,13,Power
USR_01626,0,1,1,0,0,0,0,5,2.26,1,2,2,258,6,Basic
USR_01627,1,1,0,0,0,0,0,18,11.23,1,2,4,235,14,Power
USR_01628,1,0,0,1,1,0,0,20,7.96,2,3,4,307,14,Power
USR_01629,1,0,0,0,0,0,0,6,3.61,1,1,2,203,3,Basic
USR_01630,1,0,0,0,1,0,0,19,6.63,1,2,4,91,14,Power
USR_01631,0,1,0,1,1,0,1,21,5.53,2,4,4,481,12,Power
USR_01632,0,1,0,0,0,0,0,7,3.76,1,1,2,205,5,Basic
USR_01633,1,0,1,1,0,1,0,16,6.67,3,4,3,131,13,Power
USR_01634,1,0,0,0,0,0,1,15,5.69,1,2,3,233,11,Active
USR_01635,0,1,0,0,0,0,0,9,3.53,1,1,2,208,5,Basic
USR_01636,1,1,0,1,0,1,1,15,4.72,3,5,3,484,10,Power
USR_01637,0,0,0,0,1,1,0,10,3.78,2,2,3,495,9,Active
USR_01638,1,0,0,1,0,0,0,16,6.2,1,2,3,252,9,Active
USR_01639,1,1,0,0,0,1,1,19,5.97,3,4,4,290,13,Power
USR_01640,1,1,0,0,1,0,0,6,5.2,2,3,2,17,5,Active
USR_01641,1,0,0,0,0,0,0,6,2.12,1,1,2,304,2,Basic
USR_01642,1,0,0,0,0,0,0,9,6.91,1,1,3,171,8,Active
USR_01643,0,1,1,0,0,1,1,15,4.71,3,4,3,178,10,Power
USR_01644,1,0,0,0,1,0,0,8,3.45,1,2,3,68,5,Active
USR_01645,1,1,1,0,1,0,0,24,7.56,2,4,4,425,16,Champion
USR_01646,0,1,0,0,0,0,1,7,3.61,1,2,2,217,7,Basic
USR_01647,1,0,0,0,1,0,0,23,6.07,1,2,4,294,19,Power
USR_01648,0,0,0,0,0,1,0,11,2.79,2,1,3,242,8,Active
USR_01649,1,1,0,0,1,1,1,15,3.99,3,5,3,351,15,Power
USR_01650,0,0,1,1,0,0,1,20,7.73,2,3,4,30,14,Power
USR_01651,1,1,1,0,0,0,1,12,4.75,2,4,3,83,10,Active
USR_01652,0,0,0,0,0,0,0,4,6.12,1,0,2,280,8,Basic
USR_01653,0,1,0,0,0,0,0,14,3.59,1,1,3,471,9,Active
USR_01654,1,1,0,1,0,1,1,17,3.82,3,5,3,262,11,Power
USR_01655,0,0,1,0,1,0,0,14,3.87,1,2,3,455,10,Active
USR_01656,0,0,1,0,0,1,1,15,5.55,3,3,3,182,8,Power
USR_01657,1,0,1,0,0,0,0,9,4.88,1,2,3,11,5,Active
USR_01658,1,0,0,0,1,0,1,21,7.84,2,3,4,387,13,Power
USR_01659,0,0,0,0,0,0,0,10,3.28,1,0,3,445,6,Basic
USR_01660,0,1,1,0,1,0,0,15,5.56,2,3,3,434,10,Active
USR_01661,0,0,0,0,1,0,1,14,5.18,1,2,3,280,13,Active
USR_01662,0,0,0,0,0,1,0,6,2.84,2,1,2,266,5,Basic
USR_01663,0,0,0,0,0,0,0,24,7.04,1,0,4,321,18,Power
USR_01664,1,1,0,0,0,0,1,22,6.04,2,3,4,475,13,Power
USR_01665,1,0,0,0,0,0,0,8,3.69,1,1,3,229,8,Active
USR_01666,0,0,1,0,0,1,0,6,5.05,2,2,2,481,3,Basic
USR_01667,1,1,1,0,0,1,0,8,3.79,3,4,2,111,7,Active
USR_01668,1,1,0,1,1,0,1,21,5.34,2,5,4,300,20,Champion
USR_01669,1,0,0,0,0,1,1,7,3.52,3,3,3,331,5,Active
USR_01670,1,1,0,0,1,1,1,25,15.37,3,5,4,455,17,Champion
USR_01671,0,1,0,0,0,0,0,11,2.62,1,1,3,275,6,Active
USR_01672,0,0,1,0,0,0,0,5,2.75,1,1,2,197,5,Basic
USR_01673,0,1,1,0,0,0,0,14,4.8,1,2,3,312,11,Active
USR_01674,0,0,1,1,0,0,0,6,2.75,1,2,2,96,4,Basic
USR_01675,0,0,0,0,0,0,0,6,2.93,1,0,2,358,9,Basic
USR_01676,0,1,0,0,0,1,0,11,2.99,2,2,3,419,8,Active
USR_01677,0,0,0,0,0,1,0,13,4.65,2,1,3,326,9,Active
USR_01678,1,0,0,0,0,1,0,5,2.08,2,2,2,408,3,Basic
USR_01679,1,1,0,0,1,1,0,7,4.66,3,4,3,288,5,Active
USR_01680,0,0,0,0,0,0,0,8,7.58,1,0,2,242,5,Basic
USR_01681,1,1,0,0,0,1,1,11,3.76,3,4,3,487,11,Power
USR_01682,0,0,0,0,0,0,0,6,1.63,1,0,2,448,4,Basic
USR_01683,0,0,0,0,1,1,0,9,2.31,2,2,3,65,8,Active
USR_01684,1,0,0,0,0,0,0,16,3.82,1,1,3,464,12,Active
USR_01685,0,0,0,0,0,0,0,5,2.37,1,0,2,430,6,Basic
USR_01686,0,0,0,0,0,0,0,5,2.89,1,0,2,63,6,Basic
USR_01687,0,0,0,0,1,0,0,9,2.63,1,1,3,57,5,Basic
USR_01688,1,0,1,0,1,1,1,22,5.48,3,5,4,118,14,Champion
USR_01689,0,1,0,0,1,0,0,16,4.48,1,2,3,187,9,Active
USR_01690,0,1,0,0,1,0,0,19,4.72,1,2,4,318,11,Power
USR_01691,1,0,0,0,0,0,0,15,8.01,1,1,3,181,11,Active
USR_01692,0,0,0,0,0,0,0,12,3.1,1,0,3,68,6,Active
USR_01693,0,0,1,0,0,0,0,7,8.12,1,1,3,405,6,Active
USR_01694,1,1,0,0,0,1,0,11,4.42,3,3,3,209,5,Active
USR_01695,1,0,1,0,0,0,1,17,4.59,2,3,3,363,10,Power
USR_01696,1,0,0,0,0,0,1,14,4.36,1,2,3,235,9,Active
USR_01697,1,0,0,1,0,0,1,10,3.28,2,3,3,318,9,Active
USR_01698,0,0,0,0,0,0,0,5,1.71,1,0,2,157,5,Basic
USR_01699,1,1,0,0,0,0,0,17,4.8,1,2,4,253,11,Power
USR_01700,0,0,1,0,0,1,0,14,6.62,2,2,3,458,13,Power
USR_01701,0,0,1,1,0,0,1,29,10.66,2,3,4,168,21,Champion
USR_01702,1,0,0,1,0,1,1,24,10.93,3,4,4,219,17,Champion
USR_01703,1,1,0,1,1,1,0,6,1.86,3,5,3,370,7,Active
USR_01704,1,1,1,0,0,1,0,21,6.5,3,4,4,168,15,Power
USR_01705,1,1,0,0,1,0,1,23,9.19,2,4,4,27,14,Champion
USR_01706,0,0,0,0,0,1,1,2,2.66,2,2,2,287,1,Basic
USR_01707,1,0,1,0,0,1,0,16,4.49,3,3,3,295,10,Power
USR_01708,0,0,0,0,1,0,0,3,5.45,1,1,2,192,2,Basic
USR_01709,0,1,0,0,0,0,0,8,3.26,1,1,3,225,6,Active
USR_01710,1,0,0,0,0,0,0,11,2.64,1,1,3,97,8,Active
USR_01711,1,0,0,1,1,0,0,26,6.11,2,3,4,214,16,Power
USR_01712,0,0,0,0,0,1,0,11,2.71,2,1,3,66,8,Active
USR_01713,0,0,1,0,1,0,1,9,2.07,2,3,3,223,6,Active
USR_01714,1,0,1,1,0,0,1,22,6.67,2,4,4,451,15,Power
USR_01715,1,0,0,0,0,1,0,23,9.16,2,2,4,40,16,Power
USR_01716,0,1,1,0,0,0,1,17,7.01,2,3,4,335,13,Power
USR_01717,1,0,0,1,0,1,1,14,3.49,3,4,3,22,11,Power
USR_01718,0,0,0,0,0,1,0,5,3.81,2,1,2,119,1,Basic
USR_01719,0,0,0,0,0,0,0,7,4.18,1,0,3,81,6,Basic
USR_01720,0,0,0,0,0,0,0,4,3.27,1,0,2,294,5,Basic
USR_01721,0,0,0,0,0,0,1,16,4.58,1,1,3,207,9,Active
USR_01722,1,0,1,0,1,0,1,13,4.67,2,4,3,248,8,Active
USR_01723,1,0,0,0,1,0,1,16,10.03,2,3,4,73,13,Power
USR_01724,0,0,0,0,0,1,1,15,5.56,2,2,4,62,13,Power
USR_01725,1,0,0,0,0,0,0,17,4.31,1,1,3,299,10,Active
USR_01726,0,1,0,0,0,0,0,9,2.23,1,1,3,285,7,Active
USR_01727,1,1,0,0,1,1,1,27,8.01,3,5,4,352,21,Champion
USR_01728,1,1,0,0,0,0,0,21,6.87,1,2,4,121,15,Power
USR_01729,1,0,0,0,0,1,1,17,4.26,3,3,3,296,9,Power
USR_01730,0,0,0,0,1,0,0,12,4.3,1,1,3,229,9,Active
USR_01731,1,1,1,0,1,1,0,24,6.16,3,5,4,78,17,Champion
USR_01732,1,0,0,1,0,0,0,13,7.89,1,2,3,116,9,Active
USR_01733,1,1,0,0,0,0,0,27,10.48,1,2,4,268,17,Champion
USR_01734,0,1,0,0,0,1,0,15,3.63,2,2,3,316,7,Active
USR_01735,1,1,0,1,1,0,1,27,7.82,2,5,4,240,19,Champion
USR_01736,1,0,0,1,0,0,0,14,4.33,1,2,3,446,9,Active
USR_01737,1,1,0,1,1,0,1,24,9.03,2,5,4,198,17,Champion
USR_01738,0,0,0,1,0,1,1,12,2.7,3,3,3,150,9,Active
USR_01739,0,0,0,1,0,0,0,9,9.42,1,1,3,244,8,Active
USR_01740,1,0,1,1,0,0,0,10,7.77,2,3,3,248,8,Active
USR_01741,0,0,0,0,0,0,1,13,3.0,1,1,3,319,7,Active
USR_01742,1,0,0,1,0,0,0,7,5.84,1,2,3,87,9,Active
USR_01743,1,0,1,1,0,0,1,19,7.49,2,4,4,326,15,Power
USR_01744,1,0,0,0,0,0,0,15,4.58,1,1,4,275,13,Active
USR_01745,0,1,0,0,0,1,0,6,2.05,2,2,2,497,6,Basic
USR_01746,1,0,1,0,1,0,0,22,6.42,2,3,4,140,16,Power
USR_01747,1,1,1,1,1,1,0,20,8.32,3,6,4,36,15,Champion
USR_01748,0,0,0,0,1,0,0,4,1.81,1,1,2,279,2,Basic
USR_01749,0,0,0,0,0,1,0,19,5.54,2,1,4,449,14,Power
USR_01750,0,0,1,1,0,0,1,28,10.48,2,3,4,311,18,Champion
USR_01751,1,1,1,0,1,0,0,11,5.55,2,4,3,384,7,Active
USR_01752,1,0,0,0,0,0,1,21,6.15,1,2,4,179,14,Power
USR_01753,0,1,1,0,0,0,1,8,3.43,2,3,3,319,10,Active
USR_01754,1,0,0,0,0,1,0,17,5.13,2,2,3,452,12,Power
USR_01755,1,1,1,0,1,0,0,20,6.08,2,4,4,49,14,Power
USR_01756,0,0,0,0,1,0,0,16,4.92,1,1,4,117,12,Active
USR_01757,0,0,0,0,1,1,0,7,1.78,2,2,2,127,5,Basic
USR_01758,0,0,0,0,0,1,1,11,3.24,2,2,3,487,10,Active
USR_01759,1,0,1,0,0,0,1,13,7.53,2,3,3,362,9,Active
USR_01760,0,0,0,0,0,0,0,2,1.2,1,0,2,384,3,Dormant
USR_01761,0,0,1,0,1,1,1,15,7.11,3,4,3,268,9,Power
USR_01762,0,0,1,1,0,0,0,17,6.14,1,2,4,284,11,Power
USR_01763,0,0,0,0,0,1,1,6,4.98,2,2,2,344,8,Active
USR_01764,1,0,0,0,1,1,0,18,9.38,3,3,4,441,11,Power
USR_01765,1,0,0,0,0,1,1,17,5.48,3,3,4,198,13,Power
USR_01766,0,0,0,0,0,0,1,9,2.47,1,1,3,307,8,Active
USR_01767,1,1,1,0,0,0,0,27,8.65,2,3,4,390,17,Champion
USR_01768,1,1,0,1,1,0,1,20,8.12,2,5,4,68,13,Power
USR_01769,0,1,1,0,0,0,0,13,3.76,1,2,3,299,9,Active
USR_01770,0,0,0,0,0,1,0,6,1.91,2,1,3,490,8,Active
USR_01771,0,1,1,0,0,0,0,8,3.55,1,2,2,160,4,Basic
USR_01772,1,0,0,0,0,0,1,2,6.67,1,2,2,207,3,Basic
USR_01773,1,0,0,1,0,1,0,16,4.08,3,3,3,258,10,Power
USR_01774,0,0,0,0,0,0,0,10,3.63,1,0,3,241,11,Active
USR_01775,1,0,0,0,0,0,0,6,2.14,1,1,2,190,3,Basic
USR_01776,0,0,1,1,0,0,0,17,5.15,1,2,4,439,13,Power
USR_01777,1,0,1,0,0,1,1,14,6.5,3,4,3,315,11,Power
USR_01778,0,0,1,0,0,0,0,9,2.68,1,1,3,32,5,Basic
USR_01779,1,0,1,0,1,0,0,17,4.04,2,3,3,54,9,Active
USR_01780,0,1,0,1,0,0,1,14,4.02,2,3,3,478,9,Active
USR_01781,0,0,1,0,0,0,0,15,10.01,1,1,3,233,11,Active
USR_01782,0,1,0,0,0,0,1,9,8.58,1,2,3,421,8,Active
USR_01783,0,0,0,0,0,0,0,4,2.63,1,0,2,161,3,Basic
USR_01784,1,1,0,0,0,0,0,15,8.02,1,2,3,329,10,Active
USR_01785,0,0,1,0,0,0,1,19,9.58,1,2,4,494,12,Power
USR_01786,0,1,1,0,0,0,0,14,4.42,1,2,3,367,9,Active
USR_01787,1,1,0,0,0,0,1,10,2.65,2,3,3,276,6,Active
USR_01788,0,1,0,0,1,1,0,21,6.42,3,3,4,90,15,Power
USR_01789,1,0,1,1,0,0,0,18,5.98,2,3,4,401,14,Power
USR_01790,0,0,0,0,0,0,0,11,3.93,1,0,3,347,7,Active
USR_01791,0,0,0,0,0,0,0,7,2.34,1,0,3,290,5,Basic
USR_01792,1,0,1,0,0,0,1,8,2.24,2,3,3,490,9,Active
USR_01793,1,0,0,0,0,0,0,12,4.03,1,1,3,138,7,Active
USR_01794,1,0,0,1,0,0,0,12,5.7,1,2,3,416,10,Active
USR_01795,1,0,0,1,0,0,0,7,3.0,1,2,3,286,7,Active
USR_01796,0,0,1,1,0,0,0,12,4.12,1,2,3,256,7,Active
USR_01797,0,1,0,1,1,1,0,17,4.28,3,4,4,391,11,Power
USR_01798,0,0,0,0,1,0,0,5,0.9,1,1,2,380,3,Basic
USR_01799,1,0,1,0,0,0,0,2,2.27,1,2,2,423,3,Basic
USR_01800,1,0,1,1,0,1,1,22,6.27,3,5,4,301,16,Champion
USR_01801,0,1,0,0,0,1,0,12,4.48,2,2,3,92,11,Active
USR_01802,0,0,0,1,0,0,0,18,4.62,1,1,4,254,12,Active
USR_01803,0,0,1,0,1,0,1,20,5.03,2,3,4,271,12,Power
USR_01804,0,0,0,0,0,0,0,12,4.46,1,0,3,124,7,Active
USR_01805,0,0,0,0,1,1,1,14,4.1,3,3,3,100,11,Power
USR_01806,0,0,0,0,1,0,0,14,4.92,1,1,3,440,9,Active
USR_01807,0,0,0,0,0,1,0,9,3.08,2,1,3,288,7,Active
USR_01808,0,0,0,0,0,1,0,12,7.89,2,1,3,490,8,Active
USR_01809,0,1,0,0,0,0,0,18,5.63,1,1,4,297,13,Power
USR_01810,0,1,0,0,0,0,1,17,5.08,1,2,4,330,12,Power
USR_01811,0,0,0,0,0,0,0,17,4.18,1,0,3,187,10,Active
USR_01812,0,0,0,0,0,0,0,17,6.59,1,0,4,37,15,Power
USR_01813,0,0,0,0,0,1,0,11,3.12,2,1,3,105,7,Active
USR_01814,1,1,0,0,0,0,1,10,8.01,2,3,3,56,5,Active
USR_01815,1,1,0,0,0,0,1,13,3.71,2,3,3,379,8,Active
USR_01816,0,1,0,0,0,1,0,14,3.34,2,2,3,465,9,Active
USR_01817,0,0,1,0,1,0,0,18,4.79,1,2,3,450,10,Active
USR_01818,1,1,0,1,0,1,0,20,6.05,3,4,4,408,12,Power
USR_01819,1,1,0,0,0,1,1,20,6.53,3,4,4,208,15,Power
USR_01820,1,1,1,0,1,1,1,29,7.8,3,6,4,244,17,Champion
USR_01821,1,0,1,1,0,0,1,24,7.53,2,4,4,97,17,Champion
USR_01822,1,0,0,0,0,0,1,12,7.96,1,2,3,126,7,Active
USR_01823,0,0,1,1,1,0,0,14,5.85,2,3,3,80,9,Active
USR_01824,0,1,0,0,0,1,0,8,5.25,2,2,2,490,6,Active
USR_01825,0,1,1,0,0,0,0,24,5.99,1,2,4,494,13,Power
USR_01826,1,0,0,0,0,0,0,12,2.75,1,1,3,472,7,Active
USR_01827,1,0,1,0,0,0,0,15,4.94,1,2,3,464,11,Active
USR_01828,1,0,0,1,0,1,1,5,2.83,3,4,2,415,4,Active
USR_01829,0,0,0,0,0,1,0,6,1.57,2,1,2,199,7,Basic
USR_01830,0,1,0,0,0,0,0,11,3.99,1,1,3,292,8,Active
USR_01831,1,0,0,1,1,0,1,24,7.2,2,4,4,315,16,Champion
USR_01832,1,0,0,0,1,0,0,21,5.79,1,2,4,137,14,Power
USR_01833,0,0,0,0,0,0,0,14,4.4,1,0,3,327,9,Active
USR_01834,0,0,0,0,0,0,0,3,3.82,1,0,2,267,4,Basic
USR_01835,1,1,0,0,1,0,0,5,3.2,2,3,2,405,5,Active
USR_01836,0,1,0,1,1,1,0,19,10.28,3,4,4,365,18,Champion
USR_01837,1,1,1,0,0,0,1,15,4.31,2,4,4,261,10,Power
USR_01838,1,0,0,0,0,0,0,10,6.16,1,1,3,411,6,Active
USR_01839,1,0,0,1,1,0,1,16,5.9,2,4,3,365,10,Power
USR_01840,1,0,1,0,0,0,0,20,5.16,1,2,4,35,12,Power
USR_01841,0,0,0,0,0,0,0,16,4.91,1,0,3,205,11,Active
USR_01842,1,1,0,0,1,0,0,13,4.16,2,3,3,235,12,Active
USR_01843,1,1,1,0,0,0,1,18,5.27,2,4,4,51,13,Power
USR_01844,0,0,0,0,0,0,0,3,2.83,1,0,2,31,4,Basic
USR_01845,0,0,0,0,0,0,1,13,4.26,1,1,3,189,8,Active
USR_01846,1,1,0,0,1,0,0,16,7.72,2,3,3,107,8,Power
USR_01847,1,1,1,0,1,0,0,14,4.8,2,4,3,8,12,Power
USR_01848,0,1,1,0,1,0,0,15,4.49,2,3,4,370,12,Power
USR_01849,1,0,0,0,0,0,0,11,2.8,1,1,3,345,6,Active
USR_01850,1,0,0,0,1,0,0,16,5.55,1,2,4,476,14,Power
USR_01851,1,0,0,0,1,1,1,7,1.99,3,4,2,394,6,Active
USR_01852,0,0,1,0,1,0,0,28,6.76,1,2,4,75,17,Power
USR_01853,1,1,0,1,0,0,0,25,6.52,2,3,4,432,17,Champion
USR_01854,0,0,1,0,1,1,0,18,9.42,3,3,4,468,14,Power
USR_01855,1,0,0,1,0,0,0,18,5.26,1,2,4,241,11,Power
USR_01856,1,0,0,1,0,0,0,13,4.97,1,2,3,385,7,Active
USR_01857,0,0,0,0,0,0,0,6,7.99,1,0,3,148,9,Active
USR_01858,1,1,0,0,0,0,0,22,5.92,1,2,4,50,18,Power
USR_01859,0,0,0,0,1,1,0,8,2.44,2,2,3,163,6,Active
USR_01860,1,0,1,1,1,0,1,21,7.34,2,5,4,70,13,Power
USR_01861,0,0,1,0,0,0,0,9,9.43,1,1,2,329,4,Active
USR_01862,1,0,0,1,0,0,1,18,5.68,2,3,4,369,12,Power
USR_01863,0,1,0,0,0,0,0,9,5.3,1,1,2,103,4,Basic
USR_01864,0,1,1,0,1,1,0,14,4.0,3,4,3,39,12,Power
USR_01865,1,0,0,1,0,1,0,17,5.26,3,3,4,36,12,Power
USR_01866,0,1,0,0,1,0,0,9,3.76,1,2,3,404,8,Active
USR_01867,0,1,0,0,0,0,1,16,5.47,1,2,4,205,13,Power
USR_01868,1,0,0,0,0,1,0,7,8.17,2,2,3,365,7,Active
USR_01869,1,0,0,0,1,0,0,14,5.22,1,2,3,203,10,Active
USR_01870,0,0,0,0,0,0,0,5,3.24,1,0,2,315,4,Basic
USR_01871,0,0,0,0,0,0,1,8,2.54,1,1,3,86,7,Basic
USR_01872,1,0,1,0,0,1,1,20,6.66,3,4,4,284,13,Power
USR_01873,1,0,0,0,0,0,0,11,2.76,1,1,3,95,8,Active
USR_01874,0,0,0,1,0,0,0,16,4.05,1,1,3,300,9,Active
USR_01875,0,0,1,0,1,0,0,13,7.3,1,2,3,110,11,Active
USR_01876,1,0,0,0,0,0,0,5,6.77,1,1,2,291,6,Basic
USR_01877,1,0,1,0,1,0,0,29,6.87,2,3,4,72,18,Champion
USR_01878,1,0,0,0,0,1,0,13,4.0,2,2,3,355,7,Active
USR_01879,1,0,0,0,0,0,0,7,5.94,1,1,3,432,6,Active
USR_01880,0,1,0,1,1,1,0,21,8.3,3,4,4,177,17,Champion
USR_01881,0,0,0,1,0,0,0,13,5.61,1,1,3,460,8,Active
USR_01882,1,0,1,1,0,1,0,9,3.25,3,4,3,490,7,Active
USR_01883,0,0,0,0,0,1,0,16,5.79,2,1,3,121,12,Active
USR_01884,0,0,0,0,1,0,1,13,5.07,1,2,3,259,13,Active
USR_01885,1,0,0,1,0,1,1,14,3.88,3,4,3,405,10,Power
USR_01886,1,0,0,0,0,0,0,8,10.21,1,1,3,317,5,Active
USR_01887,0,0,0,0,0,0,0,5,3.74,1,0,2,398,3,Basic
USR_01888,1,0,0,0,1,0,0,12,4.98,1,2,3,449,10,Active
USR_01889,1,0,0,1,0,1,0,15,10.95,3,3,3,221,13,Power
USR_01890,0,0,0,0,1,0,0,17,5.7,1,1,4,350,13,Active
USR_01891,0,1,0,0,0,1,0,7,1.64,2,2,2,133,6,Basic
USR_01892,1,0,0,0,0,0,0,5,4.75,1,1,2,322,6,Basic
USR_01893,1,0,0,0,0,0,0,8,2.56,1,1,3,284,7,Basic
USR_01894,1,0,0,0,1,0,1,19,6.71,2,3,4,106,15,Power
USR_01895,0,1,0,0,0,0,0,18,4.87,1,1,3,173,13,Active
USR_01896,0,1,1,1,0,1,1,13,5.9,3,5,3,206,7,Power
USR_01897,1,0,0,0,0,0,0,8,4.0,1,1,3,375,5,Basic
USR_01898,0,0,0,0,0,1,0,12,3.43,2,1,3,317,12,Active
USR_01899,1,1,0,0,0,0,0,9,4.06,1,2,3,63,8,Active
USR_01900,0,1,0,0,0,0,0,16,4.99,1,1,3,115,10,Active
USR_01901,1,1,0,0,0,1,0,17,4.0,3,3,3,326,10,Power
USR_01902,0,0,1,0,0,0,0,5,1.96,1,1,2,46,4,Basic
USR_01903,1,1,1,1,0,0,1,29,9.05,2,5,4,60,18,Champion
USR_01904,1,1,1,1,0,0,1,28,9.26,2,5,4,315,19,Champion
USR_01905,1,0,1,1,0,1,1,25,7.87,3,5,4,355,15,Champion
USR_01906,0,0,0,0,0,0,0,13,3.88,1,0,3,437,10,Active
USR_01907,0,0,0,0,0,0,1,12,3.41,1,1,3,14,8,Active
USR_01908,1,1,0,1,0,0,1,22,4.98,2,4,4,288,15,Power
USR_01909,1,1,1,0,1,0,0,20,8.04,2,4,4,30,15,Power
USR_01910,0,0,0,1,0,1,0,20,5.98,2,2,4,172,16,Power
USR_01911,0,0,0,1,0,0,0,16,3.95,1,1,3,78,11,Active
USR_01912,1,1,0,1,0,0,1,20,6.63,2,4,4,132,17,Power
USR_01913,1,0,0,0,1,1,0,24,6.21,3,3,4,94,17,Champion
USR_01914,1,0,0,0,0,1,0,3,1.05,2,2,2,27,6,Basic
USR_01915,0,0,1,1,0,0,0,20,10.2,1,2,4,139,16,Power
USR_01916,1,0,0,1,1,0,0,24,6.01,2,3,4,455,14,Power
USR_01917,0,0,1,0,1,0,1,8,4.19,2,3,3,374,7,Active
USR_01918,0,0,0,0,0,0,0,3,1.7,1,0,2,191,3,Basic
USR_01919,0,1,0,1,0,0,1,28,8.17,2,3,4,340,21,Champion
USR_01920,0,1,0,0,1,1,1,18,6.36,3,4,4,394,10,Power
USR_01921,1,0,0,0,0,0,1,4,2.4,1,2,2,212,5,Basic
USR_01922,1,1,1,1,1,0,0,27,6.42,2,5,4,239,19,Champion
USR_01923,1,1,0,0,1,0,0,20,8.25,2,3,4,223,14,Power
USR_01924,1,0,1,0,0,0,1,21,5.52,2,3,4,307,13,Power
USR_01925,0,0,1,0,0,0,0,9,2.49,1,1,3,333,6,Basic
USR_01926,0,0,0,0,0,1,0,1,7.41,2,1,2,232,5,Basic
USR_01927,0,1,0,1,1,1,0,20,8.93,3,4,4,54,13,Power
USR_01928,1,1,1,0,0,1,1,13,5.18,3,5,3,13,10,Power
USR_01929,1,0,0,0,1,0,0,14,3.77,1,2,3,276,9,Active
USR_01930,0,0,0,0,0,1,0,10,1.66,2,1,2,394,6,Basic
USR_01931,0,0,1,0,0,0,1,10,4.11,1,2,3,98,6,Active
USR_01932,1,0,0,1,1,1,0,23,7.24,3,4,4,372,16,Champion
USR_01933,1,1,0,0,0,0,1,17,3.99,2,3,3,55,11,Power
USR_01934,1,1,0,0,0,0,0,19,5.33,1,2,3,57,10,Active
USR_01935,0,0,0,0,1,1,1,21,5.94,3,3,4,126,14,Power
USR_01936,1,0,1,1,1,0,0,8,4.75,2,4,2,164,6,Active
USR_01937,0,1,1,0,1,1,0,17,4.93,3,4,3,441,12,Power
USR_01938,1,1,1,1,0,0,0,22,7.05,2,4,4,296,14,Power
USR_01939,0,1,0,0,0,0,0,5,2.25,1,1,2,34,2,Basic
USR_01940,0,0,1,0,0,0,1,13,3.87,1,2,3,22,8,Active
USR_01941,0,1,0,0,1,0,1,9,4.65,2,3,3,465,7,Active
USR_01942,0,1,1,1,0,1,0,21,5.52,3,4,4,286,15,Power
USR_01943,0,0,0,0,0,0,1,5,5.82,1,1,2,460,2,Basic
USR_01944,1,1,0,0,0,0,0,9,2.44,1,2,3,148,7,Active
USR_01945,0,0,1,0,0,0,0,7,2.54,1,1,2,41,3,Basic
USR_01946,0,0,0,1,0,0,0,13,7.98,1,1,3,402,12,Active
USR_01947,1,0,0,0,0,0,0,5,2.53,1,1,2,124,8,Basic
USR_01948,0,0,0,0,1,1,0,17,4.64,2,2,4,314,11,Power
USR_01949,0,0,0,0,0,1,0,1,2.47,2,1,2,164,2,Basic
USR_01950,0,1,0,0,0,0,0,13,3.45,1,1,3,21,10,Active
USR_01951,0,1,0,0,0,0,0,18,6.84,1,1,4,371,11,Power
USR_01952,0,1,1,1,1,0,0,13,3.12,2,4,3,180,7,Active
USR_01953,0,1,0,0,0,0,0,5,3.7,1,1,2,249,5,Basic
USR_01954,0,0,1,0,0,1,1,16,3.75,3,3,3,49,11,Power
USR_01955,1,0,1,0,0,1,1,21,8.32,3,4,4,144,16,Champion
USR_01956,1,1,0,1,0,0,0,19,9.47,2,3,4,153,15,Power
USR_01957,1,0,0,0,0,0,0,15,4.14,1,1,3,30,8,Active
USR_01958,1,0,1,0,0,1,0,10,7.3,3,3,3,243,5,Active
USR_01959,1,0,1,1,1,1,0,23,7.26,3,5,4,290,15,Champion
USR_01960,1,0,1,0,1,0,0,17,8.86,2,3,4,33,11,Power
USR_01961,0,0,0,0,0,0,0,7,3.98,1,0,2,302,5,Basic
USR_01962,0,1,0,0,1,0,0,12,4.07,1,2,3,269,6,Active
USR_01963,1,0,0,0,0,0,0,6,2.35,1,1,2,220,4,Basic
USR_01964,0,0,0,0,1,0,0,30,6.91,1,1,4,361,16,Power
USR_01965,0,0,0,0,0,0,0,11,3.02,1,0,3,296,7,Active
USR_01966,0,0,0,0,0,1,0,8,6.56,2,1,2,295,5,Active
USR_01967,1,0,0,0,0,0,0,9,5.83,1,1,3,141,8,Active
USR_01968,0,0,0,0,1,0,0,13,10.87,1,1,3,114,10,Active
USR_01969,1,0,0,0,0,0,0,11,3.33,1,1,3,121,9,Active
USR_01970,1,1,0,0,0,0,1,13,7.96,2,3,3,48,10,Power
USR_01971,1,0,0,0,0,0,0,17,5.34,1,1,4,304,11,Active
USR_01972,0,0,0,0,0,0,0,3,2.54,1,0,2,150,3,Basic
USR_01973,1,0,0,0,0,1,1,20,5.63,3,3,4,373,15,Power
USR_01974,1,0,0,0,0,1,1,8,2.43,3,3,3,344,6,Active
USR_01975,0,0,0,0,0,0,0,6,6.13,1,0,2,242,2,Basic
USR_01976,0,0,0,0,0,0,0,3,2.47,1,0,2,284,4,Basic
USR_01977,0,0,0,0,1,1,0,17,8.77,2,2,4,223,12,Power
USR_01978,1,1,1,0,1,0,0,19,5.02,2,4,4,51,14,Power
USR_01979,0,0,0,0,1,0,1,16,5.96,1,2,4,322,13,Power
USR_01980,0,0,0,1,0,1,0,7,2.34,2,2,2,422,6,Basic
USR_01981,0,0,0,1,1,0,1,12,3.86,2,3,3,176,9,Active
USR_01982,1,1,0,0,0,1,1,13,6.28,3,4,3,390,10,Power
USR_01983,1,1,0,1,1,1,1,19,8.2,3,6,4,311,12,Champion
USR_01984,0,0,0,0,0,0,0,9,7.67,1,0,3,242,6,Active
USR_01985,1,0,0,0,0,0,1,3,0.54,1,2,2,440,3,Basic
USR_01986,1,0,0,1,0,1,0,9,5.76,3,3,3,491,9,Active
USR_01987,0,1,1,0,0,0,0,13,3.21,1,2,3,48,7,Active
USR_01988,0,0,1,0,0,1,1,17,4.12,3,3,3,356,13,Power
USR_01989,1,0,0,0,0,0,1,22,5.92,1,2,4,271,14,Power
USR_01990,1,0,1,1,0,1,0,22,5.67,3,4,4,28,14,Power
USR_01991,0,1,0,0,1,0,0,14,4.66,1,2,3,23,7,Active
USR_01992,0,0,0,0,1,1,0,10,4.44,2,2,3,361,7,Active
USR_01993,1,1,0,0,1,0,0,10,8.59,2,3,3,67,7,Active
USR_01994,1,1,0,1,0,0,0,8,2.83,2,3,3,237,4,Active
USR_01995,0,0,0,0,0,0,0,17,4.38,1,0,4,291,11,Active
USR_01996,1,0,0,0,0,1,0,7,4.91,2,2,3,244,5,Active
USR_01997,0,1,0,0,0,1,0,8,3.76,2,2,2,302,4,Active
USR_01998,1,0,0,1,0,0,0,19,9.76,1,2,4,7,13,Power
USR_01999,0,0,0,0,0,1,1,22,7.65,2,2,4,58,14,Power
USR_02000,1,1,0,0,0,1,1,12,9.67,3,4,3,425,8,Power
USR_02001,1,0,1,0,1,0,1,13,4.67,2,4,3,118,5,Active
USR_02002,1,0,0,1,0,0,0,18,7.86,1,2,4,206,11,Power
USR_02003,1,1,0,0,0,1,1,18,5.02,3,4,4,196,13,Power
USR_02004,0,0,0,0,1,0,0,19,5.7,1,1,4,18,16,Power
USR_02005,1,1,0,0,0,0,1,21,5.48,2,3,4,495,19,Power
USR_02006,1,0,1,0,0,0,0,10,8.95,1,2,3,102,6,Active
USR_02007,0,0,0,0,0,0,0,9,3.72,1,0,3,448,6,Basic
USR_02008,0,0,0,0,0,0,0,15,4.07,1,0,3,131,8,Active
USR_02009,1,1,0,1,0,1,1,16,7.96,3,5,3,242,12,Power
USR_02010,1,1,0,0,1,1,1,11,4.46,3,5,3,157,10,Power
USR_02011,1,0,1,0,1,0,1,19,8.5,2,4,4,379,14,Power
USR_02012,1,0,1,1,0,0,0,20,4.18,2,3,4,178,10,Power
USR_02013,0,0,0,0,0,0,0,3,1.02,1,0,2,76,1,Dormant
USR_02014,0,0,1,0,1,0,0,9,4.69,1,2,3,356,6,Active
USR_02015,0,1,0,0,1,1,1,21,4.9,3,4,4,238,18,Power
USR_02016,0,0,0,0,0,0,0,11,1.88,1,0,3,256,5,Basic
USR_02017,1,0,1,0,0,1,0,16,5.55,3,3,4,93,12,Power
USR_02018,0,1,1,0,1,0,0,23,7.26,2,3,4,174,16,Power
USR_02019,1,1,0,1,0,0,1,2,0.99,2,4,2,177,4,Basic
USR_02020,0,1,1,1,0,0,1,20,8.14,2,4,4,239,13,Power
USR_02021,0,0,0,0,0,0,0,18,4.26,1,0,3,488,8,Active
USR_02022,0,0,0,1,0,0,0,14,5.13,1,1,3,172,12,Active
USR_02023,1,0,0,0,0,1,0,4,4.24,2,2,2,382,4,Basic
USR_02024,0,1,1,0,1,1,0,26,6.02,3,4,4,416,14,Champion
USR_02025,0,0,0,0,1,0,0,13,3.65,1,1,3,228,14,Active
USR_02026,0,1,0,0,0,0,0,9,2.61,1,1,3,46,6,Basic
USR_02027,0,0,0,0,0,1,0,6,4.48,2,1,2,139,5,Basic
USR_02028,1,0,1,0,0,1,1,19,5.61,3,4,4,159,13,Power
USR_02029,1,1,0,1,1,0,1,18,5.99,2,5,4,104,16,Power
USR_02030,1,0,0,0,1,0,0,25,8.41,1,2,4,492,18,Power
USR_02031,0,1,0,1,0,1,0,23,6.48,3,3,4,382,15,Power
USR_02032,0,0,0,0,0,0,0,9,4.67,1,0,3,363,6,Basic
USR_02033,1,0,0,0,0,0,0,7,2.58,1,1,3,125,9,Active
USR_02034,0,0,1,1,0,0,0,14,4.26,1,2,3,396,9,Active
USR_02035,1,0,0,0,0,0,0,20,7.24,1,1,4,493,15,Power
USR_02036,0,0,0,0,0,0,1,8,2.27,1,1,3,55,7,Active
USR_02037,0,1,0,0,0,0,0,8,3.36,1,1,3,472,5,Basic
USR_02038,0,1,0,0,1,1,0,16,4.03,3,3,3,75,10,Power
USR_02039,0,0,0,0,0,1,0,11,4.68,2,1,3,132,6,Active
USR_02040,1,0,1,1,0,0,0,19,4.17,2,3,3,27,11,Power
USR_02041,1,1,0,0,0,0,0,9,4.76,1,2,3,195,11,Active
USR_02042,0,0,1,1,1,0,0,20,7.13,2,3,4,483,13,Power
USR_02043,1,1,0,0,0,0,1,11,5.8,2,3,3,365,5,Active
USR_02044,0,1,0,0,1,0,0,5,4.06,1,2,2,151,3,Basic
USR_02045,1,0,0,0,0,0,0,16,4.38,1,1,3,278,8,Active
USR_02046,0,0,1,0,1,0,1,8,3.39,2,3,3,324,5,Active
USR_02047,1,1,1,0,1,0,0,27,9.63,2,4,4,88,20,Champion
USR_02048,0,0,0,0,0,0,0,2,4.6,1,0,2,404,2,Basic
USR_02049,0,1,1,0,0,1,0,23,9.71,3,3,4,457,15,Champion
USR_02050,1,1,1,1,0,1,0,8,5.18,3,5,3,416,7,Active
USR_02051,1,0,0,1,1,0,0,17,4.06,2,3,4,179,12,Power
USR_02052,1,0,1,0,0,0,0,13,2.69,1,2,3,29,8,Active
USR_02053,1,1,0,0,0,0,0,4,2.34,1,2,2,71,6,Basic
USR_02054,1,1,1,0,0,0,1,14,9.19,2,4,3,142,9,Power
USR_02055,1,0,0,0,0,0,0,9,8.06,1,1,3,112,8,Active
USR_02056,0,0,0,0,0,0,0,13,4.51,1,0,3,103,11,Active
USR_02057,1,0,1,0,0,1,0,10,5.68,3,3,3,483,10,Active
USR_02058,1,0,1,1,1,0,0,14,5.04,2,4,3,103,10,Power
USR_02059,1,0,0,0,0,0,0,14,8.28,1,1,3,226,8,Active
USR_02060,0,0,0,0,1,0,0,14,5.14,1,1,3,239,8,Active
USR_02061,0,0,0,0,0,1,0,14,7.9,2,1,3,290,10,Active
USR_02062,1,0,0,0,0,1,1,21,5.98,3,3,4,13,16,Power
USR_02063,1,0,0,0,0,0,0,19,11.06,1,1,4,450,14,Power
USR_02064,0,0,0,0,0,0,1,6,2.9,1,1,2,31,4,Basic
USR_02065,1,0,0,0,0,0,0,11,8.05,1,1,3,382,8,Active
USR_02066,1,1,1,0,1,1,0,19,9.84,3,5,4,339,15,Champion
USR_02067,1,0,1,0,0,1,1,9,3.23,3,4,3,197,7,Active
USR_02068,1,1,0,1,1,0,1,22,5.37,2,5,4,412,18,Champion
USR_02069,1,0,0,1,0,0,0,11,4.04,1,2,3,59,6,Active
USR_02070,1,1,1,0,1,1,0,23,6.09,3,5,4,187,15,Champion
USR_02071,1,1,0,1,1,1,1,20,6.47,3,6,4,38,15,Champion
USR_02072,0,1,0,0,1,0,1,10,3.87,2,3,3,330,6,Active
USR_02073,1,1,1,0,1,0,0,22,10.09,2,4,4,497,14,Champion
USR_02074,1,0,0,0,0,1,0,6,1.93,2,2,2,228,6,Basic
USR_02075,0,1,1,1,0,1,0,17,4.92,3,4,3,450,14,Power
USR_02076,0,1,1,0,1,1,0,14,5.71,3,4,3,277,12,Power
USR_02077,1,0,0,0,1,0,0,10,7.13,1,2,3,63,7,Active
USR_02078,0,0,1,1,0,0,1,16,4.78,2,3,4,425,11,Power
USR_02079,0,0,1,1,0,0,0,8,1.31,1,2,2,467,5,Basic
USR_02080,0,0,0,0,0,1,0,8,4.0,2,1,2,395,3,Basic
USR_02081,0,1,0,0,0,1,0,7,4.96,2,2,3,53,7,Active
USR_02082,1,1,1,0,0,1,0,10,4.56,3,4,3,298,6,Active
USR_02083,0,0,0,0,0,0,0,12,4.95,1,0,3,63,7,Active
USR_02084,1,0,1,1,0,1,1,29,7.02,3,5,4,73,18,Champion
USR_02085,1,0,0,0,0,0,0,6,1.34,1,1,2,410,4,Basic
USR_02086,0,1,0,1,0,0,0,14,3.85,1,2,3,98,12,Active
USR_02087,1,0,1,0,1,1,1,22,6.97,3,5,4,72,14,Champion
USR_02088,0,0,0,1,1,1,0,15,3.95,3,3,3,341,10,Power
USR_02089,0,0,0,0,0,0,0,11,4.99,1,0,3,31,8,Active
USR_02090,1,1,1,0,0,1,0,7,2.95,3,4,3,55,10,Active
USR_02091,0,0,0,1,0,0,0,10,3.05,1,1,3,248,8,Active
USR_02092,1,0,0,0,0,1,1,23,6.11,3,3,4,32,16,Champion
USR_02093,0,0,1,0,0,0,1,10,6.23,1,2,3,40,4,Active
USR_02094,1,0,0,0,0,0,0,5,1.75,1,1,2,17,5,Basic
USR_02095,0,0,0,0,0,0,0,10,7.12,1,0,3,268,4,Active
USR_02096,0,0,0,0,0,1,1,6,1.68,2,2,2,162,4,Basic
USR_02097,1,0,0,1,0,0,1,6,3.33,2,3,3,9,6,Active
USR_02098,0,1,0,1,0,0,1,9,7.33,2,3,3,361,6,Active
USR_02099,0,1,0,0,0,0,0,6,1.09,1,1,2,71,3,Basic
USR_02100,1,1,0,0,0,1,1,24,6.23,3,4,4,244,18,Champion
USR_02101,0,0,0,0,0,0,1,14,4.84,1,1,3,293,11,Active
USR_02102,1,0,0,0,0,0,1,20,7.02,1,2,4,411,13,Power
USR_02103,1,0,0,0,1,0,1,12,2.42,2,3,3,439,9,Active
USR_02104,1,0,0,0,0,1,1,24,6.8,3,3,4,496,18,Champion
USR_02105,1,0,0,0,0,1,0,14,3.35,2,2,3,151,10,Active
USR_02106,1,0,1,0,0,0,0,12,3.03,1,2,3,467,5,Active
USR_02107,1,1,1,0,0,0,0,14,5.22,2,3,3,216,10,Active
USR_02108,0,0,1,0,0,0,0,9,4.74,1,1,3,226,6,Active
USR_02109,1,1,0,1,1,1,0,18,11.87,3,5,4,264,14,Champion
USR_02110,0,1,1,0,0,0,0,14,7.26,1,2,3,52,8,Active
USR_02111,1,1,1,1,0,1,0,13,9.75,3,5,3,447,13,Power
USR_02112,0,0,0,1,0,0,0,16,8.73,1,1,4,115,10,Power
USR_02113,0,0,0,0,1,1,0,18,4.53,2,2,4,143,12,Power
USR_02114,0,0,1,0,0,0,0,16,14.73,1,1,3,316,8,Power
USR_02115,1,0,0,1,0,0,0,12,3.1,1,2,3,484,10,Active
USR_02116,1,0,0,0,1,0,1,1,0.94,2,3,2,95,4,Basic
USR_02117,0,0,0,0,0,0,0,1,2.27,1,0,2,105,2,Dormant
USR_02118,0,0,0,0,0,0,0,6,1.52,1,0,2,456,3,Basic
USR_02119,1,0,1,0,0,0,0,13,6.05,1,2,3,135,9,Active
USR_02120,1,0,1,1,0,0,0,18,6.85,2,3,4,143,14,Power
USR_02121,0,0,0,0,0,1,0,18,6.14,2,1,4,485,17,Power
USR_02122,1,0,0,0,0,0,0,7,5.55,1,1,2,361,3,Basic
USR_02123,0,0,0,0,0,0,0,3,1.43,1,0,2,100,2,Dormant
USR_02124,0,0,0,0,0,0,0,14,3.33,1,0,3,481,6,Active
USR_02125,0,1,1,0,0,1,0,18,6.79,3,3,4,331,16,Power
USR_02126,0,0,0,0,0,0,0,6,3.74,1,0,2,393,2,Basic
USR_02127,0,1,0,0,0,1,0,13,4.07,2,2,3,399,11,Active
USR_02128,0,1,0,1,0,1,0,23,6.2,3,3,4,7,14,Power
USR_02129,1,1,0,1,1,0,0,14,3.93,2,4,3,329,8,Active
USR_02130,0,1,0,0,1,0,0,10,4.74,1,2,3,135,8,Active
USR_02131,1,0,0,0,0,0,0,22,7.02,1,1,4,36,16,Power
USR_02132,0,1,0,0,1,0,0,14,4.36,1,2,3,491,9,Active
USR_02133,1,1,0,0,0,0,1,18,9.37,2,3,4,139,15,Power
USR_02134,1,0,0,0,1,0,0,10,4.99,1,2,3,461,8,Active
USR_02135,0,1,1,0,0,0,0,6,1.98,1,2,3,364,7,Basic
USR_02136,1,0,1,1,0,1,0,10,2.54,3,4,3,365,7,Active
USR_02137,1,1,0,0,0,0,0,14,2.99,1,2,3,39,8,Active
USR_02138,1,0,1,0,0,0,0,6,7.4,1,2,3,194,7,Active
USR_02139,0,0,1,0,0,1,0,13,6.25,2,2,3,80,10,Active
USR_02140,0,1,0,1,0,1,0,14,5.91,3,3,3,257,12,Power
USR_02141,1,0,1,0,1,0,0,9,1.99,2,3,3,410,5,Active
USR_02142,1,0,1,1,0,0,1,23,7.53,2,4,4,35,15,Champion
USR_02143,0,0,0,1,1,0,1,20,13.97,2,3,4,221,17,Champion
USR_02144,0,0,0,0,0,1,1,7,4.12,2,2,2,218,5,Active
USR_02145,0,0,0,0,0,0,0,8,5.16,1,0,3,374,5,Basic
USR_02146,1,1,1,0,0,0,0,9,2.95,2,3,2,339,5,Active
USR_02147,0,0,0,0,1,0,0,9,1.62,1,1,2,191,5,Basic
USR_02148,1,1,0,0,0,0,1,11,5.18,2,3,3,147,9,Active
USR_02149,1,0,1,0,0,0,0,8,4.25,1,2,3,297,11,Active
USR_02150,1,1,0,0,0,1,0,16,5.39,3,3,3,133,8,Power
USR_02151,0,1,1,1,1,0,0,22,5.94,2,4,4,149,16,Power
USR_02152,1,1,0,1,0,0,1,24,7.37,2,4,4,181,17,Champion
USR_02153,0,0,1,0,0,0,0,10,6.41,1,1,3,90,10,Active
USR_02154,0,0,0,0,0,0,0,9,2.03,1,0,3,283,7,Basic
USR_02155,1,1,1,0,0,1,0,16,5.15,3,4,3,332,11,Power
USR_02156,0,0,0,0,1,1,0,14,3.94,2,2,3,8,9,Active
USR_02157,0,0,0,0,1,0,0,9,2.51,1,1,3,337,5,Basic
USR_02158,1,0,0,0,0,0,0,10,4.53,1,1,3,456,4,Active
USR_02159,0,0,0,0,1,1,0,6,2.7,2,2,2,391,5,Basic
USR_02160,1,1,0,0,0,0,1,8,3.02,2,3,3,213,7,Active
USR_02161,0,1,0,0,1,0,0,11,4.2,1,2,3,347,7,Active
USR_02162,0,1,0,0,0,1,1,7,2.69,3,3,3,317,6,Active
USR_02163,0,0,0,0,0,0,1,14,3.37,1,1,3,258,11,Active
USR_02164,1,0,0,0,0,0,0,15,4.13,1,1,3,130,8,Active
USR_02165,0,1,0,0,0,1,1,10,2.76,3,3,3,405,7,Active
USR_02166,0,1,0,0,0,1,0,16,4.92,2,2,3,200,11,Active
USR_02167,1,0,0,0,1,0,0,15,6.5,1,2,3,461,12,Active
USR_02168,1,0,0,0,0,0,0,6,2.02,1,1,2,144,5,Basic
USR_02169,0,0,0,0,0,0,0,17,6.55,1,0,4,226,12,Active
USR_02170,1,1,0,0,1,0,0,12,2.99,2,3,3,174,11,Active
USR_02171,0,1,0,0,0,0,1,12,3.51,1,2,3,420,9,Active
USR_02172,1,1,0,0,0,1,0,9,3.75,3,3,3,198,8,Active
USR_02173,1,0,0,0,0,0,0,9,4.11,1,1,3,229,11,Active
USR_02174,1,0,0,0,0,1,1,16,4.51,3,3,3,217,8,Power
USR_02175,1,0,0,0,0,1,1,10,2.82,3,3,3,148,9,Active
USR_02176,1,1,1,0,1,0,0,15,4.96,2,4,3,353,13,Power
USR_02177,0,0,1,1,0,1,1,26,7.51,3,4,4,19,18,Champion
USR_02178,1,0,1,0,0,1,0,19,8.28,3,3,4,335,13,Power
USR_02179,1,1,0,0,1,1,0,24,9.05,3,4,4,40,20,Champion
USR_02180,1,0,0,0,0,0,0,14,5.01,1,1,3,446,9,Active
USR_02181,1,0,1,0,0,0,0,9,2.72,1,2,3,279,7,Active
USR_02182,1,1,0,1,0,1,0,7,5.27,3,4,2,52,8,Active
USR_02183,1,0,1,0,0,0,1,21,5.47,2,3,4,51,13,Power
USR_02184,1,0,1,0,0,1,0,11,7.53,3,3,3,377,7,Active
USR_02185,1,0,0,0,0,1,0,11,2.78,2,2,3,399,8,Active
USR_02186,1,0,1,1,1,1,0,23,8.11,3,5,4,233,16,Champion
USR_02187,1,0,0,0,1,0,1,20,11.19,2,3,4,318,14,Power
USR_02188,0,1,0,0,0,0,1,22,7.36,1,2,4,335,15,Power
USR_02189,0,1,1,1,0,0,1,24,6.7,2,4,4,76,18,Champion
USR_02190,1,1,1,1,1,0,1,13,8.51,2,6,3,17,10,Power
USR_02191,1,0,1,0,0,0,0,25,9.02,1,2,4,373,18,Power
USR_02192,1,1,0,0,0,0,1,14,4.75,2,3,3,491,8,Active
USR_02193,0,0,1,1,0,0,0,11,4.09,1,2,3,268,7,Active
USR_02194,1,1,0,1,0,0,0,2,3.76,2,3,2,395,3,Basic
USR_02195,0,1,0,0,0,0,0,8,4.07,1,1,3,264,10,Active
USR_02196,0,1,0,1,0,1,0,19,7.2,3,3,4,75,16,Power
USR_02197,0,1,0,0,0,0,1,24,5.81,1,2,4,339,15,Power
USR_02198,1,0,0,0,0,0,1,3,1.29,1,2,2,459,4,Basic
USR_02199,0,0,1,1,0,0,0,9,3.46,1,2,3,154,11,Active
USR_02200,1,1,0,0,0,1,0,23,6.63,3,3,4,272,14,Power
USR_02201,0,1,0,0,0,0,0,22,7.46,1,1,4,375,17,Power
USR_02202,0,1,1,1,0,0,1,19,4.94,2,4,4,125,12,Power
USR_02203,1,0,0,0,0,1,0,19,7.1,2,2,4,368,13,Power
USR_02204,0,1,1,1,1,0,0,17,4.48,2,4,4,309,13,Power
USR_02205,1,0,1,0,0,0,0,21,7.44,1,2,4,288,14,Power
USR_02206,0,0,1,0,0,0,0,5,1.17,1,1,2,395,3,Basic
USR_02207,1,0,0,0,0,1,0,16,4.84,2,2,4,47,12,Power
USR_02208,0,1,0,0,0,0,0,20,6.81,1,1,4,44,13,Power
USR_02209,1,0,0,0,1,1,0,10,2.97,3,3,3,114,10,Active
USR_02210,0,0,1,0,0,0,0,5,1.93,1,1,2,353,2,Basic
USR_02211,0,1,0,0,0,0,1,13,4.66,1,2,3,268,10,Active
USR_02212,1,1,0,1,0,1,0,20,8.36,3,4,4,481,14,Champion
USR_02213,1,1,0,1,1,0,1,22,6.28,2,5,4,221,16,Champion
USR_02214,0,0,1,0,0,1,0,17,4.05,2,2,3,421,9,Active
USR_02215,1,1,1,0,0,0,1,10,4.13,2,4,3,281,9,Active
USR_02216,1,0,0,0,0,1,0,11,2.83,2,2,3,450,6,Active
USR_02217,0,0,0,1,0,0,0,11,3.61,1,1,3,385,7,Active
USR_02218,0,1,0,0,1,0,0,8,10.12,1,2,3,57,8,Active
USR_02219,0,0,0,1,0,1,0,12,5.26,2,2,3,23,8,Active
USR_02220,1,0,1,1,1,0,0,16,4.63,2,4,4,42,14,Power
USR_02221,1,0,0,0,0,1,1,7,3.41,3,3,2,353,6,Active
USR_02222,1,0,0,0,0,1,1,3,1.72,3,3,2,59,1,Basic
USR_02223,1,0,0,1,1,0,0,10,9.2,2,3,3,416,11,Active
USR_02224,0,0,0,1,1,1,1,16,7.94,3,4,4,316,11,Power
USR_02225,0,1,0,0,0,0,1,7,3.56,1,2,3,314,8,Active
USR_02226,0,0,0,1,1,1,0,15,6.9,3,3,3,32,12,Power
USR_02227,0,0,0,0,1,0,0,10,10.62,1,1,3,177,8,Active
USR_02228,1,1,0,0,0,0,0,15,4.99,1,2,3,101,10,Active
USR_02229,0,0,0,0,0,0,0,4,0.74,1,0,2,37,1,Dormant
USR_02230,0,1,0,0,0,0,0,8,2.2,1,1,3,433,5,Basic
USR_02231,0,1,0,0,0,0,0,22,5.3,1,1,4,429,13,Power
USR_02232,0,1,0,1,1,0,0,17,4.38,2,3,4,80,14,Power
USR_02233,1,1,0,0,0,0,0,16,5.7,1,2,4,450,11,Power
USR_02234,0,0,0,0,0,0,0,3,0.54,1,0,2,73,3,Dormant
USR_02235,0,0,0,0,0,0,0,5,2.89,1,0,2,115,1,Basic
USR_02236,0,0,1,0,0,0,1,15,3.89,1,2,3,134,8,Active
USR_02237,1,0,0,0,1,0,0,9,4.5,1,2,2,49,3,Basic
USR_02238,0,1,1,0,0,0,0,20,5.32,1,2,4,289,16,Power
USR_02239,0,1,1,0,0,0,0,17,3.16,1,2,3,149,9,Active
USR_02240,0,0,0,0,0,0,1,10,7.32,1,1,3,323,5,Active
USR_02241,1,0,1,0,0,0,1,14,4.41,2,3,3,298,11,Active
USR_02242,1,1,0,0,1,0,0,25,6.89,2,3,4,416,15,Power
USR_02243,1,0,0,0,0,0,0,6,9.53,1,1,2,464,3,Basic
USR_02244,0,0,1,0,1,0,0,20,9.06,1,2,4,178,15,Power
USR_02245,1,0,1,1,0,0,1,25,6.86,2,4,4,184,21,Champion
USR_02246,1,1,1,0,0,0,0,12,5.61,2,3,3,351,8,Active
USR_02247,1,0,1,0,0,1,0,25,6.88,3,3,4,458,15,Champion
USR_02248,1,0,1,1,0,0,1,11,6.98,2,4,3,334,14,Power
USR_02249,1,1,1,0,0,0,0,24,9.08,2,3,4,352,19,Champion
USR_02250,0,0,1,0,0,1,0,21,5.16,2,2,4,50,12,Power
USR_02251,1,1,0,0,0,1,0,19,8.94,3,3,4,39,14,Power
USR_02252,1,0,0,0,0,0,1,12,7.21,1,2,3,167,9,Active
USR_02253,1,0,0,0,0,1,0,8,2.78,2,2,3,108,7,Active
USR_02254,0,0,0,0,0,1,0,10,8.29,2,1,3,132,8,Active
USR_02255,0,1,0,0,0,1,1,11,1.5,3,3,2,89,6,Active
USR_02256,1,1,1,1,1,0,1,27,10.16,2,6,4,472,17,Champion
USR_02257,1,1,0,0,0,0,0,18,4.56,1,2,4,72,14,Power
USR_02258,0,0,0,1,0,0,0,20,5.4,1,1,4,155,11,Power
USR_02259,1,1,1,0,0,1,0,25,6.9,3,4,4,228,18,Champion
USR_02260,1,0,0,0,1,0,0,12,3.87,1,2,3,312,9,Active
USR_02261,0,0,0,0,0,1,1,19,6.34,2,2,4,249,12,Power
USR_02262,0,0,1,1,1,0,0,14,4.64,2,3,3,320,12,Active
USR_02263,1,0,0,0,1,1,0,13,7.89,3,3,3,362,10,Power
USR_02264,0,1,0,0,0,0,0,7,0.91,1,1,2,195,3,Basic
USR_02265,0,1,0,0,0,0,0,12,1.92,1,1,2,303,4,Basic
USR_02266,1,0,1,0,0,0,1,19,6.59,2,3,4,363,13,Power
USR_02267,0,1,0,1,0,1,0,18,4.19,3,3,4,357,10,Power
USR_02268,0,0,0,0,0,1,0,3,1.6,2,1,2,373,5,Basic
USR_02269,1,0,0,0,0,0,1,5,3.05,1,2,2,468,3,Basic
USR_02270,1,1,0,1,1,0,1,22,7.82,2,5,4,198,18,Champion
USR_02271,1,0,0,0,0,0,0,20,7.5,1,1,4,66,14,Power
USR_02272,1,0,0,1,0,1,0,11,3.59,3,3,3,132,9,Active
USR_02273,1,0,1,0,1,1,0,7,2.31,3,4,3,263,8,Active
USR_02274,1,0,1,1,1,0,0,26,7.41,2,4,4,449,16,Champion
USR_02275,1,1,0,0,1,0,0,19,5.12,2,3,4,358,11,Power
USR_02276,0,0,0,0,0,1,0,2,1.84,2,1,2,374,2,Basic
USR_02277,1,0,0,0,1,1,1,15,5.97,3,4,3,8,11,Power
USR_02278,1,1,0,1,0,0,1,4,0.78,2,4,2,300,5,Basic
USR_02279,1,0,0,0,1,0,1,16,5.5,2,3,3,86,11,Power
USR_02280,1,0,0,0,0,1,0,13,4.45,2,2,3,301,12,Active
USR_02281,0,0,0,1,0,0,0,4,1.55,1,1,2,299,3,Basic
USR_02282,1,1,0,1,0,0,0,19,4.62,2,3,4,147,12,Power
USR_02283,1,0,1,0,0,0,0,12,5.92,1,2,3,350,7,Active
USR_02284,1,0,0,1,1,0,1,21,9.74,2,4,4,337,15,Champion
USR_02285,0,1,1,0,0,0,0,18,4.18,1,2,3,465,10,Active
USR_02286,1,1,0,1,1,0,0,10,2.34,2,4,3,162,4,Active
USR_02287,1,1,1,0,1,0,0,20,7.53,2,4,4,283,14,Power
USR_02288,1,0,0,0,0,0,0,9,2.22,1,1,3,140,5,Basic
USR_02289,0,0,0,0,0,0,0,9,5.43,1,0,3,426,6,Active
USR_02290,0,0,0,0,0,0,1,10,5.85,1,1,3,481,10,Active
USR_02291,1,0,1,1,0,0,0,8,5.69,2,3,3,115,8,Active
USR_02292,0,1,1,1,1,1,0,13,3.9,3,5,3,164,16,Power
USR_02293,0,0,0,0,1,0,0,3,1.93,1,1,2,483,5,Basic
USR_02294,0,1,0,0,0,1,0,7,1.87,2,2,2,210,3,Basic
USR_02295,0,0,0,0,0,0,0,8,2.98,1,0,3,438,10,Active
USR_02296,1,1,0,0,0,0,1,6,7.62,2,3,2,171,3,Active
USR_02297,1,1,1,1,1,1,0,23,9.59,3,6,4,312,15,Champion
USR_02298,1,1,1,0,0,0,0,13,2.88,2,3,3,11,8,Active
USR_02299,0,0,1,0,1,0,0,14,7.23,1,2,3,71,13,Active
USR_02300,1,1,1,0,0,0,0,18,6.8,2,3,4,71,15,Power
USR_02301,0,0,0,0,0,0,0,10,3.66,1,0,3,242,9,Active
USR_02302,1,1,0,1,0,0,0,12,3.8,2,3,3,247,9,Active
USR_02303,1,0,0,0,0,1,0,8,4.82,2,2,3,333,8,Active
USR_02304,1,0,0,1,0,0,1,20,4.05,2,3,3,434,13,Power
USR_02305,0,1,1,1,0,1,1,25,9.18,3,5,4,15,14,Champion
USR_02306,1,0,0,0,0,0,0,10,2.37,1,1,3,197,6,Active
USR_02307,1,0,0,1,0,1,0,26,9.31,3,3,4,343,15,Champion
USR_02308,0,1,0,0,0,1,1,13,8.43,3,3,3,318,9,Power
USR_02309,1,0,0,1,0,0,1,15,7.02,2,3,3,134,8,Active
USR_02310,0,0,1,0,0,1,1,16,4.75,3,3,4,196,13,Power
USR_02311,0,0,1,1,1,0,0,5,4.11,2,3,2,469,4,Active
USR_02312,0,1,1,0,0,0,0,16,6.98,1,2,4,326,13,Power
USR_02313,1,1,1,0,0,0,0,21,5.84,2,3,4,290,13,Power
USR_02314,0,1,1,0,1,0,0,15,17.16,2,3,4,220,10,Power
USR_02315,0,1,0,0,1,0,0,10,1.87,1,2,3,43,5,Active
USR_02316,1,0,0,1,1,0,0,9,5.32,2,3,3,375,5,Active
USR_02317,0,1,0,0,0,0,0,26,8.01,1,1,4,421,15,Power
USR_02318,0,0,0,0,1,0,0,8,2.45,1,1,3,131,7,Basic
USR_02319,0,1,0,0,0,0,0,15,4.15,1,1,3,222,10,Active
USR_02320,1,0,0,0,0,1,0,8,2.3,2,2,3,407,6,Active
USR_02321,1,0,0,0,0,0,0,10,1.39,1,1,2,389,6,Basic
USR_02322,1,0,1,1,0,1,0,15,4.46,3,4,3,359,11,Power
USR_02323,0,0,0,0,1,0,0,4,2.17,1,1,2,37,2,Basic
USR_02324,1,0,1,0,0,0,0,14,7.03,1,2,3,50,10,Active
USR_02325,1,1,0,0,0,0,0,16,5.86,1,2,4,74,12,Power
USR_02326,0,1,0,0,1,1,0,12,4.63,3,3,3,153,7,Active
USR_02327,0,0,0,1,1,0,0,9,2.85,1,2,3,24,9,Active
USR_02328,0,0,0,0,0,0,0,8,1.0,1,0,2,333,6,Basic
USR_02329,0,0,0,1,1,1,0,23,7.08,3,3,4,50,15,Power
USR_02330,0,0,1,1,0,1,0,13,4.34,3,3,3,319,10,Power
USR_02331,1,1,0,0,0,0,0,21,6.52,1,2,4,97,14,Power
USR_02332,0,1,0,0,0,1,1,6,2.19,3,3,2,344,4,Active
USR_02333,1,0,0,1,0,0,0,19,3.65,1,2,3,450,10,Active
USR_02334,0,0,0,0,0,0,0,20,7.97,1,0,4,314,15,Power
USR_02335,1,0,0,0,0,1,1,13,6.58,3,3,3,365,6,Active
USR_02336,1,0,0,0,0,0,0,9,2.87,1,1,3,54,6,Active
USR_02337,1,0,0,0,1,0,0,6,1.55,1,2,2,301,3,Basic
USR_02338,0,0,0,0,0,0,0,9,2.24,1,0,3,188,5,Basic
USR_02339,0,0,0,0,0,0,0,3,1.15,1,0,2,423,3,Basic
USR_02340,0,0,1,1,0,1,0,13,3.82,3,3,3,396,10,Power
USR_02341,0,1,0,0,0,0,0,6,3.75,1,1,2,226,3,Basic
USR_02342,0,0,1,1,0,0,0,19,6.64,1,2,4,36,16,Power
USR_02343,1,0,1,1,0,0,1,24,7.36,2,4,4,109,18,Champion
USR_02344,1,0,0,1,0,1,0,17,5.78,3,3,4,69,11,Power
USR_02345,0,0,1,0,0,0,0,10,2.62,1,1,3,202,11,Active
USR_02346,1,1,0,1,0,0,0,10,4.11,2,3,3,436,6,Active
USR_02347,0,1,0,1,0,0,0,9,3.17,1,2,3,146,6,Active
USR_02348,0,0,1,0,0,0,0,12,2.96,1,1,3,46,9,Active
USR_02349,1,0,0,0,0,0,0,15,4.03,1,1,3,257,14,Active
USR_02350,0,1,1,0,1,1,1,13,3.95,3,5,3,359,10,Power
USR_02351,1,1,1,0,0,0,0,12,4.25,2,3,3,39,12,Active
USR_02352,1,1,1,0,1,0,0,15,3.92,2,4,3,137,11,Power
USR_02353,1,0,0,0,0,0,0,12,3.03,1,1,3,305,6,Active
USR_02354,1,0,0,0,1,1,0,14,4.99,3,3,3,124,9,Power
USR_02355,0,0,0,0,0,1,0,24,6.59,2,1,4,279,15,Power
USR_02356,0,1,0,1,0,0,1,17,9.5,2,3,4,491,13,Power
USR_02357,0,0,0,0,1,0,0,8,2.49,1,1,3,432,6,Basic
USR_02358,0,0,0,0,1,0,0,2,0.73,1,1,2,431,2,Basic
USR_02359,0,1,1,1,0,0,0,19,6.28,2,3,4,443,12,Power
USR_02360,1,0,0,0,1,1,1,11,4.13,3,4,3,149,8,Active
USR_02361,1,1,0,0,1,0,1,18,5.33,2,4,4,245,13,Power
USR_02362,1,1,1,1,0,1,1,22,6.33,3,6,4,93,14,Champion
USR_02363,1,1,0,0,0,0,0,4,4.02,1,2,2,258,3,Basic
USR_02364,0,1,0,0,0,0,0,16,4.45,1,1,3,350,11,Active
USR_02365,0,1,0,0,0,0,0,9,7.99,1,1,3,198,6,Active
USR_02366,1,0,1,0,0,0,1,18,8.69,2,3,4,404,11,Power
USR_02367,1,1,1,0,0,1,1,13,4.07,3,5,3,374,9,Power
USR_02368,0,0,0,1,0,0,0,7,8.59,1,1,2,435,4,Basic
USR_02369,0,1,0,1,1,0,0,21,9.45,2,3,4,358,14,Power
USR_02370,1,1,0,0,0,0,0,5,1.27,1,2,2,383,6,Basic
USR_02371,1,0,0,0,1,0,0,8,4.21,1,2,3,288,6,Active
USR_02372,0,0,0,0,0,0,0,4,0.99,1,0,2,375,6,Basic
USR_02373,0,0,0,0,1,0,0,3,4.46,1,1,2,260,3,Basic
USR_02374,1,0,0,0,0,1,0,8,2.74,2,2,3,148,8,Active
USR_02375,0,0,0,0,0,1,0,14,3.16,2,1,3,243,7,Active
USR_02376,1,0,0,0,0,0,0,18,8.81,1,1,4,57,13,Power
USR_02377,0,1,1,0,0,1,1,11,4.38,3,4,3,475,7,Active
USR_02378,1,0,1,0,0,0,0,21,7.32,1,2,4,54,16,Power
USR_02379,0,0,0,1,0,0,1,8,2.16,1,2,3,306,8,Active
USR_02380,1,0,0,0,0,0,0,0,1.72,1,1,2,78,6,Basic
USR_02381,1,1,1,1,1,0,0,11,3.44,2,5,3,117,9,Active
USR_02382,1,0,0,1,1,0,0,10,2.15,2,3,3,37,5,Active
USR_02383,1,0,0,0,0,0,0,17,7.75,1,1,4,424,11,Power
USR_02384,1,0,1,0,0,1,0,14,10.1,3,3,3,349,8,Power
USR_02385,0,0,1,0,1,0,0,12,5.73,1,2,3,470,11,Active
USR_02386,1,1,0,0,0,0,0,5,4.65,1,2,2,89,3,Basic
USR_02387,1,1,0,0,0,1,0,19,7.74,3,3,4,340,12,Power
USR_02388,0,0,0,0,0,0,0,3,0.67,1,0,2,120,3,Dormant
USR_02389,1,1,1,0,0,0,1,7,4.57,2,4,3,493,8,Active
USR_02390,1,1,0,0,0,1,0,16,4.39,3,3,4,285,12,Power
USR_02391,1,0,0,0,1,1,0,10,7.97,3,3,3,477,6,Active
USR_02392,0,1,0,1,0,0,0,17,5.49,1,2,4,125,13,Power
USR_02393,1,1,1,0,0,0,0,6,3.94,2,3,2,470,3,Active
USR_02394,1,1,1,0,0,0,0,15,3.75,2,3,3,188,12,Power
USR_02395,0,1,0,0,1,0,0,4,3.86,1,2,2,199,4,Basic
USR_02396,0,0,0,0,0,0,1,12,6.89,1,1,3,270,8,Active
USR_02397,1,0,0,0,1,0,0,11,3.84,1,2,3,448,10,Active
USR_02398,0,0,0,0,0,0,0,6,5.05,1,0,2,281,6,Basic
USR_02399,1,0,1,0,1,1,1,26,11.43,3,5,4,40,16,Champion
USR_02400,1,0,0,0,0,0,0,10,2.25,1,1,3,335,7,Active
USR_02401,0,0,0,1,0,0,1,19,7.77,1,2,4,96,12,Power
USR_02402,1,0,1,0,1,1,1,19,5.11,3,5,4,96,12,Power
USR_02403,1,0,0,0,1,0,0,13,4.24,1,2,3,410,10,Active
USR_02404,1,0,0,0,0,0,0,6,6.67,1,1,2,136,3,Basic
USR_02405,0,1,0,0,0,0,0,7,4.02,1,1,3,270,4,Basic
USR_02406,1,1,1,0,1,1,0,10,3.49,3,5,3,181,5,Active
USR_02407,1,0,0,0,1,0,0,18,8.02,1,2,4,200,15,Power
USR_02408,0,0,0,0,1,0,0,4,1.43,1,1,2,222,6,Basic
USR_02409,0,0,0,1,1,0,0,10,3.51,1,2,3,8,6,Active
USR_02410,0,0,0,0,1,0,1,5,3.46,1,2,2,494,6,Basic
USR_02411,0,0,0,0,0,1,1,17,7.34,2,2,3,145,11,Power
USR_02412,0,0,0,1,0,0,0,5,1.27,1,1,2,37,3,Basic
USR_02413,1,1,0,0,1,0,0,14,3.5,2,3,3,141,10,Active
USR_02414,1,0,0,0,0,0,0,13,3.8,1,1,3,146,12,Active
USR_02415,1,1,0,0,1,1,0,18,8.94,3,4,4,150,12,Power
USR_02416,0,0,1,0,0,0,0,6,1.14,1,1,2,482,4,Basic
USR_02417,1,0,0,0,1,0,0,8,2.65,1,2,2,15,2,Basic
USR_02418,1,1,1,1,0,1,0,22,5.94,3,5,4,358,15,Champion
USR_02419,1,0,0,0,1,0,0,17,7.81,1,2,4,60,13,Power
USR_02420,1,1,0,0,0,0,0,10,8.53,1,2,3,371,9,Active
USR_02421,1,1,0,1,1,0,1,17,4.1,2,5,3,181,14,Power
USR_02422,1,1,0,0,1,0,0,16,10.6,2,3,4,248,12,Power
USR_02423,1,1,0,0,0,0,0,14,5.54,1,2,3,182,9,Active
USR_02424,1,0,0,0,0,0,0,11,4.85,1,1,3,36,10,Active
USR_02425,1,1,0,0,0,0,0,9,3.83,1,2,3,33,8,Active
USR_02426,1,1,1,1,1,0,0,13,3.21,2,5,3,67,9,Active
USR_02427,1,0,1,0,0,0,0,8,9.99,1,2,3,120,6,Active
USR_02428,1,0,0,1,0,0,0,11,4.01,1,2,3,429,10,Active
USR_02429,1,1,1,0,1,0,0,21,5.74,2,4,4,201,15,Power
USR_02430,1,0,1,1,0,1,1,7,2.92,3,5,3,298,4,Active
USR_02431,0,1,0,0,0,1,1,4,3.66,3,3,2,47,5,Active
USR_02432,0,0,1,0,0,0,0,15,6.37,1,1,3,334,11,Active
USR_02433,1,0,0,0,0,1,0,12,3.8,2,2,3,483,7,Active
USR_02434,1,1,1,1,0,1,0,25,7.07,3,5,4,468,17,Champion
USR_02435,1,1,0,0,0,1,1,15,4.02,3,4,3,343,9,Power
USR_02436,0,0,0,0,1,0,0,12,6.68,1,1,3,332,7,Active
USR_02437,0,0,0,0,0,1,0,15,5.18,2,1,3,173,10,Active
USR_02438,0,0,0,0,0,0,0,6,5.29,1,0,2,112,6,Basic
USR_02439,0,0,1,1,0,1,1,19,4.52,3,4,4,173,10,Power
USR_02440,0,1,0,0,0,0,1,3,3.52,1,2,2,347,3,Basic
USR_02441,0,1,0,0,0,0,0,7,1.77,1,1,2,209,4,Basic
USR_02442,1,0,0,1,0,1,1,25,7.0,3,4,4,105,17,Champion
USR_02443,0,1,0,0,0,0,1,14,3.26,1,2,3,203,7,Active
USR_02444,0,1,0,0,0,0,0,3,3.06,1,1,2,224,6,Basic
USR_02445,0,1,1,0,1,0,1,17,4.86,2,4,3,296,9,Power
USR_02446,1,1,0,0,1,0,0,18,4.35,2,3,3,90,12,Power
USR_02447,0,0,0,1,0,0,0,15,3.11,1,1,3,442,9,Active
USR_02448,1,0,1,1,0,1,0,14,4.46,3,4,3,477,10,Power
USR_02449,1,0,0,0,1,0,0,23,4.83,1,2,4,494,14,Power
USR_02450,0,0,0,0,0,0,0,16,9.93,1,0,4,392,11,Active
USR_02451,0,1,0,0,0,0,0,8,1.83,1,1,2,436,3,Basic
USR_02452,0,0,0,0,0,0,0,12,4.95,1,0,3,370,5,Active
USR_02453,1,1,0,0,1,0,0,15,5.45,2,3,3,378,11,Power
USR_02454,0,0,0,0,0,0,0,3,0.98,1,0,2,479,3,Dormant
USR_02455,1,0,0,0,0,0,0,16,4.75,1,1,4,9,12,Active
USR_02456,1,1,0,0,0,0,0,17,5.08,1,2,4,473,15,Power
USR_02457,1,1,0,0,0,0,0,11,2.97,1,2,3,431,9,Active
USR_02458,0,0,0,0,0,0,1,8,5.13,1,1,3,430,8,Active
USR_02459,1,1,0,1,0,0,0,17,7.02,2,3,4,166,15,Power
USR_02460,1,0,0,0,0,0,0,10,4.34,1,1,3,128,6,Active
USR_02461,1,0,1,0,1,1,0,8,1.87,3,4,2,462,4,Active
USR_02462,1,0,0,1,0,0,0,4,1.08,1,2,2,307,5,Basic
USR_02463,0,0,0,0,0,0,1,11,4.28,1,1,3,324,7,Active
USR_02464,1,0,0,0,1,0,0,19,5.62,1,2,4,375,11,Power
USR_02465,0,0,0,0,0,1,0,5,1.55,2,1,2,398,6,Basic
USR_02466,0,0,0,1,1,0,1,24,6.42,2,3,4,176,15,Power
USR_02467,0,0,0,1,1,0,1,12,8.36,2,3,3,394,9,Active
USR_02468,0,1,1,0,1,0,0,25,6.54,2,3,4,35,17,Champion
USR_02469,0,0,0,0,0,0,0,8,4.19,1,0,3,464,5,Basic
USR_02470,1,0,0,0,1,0,0,16,7.5,1,2,4,264,12,Power
USR_02471,1,0,0,0,0,0,0,22,16.23,1,1,4,28,15,Power
USR_02472,1,0,0,0,0,0,0,16,14.15,1,1,3,366,12,Power
USR_02473,0,1,0,0,0,0,0,8,2.11,1,1,2,161,5,Basic
USR_02474,1,0,1,0,0,1,1,19,3.97,3,4,3,208,10,Power
USR_02475,1,0,0,0,0,1,0,10,4.21,2,2,3,109,6,Active
USR_02476,0,0,0,0,0,1,0,16,4.17,2,1,4,81,10,Active
USR_02477,1,1,0,0,1,1,0,22,5.32,3,4,4,251,15,Power
USR_02478,1,1,1,1,0,0,0,6,4.4,2,4,2,473,4,Active
USR_02479,1,0,0,0,0,0,0,13,3.17,1,1,3,427,9,Active
USR_02480,1,1,0,0,0,0,0,10,5.88,1,2,3,143,5,Active
USR_02481,1,0,1,1,0,0,1,12,3.22,2,4,3,275,11,Active
USR_02482,0,0,1,1,0,1,0,24,5.22,3,3,4,13,13,Power
USR_02483,0,0,1,1,0,0,0,18,5.32,1,2,4,379,11,Power
USR_02484,1,0,0,0,1,0,1,25,8.06,2,3,4,192,19,Champion
USR_02485,1,1,0,0,1,1,0,12,3.38,3,4,3,320,10,Active
USR_02486,1,1,1,1,0,0,1,27,8.41,2,5,4,340,16,Champion
USR_02487,0,1,0,1,0,0,0,16,4.33,1,2,3,268,11,Active
USR_02488,0,0,0,0,1,0,0,2,2.74,1,1,2,496,1,Basic
USR_02489,0,0,0,0,0,0,0,11,3.55,1,0,3,152,8,Active
USR_02490,0,0,0,0,1,0,1,10,3.56,1,2,3,397,7,Active
USR_02491,0,0,0,0,0,1,0,4,2.58,2,1,2,412,4,Basic
USR_02492,0,0,0,0,0,0,0,7,10.5,1,0,2,173,7,Active
USR_02493,1,0,0,0,0,0,0,5,2.3,1,1,2,62,4,Basic
USR_02494,0,0,0,0,0,0,0,4,1.36,1,0,2,408,4,Basic
USR_02495,0,1,0,0,1,0,0,14,3.38,1,2,3,487,9,Active
USR_02496,1,0,0,0,1,1,1,22,8.26,3,4,4,86,17,Champion
USR_02497,0,1,0,0,0,1,0,13,5.73,2,2,3,201,14,Power
USR_02498,1,0,0,1,0,0,1,10,3.78,2,3,3,78,8,Active
USR_02499,0,0,0,0,0,0,0,9,3.41,1,0,3,277,8,Active
USR_02500,0,0,1,1,1,0,0,21,7.11,2,3,4,217,16,Power
USR_02501,0,0,0,0,0,0,0,9,6.12,1,0,3,363,6,Active
USR_02502,0,1,0,0,0,1,0,21,7.48,2,2,4,386,15,Power
USR_02503,1,0,1,0,0,0,1,8,5.08,2,3,2,223,3,Active
USR_02504,1,0,0,0,0,0,0,25,7.23,1,1,4,101,17,Power
USR_02505,1,1,0,0,0,0,1,16,4.94,2,3,3,458,12,Power
USR_02506,0,0,0,0,0,0,0,16,9.8,1,0,3,98,8,Active
USR_02507,1,1,1,1,0,0,0,22,6.46,2,4,4,329,13,Power
USR_02508,0,0,0,0,0,1,0,16,5.55,2,1,3,430,8,Active
USR_02509,1,0,1,0,0,0,0,27,8.66,1,2,4,184,17,Power
USR_02510,0,0,0,0,1,1,0,11,5.7,2,2,3,294,6,Active
USR_02511,1,0,0,0,1,0,1,17,9.09,2,3,4,220,15,Power
USR_02512,0,0,0,1,0,0,0,7,2.96,1,1,2,208,4,Basic
USR_02513,1,0,0,1,0,0,0,13,5.24,1,2,3,264,8,Active
USR_02514,1,0,1,0,0,1,0,15,5.71,3,3,4,303,10,Power
USR_02515,1,0,0,0,0,1,0,23,10.41,2,2,4,381,14,Power
USR_02516,1,0,0,0,0,1,1,3,1.04,3,3,2,273,1,Basic
USR_02517,0,1,0,0,0,0,0,10,2.07,1,1,3,69,5,Basic
USR_02518,1,0,0,0,0,1,0,8,5.7,2,2,3,144,6,Active
USR_02519,1,0,0,0,0,1,0,4,2.04,2,2,2,330,3,Basic
USR_02520,0,1,0,0,0,0,0,11,6.53,1,1,3,58,13,Active
USR_02521,1,0,0,0,1,0,0,5,0.83,1,2,2,267,3,Basic
USR_02522,0,1,0,0,0,0,0,9,3.52,1,1,3,476,6,Active
USR_02523,1,0,0,0,0,1,0,14,7.83,2,2,3,440,10,Active
USR_02524,1,0,1,0,0,0,1,28,7.71,2,3,4,57,17,Champion
USR_02525,1,0,0,0,0,1,1,19,8.39,3,3,3,148,10,Power
USR_02526,1,1,1,1,1,1,0,15,4.55,3,6,3,283,9,Power
USR_02527,1,0,1,0,0,0,0,6,4.22,1,2,2,239,4,Basic
USR_02528,1,0,0,0,1,0,0,3,1.53,1,2,2,24,2,Basic
USR_02529,1,0,0,0,1,0,0,5,1.57,1,2,2,129,4,Basic
USR_02530,0,0,0,0,1,0,0,17,7.77,1,1,3,315,14,Active
USR_02531,1,1,0,1,0,1,0,18,4.86,3,4,4,215,12,Power
USR_02532,1,1,1,0,1,1,0,18,7.89,3,5,4,495,13,Power
USR_02533,1,0,0,0,0,1,0,14,4.1,2,2,3,118,11,Active
USR_02534,1,0,0,0,1,0,1,13,3.05,2,3,3,134,9,Active
USR_02535,1,0,1,0,0,0,0,8,5.09,1,2,3,25,6,Active
USR_02536,0,0,0,1,0,0,0,10,6.17,1,1,3,69,7,Active
USR_02537,1,1,0,1,0,0,0,12,3.44,2,3,3,445,12,Active
USR_02538,0,1,0,0,0,0,0,18,5.42,1,1,4,63,12,Active
USR_02539,1,0,0,0,0,0,0,7,2.34,1,1,2,442,3,Basic
USR_02540,1,0,0,1,1,1,0,13,7.82,3,4,3,53,8,Power
USR_02541,0,0,0,0,0,0,1,19,4.83,1,1,4,50,14,Power
USR_02542,1,0,0,1,0,0,0,4,4.15,1,2,2,375,2,Basic
USR_02543,1,0,0,1,1,1,0,11,4.64,3,4,3,17,6,Active
USR_02544,1,0,1,1,1,0,0,24,6.4,2,4,4,402,17,Champion
USR_02545,1,0,1,0,0,0,1,10,3.78,2,3,3,20,7,Active
USR_02546,0,0,0,0,0,0,0,6,2.32,1,0,3,99,5,Basic
USR_02547,1,1,0,0,0,1,0,7,2.02,3,3,2,425,5,Active
USR_02548,0,0,1,1,0,1,1,14,5.21,3,4,3,183,9,Power
USR_02549,0,0,0,1,0,0,0,8,2.43,1,1,3,22,4,Basic
USR_02550,0,0,0,0,0,0,0,11,3.73,1,0,3,355,8,Active
USR_02551,1,1,1,1,0,0,0,22,6.49,2,4,4,80,13,Power
USR_02552,1,1,0,0,0,0,0,11,6.66,1,2,3,349,9,Active
USR_02553,0,1,0,1,0,0,1,12,4.29,2,3,3,296,6,Active
USR_02554,0,0,0,0,1,0,1,12,5.45,1,2,3,384,7,Active
USR_02555,1,0,0,0,0,0,0,13,3.87,1,1,3,338,9,Active
USR_02556,0,1,0,0,0,0,0,19,5.62,1,1,4,413,14,Power
USR_02557,1,0,0,0,1,1,0,19,7.23,3,3,4,99,11,Power
USR_02558,0,0,0,1,0,0,1,17,3.75,1,2,3,280,7,Active
USR_02559,1,1,0,0,0,1,0,10,4.23,3,3,3,436,9,Active
USR_02560,1,0,1,0,0,0,0,14,4.35,1,2,3,318,12,Active
USR_02561,1,1,1,0,1,1,0,16,6.89,3,5,3,372,10,Power
USR_02562,1,1,0,0,0,0,0,9,4.57,1,2,3,122,9,Active
USR_02563,0,0,0,0,1,1,0,9,3.68,2,2,3,387,5,Active
USR_02564,0,0,0,1,0,1,1,13,5.5,3,3,3,468,10,Power
USR_02565,0,1,0,0,0,0,0,18,5.32,1,1,4,242,11,Active
USR_02566,1,0,0,1,0,0,0,16,4.14,1,2,3,342,12,Active
USR_02567,1,0,0,0,1,0,1,25,6.17,2,3,4,457,18,Champion
USR_02568,0,1,0,0,0,0,0,19,4.86,1,1,4,202,12,Power
USR_02569,1,0,1,0,0,0,0,25,7.93,1,2,4,64,17,Power
USR_02570,1,0,1,1,0,0,1,12,4.95,2,4,3,294,7,Active
USR_02571,1,1,1,1,1,0,0,15,4.07,2,5,3,463,11,Power
USR_02572,0,0,0,0,0,0,0,4,2.68,1,0,2,371,2,Basic
USR_02573,1,0,0,0,0,0,1,5,6.53,1,2,2,35,3,Basic
USR_02574,0,1,0,0,0,0,1,14,3.46,1,2,3,364,10,Active
USR_02575,0,1,0,0,1,1,0,7,1.93,3,3,3,403,4,Active
USR_02576,1,0,1,0,0,0,1,19,4.8,2,3,4,238,15,Power
USR_02577,1,1,1,0,1,1,0,23,9.74,3,5,4,230,13,Champion
USR_02578,1,0,0,0,0,1,0,12,4.99,2,2,3,148,11,Active
USR_02579,1,1,0,0,0,0,0,16,7.08,1,2,3,175,9,Active
USR_02580,0,0,1,0,1,0,0,23,6.47,1,2,4,191,15,Power
USR_02581,1,1,0,0,1,0,0,8,3.78,2,3,3,450,6,Active
USR_02582,1,0,0,0,1,0,1,18,5.0,2,3,4,153,14,Power
USR_02583,0,1,0,1,0,0,0,14,4.67,1,2,3,449,9,Active
USR_02584,1,0,0,0,0,0,0,3,1.46,1,1,2,438,8,Basic
USR_02585,0,0,1,0,0,1,0,18,4.78,2,2,4,240,11,Power
USR_02586,1,1,1,0,1,0,1,19,11.49,2,5,4,415,16,Champion
USR_02587,0,0,0,0,0,0,0,6,2.12,1,0,2,338,4,Basic
USR_02588,1,0,0,1,1,0,0,14,6.21,2,3,3,52,12,Power
USR_02589,0,1,1,0,0,0,0,16,4.82,1,2,4,167,13,Power
USR_02590,0,0,0,0,0,0,0,5,2.87,1,0,2,268,3,Basic
USR_02591,1,0,0,1,0,1,0,10,3.14,3,3,3,456,10,Active
USR_02592,0,0,0,0,0,0,0,10,3.99,1,0,3,150,6,Active
USR_02593,0,0,0,0,0,0,1,4,4.47,1,1,2,365,1,Basic
USR_02594,0,0,0,0,0,0,0,15,5.24,1,0,3,123,8,Active
USR_02595,0,0,0,0,1,1,1,19,5.91,3,3,4,349,14,Power
USR_02596,1,1,0,1,1,0,1,19,13.81,2,5,4,192,15,Champion
USR_02597,0,0,0,0,0,0,0,2,1.88,1,0,2,19,2,Dormant
USR_02598,1,0,0,0,0,0,0,15,5.04,1,1,3,376,13,Active
USR_02599,0,0,0,0,0,0,0,7,1.97,1,0,3,491,8,Basic
USR_02600,1,1,0,0,0,1,0,20,5.62,3,3,4,380,14,Power
USR_02601,0,1,0,1,0,0,1,20,6.81,2,3,4,468,14,Power
USR_02602,1,0,1,0,0,1,0,11,6.53,3,3,3,378,8,Active
USR_02603,0,0,1,0,0,0,0,12,2.79,1,1,3,274,6,Active
USR_02604,1,0,0,0,0,0,0,7,1.47,1,1,2,315,7,Basic
USR_02605,0,0,0,1,1,0,0,15,8.87,1,2,3,11,10,Active
USR_02606,0,0,0,0,0,0,0,6,1.64,1,0,2,457,5,Basic
USR_02607,0,0,0,0,1,0,1,4,5.66,1,2,2,208,5,Basic
USR_02608,1,0,0,0,0,0,0,7,1.85,1,1,2,275,8,Basic
USR_02609,0,1,0,0,0,0,0,8,3.62,1,1,3,385,7,Active
USR_02610,1,1,1,0,0,1,0,24,8.21,3,4,4,43,16,Champion
USR_02611,1,0,0,0,1,0,0,26,10.0,1,2,4,488,17,Power
USR_02612,1,0,0,1,1,0,0,8,9.91,2,3,3,425,7,Active
USR_02613,1,0,0,1,0,0,1,17,4.34,2,3,4,336,12,Power
USR_02614,1,0,1,0,0,0,0,17,12.19,1,2,4,107,12,Power
USR_02615,0,1,0,0,0,0,0,10,3.98,1,1,2,161,4,Basic
USR_02616,1,1,1,1,0,1,1,11,3.42,3,6,3,77,6,Active
USR_02617,0,1,1,0,0,1,0,16,10.42,3,3,4,153,14,Power
USR_02618,1,1,0,0,0,1,0,16,4.02,3,3,3,341,14,Power
USR_02619,0,0,0,1,0,1,0,5,2.03,2,2,2,371,5,Basic
USR_02620,1,0,0,0,0,1,0,17,4.59,2,2,3,467,9,Active
USR_02621,0,0,0,0,0,0,0,6,2.93,1,0,2,452,5,Basic
USR_02622,0,1,1,0,0,0,1,20,7.06,2,3,4,334,12,Power
USR_02623,1,1,0,0,1,0,1,20,8.28,2,4,4,200,13,Power
USR_02624,1,0,0,0,1,1,0,8,2.46,3,3,2,282,6,Active
USR_02625,1,0,0,0,0,0,0,2,2.93,1,1,2,156,2,Basic
USR_02626,0,0,0,0,1,0,1,4,1.8,1,2,2,224,8,Basic
USR_02627,1,0,1,1,0,1,0,23,7.41,3,4,4,342,15,Champion
USR_02628,0,0,0,0,0,1,0,5,2.72,2,1,2,162,5,Basic
USR_02629,1,0,0,1,1,0,1,23,6.81,2,4,4,111,20,Champion
USR_02630,0,0,0,1,0,0,0,7,4.36,1,1,3,470,5,Basic
USR_02631,1,0,0,0,0,0,0,8,4.68,1,1,3,66,6,Active
USR_02632,0,0,0,1,0,0,0,15,9.53,1,1,3,182,9,Active
USR_02633,0,0,0,0,1,1,0,18,8.7,2,2,4,209,12,Power
USR_02634,1,0,0,0,1,0,0,12,4.03,1,2,3,408,6,Active
USR_02635,1,0,0,0,0,1,0,10,3.51,2,2,3,109,9,Active
USR_02636,1,1,1,0,0,0,0,16,5.49,2,3,4,393,11,Power
USR_02637,0,1,1,0,0,1,0,19,7.28,3,3,4,380,12,Power
USR_02638,0,0,0,0,0,0,0,13,2.89,1,0,3,27,5,Basic
USR_02639,1,1,1,1,0,0,0,16,9.87,2,4,4,123,13,Power
USR_02640,1,0,1,0,1,0,0,22,5.76,2,3,4,215,15,Power
USR_02641,0,1,0,0,0,1,0,7,1.88,2,2,2,320,5,Basic
USR_02642,0,0,0,0,0,0,0,6,2.14,1,0,2,119,6,Basic
USR_02643,0,1,0,0,0,0,0,14,4.48,1,1,3,349,10,Active
USR_02644,1,0,0,0,0,0,1,7,1.88,1,2,2,460,7,Basic
USR_02645,0,0,0,0,0,0,0,5,0.62,1,0,2,58,2,Dormant
USR_02646,1,0,0,0,0,0,0,8,11.03,1,1,3,230,7,Active
USR_02647,0,0,1,0,0,0,0,12,3.72,1,1,3,309,9,Active
USR_02648,1,0,1,0,0,0,1,12,3.52,2,3,3,281,8,Active
USR_02649,1,0,1,0,0,0,0,12,3.25,1,2,3,100,7,Active
USR_02650,1,0,1,0,0,0,0,14,4.3,1,2,3,26,10,Active
USR_02651,0,1,0,0,1,0,0,18,5.12,1,2,4,261,15,Power
USR_02652,1,0,0,0,0,1,0,12,4.29,2,2,3,271,10,Active
USR_02653,1,0,1,1,0,1,0,22,5.93,3,4,4,65,16,Champion
USR_02654,0,0,0,0,0,0,0,5,2.3,1,0,2,441,7,Basic
USR_02655,1,1,0,0,0,0,1,20,8.62,2,3,4,302,15,Power
USR_02656,0,0,0,0,0,0,0,20,8.33,1,0,4,320,15,Power
USR_02657,1,1,0,1,0,0,0,11,5.56,2,3,3,489,6,Active
USR_02658,1,1,0,0,0,1,0,22,5.43,3,3,4,222,14,Power
USR_02659,1,0,0,1,0,0,0,19,10.9,1,2,4,402,14,Power
USR_02660,1,0,0,1,0,0,0,19,8.29,1,2,4,48,12,Power
USR_02661,0,0,0,1,1,0,0,15,4.69,1,2,3,355,10,Active
USR_02662,1,0,1,1,0,0,0,12,2.36,2,3,3,431,8,Active
USR_02663,1,1,0,1,1,0,1,21,7.63,2,5,4,377,15,Champion
USR_02664,1,0,0,0,1,0,1,18,6.62,2,3,4,120,12,Power
USR_02665,1,0,1,1,1,1,1,14,3.39,3,6,3,349,12,Power
USR_02666,1,0,1,0,0,0,0,14,3.61,1,2,3,153,7,Active
USR_02667,1,1,1,0,0,0,0,8,3.29,2,3,3,7,6,Active
USR_02668,0,1,0,1,0,0,1,23,6.8,2,3,4,444,15,Power
USR_02669,1,0,0,0,1,0,0,10,2.64,1,2,3,74,6,Active
USR_02670,0,0,1,0,1,1,0,20,5.79,3,3,4,403,14,Power
USR_02671,1,0,0,0,1,1,0,7,4.84,3,3,3,369,6,Active
USR_02672,1,1,0,1,0,0,1,12,5.23,2,4,3,299,9,Active
USR_02673,1,1,0,0,0,0,0,9,2.22,1,2,2,142,4,Basic
USR_02674,1,0,0,0,1,1,0,28,8.71,3,3,4,88,20,Champion
USR_02675,0,0,0,1,0,0,0,15,3.75,1,1,3,238,10,Active
USR_02676,0,1,0,1,0,0,1,11,4.06,2,3,3,185,9,Active
USR_02677,1,1,0,0,0,0,1,20,5.45,2,3,4,142,13,Power
USR_02678,1,0,0,0,0,0,0,17,6.02,1,1,3,383,14,Active
USR_02679,1,0,1,1,0,1,1,28,10.22,3,5,4,411,16,Champion
USR_02680,0,0,0,0,0,0,0,8,4.34,1,0,3,220,6,Basic
USR_02681,1,0,0,0,0,0,1,13,13.34,1,2,3,234,8,Active
USR_02682,0,1,0,0,0,0,0,19,6.03,1,1,4,87,17,Power
USR_02683,0,0,1,1,0,0,1,10,8.33,2,3,3,458,10,Active
USR_02684,0,1,0,0,1,0,0,8,6.86,1,2,3,33,5,Active
USR_02685,0,0,1,0,0,1,0,16,5.9,2,2,3,172,14,Power
USR_02686,1,0,0,0,0,0,0,8,3.85,1,1,3,227,7,Active
USR_02687,1,0,0,0,1,0,0,12,5.62,1,2,3,360,8,Active
USR_02688,1,0,0,1,1,1,0,25,10.5,3,4,4,371,18,Champion
USR_02689,0,0,1,0,1,0,0,6,3.08,1,2,2,288,4,Basic
USR_02690,0,0,0,0,0,1,0,11,6.59,2,1,3,446,8,Active
USR_02691,0,0,0,1,0,0,0,21,6.22,1,1,4,491,18,Power
USR_02692,1,0,0,0,0,0,0,10,4.6,1,1,3,173,8,Active
USR_02693,1,0,0,1,0,1,0,22,6.57,3,3,4,334,15,Power
USR_02694,1,0,0,0,1,0,0,14,3.88,1,2,3,97,12,Active
USR_02695,1,0,1,0,1,1,1,17,6.21,3,5,4,67,13,Power
USR_02696,0,1,1,0,0,1,0,13,4.14,3,3,3,427,12,Power
USR_02697,1,0,0,0,0,0,1,13,2.69,1,2,3,32,6,Active
USR_02698,1,1,0,0,0,1,0,4,1.04,3,3,2,425,2,Basic
USR_02699,1,1,0,0,0,1,0,11,5.98,3,3,3,296,7,Active
USR_02700,1,0,0,0,0,0,1,8,3.73,1,2,2,100,5,Basic
USR_02701,0,0,1,0,0,1,1,17,6.34,3,3,4,196,12,Power
USR_02702,0,0,0,0,0,0,0,12,3.69,1,0,3,246,10,Active
USR_02703,0,0,1,0,0,1,0,12,3.46,2,2,3,146,8,Active
USR_02704,1,0,1,0,1,0,0,13,4.7,2,3,3,323,8,Active
USR_02705,1,1,0,0,0,0,0,16,4.19,1,2,3,207,10,Active
USR_02706,1,0,0,0,0,0,0,16,8.82,1,1,4,185,12,Power
USR_02707,0,0,1,0,0,0,0,6,3.46,1,1,2,13,5,Basic
USR_02708,0,0,1,1,0,1,0,11,4.42,3,3,3,397,7,Active
USR_02709,1,0,0,0,1,0,1,8,3.69,2,3,2,127,5,Active
USR_02710,0,0,0,0,0,1,0,6,3.13,2,1,2,299,6,Basic
USR_02711,1,1,1,0,0,0,0,14,5.82,2,3,3,132,9,Active
USR_02712,0,0,1,0,0,1,0,7,4.71,2,2,3,268,5,Active
USR_02713,0,1,0,1,0,1,0,9,5.69,3,3,3,439,5,Active
USR_02714,1,0,0,0,0,0,1,9,3.7,1,2,3,142,7,Active
USR_02715,1,0,0,1,1,0,0,9,3.11,2,3,3,400,5,Active
USR_02716,1,1,0,0,1,0,0,26,12.19,2,3,4,120,20,Champion
USR_02717,1,1,1,0,1,1,1,20,6.2,3,6,4,138,14,Champion
USR_02718,1,0,0,0,0,1,1,19,4.91,3,3,4,321,17,Power
USR_02719,0,0,1,1,1,0,1,16,4.97,2,4,3,189,10,Power
USR_02720,1,1,0,0,0,0,0,20,8.2,1,2,4,202,16,Power
USR_02721,1,0,0,1,0,1,0,13,10.07,3,3,3,155,9,Power
USR_02722,0,0,1,0,1,0,0,20,5.17,1,2,4,37,14,Power
USR_02723,1,1,1,1,0,0,0,11,12.94,2,4,3,342,9,Power
USR_02724,0,1,0,0,0,0,0,2,2.12,1,1,2,166,2,Basic
USR_02725,1,0,0,0,0,0,1,7,3.37,1,2,3,160,6,Active
USR_02726,1,1,0,1,0,0,0,10,3.57,2,3,3,198,8,Active
USR_02727,1,1,1,0,0,0,1,21,6.55,2,4,4,231,17,Power
USR_02728,1,0,0,0,0,0,0,9,2.94,1,1,3,282,6,Active
USR_02729,1,1,0,1,0,1,1,26,5.61,3,5,4,177,14,Champion
USR_02730,0,1,0,1,0,0,1,9,3.66,2,3,3,203,6,Active
USR_02731,1,0,0,0,1,0,1,16,4.14,2,3,4,143,10,Power
USR_02732,0,1,0,0,0,0,1,5,1.84,1,2,2,142,2,Basic
USR_02733,1,1,0,1,0,0,1,14,4.79,2,4,3,197,9,Active
USR_02734,1,0,0,0,1,1,0,4,3.37,3,3,2,408,5,Active
USR_02735,1,0,1,1,0,1,0,18,5.47,3,4,4,363,14,Power
USR_02736,0,0,0,0,1,1,1,16,5.02,3,3,3,137,9,Power
USR_02737,0,0,0,0,0,0,0,8,1.98,1,0,2,492,6,Basic
USR_02738,0,0,0,0,1,0,0,9,1.87,1,1,3,307,4,Basic
USR_02739,0,1,0,0,0,0,1,13,4.74,1,2,3,268,11,Active
USR_02740,1,0,0,1,0,0,0,14,3.05,1,2,3,313,7,Active
USR_02741,1,0,0,0,0,0,0,10,2.78,1,1,3,471,7,Active
USR_02742,1,0,0,0,0,0,0,7,1.55,1,1,2,126,5,Basic
USR_02743,0,0,0,1,1,0,0,12,4.49,1,2,3,53,8,Active
USR_02744,0,0,0,0,1,0,0,13,5.53,1,1,3,154,7,Active
USR_02745,1,0,0,0,1,0,0,9,2.41,1,2,3,375,7,Active
USR_02746,1,0,0,0,1,0,0,9,3.04,1,2,2,215,3,Basic
USR_02747,0,0,0,0,0,0,0,9,2.11,1,0,3,403,7,Basic
USR_02748,0,0,0,1,1,0,0,19,6.78,1,2,4,286,15,Power
USR_02749,1,1,0,0,1,0,1,13,3.68,2,4,3,241,11,Active
USR_02750,1,0,0,0,0,0,1,5,5.28,1,2,2,327,4,Basic
USR_02751,0,0,0,0,1,0,1,13,4.38,1,2,3,181,8,Active
USR_02752,0,0,0,0,1,0,0,15,4.3,1,1,3,205,10,Active
USR_02753,1,0,0,0,0,0,1,21,6.29,1,2,4,201,17,Power
USR_02754,1,1,1,1,0,0,1,22,7.03,2,5,4,304,16,Champion
USR_02755,0,0,0,0,0,0,0,3,9.15,1,0,2,144,5,Basic
USR_02756,1,0,0,0,0,0,0,18,5.31,1,1,4,145,14,Power
USR_02757,0,0,0,0,0,1,0,5,1.05,2,1,2,199,3,Basic
USR_02758,0,0,0,0,0,0,0,12,3.15,1,0,3,117,9,Active
USR_02759,1,0,1,0,0,1,1,8,1.99,3,4,3,153,5,Active
USR_02760,1,0,0,1,0,1,0,4,1.9,3,3,2,36,4,Active
USR_02761,1,1,0,0,1,0,0,17,5.01,2,3,3,182,13,Power
USR_02762,1,1,0,0,0,1,0,27,7.62,3,3,4,30,16,Champion
USR_02763,0,0,0,0,1,1,0,12,2.92,2,2,3,457,10,Active
USR_02764,1,0,0,0,0,0,0,20,5.5,1,1,4,50,13,Power
USR_02765,1,1,0,1,0,1,0,15,3.3,3,4,3,385,9,Power
USR_02766,0,0,1,1,0,1,1,15,4.09,3,4,3,182,13,Power
USR_02767,0,1,0,0,0,1,0,10,2.72,2,2,3,16,8,Active
USR_02768,0,1,0,0,0,0,1,23,7.1,1,2,4,316,17,Power
USR_02769,0,0,1,0,1,1,1,17,4.43,3,4,4,386,12,Power
USR_02770,0,0,0,0,0,1,1,11,3.5,2,2,3,359,10,Active
USR_02771,0,1,0,0,0,0,0,7,2.61,1,1,3,165,7,Basic
USR_02772,0,1,0,0,0,1,0,15,5.7,2,2,3,393,10,Active
USR_02773,1,1,0,1,1,0,0,17,7.02,2,4,4,401,12,Power
USR_02774,1,0,0,0,1,0,0,11,2.16,1,2,3,177,4,Active
USR_02775,0,1,0,1,1,0,0,15,5.13,2,3,3,56,11,Power
USR_02776,1,0,1,1,0,0,0,27,7.32,2,3,4,128,21,Champion
USR_02777,0,0,1,0,0,1,1,5,3.57,3,3,2,120,7,Active
USR_02778,1,1,1,1,0,0,0,23,7.31,2,4,4,45,16,Champion
USR_02779,1,0,0,1,0,1,0,7,2.06,3,3,3,485,6,Active
USR_02780,0,0,1,0,1,0,0,11,2.79,1,2,3,462,6,Active
USR_02781,0,0,0,1,0,1,0,8,4.29,2,2,3,76,4,Active
USR_02782,1,0,1,0,0,0,1,10,4.75,2,3,3,448,9,Active
USR_02783,1,0,0,0,0,0,0,11,6.98,1,1,3,316,9,Active
USR_02784,0,0,0,0,0,1,0,12,4.57,2,1,3,364,7,Active
USR_02785,0,0,0,0,0,0,0,5,1.31,1,0,2,235,2,Basic
USR_02786,1,0,0,0,0,1,0,11,4.4,2,2,3,465,8,Active
USR_02787,0,1,1,1,0,0,0,10,2.1,2,3,3,46,6,Active
USR_02788,1,1,0,0,1,1,1,19,11.41,3,5,4,239,12,Champion
USR_02789,1,1,0,0,0,0,1,13,8.67,2,3,3,255,12,Power
USR_02790,1,0,1,0,0,0,1,22,7.01,2,3,4,430,15,Power
USR_02791,1,0,1,0,0,0,0,8,2.31,1,2,2,282,4,Basic
USR_02792,0,0,0,0,0,0,1,3,1.47,1,1,2,292,2,Basic
USR_02793,0,0,0,0,1,1,0,18,5.31,2,2,4,320,14,Power
USR_02794,1,0,0,0,0,1,1,14,4.63,3,3,3,17,10,Power
USR_02795,0,0,0,0,0,0,0,4,5.13,1,0,2,212,3,Basic
USR_02796,0,0,0,0,1,0,0,16,5.36,1,1,3,201,10,Active
USR_02797,0,1,0,0,1,0,0,9,4.1,1,2,3,493,6,Active
USR_02798,1,0,0,0,0,0,0,4,8.27,1,1,2,63,3,Basic
USR_02799,0,0,0,0,1,0,1,9,4.18,1,2,3,238,5,Active
USR_02800,0,1,0,0,1,0,0,1,0.5,1,2,2,421,1,Basic
USR_02801,1,0,0,0,1,1,0,6,2.28,3,3,2,141,4,Active
USR_02802,0,1,1,0,0,0,0,10,2.62,1,2,3,284,8,Active
USR_02803,0,0,1,0,1,0,0,13,5.26,1,2,3,78,10,Active
USR_02804,1,0,0,0,0,1,0,16,5.28,2,2,3,327,11,Active
USR_02805,0,0,0,0,1,1,1,14,5.2,3,3,3,390,13,Power
USR_02806,1,0,1,0,0,1,1,21,7.55,3,4,4,152,15,Champion
USR_02807,1,0,0,0,1,0,0,10,4.67,1,2,3,364,9,Active
USR_02808,0,0,1,1,0,0,1,23,5.86,2,3,4,179,14,Power
USR_02809,0,0,0,1,1,0,0,16,4.73,1,2,4,199,11,Active
USR_02810,0,0,1,0,0,1,0,7,5.1,2,2,3,493,7,Active
USR_02811,1,0,0,0,0,0,0,5,1.7,1,1,2,463,3,Basic
USR_02812,1,0,1,0,1,0,0,12,8.58,2,3,3,300,8,Active
USR_02813,0,0,0,0,0,0,0,5,1.45,1,0,2,172,6,Basic
USR_02814,1,0,1,0,1,1,0,18,6.12,3,4,4,339,11,Power
USR_02815,0,1,0,0,1,1,0,23,7.93,3,3,4,453,13,Power
USR_02816,1,0,0,0,0,1,1,20,7.42,3,3,4,440,15,Power
USR_02817,1,1,0,0,1,1,0,22,8.57,3,4,4,401,14,Champion
USR_02818,0,1,0,0,0,1,1,10,5.26,3,3,3,437,7,Active
USR_02819,1,1,1,1,0,0,0,22,15.12,2,4,4,228,14,Champion
USR_02820,0,1,0,0,1,0,0,10,2.92,1,2,3,61,7,Active
USR_02821,0,1,0,1,0,0,0,9,5.14,1,2,3,10,7,Active
USR_02822,1,0,1,0,0,0,0,6,3.08,1,2,2,406,4,Basic
USR_02823,1,1,0,1,0,0,0,11,4.16,2,3,3,104,7,Active
USR_02824,1,0,1,0,0,0,0,15,4.33,1,2,3,204,10,Active
USR_02825,1,0,0,0,1,0,0,16,4.37,1,2,4,208,14,Power
USR_02826,1,1,1,0,0,1,1,14,5.24,3,5,3,460,10,Power
USR_02827,1,0,1,0,0,0,1,16,4.58,2,3,4,317,14,Power
USR_02828,0,1,0,0,0,1,1,6,3.34,3,3,2,147,3,Active
USR_02829,0,0,0,1,0,0,1,22,6.68,1,2,4,362,15,Power
USR_02830,1,0,0,1,0,0,1,18,6.52,2,3,4,359,13,Power
USR_02831,1,0,1,0,0,0,0,14,5.49,1,2,3,337,9,Active
USR_02832,0,0,0,0,0,1,1,16,4.36,2,2,3,273,13,Power
USR_02833,0,0,0,0,1,0,0,13,4.42,1,1,3,466,8,Active
USR_02834,0,0,0,0,0,0,0,5,6.21,1,0,2,194,3,Basic
USR_02835,1,0,0,1,0,0,0,2,5.9,1,2,2,428,3,Basic
USR_02836,1,0,1,1,0,0,1,20,9.47,2,4,4,324,14,Power
USR_02837,1,1,0,0,1,0,1,17,5.36,2,4,4,161,11,Power
USR_02838,0,1,0,0,0,0,0,18,5.51,1,1,3,452,11,Active
USR_02839,1,1,0,1,0,1,1,13,3.63,3,5,3,115,9,Power
USR_02840,1,1,0,0,1,0,0,29,10.54,2,3,4,146,19,Champion
USR_02841,1,0,1,0,0,0,0,11,2.72,1,2,3,206,8,Active
USR_02842,0,0,1,0,0,1,0,7,6.76,2,2,3,410,7,Active
USR_02843,0,1,0,0,1,0,0,17,8.46,1,2,4,270,13,Power
USR_02844,1,0,0,0,0,0,0,15,3.94,1,1,3,492,10,Active
USR_02845,0,0,1,0,0,1,1,11,2.94,3,3,3,7,13,Active
USR_02846,1,0,0,1,0,0,0,8,4.82,1,2,3,402,6,Active
USR_02847,1,1,0,0,0,0,0,19,6.38,1,2,4,250,11,Power
USR_02848,0,1,0,0,0,0,0,11,3.71,1,1,3,219,9,Active
USR_02849,1,0,0,1,1,0,1,18,6.44,2,4,4,468,15,Power
USR_02850,1,0,0,0,0,0,1,13,4.97,1,2,3,99,10,Active
USR_02851,1,1,0,0,0,0,0,10,2.81,1,2,3,237,8,Active
USR_02852,1,1,0,1,0,0,1,13,4.48,2,4,3,239,12,Power
USR_02853,1,0,0,0,0,1,0,11,5.23,2,2,3,108,9,Active
USR_02854,1,1,0,0,0,0,0,6,7.3,1,2,2,33,3,Basic
USR_02855,1,0,0,0,0,0,0,9,2.69,1,1,3,372,7,Active
USR_02856,1,0,0,0,0,1,0,6,3.3,2,2,3,160,6,Active
USR_02857,0,0,0,0,1,0,0,9,3.09,1,1,3,190,7,Active
USR_02858,1,0,0,0,0,0,0,17,6.05,1,1,4,288,11,Active
USR_02859,0,0,0,0,0,1,0,18,4.71,2,1,4,223,11,Power
USR_02860,1,0,1,1,0,0,0,20,6.02,2,3,4,24,14,Power
USR_02861,0,0,0,0,1,0,0,10,2.07,1,1,2,447,5,Basic
USR_02862,1,0,0,0,1,0,0,16,4.24,1,2,3,473,12,Active
USR_02863,1,0,0,0,1,1,0,11,4.56,3,3,3,164,7,Active
USR_02864,1,0,0,1,0,1,1,29,11.32,3,4,4,452,18,Champion
USR_02865,0,1,0,0,1,0,1,13,5.66,2,3,3,230,9,Active
USR_02866,1,1,0,0,0,0,0,6,3.2,1,2,2,478,8,Basic
USR_02867,1,1,0,1,0,0,1,27,7.16,2,4,4,254,19,Champion
USR_02868,1,1,0,1,0,1,0,20,9.56,3,4,4,50,14,Champion
USR_02869,0,1,0,1,0,0,1,15,6.92,2,3,3,38,9,Power
USR_02870,1,0,0,1,0,0,1,21,6.29,2,3,4,365,14,Power
USR_02871,0,1,0,0,1,1,0,23,6.82,3,3,4,99,15,Champion
USR_02872,1,1,1,0,1,1,1,23,8.65,3,6,4,169,18,Champion
USR_02873,0,0,0,0,0,1,0,13,3.75,2,1,3,271,9,Active
USR_02874,1,1,0,0,0,0,0,11,5.84,1,2,3,214,7,Active
USR_02875,1,1,1,1,0,0,1,26,7.3,2,5,4,9,16,Champion
USR_02876,0,1,0,0,0,0,1,13,6.18,1,2,3,480,8,Active
USR_02877,1,0,0,0,1,0,0,11,3.0,1,2,3,427,8,Active
USR_02878,1,0,0,0,0,0,0,11,2.08,1,1,3,309,6,Active
USR_02879,0,0,0,0,0,1,0,6,2.09,2,1,2,196,2,Basic
USR_02880,0,1,1,0,0,0,1,16,5.64,2,3,4,207,12,Power
USR_02881,0,1,1,1,0,0,0,20,6.64,2,3,4,12,11,Power
USR_02882,1,1,0,0,1,1,1,23,7.58,3,5,4,445,21,Champion
USR_02883,1,0,0,1,1,1,0,16,7.96,3,4,4,327,14,Power
USR_02884,1,1,0,0,0,1,0,11,7.87,3,3,3,162,9,Active
USR_02885,1,1,0,0,0,0,1,22,6.51,2,3,4,35,17,Power
USR_02886,1,0,1,0,0,0,1,10,3.8,2,3,3,421,7,Active
USR_02887,1,0,1,0,0,0,0,14,7.27,1,2,3,194,10,Active
USR_02888,1,1,0,0,0,0,1,19,12.08,2,3,4,337,13,Power
USR_02889,0,1,0,0,0,0,0,14,3.34,1,1,3,456,7,Active
USR_02890,1,0,0,0,0,0,0,19,5.55,1,1,4,445,13,Power
USR_02891,0,0,0,0,0,1,0,16,3.64,2,1,3,277,8,Active
USR_02892,1,0,0,1,0,1,0,17,7.57,3,3,4,55,11,Power
USR_02893,1,1,0,0,0,0,0,11,2.9,1,2,3,8,8,Active
USR_02894,0,0,0,0,0,0,1,11,2.11,1,1,3,11,6,Active
USR_02895,1,0,0,0,0,1,1,21,8.4,3,3,4,89,14,Power
USR_02896,0,0,0,0,0,0,0,6,1.92,1,0,2,433,3,Basic
USR_02897,0,0,1,1,1,1,0,12,11.67,3,4,3,361,8,Power
USR_02898,0,0,0,0,0,0,0,7,1.71,1,0,2,341,4,Basic
USR_02899,1,0,1,0,0,0,0,19,9.3,1,2,4,107,15,Power
USR_02900,0,1,1,0,1,1,0,16,7.26,3,4,3,51,12,Power
USR_02901,1,0,0,0,0,1,0,12,5.69,2,2,3,123,11,Active
USR_02902,0,1,0,0,0,1,0,3,2.69,2,2,2,466,2,Basic
USR_02903,1,1,1,0,0,0,1,19,4.5,2,4,4,173,12,Power
USR_02904,0,0,1,1,0,0,1,14,3.89,2,3,3,462,10,Active
USR_02905,0,0,0,0,1,1,0,8,4.4,2,2,3,290,6,Active
USR_02906,1,1,0,0,0,1,0,15,5.94,3,3,3,464,9,Power
USR_02907,1,1,0,0,1,1,0,14,4.55,3,4,3,452,8,Power
USR_02908,0,1,1,0,0,0,0,10,7.2,1,2,3,61,8,Active
USR_02909,1,0,0,0,0,0,0,17,5.75,1,1,3,120,8,Active
USR_02910,1,0,0,0,0,0,1,7,4.79,1,2,3,88,6,Active
USR_02911,1,1,1,0,1,0,0,22,6.95,2,4,4,487,17,Champion
USR_02912,0,0,0,0,0,1,0,6,4.32,2,1,3,438,7,Active
USR_02913,1,0,0,0,0,0,0,12,5.84,1,1,3,200,10,Active
USR_02914,1,1,0,0,0,0,1,15,7.1,2,3,3,476,10,Power
USR_02915,0,1,1,0,0,0,1,19,7.11,2,3,4,167,17,Power
USR_02916,0,1,0,0,1,0,1,22,6.85,2,3,4,114,16,Power
USR_02917,0,0,0,0,1,0,0,1,0.5,1,1,2,484,2,Dormant
USR_02918,0,0,0,0,0,0,0,17,4.78,1,0,3,368,10,Active
USR_02919,0,0,0,0,0,0,1,14,3.7,1,1,3,343,11,Active
USR_02920,1,1,0,0,0,0,0,13,3.91,1,2,3,232,8,Active
USR_02921,0,1,0,0,0,0,0,18,4.75,1,1,4,47,13,Power
USR_02922,1,1,0,0,1,0,0,18,5.3,2,3,4,369,12,Power
USR_02923,1,1,0,0,0,0,0,8,3.01,1,2,3,66,6,Active
USR_02924,1,1,1,1,1,0,1,15,5.7,2,6,3,422,9,Power
USR_02925,1,0,0,0,1,1,0,17,4.46,3,3,4,442,10,Power
USR_02926,0,1,0,0,0,0,0,22,7.0,1,1,4,495,15,Power
USR_02927,1,0,0,0,0,1,0,8,2.4,2,2,3,127,8,Active
USR_02928,1,0,1,0,0,1,0,20,6.53,3,3,4,27,13,Power
USR_02929,0,0,0,0,0,0,0,4,8.0,1,0,2,475,4,Basic
USR_02930,1,0,0,0,0,0,0,10,15.54,1,1,3,263,9,Active
USR_02931,0,1,0,0,0,1,0,6,1.68,2,2,2,58,6,Basic
USR_02932,1,1,0,0,1,0,0,16,3.93,2,3,3,369,9,Active
USR_02933,1,0,0,0,0,1,0,15,4.31,2,2,3,400,11,Active
USR_02934,1,1,1,0,1,0,0,21,7.02,2,4,4,314,17,Power
USR_02935,1,0,0,1,0,1,0,22,6.7,3,3,4,343,14,Power
USR_02936,0,1,0,0,0,1,0,7,1.62,2,2,2,149,4,Basic
USR_02937,1,0,0,0,1,0,0,4,1.27,1,2,2,299,4,Basic
USR_02938,0,0,0,1,0,1,0,22,6.35,2,2,4,262,16,Power
USR_02939,0,0,1,0,0,0,0,10,4.12,1,1,3,180,6,Active
USR_02940,1,0,0,0,1,0,0,12,3.0,1,2,3,352,6,Active
USR_02941,0,0,0,0,0,0,1,14,6.81,1,1,3,65,10,Active
USR_02942,0,0,0,0,1,1,0,15,4.43,2,2,3,125,12,Active
USR_02943,1,0,1,1,0,0,0,23,6.05,2,3,4,384,15,Power
USR_02944,0,0,0,0,1,0,1,6,5.38,1,2,3,373,6,Active
USR_02945,1,0,0,0,0,0,1,13,3.32,1,2,3,388,10,Active
USR_02946,0,1,0,0,0,0,1,13,4.95,1,2,3,459,11,Active
USR_02947,1,0,0,1,0,0,1,19,8.54,2,3,3,143,10,Power
USR_02948,1,0,0,0,0,0,0,12,3.79,1,1,3,97,10,Active
USR_02949,0,0,0,0,0,1,0,6,5.04,2,1,2,396,6,Active
USR_02950,1,0,1,1,0,1,0,6,2.25,3,4,2,281,5,Active
USR_02951,0,1,0,0,0,1,1,18,4.99,3,3,4,408,13,Power
USR_02952,1,0,0,0,1,0,0,9,2.28,1,2,3,225,7,Active
USR_02953,1,1,1,1,1,1,0,20,9.3,3,6,4,282,16,Champion
USR_02954,1,0,0,0,1,0,0,17,7.6,1,2,4,137,12,Power
USR_02955,1,0,1,0,0,1,1,24,8.22,3,4,4,128,19,Champion
USR_02956,0,0,0,0,0,1,0,2,2.4,2,1,2,295,4,Basic
USR_02957,0,1,0,0,1,0,0,18,12.18,1,2,4,73,11,Power
USR_02958,0,1,1,0,0,0,0,27,7.39,1,2,4,431,18,Power
USR_02959,0,0,1,0,0,0,1,16,8.41,1,2,4,128,13,Power
USR_02960,0,1,1,1,0,0,0,9,2.59,2,3,3,467,8,Active
USR_02961,0,1,0,1,0,1,0,8,9.92,3,3,3,170,9,Active
USR_02962,0,0,0,0,0,0,0,9,11.52,1,0,3,307,6,Active
USR_02963,0,1,0,0,0,1,0,14,3.93,2,2,3,209,7,Active
USR_02964,1,1,1,0,0,1,0,27,9.07,3,4,4,208,19,Champion
USR_02965,1,1,1,0,1,0,0,21,6.51,2,4,4,498,15,Power
USR_02966,0,0,0,0,0,1,0,10,2.1,2,1,3,179,8,Active
USR_02967,0,0,0,0,0,1,0,17,5.95,2,1,4,99,14,Power
USR_02968,0,0,1,0,0,0,0,10,4.01,1,1,3,449,7,Active
USR_02969,0,0,1,0,0,1,1,12,7.27,3,3,3,132,8,Power
USR_02970,1,0,0,0,0,1,0,9,2.09,2,2,3,55,4,Active
USR_02971,0,1,0,1,1,0,0,14,4.25,2,3,3,330,11,Active
USR_02972,0,1,1,0,0,0,0,8,4.09,1,2,3,419,7,Active
USR_02973,1,0,0,0,0,0,0,9,3.79,1,1,3,288,7,Active
USR_02974,1,0,1,0,1,1,1,10,7.94,3,5,3,115,11,Power
USR_02975,0,0,0,1,1,0,0,4,4.73,1,2,2,121,3,Basic
USR_02976,0,0,0,0,0,0,1,15,3.92,1,1,3,296,11,Active
USR_02977,1,0,0,0,1,0,1,13,4.33,2,3,3,359,10,Active
USR_02978,1,0,0,0,0,0,0,19,5.48,1,1,4,302,14,Power
USR_02979,1,0,0,0,1,1,0,13,6.77,3,3,3,349,8,Power
USR_02980,0,0,0,0,0,0,0,5,4.53,1,0,2,442,2,Basic
USR_02981,1,0,1,0,0,0,0,11,4.47,1,2,3,476,9,Active
USR_02982,1,0,0,0,0,1,0,3,1.67,2,2,2,186,1,Basic
USR_02983,0,0,0,0,0,1,0,13,5.5,2,1,3,125,13,Active
USR_02984,1,1,0,1,1,0,1,23,6.59,2,5,4,365,15,Champion
USR_02985,0,0,0,0,0,0,1,13,2.82,1,1,3,266,8,Active
USR_02986,1,0,1,0,0,1,1,12,6.99,3,4,3,25,9,Power
USR_02987,1,1,1,0,0,1,1,10,5.04,3,5,3,59,9,Power
USR_02988,0,0,0,1,0,0,0,4,3.84,1,1,2,121,4,Basic
USR_02989,0,0,0,0,1,1,0,20,7.55,2,2,4,78,15,Power
USR_02990,0,0,1,0,0,0,0,6,2.34,1,1,2,237,5,Basic
USR_02991,0,0,0,1,0,1,0,9,8.31,2,2,3,353,5,Active
USR_02992,1,0,0,1,1,1,0,13,4.97,3,4,3,256,10,Power
USR_02993,0,1,0,0,0,1,0,17,3.87,2,2,3,254,11,Active
USR_02994,0,1,1,0,0,1,0,12,7.3,3,3,3,181,7,Active
USR_02995,1,1,0,0,0,0,0,2,1.49,1,2,2,377,3,Basic
USR_02996,0,0,0,0,0,0,0,5,2.01,1,0,2,23,3,Basic
USR_02997,0,1,0,0,0,1,1,2,3.73,3,3,2,254,4,Active
USR_02998,0,1,0,1,1,1,1,19,5.36,3,5,4,176,13,Power
USR_02999,1,0,1,0,0,1,0,12,4.73,3,3,3,419,9,Active
USR_03000,0,0,0,1,0,0,0,11,3.58,1,1,3,455,7,Active
USR_03001,1,0,0,0,0,0,1,19,7.34,1,2,4,385,16,Power
USR_03002,1,1,1,0,0,0,0,18,6.84,2,3,4,467,12,Power
USR_03003,0,1,1,1,1,0,0,20,5.8,2,4,4,219,13,Power
USR_03004,1,1,1,0,0,0,0,24,7.85,2,3,4,288,18,Champion
USR_03005,0,0,0,0,0,1,0,15,4.59,2,1,3,491,9,Active
USR_03006,0,1,1,1,1,0,0,18,4.93,2,4,4,317,13,Power
USR_03007,1,0,0,0,0,0,0,13,3.66,1,1,3,495,9,Active
USR_03008,1,0,0,1,1,0,1,16,4.72,2,4,3,466,10,Power
USR_03009,0,0,0,0,0,0,0,8,1.85,1,0,2,245,6,Basic
USR_03010,1,0,1,0,1,0,0,29,13.59,2,3,4,369,23,Champion
USR_03011,1,1,1,0,1,0,1,21,6.2,2,5,4,472,14,Power
USR_03012,1,1,0,0,0,0,0,5,2.24,1,2,2,69,2,Basic
USR_03013,0,0,0,1,0,1,0,7,1.91,2,2,3,93,7,Active
USR_03014,0,1,0,0,0,1,1,19,7.53,3,3,4,47,12,Power
USR_03015,0,0,1,1,0,1,1,14,6.24,3,4,3,230,7,Power
USR_03016,1,0,0,1,1,1,0,19,6.28,3,4,4,462,11,Power
USR_03017,0,0,0,0,0,0,1,10,2.23,1,1,3,329,5,Basic
USR_03018,0,0,1,1,0,1,1,14,7.15,3,4,3,324,12,Power
USR_03019,1,1,1,0,1,1,1,18,3.98,3,6,3,100,11,Power
USR_03020,1,1,0,0,0,0,1,15,4.1,2,3,3,230,9,Active
USR_03021,0,1,0,0,0,1,0,6,1.71,2,2,2,326,3,Basic
USR_03022,1,0,0,0,0,0,1,15,10.81,1,2,3,148,11,Power
USR_03023,1,1,1,0,0,1,0,18,8.37,3,4,3,217,12,Power
USR_03024,1,0,0,1,0,0,0,3,1.08,1,2,2,188,3,Basic
USR_03025,1,0,0,0,0,0,0,9,12.21,1,1,3,164,4,Active
USR_03026,1,1,1,0,0,1,1,17,4.78,3,5,3,313,10,Power
USR_03027,0,0,1,0,0,1,0,20,11.32,2,2,4,378,16,Power
USR_03028,1,1,0,0,0,0,0,22,5.32,1,2,4,158,13,Power
USR_03029,1,1,0,0,0,0,0,6,2.22,1,2,2,91,3,Basic
USR_03030,1,0,1,1,0,0,0,11,4.6,2,3,3,132,11,Active
USR_03031,0,1,1,1,0,1,0,26,7.85,3,4,4,18,17,Champion
USR_03032,1,0,0,0,1,0,0,21,5.98,1,2,4,366,16,Power
USR_03033,0,0,0,0,0,1,0,8,3.84,2,1,2,149,4,Basic
USR_03034,1,0,1,0,0,1,0,16,5.52,3,3,4,229,14,Power
USR_03035,1,1,0,0,0,1,1,24,8.02,3,4,4,226,18,Champion
USR_03036,0,0,0,0,0,0,0,13,6.22,1,0,3,168,7,Active
USR_03037,1,1,0,1,1,1,1,22,9.18,3,6,4,329,16,Champion
USR_03038,1,1,1,0,0,0,1,25,12.17,2,4,4,415,18,Champion
USR_03039,1,1,0,1,0,0,0,30,16.92,2,3,4,431,19,Champion
USR_03040,1,1,1,0,1,0,0,17,4.51,2,4,4,283,13,Power
USR_03041,1,1,0,1,1,0,1,20,6.75,2,5,4,411,14,Power
USR_03042,0,0,0,1,1,1,0,10,8.49,3,3,3,220,7,Active
USR_03043,1,1,0,0,0,0,0,13,5.01,1,2,3,26,9,Active
USR_03044,0,0,0,0,0,1,0,2,0.87,2,1,2,114,2,Basic
USR_03045,1,1,0,0,0,0,0,12,5.6,1,2,3,41,9,Active
USR_03046,0,0,0,0,0,1,0,13,4.0,2,1,3,419,9,Active
USR_03047,0,0,0,0,0,1,0,14,10.96,2,1,3,385,12,Power
USR_03048,0,0,0,0,1,0,0,24,10.39,1,1,4,93,16,Power
USR_03049,1,0,0,1,0,0,0,12,4.58,1,2,3,155,7,Active
USR_03050,1,1,1,1,0,0,0,19,5.25,2,4,4,344,13,Power
USR_03051,1,1,0,1,1,0,0,15,8.74,2,4,3,457,10,Power
USR_03052,1,0,0,0,0,0,0,16,4.97,1,1,3,252,9,Active
USR_03053,0,1,0,0,0,1,0,23,9.16,2,2,4,414,16,Power
USR_03054,1,0,0,0,1,1,0,18,6.05,3,3,4,80,13,Power
USR_03055,1,0,0,0,1,0,0,21,10.99,1,2,4,168,13,Power
USR_03056,1,0,1,0,1,0,0,20,7.36,2,3,4,61,13,Power
USR_03057,1,1,0,0,0,0,0,19,5.35,1,2,4,182,11,Power
USR_03058,1,0,0,1,1,1,0,12,4.49,3,4,3,423,7,Active
USR_03059,1,1,0,0,1,0,0,12,3.35,2,3,3,368,8,Active
USR_03060,1,0,0,1,0,1,0,15,5.72,3,3,3,91,9,Power
USR_03061,1,1,0,0,1,1,1,17,5.38,3,5,4,179,13,Power
USR_03062,1,0,0,1,0,0,0,22,7.46,1,2,4,376,15,Power
USR_03063,0,1,0,0,1,1,0,14,4.03,3,3,3,62,11,Power
USR_03064,1,0,0,0,0,0,0,6,4.81,1,1,2,283,4,Basic
USR_03065,1,0,1,0,0,0,1,26,6.47,2,3,4,200,16,Champion
USR_03066,0,1,0,0,0,0,0,14,3.97,1,1,3,152,12,Active
USR_03067,0,0,0,0,0,0,0,14,5.85,1,0,3,148,12,Active
USR_03068,1,0,0,0,1,1,0,22,9.56,3,3,4,127,16,Champion
USR_03069,0,0,1,0,0,1,0,5,2.29,2,2,2,71,4,Basic
USR_03070,1,0,0,0,0,0,0,14,3.97,1,1,3,128,14,Active
USR_03071,1,0,0,1,1,1,0,18,6.68,3,4,4,130,14,Power
USR_03072,0,1,0,0,0,1,0,11,3.0,2,2,3,189,6,Active
USR_03073,0,0,1,1,0,0,0,14,6.4,1,2,3,389,11,Active
USR_03074,0,1,0,1,0,0,0,20,8.73,1,2,4,430,12,Power
USR_03075,1,0,1,1,0,0,0,13,2.96,2,3,3,217,8,Active
USR_03076,0,1,0,0,0,0,0,5,1.8,1,1,2,409,4,Basic
USR_03077,1,0,0,0,0,0,0,19,6.31,1,1,4,233,12,Power
USR_03078,0,1,1,0,0,0,0,20,6.19,1,2,4,59,17,Power
USR_03079,1,0,1,1,0,0,1,17,13.81,2,4,3,110,9,Power
USR_03080,0,1,0,0,0,0,1,13,4.43,1,2,3,338,11,Active
USR_03081,0,0,0,0,0,0,0,7,2.75,1,0,2,146,4,Basic
USR_03082,1,0,0,1,0,0,0,13,10.89,1,2,3,243,9,Active
USR_03083,1,0,0,0,0,0,0,12,2.66,1,1,3,435,11,Active
USR_03084,0,1,1,0,0,0,0,7,1.59,1,2,2,228,3,Basic
USR_03085,1,1,1,0,0,0,0,14,3.68,2,3,3,214,8,Active
USR_03086,1,0,1,0,1,1,1,22,6.04,3,5,4,24,19,Champion
USR_03087,1,0,0,0,0,0,1,25,8.04,1,2,4,304,15,Power
USR_03088,1,0,0,0,0,0,0,14,5.93,1,1,3,310,11,Active
USR_03089,1,0,0,0,0,1,0,25,8.48,2,2,4,305,16,Power
USR_03090,1,0,0,1,0,1,0,15,4.19,3,3,3,288,11,Power
USR_03091,0,0,0,1,0,0,0,7,2.18,1,1,3,265,5,Basic
USR_03092,0,0,0,0,0,1,1,5,1.89,2,2,2,364,2,Basic
USR_03093,0,0,0,0,0,0,0,5,4.33,1,0,2,50,5,Basic
USR_03094,0,0,0,0,0,1,0,5,4.2,2,1,2,158,3,Basic
USR_03095,0,1,1,1,0,0,1,14,4.42,2,4,3,91,12,Power
USR_03096,0,0,1,0,0,1,1,11,4.98,3,3,3,125,8,Active
USR_03097,1,1,0,1,0,1,0,17,8.49,3,4,3,29,9,Power
USR_03098,1,0,0,0,0,0,0,23,6.44,1,1,4,403,13,Power
USR_03099,1,1,1,0,1,0,0,17,5.21,2,4,4,490,13,Power
USR_03100,1,0,0,1,1,1,1,25,7.45,3,5,4,45,19,Champion
USR_03101,1,1,0,1,0,0,1,21,5.08,2,4,4,423,13,Power
USR_03102,0,0,1,0,1,1,1,15,3.31,3,4,3,265,9,Power
USR_03103,0,0,1,0,0,0,0,19,5.2,1,1,4,102,13,Power
USR_03104,1,0,1,0,0,0,0,17,5.22,1,2,4,87,11,Power
USR_03105,1,0,0,0,0,1,0,28,7.54,2,2,4,437,18,Champion
USR_03106,0,1,0,1,0,1,0,4,1.84,3,3,2,86,3,Active
USR_03107,1,0,0,0,0,0,0,12,2.46,1,1,3,37,5,Active
USR_03108,0,1,0,0,1,0,1,26,6.68,2,3,4,380,21,Champion
USR_03109,1,0,1,0,1,0,0,13,5.79,2,3,3,102,8,Active
USR_03110,1,0,0,1,0,0,0,12,3.75,1,2,3,144,6,Active
USR_03111,0,0,0,0,1,1,0,5,3.17,2,2,2,175,5,Basic
USR_03112,1,1,0,0,1,1,0,20,10.57,3,4,4,81,14,Champion
USR_03113,0,0,0,0,0,0,1,20,7.92,1,1,4,28,13,Power
USR_03114,1,1,0,0,1,0,0,19,6.17,2,3,4,426,13,Power
USR_03115,0,0,1,0,0,1,0,15,4.17,2,2,3,173,11,Active
USR_03116,0,1,0,0,1,1,1,21,4.63,3,4,4,104,12,Power
USR_03117,1,1,1,0,1,0,1,14,3.61,2,5,3,313,8,Power
USR_03118,1,0,1,1,0,0,0,9,3.29,2,3,2,286,3,Active
USR_03119,0,0,0,0,0,0,0,4,5.2,1,0,2,220,4,Basic
USR_03120,1,1,0,0,0,0,1,9,2.77,2,3,3,478,6,Active
USR_03121,1,0,1,0,0,0,0,13,3.05,1,2,3,471,7,Active
USR_03122,0,0,0,0,0,0,0,3,3.16,1,0,2,437,3,Basic
USR_03123,0,1,1,0,1,1,0,8,3.67,3,4,2,313,5,Active
USR_03124,1,0,1,0,0,0,0,12,4.18,1,2,3,70,11,Active
USR_03125,0,0,0,0,0,1,0,7,1.3,2,1,2,481,7,Basic
USR_03126,0,1,0,1,0,1,0,16,18.87,3,3,4,172,12,Power
USR_03127,1,0,0,1,0,0,0,9,7.96,1,2,3,284,9,Active
USR_03128,1,0,0,0,1,1,1,17,7.24,3,4,4,417,13,Power
USR_03129,1,1,1,1,0,0,0,17,5.22,2,4,4,83,14,Power
USR_03130,1,0,0,0,0,0,0,8,3.07,1,1,3,127,6,Basic
USR_03131,1,0,0,0,0,0,1,8,2.69,1,2,3,408,7,Active
USR_03132,1,0,1,1,0,0,0,18,4.86,2,3,4,169,14,Power
USR_03133,1,1,1,1,1,0,1,28,8.93,2,6,4,176,19,Champion
USR_03134,0,0,0,0,0,0,0,2,2.72,1,0,2,104,0,Dormant
USR_03135,1,0,0,1,0,0,0,19,4.56,1,2,4,417,12,Power
USR_03136,1,0,0,0,0,1,0,26,8.69,2,2,4,423,18,Champion
USR_03137,0,0,0,0,0,0,0,8,3.36,1,0,3,220,6,Basic
USR_03138,1,0,0,1,1,0,0,20,7.19,2,3,4,142,11,Power
USR_03139,0,0,0,0,0,0,1,12,7.58,1,1,3,383,10,Active
USR_03140,1,0,0,0,1,0,1,22,6.49,2,3,4,306,15,Power
USR_03141,1,1,1,0,1,1,0,20,5.15,3,5,4,88,13,Power
USR_03142,0,0,1,0,1,1,0,19,5.71,3,3,4,143,13,Power
USR_03143,0,1,0,0,1,1,0,7,4.62,3,3,3,429,7,Active
USR_03144,1,0,0,0,0,0,1,20,5.33,1,2,4,257,13,Power
USR_03145,1,1,0,0,1,1,0,28,8.13,3,4,4,148,19,Champion
USR_03146,0,0,0,0,0,0,0,16,5.2,1,0,3,85,10,Active
USR_03147,1,1,0,0,0,0,0,11,3.42,1,2,3,406,8,Active
USR_03148,0,0,0,0,0,0,0,6,3.33,1,0,2,278,6,Basic
USR_03149,1,1,1,0,1,0,0,26,8.62,2,4,4,470,19,Champion
USR_03150,1,0,1,0,0,0,1,17,7.58,2,3,4,85,13,Power
USR_03151,0,0,0,0,0,1,1,19,6.77,2,2,4,445,13,Power
USR_03152,0,1,0,1,1,1,0,14,7.59,3,4,3,103,10,Power
USR_03153,1,1,0,0,0,0,0,28,10.84,1,2,4,477,21,Champion
USR_03154,0,0,0,1,0,0,1,4,2.03,1,2,2,265,3,Basic
USR_03155,0,0,0,0,0,0,0,3,2.81,1,0,2,286,3,Basic
USR_03156,0,0,1,1,0,1,1,16,4.54,3,4,3,438,10,Power
USR_03157,1,1,0,1,0,1,0,18,5.31,3,4,4,353,11,Power
USR_03158,1,0,0,0,1,1,0,28,7.3,3,3,4,348,18,Champion
USR_03159,0,0,0,0,0,0,0,5,2.06,1,0,2,279,4,Basic
USR_03160,1,0,0,0,0,0,1,14,5.72,1,2,3,78,8,Active
USR_03161,1,0,1,0,0,0,0,8,1.67,1,2,2,399,8,Basic
USR_03162,1,0,0,1,0,1,0,17,5.29,3,3,4,118,13,Power
USR_03163,1,0,0,1,0,0,0,10,9.63,1,2,3,277,7,Active
USR_03164,1,0,0,0,0,0,0,6,1.31,1,1,2,432,2,Basic
USR_03165,0,0,0,0,0,0,0,6,2.85,1,0,3,458,4,Basic
USR_03166,0,0,0,0,0,0,1,23,5.58,1,1,4,311,19,Power
USR_03167,0,1,0,0,0,0,0,3,0.99,1,1,2,303,2,Basic
USR_03168,1,0,0,0,0,1,1,12,11.18,3,3,3,236,7,Power
USR_03169,0,0,0,0,0,0,1,7,3.51,1,1,2,325,4,Basic
USR_03170,1,1,0,0,0,0,0,19,4.16,1,2,4,281,12,Power
USR_03171,0,1,0,0,0,1,0,11,2.92,2,2,3,481,7,Active
USR_03172,1,0,0,0,0,0,1,13,2.95,1,2,3,449,7,Active
USR_03173,0,1,1,1,1,0,0,21,6.11,2,4,4,150,16,Power
USR_03174,1,1,1,0,0,0,0,16,4.59,2,3,3,389,9,Active
USR_03175,0,0,0,0,1,0,1,14,3.34,1,2,3,187,5,Active
USR_03176,1,1,1,1,0,0,1,18,5.7,2,5,4,454,13,Power
USR_03177,1,1,1,0,1,0,1,21,8.81,2,5,4,278,15,Champion
USR_03178,0,0,0,0,0,1,1,14,3.82,2,2,3,17,12,Active
USR_03179,1,0,0,0,0,0,0,11,5.74,1,1,3,462,10,Active
USR_03180,1,0,0,0,1,1,0,16,12.56,3,3,4,35,14,Power
USR_03181,0,0,0,0,0,0,0,5,2.65,1,0,2,295,5,Basic
USR_03182,1,0,1,0,0,0,0,12,5.09,1,2,3,455,9,Active
USR_03183,1,0,1,0,0,0,0,19,8.79,1,2,4,167,13,Power
USR_03184,0,1,0,0,1,0,0,12,5.74,1,2,3,133,6,Active
USR_03185,1,1,0,0,1,0,0,19,4.4,2,3,4,142,11,Power
USR_03186,0,0,0,0,0,0,1,14,5.86,1,1,3,487,10,Active
USR_03187,0,0,0,1,0,0,1,7,1.91,1,2,3,134,5,Basic
USR_03188,1,0,0,0,0,0,0,5,2.47,1,1,2,369,4,Basic
USR_03189,0,0,0,0,0,0,0,15,5.94,1,0,3,340,8,Active
USR_03190,1,1,0,1,0,1,0,21,6.26,3,4,4,234,13,Power
USR_03191,1,0,0,0,0,0,0,15,5.09,1,1,3,91,12,Active
USR_03192,1,0,1,0,0,0,0,14,5.77,1,2,3,458,11,Active
USR_03193,1,0,0,1,0,1,0,12,6.79,3,3,3,363,10,Power
USR_03194,1,1,0,1,0,0,0,17,7.07,2,3,4,300,13,Power
USR_03195,1,0,0,0,1,0,1,16,10.03,2,3,4,315,11,Power
USR_03196,0,0,0,0,0,1,1,9,2.55,2,2,3,342,6,Active
USR_03197,1,0,1,0,0,1,0,17,5.87,3,3,3,329,10,Power
USR_03198,1,0,1,0,0,1,0,4,2.34,3,3,2,335,8,Active
USR_03199,1,0,0,0,0,0,0,14,4.05,1,1,3,241,10,Active
USR_03200,0,0,0,0,0,0,0,4,1.56,1,0,2,311,2,Basic
USR_03201,0,0,1,0,0,0,1,14,8.97,1,2,3,382,9,Active
USR_03202,0,1,1,0,0,0,0,20,5.54,1,2,4,72,14,Power
USR_03203,0,0,0,0,0,0,0,12,2.61,1,0,3,274,10,Active
USR_03204,0,1,0,0,0,0,0,12,4.77,1,1,3,244,8,Active
USR_03205,1,0,1,1,0,0,0,24,9.52,2,3,4,265,18,Champion
USR_03206,0,0,0,1,1,1,0,23,6.12,3,3,4,82,18,Champion
USR_03207,0,0,1,1,0,0,0,8,3.32,1,2,3,23,7,Active
USR_03208,0,0,0,0,0,0,0,5,2.53,1,0,2,222,6,Basic
USR_03209,0,1,0,0,0,1,0,10,4.17,2,2,3,186,7,Active
USR_03210,1,1,1,0,1,0,0,19,5.93,2,4,4,350,14,Power
USR_03211,0,1,0,0,1,0,0,7,2.17,1,2,3,155,7,Active
USR_03212,0,0,0,0,1,0,1,9,6.35,1,2,3,152,6,Active
USR_03213,0,1,1,0,0,0,1,22,7.0,2,3,4,163,18,Power
USR_03214,0,1,1,0,0,0,1,25,9.39,2,3,4,236,18,Champion
USR_03215,1,0,0,0,0,0,0,6,4.98,1,1,2,101,5,Basic
USR_03216,1,0,0,0,0,0,0,7,0.66,1,1,2,270,1,Basic
USR_03217,1,1,0,0,0,0,1,15,3.93,2,3,3,374,10,Active
USR_03218,1,0,1,1,1,0,0,23,7.24,2,4,4,465,20,Champion
USR_03219,0,1,1,0,1,0,1,13,4.94,2,4,3,440,8,Active
USR_03220,1,1,1,0,0,0,0,23,8.61,2,3,4,70,20,Champion
USR_03221,0,0,1,1,0,0,0,12,4.01,1,2,3,356,10,Active
USR_03222,0,0,1,0,0,0,0,14,4.53,1,1,3,282,12,Active
USR_03223,1,1,0,0,1,0,0,18,8.42,2,3,4,33,13,Power
USR_03224,1,1,0,0,0,1,0,14,5.45,3,3,3,368,9,Power
USR_03225,1,1,0,0,0,0,0,5,0.9,1,2,2,142,3,Basic
USR_03226,1,0,0,1,0,1,0,13,6.16,3,3,3,341,10,Power
USR_03227,1,1,0,1,0,1,1,16,4.52,3,5,4,408,11,Power
USR_03228,1,1,0,0,0,1,0,17,5.16,3,3,3,128,11,Power
USR_03229,1,1,0,1,0,0,0,23,7.89,2,3,4,117,15,Power
USR_03230,1,0,1,1,0,0,1,20,5.36,2,4,4,288,13,Power
USR_03231,0,1,0,0,0,0,0,9,1.75,1,1,2,226,5,Basic
USR_03232,1,0,0,0,0,0,0,8,3.35,1,1,3,496,4,Basic
USR_03233,1,0,0,1,0,0,1,15,3.25,2,3,3,472,9,Active
USR_03234,0,0,1,0,0,1,1,8,2.98,3,3,3,286,5,Active
USR_03235,1,1,0,0,0,0,0,20,6.21,1,2,4,499,15,Power
USR_03236,0,1,0,0,0,0,0,9,1.47,1,1,2,186,4,Basic
USR_03237,1,1,0,0,0,0,0,9,9.01,1,2,3,152,7,Active
USR_03238,1,0,0,1,1,1,1,2,5.01,3,5,2,226,3,Active
USR_03239,1,1,0,0,0,1,0,14,4.19,3,3,3,127,11,Power
USR_03240,0,0,0,0,0,1,0,14,3.38,2,1,3,7,10,Active
USR_03241,1,0,0,1,1,0,0,7,3.6,2,3,3,241,9,Active
USR_03242,1,1,1,0,1,0,0,18,5.54,2,4,4,454,15,Power
USR_03243,1,0,0,0,1,0,0,11,2.95,1,2,3,81,10,Active
USR_03244,1,0,0,0,0,0,1,1,1.61,1,2,2,406,0,Basic
USR_03245,0,0,0,0,0,0,0,10,4.42,1,0,3,497,11,Active
USR_03246,1,1,0,0,1,0,0,17,4.86,2,3,4,110,12,Power
USR_03247,1,0,0,0,0,0,1,4,1.47,1,2,2,90,5,Basic
USR_03248,1,1,1,0,0,1,0,20,8.29,3,4,4,57,17,Champion
USR_03249,0,1,0,0,1,0,0,13,4.82,1,2,3,365,8,Active
USR_03250,1,1,0,1,0,1,0,12,5.03,3,4,3,98,8,Power
USR_03251,1,0,0,0,1,1,1,10,2.51,3,4,3,19,8,Active
USR_03252,1,0,0,1,0,0,0,22,6.07,1,2,4,367,18,Power
USR_03253,0,0,0,0,0,1,0,3,7.46,2,1,2,216,2,Basic
USR_03254,1,1,1,0,0,1,0,9,6.23,3,4,3,489,7,Active
USR_03255,1,0,0,0,1,0,0,7,7.34,1,2,3,320,6,Active
USR_03256,0,0,1,0,0,1,0,6,1.53,2,2,2,376,4,Basic
USR_03257,0,0,0,0,1,0,0,5,8.18,1,1,2,407,5,Basic
USR_03258,1,0,0,0,1,0,1,22,5.64,2,3,4,210,16,Power
USR_03259,0,1,1,0,1,0,0,11,3.01,2,3,3,297,9,Active
USR_03260,1,0,0,0,0,0,1,2,1.85,1,2,2,418,2,Basic
USR_03261,0,1,1,0,0,0,1,20,12.96,2,3,4,419,13,Power
USR_03262,0,0,0,0,0,1,1,10,2.58,2,2,3,175,5,Active
USR_03263,0,1,0,0,0,0,0,7,2.74,1,1,2,170,5,Basic
USR_03264,1,1,0,0,1,0,1,12,3.01,2,4,3,304,9,Active
USR_03265,1,1,0,0,0,0,1,5,2.47,2,3,2,472,4,Basic
USR_03266,0,0,0,1,0,0,0,8,1.99,1,1,3,231,6,Basic
USR_03267,0,0,0,0,0,0,0,19,4.56,1,0,4,457,11,Active
USR_03268,1,0,0,0,0,1,0,17,4.94,2,2,4,118,11,Power
USR_03269,1,1,1,0,1,0,0,18,10.32,2,4,4,166,11,Power
USR_03270,1,0,1,0,0,1,0,30,7.78,3,3,4,285,17,Champion
USR_03271,1,1,0,0,1,0,1,5,4.39,2,4,2,321,3,Active
USR_03272,1,1,0,0,0,0,0,14,4.47,1,2,3,416,12,Active
USR_03273,0,0,0,0,0,0,0,4,1.78,1,0,2,240,1,Dormant
USR_03274,1,0,0,0,0,0,1,5,2.55,1,2,2,383,4,Basic
USR_03275,0,0,0,0,0,0,0,2,0.55,1,0,2,489,3,Dormant
USR_03276,1,0,0,1,0,1,0,22,6.59,3,3,4,67,13,Power
USR_03277,0,0,0,0,0,1,1,7,4.56,2,2,2,220,4,Active
USR_03278,1,0,1,0,0,0,1,17,6.93,2,3,4,44,11,Power
USR_03279,1,0,1,1,1,0,1,19,5.83,2,5,4,127,12,Power
USR_03280,1,0,0,1,0,0,0,17,5.62,1,2,4,380,10,Active
USR_03281,1,0,0,0,0,1,1,20,4.74,3,3,4,390,12,Power
USR_03282,0,1,0,0,0,0,0,13,6.09,1,1,3,133,10,Active
USR_03283,0,0,0,0,0,0,1,9,7.39,1,1,3,168,6,Active
USR_03284,1,1,0,0,0,1,0,13,4.62,3,3,3,117,9,Power
USR_03285,0,1,0,0,1,0,0,11,3.49,1,2,3,333,7,Active
USR_03286,0,0,1,0,0,1,0,7,1.4,2,2,2,439,5,Basic
USR_03287,1,1,0,0,0,0,1,27,7.48,2,3,4,32,13,Power
USR_03288,0,0,1,0,1,0,0,6,2.58,1,2,2,389,5,Basic
USR_03289,1,0,0,1,0,0,0,18,4.66,1,2,4,134,12,Power
USR_03290,1,0,1,0,1,0,1,24,11.71,2,4,4,124,18,Champion
USR_03291,1,1,0,1,1,0,0,8,1.79,2,4,2,160,6,Active
USR_03292,1,1,0,1,1,0,1,17,7.45,2,5,4,50,11,Power
USR_03293,0,0,0,0,0,1,0,10,2.39,2,1,2,310,5,Basic
USR_03294,1,0,1,1,0,1,1,18,6.24,3,5,4,434,14,Power
USR_03295,1,1,0,0,1,0,0,11,3.9,2,3,3,165,8,Active
USR_03296,1,0,0,0,1,1,1,21,8.46,3,4,4,187,18,Champion
USR_03297,1,0,0,0,1,0,0,15,6.61,1,2,3,191,10,Active
USR_03298,0,1,0,1,1,0,1,14,4.24,2,4,3,100,10,Power
USR_03299,1,1,1,1,1,1,0,10,6.67,3,6,3,51,6,Power
USR_03300,0,0,0,0,0,0,0,5,5.15,1,0,2,41,2,Basic
USR_03301,0,1,0,1,1,1,0,8,3.09,3,4,3,125,5,Active
USR_03302,0,1,1,0,0,0,0,5,2.92,1,2,2,72,2,Basic
USR_03303,1,0,0,0,0,0,0,7,1.91,1,1,2,156,5,Basic
USR_03304,1,0,0,1,0,0,0,13,4.5,1,2,3,426,6,Active
USR_03305,0,0,1,0,0,1,0,17,10.16,2,2,4,144,12,Power
USR_03306,1,0,1,0,0,0,1,18,9.83,2,3,3,450,9,Power
USR_03307,1,0,1,0,1,0,0,7,3.43,2,3,3,321,7,Active
USR_03308,0,0,0,1,0,0,0,12,3.87,1,1,3,168,9,Active
USR_03309,0,0,1,0,0,0,1,2,2.34,1,2,2,242,0,Basic
USR_03310,1,1,1,0,1,0,1,23,7.61,2,5,4,254,17,Champion
USR_03311,0,1,0,0,0,1,0,12,3.91,2,2,3,235,11,Active
USR_03312,1,1,0,0,1,0,0,7,4.13,2,3,3,102,7,Active
USR_03313,1,1,1,0,1,1,1,11,3.87,3,6,3,22,9,Power
USR_03314,0,0,0,0,0,0,1,12,3.81,1,1,3,455,5,Active
USR_03315,1,1,0,0,0,1,1,18,5.08,3,4,4,300,12,Power
USR_03316,1,0,1,0,1,0,0,21,8.51,2,3,4,89,15,Power
USR_03317,1,1,0,0,0,0,0,13,3.8,1,2,3,101,8,Active
USR_03318,0,1,1,0,1,1,1,13,4.61,3,5,3,121,12,Power
USR_03319,1,0,1,0,0,1,0,7,2.67,3,3,3,119,8,Active
USR_03320,1,1,0,0,0,0,1,11,4.27,2,3,3,49,9,Active
USR_03321,0,0,0,0,0,0,0,7,4.25,1,0,2,126,3,Basic
USR_03322,0,0,0,1,1,1,0,17,5.38,3,3,3,495,9,Power
USR_03323,0,0,0,0,0,1,1,17,5.8,2,2,3,289,11,Power
USR_03324,1,1,1,0,0,0,1,15,4.78,2,4,3,154,9,Power
USR_03325,1,0,0,0,1,0,0,8,5.67,1,2,2,17,5,Active
USR_03326,1,0,0,1,0,0,0,22,7.74,1,2,4,254,18,Power
USR_03327,0,0,0,0,0,0,0,6,2.08,1,0,3,77,5,Basic
USR_03328,1,1,0,0,1,0,1,18,5.99,2,4,4,364,13,Power
USR_03329,0,0,1,0,1,0,0,9,2.32,1,2,2,287,4,Basic
USR_03330,1,1,0,1,0,0,0,18,8.7,2,3,4,37,13,Power
USR_03331,1,0,0,0,0,1,0,2,3.83,2,2,2,320,3,Basic
USR_03332,0,0,1,0,1,1,0,19,5.04,3,3,4,409,10,Power
USR_03333,1,1,0,1,0,1,1,14,5.7,3,5,3,204,13,Power
USR_03334,0,1,1,0,0,1,0,9,5.03,3,3,3,452,7,Active
USR_03335,1,1,1,0,1,0,0,18,5.24,2,4,4,217,13,Power
USR_03336,0,0,0,0,0,1,1,6,2.34,2,2,3,167,5,Active
USR_03337,0,1,1,0,1,0,0,20,5.86,2,3,4,311,14,Power
USR_03338,1,0,0,0,0,1,0,10,3.03,2,2,3,192,9,Active
USR_03339,0,0,0,0,0,0,0,7,2.25,1,0,3,165,6,Basic
USR_03340,0,0,1,1,1,1,0,13,4.38,3,4,3,40,8,Power
USR_03341,1,1,1,0,0,1,0,25,6.21,3,4,4,165,19,Champion
USR_03342,0,1,0,0,0,1,0,23,5.68,2,2,4,132,16,Power
USR_03343,0,1,0,0,0,0,1,11,3.05,1,2,3,285,7,Active
USR_03344,1,0,1,0,0,0,0,7,2.81,1,2,3,9,8,Active
USR_03345,1,0,0,0,0,0,0,8,2.49,1,1,3,470,6,Basic
USR_03346,1,1,0,0,1,0,1,12,6.1,2,4,3,200,8,Active
USR_03347,0,0,0,0,0,0,1,11,3.11,1,1,3,329,6,Active
USR_03348,1,0,0,0,0,1,1,14,6.03,3,3,3,191,10,Power
USR_03349,0,0,1,0,0,1,0,4,1.35,2,2,2,406,3,Basic
USR_03350,0,0,0,0,0,1,0,7,1.4,2,1,2,187,3,Basic
USR_03351,1,1,0,0,0,0,0,18,4.82,1,2,4,412,13,Power
USR_03352,0,1,0,0,1,0,1,10,3.99,2,3,3,75,6,Active
USR_03353,0,0,0,0,0,0,0,9,2.71,1,0,3,408,7,Basic
USR_03354,0,1,1,0,0,0,0,10,7.16,1,2,3,97,7,Active
USR_03355,0,0,0,1,0,1,0,22,6.81,2,2,4,214,16,Power
USR_03356,0,1,1,1,1,1,1,29,9.1,3,6,4,397,23,Champion
USR_03357,1,0,0,0,1,0,1,15,7.91,2,3,3,475,10,Power
USR_03358,0,1,0,0,0,1,1,8,4.36,3,3,3,422,8,Active
USR_03359,0,0,0,0,0,0,1,22,9.04,1,1,4,462,14,Power
USR_03360,1,0,0,0,1,0,1,24,8.44,2,3,4,462,20,Champion
USR_03361,1,1,0,0,1,0,0,9,5.01,2,3,3,261,8,Active
USR_03362,0,0,0,1,0,0,0,2,0.54,1,1,2,170,5,Basic
USR_03363,0,0,1,0,0,0,0,6,5.45,1,1,2,118,3,Basic
USR_03364,0,1,0,1,0,0,0,15,5.28,1,2,3,55,12,Active
USR_03365,0,0,0,0,1,0,0,16,3.51,1,1,3,308,9,Active
USR_03366,1,0,0,0,1,0,1,16,3.93,2,3,3,26,9,Active
USR_03367,0,1,1,0,1,0,0,20,6.87,2,3,4,140,16,Power
USR_03368,1,1,0,0,0,1,1,8,3.39,3,4,3,26,7,Active
USR_03369,0,0,0,1,0,0,0,4,1.56,1,1,2,298,4,Basic
USR_03370,1,0,0,0,0,0,0,9,2.16,1,1,2,202,5,Basic
USR_03371,0,0,0,1,1,0,1,24,10.37,2,3,4,297,17,Champion
USR_03372,1,0,1,0,0,1,0,19,8.96,3,3,4,259,12,Power
USR_03373,0,0,1,1,0,0,1,20,4.98,2,3,4,76,14,Power
USR_03374,1,1,0,0,0,0,0,14,3.27,1,2,3,337,6,Active
USR_03375,1,0,0,0,0,0,1,22,6.05,1,2,4,74,13,Power
USR_03376,1,1,0,0,0,0,1,17,11.41,2,3,4,412,11,Power
USR_03377,1,0,1,1,1,0,0,25,6.52,2,4,4,426,17,Champion
USR_03378,0,1,1,1,0,1,0,17,4.17,3,4,4,327,11,Power
USR_03379,0,0,0,0,0,1,0,1,4.29,2,1,2,385,2,Basic
USR_03380,1,1,0,0,0,0,1,15,4.16,2,3,3,22,10,Active
USR_03381,0,1,0,0,0,0,1,13,5.93,1,2,3,64,10,Active
USR_03382,1,1,0,0,1,1,1,25,8.22,3,5,4,401,19,Champion
USR_03383,1,1,0,0,0,1,0,14,5.22,3,3,3,452,9,Power
USR_03384,0,1,0,0,1,1,0,25,7.76,3,3,4,333,16,Champion
USR_03385,0,0,0,1,1,0,1,22,10.24,2,3,4,398,16,Champion
USR_03386,1,1,1,0,1,0,0,10,6.91,2,4,3,412,8,Active
USR_03387,0,1,1,0,0,0,1,11,3.43,2,3,3,125,7,Active
USR_03388,1,0,1,1,1,1,0,22,5.83,3,5,4,146,15,Champion
USR_03389,1,1,0,1,0,0,0,29,8.25,2,3,4,287,19,Champion
USR_03390,0,0,0,0,1,0,0,10,3.56,1,1,3,483,6,Active
USR_03391,0,0,0,0,0,1,1,18,8.94,2,2,4,96,16,Power
USR_03392,0,0,0,0,1,1,0,8,5.99,2,2,2,386,5,Active
USR_03393,0,1,0,0,0,0,0,11,6.6,1,1,3,152,5,Active
USR_03394,0,0,0,1,0,1,0,12,3.17,2,2,3,400,7,Active
USR_03395,1,1,1,0,1,0,0,3,1.27,2,4,2,91,3,Basic
USR_03396,1,1,0,0,0,0,0,24,6.47,1,2,4,463,17,Power
USR_03397,0,0,0,0,1,1,0,5,0.89,2,2,2,39,4,Basic
USR_03398,1,1,0,1,0,0,0,22,7.4,2,3,4,51,14,Power
USR_03399,1,0,1,0,1,0,0,10,3.24,2,3,3,258,7,Active
USR_03400,1,0,0,1,1,1,0,16,5.26,3,4,3,241,9,Power
USR_03401,1,0,0,0,1,0,0,20,4.77,1,2,4,89,14,Power
USR_03402,0,0,0,0,0,1,0,10,2.65,2,1,3,192,6,Active
USR_03403,0,1,0,0,1,0,0,18,7.54,1,2,4,340,11,Power
USR_03404,1,0,1,0,0,0,1,17,4.64,2,3,4,435,10,Power
USR_03405,0,1,0,0,1,0,0,9,4.28,1,2,3,352,9,Active
USR_03406,0,0,0,1,0,0,0,22,6.93,1,1,4,388,16,Power
USR_03407,1,1,0,0,1,1,0,15,4.14,3,4,4,109,16,Power
USR_03408,0,1,0,0,1,1,0,3,1.35,3,3,2,482,4,Basic
USR_03409,0,0,0,1,0,0,1,8,1.74,1,2,2,88,4,Basic
USR_03410,1,0,1,1,0,1,1,17,5.94,3,5,4,256,12,Power
USR_03411,0,0,0,0,0,0,0,14,2.82,1,0,3,128,8,Active
USR_03412,1,1,0,0,0,1,1,14,8.33,3,4,3,222,10,Power
USR_03413,1,1,0,0,1,0,0,11,4.16,2,3,3,341,7,Active
USR_03414,1,0,0,0,0,0,0,12,5.23,1,1,3,201,8,Active
USR_03415,1,0,0,0,1,0,0,19,4.6,1,2,4,182,11,Power
USR_03416,0,1,0,0,0,0,1,21,7.96,1,2,4,77,17,Power
USR_03417,0,1,1,0,1,0,1,19,6.05,2,4,4,174,15,Power
USR_03418,1,0,0,0,0,0,0,18,6.43,1,1,4,155,14,Power
USR_03419,0,0,0,0,0,0,1,11,4.75,1,1,3,192,8,Active
USR_03420,0,0,1,0,0,0,0,1,2.46,1,1,2,10,3,Basic
USR_03421,0,0,0,0,0,0,0,3,3.51,1,0,2,156,3,Basic
USR_03422,1,1,0,0,0,0,0,24,6.28,1,2,4,75,20,Power
USR_03423,1,0,1,0,0,0,1,6,7.54,2,3,2,346,4,Active
USR_03424,0,1,0,0,1,0,0,7,5.41,1,2,3,497,7,Active
USR_03425,1,0,0,0,1,0,1,10,4.03,2,3,3,469,6,Active
USR_03426,1,0,0,0,1,1,0,19,5.17,3,3,4,376,13,Power
USR_03427,0,1,1,0,0,0,0,6,6.38,1,2,3,481,4,Active
USR_03428,1,0,0,1,0,1,0,24,10.49,3,3,4,52,17,Champion
USR_03429,0,1,0,0,0,1,0,7,3.49,2,2,2,257,2,Basic
USR_03430,1,0,1,1,0,0,0,19,5.75,2,3,4,382,13,Power
USR_03431,1,1,0,0,0,0,0,18,5.11,1,2,4,429,12,Power
USR_03432,0,0,0,0,0,1,0,13,3.51,2,1,3,180,9,Active
USR_03433,0,0,1,0,0,0,0,24,6.35,1,1,4,226,15,Power
USR_03434,0,1,0,0,0,0,0,1,6.58,1,1,2,262,4,Basic
USR_03435,0,1,0,0,0,0,0,10,7.1,1,1,3,152,8,Active
USR_03436,0,0,0,0,0,1,0,16,4.77,2,1,3,453,10,Active
USR_03437,0,1,0,1,0,0,0,11,4.17,1,2,3,53,7,Active
USR_03438,1,1,0,1,0,1,0,25,6.96,3,4,4,240,19,Champion
USR_03439,0,1,1,0,1,0,0,14,6.19,2,3,3,22,11,Power
USR_03440,0,1,0,0,0,0,1,11,3.85,1,2,3,175,11,Active
USR_03441,1,1,0,0,0,0,0,5,1.52,1,2,2,290,3,Basic
USR_03442,0,1,0,0,0,1,0,6,4.01,2,2,2,36,4,Basic
USR_03443,1,0,0,0,1,0,1,13,3.89,2,3,3,349,6,Active
USR_03444,1,1,1,0,0,0,0,10,5.68,2,3,3,151,8,Active
USR_03445,0,0,1,0,0,1,0,16,12.45,2,2,4,417,15,Power
USR_03446,1,0,0,0,0,0,0,17,6.84,1,1,4,371,12,Power
USR_03447,0,0,0,0,1,0,0,8,6.26,1,1,2,31,5,Basic
USR_03448,1,0,0,0,0,1,1,21,5.65,3,3,4,172,13,Power
USR_03449,1,0,0,0,0,0,1,17,4.63,1,2,4,286,14,Power
USR_03450,0,1,0,0,1,0,1,7,2.12,2,3,3,350,5,Active
USR_03451,1,0,0,0,0,1,0,14,5.14,2,2,3,330,8,Active
USR_03452,0,0,0,0,0,0,0,7,2.92,1,0,3,489,8,Basic
USR_03453,0,1,0,0,0,0,0,14,3.81,1,1,3,282,10,Active
USR_03454,0,0,0,0,0,0,1,12,5.22,1,1,3,462,9,Active
USR_03455,1,0,0,1,0,0,0,9,3.07,1,2,3,336,7,Active
USR_03456,0,0,1,0,1,1,0,19,5.64,3,3,4,439,16,Power
USR_03457,1,0,1,0,1,1,0,4,2.21,3,4,2,441,5,Active
USR_03458,1,0,1,1,0,0,1,14,4.78,2,4,3,308,9,Power
USR_03459,0,0,0,0,0,1,0,4,1.35,2,1,2,319,5,Basic
USR_03460,0,0,0,1,0,1,0,4,2.28,2,2,2,135,4,Basic
USR_03461,1,1,1,0,1,1,1,15,3.55,3,6,3,426,9,Power
USR_03462,0,1,0,0,0,0,0,8,13.97,1,1,3,353,8,Active
USR_03463,1,1,0,0,0,0,0,5,5.42,1,2,2,446,1,Basic
USR_03464,1,1,1,0,0,0,0,10,3.58,2,3,3,337,4,Active
USR_03465,0,1,0,1,0,0,0,14,3.47,1,2,3,160,7,Active
USR_03466,1,0,0,0,0,0,0,9,3.79,1,1,3,304,6,Active
USR_03467,0,0,0,0,1,0,0,18,5.73,1,1,4,321,14,Power
USR_03468,0,1,1,1,1,0,0,4,3.37,2,4,2,388,7,Active
USR_03469,0,0,0,0,0,1,0,11,8.69,2,1,3,189,5,Active
USR_03470,1,1,0,0,1,1,0,28,7.67,3,4,4,255,21,Champion
USR_03471,0,1,0,0,0,0,1,15,7.01,1,2,3,87,8,Active
USR_03472,1,1,1,0,0,0,0,11,3.7,2,3,3,293,7,Active
USR_03473,0,1,0,1,1,0,1,20,6.52,2,4,4,459,16,Power
USR_03474,0,0,0,0,0,1,0,4,4.81,2,1,2,430,4,Basic
USR_03475,0,0,0,0,0,0,0,5,4.76,1,0,2,198,3,Basic
USR_03476,1,0,0,0,0,0,0,21,8.82,1,1,4,78,16,Power
USR_03477,0,0,1,0,0,0,0,18,5.86,1,1,3,487,13,Active
USR_03478,1,1,1,0,0,0,0,5,2.52,2,3,2,220,2,Basic
USR_03479,1,0,1,0,1,0,1,24,8.92,2,4,4,217,19,Champion
USR_03480,1,0,0,0,0,0,0,16,5.07,1,1,3,34,10,Active
USR_03481,0,1,0,0,0,0,0,4,3.43,1,1,2,365,5,Basic
USR_03482,1,0,1,0,1,0,0,7,2.71,2,3,2,58,3,Active
USR_03483,0,0,0,1,0,0,0,8,13.47,1,1,3,333,6,Active
USR_03484,0,0,0,0,0,0,1,8,5.14,1,1,2,202,3,Basic
USR_03485,1,0,0,0,0,1,0,9,3.2,2,2,3,251,5,Active
USR_03486,0,1,0,0,0,0,0,9,4.35,1,1,2,80,5,Basic
USR_03487,0,0,1,1,0,0,0,22,8.78,1,2,4,448,16,Power
USR_03488,0,1,1,0,0,1,0,6,7.49,3,3,2,352,5,Active
USR_03489,1,0,1,0,0,0,0,9,3.43,1,2,2,476,3,Basic
USR_03490,1,0,0,0,0,1,0,24,10.55,2,2,4,386,16,Champion
USR_03491,1,1,0,0,0,1,1,10,2.4,3,4,3,225,7,Active
USR_03492,1,1,0,0,0,1,1,30,11.86,3,4,4,328,20,Champion
USR_03493,0,1,1,0,1,1,0,18,4.87,3,4,4,422,14,Power
USR_03494,1,0,1,1,0,1,1,26,5.97,3,5,4,495,14,Champion
USR_03495,1,1,1,0,0,0,0,26,9.99,2,3,4,69,20,Champion
USR_03496,0,0,1,0,0,0,0,4,10.35,1,1,2,15,2,Basic
USR_03497,1,1,1,1,0,0,1,29,9.81,2,5,4,437,19,Champion
USR_03498,0,0,0,0,0,0,0,4,1.01,1,0,2,142,2,Dormant
USR_03499,0,1,1,1,0,1,0,14,4.2,3,4,3,206,7,Power
USR_03500,0,0,0,1,0,0,0,6,2.25,1,1,2,291,3,Basic
USR_03501,1,0,1,1,0,1,0,27,7.98,3,4,4,208,20,Champion
USR_03502,1,0,0,0,0,0,1,14,4.53,1,2,3,119,11,Active
USR_03503,1,1,1,0,0,0,0,15,3.77,2,3,3,280,9,Active
USR_03504,0,0,0,0,0,0,1,9,1.88,1,1,2,289,8,Basic
USR_03505,1,1,0,0,0,1,0,12,3.95,3,3,3,38,10,Active
USR_03506,1,1,0,0,0,1,0,24,6.4,3,3,4,202,18,Champion
USR_03507,0,0,0,0,0,1,0,11,5.02,2,1,3,34,8,Active
USR_03508,1,0,0,0,0,1,0,14,2.79,2,2,3,116,6,Active
USR_03509,0,1,0,0,1,0,0,14,4.05,1,2,3,227,11,Active
USR_03510,1,1,0,1,0,0,0,21,5.28,2,3,4,70,14,Power
USR_03511,1,0,0,1,1,1,0,19,5.57,3,4,4,328,13,Power
USR_03512,1,1,0,0,0,1,0,14,5.9,3,3,3,139,9,Power
USR_03513,0,1,0,0,0,0,0,12,7.19,1,1,3,166,7,Active
USR_03514,1,0,0,0,0,0,0,13,5.83,1,1,3,263,7,Active
USR_03515,0,0,1,1,0,0,0,7,3.46,1,2,2,454,3,Basic
USR_03516,0,1,0,0,1,0,0,8,5.79,1,2,3,143,8,Active
USR_03517,0,1,0,0,0,1,1,4,2.82,3,3,2,397,1,Basic
USR_03518,1,1,0,0,0,1,0,25,6.8,3,3,4,122,16,Champion
USR_03519,1,0,0,0,0,0,0,21,5.27,1,1,4,301,17,Power
USR_03520,1,0,0,0,1,0,1,16,3.67,2,3,3,310,12,Power
USR_03521,0,0,0,0,0,0,1,14,3.89,1,1,3,183,10,Active
USR_03522,1,0,0,1,1,0,1,16,4.18,2,4,3,113,7,Active
USR_03523,0,1,0,1,1,0,0,19,6.34,2,3,4,299,12,Power
USR_03524,0,0,0,0,0,1,0,10,2.24,2,1,3,49,8,Active
USR_03525,0,1,0,0,1,0,1,6,4.57,2,3,2,299,4,Active
USR_03526,0,1,1,1,0,1,1,15,4.53,3,5,3,451,12,Power
USR_03527,0,1,0,1,0,0,0,18,8.26,1,2,4,167,11,Power
USR_03528,1,0,0,0,0,0,0,10,2.56,1,1,3,493,5,Active
USR_03529,0,1,0,1,0,0,0,4,1.56,1,2,2,449,2,Basic
USR_03530,0,0,1,0,0,0,1,11,3.38,1,2,3,411,9,Active
USR_03531,0,0,1,0,0,0,0,6,3.79,1,1,2,421,1,Basic
USR_03532,0,0,0,0,1,0,0,13,4.92,1,1,3,171,12,Active
USR_03533,1,1,1,1,0,0,0,26,6.55,2,4,4,167,16,Champion
USR_03534,0,0,0,0,0,0,0,11,3.75,1,0,3,333,7,Active
USR_03535,0,0,0,0,1,0,0,22,10.06,1,1,4,491,14,Power
USR_03536,1,1,1,0,1,0,0,15,5.68,2,4,3,157,15,Power
USR_03537,0,1,0,0,0,0,0,7,2.31,1,1,2,447,6,Basic
USR_03538,0,0,0,1,0,0,0,18,5.16,1,1,4,285,14,Power
USR_03539,1,0,0,0,0,0,0,14,4.55,1,1,3,72,7,Active
USR_03540,1,0,1,0,1,0,1,7,4.71,2,4,3,197,4,Active
USR_03541,0,0,0,0,0,0,0,11,3.86,1,0,3,93,6,Active
USR_03542,0,0,0,0,0,0,1,4,3.16,1,1,2,345,2,Basic
USR_03543,0,0,1,1,0,1,1,24,7.5,3,4,4,24,17,Champion
USR_03544,0,1,0,1,0,0,0,15,7.21,1,2,3,237,9,Active
USR_03545,0,0,1,0,0,0,0,16,7.97,1,1,4,270,12,Power
USR_03546,0,1,0,0,0,0,0,7,4.41,1,1,2,116,4,Basic
USR_03547,0,1,0,0,1,0,0,13,3.68,1,2,3,218,11,Active
USR_03548,0,0,0,0,0,0,0,14,3.24,1,0,3,375,7,Active
USR_03549,1,1,0,0,0,0,0,13,8.07,1,2,3,264,10,Active
USR_03550,0,0,0,1,0,1,1,12,4.68,3,3,3,121,7,Active
USR_03551,1,1,0,0,0,1,0,13,5.99,3,3,3,380,11,Power
USR_03552,1,1,0,0,0,0,0,15,5.27,1,2,3,18,10,Active
USR_03553,1,0,0,0,0,0,1,13,3.62,1,2,3,277,9,Active
USR_03554,1,1,1,0,1,0,1,23,6.15,2,5,4,444,16,Champion
USR_03555,0,0,0,0,0,0,0,8,4.04,1,0,3,341,6,Basic
USR_03556,1,0,1,1,0,0,0,9,4.27,2,3,3,396,9,Active
USR_03557,1,0,0,0,0,0,0,10,3.44,1,1,3,405,7,Active
USR_03558,0,0,0,0,0,1,1,12,3.38,2,2,3,140,8,Active
USR_03559,1,1,0,0,0,0,0,23,7.38,1,2,4,460,16,Power
USR_03560,0,1,0,0,1,0,0,19,9.63,1,2,4,348,12,Power
USR_03561,1,1,0,0,0,1,0,13,3.73,3,3,3,35,7,Active
USR_03562,1,0,0,0,0,0,0,13,3.28,1,1,3,56,7,Active
USR_03563,0,0,0,0,0,1,0,10,5.02,2,1,3,306,7,Active
USR_03564,1,0,1,0,0,1,0,6,1.42,3,3,2,210,5,Active
USR_03565,0,0,0,0,0,0,1,10,3.06,1,1,3,441,5,Basic
USR_03566,0,0,0,0,0,0,0,6,2.87,1,0,2,104,5,Basic
USR_03567,0,0,1,0,1,1,0,5,2.19,3,3,2,271,3,Active
USR_03568,1,1,0,0,0,1,1,9,3.8,3,4,3,68,7,Active
USR_03569,0,1,0,0,1,1,1,25,8.89,3,4,4,270,19,Champion
USR_03570,0,0,0,0,1,0,0,6,3.87,1,1,2,128,3,Basic
USR_03571,1,0,1,1,0,1,0,12,3.62,3,4,3,185,10,Power
USR_03572,1,0,0,0,0,0,1,10,8.41,1,2,3,106,6,Active
USR_03573,1,0,0,0,0,1,0,15,4.73,2,2,3,92,9,Active
USR_03574,1,0,0,0,0,0,0,9,3.73,1,1,3,269,9,Active
USR_03575,1,0,0,0,1,0,0,2,1.71,1,2,2,309,0,Basic
USR_03576,0,1,1,0,0,0,0,7,1.19,1,2,2,8,4,Basic
USR_03577,0,0,0,1,1,0,0,7,2.56,1,2,3,154,5,Basic
USR_03578,1,0,0,0,0,0,1,9,2.77,1,2,3,141,6,Active
USR_03579,0,1,1,0,0,0,0,21,12.51,1,2,4,277,11,Power
USR_03580,1,0,0,1,1,0,0,15,4.39,2,3,3,85,8,Active
USR_03581,0,1,1,1,0,0,0,22,5.72,2,3,4,85,14,Power
USR_03582,1,0,0,0,1,0,0,13,6.5,1,2,3,373,7,Active
USR_03583,1,0,0,0,0,1,1,5,2.99,3,3,2,492,4,Active
USR_03584,1,1,0,0,0,0,1,21,5.51,2,3,4,150,14,Power
USR_03585,1,0,1,1,0,0,1,10,3.15,2,4,3,487,10,Active
USR_03586,1,0,1,0,1,0,0,26,7.48,2,3,4,207,16,Champion
USR_03587,1,0,1,1,0,0,0,14,3.87,2,3,3,306,11,Active
USR_03588,1,1,0,1,0,0,0,10,4.39,2,3,3,366,8,Active
USR_03589,1,0,0,0,0,0,1,18,4.94,1,2,4,149,12,Power
USR_03590,1,0,1,0,1,0,0,19,7.38,2,3,4,244,15,Power
USR_03591,1,0,1,0,0,1,1,29,8.92,3,4,4,453,19,Champion
USR_03592,0,1,0,0,0,0,0,11,2.49,1,1,3,58,6,Active
USR_03593,0,0,0,0,0,0,0,6,5.13,1,0,2,424,6,Basic
USR_03594,0,1,0,0,0,0,0,8,7.09,1,1,3,485,5,Active
USR_03595,1,1,0,0,0,0,0,11,2.76,1,2,3,435,7,Active
USR_03596,0,0,0,0,0,0,0,5,3.28,1,0,2,229,4,Basic
USR_03597,1,0,0,0,0,1,0,18,5.36,2,2,3,76,12,Power
USR_03598,1,0,1,0,0,0,0,17,3.89,1,2,3,402,12,Active
USR_03599,0,1,0,0,0,0,0,7,4.08,1,1,2,263,3,Basic
USR_03600,1,0,0,0,0,0,1,18,5.36,1,2,4,20,13,Power
USR_03601,1,0,1,1,1,0,1,18,6.11,2,5,4,421,15,Power
USR_03602,1,1,0,0,0,0,0,19,5.7,1,2,4,18,12,Power
USR_03603,1,0,0,0,0,0,0,10,3.19,1,1,3,344,7,Active
USR_03604,0,0,0,0,1,0,0,5,2.55,1,1,2,460,5,Basic
USR_03605,0,0,0,0,1,0,0,17,9.81,1,1,4,314,11,Power
USR_03606,1,0,0,0,1,1,0,12,7.65,3,3,3,343,9,Power
USR_03607,0,1,0,0,0,1,0,11,6.88,2,2,3,127,8,Active
USR_03608,0,0,0,0,0,0,0,12,2.82,1,0,3,73,9,Active
USR_03609,0,1,0,0,1,1,0,15,6.12,3,3,4,95,14,Power
USR_03610,1,1,0,0,0,1,1,26,7.11,3,4,4,94,21,Champion
USR_03611,0,0,1,1,0,0,0,19,9.11,1,2,4,372,13,Power
USR_03612,0,0,1,0,1,1,0,11,4.42,3,3,3,470,10,Active
USR_03613,0,0,0,0,0,0,0,8,2.28,1,0,3,394,10,Active
USR_03614,1,0,0,0,0,0,0,6,1.62,1,1,2,456,5,Basic
USR_03615,0,0,0,0,0,1,0,7,2.38,2,1,2,496,6,Basic
USR_03616,1,1,0,1,0,0,0,15,3.89,2,3,3,73,8,Active
USR_03617,1,1,0,0,0,0,0,11,3.15,1,2,3,403,10,Active
USR_03618,0,1,0,0,0,0,0,21,13.28,1,1,4,488,16,Power
USR_03619,1,0,0,1,0,0,1,21,5.03,2,3,4,340,12,Power
USR_03620,1,1,1,1,0,0,1,23,9.4,2,5,4,359,16,Champion
USR_03621,1,0,1,1,0,0,0,15,3.86,2,3,3,218,8,Active
USR_03622,0,0,0,0,1,0,0,5,6.97,1,1,2,132,2,Basic
USR_03623,1,0,0,0,1,0,0,21,4.91,1,2,4,376,14,Power
USR_03624,1,0,0,1,0,0,0,21,6.22,1,2,4,117,14,Power
USR_03625,0,1,0,0,1,0,1,11,5.68,2,3,3,258,8,Active
USR_03626,1,1,0,0,1,0,0,17,5.81,2,3,4,197,13,Power
USR_03627,1,0,0,0,0,0,0,11,3.79,1,1,3,446,7,Active
USR_03628,1,0,0,0,0,1,0,10,2.81,2,2,3,385,8,Active
USR_03629,0,1,0,0,1,0,1,27,7.3,2,3,4,250,18,Champion
USR_03630,1,1,0,0,0,0,0,13,4.09,1,2,3,39,8,Active
USR_03631,0,0,0,0,0,0,0,9,5.3,1,0,3,420,4,Basic
USR_03632,1,1,0,0,0,0,0,8,7.81,1,2,3,321,5,Active
USR_03633,1,1,1,0,0,0,0,20,5.48,2,3,4,498,13,Power
USR_03634,0,1,1,0,1,0,0,13,5.47,2,3,3,423,12,Power
USR_03635,1,0,1,0,1,1,0,25,6.71,3,4,4,136,15,Champion
USR_03636,1,0,1,0,0,0,0,13,4.79,1,2,3,412,11,Active
USR_03637,0,0,0,0,1,0,1,4,1.88,1,2,2,85,5,Basic
USR_03638,1,1,1,0,1,1,0,25,5.85,3,5,4,54,14,Champion
USR_03639,0,1,1,1,1,1,1,19,5.68,3,6,4,391,11,Power
USR_03640,1,1,1,1,0,1,0,19,9.66,3,5,4,414,15,Champion
USR_03641,0,1,0,0,1,0,1,8,2.54,2,3,3,85,12,Active
USR_03642,0,0,0,0,0,0,0,10,2.38,1,0,3,126,7,Basic
USR_03643,0,1,0,1,0,0,1,9,1.67,2,3,3,264,11,Active
USR_03644,1,0,1,0,0,0,0,10,3.15,1,2,3,153,9,Active
USR_03645,0,0,0,1,0,0,1,12,3.39,1,2,3,369,9,Active
USR_03646,0,0,0,0,0,1,0,2,4.49,2,1,2,158,2,Basic
USR_03647,0,0,0,0,1,0,1,20,6.14,1,2,4,71,14,Power
USR_03648,1,1,0,0,0,0,0,7,4.32,1,2,3,204,6,Active
USR_03649,1,0,1,1,0,1,0,20,5.07,3,4,4,495,15,Power
USR_03650,1,0,1,1,0,1,0,16,5.04,3,4,4,127,11,Power
USR_03651,1,0,0,0,0,0,1,17,5.72,1,2,3,100,11,Active
USR_03652,0,0,1,0,0,0,0,8,1.62,1,1,3,158,6,Basic
USR_03653,1,0,1,0,0,0,0,7,4.05,1,2,2,204,4,Basic
USR_03654,1,1,0,0,1,1,0,14,4.65,3,4,3,467,11,Power
USR_03655,0,0,0,0,0,0,0,4,5.71,1,0,2,490,4,Basic
USR_03656,0,1,0,0,0,1,1,14,4.76,3,3,3,15,9,Power
USR_03657,1,1,0,0,0,1,0,13,6.12,3,3,3,71,11,Power
USR_03658,0,0,0,1,1,0,1,3,1.65,2,3,2,470,5,Basic
USR_03659,1,1,0,0,0,0,0,14,4.05,1,2,3,226,11,Active
USR_03660,1,1,1,1,0,0,0,21,4.91,2,4,4,329,14,Power
USR_03661,1,0,0,0,0,1,0,22,7.91,2,2,4,43,15,Power
USR_03662,0,1,0,0,1,0,0,10,2.68,1,2,3,54,6,Active
USR_03663,0,0,0,0,0,0,0,8,2.82,1,0,2,181,7,Basic
USR_03664,0,0,1,0,1,1,0,28,7.32,3,3,4,187,23,Champion
USR_03665,0,0,0,0,0,0,0,4,4.03,1,0,2,414,4,Basic
USR_03666,1,0,1,0,0,0,0,3,1.4,1,2,2,101,2,Basic
USR_03667,1,1,0,0,1,0,1,20,7.69,2,4,4,85,13,Power
USR_03668,0,0,1,0,0,0,0,17,9.81,1,1,3,455,9,Active
USR_03669,0,0,0,1,0,0,0,16,6.28,1,1,3,75,11,Active
USR_03670,1,0,0,0,0,0,0,2,3.11,1,1,2,419,2,Basic
USR_03671,0,0,0,1,0,0,0,7,1.45,1,1,2,357,2,Basic
USR_03672,0,0,1,1,0,0,0,25,4.77,1,2,4,283,12,Power
USR_03673,1,0,0,0,0,0,0,18,7.73,1,1,4,148,14,Power
USR_03674,1,0,0,0,0,0,1,7,7.57,1,2,3,237,6,Active
USR_03675,1,0,0,1,0,0,0,9,4.6,1,2,2,419,5,Basic
USR_03676,1,1,1,0,0,0,0,22,5.85,2,3,4,385,16,Power
USR_03677,1,0,0,0,0,1,0,17,5.35,2,2,4,65,10,Power
USR_03678,1,0,0,0,0,1,0,15,5.88,2,2,3,451,11,Active
USR_03679,1,1,0,0,0,1,1,11,5.83,3,4,3,412,8,Power
USR_03680,1,0,1,0,0,0,0,13,6.52,1,2,3,483,10,Active
USR_03681,0,0,0,0,0,1,0,11,3.38,2,1,3,304,5,Active
USR_03682,1,1,1,0,0,1,1,15,5.47,3,5,4,174,13,Power
USR_03683,0,0,0,0,0,1,0,5,2.23,2,1,2,255,2,Basic
USR_03684,0,0,1,0,0,1,0,19,5.02,2,2,4,148,15,Power
USR_03685,0,0,0,0,1,0,0,10,1.71,1,1,2,433,5,Basic
USR_03686,0,0,0,0,0,0,0,10,5.76,1,0,3,209,7,Active
USR_03687,0,0,0,0,0,0,0,8,1.58,1,0,2,66,6,Basic
USR_03688,1,1,1,1,1,0,1,22,7.96,2,6,4,149,14,Champion
USR_03689,1,0,0,0,0,0,0,2,1.39,1,1,2,322,2,Dormant
USR_03690,0,0,0,1,1,1,0,8,3.83,3,3,2,374,6,Active
USR_03691,1,0,1,1,0,0,0,19,14.21,2,3,4,104,15,Power
USR_03692,0,1,1,0,0,0,0,7,3.29,1,2,3,331,5,Active
USR_03693,1,1,1,0,0,1,0,9,6.56,3,4,3,445,8,Active
USR_03694,1,0,0,0,0,0,0,22,8.09,1,1,4,392,19,Power
USR_03695,0,1,0,0,0,0,0,12,3.52,1,1,3,105,7,Active
USR_03696,0,1,0,0,0,0,0,18,5.37,1,1,4,71,14,Power
USR_03697,0,0,0,0,0,0,1,19,6.37,1,1,4,471,11,Power
USR_03698,1,1,0,0,0,0,0,6,4.17,1,2,3,427,5,Active
USR_03699,1,0,0,0,1,1,0,25,6.74,3,3,4,112,17,Champion
USR_03700,0,1,0,0,1,1,0,27,6.62,3,3,4,52,16,Champion
USR_03701,1,1,0,0,0,0,0,18,5.29,1,2,4,204,12,Power
USR_03702,0,0,1,0,0,1,0,17,5.78,2,2,4,72,13,Power
USR_03703,0,0,0,1,0,0,0,10,3.54,1,1,3,379,8,Active
USR_03704,0,0,0,0,1,0,0,13,4.21,1,1,3,479,5,Active
USR_03705,0,0,0,1,0,1,0,22,10.42,2,2,4,153,15,Power
USR_03706,0,0,0,1,0,0,0,9,5.11,1,1,3,40,9,Active
USR_03707,0,1,0,0,1,1,0,19,10.08,3,3,4,226,13,Power
USR_03708,0,1,0,0,0,0,0,16,5.36,1,1,3,396,7,Active
USR_03709,1,0,0,0,0,0,0,7,2.28,1,1,2,149,8,Basic
USR_03710,0,0,1,0,0,0,0,6,2.39,1,1,2,400,4,Basic
USR_03711,1,0,1,0,0,0,0,20,7.2,1,2,4,327,11,Power
USR_03712,0,0,0,0,0,0,0,21,6.33,1,0,4,364,14,Power
USR_03713,1,0,1,0,1,0,0,5,1.41,2,3,2,450,8,Active
USR_03714,0,1,1,0,0,0,0,15,5.7,1,2,3,193,7,Active
USR_03715,1,1,0,0,0,0,0,8,2.99,1,2,3,56,9,Active
USR_03716,0,0,0,0,0,0,0,5,3.86,1,0,2,30,1,Basic
USR_03717,0,1,1,0,0,0,0,15,4.99,1,2,3,228,11,Active
USR_03718,0,0,0,0,0,0,1,21,7.4,1,1,4,419,11,Power
USR_03719,0,0,0,0,0,0,1,19,4.92,1,1,4,481,13,Power
USR_03720,0,0,1,1,1,0,0,18,12.97,2,3,4,470,11,Power
USR_03721,0,0,0,0,0,1,1,12,5.29,2,2,3,334,9,Active
USR_03722,1,0,1,0,0,0,0,18,10.31,1,2,3,404,11,Power
USR_03723,1,1,1,0,0,1,1,10,2.5,3,5,3,326,6,Active
USR_03724,0,1,1,0,0,0,0,9,6.53,1,2,3,133,4,Active
USR_03725,0,1,0,1,1,1,1,15,5.9,3,5,4,152,13,Power
USR_03726,0,0,0,1,1,1,1,22,6.36,3,4,4,332,16,Champion
USR_03727,1,1,0,1,0,0,1,14,5.83,2,4,3,206,12,Power
USR_03728,1,1,0,1,0,1,1,8,4.09,3,5,3,256,5,Active
USR_03729,1,0,1,1,0,1,1,17,5.34,3,5,4,81,11,Power
USR_03730,0,0,1,1,1,0,0,16,5.99,2,3,4,31,14,Power
USR_03731,0,0,0,0,0,0,0,4,0.5,1,0,2,349,1,Dormant
USR_03732,1,1,1,0,0,1,0,10,3.62,3,4,3,349,5,Active
USR_03733,0,1,0,0,1,0,0,9,1.9,1,2,3,57,5,Active
USR_03734,1,0,1,0,1,0,0,21,12.13,2,3,4,72,15,Champion
USR_03735,0,1,0,0,0,0,0,12,4.29,1,1,3,151,8,Active
USR_03736,1,0,0,0,0,0,0,29,9.85,1,1,4,27,19,Champion
USR_03737,1,0,1,0,0,1,0,18,5.07,3,3,4,24,14,Power
USR_03738,0,1,0,1,0,1,0,16,4.66,3,3,4,273,12,Power
USR_03739,1,1,0,0,0,0,0,16,4.85,1,2,4,444,15,Power
USR_03740,1,0,0,0,0,1,0,18,4.45,2,2,4,209,12,Power
USR_03741,0,0,0,1,1,0,0,16,4.19,1,2,4,333,11,Active
USR_03742,0,0,0,0,0,1,0,3,4.57,2,1,2,468,2,Basic
USR_03743,1,0,0,0,0,0,1,10,5.02,1,2,2,210,8,Active
USR_03744,0,0,0,0,1,1,1,9,2.46,3,3,3,469,7,Active
USR_03745,0,0,1,0,0,0,1,19,6.4,1,2,4,163,15,Power
USR_03746,0,0,1,0,0,1,0,17,8.71,2,2,4,262,12,Power
USR_03747,0,1,0,0,1,1,0,3,3.18,3,3,2,404,5,Active
USR_03748,0,0,1,1,1,0,0,26,7.07,2,3,4,61,17,Champion
USR_03749,1,0,0,0,1,1,1,20,5.04,3,4,4,409,12,Power
USR_03750,0,1,1,0,1,1,0,24,8.99,3,4,4,332,19,Champion
USR_03751,1,0,1,1,0,0,1,22,8.16,2,4,4,363,13,Power
USR_03752,1,1,1,1,1,0,0,13,9.89,2,5,3,470,11,Power
USR_03753,1,0,1,1,1,0,0,27,7.11,2,4,4,483,18,Champion
USR_03754,1,0,0,1,0,0,0,11,2.53,1,2,3,139,6,Active
USR_03755,1,0,0,0,0,1,0,12,4.16,2,2,3,32,6,Active
USR_03756,1,0,1,0,1,0,1,24,11.45,2,4,4,268,15,Champion
USR_03757,0,1,0,1,1,1,1,27,7.86,3,5,4,58,18,Champion
USR_03758,1,0,0,0,0,0,0,7,4.21,1,1,3,383,8,Active
USR_03759,0,0,0,0,1,1,0,22,10.27,2,2,4,42,20,Champion
USR_03760,0,0,0,0,0,0,0,6,1.88,1,0,3,305,6,Basic
USR_03761,1,0,0,0,0,0,0,6,2.52,1,1,2,307,5,Basic
USR_03762,0,0,0,0,1,1,1,6,4.05,3,3,2,161,5,Active
USR_03763,1,0,0,0,0,1,0,8,3.59,2,2,3,63,8,Active
USR_03764,1,1,0,1,1,0,0,18,3.65,2,4,3,441,9,Power
USR_03765,1,1,0,0,0,1,1,18,5.67,3,4,4,112,16,Power
USR_03766,1,1,1,0,1,0,1,24,9.24,2,5,4,318,15,Champion
USR_03767,1,1,0,0,1,1,0,10,4.13,3,4,3,48,6,Active
USR_03768,1,1,0,0,0,0,1,14,3.4,2,3,3,408,7,Active
USR_03769,1,1,0,0,1,1,1,22,6.21,3,5,4,298,13,Champion
USR_03770,1,0,1,0,0,0,1,5,1.58,2,3,2,320,6,Active
USR_03771,1,0,1,1,0,0,0,13,3.53,2,3,3,280,7,Active
USR_03772,1,0,0,0,1,0,0,21,7.02,1,2,4,256,13,Power
USR_03773,0,0,0,0,0,1,0,7,2.98,2,1,2,68,5,Basic
USR_03774,1,1,0,0,0,0,0,20,4.71,1,2,4,113,14,Power
USR_03775,1,0,0,1,0,0,1,8,3.13,2,3,3,95,7,Active
USR_03776,0,0,0,0,1,0,0,6,2.43,1,1,2,335,6,Basic
USR_03777,0,1,0,1,1,0,1,26,6.73,2,4,4,454,17,Champion
USR_03778,1,0,0,0,0,0,0,10,5.04,1,1,3,338,5,Active
USR_03779,0,1,0,1,1,0,1,16,4.67,2,4,3,125,13,Power
USR_03780,1,0,0,0,0,0,1,7,3.62,1,2,3,304,6,Active
USR_03781,1,1,0,0,0,0,0,8,2.7,1,2,3,398,6,Active
USR_03782,0,0,0,0,0,0,1,4,1.56,1,1,2,368,4,Basic
USR_03783,1,0,1,1,0,0,1,19,7.92,2,4,4,232,15,Power
USR_03784,1,0,0,0,0,0,0,3,1.01,1,1,2,107,4,Basic
USR_03785,0,0,0,0,1,0,0,14,3.23,1,1,3,27,8,Active
USR_03786,1,0,0,0,1,0,0,19,4.8,1,2,4,314,11,Power
USR_03787,1,0,1,0,0,0,0,12,4.01,1,2,3,46,11,Active
USR_03788,0,1,1,0,0,0,1,17,6.54,2,3,3,112,12,Power
USR_03789,1,0,1,0,1,1,1,15,6.87,3,5,3,96,10,Power
USR_03790,0,0,1,0,0,0,0,16,5.96,1,1,4,423,13,Active
USR_03791,0,1,0,0,1,0,0,9,7.57,1,2,3,408,7,Active
USR_03792,1,0,0,0,0,1,0,10,4.94,2,2,3,323,5,Active
USR_03793,1,0,0,0,1,0,0,12,3.13,1,2,3,143,10,Active
USR_03794,1,0,0,0,0,1,1,10,2.66,3,3,3,19,7,Active
USR_03795,1,0,0,0,0,0,0,7,1.43,1,1,2,171,4,Basic
USR_03796,1,0,1,0,0,1,0,20,8.42,3,3,4,110,16,Power
USR_03797,0,0,0,0,0,1,1,10,7.88,2,2,3,300,7,Active
USR_03798,1,1,0,1,0,0,0,11,2.31,2,3,3,236,8,Active
USR_03799,1,0,1,0,1,0,0,17,3.37,2,3,3,245,8,Active
USR_03800,1,1,1,1,0,0,0,12,5.25,2,4,3,17,6,Active
USR_03801,0,0,1,0,0,0,0,9,3.43,1,1,3,133,5,Basic
USR_03802,1,0,0,0,0,1,1,17,4.01,3,3,3,408,8,Power
USR_03803,1,0,1,0,0,0,0,22,6.3,1,2,4,370,14,Power
USR_03804,0,0,0,0,0,0,0,7,2.14,1,0,3,334,8,Basic
USR_03805,1,0,1,0,1,0,0,21,6.83,2,3,4,363,15,Power
USR_03806,0,0,0,0,0,0,0,18,5.51,1,0,3,419,10,Active
USR_03807,1,1,0,0,0,0,0,6,3.54,1,2,3,223,6,Active
USR_03808,0,0,0,0,1,0,0,11,3.07,1,1,3,67,10,Active
USR_03809,1,0,1,0,0,0,0,14,5.76,1,2,3,208,10,Active
USR_03810,0,0,0,0,0,0,0,11,3.38,1,0,3,25,10,Active
USR_03811,1,0,0,0,0,0,0,10,4.18,1,1,3,300,6,Active
USR_03812,1,0,0,0,0,0,0,17,4.39,1,1,3,283,11,Active
USR_03813,0,0,1,0,1,0,0,11,5.92,1,2,3,349,7,Active
USR_03814,1,0,0,1,0,1,0,8,6.6,3,3,3,495,8,Active
USR_03815,0,1,1,0,0,1,0,15,5.68,3,3,3,335,11,Power
USR_03816,0,0,0,0,0,0,0,14,3.65,1,0,3,467,9,Active
USR_03817,0,0,0,0,0,0,0,15,5.1,1,0,3,268,8,Active
USR_03818,1,0,0,0,0,0,0,14,3.81,1,1,3,143,8,Active
USR_03819,0,0,0,1,0,0,0,13,3.86,1,1,3,113,9,Active
USR_03820,1,1,0,0,0,1,0,21,10.37,3,3,4,76,15,Champion
USR_03821,1,0,1,1,0,0,0,11,2.53,2,3,3,458,6,Active
USR_03822,0,0,0,0,0,0,0,12,4.04,1,0,3,106,9,Active
USR_03823,0,1,1,0,0,0,0,27,6.73,1,2,4,115,19,Power
USR_03824,1,0,0,1,1,1,0,23,12.23,3,4,4,113,17,Champion
USR_03825,0,1,0,0,0,1,1,14,3.8,3,3,3,205,9,Active
USR_03826,0,0,1,1,0,1,1,24,10.79,3,4,4,308,16,Champion
USR_03827,1,1,1,1,0,0,0,26,8.79,2,4,4,197,16,Champion
USR_03828,1,1,0,0,1,0,1,24,6.54,2,4,4,49,15,Champion
USR_03829,0,1,0,1,1,1,0,11,2.91,3,4,3,96,8,Active
USR_03830,0,1,1,0,0,0,0,18,6.26,1,2,4,172,12,Power
USR_03831,0,0,1,0,1,0,0,6,1.83,1,2,2,390,8,Basic
USR_03832,0,0,1,0,0,0,1,1,0.67,1,2,2,148,1,Basic
USR_03833,0,1,1,0,0,0,1,14,5.16,2,3,3,242,11,Active
USR_03834,0,1,1,0,0,1,0,9,7.26,3,3,3,173,8,Active
USR_03835,1,0,0,0,0,0,0,14,4.11,1,1,3,265,9,Active
USR_03836,1,0,0,0,0,0,0,7,2.23,1,1,2,294,4,Basic
USR_03837,0,1,0,0,0,0,0,11,2.66,1,1,3,39,9,Active
USR_03838,1,1,1,0,1,1,0,10,4.89,3,5,3,329,8,Active
USR_03839,0,1,0,0,0,0,0,18,6.29,1,1,3,197,12,Active
USR_03840,0,0,1,0,0,0,0,5,0.57,1,1,2,212,1,Basic
USR_03841,1,0,1,0,1,0,0,11,7.3,2,3,3,359,9,Active
USR_03842,1,0,1,0,0,1,0,17,4.96,3,3,4,399,12,Power
USR_03843,0,0,0,0,0,0,0,19,3.85,1,0,3,318,9,Active
USR_03844,1,1,1,0,0,0,1,16,5.35,2,4,4,138,13,Power
USR_03845,1,0,1,1,0,0,0,24,6.24,2,3,4,192,14,Power
USR_03846,0,0,0,1,0,0,0,10,2.88,1,1,3,99,6,Active
USR_03847,1,1,1,0,0,0,0,20,6.6,2,3,4,177,12,Power
USR_03848,0,0,0,0,0,0,0,5,1.25,1,0,2,200,3,Basic
USR_03849,0,0,0,0,0,0,0,8,2.86,1,0,3,101,4,Basic
USR_03850,1,0,0,0,0,0,0,11,3.29,1,1,3,311,7,Active
USR_03851,0,0,0,1,1,0,0,4,2.05,1,2,2,167,4,Basic
USR_03852,0,0,0,0,1,1,0,10,4.63,2,2,3,374,8,Active
USR_03853,0,0,1,0,0,0,0,11,7.03,1,1,3,68,6,Active
USR_03854,0,0,0,1,0,0,1,14,3.62,1,2,3,343,8,Active
USR_03855,0,0,1,0,1,0,0,13,5.1,1,2,3,207,7,Active
USR_03856,1,0,0,0,0,0,0,18,6.2,1,1,3,251,12,Active
USR_03857,0,0,0,0,1,0,1,13,2.88,1,2,3,350,11,Active
USR_03858,1,0,0,0,0,0,0,5,2.04,1,1,2,445,5,Basic
USR_03859,1,0,0,0,0,1,0,9,4.43,2,2,3,410,4,Active
USR_03860,0,1,0,0,0,1,0,7,2.36,2,2,2,344,4,Basic
USR_03861,0,0,1,1,0,0,1,18,10.57,2,3,4,197,13,Power
USR_03862,0,0,1,1,0,0,0,12,3.15,1,2,3,438,6,Active
USR_03863,1,0,1,1,0,0,1,17,6.92,2,4,4,322,12,Power
USR_03864,1,0,0,0,1,0,1,8,4.59,2,3,3,419,7,Active
USR_03865,0,1,0,0,1,1,1,24,5.07,3,4,4,122,14,Power
USR_03866,0,0,0,0,0,0,0,6,1.71,1,0,2,448,6,Basic
USR_03867,0,1,1,0,0,0,0,2,0.93,1,2,2,31,1,Basic
USR_03868,1,1,1,0,0,0,1,6,3.74,2,4,2,476,5,Active
USR_03869,0,0,0,1,0,0,0,7,1.81,1,1,2,274,3,Basic
USR_03870,0,0,0,0,1,1,0,14,4.12,2,2,3,214,8,Active
USR_03871,1,0,0,0,0,0,1,13,4.16,1,2,3,125,9,Active
USR_03872,1,0,0,1,0,0,0,8,2.65,1,2,2,163,3,Basic
USR_03873,0,0,0,0,0,0,1,18,8.09,1,1,3,373,13,Active
USR_03874,0,0,0,0,0,0,0,15,3.95,1,0,3,429,10,Active
USR_03875,0,1,0,0,0,0,0,17,6.96,1,1,3,296,10,Active
USR_03876,1,1,1,1,0,0,1,29,7.92,2,5,4,475,20,Champion
USR_03877,0,0,0,0,1,0,0,8,2.39,1,1,3,380,7,Basic
USR_03878,1,0,0,0,0,1,0,20,5.15,2,2,4,232,14,Power
USR_03879,1,1,0,0,0,0,0,19,5.05,1,2,4,363,14,Power
USR_03880,0,0,0,0,1,0,0,7,2.64,1,1,3,15,10,Active
USR_03881,1,0,0,0,1,0,0,25,6.96,1,2,4,426,18,Power
USR_03882,0,0,0,0,1,0,1,18,4.44,1,2,4,313,12,Power
USR_03883,0,0,1,0,0,0,0,6,3.16,1,1,2,310,5,Basic
USR_03884,0,0,0,0,0,0,1,7,1.67,1,1,2,480,4,Basic
USR_03885,1,0,0,0,0,0,0,13,3.34,1,1,3,63,8,Active
USR_03886,0,0,0,0,0,0,0,13,3.72,1,0,3,87,13,Active
USR_03887,0,0,0,1,0,0,1,8,1.44,1,2,2,14,4,Basic
USR_03888,0,0,0,1,0,0,0,1,1.1,1,1,2,108,5,Basic
USR_03889,1,0,0,1,0,0,0,14,4.95,1,2,3,424,14,Active
USR_03890,1,0,0,0,0,0,0,7,3.97,1,1,2,199,7,Basic
USR_03891,0,1,0,0,0,0,0,7,1.47,1,1,2,260,5,Basic
USR_03892,1,0,0,0,0,0,0,19,6.25,1,1,3,489,12,Active
USR_03893,0,0,0,1,0,0,0,7,3.1,1,1,2,37,3,Basic
USR_03894,0,1,0,0,1,0,0,21,6.59,1,2,4,428,13,Power
USR_03895,0,0,0,1,0,0,0,18,5.58,1,1,4,459,12,Power
USR_03896,0,1,1,0,0,0,0,6,3.5,1,2,3,312,6,Active
USR_03897,1,0,0,0,1,0,0,15,3.92,1,2,3,121,10,Active
USR_03898,0,0,0,0,1,1,0,9,3.68,2,2,3,499,7,Active
USR_03899,0,0,0,0,0,0,1,13,2.07,1,1,3,265,8,Active
USR_03900,0,1,0,0,0,0,1,6,3.75,1,2,2,57,4,Basic
USR_03901,1,0,0,0,0,0,0,9,1.68,1,1,2,252,3,Basic
USR_03902,0,1,1,1,1,0,0,23,8.9,2,4,4,441,15,Champion
USR_03903,0,0,0,1,0,0,0,10,5.23,1,1,3,104,7,Active
USR_03904,1,0,1,0,0,0,0,9,5.05,1,2,3,49,6,Active
USR_03905,1,0,0,1,0,1,1,23,6.06,3,4,4,168,14,Champion
USR_03906,1,0,0,0,0,1,0,9,3.99,2,2,3,13,6,Active
USR_03907,1,0,1,0,0,0,1,8,7.28,2,3,3,484,6,Active
USR_03908,1,0,1,0,0,1,0,14,7.19,3,3,3,416,12,Power
USR_03909,1,1,1,0,0,1,1,23,7.07,3,5,4,167,16,Champion
USR_03910,1,1,0,0,0,0,0,10,3.8,1,2,3,83,7,Active
USR_03911,1,1,0,0,0,1,1,25,7.6,3,4,4,407,21,Champion
USR_03912,1,0,0,0,0,1,0,16,7.41,2,2,4,116,10,Power
USR_03913,0,1,0,0,1,0,0,14,3.96,1,2,3,383,13,Active
USR_03914,1,1,0,0,1,0,0,16,8.04,2,3,4,415,12,Power
USR_03915,0,0,0,0,0,1,1,14,4.73,2,2,3,326,11,Active
USR_03916,0,1,0,0,0,1,1,5,4.04,3,3,2,96,5,Active
USR_03917,1,1,1,0,1,0,0,25,6.37,2,4,4,115,17,Champion
USR_03918,1,1,0,1,0,0,1,24,6.51,2,4,4,360,15,Champion
USR_03919,1,0,0,0,1,0,0,13,4.84,1,2,3,182,7,Active
USR_03920,1,0,0,0,0,0,0,2,0.61,1,1,2,414,3,Basic
USR_03921,0,1,0,0,0,1,0,13,6.8,2,2,3,254,8,Active
USR_03922,1,0,0,1,0,0,1,23,6.56,2,3,4,387,15,Power
USR_03923,1,0,0,0,0,1,0,3,2.74,2,2,2,334,3,Basic
USR_03924,0,0,1,1,0,1,0,11,5.51,3,3,3,316,9,Active
USR_03925,0,0,0,0,0,0,1,21,5.74,1,1,4,130,13,Power
USR_03926,0,0,0,0,1,1,0,9,2.88,2,2,3,47,6,Active
USR_03927,1,0,1,0,0,0,0,15,3.89,1,2,3,324,8,Active
USR_03928,0,0,0,0,0,0,0,12,5.15,1,0,3,450,10,Active
USR_03929,0,1,1,0,0,0,1,26,11.68,2,3,4,211,18,Champion
USR_03930,0,1,0,0,0,1,1,17,5.31,3,3,4,409,11,Power
USR_03931,0,1,0,1,1,0,0,12,4.02,2,3,3,349,7,Active
USR_03932,1,0,0,1,0,1,0,13,6.27,3,3,3,122,9,Power
USR_03933,0,0,1,0,1,0,0,11,3.01,1,2,3,46,7,Active
USR_03934,1,0,0,1,0,1,0,16,9.41,3,3,4,409,13,Power
USR_03935,1,1,0,0,0,1,1,16,5.35,3,4,4,62,12,Power
USR_03936,1,0,0,1,0,0,0,12,7.18,1,2,3,273,10,Active
USR_03937,1,1,1,0,0,0,0,24,5.83,2,3,4,443,17,Power
USR_03938,0,0,1,0,0,0,0,3,2.08,1,1,2,256,5,Basic
USR_03939,1,0,0,0,1,0,0,14,3.32,1,2,3,375,9,Active
USR_03940,0,0,0,0,0,0,0,6,3.54,1,0,2,370,3,Basic
USR_03941,1,0,1,1,1,0,0,17,6.26,2,4,4,352,11,Power
USR_03942,0,1,1,1,0,0,1,23,7.16,2,4,4,74,18,Champion
USR_03943,0,0,0,0,0,1,0,11,4.16,2,1,3,398,8,Active
USR_03944,1,1,0,0,1,0,0,22,7.13,2,3,4,392,17,Power
USR_03945,0,1,0,1,0,1,0,18,11.82,3,3,4,219,14,Champion
USR_03946,1,0,1,0,1,0,0,13,4.33,2,3,3,81,9,Active
USR_03947,1,1,1,0,0,1,0,20,5.11,3,4,4,41,16,Power
USR_03948,1,0,0,0,0,1,0,12,3.06,2,2,3,365,10,Active
USR_03949,0,0,1,0,1,0,0,16,4.5,1,2,4,278,11,Active
USR_03950,0,0,0,0,0,0,1,6,3.11,1,1,2,118,2,Basic
USR_03951,1,0,1,0,0,0,1,6,4.16,2,3,3,114,6,Active
USR_03952,1,1,0,0,0,0,1,9,7.68,2,3,3,64,8,Active
USR_03953,0,0,0,0,1,0,0,5,1.32,1,1,2,174,4,Basic
USR_03954,0,0,1,0,1,0,0,9,1.69,1,2,3,62,5,Basic
USR_03955,1,1,0,0,0,0,0,12,5.36,1,2,3,125,10,Active
USR_03956,0,0,0,0,0,0,0,14,3.79,1,0,3,91,9,Active
USR_03957,0,0,1,0,0,0,0,14,6.66,1,1,3,405,11,Active
USR_03958,0,0,0,0,0,0,0,7,1.47,1,0,2,151,2,Basic
USR_03959,0,0,1,0,0,0,0,21,8.93,1,1,4,290,16,Power
USR_03960,1,1,0,0,0,0,0,4,6.32,1,2,2,466,4,Basic
USR_03961,1,0,1,0,0,0,0,9,4.97,1,2,3,97,6,Active
USR_03962,1,1,0,1,0,1,1,16,5.41,3,5,4,8,12,Power
USR_03963,1,0,0,0,0,1,0,11,2.39,2,2,3,28,9,Active
USR_03964,1,0,0,0,0,1,0,15,6.41,2,2,3,393,9,Active
USR_03965,1,0,0,1,0,0,0,25,6.65,1,2,4,85,17,Power
USR_03966,1,0,0,0,0,0,0,8,3.14,1,1,2,426,6,Basic
USR_03967,1,0,1,0,1,0,0,20,11.97,2,3,4,328,16,Power
USR_03968,1,0,0,0,0,0,1,21,5.83,1,2,4,118,15,Power
USR_03969,1,0,0,0,0,1,0,14,4.28,2,2,3,209,8,Active
USR_03970,1,0,0,0,0,1,1,10,4.08,3,3,3,161,8,Active
USR_03971,0,0,1,0,0,0,1,8,2.55,1,2,2,266,7,Basic
USR_03972,1,1,0,0,0,0,0,7,2.74,1,2,3,162,4,Basic
USR_03973,1,1,1,0,0,1,0,7,6.53,3,4,3,208,11,Active
USR_03974,0,1,1,0,0,0,0,24,8.75,1,2,4,188,14,Power
USR_03975,1,1,0,0,0,1,0,18,4.41,3,3,4,99,12,Power
USR_03976,1,1,1,1,0,0,0,17,5.69,2,4,4,124,11,Power
USR_03977,0,0,1,0,0,0,0,18,6.29,1,1,4,425,13,Power
USR_03978,0,0,1,0,0,1,0,18,4.94,2,2,4,485,12,Power
USR_03979,0,0,1,0,0,1,0,19,6.49,2,2,3,213,9,Power
USR_03980,0,0,0,0,0,0,0,8,2.49,1,0,3,187,8,Basic
USR_03981,0,0,0,0,0,0,0,13,4.17,1,0,3,340,8,Active
USR_03982,0,0,1,0,1,0,0,21,6.06,1,2,4,160,13,Power
USR_03983,1,1,0,0,0,0,0,18,4.8,1,2,4,226,15,Power
USR_03984,1,1,0,0,0,0,0,22,5.85,1,2,4,446,15,Power
USR_03985,0,1,0,1,1,0,1,21,13.02,2,4,4,234,15,Champion
USR_03986,1,1,0,0,0,0,0,8,1.68,1,2,2,471,6,Basic
USR_03987,0,1,0,0,0,1,0,8,2.49,2,2,3,284,7,Active
USR_03988,0,0,1,1,1,0,0,20,9.83,2,3,4,259,14,Power
USR_03989,1,0,0,0,0,0,0,24,6.71,1,1,4,472,14,Power
USR_03990,1,1,0,0,1,0,0,16,3.6,2,3,3,391,11,Active
USR_03991,1,0,0,0,1,0,0,27,9.1,1,2,4,32,18,Champion
USR_03992,1,1,1,0,1,0,1,24,11.36,2,5,4,83,14,Champion
USR_03993,0,1,1,0,1,1,0,9,3.73,3,4,3,283,6,Active
USR_03994,0,0,0,0,0,0,0,2,0.62,1,0,2,403,4,Dormant
USR_03995,0,0,0,0,0,0,0,6,2.54,1,0,2,365,3,Basic
USR_03996,1,0,0,0,1,0,1,19,8.88,2,3,4,484,12,Power
USR_03997,0,0,0,0,0,1,1,18,5.71,2,2,3,199,10,Power
USR_03998,0,0,0,0,0,0,1,10,2.36,1,1,3,414,7,Active
USR_03999,1,1,0,0,1,1,1,19,7.62,3,5,4,464,11,Power
USR_04000,1,1,1,0,1,0,1,28,11.21,2,5,4,145,19,Champion
USR_04001,0,0,0,0,0,0,0,0,1.23,1,0,2,496,4,Dormant
USR_04002,0,0,0,0,0,1,0,15,4.34,2,1,3,140,8,Active
USR_04003,0,0,0,1,0,1,0,5,1.89,2,2,2,331,5,Basic
USR_04004,1,1,1,0,1,0,0,19,7.24,2,4,4,190,13,Power
USR_04005,0,0,0,0,1,0,1,11,7.07,1,2,3,429,5,Active
USR_04006,0,0,0,0,1,1,0,17,4.14,2,2,3,339,11,Active
USR_04007,1,0,0,0,0,0,0,16,7.17,1,1,3,109,10,Active
USR_04008,0,0,0,0,1,1,0,8,2.59,2,2,3,272,5,Active
USR_04009,1,0,1,1,1,0,0,17,7.54,2,4,4,374,13,Power
USR_04010,0,1,0,0,1,0,0,7,3.44,1,2,3,326,7,Active
USR_04011,0,0,0,0,1,0,1,11,3.75,1,2,3,438,9,Active
USR_04012,0,1,0,0,1,1,1,19,9.49,3,4,4,116,13,Power
USR_04013,0,0,0,0,0,0,0,7,2.34,1,0,3,217,7,Basic
USR_04014,0,1,0,0,0,0,1,14,5.3,1,2,3,12,10,Active
USR_04015,1,0,1,1,0,0,0,13,8.59,2,3,3,251,11,Power
USR_04016,1,0,1,0,0,1,1,13,3.13,3,4,3,46,7,Active
USR_04017,1,0,0,1,0,0,0,15,5.74,1,2,3,151,9,Active
USR_04018,1,0,0,0,1,0,0,22,8.98,1,2,4,184,19,Power
USR_04019,1,1,0,0,0,1,0,17,14.26,3,3,4,499,11,Power
USR_04020,1,0,0,0,0,0,0,9,10.37,1,1,3,48,6,Active
USR_04021,1,0,1,0,0,1,0,12,8.03,3,3,3,346,9,Power
USR_04022,1,0,1,0,0,0,1,26,9.17,2,3,4,13,18,Champion
USR_04023,0,0,1,0,0,1,0,10,4.15,2,2,3,469,8,Active
USR_04024,1,0,0,1,1,1,0,14,6.44,3,4,3,129,8,Power
USR_04025,0,1,1,0,1,0,0,12,3.41,2,3,3,386,8,Active
USR_04026,0,0,0,0,1,1,1,11,3.92,3,3,3,389,6,Active
USR_04027,1,1,0,1,1,0,0,14,6.1,2,4,3,226,9,Power
USR_04028,0,1,0,1,0,0,0,13,3.81,1,2,3,247,11,Active
USR_04029,1,0,1,0,0,0,0,3,3.69,1,2,2,199,3,Basic
USR_04030,1,0,0,0,1,1,0,9,3.6,3,3,3,404,4,Active
USR_04031,0,0,0,0,0,0,0,2,10.17,1,0,2,58,5,Basic
USR_04032,1,0,0,0,0,0,0,4,0.87,1,1,2,319,3,Basic
USR_04033,1,0,0,0,0,0,0,3,2.71,1,1,2,422,3,Basic
USR_04034,0,0,1,1,0,0,0,9,3.35,1,2,3,330,7,Active
USR_04035,0,1,1,0,0,1,1,17,4.38,3,4,4,452,13,Power
USR_04036,0,0,1,1,1,0,0,15,3.97,2,3,3,180,13,Power
USR_04037,0,1,1,0,0,0,1,18,4.33,2,3,3,225,10,Power
USR_04038,0,0,0,0,1,0,1,8,7.0,1,2,3,420,7,Active
USR_04039,1,0,0,0,0,1,1,19,5.09,3,3,4,90,12,Power
USR_04040,0,0,0,0,1,0,1,9,3.44,1,2,3,347,7,Active
USR_04041,1,1,0,1,1,1,1,23,7.76,3,6,4,480,14,Champion
USR_04042,1,1,1,0,0,0,1,21,4.36,2,4,4,226,14,Power
USR_04043,1,0,0,1,0,0,0,10,4.33,1,2,3,69,9,Active
USR_04044,0,1,1,0,0,0,0,5,4.45,1,2,2,308,2,Basic
USR_04045,0,0,0,0,0,1,0,10,2.47,2,1,3,40,9,Active
USR_04046,1,0,0,0,1,1,0,13,3.68,3,3,3,430,10,Active
USR_04047,1,1,1,0,0,0,0,12,3.86,2,3,3,175,11,Active
USR_04048,1,0,1,0,1,0,0,20,5.01,2,3,4,110,14,Power
USR_04049,1,0,1,1,1,0,0,29,6.48,2,4,4,261,18,Champion
USR_04050,1,1,1,1,1,1,0,27,7.01,3,6,4,67,16,Champion
USR_04051,0,0,1,1,1,0,0,20,6.34,2,3,4,125,12,Power
USR_04052,0,0,1,0,0,0,0,7,2.92,1,1,3,59,8,Active
USR_04053,0,0,0,0,0,0,0,7,2.77,1,0,3,306,6,Basic
USR_04054,0,0,0,0,0,0,0,21,6.2,1,0,4,181,12,Power
USR_04055,1,0,0,1,0,1,0,8,3.57,3,3,3,166,6,Active
USR_04056,1,0,1,0,1,0,0,21,8.45,2,3,4,76,13,Power
USR_04057,0,0,0,1,1,0,0,17,11.81,1,2,3,446,11,Power
USR_04058,1,0,0,0,0,0,0,18,4.73,1,1,4,339,11,Active
USR_04059,1,0,0,1,0,0,0,12,4.35,1,2,3,445,8,Active
USR_04060,1,0,0,0,0,0,0,8,7.14,1,1,3,300,10,Active
USR_04061,0,0,1,0,0,0,0,23,7.9,1,1,4,329,17,Power
USR_04062,1,0,0,1,1,0,0,18,5.64,2,3,4,250,13,Power
USR_04063,1,0,0,0,0,0,0,15,6.39,1,1,3,306,7,Active
USR_04064,1,0,0,0,0,1,0,9,3.29,2,2,3,277,7,Active
USR_04065,1,1,1,0,0,0,1,8,1.95,2,4,3,401,8,Active
USR_04066,0,0,1,1,1,1,1,16,5.95,3,5,4,306,13,Power
USR_04067,0,0,0,0,1,0,0,11,2.81,1,1,3,246,7,Active
USR_04068,0,0,0,0,0,0,0,10,3.26,1,0,3,146,6,Active
USR_04069,0,0,0,1,0,0,1,11,3.11,1,2,3,218,6,Active
USR_04070,0,1,0,0,1,0,0,20,6.0,1,2,4,288,11,Power
USR_04071,0,0,1,1,0,0,0,15,3.68,1,2,3,33,10,Active
USR_04072,1,0,0,1,1,0,0,9,5.81,2,3,3,136,5,Active
USR_04073,1,1,0,0,0,1,1,19,5.57,3,4,4,398,14,Power
USR_04074,0,0,0,0,1,0,0,14,3.58,1,1,3,497,11,Active
USR_04075,0,1,0,0,0,0,0,11,5.44,1,1,3,77,8,Active
USR_04076,0,0,0,0,0,0,0,8,3.64,1,0,3,465,9,Active
USR_04077,0,0,1,0,0,0,0,4,1.23,1,1,2,78,5,Basic
USR_04078,1,1,1,0,0,1,0,26,7.17,3,4,4,425,17,Champion
USR_04079,0,1,0,0,0,0,0,19,9.15,1,1,4,138,15,Power
USR_04080,0,0,0,0,0,0,0,7,5.69,1,0,2,470,4,Basic
USR_04081,1,1,1,0,0,1,0,19,5.28,3,4,4,76,14,Power
USR_04082,1,0,1,0,0,1,0,11,4.55,3,3,3,169,6,Active
USR_04083,1,0,0,0,1,0,0,19,6.45,1,2,4,416,12,Power
USR_04084,0,0,0,1,0,0,1,3,1.96,1,2,2,378,2,Basic
USR_04085,1,1,1,0,0,0,0,14,7.32,2,3,3,437,9,Active
USR_04086,0,0,0,0,0,0,0,10,2.72,1,0,3,370,5,Basic
USR_04087,0,1,1,0,0,0,0,4,1.33,1,2,2,469,2,Basic
USR_04088,0,1,0,1,0,1,0,12,6.0,3,3,3,239,7,Active
USR_04089,1,0,1,0,0,0,0,20,6.6,1,2,4,97,16,Power
USR_04090,0,0,0,0,1,0,0,9,2.59,1,1,3,338,5,Basic
USR_04091,1,1,1,0,1,1,0,8,2.97,3,5,3,119,7,Active
USR_04092,1,1,0,1,0,1,1,25,7.95,3,5,4,224,16,Champion
USR_04093,0,0,0,0,0,0,0,21,8.62,1,0,4,213,13,Power
USR_04094,0,1,1,0,0,1,0,28,14.72,3,3,4,412,21,Champion
USR_04095,1,1,1,0,0,0,0,12,4.06,2,3,3,436,7,Active
USR_04096,1,1,0,0,0,0,0,3,2.25,1,2,2,477,3,Basic
USR_04097,0,0,0,0,0,0,0,7,6.14,1,0,3,306,6,Basic
USR_04098,0,0,1,0,0,0,0,13,4.55,1,1,3,209,11,Active
USR_04099,0,0,0,0,0,1,0,9,4.8,2,1,3,152,7,Active
USR_04100,0,0,0,0,0,0,0,6,2.79,1,0,2,217,5,Basic
USR_04101,1,1,0,0,0,0,0,11,3.11,1,2,3,383,8,Active
USR_04102,0,0,1,0,0,1,0,12,6.97,2,2,3,391,7,Active
USR_04103,0,0,0,0,1,0,0,9,3.41,1,1,3,281,8,Active
USR_04104,1,0,0,0,0,0,0,9,2.63,1,1,3,480,8,Active
USR_04105,0,1,0,0,1,0,0,14,4.05,1,2,3,42,12,Active
USR_04106,1,1,1,0,0,1,1,20,8.08,3,5,4,203,16,Champion
USR_04107,0,0,0,0,0,0,0,9,2.47,1,0,2,491,4,Basic
USR_04108,1,0,0,0,0,0,0,12,4.4,1,1,3,281,9,Active
USR_04109,1,1,1,0,1,1,1,24,6.52,3,6,4,375,17,Champion
USR_04110,1,1,1,1,0,1,1,26,12.57,3,6,4,86,19,Champion
USR_04111,1,0,0,0,1,1,0,22,6.95,3,3,4,376,13,Power
USR_04112,0,0,1,0,0,1,0,26,6.09,2,2,4,141,15,Power
USR_04113,1,0,0,0,0,1,1,12,3.88,3,3,3,242,9,Active
USR_04114,1,0,0,0,1,0,1,24,6.5,2,3,4,234,16,Power
USR_04115,1,1,1,0,0,1,0,14,3.23,3,4,3,10,6,Active
USR_04116,0,0,1,0,0,0,0,18,4.91,1,1,3,76,12,Active
USR_04117,1,0,0,0,1,1,0,12,2.37,3,3,3,332,8,Active
USR_04118,0,1,0,0,0,0,0,10,5.36,1,1,3,485,9,Active
USR_04119,0,0,0,0,0,1,1,15,4.37,2,2,3,298,10,Active
USR_04120,0,0,0,0,1,1,0,6,3.99,2,2,2,202,3,Basic
USR_04121,1,1,1,0,1,0,0,26,7.34,2,4,4,101,18,Champion
USR_04122,1,1,1,1,1,1,1,17,8.2,3,7,4,81,11,Champion
USR_04123,0,0,1,0,0,1,0,20,5.24,2,2,4,115,12,Power
USR_04124,0,0,0,0,0,0,0,13,5.1,1,0,3,167,11,Active
USR_04125,1,1,0,0,0,1,0,8,8.17,3,3,3,440,5,Active
USR_04126,1,0,1,0,0,1,0,6,2.11,3,3,3,145,7,Active
USR_04127,0,0,1,0,0,0,0,13,5.33,1,1,3,136,12,Active
USR_04128,0,1,0,0,0,0,1,19,4.67,1,2,4,58,11,Power
USR_04129,1,1,1,0,0,0,0,14,3.39,2,3,3,163,8,Active
USR_04130,0,0,0,0,0,0,1,5,2.2,1,1,2,439,3,Basic
USR_04131,1,0,1,0,1,1,1,13,4.67,3,5,3,413,9,Power
USR_04132,0,1,1,0,0,1,0,20,8.0,3,3,4,227,15,Power
USR_04133,1,1,0,0,0,0,0,25,9.81,1,2,4,353,15,Power
USR_04134,0,0,1,0,1,0,0,18,7.0,1,2,4,234,13,Power
USR_04135,0,0,0,0,0,1,0,4,2.62,2,1,2,353,5,Basic
USR_04136,1,1,0,1,0,0,1,0,1.91,2,4,2,174,3,Basic
USR_04137,0,0,1,0,0,0,0,12,3.44,1,1,3,217,7,Active
USR_04138,0,0,0,0,0,0,0,9,1.8,1,0,3,87,8,Basic
USR_04139,0,0,0,0,1,1,0,10,3.84,2,2,3,498,6,Active
USR_04140,0,0,0,0,1,0,0,1,5.67,1,1,2,361,4,Basic
USR_04141,1,1,1,0,0,0,0,15,3.5,2,3,3,23,12,Active
USR_04142,0,1,0,0,1,0,1,14,8.44,2,3,3,157,10,Power
USR_04143,1,0,1,0,1,0,0,7,2.36,2,3,3,249,6,Active
USR_04144,1,1,0,0,1,1,0,5,4.72,3,4,2,52,5,Active
USR_04145,0,1,1,0,0,0,0,22,5.2,1,2,4,228,12,Power
USR_04146,0,0,0,0,0,1,0,14,3.12,2,1,3,92,7,Active
USR_04147,0,0,0,0,0,1,1,7,3.95,2,2,3,150,8,Active
USR_04148,0,1,0,1,0,0,0,23,7.76,1,2,4,85,16,Power
USR_04149,0,0,1,0,0,0,0,6,3.56,1,1,3,488,5,Basic
USR_04150,1,1,0,0,1,0,0,15,4.73,2,3,3,280,11,Power
USR_04151,0,1,1,1,0,0,0,8,4.6,2,3,2,206,5,Active
USR_04152,1,0,0,0,0,0,0,12,3.59,1,1,3,498,8,Active
USR_04153,1,1,1,0,0,0,1,14,3.91,2,4,3,180,9,Active
USR_04154,0,0,0,1,0,1,0,11,3.92,2,2,3,49,6,Active
USR_04155,0,1,1,0,0,1,1,10,2.03,3,4,3,189,9,Active
USR_04156,1,0,0,0,1,0,0,30,8.96,1,2,4,330,22,Champion
USR_04157,0,0,0,0,1,0,1,10,4.26,1,2,3,212,10,Active
USR_04158,0,1,0,0,0,1,0,12,3.64,2,2,3,448,7,Active
USR_04159,0,1,0,0,1,0,0,13,3.3,1,2,3,213,11,Active
USR_04160,0,1,1,0,1,0,0,12,5.07,2,3,3,12,7,Active
USR_04161,1,0,1,0,0,0,1,10,2.63,2,3,3,394,7,Active
USR_04162,1,0,0,0,0,0,0,10,4.27,1,1,3,448,7,Active
USR_04163,1,1,1,1,0,1,1,14,7.94,3,6,3,10,8,Power
USR_04164,0,1,0,0,0,0,0,15,5.81,1,1,3,294,8,Active
USR_04165,1,1,1,1,0,0,1,25,5.84,2,5,4,208,18,Champion
USR_04166,1,0,0,0,0,0,0,12,3.34,1,1,3,311,9,Active
USR_04167,0,0,1,1,1,0,0,18,5.97,2,3,4,371,11,Power
USR_04168,0,0,0,0,0,1,1,21,6.35,2,2,4,380,16,Power
USR_04169,1,0,1,0,0,1,1,23,6.67,3,4,4,100,15,Champion
USR_04170,0,0,0,0,1,0,0,12,3.2,1,1,3,446,7,Active
USR_04171,1,0,0,0,1,0,0,19,5.85,1,2,4,230,15,Power
USR_04172,0,1,1,1,1,1,0,16,7.52,3,5,4,295,13,Power
USR_04173,1,0,0,0,1,0,0,17,5.95,1,2,3,56,9,Active
USR_04174,0,1,0,1,0,0,1,18,5.16,2,3,4,399,12,Power
USR_04175,1,1,0,0,1,0,0,18,8.28,2,3,4,204,14,Power
USR_04176,1,0,0,0,0,0,1,5,1.96,1,2,2,77,2,Basic
USR_04177,0,0,0,0,0,1,0,11,2.92,2,1,3,296,9,Active
USR_04178,1,1,0,0,0,1,0,10,3.08,3,3,3,230,7,Active
USR_04179,0,1,0,1,0,1,0,21,6.63,3,3,4,37,15,Power
USR_04180,1,0,1,0,0,1,1,15,7.36,3,4,3,312,9,Power
USR_04181,0,0,0,1,0,0,0,13,4.3,1,1,3,403,9,Active
USR_04182,0,0,0,0,0,1,0,4,3.18,2,1,2,189,3,Basic
USR_04183,0,0,1,0,0,0,0,24,6.02,1,1,4,32,14,Power
USR_04184,1,1,0,0,0,0,0,14,4.08,1,2,3,195,9,Active
USR_04185,0,0,1,0,0,0,0,14,3.98,1,1,3,381,10,Active
USR_04186,0,0,0,0,0,0,0,16,3.85,1,0,3,187,10,Active
USR_04187,0,0,0,0,0,0,0,7,1.98,1,0,2,327,10,Basic
USR_04188,1,1,0,0,0,0,0,10,2.32,1,2,3,261,7,Active
USR_04189,1,1,0,0,0,0,1,19,6.05,2,3,4,372,15,Power
USR_04190,1,1,0,0,0,0,1,20,17.03,2,3,4,138,14,Champion
USR_04191,1,1,0,1,0,1,0,29,8.47,3,4,4,107,20,Champion
USR_04192,0,0,0,0,0,0,0,12,3.39,1,0,3,290,9,Active
USR_04193,0,0,0,0,1,0,1,4,3.86,1,2,2,400,2,Basic
USR_04194,1,0,1,0,0,0,0,19,6.21,1,2,4,220,14,Power
USR_04195,1,0,0,0,0,1,0,20,4.98,2,2,4,218,12,Power
USR_04196,0,1,0,0,0,0,0,3,2.52,1,1,2,255,2,Basic
USR_04197,1,1,1,0,0,0,1,21,8.12,2,4,4,48,12,Power
USR_04198,1,0,1,0,0,0,0,5,3.79,1,2,2,441,3,Basic
USR_04199,0,1,1,0,1,0,0,17,6.61,2,3,4,51,14,Power
USR_04200,0,0,0,0,1,0,1,22,7.19,1,2,4,88,15,Power
USR_04201,0,1,0,0,1,0,1,19,4.88,2,3,4,170,13,Power
USR_04202,1,0,1,1,1,0,0,27,8.46,2,4,4,210,16,Champion
USR_04203,1,1,0,1,1,0,0,27,7.15,2,4,4,21,20,Champion
USR_04204,0,0,0,0,0,0,0,5,0.84,1,0,2,459,2,Basic
USR_04205,1,0,0,1,1,1,0,17,5.1,3,4,4,157,10,Power
USR_04206,0,0,0,0,0,1,1,10,3.66,2,2,3,419,7,Active
USR_04207,1,0,0,1,0,1,0,20,4.6,3,3,4,250,12,Power
USR_04208,1,1,0,0,0,0,1,13,3.75,2,3,3,455,9,Active
USR_04209,1,1,1,0,1,0,0,13,4.23,2,4,3,390,8,Active
USR_04210,1,1,0,0,0,0,1,0,4.45,2,3,2,261,4,Basic
USR_04211,1,0,0,0,0,1,0,6,4.02,2,2,3,151,6,Active
USR_04212,1,0,0,0,0,0,1,15,3.8,1,2,3,352,10,Active
USR_04213,0,0,0,0,0,0,0,11,4.49,1,0,3,221,10,Active
USR_04214,1,0,0,0,0,0,1,11,2.85,1,2,3,423,8,Active
USR_04215,0,0,0,1,1,1,1,11,7.62,3,4,3,27,6,Power
USR_04216,0,0,0,0,1,1,1,13,3.63,3,3,3,311,11,Power
USR_04217,0,1,0,0,1,0,0,6,3.1,1,2,2,192,5,Basic
USR_04218,1,1,1,0,0,0,0,11,6.73,2,3,3,388,9,Active
USR_04219,1,1,0,0,1,0,0,19,3.77,2,3,3,207,10,Power
USR_04220,1,0,1,0,0,0,1,18,4.24,2,3,4,120,12,Power
USR_04221,0,1,1,0,0,0,0,14,12.61,1,2,3,433,12,Power
USR_04222,0,1,0,1,0,0,0,13,5.32,1,2,3,387,8,Active
USR_04223,1,0,0,1,0,0,0,8,8.36,1,2,3,40,5,Active
USR_04224,0,1,0,0,0,0,1,7,2.61,1,2,2,180,4,Basic
USR_04225,0,0,0,0,0,0,0,16,6.51,1,0,3,237,7,Active
USR_04226,1,1,0,0,0,0,1,9,2.37,2,3,3,15,5,Active
USR_04227,1,0,0,0,1,1,1,18,7.49,3,4,3,133,12,Power
USR_04228,0,0,0,1,1,1,0,14,4.91,3,3,3,487,11,Power
USR_04229,1,0,0,1,0,1,0,25,8.78,3,3,4,444,17,Champion
USR_04230,0,0,0,0,0,0,1,7,2.42,1,1,2,492,6,Basic
USR_04231,1,0,0,0,0,0,0,8,2.7,1,1,2,492,4,Basic
USR_04232,0,1,1,0,0,1,0,9,2.83,3,3,3,381,7,Active
USR_04233,1,0,1,0,0,1,0,12,4.43,3,3,3,388,8,Active
USR_04234,1,0,0,1,0,0,1,20,10.76,2,3,4,122,15,Power
USR_04235,1,0,0,0,0,0,1,10,3.08,1,2,3,452,9,Active
USR_04236,1,0,0,0,0,1,1,7,1.85,3,3,2,122,3,Active
USR_04237,1,1,0,0,0,0,0,12,4.08,1,2,3,466,8,Active
USR_04238,1,0,0,0,1,0,0,11,3.55,1,2,3,278,5,Active
USR_04239,0,0,0,0,0,0,0,5,1.57,1,0,2,485,6,Basic
USR_04240,0,0,0,0,0,0,0,6,1.3,1,0,2,9,4,Basic
USR_04241,1,0,1,0,1,1,0,16,6.26,3,4,3,406,11,Power
USR_04242,0,1,0,0,1,1,0,21,5.28,3,3,4,295,17,Power
USR_04243,1,1,0,1,0,0,0,22,7.16,2,3,4,394,16,Power
USR_04244,1,1,1,1,0,0,0,14,10.1,2,4,3,422,12,Power
USR_04245,1,0,0,1,1,0,0,11,2.71,2,3,3,203,9,Active
USR_04246,0,0,1,0,0,0,1,9,2.72,1,2,3,133,7,Active
USR_04247,0,0,0,1,0,0,0,18,5.32,1,1,4,276,12,Power
USR_04248,1,0,0,0,1,0,1,21,6.61,2,3,4,362,12,Power
USR_04249,1,0,0,1,0,0,1,16,4.18,2,3,3,224,14,Power
USR_04250,0,1,0,0,0,0,1,8,11.06,1,2,3,237,6,Active
USR_04251,1,1,1,0,0,0,0,11,11.14,2,3,3,181,8,Active
USR_04252,1,0,1,0,1,0,0,6,1.81,2,3,2,44,3,Basic
USR_04253,1,0,1,1,1,1,1,18,15.24,3,6,4,41,16,Champion
USR_04254,1,0,0,0,0,1,1,25,8.24,3,3,4,170,18,Champion
USR_04255,0,0,0,0,0,0,0,6,1.18,1,0,2,337,6,Basic
USR_04256,0,0,0,0,0,0,0,10,4.1,1,0,3,369,8,Active
USR_04257,1,0,0,0,0,1,0,9,3.45,2,2,3,144,5,Active
USR_04258,0,0,1,0,0,0,1,15,4.16,1,2,3,17,10,Active
USR_04259,0,0,0,0,0,0,0,6,4.85,1,0,2,420,3,Basic
USR_04260,1,1,0,0,0,0,1,7,2.4,2,3,3,157,5,Active
USR_04261,1,1,1,0,0,0,1,21,6.34,2,4,4,377,20,Champion
USR_04262,1,0,0,0,0,1,0,16,6.97,2,2,4,430,14,Power
USR_04263,0,1,0,0,0,0,0,5,2.08,1,1,2,451,1,Basic
USR_04264,1,0,0,0,1,1,0,20,8.15,3,3,4,227,18,Champion
USR_04265,1,0,1,0,0,0,0,13,3.74,1,2,3,334,11,Active
USR_04266,0,0,1,0,0,1,1,16,6.1,3,3,3,442,11,Power
USR_04267,1,0,1,0,0,0,1,20,5.81,2,3,4,205,15,Power
USR_04268,0,0,0,1,1,1,1,22,5.9,3,4,4,414,20,Champion
USR_04269,0,1,0,0,0,0,1,8,2.49,1,2,3,189,5,Active
USR_04270,1,1,0,0,0,0,0,18,4.55,1,2,4,482,11,Power
USR_04271,0,0,1,1,0,0,0,17,3.79,1,2,3,254,10,Active
USR_04272,0,1,0,0,0,1,0,6,1.37,2,2,2,338,7,Basic
USR_04273,1,1,0,0,0,1,1,18,5.41,3,4,4,340,11,Power
USR_04274,1,0,1,0,1,1,1,13,3.32,3,5,3,221,8,Power
USR_04275,1,1,1,1,1,1,1,23,5.65,3,7,4,235,16,Champion
USR_04276,1,1,0,0,1,0,0,4,2.65,2,3,2,85,4,Basic
USR_04277,0,0,0,1,0,0,0,14,4.34,1,1,3,31,10,Active
USR_04278,1,0,0,0,0,0,0,18,4.25,1,1,3,335,12,Active
USR_04279,1,1,0,0,0,1,0,8,4.53,3,3,3,92,4,Active
USR_04280,1,0,0,0,1,1,0,8,3.18,3,3,3,70,5,Active
USR_04281,0,1,1,0,0,0,0,15,5.67,1,2,3,207,8,Active
USR_04282,0,1,0,0,0,0,1,13,4.47,1,2,3,226,9,Active
USR_04283,0,0,1,1,0,0,1,21,7.3,2,3,4,198,14,Power
USR_04284,0,0,0,1,0,0,0,8,3.32,1,1,3,259,6,Active
USR_04285,1,0,0,1,0,0,1,14,4.86,2,3,3,380,10,Active
USR_04286,1,1,0,1,0,1,0,16,5.36,3,4,3,389,11,Power
USR_04287,1,1,0,0,0,0,0,14,11.84,1,2,3,439,10,Power
USR_04288,1,0,0,0,0,0,0,8,1.79,1,1,2,17,3,Basic
USR_04289,0,1,0,1,1,0,0,19,8.67,2,3,4,427,15,Power
USR_04290,1,0,0,0,0,0,0,7,3.45,1,1,3,312,9,Active
USR_04291,0,1,0,0,1,1,0,12,5.15,3,3,3,293,8,Active
USR_04292,0,0,0,0,0,0,0,3,3.95,1,0,2,95,2,Basic
USR_04293,0,0,0,0,0,0,0,5,8.95,1,0,2,446,3,Basic
USR_04294,0,0,0,0,0,0,0,7,4.23,1,0,3,465,6,Basic
USR_04295,0,1,0,0,0,0,0,4,4.2,1,1,2,229,4,Basic
USR_04296,0,0,0,0,0,0,0,19,6.06,1,0,4,454,15,Power
USR_04297,1,0,1,0,0,0,0,13,8.1,1,2,3,8,9,Active
USR_04298,1,0,1,0,0,0,0,13,4.88,1,2,3,450,8,Active
USR_04299,0,1,0,0,1,0,0,11,3.49,1,2,3,308,9,Active
USR_04300,1,0,0,0,0,0,0,26,10.35,1,1,4,470,18,Power
USR_04301,0,0,0,0,0,1,0,5,2.89,2,1,2,113,7,Basic
USR_04302,0,0,0,0,0,0,0,6,1.81,1,0,2,377,3,Basic
USR_04303,1,1,1,1,1,0,0,18,7.08,2,5,4,414,15,Power
USR_04304,1,0,1,1,0,1,1,15,3.96,3,5,3,39,10,Power
USR_04305,1,0,1,0,0,1,0,16,6.25,3,3,3,97,10,Power
USR_04306,0,0,0,0,0,0,0,4,1.58,1,0,2,166,3,Basic
USR_04307,1,0,0,1,1,0,1,10,4.22,2,4,3,111,9,Active
USR_04308,1,0,1,0,0,1,0,11,3.32,3,3,3,429,8,Active
USR_04309,0,0,0,0,0,1,1,12,5.97,2,2,3,130,6,Active
USR_04310,1,1,0,0,0,0,0,17,7.55,1,2,4,28,12,Power
USR_04311,1,0,0,0,0,1,0,18,5.8,2,2,4,137,15,Power
USR_04312,1,0,0,0,0,1,0,12,4.18,2,2,3,17,9,Active
USR_04313,1,1,0,0,1,0,0,22,5.72,2,3,4,419,14,Power
USR_04314,1,0,0,0,0,0,0,17,3.63,1,1,3,32,9,Active
USR_04315,1,0,0,1,1,1,0,13,9.69,3,4,3,158,11,Power
USR_04316,1,1,1,0,1,0,1,16,4.43,2,5,3,176,10,Power
USR_04317,0,0,0,1,0,1,1,4,5.43,3,3,2,246,5,Active
USR_04318,1,0,0,1,0,0,0,28,9.21,1,2,4,235,19,Champion
USR_04319,1,1,0,0,0,0,0,15,7.72,1,2,3,456,11,Active
USR_04320,1,1,0,0,0,0,0,13,4.09,1,2,3,426,8,Active
USR_04321,1,1,0,0,0,0,0,13,6.53,1,2,3,96,6,Active
USR_04322,1,0,0,0,0,0,1,11,3.31,1,2,3,220,8,Active
USR_04323,1,0,0,1,0,0,0,18,6.02,1,2,4,264,12,Power
USR_04324,0,0,1,0,0,0,0,20,6.11,1,1,4,227,11,Power
USR_04325,1,1,0,0,0,0,1,8,3.68,2,3,3,308,7,Active
USR_04326,1,1,1,0,0,1,0,14,4.82,3,4,3,471,10,Power
USR_04327,0,0,0,0,0,0,0,9,1.97,1,0,3,165,6,Basic
USR_04328,1,0,0,0,0,0,0,20,6.31,1,1,4,223,13,Power
USR_04329,1,1,0,0,0,1,1,24,7.14,3,4,4,375,16,Champion
USR_04330,0,0,0,0,0,0,0,5,5.11,1,0,2,366,2,Basic
USR_04331,0,1,1,0,1,0,0,19,7.05,2,3,4,29,14,Power
USR_04332,0,0,0,0,0,0,0,19,5.3,1,0,4,415,11,Active
USR_04333,1,0,0,0,1,0,0,14,4.56,1,2,3,240,9,Active
USR_04334,0,0,1,1,0,1,0,14,9.76,3,3,3,467,11,Power
USR_04335,1,0,0,1,0,0,0,8,2.22,1,2,3,152,7,Active
USR_04336,1,0,1,1,0,1,1,19,5.76,3,5,4,280,12,Power
USR_04337,1,0,1,0,0,1,0,25,8.9,3,3,4,379,20,Champion
USR_04338,0,1,0,1,0,1,0,19,6.45,3,3,4,480,17,Power
USR_04339,1,1,0,0,0,0,0,10,4.43,1,2,3,48,10,Active
USR_04340,1,0,1,0,1,0,0,15,6.54,2,3,3,253,12,Power
USR_04341,1,0,1,0,0,0,0,9,2.73,1,2,3,108,6,Active
USR_04342,1,0,1,0,1,0,1,24,10.22,2,4,4,109,16,Champion
USR_04343,1,1,0,0,0,1,1,24,6.99,3,4,4,417,19,Champion
USR_04344,1,1,0,0,0,1,0,18,8.74,3,3,4,248,13,Power
USR_04345,0,1,1,1,0,1,0,20,5.39,3,4,4,305,14,Power
USR_04346,0,0,0,0,0,0,0,2,3.46,1,0,2,127,2,Basic
USR_04347,0,1,0,1,0,1,0,10,5.74,3,3,2,348,5,Active
USR_04348,0,1,1,0,0,0,0,8,3.41,1,2,3,381,7,Active
USR_04349,0,0,0,0,0,0,0,7,4.0,1,0,3,22,6,Basic
USR_04350,1,0,0,0,0,0,0,9,5.06,1,1,3,25,6,Active
USR_04351,1,0,0,0,0,0,0,17,10.25,1,1,3,8,11,Active
USR_04352,0,0,0,1,0,0,0,18,5.82,1,1,3,136,10,Active
USR_04353,0,0,0,1,0,0,0,2,0.71,1,1,2,183,1,Dormant
USR_04354,1,0,1,0,0,1,0,11,3.5,3,3,3,436,8,Active
USR_04355,0,0,0,0,0,1,0,17,6.02,2,1,4,54,11,Power
USR_04356,0,1,0,1,1,0,1,12,4.05,2,4,3,409,11,Active
USR_04357,0,0,1,0,0,0,0,9,15.16,1,1,3,395,6,Active
USR_04358,0,0,1,0,0,1,0,7,2.16,2,2,3,418,5,Active
USR_04359,0,0,0,0,0,0,0,10,5.64,1,0,3,212,10,Active
USR_04360,0,0,0,0,0,1,0,12,3.75,2,1,3,315,7,Active
USR_04361,1,0,0,0,0,0,1,4,0.94,1,2,2,41,1,Basic
USR_04362,0,0,0,0,0,0,1,9,4.24,1,1,3,349,12,Active
USR_04363,1,0,0,0,1,0,0,7,1.4,1,2,2,381,6,Basic
USR_04364,0,1,0,0,1,1,1,6,1.75,3,4,3,57,5,Active
USR_04365,1,1,0,0,0,1,1,11,3.71,3,4,3,319,8,Active
USR_04366,1,1,0,1,0,0,1,22,5.88,2,4,4,390,17,Power
USR_04367,1,0,1,1,0,1,0,21,5.41,3,4,4,448,12,Power
USR_04368,0,1,1,0,0,0,1,16,4.76,2,3,4,219,13,Power
USR_04369,0,0,0,1,1,0,1,18,11.07,2,3,4,48,12,Power
USR_04370,0,0,0,0,0,0,0,9,6.9,1,0,2,221,3,Basic
USR_04371,1,0,0,1,0,1,0,18,5.24,3,3,4,391,13,Power
USR_04372,0,0,0,0,1,0,1,17,5.49,1,2,3,340,9,Active
USR_04373,1,1,0,0,0,1,1,24,7.62,3,4,4,383,16,Champion
USR_04374,1,1,0,1,0,0,1,17,4.23,2,4,3,257,10,Power
USR_04375,1,1,1,0,0,1,0,17,5.76,3,4,4,429,10,Power
USR_04376,0,1,0,0,0,0,1,11,5.82,1,2,3,379,10,Active
USR_04377,0,0,0,0,1,0,0,4,1.93,1,1,2,457,3,Basic
USR_04378,0,1,1,0,1,0,0,18,3.93,2,3,3,218,11,Power
USR_04379,1,0,0,0,1,0,0,13,5.1,1,2,3,122,9,Active
USR_04380,0,0,1,1,0,0,0,18,5.37,1,2,4,48,15,Power
USR_04381,0,1,0,1,0,1,0,7,1.59,3,3,2,216,7,Active
USR_04382,0,0,0,0,0,0,0,6,3.15,1,0,2,230,4,Basic
USR_04383,1,0,0,0,0,1,0,9,6.06,2,2,3,35,10,Active
USR_04384,1,0,0,0,0,1,0,14,3.61,2,2,3,31,9,Active
USR_04385,0,1,0,0,0,1,0,14,5.45,2,2,3,193,9,Active
USR_04386,1,0,0,0,1,1,0,15,3.3,3,3,3,321,10,Power
USR_04387,1,1,0,1,0,0,1,22,5.18,2,4,4,114,10,Power
USR_04388,1,0,0,0,0,0,0,11,4.1,1,1,3,436,10,Active
USR_04389,1,1,0,1,0,0,0,25,6.49,2,3,4,76,17,Champion
USR_04390,1,1,1,1,1,0,0,20,5.81,2,5,4,192,17,Power
USR_04391,1,0,0,0,0,0,0,11,6.76,1,1,3,161,6,Active
USR_04392,1,0,1,0,1,1,0,13,3.98,3,4,3,305,7,Active
USR_04393,0,0,1,0,0,0,0,15,3.64,1,1,3,46,11,Active
USR_04394,1,0,1,1,1,1,0,19,5.76,3,5,4,359,13,Power
USR_04395,0,0,0,0,0,0,0,7,7.86,1,0,2,182,5,Basic
USR_04396,0,0,0,0,0,0,0,10,3.97,1,0,3,59,9,Active
USR_04397,1,0,1,0,1,0,0,21,6.62,2,3,4,28,13,Power
USR_04398,0,1,0,0,0,1,1,4,1.24,3,3,2,496,3,Basic
USR_04399,0,0,0,1,0,0,0,6,1.09,1,1,2,139,5,Basic
USR_04400,1,1,0,1,1,1,0,13,5.47,3,5,3,366,8,Power
USR_04401,1,0,1,1,1,0,1,16,3.39,2,5,3,161,10,Power
USR_04402,0,0,1,0,0,0,0,6,2.35,1,1,2,235,5,Basic
USR_04403,1,0,0,0,1,0,0,22,4.19,1,2,4,224,11,Power
USR_04404,1,1,0,1,1,0,0,15,5.39,2,4,3,389,11,Power
USR_04405,0,1,0,0,0,0,1,18,5.43,1,2,4,340,17,Power
USR_04406,1,1,1,0,1,1,1,19,6.1,3,6,4,248,12,Power
USR_04407,1,1,0,0,0,0,1,6,2.1,2,3,2,65,6,Active
USR_04408,1,1,1,0,0,1,1,24,9.18,3,5,4,134,18,Champion
USR_04409,0,0,0,1,0,0,0,5,3.64,1,1,2,343,7,Basic
USR_04410,0,1,0,0,0,0,0,1,4.36,1,1,2,338,2,Basic
USR_04411,1,1,0,0,0,0,0,10,3.14,1,2,3,267,5,Active
USR_04412,0,1,0,0,0,0,0,14,9.62,1,1,3,303,9,Active
USR_04413,0,0,0,0,0,0,0,6,2.95,1,0,2,95,2,Basic
USR_04414,0,0,0,0,0,0,0,1,1.19,1,0,2,460,2,Dormant
USR_04415,1,0,1,1,1,0,1,13,17.08,2,5,3,133,9,Power
USR_04416,1,1,0,0,1,1,1,21,5.08,3,5,4,204,11,Power
USR_04417,1,1,0,0,0,1,0,9,2.32,3,3,2,490,7,Active
USR_04418,1,0,1,0,1,0,1,15,3.68,2,4,3,484,11,Power
USR_04419,0,0,0,0,0,0,0,5,2.87,1,0,2,81,6,Basic
USR_04420,0,1,1,1,1,1,0,24,6.23,3,5,4,284,20,Champion
USR_04421,0,0,0,0,0,0,0,8,2.21,1,0,3,221,6,Basic
USR_04422,1,0,1,0,0,1,0,11,5.88,3,3,3,60,7,Active
USR_04423,0,1,1,0,1,0,0,14,4.91,2,3,3,481,10,Active
USR_04424,0,0,1,0,0,0,0,8,1.92,1,1,3,398,6,Basic
USR_04425,0,1,1,0,0,0,0,11,5.08,1,2,2,172,6,Active
USR_04426,0,0,1,1,1,0,0,17,5.33,2,3,4,410,11,Power
USR_04427,0,0,1,1,0,0,1,10,2.42,2,3,3,369,7,Active
USR_04428,0,0,1,0,0,1,0,7,3.02,2,2,3,139,5,Active
USR_04429,1,0,0,0,1,0,1,7,4.41,2,3,2,88,7,Active
USR_04430,0,0,1,0,0,0,0,12,5.17,1,1,3,26,7,Active
USR_04431,0,0,1,1,1,0,0,21,7.31,2,3,4,262,17,Power
USR_04432,1,0,0,0,0,0,1,11,2.54,1,2,3,259,6,Active
USR_04433,1,0,1,0,0,0,1,21,5.96,2,3,4,154,14,Power
USR_04434,0,0,0,1,1,1,0,9,4.22,3,3,3,44,6,Active
USR_04435,0,0,0,0,1,1,0,15,3.73,2,2,3,358,10,Active
USR_04436,1,0,0,0,0,0,1,17,3.84,1,2,3,94,14,Active
USR_04437,1,0,0,1,0,0,1,15,4.39,2,3,3,98,8,Active
USR_04438,1,0,0,0,1,0,0,4,5.42,1,2,2,41,3,Basic
USR_04439,1,0,1,0,0,0,1,12,7.41,2,3,3,30,7,Active
USR_04440,1,1,0,1,0,0,1,26,8.89,2,4,4,395,16,Champion
USR_04441,0,0,0,1,0,0,1,11,3.55,1,2,3,486,9,Active
USR_04442,1,1,1,0,0,1,0,15,6.54,3,4,3,49,12,Power
USR_04443,0,1,0,1,0,0,0,17,4.54,1,2,4,32,12,Power
USR_04444,0,1,0,0,0,1,0,13,5.75,2,2,3,226,10,Active
USR_04445,0,1,1,0,1,0,1,19,4.81,2,4,3,208,12,Power
USR_04446,0,1,0,0,1,1,0,21,4.83,3,3,4,420,15,Power
USR_04447,0,0,0,0,0,0,0,11,5.59,1,0,3,309,8,Active
USR_04448,1,1,1,1,0,0,0,12,4.63,2,4,3,219,9,Active
USR_04449,0,1,1,0,1,0,0,14,3.78,2,3,3,274,9,Active
USR_04450,0,0,0,0,1,1,0,7,3.84,2,2,2,86,3,Basic
USR_04451,0,1,0,0,0,1,0,2,1.52,2,2,2,467,3,Basic
USR_04452,0,0,0,1,1,1,0,5,3.45,3,3,2,413,4,Active
USR_04453,0,0,0,0,0,0,0,8,2.64,1,0,2,84,2,Basic
USR_04454,0,0,1,0,0,0,0,10,3.04,1,1,3,442,7,Active
USR_04455,0,1,1,1,1,0,1,19,7.74,2,5,4,361,11,Power
USR_04456,0,0,0,0,0,1,0,14,3.89,2,1,3,191,9,Active
USR_04457,1,1,1,1,0,0,1,19,7.15,2,5,4,83,15,Power
USR_04458,1,0,1,0,1,0,1,22,7.14,2,4,4,378,14,Power
USR_04459,1,0,0,1,0,0,0,17,7.12,1,2,4,183,13,Power
USR_04460,0,0,0,1,1,1,1,6,3.68,3,4,2,364,6,Active
USR_04461,1,0,0,1,0,1,1,15,6.49,3,4,4,117,12,Power
USR_04462,0,0,0,0,1,1,0,24,14.15,2,2,4,493,17,Champion
USR_04463,1,0,0,0,1,0,0,23,8.53,1,2,4,340,15,Power
USR_04464,1,0,0,0,1,0,1,10,2.64,2,3,3,73,7,Active
USR_04465,1,1,0,0,1,0,0,10,8.52,2,3,3,265,6,Active
USR_04466,0,1,0,1,0,0,0,22,9.34,1,2,4,70,16,Power
USR_04467,1,1,1,1,1,1,0,21,7.26,3,6,4,231,12,Champion
USR_04468,0,1,0,0,0,0,0,17,4.7,1,1,4,304,11,Active
USR_04469,0,0,0,0,0,0,0,12,3.47,1,0,3,167,10,Active
USR_04470,0,1,0,0,0,1,0,12,8.68,2,2,3,485,10,Active
USR_04471,1,1,0,1,0,0,1,23,5.62,2,4,4,295,14,Power
USR_04472,1,0,1,0,0,0,0,17,4.42,1,2,3,94,11,Active
USR_04473,0,0,0,0,0,0,1,18,4.35,1,1,3,463,12,Active
USR_04474,1,1,0,0,1,1,0,10,2.61,3,4,3,158,7,Active
USR_04475,1,0,0,0,0,0,1,15,6.57,1,2,3,39,13,Active
USR_04476,0,0,0,1,0,1,0,6,3.43,2,2,2,289,4,Basic
USR_04477,1,0,0,0,0,1,0,15,7.03,2,2,3,404,10,Active
USR_04478,1,0,0,1,1,0,1,21,6.12,2,4,4,367,12,Power
USR_04479,1,1,0,0,0,1,1,11,3.29,3,4,3,486,7,Active
USR_04480,1,0,0,0,1,1,0,22,5.3,3,3,4,137,16,Power
USR_04481,1,0,0,0,0,0,0,4,2.13,1,1,2,138,6,Basic
USR_04482,1,0,0,1,0,1,1,8,1.68,3,4,2,23,2,Active
USR_04483,0,0,0,0,0,0,0,10,11.63,1,0,3,181,6,Active
USR_04484,1,1,1,1,1,0,1,21,6.72,2,6,4,217,16,Champion
USR_04485,0,1,0,0,0,1,1,14,4.87,3,3,3,41,10,Power
USR_04486,1,1,1,0,1,1,1,22,6.12,3,6,4,280,16,Champion
USR_04487,1,0,0,0,0,0,1,5,3.34,1,2,2,218,7,Basic
USR_04488,1,1,1,0,0,0,0,16,5.28,2,3,3,193,12,Power
USR_04489,0,1,0,1,1,0,0,12,3.7,2,3,3,66,9,Active
USR_04490,0,0,0,0,0,1,0,15,4.1,2,1,3,196,8,Active
USR_04491,1,1,0,0,1,0,1,27,6.76,2,4,4,423,18,Champion
USR_04492,0,0,0,0,0,1,1,4,2.25,2,2,2,330,2,Basic
USR_04493,0,0,0,1,0,0,1,5,1.68,1,2,2,135,2,Basic
USR_04494,0,0,1,1,0,0,0,10,5.45,1,2,3,492,9,Active
USR_04495,0,0,1,1,1,0,0,23,10.66,2,3,4,173,13,Power
USR_04496,0,0,1,0,0,0,1,17,9.96,1,2,4,454,12,Power
USR_04497,0,1,1,0,1,0,0,10,6.76,2,3,3,478,7,Active
USR_04498,0,0,0,0,0,0,0,3,3.32,1,0,2,333,2,Basic
USR_04499,1,0,0,0,1,0,0,11,3.63,1,2,3,389,7,Active
USR_04500,1,0,0,0,1,0,1,4,11.32,2,3,2,205,4,Active
USR_04501,0,1,0,0,0,0,0,3,0.92,1,1,2,260,3,Basic
USR_04502,0,1,1,0,0,0,0,14,3.03,1,2,3,199,14,Active
USR_04503,0,0,0,0,0,1,0,8,3.82,2,1,2,142,5,Basic
USR_04504,0,0,0,0,0,0,0,4,3.74,1,0,2,62,2,Basic
USR_04505,0,1,1,0,0,1,0,7,1.83,3,3,2,485,4,Active
USR_04506,1,0,1,1,1,1,0,14,3.12,3,5,3,499,10,Power
USR_04507,1,0,0,1,1,1,0,19,4.7,3,4,4,193,12,Power
USR_04508,0,0,1,0,0,0,0,18,11.95,1,1,4,248,15,Power
USR_04509,1,0,0,0,0,0,0,15,4.89,1,1,3,194,10,Active
USR_04510,0,1,0,0,0,0,1,11,2.19,1,2,3,157,8,Active
USR_04511,1,0,0,1,1,0,0,6,1.43,2,3,2,343,2,Basic
USR_04512,0,1,0,0,1,0,0,21,6.12,1,2,4,395,16,Power
USR_04513,1,0,1,1,1,0,0,10,12.29,2,4,3,29,6,Power
USR_04514,1,0,1,0,1,1,0,27,7.51,3,4,4,190,16,Champion
USR_04515,1,0,1,0,1,0,0,2,1.65,2,3,2,325,3,Basic
USR_04516,1,0,0,1,0,0,1,26,5.89,2,3,4,31,14,Power
USR_04517,0,0,0,0,1,0,0,7,1.96,1,1,3,318,5,Basic
USR_04518,1,1,0,0,0,0,0,8,2.53,1,2,3,267,6,Active
USR_04519,1,1,0,0,0,0,1,13,2.74,2,3,3,461,8,Active
USR_04520,0,1,1,0,0,0,0,14,4.67,1,2,3,289,9,Active
USR_04521,0,0,0,0,0,0,0,12,3.28,1,0,3,454,8,Active
USR_04522,0,0,1,0,1,1,0,22,4.95,3,3,4,499,12,Power
USR_04523,0,0,0,0,0,0,0,9,3.12,1,0,2,349,3,Basic
USR_04524,0,0,0,0,0,0,0,5,2.06,1,0,2,225,6,Basic
USR_04525,0,0,0,0,0,0,1,10,3.27,1,1,3,42,9,Active
USR_04526,1,1,0,0,1,0,1,10,3.8,2,4,3,492,9,Active
USR_04527,1,0,0,0,0,1,0,13,6.62,2,2,3,295,10,Active
USR_04528,1,0,0,1,1,0,0,23,7.04,2,3,4,355,17,Power
USR_04529,1,1,1,0,1,0,1,24,8.41,2,5,4,262,17,Champion
USR_04530,1,0,1,0,0,0,0,4,1.6,1,2,2,276,3,Basic
USR_04531,0,0,0,0,1,0,0,5,3.39,1,1,2,307,4,Basic
USR_04532,0,1,0,0,1,0,1,12,5.59,2,3,3,105,9,Active
USR_04533,0,0,0,0,0,0,0,13,6.49,1,0,3,357,10,Active
USR_04534,0,1,0,0,1,0,0,15,10.68,1,2,3,367,10,Active
USR_04535,1,0,0,1,1,0,1,12,3.35,2,4,3,280,11,Active
USR_04536,1,0,0,0,0,1,0,21,13.62,2,2,4,31,13,Power
USR_04537,1,1,0,0,0,1,1,25,8.02,3,4,4,119,16,Champion
USR_04538,0,0,1,0,0,0,0,12,4.33,1,1,3,392,8,Active
USR_04539,0,0,1,1,0,0,1,24,6.12,2,3,4,270,17,Power
USR_04540,1,1,0,1,0,1,1,25,6.97,3,5,4,221,19,Champion
USR_04541,1,0,0,0,0,0,1,11,9.24,1,2,3,226,10,Active
USR_04542,0,0,0,0,0,0,0,13,6.13,1,0,3,114,10,Active
USR_04543,0,0,1,0,0,0,0,18,4.92,1,1,4,159,14,Power
USR_04544,1,1,0,1,0,0,0,21,5.5,2,3,4,460,17,Power
USR_04545,1,0,0,0,0,0,0,6,3.63,1,1,2,161,4,Basic
USR_04546,1,0,0,1,0,0,1,17,3.75,2,3,3,369,9,Active
USR_04547,1,0,0,1,0,0,0,14,6.06,1,2,3,499,9,Active
USR_04548,0,0,0,0,0,1,0,11,3.42,2,1,3,197,7,Active
USR_04549,1,1,1,0,0,0,1,19,5.34,2,4,4,44,12,Power
USR_04550,1,1,1,1,1,1,1,19,8.99,3,7,4,487,12,Champion
USR_04551,0,0,0,0,0,0,0,12,3.99,1,0,3,433,8,Active
USR_04552,1,1,1,1,0,0,1,25,9.3,2,5,4,24,16,Champion
USR_04553,0,0,0,1,0,1,0,17,9.71,2,2,4,280,13,Power
USR_04554,1,1,0,0,0,0,0,20,5.95,1,2,4,310,16,Power
USR_04555,0,0,1,0,0,0,0,13,3.8,1,1,3,176,7,Active
USR_04556,0,0,1,0,1,1,1,18,9.18,3,4,4,496,11,Power
USR_04557,0,1,0,1,0,1,0,12,6.95,3,3,3,124,9,Power
USR_04558,0,1,0,0,0,0,0,23,7.5,1,1,4,461,15,Power
USR_04559,0,1,1,0,0,1,0,7,2.71,3,3,2,302,5,Active
USR_04560,0,1,1,0,0,1,0,12,3.16,3,3,3,445,9,Active
USR_04561,1,1,0,1,1,1,1,26,7.0,3,6,4,438,17,Champion
USR_04562,0,1,0,1,1,0,1,10,5.96,2,4,3,166,10,Active
USR_04563,1,1,0,0,0,1,0,12,6.43,3,3,3,403,11,Power
USR_04564,1,1,1,0,1,0,0,26,7.81,2,4,4,18,17,Champion
USR_04565,0,0,1,0,1,0,0,17,5.84,1,2,4,152,11,Power
USR_04566,1,0,1,0,0,1,1,16,3.68,3,4,3,264,11,Power
USR_04567,1,1,1,0,0,1,1,19,4.92,3,5,4,240,12,Power
USR_04568,1,1,0,0,0,0,0,27,9.43,1,2,4,162,19,Champion
USR_04569,1,0,1,1,1,0,0,21,6.3,2,4,4,440,18,Power
USR_04570,1,0,1,0,1,0,0,16,5.08,2,3,3,143,10,Power
USR_04571,1,1,0,1,0,0,1,22,4.86,2,4,4,71,11,Power
USR_04572,0,0,0,0,0,0,0,9,4.65,1,0,2,230,6,Basic
USR_04573,1,0,0,0,0,0,0,10,3.49,1,1,3,179,8,Active
USR_04574,0,1,1,0,0,0,0,18,8.49,1,2,4,432,10,Power
USR_04575,1,0,0,0,1,0,0,16,3.83,1,2,3,340,13,Active
USR_04576,1,0,1,1,0,1,1,9,2.59,3,5,3,433,4,Active
USR_04577,1,1,0,0,0,0,1,15,5.49,2,3,3,285,12,Power
USR_04578,0,0,1,1,0,0,0,16,6.15,1,2,3,210,10,Active
USR_04579,0,0,0,0,0,0,1,16,6.27,1,1,4,152,11,Active
USR_04580,1,0,0,1,0,0,0,13,3.91,1,2,3,201,10,Active
USR_04581,0,1,1,0,0,1,0,4,2.75,3,3,2,395,1,Basic
USR_04582,1,0,0,0,0,0,0,7,3.47,1,1,2,355,7,Basic
USR_04583,0,0,0,0,0,0,0,9,2.46,1,0,3,255,7,Basic
USR_04584,0,0,1,1,0,0,0,12,3.51,1,2,3,23,8,Active
USR_04585,1,0,1,0,1,0,0,21,12.77,2,3,4,271,13,Power
USR_04586,0,1,1,0,0,0,0,9,6.24,1,2,3,392,5,Active
USR_04587,1,0,1,0,0,0,1,14,3.76,2,3,3,25,10,Active
USR_04588,0,0,0,1,0,1,0,10,2.87,2,2,3,199,7,Active
USR_04589,1,0,0,0,1,0,0,13,5.22,1,2,3,84,10,Active
USR_04590,1,0,0,0,1,0,1,16,5.15,2,3,4,174,11,Power
USR_04591,0,0,0,0,0,0,0,7,3.12,1,0,3,8,6,Basic
USR_04592,0,0,1,0,0,0,1,8,3.78,1,2,3,199,7,Active
USR_04593,1,0,0,0,0,1,0,13,3.84,2,2,3,278,12,Active
USR_04594,0,0,1,0,0,0,0,23,6.3,1,1,4,240,16,Power
USR_04595,1,0,0,0,0,0,0,20,6.1,1,1,4,386,14,Power
USR_04596,0,1,1,0,0,0,1,18,4.54,2,3,4,491,12,Power
USR_04597,0,1,0,0,0,1,0,7,2.65,2,2,3,188,5,Active
USR_04598,1,0,1,1,0,0,1,10,3.22,2,4,3,85,5,Active
USR_04599,0,1,1,0,0,1,0,19,6.46,3,3,4,429,14,Power
USR_04600,1,0,0,0,1,1,1,11,3.84,3,4,3,435,7,Active
USR_04601,1,0,0,0,0,1,0,4,1.8,2,2,2,299,4,Basic
USR_04602,0,0,0,0,0,0,0,8,2.56,1,0,3,113,7,Basic
USR_04603,1,0,0,0,0,0,0,5,3.6,1,1,2,350,6,Basic
USR_04604,1,0,0,1,0,0,1,8,2.96,2,3,3,341,6,Active
USR_04605,1,0,0,1,0,1,1,9,3.53,3,4,3,323,7,Active
USR_04606,1,0,0,0,0,0,0,9,6.69,1,1,3,164,7,Active
USR_04607,0,0,0,1,0,1,1,5,2.99,3,3,2,377,5,Active
USR_04608,0,0,0,1,0,0,0,6,3.01,1,1,3,344,5,Basic
USR_04609,0,0,0,0,0,0,0,4,1.44,1,0,2,457,2,Basic
USR_04610,1,0,0,0,0,1,0,28,8.39,2,2,4,208,16,Champion
USR_04611,0,0,0,0,0,0,0,7,2.87,1,0,3,349,6,Basic
USR_04612,1,0,0,1,0,0,0,13,3.27,1,2,3,76,10,Active
USR_04613,0,0,1,1,0,1,0,18,6.18,3,3,4,400,11,Power
USR_04614,0,0,1,1,1,0,0,16,8.91,2,3,3,255,9,Power
USR_04615,0,0,0,0,0,1,0,13,6.15,2,1,3,466,7,Active
USR_04616,0,1,1,0,0,0,0,16,3.77,1,2,3,334,10,Active
USR_04617,0,0,0,0,0,0,0,14,3.52,1,0,3,97,8,Active
USR_04618,1,1,1,0,0,0,0,17,5.71,2,3,4,193,11,Power
USR_04619,1,0,0,1,0,0,0,16,7.78,1,2,3,133,9,Active
USR_04620,1,0,0,0,0,1,1,18,4.53,3,3,4,108,12,Power
USR_04621,0,0,0,1,0,0,0,9,4.23,1,1,3,217,6,Active
USR_04622,0,0,0,0,0,0,1,5,7.25,1,1,2,107,8,Basic
USR_04623,0,0,0,1,1,1,0,21,8.7,3,3,4,464,16,Champion
USR_04624,1,0,1,0,0,0,0,12,6.1,1,2,3,464,9,Active
USR_04625,0,0,0,1,0,0,0,17,4.72,1,1,4,185,15,Power
USR_04626,0,0,1,0,0,0,1,20,8.27,1,2,4,107,14,Power
USR_04627,1,0,1,0,0,1,1,13,5.58,3,4,3,90,10,Power
USR_04628,0,1,0,0,0,1,0,14,3.92,2,2,3,259,9,Active
USR_04629,0,0,1,0,1,1,0,11,7.25,3,3,3,324,6,Active
USR_04630,1,1,0,0,1,0,1,9,3.36,2,4,2,341,6,Active
USR_04631,1,0,0,0,0,1,0,8,3.39,2,2,2,280,4,Active
USR_04632,0,0,0,0,1,0,0,7,5.3,1,1,3,466,6,Active
USR_04633,0,1,0,1,0,0,0,7,3.18,1,2,3,478,7,Active
USR_04634,1,0,1,0,0,0,0,5,1.86,1,2,2,35,3,Basic
USR_04635,0,0,0,0,1,1,0,4,2.83,2,2,2,67,4,Basic
USR_04636,1,1,1,1,1,1,0,25,14.92,3,6,4,375,20,Champion
USR_04637,1,0,1,0,1,1,1,22,5.54,3,5,4,408,13,Champion
USR_04638,0,0,0,0,0,0,0,2,2.26,1,0,2,459,0,Dormant
USR_04639,1,1,0,0,0,1,0,25,7.2,3,3,4,165,19,Champion
USR_04640,1,0,1,0,0,0,0,19,3.8,1,2,3,122,11,Active
USR_04641,0,0,0,0,0,0,1,20,8.32,1,1,4,308,17,Power
USR_04642,0,0,1,1,0,0,1,12,8.01,2,3,3,158,10,Active
USR_04643,0,0,1,0,0,1,1,6,4.12,3,3,2,146,4,Active
USR_04644,0,1,0,1,0,0,1,12,7.82,2,3,3,462,6,Active
USR_04645,0,0,1,1,1,0,0,11,3.2,2,3,3,136,11,Active
USR_04646,0,1,0,0,1,1,0,25,6.04,3,3,4,460,16,Champion
USR_04647,0,0,0,0,1,0,0,17,4.03,1,1,3,20,9,Active
USR_04648,1,1,1,0,1,1,0,23,8.64,3,5,4,339,13,Champion
USR_04649,0,0,0,0,0,1,1,6,1.2,2,2,2,118,1,Basic
USR_04650,1,0,0,0,0,0,1,12,3.23,1,2,3,88,9,Active
USR_04651,0,0,1,0,0,1,0,6,4.08,2,2,2,125,4,Basic
USR_04652,1,1,0,0,1,0,1,25,10.47,2,4,4,489,20,Champion
USR_04653,0,1,0,0,0,0,0,18,5.27,1,1,4,277,13,Power
USR_04654,1,1,1,1,0,1,0,19,5.32,3,5,4,477,13,Power
USR_04655,0,0,0,0,1,1,0,13,11.55,2,2,3,455,10,Power
USR_04656,1,0,1,0,0,0,0,4,4.6,1,2,2,275,5,Basic
USR_04657,0,1,0,0,0,0,1,10,3.35,1,2,3,482,7,Active
USR_04658,0,0,1,0,0,0,0,8,3.82,1,1,3,391,8,Active
USR_04659,1,1,0,0,0,0,0,12,4.22,1,2,3,495,8,Active
USR_04660,1,1,1,0,0,1,0,23,6.83,3,4,4,163,20,Champion
USR_04661,1,0,1,1,1,0,0,19,5.03,2,4,4,185,13,Power
USR_04662,1,1,0,0,0,0,0,11,5.79,1,2,3,348,8,Active
USR_04663,1,1,0,0,0,0,1,17,4.75,2,3,4,420,12,Power
USR_04664,0,1,1,0,0,0,0,17,6.6,1,2,3,45,8,Active
USR_04665,0,0,0,0,0,0,0,6,6.76,1,0,2,416,3,Basic
USR_04666,0,0,0,0,0,0,0,9,2.35,1,0,3,117,5,Basic
USR_04667,1,0,0,0,0,0,0,9,2.54,1,1,3,262,6,Basic
USR_04668,0,1,0,0,0,0,0,17,4.99,1,1,4,172,13,Power
USR_04669,0,1,0,0,0,0,0,5,0.57,1,1,2,300,4,Basic
USR_04670,1,1,1,0,1,1,1,20,8.73,3,6,4,292,17,Champion
USR_04671,0,0,0,1,0,0,1,6,4.47,1,2,2,147,6,Basic
USR_04672,0,1,0,0,0,0,0,10,4.09,1,1,3,429,7,Active
USR_04673,1,1,0,0,0,1,1,27,7.3,3,4,4,95,18,Champion
USR_04674,0,0,0,0,0,0,0,7,8.43,1,0,2,329,3,Basic
USR_04675,1,1,0,0,0,1,1,19,4.87,3,4,4,162,14,Power
USR_04676,1,1,1,0,1,0,0,24,9.33,2,4,4,122,14,Champion
USR_04677,1,1,0,0,0,1,1,18,4.69,3,4,4,303,13,Power
USR_04678,0,0,0,0,0,0,0,10,5.77,1,0,3,423,11,Active
USR_04679,1,0,0,0,0,0,0,5,1.62,1,1,2,283,8,Basic
USR_04680,1,0,0,0,0,0,0,12,3.54,1,1,3,358,8,Active
USR_04681,1,0,1,0,0,0,1,9,6.36,2,3,3,9,7,Active
USR_04682,1,0,1,0,0,1,0,19,6.19,3,3,4,42,18,Power
USR_04683,0,0,0,1,1,1,1,15,4.53,3,4,4,434,11,Power
USR_04684,0,0,0,0,1,1,1,6,1.62,3,3,2,120,5,Active
USR_04685,0,1,0,0,0,0,0,6,3.24,1,1,2,309,6,Basic
USR_04686,1,0,1,0,0,0,1,11,5.39,2,3,3,469,6,Active
USR_04687,0,0,0,1,1,1,0,17,4.46,3,3,4,468,13,Power
USR_04688,0,1,0,0,0,0,0,16,6.23,1,1,4,190,10,Active
USR_04689,0,1,0,0,0,0,0,12,2.41,1,1,3,236,8,Active
USR_04690,0,0,0,0,0,1,0,15,5.7,2,1,3,178,11,Active
USR_04691,0,1,0,0,0,1,0,23,9.94,2,2,4,124,16,Power
USR_04692,1,0,0,0,1,1,1,19,5.95,3,4,4,476,11,Power
USR_04693,1,1,0,1,1,0,1,26,8.78,2,5,4,69,18,Champion
USR_04694,1,1,0,0,0,0,0,7,2.82,1,2,2,16,6,Basic
USR_04695,0,0,0,0,0,1,0,13,2.5,2,1,2,399,5,Active
USR_04696,0,0,1,0,0,0,0,12,4.63,1,1,3,238,8,Active
USR_04697,0,1,1,0,0,1,0,11,3.64,3,3,3,86,5,Active
USR_04698,1,1,1,1,0,1,0,22,8.67,3,5,4,295,16,Champion
USR_04699,1,0,1,0,0,1,0,9,3.63,3,3,3,34,6,Active
USR_04700,0,1,1,0,0,0,0,7,3.41,1,2,2,472,4,Basic
USR_04701,1,0,0,0,0,0,0,13,3.5,1,1,3,248,6,Active
USR_04702,0,0,0,0,0,0,0,13,4.63,1,0,3,488,11,Active
USR_04703,1,0,0,0,0,1,0,23,13.86,2,2,4,189,18,Champion
USR_04704,0,1,1,0,0,0,1,13,4.33,2,3,3,273,11,Active
USR_04705,1,1,0,1,0,0,0,18,4.74,2,3,4,484,11,Power
USR_04706,1,0,1,1,0,0,0,27,12.68,2,3,4,15,18,Champion
USR_04707,1,0,1,0,0,0,1,14,5.01,2,3,3,403,8,Active
USR_04708,0,0,0,0,0,0,0,8,4.97,1,0,3,288,6,Basic
USR_04709,1,0,0,0,0,0,0,13,8.18,1,1,3,44,10,Active
USR_04710,0,1,0,0,0,0,0,7,3.62,1,1,2,459,7,Basic
USR_04711,1,0,0,0,0,0,1,2,4.51,1,2,2,422,3,Basic
USR_04712,1,0,0,0,0,0,0,11,3.93,1,1,3,144,10,Active
USR_04713,1,0,1,0,1,1,1,17,9.51,3,5,4,87,10,Power
USR_04714,1,0,0,0,0,0,0,20,5.18,1,1,3,193,11,Active
USR_04715,0,0,0,0,0,0,0,12,6.66,1,0,3,476,8,Active
USR_04716,1,0,1,0,0,0,0,21,9.64,1,2,4,301,16,Power
USR_04717,1,1,0,0,1,0,0,9,3.56,2,3,3,67,7,Active
USR_04718,1,1,1,0,0,1,0,25,6.52,3,4,4,261,18,Champion
USR_04719,1,0,0,0,0,0,0,19,5.49,1,1,4,243,12,Power
USR_04720,0,0,0,0,0,0,0,2,2.34,1,0,2,361,2,Dormant
USR_04721,1,0,0,0,1,0,0,19,4.9,1,2,3,389,9,Active
USR_04722,0,1,0,0,1,0,0,20,9.17,1,2,4,42,14,Power
USR_04723,1,1,1,0,1,0,0,25,14.62,2,4,4,495,15,Champion
USR_04724,1,0,0,0,0,0,0,10,3.46,1,1,3,274,8,Active
USR_04725,0,0,0,0,0,1,0,14,3.56,2,1,3,76,11,Active
USR_04726,1,0,0,0,0,1,1,10,2.58,3,3,3,153,10,Active
USR_04727,1,0,1,1,1,1,0,22,6.78,3,5,4,347,15,Champion
USR_04728,1,1,0,0,1,1,0,13,3.69,3,4,3,435,11,Power
USR_04729,1,0,1,0,1,0,0,21,5.48,2,3,4,160,14,Power
USR_04730,0,1,1,0,0,0,1,9,2.36,2,3,3,288,8,Active
USR_04731,1,1,1,0,0,0,0,15,3.98,2,3,3,92,11,Active
USR_04732,1,0,0,0,1,0,0,17,4.57,1,2,3,109,9,Active
USR_04733,0,0,0,0,0,0,0,22,6.36,1,0,4,476,15,Power
USR_04734,1,1,1,1,0,1,0,15,5.89,3,5,3,233,12,Power
USR_04735,1,1,0,1,1,0,1,15,4.89,2,5,4,413,13,Power
USR_04736,1,1,0,1,0,0,0,3,4.15,2,3,2,293,6,Active
USR_04737,0,1,1,1,0,0,0,17,2.81,2,3,3,450,10,Active
USR_04738,0,0,1,0,1,0,0,15,5.88,1,2,3,373,11,Active
USR_04739,1,0,0,1,0,0,0,2,4.88,1,2,2,15,5,Basic
USR_04740,1,1,0,0,1,1,0,18,4.31,3,4,4,368,11,Power
USR_04741,0,0,1,0,0,0,0,16,7.36,1,1,4,84,13,Power
USR_04742,1,0,0,1,0,0,0,16,8.71,1,2,4,127,15,Power
USR_04743,1,0,1,0,1,0,1,19,5.7,2,4,4,141,13,Power
USR_04744,0,1,0,0,0,0,0,17,4.11,1,1,4,54,10,Active
USR_04745,0,0,0,0,0,1,0,8,5.86,2,1,3,302,8,Active
USR_04746,0,1,0,1,0,1,0,17,7.1,3,3,4,413,15,Power
USR_04747,1,0,0,0,0,0,0,3,2.64,1,1,2,356,2,Basic
USR_04748,1,0,0,0,0,0,0,20,5.28,1,1,4,363,15,Power
USR_04749,1,0,0,1,0,1,0,13,4.57,3,3,3,317,8,Active
USR_04750,1,0,0,0,0,0,0,16,5.48,1,1,4,55,13,Active
USR_04751,0,0,0,1,1,0,1,6,1.56,2,3,2,165,6,Active
USR_04752,0,0,0,0,0,0,0,12,4.48,1,0,3,466,8,Active
USR_04753,0,0,0,0,0,0,1,23,6.37,1,1,4,483,16,Power
USR_04754,0,0,1,0,1,0,1,21,5.92,2,3,4,12,14,Power
USR_04755,1,0,0,0,1,1,0,17,6.93,3,3,3,383,10,Power
USR_04756,0,0,0,0,0,0,0,8,3.42,1,0,2,68,5,Basic
USR_04757,1,0,0,1,0,1,0,26,9.12,3,3,4,187,15,Champion
USR_04758,0,0,0,0,0,0,0,3,5.35,1,0,2,370,2,Basic
USR_04759,1,1,1,1,0,1,1,17,6.29,3,6,4,76,12,Power
USR_04760,1,1,0,0,0,1,0,20,6.16,3,3,4,441,14,Power
USR_04761,1,0,0,0,0,0,0,6,7.79,1,1,2,395,4,Basic
USR_04762,0,0,1,0,0,0,0,9,2.47,1,1,3,439,5,Basic
USR_04763,1,0,0,1,1,1,0,9,6.04,3,4,2,72,5,Active
USR_04764,0,0,0,0,0,1,0,4,1.53,2,1,2,264,3,Basic
USR_04765,0,1,1,0,0,0,1,3,0.78,2,3,2,476,4,Basic
USR_04766,0,0,0,1,0,0,0,8,2.39,1,1,3,72,8,Active
USR_04767,1,0,0,0,0,1,0,18,4.66,2,2,4,488,16,Power
USR_04768,1,1,0,0,1,1,1,27,7.04,3,5,4,420,20,Champion
USR_04769,0,0,0,0,1,0,0,8,2.3,1,1,3,358,4,Basic
USR_04770,1,0,0,0,0,0,0,3,1.29,1,1,2,454,2,Basic
USR_04771,0,1,0,0,0,0,0,11,5.61,1,1,3,119,11,Active
USR_04772,1,0,0,0,0,1,0,22,8.61,2,2,4,248,18,Power
USR_04773,0,0,0,0,1,0,0,1,2.38,1,1,2,483,1,Dormant
USR_04774,1,1,1,1,0,0,0,10,5.01,2,4,3,209,8,Active
USR_04775,1,0,0,0,0,0,1,15,4.12,1,2,3,161,11,Active
USR_04776,0,1,1,0,0,0,0,27,9.42,1,2,4,466,20,Champion
USR_04777,1,0,0,0,0,1,0,7,2.56,2,2,3,43,9,Active
USR_04778,1,1,0,1,0,0,0,25,7.88,2,3,4,426,19,Champion
USR_04779,0,0,1,1,1,0,0,15,4.26,2,3,4,121,12,Power
USR_04780,1,1,0,0,0,0,1,22,8.87,2,3,4,151,14,Power
USR_04781,0,1,0,0,0,0,0,3,1.73,1,1,2,492,3,Basic
USR_04782,0,0,0,0,0,1,0,5,1.96,2,1,2,330,3,Basic
USR_04783,1,1,0,0,1,0,0,23,7.08,2,3,4,232,15,Power
USR_04784,0,0,0,0,1,1,1,16,5.29,3,3,4,485,11,Power
USR_04785,1,0,0,0,0,0,0,11,2.89,1,1,3,400,6,Active
USR_04786,1,1,0,0,1,1,1,21,5.53,3,5,4,362,15,Champion
USR_04787,0,0,0,0,0,1,0,16,5.22,2,1,3,281,12,Active
USR_04788,0,0,0,0,0,1,0,13,2.89,2,1,3,138,8,Active
USR_04789,1,0,1,0,1,0,1,25,10.15,2,4,4,88,12,Champion
USR_04790,0,1,0,0,0,0,0,14,6.57,1,1,3,260,16,Active
USR_04791,0,0,0,0,0,0,0,7,2.86,1,0,3,256,8,Basic
USR_04792,1,1,1,0,0,0,0,9,3.38,2,3,3,165,8,Active
USR_04793,1,0,0,0,0,0,1,9,3.67,1,2,3,491,11,Active
USR_04794,0,1,1,0,0,0,0,23,5.77,1,2,4,311,14,Power
USR_04795,1,0,1,0,0,0,0,15,4.02,1,2,3,33,10,Active
USR_04796,0,0,1,0,0,0,0,11,10.25,1,1,3,196,6,Active
USR_04797,1,1,0,0,1,0,0,13,3.47,2,3,3,267,9,Active
USR_04798,1,0,0,0,0,0,0,8,1.52,1,1,2,432,8,Basic
USR_04799,1,0,0,0,0,0,0,7,5.06,1,1,2,115,3,Basic
USR_04800,1,0,1,0,0,0,1,18,8.56,2,3,4,271,13,Power
USR_04801,0,0,0,0,0,0,1,15,4.85,1,1,3,262,9,Active
USR_04802,0,0,0,0,0,0,0,5,8.0,1,0,2,252,2,Basic
USR_04803,1,0,0,0,1,1,0,6,5.18,3,3,2,179,5,Active
USR_04804,0,0,0,0,1,0,1,15,8.73,1,2,3,240,14,Power
USR_04805,0,0,0,1,0,1,0,15,4.21,2,2,3,48,9,Active
USR_04806,1,0,1,0,0,0,1,21,5.56,2,3,4,352,13,Power
USR_04807,1,0,0,0,1,0,1,10,2.53,2,3,3,234,5,Active
USR_04808,1,1,0,0,0,1,0,15,4.04,3,3,3,92,10,Power
USR_04809,1,0,0,0,0,0,1,16,5.63,1,2,4,111,12,Power
USR_04810,1,0,0,0,0,1,0,16,5.59,2,2,4,112,13,Power
USR_04811,0,0,0,0,0,0,0,8,1.96,1,0,2,197,3,Basic
USR_04812,0,0,0,1,0,1,1,16,5.21,3,3,4,25,11,Power
USR_04813,0,0,0,1,0,1,1,5,2.76,3,3,2,223,4,Active
USR_04814,1,0,1,1,0,0,1,23,6.53,2,4,4,171,15,Power
USR_04815,0,0,1,0,0,1,0,8,3.14,2,2,3,436,6,Active
USR_04816,0,0,0,0,1,0,0,1,1.83,1,1,2,50,4,Basic
USR_04817,1,0,1,1,0,0,0,21,11.22,2,3,4,418,14,Power
USR_04818,1,1,0,1,0,0,1,20,5.47,2,4,4,341,14,Power
USR_04819,0,1,0,0,1,0,0,13,3.85,1,2,3,404,11,Active
USR_04820,0,0,1,0,0,1,0,2,0.58,2,2,2,403,3,Basic
USR_04821,0,0,0,1,1,0,0,8,1.43,1,2,2,375,4,Basic
USR_04822,1,1,0,1,0,0,0,15,7.07,2,3,4,116,12,Power
USR_04823,0,0,0,0,0,1,0,6,1.7,2,1,2,299,2,Basic
USR_04824,1,0,1,0,0,0,0,12,4.03,1,2,3,222,6,Active
USR_04825,1,1,0,0,0,0,0,12,2.8,1,2,3,496,9,Active
USR_04826,1,0,1,0,0,0,0,27,6.77,1,2,4,402,17,Power
USR_04827,1,0,1,1,0,1,1,17,6.02,3,5,4,372,13,Power
USR_04828,1,1,1,1,1,0,0,15,8.23,2,5,3,335,10,Power
USR_04829,1,1,0,0,0,1,1,22,9.66,3,4,4,253,14,Champion
USR_04830,0,1,1,1,1,1,1,24,7.42,3,6,4,475,16,Champion
USR_04831,0,0,0,0,0,0,1,16,3.98,1,1,3,183,9,Active
USR_04832,0,0,1,1,1,1,1,15,7.96,3,5,3,317,10,Power
USR_04833,1,0,1,1,1,1,0,25,10.51,3,5,4,215,19,Champion
USR_04834,1,1,1,0,1,0,0,14,4.94,2,4,3,273,9,Power
USR_04835,0,1,0,0,0,0,1,20,4.84,1,2,4,16,15,Power
USR_04836,1,1,0,0,1,0,1,12,5.35,2,4,3,454,9,Active
USR_04837,0,1,0,0,0,0,1,13,5.63,1,2,3,182,13,Active
USR_04838,1,1,1,1,0,1,1,18,5.95,3,6,4,254,12,Power
USR_04839,1,0,0,0,1,1,0,14,2.78,3,3,3,260,7,Active
USR_04840,1,0,1,0,1,0,1,22,7.55,2,4,4,321,17,Champion
USR_04841,0,0,0,0,0,0,0,4,2.66,1,0,2,50,4,Basic
USR_04842,0,1,0,1,1,1,0,9,3.72,3,4,3,275,8,Active
USR_04843,1,0,0,0,0,0,0,16,4.99,1,1,3,47,10,Active
USR_04844,0,0,0,1,0,0,0,2,2.12,1,1,2,388,3,Basic
USR_04845,1,0,0,1,0,1,0,19,10.9,3,3,4,160,11,Power
USR_04846,1,1,0,0,0,1,0,13,5.44,3,3,3,271,9,Power
USR_04847,0,0,0,0,0,0,0,8,1.04,1,0,2,190,4,Basic
USR_04848,0,0,0,0,1,0,1,14,3.71,1,2,3,94,10,Active
USR_04849,0,1,0,1,0,0,0,16,4.34,1,2,3,232,10,Active
USR_04850,1,1,1,0,0,0,0,18,5.33,2,3,4,221,16,Power
USR_04851,1,0,0,0,0,1,0,7,1.82,2,2,2,487,6,Basic
USR_04852,0,0,0,1,0,0,1,7,3.62,1,2,3,228,6,Active
USR_04853,1,0,0,0,1,0,0,20,6.17,1,2,4,55,13,Power
USR_04854,0,0,0,1,0,1,1,17,5.74,3,3,4,192,13,Power
USR_04855,1,0,0,0,0,0,1,8,2.51,1,2,3,364,4,Basic
USR_04856,0,0,1,0,0,0,0,10,3.02,1,1,3,408,8,Active
USR_04857,0,0,0,0,1,0,0,10,3.02,1,1,3,291,9,Active
USR_04858,0,0,0,0,0,0,0,1,1.97,1,0,2,149,4,Dormant
USR_04859,0,1,0,1,0,0,0,22,6.89,1,2,4,437,13,Power
USR_04860,1,0,0,0,1,1,1,19,5.71,3,4,4,151,13,Power
USR_04861,0,1,0,0,0,0,0,8,2.29,1,1,3,269,5,Basic
USR_04862,1,1,0,0,0,1,0,20,8.35,3,3,4,409,17,Champion
USR_04863,0,1,1,0,0,1,0,16,8.15,3,3,3,80,10,Power
USR_04864,0,0,0,1,0,0,0,7,8.06,1,1,3,418,8,Active
USR_04865,0,1,0,0,0,1,0,18,10.03,2,2,4,454,15,Power
USR_04866,1,0,1,0,0,0,0,28,7.88,1,2,4,432,20,Champion
USR_04867,0,0,0,0,1,0,0,10,1.91,1,1,3,333,6,Basic
USR_04868,0,1,0,0,1,1,0,10,7.75,3,3,3,142,7,Active
USR_04869,0,0,0,0,0,0,0,13,4.74,1,0,3,268,10,Active
USR_04870,0,0,0,0,0,1,0,10,3.44,2,1,3,235,9,Active
USR_04871,1,0,0,0,0,0,0,11,5.08,1,1,2,38,4,Basic
USR_04872,1,0,1,0,0,0,0,15,5.05,1,2,3,197,12,Active
USR_04873,0,0,0,0,1,0,0,11,11.21,1,1,3,335,7,Active
USR_04874,1,0,0,0,0,0,0,11,5.41,1,1,3,295,10,Active
USR_04875,0,0,1,0,0,0,1,10,2.03,1,2,3,493,5,Active
USR_04876,1,0,1,0,0,0,0,14,4.97,1,2,3,227,9,Active
USR_04877,1,0,0,0,0,0,0,7,3.57,1,1,2,420,4,Basic
USR_04878,1,1,0,1,0,0,0,22,9.95,2,3,4,389,15,Power
USR_04879,0,0,0,0,0,1,1,18,4.37,2,2,4,491,11,Power
USR_04880,0,0,0,0,0,0,1,7,8.0,1,1,2,81,4,Basic
USR_04881,1,1,0,0,1,0,1,22,4.82,2,4,4,280,11,Power
USR_04882,1,0,0,0,0,0,0,14,5.26,1,1,3,203,9,Active
USR_04883,0,0,1,0,1,1,0,6,2.16,3,3,2,308,9,Active
USR_04884,1,0,1,1,0,0,1,24,7.07,2,4,4,15,18,Champion
USR_04885,0,0,0,0,0,0,0,15,5.44,1,0,3,365,10,Active
USR_04886,1,1,0,0,0,0,0,8,3.38,1,2,2,156,6,Basic
USR_04887,0,0,0,0,0,0,0,6,4.9,1,0,2,261,4,Basic
USR_04888,0,0,0,0,0,0,0,13,6.77,1,0,3,18,8,Active
USR_04889,0,0,0,0,0,0,0,2,0.64,1,0,2,304,7,Basic
USR_04890,1,0,0,1,0,0,1,19,10.59,2,3,4,59,10,Power
USR_04891,0,1,0,0,0,0,0,10,2.52,1,1,3,205,7,Active
USR_04892,1,0,0,0,0,0,1,21,5.17,1,2,4,10,12,Power
USR_04893,1,0,0,0,0,1,0,5,3.09,2,2,2,481,4,Basic
USR_04894,0,1,1,1,0,1,1,14,10.45,3,5,3,444,9,Power
USR_04895,0,0,0,0,0,0,0,13,5.82,1,0,3,179,8,Active
USR_04896,0,0,0,0,0,0,0,3,2.87,1,0,2,244,2,Basic
USR_04897,1,1,0,0,1,1,0,18,5.16,3,4,4,160,10,Power
USR_04898,0,0,0,0,1,0,0,14,4.4,1,1,3,93,11,Active
USR_04899,0,0,0,1,0,0,1,11,4.38,1,2,3,325,11,Active
USR_04900,1,1,0,1,0,0,1,21,7.49,2,4,4,84,14,Power
USR_04901,1,1,1,0,1,1,0,24,6.33,3,5,4,283,16,Champion
USR_04902,1,1,0,0,0,0,0,10,2.47,1,2,3,87,7,Active
USR_04903,0,1,0,0,1,1,0,22,5.28,3,3,4,252,17,Power
USR_04904,1,0,0,1,0,0,0,16,5.29,1,2,3,227,14,Active
USR_04905,0,0,1,1,1,1,1,15,6.86,3,5,3,129,10,Power
USR_04906,1,0,1,0,0,1,0,18,6.64,3,3,4,384,15,Power
USR_04907,0,1,0,0,0,0,0,8,15.89,1,1,2,379,3,Active
USR_04908,1,1,1,0,1,0,0,12,4.31,2,4,3,422,7,Active
USR_04909,1,0,1,0,1,0,0,14,3.7,2,3,3,333,11,Active
USR_04910,1,0,1,0,0,0,0,12,5.22,1,2,3,470,9,Active
USR_04911,1,1,1,0,0,0,0,20,6.03,2,3,4,227,16,Power
USR_04912,0,0,0,0,1,0,0,14,6.92,1,1,3,51,12,Active
USR_04913,0,0,1,0,0,0,0,9,3.12,1,1,3,207,11,Active
USR_04914,1,0,1,0,1,0,0,18,7.25,2,3,4,225,10,Power
USR_04915,0,0,0,0,0,1,1,4,2.66,2,2,2,185,3,Basic
USR_04916,0,0,1,0,0,0,0,5,10.61,1,1,2,141,6,Active
USR_04917,0,0,1,0,0,0,1,4,3.45,1,2,2,271,5,Basic
USR_04918,0,0,0,0,0,0,0,4,6.66,1,0,2,55,5,Basic
USR_04919,1,0,0,1,0,0,1,6,3.64,2,3,2,372,3,Active
USR_04920,1,0,1,0,1,0,1,28,10.7,2,4,4,324,18,Champion
USR_04921,1,0,0,1,0,0,0,15,6.09,1,2,3,297,8,Active
USR_04922,1,1,0,0,0,0,1,21,6.96,2,3,4,408,13,Power
USR_04923,0,0,0,0,0,1,1,15,4.53,2,2,4,436,11,Power
USR_04924,0,1,0,0,1,0,0,18,5.61,1,2,4,259,12,Power
USR_04925,1,0,0,0,0,0,0,8,6.48,1,1,3,265,5,Active
USR_04926,0,0,1,0,1,0,0,19,4.67,1,2,4,396,13,Power
USR_04927,0,0,1,0,1,0,1,20,5.22,2,3,4,246,15,Power
USR_04928,1,0,1,1,1,1,0,25,6.82,3,5,4,179,19,Champion
USR_04929,1,1,1,1,0,1,1,12,3.28,3,6,3,290,8,Power
USR_04930,1,0,1,0,0,1,0,14,4.67,3,3,3,151,11,Power
USR_04931,0,1,0,1,1,0,0,6,2.92,2,3,2,242,6,Active
USR_04932,0,0,0,0,0,1,0,8,2.59,2,1,3,46,6,Active
USR_04933,0,0,0,0,0,0,0,9,3.28,1,0,3,204,6,Basic
USR_04934,1,0,1,0,1,0,1,19,6.9,2,4,4,473,12,Power
USR_04935,1,1,0,1,0,1,0,21,6.47,3,4,4,475,15,Champion
USR_04936,0,1,0,0,0,0,0,17,4.98,1,1,4,466,11,Active
USR_04937,1,1,0,1,1,0,0,20,6.73,2,4,4,210,13,Power
USR_04938,0,0,0,0,0,0,0,4,3.67,1,0,2,433,3,Basic
USR_04939,1,0,0,0,0,1,0,4,1.09,2,2,2,156,2,Basic
USR_04940,1,0,0,0,0,0,0,19,7.82,1,1,4,129,15,Power
USR_04941,1,1,0,0,0,1,0,14,5.59,3,3,3,482,11,Power
USR_04942,1,0,0,0,0,1,0,3,3.46,2,2,2,257,3,Basic
USR_04943,1,0,0,0,0,0,0,8,3.72,1,1,2,258,7,Basic
USR_04944,1,0,0,1,0,0,0,5,2.36,1,2,2,281,4,Basic
USR_04945,1,0,1,1,1,1,0,26,9.66,3,5,4,430,20,Champion
USR_04946,0,0,0,0,0,0,0,6,2.13,1,0,2,456,7,Basic
USR_04947,0,1,0,0,1,1,0,14,4.69,3,3,3,227,10,Power
USR_04948,0,0,1,0,1,1,0,21,4.98,3,3,4,340,13,Power
USR_04949,0,0,0,0,0,0,1,2,4.49,1,1,2,350,2,Basic
USR_04950,1,1,0,0,1,0,1,14,6.23,2,4,3,458,10,Power
USR_04951,1,1,0,1,0,1,1,19,5.85,3,5,4,189,12,Power
USR_04952,1,0,0,0,0,0,0,13,4.21,1,1,3,461,9,Active
USR_04953,1,0,1,1,0,0,0,17,3.84,2,3,3,246,15,Power
USR_04954,1,0,1,1,0,0,0,23,4.92,2,3,4,296,14,Power
USR_04955,0,0,0,0,0,0,0,12,6.1,1,0,3,473,7,Active
USR_04956,1,1,0,0,0,0,0,12,3.5,1,2,3,321,7,Active
USR_04957,1,1,0,0,1,0,1,28,7.59,2,4,4,451,20,Champion
USR_04958,0,1,1,0,1,0,1,10,2.44,2,4,3,107,5,Active
USR_04959,0,0,1,0,0,1,0,17,7.84,2,2,4,100,11,Power
USR_04960,0,0,1,0,0,1,0,6,1.47,2,2,2,478,5,Basic
USR_04961,1,0,0,0,1,1,1,24,6.37,3,4,4,352,16,Champion
USR_04962,0,0,0,0,0,0,0,16,4.03,1,0,3,67,13,Active
USR_04963,0,0,0,0,0,1,1,12,3.98,2,2,3,114,9,Active
USR_04964,0,0,0,0,0,0,1,4,1.48,1,1,2,197,3,Basic
USR_04965,1,0,0,0,0,0,0,18,8.18,1,1,4,491,12,Power
USR_04966,0,0,0,0,0,0,0,3,3.36,1,0,2,309,3,Basic
USR_04967,0,0,0,0,1,0,1,13,5.76,1,2,3,98,9,Active
USR_04968,1,1,1,0,0,0,0,15,3.91,2,3,3,128,8,Active
USR_04969,1,1,1,1,0,0,0,20,5.8,2,4,4,40,14,Power
USR_04970,1,0,0,0,0,1,0,18,4.82,2,2,3,23,11,Power
USR_04971,1,0,0,1,0,0,0,12,5.19,1,2,3,445,10,Active
USR_04972,0,1,0,0,0,1,0,5,3.05,2,2,2,336,2,Basic
USR_04973,1,0,1,0,0,0,0,21,6.0,1,2,4,476,14,Power
USR_04974,1,1,0,0,0,0,0,19,7.72,1,2,4,425,13,Power
USR_04975,0,0,0,0,0,0,0,11,3.14,1,0,3,205,9,Active
USR_04976,0,0,1,0,0,0,0,9,2.08,1,1,3,74,6,Basic
USR_04977,1,1,0,1,0,0,1,21,5.0,2,4,4,283,15,Power
USR_04978,1,0,0,0,0,0,0,24,5.73,1,1,4,394,15,Power
USR_04979,1,1,0,1,0,0,0,12,3.08,2,3,3,470,8,Active
USR_04980,0,0,0,0,0,0,1,13,4.92,1,1,3,241,9,Active
USR_04981,0,0,0,0,0,0,1,10,4.5,1,1,3,297,8,Active
USR_04982,1,0,0,1,0,0,1,9,2.13,2,3,2,133,6,Active
USR_04983,1,0,0,0,0,1,0,8,3.12,2,2,3,107,6,Active
USR_04984,1,0,0,1,1,1,1,20,9.08,3,5,4,291,15,Champion
USR_04985,0,0,1,1,0,0,1,10,2.03,2,3,3,225,8,Active
USR_04986,1,0,0,1,0,0,0,21,5.33,1,2,4,283,10,Power
USR_04987,0,1,0,1,1,1,0,12,6.4,3,4,3,188,11,Power
USR_04988,1,1,1,1,0,1,1,21,8.58,3,6,4,164,13,Champion
USR_04989,0,1,1,1,0,0,0,13,3.99,2,3,3,334,8,Active
USR_04990,1,1,1,0,0,1,0,12,4.29,3,4,3,129,9,Power
USR_04991,0,0,0,0,0,1,0,5,1.35,2,1,2,292,1,Basic
USR_04992,0,1,0,1,0,0,0,19,4.9,1,2,4,168,13,Power
USR_04993,0,0,0,0,0,0,1,16,5.35,1,1,3,381,11,Active
USR_04994,0,1,0,1,0,0,0,12,6.71,1,2,3,137,5,Active
USR_04995,0,0,1,1,0,0,0,8,2.6,1,2,2,171,4,Basic
USR_04996,1,1,1,0,0,0,1,11,6.5,2,4,3,477,8,Active
USR_04997,1,1,1,0,0,1,0,15,7.02,3,4,3,66,12,Power
USR_04998,1,0,1,0,0,1,0,27,8.44,3,3,4,305,18,Champion
USR_04999,1,1,1,0,0,1,0,21,5.58,3,4,4,322,15,Power
USR_05000,0,1,0,0,0,0,0,15,5.92,1,1,3,306,9,Active
USR_05001,1,0,0,0,1,1,0,18,6.54,3,3,4,414,16,Power
USR_05002,0,0,0,0,0,1,1,2,1.51,2,2,2,317,5,Basic
USR_05003,1,0,0,0,0,0,0,18,5.47,1,1,4,208,11,Active
USR_05004,0,0,0,0,0,0,0,3,1.08,1,0,2,58,3,Dormant
USR_05005,0,0,0,0,1,1,1,11,3.18,3,3,3,212,9,Active
USR_05006,1,1,1,1,0,1,1,25,7.69,3,6,4,268,17,Champion
USR_05007,1,0,0,0,0,0,1,4,3.55,1,2,2,485,6,Basic
USR_05008,1,0,1,0,0,1,0,18,6.39,3,3,4,11,12,Power
USR_05009,1,0,1,1,0,1,0,13,5.05,3,4,3,282,9,Power
USR_05010,0,1,0,0,1,0,0,5,2.66,1,2,2,435,6,Basic
USR_05011,1,0,0,1,1,0,0,13,3.8,2,3,3,341,12,Active
USR_05012,1,1,0,0,1,0,0,10,2.05,2,3,3,223,6,Active
USR_05013,1,0,1,1,0,1,1,16,4.27,3,5,4,279,13,Power
USR_05014,0,0,0,0,1,1,1,13,4.05,3,3,3,148,10,Active
USR_05015,0,1,0,0,1,0,0,8,3.21,1,2,3,466,7,Active
USR_05016,1,0,0,1,0,0,0,18,11.75,1,2,4,376,12,Power
USR_05017,1,0,1,0,0,1,0,8,5.84,3,3,3,440,7,Active
USR_05018,0,1,1,0,0,0,0,11,4.03,1,2,3,385,7,Active
USR_05019,0,1,0,0,0,1,0,3,1.81,2,2,2,92,2,Basic
USR_05020,0,1,0,0,0,0,1,21,6.4,1,2,4,221,12,Power
USR_05021,0,1,0,0,1,0,1,20,19.24,2,3,4,416,15,Champion
USR_05022,0,1,1,0,0,1,0,8,3.71,3,3,2,320,7,Active
USR_05023,1,0,1,1,0,1,1,12,5.57,3,5,3,189,10,Power
USR_05024,1,1,0,0,1,0,0,7,2.75,2,3,3,410,7,Active
USR_05025,0,1,0,1,1,1,0,16,4.53,3,4,4,39,10,Power
USR_05026,0,1,0,0,0,0,1,17,4.51,1,2,4,468,11,Active
USR_05027,0,0,0,0,0,0,0,7,3.76,1,0,3,407,7,Basic
USR_05028,1,1,0,0,0,0,1,23,12.95,2,3,4,171,14,Champion
USR_05029,0,1,0,0,1,1,0,20,6.31,3,3,4,292,15,Power
USR_05030,1,1,0,0,1,0,0,22,5.88,2,3,4,247,15,Power
USR_05031,1,1,0,0,0,0,0,17,6.14,1,2,4,244,11,Power
USR_05032,0,1,0,1,0,0,0,14,3.21,1,2,3,382,9,Active
USR_05033,1,0,1,0,1,1,0,14,4.22,3,4,3,442,10,Power
USR_05034,0,1,1,0,0,1,0,13,3.87,3,3,3,466,9,Active
USR_05035,0,0,0,0,0,0,0,12,5.41,1,0,3,354,8,Active
USR_05036,0,0,0,0,0,0,0,4,1.31,1,0,2,20,2,Dormant
USR_05037,1,1,1,0,0,1,0,14,9.08,3,4,3,99,10,Power
USR_05038,1,1,0,0,0,0,0,22,10.11,1,2,4,431,14,Power
USR_05039,0,1,0,0,0,0,0,7,3.52,1,1,2,137,3,Basic
USR_05040,1,1,0,0,0,1,0,4,5.81,3,3,2,259,2,Active
USR_05041,1,0,0,1,0,1,0,22,5.71,3,3,4,41,15,Power
USR_05042,0,1,1,1,1,0,1,28,10.34,2,5,4,350,18,Champion
USR_05043,1,0,0,0,1,0,0,13,4.05,1,2,3,156,12,Active
USR_05044,1,1,1,0,1,1,0,17,4.91,3,5,4,63,12,Power
USR_05045,0,0,0,1,0,1,0,11,6.29,2,2,3,60,8,Active
USR_05046,0,1,0,0,0,0,1,16,4.36,1,2,3,155,11,Active
USR_05047,0,0,0,0,0,0,0,5,4.28,1,0,2,251,3,Basic
USR_05048,1,0,0,0,0,0,1,8,2.22,1,2,3,81,5,Active
USR_05049,1,0,0,0,0,1,0,12,3.16,2,2,3,414,9,Active
USR_05050,0,0,0,0,0,0,1,7,6.29,1,1,3,87,5,Active
USR_05051,1,0,0,0,1,0,0,21,6.41,1,2,4,433,13,Power
USR_05052,0,0,0,1,1,0,0,9,4.32,1,2,3,366,5,Active
USR_05053,0,0,0,0,1,0,1,6,1.86,1,2,2,416,7,Basic
USR_05054,1,0,1,0,1,0,0,31,7.55,2,3,4,124,18,Champion
USR_05055,0,0,0,0,0,1,0,7,3.51,2,1,2,236,4,Basic
USR_05056,0,0,0,0,0,0,0,8,2.66,1,0,3,386,7,Basic
USR_05057,0,0,1,1,0,1,0,5,7.95,3,3,2,452,5,Active
USR_05058,1,0,0,0,0,0,0,5,5.79,1,1,2,228,3,Basic
USR_05059,0,0,0,0,0,0,0,7,2.68,1,0,3,418,6,Basic
USR_05060,1,0,0,0,0,1,1,23,7.4,3,3,4,329,15,Champion
USR_05061,0,1,0,0,0,0,1,8,1.99,1,2,3,461,9,Active
USR_05062,0,0,1,1,1,1,0,14,5.18,3,4,3,262,9,Power
USR_05063,0,0,0,0,0,0,0,10,5.07,1,0,3,333,7,Active
USR_05064,1,0,0,0,0,1,0,12,3.69,2,2,3,150,8,Active
USR_05065,0,0,0,0,0,0,1,10,4.16,1,1,3,194,11,Active
USR_05066,1,1,1,0,0,0,1,21,6.64,2,4,4,179,15,Power
USR_05067,1,0,0,0,0,0,0,11,1.76,1,1,3,196,6,Basic
USR_05068,1,0,0,1,1,0,0,21,5.81,2,3,4,68,15,Power
USR_05069,0,0,0,0,0,0,1,26,6.61,1,1,4,9,19,Power
USR_05070,0,0,0,0,0,1,0,9,5.13,2,1,3,60,8,Active
USR_05071,0,0,0,0,0,1,0,14,3.81,2,1,3,15,11,Active
USR_05072,0,0,1,0,0,0,1,15,5.35,1,2,3,253,10,Active
USR_05073,1,0,0,0,1,0,0,15,4.38,1,2,3,198,11,Active
USR_05074,0,0,0,0,1,1,0,12,5.39,2,2,3,199,6,Active
USR_05075,0,1,1,0,0,0,0,20,8.3,1,2,4,290,15,Power
USR_05076,0,0,0,0,0,1,0,6,1.45,2,1,2,204,5,Basic
USR_05077,0,0,0,0,1,0,0,12,6.41,1,1,3,67,11,Active
USR_05078,1,1,0,0,0,0,0,3,7.01,1,2,2,205,7,Basic
USR_05079,1,0,1,0,0,1,1,16,6.69,3,4,4,285,12,Power
USR_05080,0,0,0,0,0,0,0,5,1.92,1,0,2,398,4,Basic
USR_05081,0,0,0,0,0,0,0,8,4.21,1,0,3,476,5,Basic
USR_05082,1,0,1,0,0,0,0,2,1.5,1,2,2,367,1,Basic
USR_05083,0,1,1,0,0,0,0,15,5.73,1,2,4,497,12,Power
USR_05084,1,1,1,0,0,0,1,19,9.79,2,4,4,42,15,Power
USR_05085,0,0,0,1,1,0,0,20,5.6,1,2,4,222,16,Power
USR_05086,1,0,0,1,0,0,0,5,5.0,1,2,2,73,3,Basic
USR_05087,1,1,1,0,0,0,1,26,8.16,2,4,4,437,18,Champion
USR_05088,1,1,0,0,0,1,0,13,4.36,3,3,3,435,7,Active
USR_05089,1,1,0,0,0,0,1,15,4.22,2,3,3,379,11,Active
USR_05090,1,1,0,1,1,0,0,10,7.9,2,4,3,57,9,Active
USR_05091,0,0,1,1,0,0,1,12,6.1,2,3,3,384,8,Active
USR_05092,1,0,1,1,0,0,0,6,3.06,2,3,3,42,5,Active
USR_05093,1,0,1,0,1,0,0,11,6.98,2,3,3,220,9,Active
USR_05094,1,1,0,1,0,0,1,25,7.98,2,4,4,376,16,Champion
USR_05095,1,1,0,0,1,0,1,13,3.9,2,4,3,178,10,Active
USR_05096,0,0,1,1,1,1,0,13,2.79,3,4,3,101,6,Active
USR_05097,0,0,1,0,1,0,0,6,4.27,1,2,2,187,4,Basic
USR_05098,1,0,1,0,1,0,1,13,6.37,2,4,3,314,9,Power
USR_05099,0,0,0,0,0,0,1,13,3.96,1,1,3,358,8,Active
USR_05100,0,0,0,1,1,0,1,14,2.9,2,3,3,98,6,Active
USR_05101,0,0,0,1,0,0,0,12,6.73,1,1,3,71,13,Active
USR_05102,0,1,0,0,0,0,0,6,8.41,1,1,2,156,9,Active
USR_05103,1,0,0,0,0,0,0,13,3.69,1,1,3,28,10,Active
USR_05104,1,1,1,0,0,0,0,11,5.65,2,3,3,16,8,Active
USR_05105,1,0,0,0,0,0,0,12,5.14,1,1,3,416,7,Active
USR_05106,1,0,0,1,1,0,0,6,4.66,2,3,2,171,4,Active
USR_05107,0,0,0,0,0,0,1,14,7.12,1,1,3,181,10,Active
USR_05108,0,0,0,0,1,1,0,8,1.94,2,2,3,379,5,Active
USR_05109,1,0,0,0,0,1,0,25,6.8,2,2,4,251,17,Power
USR_05110,1,1,0,0,0,0,0,17,6.14,1,2,4,153,11,Power
USR_05111,0,0,0,0,0,0,0,2,6.17,1,0,2,106,7,Basic
USR_05112,0,1,1,1,0,0,1,18,5.19,2,4,4,411,12,Power
USR_05113,1,1,1,0,1,1,0,27,8.29,3,5,4,284,15,Champion
USR_05114,0,0,0,0,0,0,0,15,5.09,1,0,4,97,12,Active
USR_05115,1,1,1,0,0,0,0,27,7.71,2,3,4,369,21,Champion
USR_05116,0,0,0,0,1,1,0,17,4.97,2,2,4,467,12,Power
USR_05117,0,1,0,0,0,0,0,13,5.8,1,1,3,454,9,Active
USR_05118,0,1,0,0,0,0,0,5,3.87,1,1,2,341,7,Basic
USR_05119,1,0,0,0,0,1,0,11,5.26,2,2,3,282,8,Active
USR_05120,1,1,0,0,0,0,0,17,4.49,1,2,3,210,9,Active
USR_05121,0,0,0,0,0,1,0,18,6.31,2,1,4,440,13,Power
USR_05122,1,0,0,0,0,0,1,17,4.81,1,2,4,186,11,Active
USR_05123,1,0,1,0,0,0,1,16,3.89,2,3,3,119,10,Active
USR_05124,0,0,1,1,0,0,0,21,5.81,1,2,3,400,11,Active
USR_05125,0,0,0,1,1,1,1,20,5.86,3,4,4,492,18,Champion
USR_05126,1,0,1,0,1,0,0,8,4.12,2,3,3,255,6,Active
USR_05127,1,0,0,1,1,1,1,9,2.63,3,5,3,133,6,Active
USR_05128,1,0,0,1,1,1,0,9,6.65,3,4,3,396,9,Active
USR_05129,1,1,1,1,1,1,1,23,9.24,3,7,4,413,21,Champion
USR_05130,0,0,0,0,0,1,0,13,4.3,2,1,3,357,8,Active
USR_05131,1,1,1,0,1,1,0,23,7.18,3,5,4,155,16,Champion
USR_05132,0,1,0,0,0,0,0,22,5.97,1,1,4,385,15,Power
USR_05133,0,1,0,0,1,0,1,15,4.64,2,3,3,293,10,Active
USR_05134,0,0,0,0,0,0,0,9,3.03,1,0,3,282,5,Basic
USR_05135,0,0,0,0,0,0,1,8,2.21,1,1,2,28,6,Basic
USR_05136,1,0,1,1,0,0,0,17,9.49,2,3,4,284,12,Power
USR_05137,0,0,0,1,0,1,0,6,3.2,2,2,2,68,5,Basic
USR_05138,1,0,0,1,1,1,1,15,7.1,3,5,3,378,10,Power
USR_05139,1,1,0,1,1,1,0,12,4.84,3,5,3,325,7,Power
USR_05140,0,0,1,0,0,0,0,11,3.31,1,1,3,475,9,Active
USR_05141,1,1,1,0,0,1,0,19,8.85,3,4,4,398,12,Power
USR_05142,0,1,1,1,1,0,1,26,7.84,2,5,4,308,17,Champion
USR_05143,0,0,0,1,0,0,0,10,2.7,1,1,3,181,8,Active
USR_05144,0,0,1,0,0,1,0,6,4.11,2,2,2,70,6,Active
USR_05145,0,0,0,0,0,0,0,11,2.41,1,0,3,185,7,Basic
USR_05146,0,0,1,0,0,0,1,11,2.23,1,2,3,117,10,Active
USR_05147,1,0,0,0,1,0,0,13,4.79,1,2,3,200,8,Active
USR_05148,1,0,0,0,0,1,0,17,5.96,2,2,3,270,10,Active
USR_05149,1,0,0,1,0,1,0,12,3.45,3,3,3,275,6,Active
USR_05150,0,0,1,0,0,0,0,5,1.28,1,1,2,277,4,Basic
USR_05151,0,0,0,0,0,0,1,13,3.38,1,1,3,352,9,Active
USR_05152,1,0,0,0,0,0,1,5,0.77,1,2,2,450,1,Basic
USR_05153,1,0,0,1,0,1,0,12,4.99,3,3,3,336,9,Active
USR_05154,0,0,1,0,0,1,0,10,5.37,2,2,3,29,7,Active
USR_05155,1,0,0,0,0,0,0,12,4.65,1,1,3,22,10,Active
USR_05156,1,0,0,0,0,1,1,22,8.02,3,3,4,494,13,Power
USR_05157,0,0,0,0,1,1,0,11,1.43,2,2,2,43,4,Active
USR_05158,1,1,0,1,0,1,0,24,11.8,3,4,4,23,15,Champion
USR_05159,1,0,1,0,0,1,0,22,10.25,3,3,4,286,15,Champion
USR_05160,1,0,0,0,0,0,0,9,2.94,1,1,2,409,3,Basic
USR_05161,1,0,0,0,0,0,0,8,8.43,1,1,3,330,7,Active
USR_05162,1,1,0,1,0,1,0,17,5.13,3,4,3,24,10,Power
USR_05163,1,0,0,0,1,0,0,13,5.55,1,2,3,499,12,Active
USR_05164,1,0,0,0,0,1,1,16,4.51,3,3,3,436,11,Power
USR_05165,1,0,0,1,0,1,1,15,5.42,3,4,3,325,6,Power
USR_05166,1,0,1,0,1,0,0,4,1.17,2,3,2,193,2,Basic
USR_05167,1,1,1,1,1,0,1,18,5.63,2,6,4,165,14,Power
USR_05168,0,1,0,1,0,1,0,12,4.22,3,3,3,187,6,Active
USR_05169,1,1,0,1,1,0,0,12,7.87,2,4,3,81,7,Active
USR_05170,1,0,0,0,0,0,0,13,7.64,1,1,3,306,7,Active
USR_05171,1,0,0,0,0,0,0,15,4.76,1,1,3,341,12,Active
USR_05172,0,0,1,0,0,0,0,19,7.05,1,1,4,303,18,Power
USR_05173,1,0,0,0,1,0,0,4,1.75,1,2,2,20,2,Basic
USR_05174,0,1,0,0,0,0,0,7,3.66,1,1,3,153,7,Basic
USR_05175,1,0,1,0,0,0,0,21,6.12,1,2,4,406,15,Power
USR_05176,0,1,1,0,0,1,0,9,2.98,3,3,3,318,7,Active
USR_05177,0,1,0,0,0,0,0,5,3.23,1,1,2,241,6,Basic
USR_05178,0,0,0,0,1,0,1,18,5.3,1,2,4,128,14,Power
USR_05179,1,0,1,1,1,1,1,23,6.51,3,6,4,364,16,Champion
USR_05180,1,1,1,0,0,0,0,16,5.43,2,3,4,121,11,Power
USR_05181,1,1,0,0,0,0,0,22,5.93,1,2,4,22,14,Power
USR_05182,1,0,0,1,0,1,0,17,7.06,3,3,4,128,12,Power
USR_05183,0,0,1,1,0,1,0,0,2.57,3,3,2,387,2,Basic
USR_05184,1,1,1,0,0,0,0,13,9.31,2,3,3,11,9,Power
USR_05185,0,0,1,0,1,0,0,11,2.56,1,2,3,484,5,Active
USR_05186,1,0,1,0,0,0,0,15,3.33,1,2,3,315,11,Active
USR_05187,0,0,0,0,0,1,0,10,2.97,2,1,3,468,6,Active
USR_05188,0,0,1,0,1,0,0,10,3.42,1,2,2,37,3,Basic
USR_05189,0,1,1,0,1,1,0,23,9.08,3,4,4,311,16,Champion
USR_05190,0,0,1,1,0,0,0,10,3.63,1,2,3,310,8,Active
USR_05191,0,0,0,0,0,0,1,4,1.47,1,1,2,407,5,Basic
USR_05192,1,0,0,0,0,0,1,14,9.15,1,2,3,463,9,Active
USR_05193,0,1,1,0,0,0,0,12,3.79,1,2,3,325,9,Active
USR_05194,0,0,0,1,1,0,0,18,6.11,1,2,4,352,14,Power
USR_05195,0,1,0,0,0,1,0,11,3.17,2,2,3,437,8,Active
USR_05196,0,0,0,0,1,0,0,18,7.83,1,1,4,122,10,Power
USR_05197,1,1,0,0,1,0,0,13,3.35,2,3,3,79,7,Active
USR_05198,0,1,0,0,0,0,0,11,3.55,1,1,3,241,10,Active
USR_05199,0,0,1,0,0,1,1,6,2.11,3,3,3,480,4,Active
USR_05200,0,0,0,0,0,0,1,12,6.75,1,1,3,491,9,Active
USR_05201,0,0,1,0,1,1,0,19,5.0,3,3,3,208,12,Power
USR_05202,1,0,1,0,0,0,0,12,2.92,1,2,3,398,6,Active
USR_05203,0,1,0,1,0,0,0,3,2.96,1,2,2,479,7,Basic
USR_05204,0,1,0,0,0,0,1,7,5.58,1,2,3,399,6,Active
USR_05205,0,1,0,1,1,0,0,14,3.75,2,3,3,208,9,Active
USR_05206,0,1,0,1,0,1,1,17,6.73,3,4,4,221,11,Power
USR_05207,0,0,0,0,0,0,0,8,2.9,1,0,3,303,7,Basic
USR_05208,1,0,0,1,0,0,0,9,8.53,1,2,3,307,5,Active
USR_05209,0,0,0,0,0,0,0,12,4.64,1,0,3,426,9,Active
USR_05210,0,0,0,0,0,1,1,15,6.84,2,2,3,16,11,Power
USR_05211,1,0,0,0,1,0,1,9,4.82,2,3,3,51,5,Active
USR_05212,1,0,0,1,1,0,1,18,12.14,2,4,3,389,12,Power
USR_05213,1,0,0,1,0,0,1,18,4.76,2,3,4,484,11,Power
USR_05214,0,0,0,0,0,0,0,13,8.17,1,0,3,405,8,Active
USR_05215,1,0,1,0,0,1,0,22,5.99,3,3,4,56,17,Champion
USR_05216,1,0,1,0,0,0,1,17,6.97,2,3,4,391,11,Power
USR_05217,0,1,0,0,1,0,1,9,1.66,2,3,3,280,7,Active
USR_05218,0,0,0,0,0,1,1,14,4.32,2,2,3,254,11,Active
USR_05219,0,1,0,1,0,1,1,27,8.8,3,4,4,218,19,Champion
USR_05220,0,0,0,0,0,0,0,18,5.08,1,0,4,412,13,Active
USR_05221,1,0,0,0,0,1,0,15,3.98,2,2,3,48,8,Active
USR_05222,1,0,0,0,0,1,0,6,3.92,2,2,2,238,2,Basic
USR_05223,1,0,0,0,1,0,1,18,7.52,2,3,4,65,13,Power
USR_05224,1,1,0,0,1,0,1,12,3.2,2,4,3,161,15,Power
USR_05225,1,0,1,1,0,1,0,16,5.58,3,4,3,18,9,Power
USR_05226,0,0,1,0,0,1,0,17,8.05,2,2,4,52,10,Power
USR_05227,1,0,0,0,0,0,0,3,4.2,1,1,2,382,1,Basic
USR_05228,1,0,0,1,0,1,0,24,6.93,3,3,4,98,16,Champion
USR_05229,1,0,0,0,0,0,0,16,4.72,1,1,4,75,13,Active
USR_05230,1,0,0,1,0,0,0,7,3.31,1,2,3,244,7,Active
USR_05231,0,1,1,1,0,0,1,11,2.28,2,4,3,341,7,Active
USR_05232,1,0,0,0,0,0,0,6,7.05,1,1,2,371,5,Basic
USR_05233,1,0,0,0,0,0,0,8,3.32,1,1,2,309,4,Basic
USR_05234,0,0,1,1,0,1,1,16,4.31,3,4,3,47,10,Power
USR_05235,1,1,0,0,0,1,0,13,8.41,3,3,3,354,12,Power
USR_05236,0,0,0,0,0,0,0,13,3.38,1,0,3,290,7,Active
USR_05237,0,1,0,0,0,1,0,20,5.99,2,2,4,348,12,Power
USR_05238,0,1,0,0,0,1,0,8,2.59,2,2,3,109,6,Active
USR_05239,1,0,1,0,1,0,1,14,7.98,2,4,3,189,10,Power
USR_05240,0,0,0,0,0,1,0,9,2.77,2,1,3,327,7,Active
USR_05241,1,1,1,0,0,1,1,22,9.63,3,5,4,144,14,Champion
USR_05242,0,0,0,1,0,1,1,19,6.06,3,3,4,125,13,Power
USR_05243,0,0,0,0,1,1,1,10,2.26,3,3,3,475,5,Active
USR_05244,1,1,0,0,1,1,0,11,3.25,3,4,3,497,9,Active
USR_05245,0,0,1,0,1,1,0,3,3.62,3,3,2,409,4,Active
USR_05246,0,0,0,1,0,0,0,4,4.81,1,1,2,187,3,Basic
USR_05247,1,0,0,0,1,0,0,5,1.28,1,2,2,273,3,Basic
USR_05248,1,0,1,0,1,1,0,21,7.97,3,4,4,124,17,Champion
USR_05249,1,0,0,0,1,1,1,5,2.59,3,4,2,443,4,Active
USR_05250,1,1,0,1,1,1,0,23,9.16,3,5,4,10,16,Champion
USR_05251,1,0,0,1,1,0,1,20,5.01,2,4,4,448,12,Power
USR_05252,0,1,0,0,1,0,0,3,2.21,1,2,2,307,2,Basic
USR_05253,1,0,1,0,0,0,0,11,5.98,1,2,3,335,9,Active
USR_05254,0,0,0,0,1,0,0,23,9.77,1,1,4,232,14,Power
USR_05255,1,0,1,1,0,1,0,24,7.99,3,4,4,18,19,Champion
USR_05256,1,0,1,0,0,1,0,6,3.41,3,3,2,248,7,Active
USR_05257,0,0,0,0,0,0,0,2,1.17,1,0,2,13,0,Dormant
USR_05258,1,0,1,0,0,0,0,15,7.94,1,2,3,287,8,Active
USR_05259,1,0,0,0,0,1,1,9,2.75,3,3,3,329,6,Active
USR_05260,1,1,1,1,1,0,1,26,12.58,2,6,4,350,17,Champion
USR_05261,1,0,1,1,0,1,1,16,4.63,3,5,3,465,8,Power
USR_05262,1,1,0,0,0,1,0,18,7.27,3,3,4,168,15,Power
USR_05263,0,0,0,0,0,0,0,6,1.31,1,0,2,135,6,Basic
USR_05264,1,0,0,1,0,1,0,21,4.86,3,3,4,364,12,Power
USR_05265,0,0,0,1,0,0,1,7,4.61,1,2,3,393,5,Active
USR_05266,0,0,0,1,0,0,0,12,10.17,1,1,3,496,9,Active
USR_05267,1,0,0,0,0,0,0,10,6.53,1,1,3,271,5,Active
USR_05268,1,0,0,0,0,0,0,8,2.52,1,1,3,137,5,Basic
USR_05269,1,1,0,0,0,0,1,20,5.81,2,3,4,105,13,Power
USR_05270,0,1,0,0,0,0,0,5,2.64,1,1,2,247,3,Basic
USR_05271,1,1,0,0,0,0,0,4,1.24,1,2,2,203,4,Basic
USR_05272,1,0,0,0,0,0,1,5,1.63,1,2,2,279,4,Basic
USR_05273,0,0,0,1,0,0,1,13,7.31,1,2,3,360,7,Active
USR_05274,1,0,0,0,0,0,0,8,1.82,1,1,2,348,5,Basic
USR_05275,0,0,1,0,0,1,1,18,5.92,3,3,4,57,12,Power
USR_05276,1,0,0,0,1,0,0,9,4.06,1,2,3,349,6,Active
USR_05277,1,0,1,0,0,0,0,12,7.55,1,2,3,395,7,Active
USR_05278,0,0,0,0,1,1,0,9,2.5,2,2,3,179,4,Active
USR_05279,0,0,0,0,0,1,1,2,1.33,2,2,2,378,3,Basic
USR_05280,1,1,1,1,1,1,1,11,6.57,3,7,3,495,8,Power
USR_05281,0,1,0,0,0,0,0,19,5.52,1,1,4,232,10,Active
USR_05282,0,0,0,1,1,0,0,5,2.17,1,2,2,152,2,Basic
USR_05283,1,1,0,0,1,1,1,25,8.24,3,5,4,402,15,Champion
USR_05284,0,0,0,0,0,1,1,11,5.59,2,2,3,187,9,Active
USR_05285,1,0,1,0,1,1,0,19,4.92,3,4,4,211,15,Power
USR_05286,0,1,0,0,1,1,0,1,1.0,3,3,2,251,1,Basic
USR_05287,0,0,0,0,0,0,0,10,3.74,1,0,3,306,6,Basic
USR_05288,1,0,1,0,0,0,0,16,5.89,1,2,3,387,9,Active
USR_05289,0,1,0,0,0,0,0,5,0.97,1,1,2,66,4,Basic
USR_05290,1,0,1,1,1,0,0,24,6.35,2,4,4,337,17,Champion
USR_05291,0,0,0,0,1,1,1,18,6.86,3,3,4,341,13,Power
USR_05292,1,1,0,0,0,0,0,10,4.94,1,2,3,193,7,Active
USR_05293,1,0,1,0,0,0,1,22,8.56,2,3,4,203,17,Power
USR_05294,0,0,0,0,0,1,0,13,3.52,2,1,3,41,10,Active
USR_05295,0,1,0,0,1,0,0,21,6.05,1,2,4,131,15,Power
USR_05296,0,0,0,0,0,0,0,2,3.23,1,0,2,107,4,Basic
USR_05297,1,0,0,0,0,0,0,18,4.73,1,1,4,454,13,Power
USR_05298,1,0,0,0,1,0,0,18,6.6,1,2,4,401,14,Power
USR_05299,1,0,0,1,1,1,0,20,5.74,3,4,4,209,16,Power
USR_05300,1,0,0,0,0,1,0,19,4.96,2,2,4,441,14,Power
USR_05301,1,0,0,1,0,0,1,20,7.78,2,3,4,211,12,Power
USR_05302,1,0,0,0,0,0,0,14,3.3,1,1,3,48,7,Active
USR_05303,1,1,0,0,1,0,0,27,7.01,2,3,4,345,19,Champion
USR_05304,1,0,0,0,0,0,0,9,1.38,1,1,2,379,3,Basic
USR_05305,0,1,1,0,0,0,1,20,5.66,2,3,4,448,14,Power
USR_05306,1,0,0,0,0,1,0,13,5.71,2,2,3,324,9,Active
USR_05307,1,0,0,0,0,0,0,8,1.57,1,1,2,120,6,Basic
USR_05308,1,0,1,1,0,0,0,8,3.0,2,3,3,453,6,Active
USR_05309,1,0,0,0,0,1,0,8,2.56,2,2,3,161,5,Active
USR_05310,1,1,1,0,0,0,0,6,2.75,2,3,2,361,3,Basic
USR_05311,0,1,1,0,0,1,0,8,2.72,3,3,3,307,6,Active
USR_05312,0,0,0,1,0,0,1,4,0.66,1,2,2,93,2,Basic
USR_05313,1,0,0,1,0,0,1,13,3.08,2,3,3,75,13,Active
USR_05314,1,0,1,0,1,1,1,10,3.04,3,5,3,175,8,Active
USR_05315,1,0,1,0,1,1,0,23,6.82,3,4,4,286,17,Champion
USR_05316,0,0,1,0,0,1,1,25,9.65,3,3,4,335,16,Champion
USR_05317,1,0,1,0,0,0,1,12,3.47,2,3,3,431,9,Active
USR_05318,1,0,0,1,0,1,1,15,8.89,3,4,3,414,12,Power
USR_05319,1,0,1,0,0,0,1,16,6.19,2,3,4,249,13,Power
USR_05320,0,0,0,0,1,0,1,15,3.5,1,2,3,66,8,Active
USR_05321,1,0,1,0,0,0,0,14,5.78,1,2,3,336,13,Active
USR_05322,0,1,0,0,0,0,0,16,4.16,1,1,3,452,11,Active
USR_05323,0,0,0,0,1,0,0,5,2.51,1,1,2,391,2,Basic
USR_05324,0,1,0,0,0,0,0,14,6.01,1,1,3,189,11,Active
USR_05325,0,0,0,1,0,0,1,16,4.92,1,2,4,249,14,Power
USR_05326,0,0,0,0,0,0,0,17,7.52,1,0,4,369,10,Active
USR_05327,0,1,0,0,0,0,0,12,3.77,1,1,3,415,9,Active
USR_05328,1,1,0,0,1,0,0,19,5.8,2,3,4,333,12,Power
USR_05329,0,1,1,1,0,1,0,15,6.53,3,4,4,78,14,Power
USR_05330,1,0,0,0,1,0,0,17,5.01,1,2,3,130,10,Active
USR_05331,0,1,1,1,0,0,1,20,5.37,2,4,4,497,14,Power
USR_05332,1,1,0,0,0,0,0,5,2.28,1,2,2,183,3,Basic
USR_05333,1,0,0,0,0,0,1,8,2.53,1,2,3,225,8,Active
USR_05334,0,0,0,0,1,0,1,16,11.07,1,2,4,231,13,Power
USR_05335,1,0,0,0,0,1,0,20,7.25,2,2,4,390,12,Power
USR_05336,1,1,1,0,0,1,0,16,15.77,3,4,4,309,13,Champion
USR_05337,1,0,0,0,0,0,1,9,2.34,1,2,3,144,5,Active
USR_05338,1,0,0,0,1,0,1,16,4.3,2,3,3,167,10,Active
USR_05339,1,0,1,0,0,0,0,5,5.1,1,2,2,33,2,Basic
USR_05340,1,1,0,1,1,0,0,21,6.11,2,4,4,432,14,Power
USR_05341,0,0,0,0,1,0,1,15,3.47,1,2,3,442,9,Active
USR_05342,1,0,0,1,1,0,1,20,5.91,2,4,4,421,13,Power
USR_05343,0,1,0,0,0,1,0,22,6.2,2,2,4,323,17,Power
USR_05344,0,1,1,0,0,0,0,9,2.33,1,2,3,434,7,Active
USR_05345,0,1,0,0,1,0,0,13,2.43,1,2,3,269,8,Active
USR_05346,1,1,0,0,0,0,1,12,5.71,2,3,3,178,8,Active
USR_05347,1,0,0,0,1,1,1,24,10.1,3,4,4,450,16,Champion
USR_05348,1,1,0,0,1,1,0,17,8.5,3,4,4,67,15,Power
USR_05349,0,0,1,0,0,0,0,16,4.59,1,1,4,242,11,Active
USR_05350,1,1,0,0,0,0,0,15,4.8,1,2,3,43,10,Active
USR_05351,0,1,0,0,0,1,0,11,5.91,2,2,3,285,7,Active
USR_05352,1,1,0,0,0,0,0,8,3.29,1,2,3,355,6,Active
USR_05353,1,0,1,1,1,1,0,18,4.22,3,5,3,307,13,Power
USR_05354,0,0,1,0,0,1,0,20,5.17,2,2,4,409,12,Power
USR_05355,0,1,0,0,0,0,0,12,5.34,1,1,3,477,8,Active
USR_05356,1,1,1,0,0,1,0,9,2.18,3,4,2,186,7,Active
USR_05357,1,1,1,0,1,0,1,13,4.43,2,5,3,372,8,Active
USR_05358,1,0,1,1,1,1,0,21,8.88,3,5,4,371,14,Champion
USR_05359,0,0,0,0,1,0,0,20,5.68,1,1,4,107,11,Power
USR_05360,1,0,0,0,0,0,0,5,2.0,1,1,2,296,3,Basic
USR_05361,0,0,0,0,0,0,1,4,2.71,1,1,2,400,2,Basic
USR_05362,0,0,1,1,1,0,0,16,5.88,2,3,4,188,12,Power
USR_05363,0,0,0,0,1,0,0,10,2.98,1,1,3,281,8,Active
USR_05364,1,0,0,1,0,0,1,26,7.0,2,3,4,420,17,Champion
USR_05365,1,1,0,1,0,0,1,14,4.34,2,4,3,194,9,Power
USR_05366,0,1,0,0,0,0,0,15,3.43,1,1,3,39,9,Active
USR_05367,1,0,0,1,0,0,0,15,3.93,1,2,3,224,10,Active
USR_05368,0,0,0,1,0,1,0,9,1.7,2,2,2,52,5,Active
USR_05369,1,1,0,0,1,0,0,21,9.5,2,3,4,220,15,Power
USR_05370,1,1,1,0,0,1,0,12,4.55,3,4,3,97,10,Power
USR_05371,0,0,0,0,0,0,0,12,3.94,1,0,3,107,7,Active
USR_05372,0,0,0,0,0,0,1,9,5.54,1,1,3,413,6,Active
USR_05373,0,0,1,1,1,1,0,19,5.74,3,4,4,181,11,Power
USR_05374,0,0,1,0,0,0,1,14,4.49,1,2,3,142,12,Active
USR_05375,1,1,1,0,0,0,0,8,3.63,2,3,2,40,6,Active
USR_05376,1,0,0,0,1,0,0,4,0.77,1,2,2,33,5,Basic
USR_05377,0,0,0,0,1,0,0,9,2.73,1,1,3,274,8,Active
USR_05378,0,0,0,0,0,0,0,20,5.97,1,0,4,307,13,Power
USR_05379,0,0,0,0,0,1,0,22,14.94,2,1,4,140,14,Power
USR_05380,0,0,1,0,1,0,1,12,5.13,2,3,3,153,9,Active
USR_05381,1,0,1,0,0,1,0,12,4.17,3,3,3,115,7,Active
USR_05382,1,1,0,0,0,0,0,21,9.1,1,2,4,466,13,Power
USR_05383,0,0,0,0,1,0,0,5,6.37,1,1,2,59,6,Basic
USR_05384,0,1,0,0,1,0,1,14,3.33,2,3,3,398,9,Active
USR_05385,0,1,1,1,0,1,1,21,7.22,3,5,4,159,17,Champion
USR_05386,0,0,1,0,1,0,1,23,11.03,2,3,4,186,14,Champion
USR_05387,0,0,0,0,0,0,0,12,4.27,1,0,3,7,7,Active
USR_05388,0,1,0,1,0,0,0,12,8.7,1,2,3,41,10,Active
USR_05389,0,0,0,0,0,1,0,12,3.99,2,1,3,291,11,Active
USR_05390,1,0,0,1,1,0,0,20,5.35,2,3,4,82,14,Power
USR_05391,0,0,0,0,0,0,1,12,6.05,1,1,3,292,8,Active
USR_05392,0,1,0,0,0,0,0,12,3.77,1,1,3,312,8,Active
USR_05393,0,1,1,0,1,1,0,20,9.88,3,4,4,12,15,Champion
USR_05394,1,0,1,0,0,1,0,17,4.27,3,3,4,373,15,Power
USR_05395,1,0,0,1,1,0,0,22,6.06,2,3,4,239,15,Power
USR_05396,0,1,0,1,0,1,0,11,5.16,3,3,3,323,7,Active
USR_05397,0,0,0,0,1,1,0,5,2.29,2,2,2,222,4,Basic
USR_05398,1,1,0,0,0,1,0,19,4.48,3,3,4,478,15,Power
USR_05399,0,0,1,0,0,1,0,14,4.26,2,2,3,371,13,Active
USR_05400,1,0,0,0,0,0,0,8,4.15,1,1,2,235,6,Basic
USR_05401,1,0,0,0,0,0,1,19,6.51,1,2,4,238,15,Power
USR_05402,1,1,1,0,0,0,1,22,10.18,2,4,4,277,15,Champion
USR_05403,0,1,1,0,0,1,0,15,5.16,3,3,3,165,12,Power
USR_05404,0,1,0,0,0,0,0,5,1.85,1,1,2,315,5,Basic
USR_05405,0,1,0,0,0,0,0,22,5.82,1,1,4,438,14,Power
USR_05406,1,0,0,0,1,1,0,20,4.94,3,3,4,166,13,Power
USR_05407,0,0,0,0,0,0,0,10,6.28,1,0,3,88,7,Active
USR_05408,1,0,1,1,0,0,0,16,4.08,2,3,3,130,10,Power
USR_05409,1,1,1,0,0,1,0,15,6.9,3,4,3,11,12,Power
USR_05410,1,1,0,1,0,0,1,22,8.36,2,4,4,162,13,Power
USR_05411,1,0,1,0,0,1,0,18,4.51,3,3,3,303,10,Power
USR_05412,0,0,1,0,1,0,0,3,2.74,1,2,2,232,4,Basic
USR_05413,1,0,0,0,0,0,0,8,4.18,1,1,3,456,5,Basic
USR_05414,1,1,0,0,0,0,0,4,1.36,1,2,2,109,3,Basic
USR_05415,0,0,0,0,0,0,0,5,0.72,1,0,2,496,3,Basic
USR_05416,1,1,1,0,0,0,0,10,3.76,2,3,3,172,6,Active
USR_05417,0,0,1,0,0,0,0,14,7.8,1,1,3,164,11,Active
USR_05418,0,0,1,0,1,0,0,8,4.52,1,2,3,365,8,Active
USR_05419,0,0,0,0,0,0,0,13,4.14,1,0,3,360,6,Active
USR_05420,1,0,1,0,0,0,0,11,2.49,1,2,3,362,5,Active
USR_05421,0,0,0,0,1,0,0,25,6.36,1,1,4,260,17,Power
USR_05422,1,0,0,1,0,1,0,14,6.36,3,3,3,160,9,Power
USR_05423,1,1,0,0,1,1,0,13,3.33,3,4,3,280,9,Power
USR_05424,1,1,0,1,0,1,1,16,5.07,3,5,3,19,10,Power
USR_05425,1,0,0,0,0,1,1,16,4.53,3,3,3,326,10,Power
USR_05426,0,0,0,0,0,0,1,9,3.2,1,1,3,378,4,Basic
USR_05427,0,0,0,0,1,0,0,3,2.41,1,1,2,366,3,Basic
USR_05428,0,0,0,1,0,0,0,15,4.11,1,1,3,450,12,Active
USR_05429,0,1,0,0,0,1,1,11,3.38,3,3,3,424,7,Active
USR_05430,1,0,0,1,0,0,0,18,4.77,1,2,4,389,12,Power
USR_05431,0,0,1,0,1,0,0,12,3.38,1,2,3,102,10,Active
USR_05432,0,1,1,0,0,1,0,19,4.94,3,3,4,438,12,Power
USR_05433,1,1,0,0,0,0,1,12,5.38,2,3,3,322,9,Active
USR_05434,0,0,0,0,0,0,0,5,8.41,1,0,2,478,3,Basic
USR_05435,1,1,1,1,1,0,0,24,9.99,2,5,4,82,16,Champion
USR_05436,1,1,0,0,1,0,0,14,11.08,2,3,3,371,11,Power
USR_05437,1,0,1,0,1,0,1,17,5.91,2,4,4,115,11,Power
USR_05438,1,0,0,0,0,0,0,17,4.4,1,1,4,172,11,Active
USR_05439,1,1,0,1,0,1,0,21,6.63,3,4,4,176,15,Champion
USR_05440,1,0,0,0,1,0,0,10,1.89,1,2,2,63,3,Basic
USR_05441,1,0,0,1,0,0,0,14,6.33,1,2,3,297,10,Active
USR_05442,1,0,0,0,0,1,1,20,8.49,3,3,4,106,12,Power
USR_05443,0,0,0,0,1,1,0,3,7.13,2,2,2,495,2,Basic
USR_05444,0,0,0,1,1,0,0,13,2.82,1,2,3,313,7,Active
USR_05445,1,0,0,0,1,0,0,18,4.42,1,2,4,158,15,Power
USR_05446,0,1,1,0,1,1,1,20,5.37,3,5,4,413,13,Power
USR_05447,1,1,0,0,0,0,0,24,6.54,1,2,4,176,16,Power
USR_05448,1,0,0,0,0,0,0,6,5.66,1,1,2,469,6,Basic
USR_05449,1,1,1,0,1,1,1,27,6.85,3,6,4,420,17,Champion
USR_05450,1,0,0,0,0,0,0,4,2.12,1,1,2,112,3,Basic
USR_05451,0,0,1,0,1,1,0,12,4.83,3,3,3,185,11,Power
USR_05452,1,1,0,0,1,0,0,18,6.18,2,3,4,304,11,Power
USR_05453,0,0,0,0,0,0,1,17,5.28,1,1,3,247,11,Active
USR_05454,1,0,1,0,0,0,0,19,5.55,1,2,4,206,16,Power
USR_05455,0,1,0,0,1,0,0,15,3.93,1,2,3,38,11,Active
USR_05456,0,1,0,0,0,1,0,8,3.02,2,2,3,338,4,Active
USR_05457,1,0,0,0,0,0,0,6,3.7,1,1,2,438,3,Basic
USR_05458,1,0,1,0,0,1,0,12,5.35,3,3,3,145,9,Active
USR_05459,1,0,0,0,0,1,0,9,4.55,2,2,3,336,8,Active
USR_05460,1,0,0,1,0,1,1,16,7.15,3,4,3,323,10,Power
USR_05461,1,0,0,1,0,0,0,15,7.93,1,2,3,498,12,Active
USR_05462,0,0,0,0,0,0,0,4,1.99,1,0,2,9,3,Basic
USR_05463,0,0,0,0,0,1,0,8,2.21,2,1,2,236,8,Active
USR_05464,0,1,0,0,0,0,1,7,5.19,1,2,3,392,7,Active
USR_05465,1,1,0,0,0,1,1,18,5.77,3,4,4,185,15,Power
USR_05466,0,1,0,1,0,0,0,20,5.08,1,2,4,292,14,Power
USR_05467,1,0,1,1,0,0,0,8,8.01,2,3,3,8,8,Active
USR_05468,0,1,1,0,0,1,1,17,5.99,3,4,4,178,13,Power
USR_05469,1,0,0,0,0,0,1,15,5.51,1,2,3,202,10,Active
USR_05470,0,0,1,0,0,0,0,9,5.54,1,1,3,330,7,Active
USR_05471,1,0,0,1,0,0,0,21,6.9,1,2,4,380,12,Power
USR_05472,1,0,0,0,1,0,0,12,3.36,1,2,3,196,6,Active
USR_05473,1,0,0,0,0,0,1,10,3.91,1,2,3,255,4,Active
USR_05474,0,1,1,1,0,1,0,17,6.04,3,4,4,167,12,Power
USR_05475,1,0,0,0,0,1,0,14,3.32,2,2,3,90,8,Active
USR_05476,0,0,0,0,0,0,0,2,1.29,1,0,2,50,2,Dormant
USR_05477,0,0,0,0,0,1,0,18,5.59,2,1,4,365,14,Power
USR_05478,1,0,0,0,0,0,0,8,2.16,1,1,2,135,3,Basic
USR_05479,0,1,0,0,0,0,0,21,6.21,1,1,4,413,12,Power
USR_05480,1,1,1,0,1,0,0,16,4.9,2,4,3,460,11,Power
USR_05481,0,0,0,1,0,1,1,17,4.86,3,3,3,212,9,Power
USR_05482,0,0,0,1,0,1,1,16,10.39,3,3,4,425,10,Power
USR_05483,1,0,0,0,1,0,0,4,2.42,1,2,2,39,5,Basic
USR_05484,1,1,0,0,1,0,1,22,14.99,2,4,4,351,13,Champion
USR_05485,0,0,1,0,0,0,0,10,3.3,1,1,3,183,8,Active
USR_05486,1,0,1,0,0,1,0,18,6.57,3,3,4,286,14,Power
USR_05487,0,0,0,1,0,0,0,6,1.86,1,1,2,457,5,Basic
USR_05488,0,0,1,0,0,1,0,17,5.28,2,2,4,456,11,Power
USR_05489,1,0,1,0,0,0,0,11,5.4,1,2,3,398,6,Active
USR_05490,0,0,0,1,0,0,1,10,4.95,1,2,3,380,8,Active
USR_05491,0,0,0,0,0,0,0,1,1.11,1,0,2,434,4,Dormant
USR_05492,0,0,0,0,0,1,0,7,2.39,2,1,3,49,5,Active
USR_05493,0,1,0,0,1,1,1,17,6.38,3,4,3,356,12,Power
USR_05494,1,0,1,0,0,0,0,11,2.72,1,2,3,414,7,Active
USR_05495,0,0,0,0,0,1,0,4,4.61,2,1,2,246,6,Basic
USR_05496,0,0,0,0,1,0,0,12,3.23,1,1,3,207,10,Active
USR_05497,0,0,0,0,1,0,1,15,9.15,1,2,3,15,9,Active
USR_05498,1,0,0,0,1,1,0,7,1.67,3,3,2,137,6,Active
USR_05499,1,0,1,0,1,1,0,23,6.87,3,4,4,107,15,Champion
USR_05500,1,1,1,1,1,0,0,15,4.0,2,5,3,99,11,Power
USR_05501,0,1,0,1,0,0,0,5,0.96,1,2,2,300,4,Basic
USR_05502,1,1,0,1,1,1,1,21,5.73,3,6,4,245,14,Champion
USR_05503,0,1,1,1,0,0,0,16,7.05,2,3,4,479,13,Power
USR_05504,0,1,0,0,0,0,0,5,8.79,1,1,2,346,3,Basic
USR_05505,0,1,0,0,0,0,1,17,5.75,1,2,4,401,12,Power
USR_05506,0,0,0,0,0,0,1,15,3.97,1,1,3,79,9,Active
USR_05507,1,0,0,0,0,0,0,10,3.82,1,1,3,84,7,Active
USR_05508,0,0,0,0,0,0,0,16,5.26,1,0,3,278,9,Active
USR_05509,0,1,0,1,0,1,0,11,4.88,3,3,3,494,7,Active
USR_05510,1,0,0,0,0,1,0,13,5.26,2,2,3,103,9,Active
USR_05511,1,0,0,1,0,1,0,6,2.58,3,3,3,328,6,Active
USR_05512,1,1,0,1,1,0,1,28,8.12,2,5,4,43,19,Champion
USR_05513,1,1,0,0,1,0,0,15,3.72,2,3,3,394,9,Active
USR_05514,0,1,0,0,0,1,0,10,3.82,2,2,3,436,8,Active
USR_05515,0,0,1,0,0,1,1,8,5.36,3,3,3,323,5,Active
USR_05516,0,0,1,0,0,1,0,11,5.37,2,2,3,358,7,Active
USR_05517,0,0,0,0,0,1,0,12,4.42,2,1,3,28,10,Active
USR_05518,1,0,0,0,1,0,0,25,9.41,1,2,4,244,18,Power
USR_05519,0,1,0,0,0,1,1,18,4.72,3,3,4,139,11,Power
USR_05520,1,0,0,0,1,0,1,18,7.8,2,3,4,290,11,Power
USR_05521,0,0,0,0,1,1,0,8,1.71,2,2,2,296,5,Basic
USR_05522,0,0,1,0,0,1,0,14,9.74,2,2,3,202,8,Active
USR_05523,0,0,0,1,0,0,1,19,5.29,1,2,4,450,12,Power
USR_05524,1,0,0,0,0,1,0,3,2.61,2,2,2,287,1,Basic
USR_05525,0,0,0,1,0,0,0,14,4.25,1,1,3,492,10,Active
USR_05526,1,0,0,0,0,1,0,20,5.02,2,2,4,117,15,Power
USR_05527,0,0,0,1,0,0,0,13,10.69,1,1,3,350,7,Active
USR_05528,1,0,1,0,0,1,1,31,9.38,3,4,4,397,20,Champion
USR_05529,0,0,1,0,0,1,0,11,2.18,2,2,2,360,3,Active
USR_05530,1,1,0,0,1,0,0,15,9.6,2,3,3,235,13,Power
USR_05531,1,0,0,1,0,0,0,9,2.86,1,2,3,353,5,Active
USR_05532,0,0,0,0,0,0,0,12,3.01,1,0,3,368,9,Active
USR_05533,0,0,1,0,0,0,1,12,3.51,1,2,3,225,8,Active
USR_05534,0,0,0,0,0,1,0,14,3.2,2,1,3,131,8,Active
USR_05535,0,1,1,1,0,0,0,12,4.76,2,3,3,395,10,Active
USR_05536,1,1,0,0,1,0,0,8,2.43,2,3,3,280,5,Active
USR_05537,1,0,0,0,0,0,0,16,6.35,1,1,3,365,11,Active
USR_05538,1,1,1,0,0,0,0,15,6.27,2,3,3,221,9,Active
USR_05539,1,1,1,1,1,0,0,21,11.5,2,5,4,169,14,Champion
USR_05540,1,0,0,0,1,1,1,21,5.78,3,4,4,208,12,Power
USR_05541,1,1,0,1,1,0,0,26,6.94,2,4,4,241,17,Champion
USR_05542,0,1,0,0,0,0,1,14,6.03,1,2,3,230,11,Active
USR_05543,1,1,0,1,0,1,1,19,13.33,3,5,3,480,9,Power
USR_05544,0,1,0,0,1,0,0,11,6.2,1,2,3,250,9,Active
USR_05545,0,0,1,0,0,0,1,0,3.76,1,2,2,10,2,Basic
USR_05546,1,0,1,0,1,0,0,22,10.82,2,3,4,141,16,Power
USR_05547,0,1,0,0,0,0,1,23,8.08,1,2,4,497,15,Power
USR_05548,1,0,1,1,1,0,0,13,4.15,2,4,3,18,10,Active
USR_05549,1,0,0,0,1,0,0,11,2.99,1,2,3,261,8,Active
USR_05550,1,1,0,1,0,0,0,26,8.74,2,3,4,422,17,Champion
USR_05551,1,1,0,1,0,0,0,24,7.9,2,3,4,183,18,Champion
USR_05552,1,0,0,0,1,0,1,15,4.23,2,3,3,264,12,Power
USR_05553,0,1,0,1,0,0,0,7,4.95,1,2,2,289,3,Basic
USR_05554,0,0,0,0,0,1,0,12,3.1,2,1,3,475,8,Active
USR_05555,1,0,1,0,0,1,1,4,0.87,3,4,2,31,1,Basic
USR_05556,0,1,0,0,0,0,0,6,1.5,1,1,2,255,3,Basic
USR_05557,1,0,0,0,0,0,0,19,5.67,1,1,3,193,11,Active
USR_05558,0,0,0,0,0,0,0,9,1.96,1,0,3,475,5,Basic
USR_05559,1,0,1,1,0,0,1,17,6.98,2,4,4,476,11,Power
USR_05560,1,0,0,1,0,0,1,18,4.32,2,3,3,281,13,Power
USR_05561,1,1,1,1,0,1,0,15,6.06,3,5,4,277,13,Power
USR_05562,1,0,1,0,0,0,0,11,2.87,1,2,3,147,7,Active
USR_05563,1,0,1,0,0,0,0,17,4.72,1,2,4,465,13,Power
USR_05564,0,0,0,0,0,0,0,5,3.87,1,0,2,131,3,Basic
USR_05565,1,1,1,0,1,0,0,19,5.1,2,4,4,436,13,Power
USR_05566,1,0,1,0,0,1,1,16,5.19,3,4,3,171,11,Power
USR_05567,0,0,0,0,1,0,0,10,5.04,1,1,3,70,5,Active
USR_05568,0,0,0,0,0,1,0,9,4.63,2,1,3,258,7,Active
USR_05569,0,0,0,0,0,0,0,22,8.3,1,0,4,370,17,Power
USR_05570,0,0,1,1,1,0,0,24,7.29,2,3,4,327,16,Power
USR_05571,1,1,1,0,0,0,0,19,4.69,2,3,4,279,14,Power
USR_05572,1,0,1,1,0,0,0,20,7.21,2,3,4,371,13,Power
USR_05573,1,0,0,0,1,1,0,18,5.42,3,3,4,54,12,Power
USR_05574,0,0,0,0,0,0,0,8,4.67,1,0,3,254,5,Basic
USR_05575,1,0,0,0,0,1,0,11,3.37,2,2,3,80,10,Active
USR_05576,0,1,1,0,1,1,1,25,8.7,3,5,4,148,19,Champion
USR_05577,0,1,1,0,0,0,1,18,6.36,2,3,4,435,17,Power
USR_05578,1,1,0,0,0,0,0,21,5.86,1,2,4,147,17,Power
USR_05579,1,0,1,0,0,0,1,19,7.69,2,3,4,57,13,Power
USR_05580,0,1,1,0,1,0,0,9,3.09,2,3,3,407,11,Active
USR_05581,0,0,0,0,0,1,0,10,3.42,2,1,3,12,8,Active
USR_05582,1,0,0,0,0,0,0,16,5.05,1,1,3,55,12,Active
USR_05583,0,0,0,0,0,0,0,7,1.23,1,0,2,242,3,Basic
USR_05584,1,0,1,1,0,0,0,11,2.68,2,3,3,15,7,Active
USR_05585,1,1,0,0,0,1,0,7,1.92,3,3,3,421,4,Active
USR_05586,0,0,0,0,0,0,1,4,2.19,1,1,2,372,6,Basic
USR_05587,1,0,1,1,0,0,0,15,4.84,2,3,3,186,9,Active
USR_05588,0,1,1,0,0,0,0,27,6.71,1,2,4,410,17,Power
USR_05589,1,1,1,0,0,0,1,23,7.11,2,4,4,444,15,Champion
USR_05590,0,0,1,0,1,0,0,13,3.85,1,2,3,274,14,Active
USR_05591,1,1,1,0,1,0,1,12,6.09,2,5,3,71,11,Power
USR_05592,0,0,0,1,0,1,0,7,2.84,2,2,3,370,7,Active
USR_05593,1,1,0,1,0,0,1,17,7.87,2,4,4,89,14,Power
USR_05594,1,1,1,0,0,0,0,15,5.51,2,3,3,103,11,Power
USR_05595,1,0,1,0,1,1,0,22,10.1,3,4,4,118,13,Champion
USR_05596,1,0,1,0,0,0,0,18,11.35,1,2,4,456,12,Power
USR_05597,1,0,0,0,1,1,0,17,5.58,3,3,4,112,14,Power
USR_05598,1,0,1,0,0,1,0,22,5.19,3,3,4,138,13,Power
USR_05599,1,0,0,0,1,0,0,5,3.46,1,2,2,300,3,Basic
USR_05600,0,0,0,0,1,0,0,13,3.78,1,1,3,359,9,Active
USR_05601,1,0,0,1,1,0,1,19,5.29,2,4,4,396,15,Power
USR_05602,0,0,0,1,0,0,0,22,6.51,1,1,4,8,14,Power
USR_05603,1,1,0,0,0,1,1,17,4.71,3,4,4,351,10,Power
USR_05604,0,0,0,0,0,0,1,6,3.6,1,1,2,296,4,Basic
USR_05605,1,1,1,0,0,0,0,17,6.27,2,3,4,162,11,Power
USR_05606,0,0,0,0,1,0,0,4,3.82,1,1,2,39,2,Basic
USR_05607,1,0,1,0,0,0,0,6,2.92,1,2,3,454,6,Basic
USR_05608,1,0,0,0,0,0,0,7,3.28,1,1,3,179,7,Active
USR_05609,0,0,0,0,0,1,1,6,2.61,2,2,2,400,3,Basic
USR_05610,1,1,0,0,1,0,0,15,7.87,2,3,3,308,8,Power
USR_05611,0,0,0,0,1,1,0,15,7.43,2,2,3,273,12,Power
USR_05612,1,0,0,1,0,0,0,7,2.56,1,2,2,447,3,Basic
USR_05613,0,0,0,0,0,1,0,8,3.57,2,1,2,109,3,Basic
USR_05614,0,0,0,1,0,0,0,12,15.98,1,1,3,438,8,Active
USR_05615,1,0,1,0,0,0,0,18,6.28,1,2,4,352,12,Power
USR_05616,0,0,0,0,0,1,0,2,0.68,2,1,2,33,3,Basic
USR_05617,0,0,0,0,0,1,0,13,3.08,2,1,3,312,10,Active
USR_05618,0,1,0,1,1,0,1,26,7.83,2,4,4,359,18,Champion
USR_05619,0,0,0,0,1,0,0,15,3.72,1,1,3,335,8,Active
USR_05620,1,1,1,1,0,0,0,23,7.88,2,4,4,494,16,Champion
USR_05621,1,1,0,0,0,0,0,10,3.4,1,2,3,199,10,Active
USR_05622,1,0,1,1,1,0,0,13,7.93,2,4,3,301,8,Power
USR_05623,1,1,1,0,0,1,0,27,8.35,3,4,4,244,18,Champion
USR_05624,1,0,0,0,0,1,0,14,5.54,2,2,3,492,14,Power
USR_05625,0,1,1,1,0,1,0,18,5.79,3,4,4,180,11,Power
USR_05626,1,1,0,0,0,0,0,14,3.53,1,2,3,130,8,Active
USR_05627,1,0,0,0,1,0,0,3,1.16,1,2,2,473,1,Basic
USR_05628,0,0,0,0,0,0,0,5,2.71,1,0,2,496,6,Basic
USR_05629,1,0,1,0,0,1,0,7,1.83,3,3,2,362,4,Active
USR_05630,1,1,0,0,0,0,0,5,7.05,1,2,2,333,6,Basic
USR_05631,0,0,0,0,0,0,0,4,2.65,1,0,2,226,5,Basic
USR_05632,0,1,1,0,0,0,0,4,6.72,1,2,2,177,5,Basic
USR_05633,1,0,0,0,0,0,0,8,4.15,1,1,3,494,8,Active
USR_05634,1,1,0,0,1,1,0,15,5.49,3,4,3,242,9,Power
USR_05635,1,1,1,0,0,1,0,23,12.37,3,4,4,334,14,Champion
USR_05636,1,0,0,1,0,1,0,24,6.37,3,3,4,31,16,Champion
USR_05637,0,0,0,1,1,0,1,14,3.86,2,3,3,20,8,Active
USR_05638,1,1,1,0,0,0,1,13,2.61,2,4,3,219,7,Active
USR_05639,0,1,0,1,0,1,0,20,5.22,3,3,4,380,15,Power
USR_05640,1,1,0,0,0,0,0,14,7.22,1,2,3,252,10,Active
USR_05641,1,1,1,1,0,1,0,31,10.82,3,5,4,306,20,Champion
USR_05642,1,0,0,1,1,0,0,20,5.7,2,3,4,243,18,Power
USR_05643,0,0,0,0,0,0,0,6,4.72,1,0,2,141,5,Basic
USR_05644,1,0,0,1,0,1,0,22,5.69,3,3,4,340,15,Power
USR_05645,1,1,0,0,0,0,0,13,4.78,1,2,3,274,10,Active
USR_05646,1,1,1,0,0,1,0,28,7.74,3,4,4,497,20,Champion
USR_05647,0,0,1,0,1,0,0,12,3.11,1,2,3,155,8,Active
USR_05648,1,0,0,1,0,0,0,11,10.43,1,2,3,256,6,Active
USR_05649,1,1,0,1,0,0,0,13,3.06,2,3,3,92,8,Active
USR_05650,0,1,1,0,0,0,0,9,2.52,1,2,3,297,7,Active
USR_05651,0,1,1,0,1,0,0,23,6.8,2,3,4,8,13,Power
USR_05652,0,0,0,0,0,0,0,6,1.48,1,0,2,127,3,Basic
USR_05653,0,1,0,0,1,1,0,16,4.45,3,3,3,357,12,Power
USR_05654,0,0,0,0,1,0,0,21,7.49,1,1,4,136,12,Power
USR_05655,0,0,0,0,1,0,0,19,7.09,1,1,4,457,13,Power
USR_05656,0,0,0,0,0,0,0,18,7.06,1,0,3,164,10,Active
USR_05657,0,0,0,0,1,0,1,4,4.7,1,2,2,379,3,Basic
USR_05658,0,0,0,0,0,1,0,13,3.93,2,1,3,263,5,Active
USR_05659,0,1,1,0,0,0,0,26,10.93,1,2,4,229,20,Champion
USR_05660,1,0,1,0,0,0,0,19,5.33,1,2,3,274,13,Power
USR_05661,0,0,1,0,0,0,0,7,2.33,1,1,3,72,5,Basic
USR_05662,0,0,0,0,0,0,1,18,4.62,1,1,4,156,14,Power
USR_05663,1,0,1,0,0,0,1,15,4.36,2,3,3,97,10,Active
USR_05664,0,0,0,0,0,1,0,20,6.43,2,1,4,408,13,Power
USR_05665,1,1,0,0,0,1,0,13,7.93,3,3,3,40,11,Power
USR_05666,0,1,0,0,0,0,0,22,6.98,1,1,4,342,15,Power
USR_05667,1,1,1,0,1,1,0,11,8.55,3,5,3,179,6,Power
USR_05668,1,0,0,0,1,0,0,30,9.71,1,2,4,234,17,Champion
USR_05669,1,1,0,1,1,0,0,13,6.52,2,4,3,380,11,Power
USR_05670,0,0,0,0,0,0,0,5,2.76,1,0,2,204,5,Basic
USR_05671,1,0,0,0,0,0,0,3,2.87,1,1,2,451,2,Basic
USR_05672,1,1,1,1,0,1,1,28,12.96,3,6,4,170,19,Champion
USR_05673,0,0,1,1,1,0,1,15,11.17,2,4,3,176,11,Power
USR_05674,0,1,1,1,0,0,1,18,6.02,2,4,4,41,13,Power
USR_05675,0,1,0,0,0,0,1,12,3.74,1,2,3,366,7,Active
USR_05676,1,0,0,0,0,0,1,17,4.45,1,2,4,477,11,Active
USR_05677,1,0,1,0,0,0,1,15,7.5,2,3,4,361,13,Power
USR_05678,1,0,1,0,0,1,1,19,9.39,3,4,4,470,12,Power
USR_05679,0,1,0,0,0,1,0,18,5.02,2,2,4,217,11,Power
USR_05680,0,0,1,0,0,1,0,12,5.9,2,2,3,355,11,Active
USR_05681,0,0,0,0,0,0,0,18,6.82,1,0,4,408,12,Active
USR_05682,0,0,1,0,0,0,0,19,4.74,1,1,4,137,13,Power
USR_05683,1,0,0,1,0,0,1,17,15.43,2,3,4,393,10,Power
USR_05684,0,0,0,0,0,0,0,12,7.32,1,0,3,192,6,Active
USR_05685,0,0,0,0,0,0,1,14,4.77,1,1,3,299,13,Active
USR_05686,1,0,1,1,0,0,0,13,3.44,2,3,3,129,11,Active
USR_05687,1,0,1,1,0,0,0,15,3.5,2,3,3,429,11,Active
USR_05688,1,0,0,0,0,1,0,18,6.0,2,2,4,12,12,Power
USR_05689,1,0,0,0,0,1,1,13,6.14,3,3,3,215,9,Power
USR_05690,0,0,0,0,1,1,0,9,1.93,2,2,2,438,3,Basic
USR_05691,0,0,0,0,1,1,0,9,2.93,2,2,3,317,7,Active
USR_05692,1,1,0,0,0,1,0,9,6.59,3,3,3,121,8,Active
USR_05693,0,0,0,0,1,0,0,8,2.02,1,1,3,494,4,Basic
USR_05694,0,1,1,0,0,0,1,24,6.58,2,3,4,28,17,Power
USR_05695,1,0,0,0,0,0,0,17,6.06,1,1,3,21,12,Active
USR_05696,0,0,0,0,1,0,0,10,3.73,1,1,3,237,6,Active
USR_05697,1,0,0,0,1,0,0,6,8.61,1,2,2,49,3,Active
USR_05698,1,0,0,0,0,0,0,14,4.53,1,1,3,170,13,Active
USR_05699,0,0,0,0,1,1,0,24,11.01,2,2,4,253,16,Champion
USR_05700,0,1,1,1,0,0,0,22,11.86,2,3,4,259,17,Champion
USR_05701,1,0,0,1,0,0,0,5,1.5,1,2,2,365,4,Basic
USR_05702,0,0,0,0,0,0,1,13,4.22,1,1,3,259,10,Active
USR_05703,0,1,0,0,1,0,0,8,3.06,1,2,3,468,6,Active
USR_05704,0,0,1,0,0,1,0,7,4.7,2,2,3,36,5,Active
USR_05705,0,1,1,0,1,1,1,23,5.93,3,5,4,370,15,Champion
USR_05706,1,0,0,0,0,0,0,22,6.81,1,1,4,452,14,Power
USR_05707,1,0,0,0,0,0,0,8,3.83,1,1,3,33,9,Active
USR_05708,0,1,0,1,0,0,1,6,0.76,2,3,2,184,3,Basic
USR_05709,0,0,1,0,0,1,0,22,4.58,2,2,4,365,12,Power
USR_05710,1,1,0,1,0,0,1,21,5.73,2,4,4,127,11,Power
USR_05711,1,1,0,0,0,0,0,12,4.29,1,2,3,122,8,Active
USR_05712,1,0,0,0,0,1,1,22,6.36,3,3,4,470,17,Champion
USR_05713,0,0,0,0,0,0,0,14,7.11,1,0,3,198,12,Active
USR_05714,0,1,1,0,1,1,0,15,6.75,3,4,4,308,12,Power
USR_05715,1,1,1,0,0,1,0,17,6.01,3,4,4,82,16,Power
USR_05716,0,0,1,0,0,1,1,6,1.96,3,3,2,340,5,Active
USR_05717,1,0,0,0,0,0,1,2,3.6,1,2,2,492,2,Basic
USR_05718,0,0,1,1,1,0,0,17,5.62,2,3,4,60,11,Power
USR_05719,1,0,0,0,0,0,0,13,3.39,1,1,3,452,9,Active
USR_05720,1,0,1,0,0,0,0,17,4.44,1,2,3,189,12,Active
USR_05721,1,1,0,0,1,0,0,22,5.76,2,3,4,62,14,Power
USR_05722,1,1,1,0,0,0,1,21,5.62,2,4,4,451,15,Power
USR_05723,1,0,0,0,0,0,0,6,3.22,1,1,3,264,5,Basic
USR_05724,1,0,1,0,1,0,0,15,5.79,2,3,3,41,7,Active
USR_05725,0,0,0,0,1,0,1,17,4.32,1,2,4,480,11,Active
USR_05726,1,1,1,0,0,0,1,8,16.03,2,4,3,159,9,Power
USR_05727,0,0,0,0,1,1,0,9,9.8,2,2,3,146,6,Active
USR_05728,0,0,0,1,0,0,0,14,6.92,1,1,3,453,7,Active
USR_05729,0,0,1,0,0,0,0,14,4.92,1,1,3,136,8,Active
USR_05730,0,0,0,1,1,0,0,16,7.67,1,2,3,28,10,Active
USR_05731,0,0,0,0,0,0,0,4,1.48,1,0,2,373,5,Basic
USR_05732,1,0,1,0,1,0,0,23,8.25,2,3,4,360,16,Power
USR_05733,1,1,0,0,0,0,0,1,3.83,1,2,2,496,1,Basic
USR_05734,0,0,0,0,0,0,0,6,5.8,1,0,2,351,4,Basic
USR_05735,0,0,1,0,0,0,1,18,4.25,1,2,4,438,12,Power
USR_05736,0,1,0,1,0,1,0,15,4.26,3,3,3,456,10,Power
USR_05737,0,0,0,0,0,0,1,15,5.04,1,1,3,73,9,Active
USR_05738,1,1,0,1,0,0,0,20,5.24,2,3,4,191,14,Power
USR_05739,1,1,0,1,0,0,1,26,6.65,2,4,4,435,16,Champion
USR_05740,0,0,1,0,0,0,0,4,2.44,1,1,2,234,8,Basic
USR_05741,1,1,0,0,1,1,0,24,6.24,3,4,4,422,17,Champion
USR_05742,0,0,0,0,0,0,1,24,9.07,1,1,4,351,20,Power
USR_05743,1,1,1,1,0,1,1,22,5.57,3,6,4,157,14,Champion
USR_05744,0,1,0,0,0,0,1,23,8.16,1,2,4,135,15,Power
USR_05745,0,0,1,0,0,1,0,21,5.23,2,2,4,146,15,Power
USR_05746,0,0,1,0,1,1,1,17,5.31,3,4,4,387,14,Power
USR_05747,1,0,1,0,0,1,0,16,8.48,3,3,4,289,11,Power
USR_05748,1,1,1,0,1,1,1,17,11.28,3,6,3,356,11,Power
USR_05749,1,0,1,0,0,0,0,29,10.69,1,2,4,53,21,Champion
USR_05750,1,0,0,0,0,0,0,0,2.34,1,1,2,149,2,Dormant
USR_05751,1,0,1,0,0,1,0,25,8.08,3,3,4,52,15,Champion
USR_05752,1,1,1,0,0,1,1,12,6.1,3,5,3,93,10,Power
USR_05753,0,0,1,1,0,0,0,4,2.02,1,2,2,156,3,Basic
USR_05754,0,1,0,1,1,0,1,16,7.92,2,4,3,43,11,Power
USR_05755,1,0,0,0,0,0,0,22,5.6,1,1,4,244,13,Power
USR_05756,1,0,1,1,0,0,1,20,7.55,2,4,4,268,14,Power
USR_05757,1,0,0,0,0,0,1,3,2.84,1,2,2,264,4,Basic
USR_05758,1,0,0,0,0,0,1,20,10.71,1,2,4,83,16,Power
USR_05759,0,0,0,1,0,0,0,18,3.89,1,1,3,447,11,Active
USR_05760,0,0,0,0,1,1,1,11,3.97,3,3,3,289,7,Active
USR_05761,1,1,0,1,1,0,1,27,18.98,2,5,4,482,17,Champion
USR_05762,1,1,0,1,0,1,1,27,7.59,3,5,4,474,17,Champion
USR_05763,1,0,0,0,0,1,0,22,9.42,2,2,4,198,15,Power
USR_05764,1,1,0,0,0,0,0,10,2.04,1,2,3,177,6,Active
USR_05765,1,0,0,0,0,1,0,11,1.81,2,2,2,340,6,Active
USR_05766,0,0,0,0,1,0,1,9,3.12,1,2,2,400,3,Basic
USR_05767,1,0,0,0,0,1,0,17,4.71,2,2,4,416,12,Power
USR_05768,0,0,0,0,0,0,1,18,4.96,1,1,3,237,10,Active
USR_05769,0,0,0,0,0,0,0,11,3.61,1,0,3,146,8,Active
USR_05770,1,0,1,0,0,1,0,17,4.26,3,3,4,129,14,Power
USR_05771,1,0,1,1,1,1,0,16,6.81,3,5,4,471,10,Power
USR_05772,1,1,0,0,1,0,1,14,8.92,2,4,3,445,13,Power
USR_05773,1,1,0,0,0,0,1,17,4.91,2,3,4,399,12,Power
USR_05774,0,0,1,0,0,1,1,12,8.45,3,3,3,427,8,Power
USR_05775,1,0,0,0,0,0,0,10,3.75,1,1,3,276,6,Active
USR_05776,1,0,1,0,1,0,0,3,2.8,2,3,2,344,3,Basic
USR_05777,0,0,1,0,1,1,0,13,4.2,3,3,3,487,11,Active
USR_05778,0,1,1,0,1,0,1,11,6.3,2,4,3,263,9,Active
USR_05779,1,0,0,0,0,0,0,10,6.43,1,1,3,167,7,Active
USR_05780,1,0,0,0,1,0,0,14,6.86,1,2,3,364,9,Active
USR_05781,1,0,1,0,1,0,0,18,4.29,2,3,4,336,12,Power
USR_05782,0,0,0,1,1,0,0,21,10.78,1,2,4,258,15,Power
USR_05783,1,0,0,0,0,0,1,13,3.13,1,2,3,59,10,Active
USR_05784,1,0,0,0,0,0,0,12,4.5,1,1,3,123,8,Active
USR_05785,0,0,1,0,1,0,0,16,8.94,1,2,3,154,11,Active
USR_05786,1,0,1,1,0,1,0,8,1.73,3,4,2,462,3,Active
USR_05787,1,1,1,0,1,0,1,15,4.77,2,5,3,415,9,Power
USR_05788,0,0,0,0,0,0,0,9,3.62,1,0,3,20,8,Active
USR_05789,1,1,0,0,1,0,0,19,5.13,2,3,4,371,13,Power
USR_05790,1,0,1,0,0,0,0,21,7.09,1,2,4,332,16,Power
USR_05791,1,1,0,0,0,1,0,9,2.56,3,3,3,454,6,Active
USR_05792,0,0,0,0,1,0,0,7,4.81,1,1,3,403,5,Active
USR_05793,1,1,0,0,1,1,1,27,7.41,3,5,4,134,19,Champion
USR_05794,1,0,0,0,1,0,1,19,5.33,2,3,4,365,12,Power
USR_05795,1,1,0,0,1,0,1,22,6.97,2,4,4,266,17,Champion
USR_05796,0,1,0,0,1,1,0,18,5.07,3,3,4,345,10,Power
USR_05797,0,0,0,0,1,0,0,14,6.08,1,1,3,160,8,Active
USR_05798,1,0,1,0,0,0,0,11,3.52,1,2,3,250,7,Active
USR_05799,0,0,1,0,1,1,1,17,14.58,3,4,4,283,13,Champion
USR_05800,0,0,1,0,0,1,0,10,4.13,2,2,3,329,9,Active
USR_05801,1,0,1,0,1,0,0,19,6.66,2,3,4,54,12,Power
USR_05802,1,0,0,0,0,0,0,9,1.21,1,1,2,354,5,Basic
USR_05803,0,1,0,0,0,0,0,5,1.63,1,1,2,223,4,Basic
USR_05804,1,1,1,0,0,0,0,18,9.24,2,3,4,259,12,Power
USR_05805,0,1,0,0,0,0,0,25,6.56,1,1,4,77,13,Power
USR_05806,0,0,0,0,0,0,0,2,1.23,1,0,2,328,4,Basic
USR_05807,1,1,1,1,1,0,0,12,4.59,2,5,3,477,10,Power
USR_05808,1,0,0,1,0,0,0,10,5.4,1,2,3,417,7,Active
USR_05809,0,1,1,0,0,0,0,5,4.01,1,2,2,99,3,Basic
USR_05810,1,1,1,0,1,0,0,19,6.27,2,4,4,451,13,Power
USR_05811,1,1,0,0,0,0,0,4,1.27,1,2,2,28,3,Basic
USR_05812,0,0,0,0,1,1,0,3,1.09,2,2,2,495,3,Basic
USR_05813,0,0,0,0,0,0,0,18,8.99,1,0,4,227,12,Power
USR_05814,1,0,1,0,1,0,1,22,6.35,2,4,4,330,14,Power
USR_05815,0,0,0,0,1,0,0,2,1.42,1,1,2,427,0,Dormant
USR_05816,0,0,1,1,0,0,0,8,3.72,1,2,3,458,9,Active
USR_05817,1,1,1,0,0,1,0,20,5.19,3,4,4,203,15,Power
USR_05818,0,0,0,0,0,1,0,10,7.09,2,1,3,285,7,Active
USR_05819,1,1,0,0,0,1,1,15,7.28,3,4,3,89,11,Power
USR_05820,0,1,1,0,0,0,1,18,8.73,2,3,4,216,13,Power
USR_05821,1,0,0,0,0,0,0,16,7.32,1,1,3,454,12,Active
USR_05822,1,0,1,0,0,1,1,12,8.59,3,4,3,373,8,Power
USR_05823,1,0,0,0,0,1,0,17,4.42,2,2,4,84,11,Power
USR_05824,0,0,0,0,0,0,0,1,1.09,1,0,2,15,4,Dormant
USR_05825,1,0,1,0,0,0,0,8,2.4,1,2,3,62,7,Active
USR_05826,0,0,1,0,1,1,0,10,8.74,3,3,3,135,6,Active
USR_05827,0,0,0,0,1,0,0,16,6.56,1,1,3,419,6,Active
USR_05828,1,1,0,0,0,0,1,9,3.6,2,3,3,53,8,Active
USR_05829,1,1,0,0,0,1,0,16,5.27,3,3,4,36,11,Power
USR_05830,1,1,0,0,0,0,0,16,10.0,1,2,4,440,13,Power
USR_05831,1,0,0,1,0,0,1,12,4.0,2,3,3,234,7,Active
USR_05832,0,0,0,0,1,1,0,9,4.03,2,2,2,436,5,Active
USR_05833,1,0,0,1,1,0,1,12,4.93,2,4,3,188,9,Active
USR_05834,0,1,0,0,0,1,1,4,2.02,3,3,2,19,3,Active
USR_05835,0,0,0,1,0,0,0,13,2.96,1,1,3,435,7,Active
USR_05836,0,1,1,0,0,1,0,27,8.27,3,3,4,32,17,Champion
USR_05837,1,0,0,1,1,1,1,19,5.25,3,5,4,41,13,Power
USR_05838,0,1,0,0,0,0,0,17,4.18,1,1,3,17,10,Active
USR_05839,1,0,0,0,0,1,0,6,6.74,2,2,2,437,6,Active
USR_05840,1,1,0,0,0,0,0,18,4.35,1,2,4,59,12,Power
USR_05841,0,0,0,1,0,1,1,19,5.67,3,3,4,469,11,Power
USR_05842,0,0,0,0,0,0,0,7,2.2,1,0,2,169,4,Basic
USR_05843,0,1,0,0,0,0,0,12,3.72,1,1,3,25,13,Active
USR_05844,0,1,1,0,0,0,0,6,2.89,1,2,2,156,4,Basic
USR_05845,0,0,0,0,0,0,0,20,5.29,1,0,4,145,12,Active
USR_05846,0,1,0,0,0,0,0,12,4.95,1,1,3,374,8,Active
USR_05847,1,0,1,0,0,0,0,14,5.31,1,2,3,339,9,Active
USR_05848,1,0,1,0,0,0,0,12,2.38,1,2,3,265,5,Active
USR_05849,0,0,0,0,0,0,0,1,1.36,1,0,2,451,5,Basic
USR_05850,0,1,1,0,0,0,0,9,4.52,1,2,3,478,7,Active
USR_05851,1,1,1,1,0,0,1,23,8.2,2,5,4,326,16,Champion
USR_05852,1,0,0,0,0,0,0,18,10.29,1,1,4,459,10,Power
USR_05853,1,0,1,1,0,0,0,25,8.02,2,3,4,436,16,Champion
USR_05854,1,0,1,0,0,0,0,8,4.35,1,2,3,336,5,Active
USR_05855,1,1,1,0,1,1,0,23,8.86,3,5,4,227,15,Champion
USR_05856,0,1,0,0,1,0,0,5,2.99,1,2,2,309,3,Basic
USR_05857,0,0,1,0,0,0,0,8,3.8,1,1,2,304,2,Basic
USR_05858,0,1,1,0,1,1,0,19,8.23,3,4,4,456,12,Power
USR_05859,0,0,1,1,0,1,0,9,6.38,3,3,3,139,8,Active
USR_05860,0,0,1,0,0,0,0,12,3.97,1,1,3,57,10,Active
USR_05861,1,0,0,0,0,0,0,6,1.2,1,1,2,100,4,Basic
USR_05862,1,0,0,0,0,1,1,8,5.15,3,3,3,24,7,Active
USR_05863,1,0,0,0,0,0,1,16,8.84,1,2,4,450,12,Power
USR_05864,1,1,1,1,0,1,1,14,2.82,3,6,3,176,9,Power
USR_05865,1,0,1,1,1,0,1,20,5.69,2,5,4,270,14,Power
USR_05866,1,1,0,1,0,1,0,8,1.94,3,4,3,174,6,Active
USR_05867,1,0,0,0,0,0,1,5,4.0,1,2,2,349,3,Basic
USR_05868,1,1,1,0,0,0,1,23,8.89,2,4,4,34,18,Champion
USR_05869,0,0,0,1,0,1,0,4,10.06,2,2,2,457,3,Active
USR_05870,0,1,1,1,0,0,0,21,7.75,2,3,4,431,14,Power
USR_05871,1,1,0,1,1,0,0,18,5.95,2,4,4,65,12,Power
USR_05872,0,0,0,0,0,0,0,1,9.43,1,0,2,113,1,Basic
USR_05873,1,0,0,0,0,1,0,14,5.19,2,2,3,275,12,Active
USR_05874,1,0,0,0,0,1,0,13,5.59,2,2,3,240,10,Active
USR_05875,1,0,0,0,0,0,1,8,2.81,1,2,3,22,7,Active
USR_05876,1,1,0,0,0,1,0,7,0.67,3,3,2,205,6,Active
USR_05877,1,1,0,0,0,1,1,20,6.03,3,4,4,283,16,Power
USR_05878,1,0,0,0,1,1,0,4,2.19,3,3,2,107,3,Active
USR_05879,0,1,0,0,0,0,0,6,3.27,1,1,2,358,2,Basic
USR_05880,0,1,0,0,0,1,0,8,3.94,2,2,3,372,5,Active
USR_05881,0,0,0,0,0,0,1,11,3.29,1,1,3,361,6,Active
USR_05882,0,0,0,0,1,0,1,15,10.9,1,2,4,10,13,Power
USR_05883,0,1,0,0,0,1,0,9,1.91,2,2,3,181,5,Active
USR_05884,0,0,0,1,1,1,0,22,14.12,3,3,4,171,14,Champion
USR_05885,1,0,0,0,0,1,0,3,2.38,2,2,2,86,6,Basic
USR_05886,0,0,0,0,0,0,0,14,7.2,1,0,3,346,10,Active
USR_05887,0,0,0,0,0,0,0,3,2.71,1,0,2,243,4,Basic
USR_05888,1,0,1,1,1,1,0,13,4.12,3,5,3,348,9,Power
USR_05889,0,0,0,0,0,0,0,10,2.09,1,0,3,61,5,Basic
USR_05890,1,0,0,1,0,0,0,17,4.98,1,2,4,332,13,Power
USR_05891,1,0,0,1,0,1,0,7,6.0,3,3,3,215,6,Active
USR_05892,0,0,0,1,1,0,1,5,1.49,2,3,2,102,6,Basic
USR_05893,1,0,0,0,1,0,0,13,7.26,1,2,3,242,12,Active
USR_05894,0,0,1,0,0,0,0,10,3.08,1,1,3,262,7,Active
USR_05895,1,0,1,0,1,0,1,11,3.2,2,4,3,187,11,Active
USR_05896,1,0,0,1,0,1,0,21,4.6,3,3,4,271,13,Power
USR_05897,0,0,1,0,1,0,1,12,4.14,2,3,3,196,6,Active
USR_05898,1,0,0,0,0,1,1,20,7.28,3,3,4,129,13,Power
USR_05899,1,1,1,1,1,0,0,16,7.56,2,5,4,410,12,Power
USR_05900,0,1,0,0,1,1,0,24,12.31,3,3,4,313,15,Champion
USR_05901,1,0,0,0,0,0,0,14,4.96,1,1,3,463,8,Active
USR_05902,0,0,0,0,0,0,0,16,5.22,1,0,3,311,9,Active
USR_05903,1,1,0,0,1,0,1,24,5.87,2,4,4,196,14,Power
USR_05904,1,0,1,0,0,1,0,23,8.37,3,3,4,174,18,Champion
USR_05905,1,0,1,0,0,0,0,9,2.29,1,2,3,29,5,Active
USR_05906,1,0,0,0,1,0,0,14,3.15,1,2,3,437,7,Active
USR_05907,1,0,1,0,1,0,0,11,4.81,2,3,3,194,7,Active
USR_05908,1,0,0,1,0,0,0,14,6.62,1,2,3,169,9,Active
USR_05909,0,0,1,0,1,1,0,10,6.08,3,3,3,43,7,Active
USR_05910,1,1,0,0,0,0,0,11,5.34,1,2,3,350,8,Active
USR_05911,1,0,0,0,0,0,0,16,2.71,1,1,3,164,7,Active
USR_05912,0,1,1,1,0,0,0,19,6.14,2,3,4,318,14,Power
USR_05913,1,0,0,0,0,0,0,6,2.97,1,1,2,290,8,Basic
USR_05914,0,0,0,0,0,0,1,7,2.37,1,1,2,394,4,Basic
USR_05915,0,0,0,0,0,0,0,4,8.0,1,0,2,23,3,Basic
USR_05916,0,0,0,0,0,0,0,15,3.69,1,0,3,84,9,Active
USR_05917,1,1,0,1,1,0,0,10,2.85,2,4,3,258,10,Active
USR_05918,0,0,0,1,0,0,0,5,1.17,1,1,2,453,3,Basic
USR_05919,0,0,0,0,0,1,0,5,4.33,2,1,2,494,4,Basic
USR_05920,1,1,1,0,1,0,0,28,7.61,2,4,4,86,17,Champion
USR_05921,0,1,1,0,0,0,0,8,2.25,1,2,3,495,6,Active
USR_05922,1,0,0,0,1,1,1,26,9.59,3,4,4,83,17,Champion
USR_05923,0,0,0,0,1,0,0,10,2.99,1,1,3,397,6,Active
USR_05924,0,0,0,0,0,0,0,9,3.55,1,0,3,454,5,Basic
USR_05925,0,1,0,1,0,0,1,19,7.94,2,3,4,429,13,Power
USR_05926,0,1,1,0,0,1,0,10,2.5,3,3,3,198,6,Active
USR_05927,1,1,1,0,0,1,1,15,6.13,3,5,4,441,13,Power
USR_05928,1,0,0,0,0,0,1,16,4.88,1,2,4,356,14,Power
USR_05929,0,1,1,1,1,0,0,15,4.09,2,4,3,29,10,Power
USR_05930,1,0,0,0,0,0,0,11,1.91,1,1,3,119,6,Basic
USR_05931,1,1,1,1,0,0,0,16,5.89,2,4,4,273,12,Power
USR_05932,1,0,1,0,1,0,1,25,7.02,2,4,4,63,19,Champion
USR_05933,0,0,0,1,0,1,0,11,4.01,2,2,3,217,9,Active
USR_05934,0,1,0,0,0,0,0,21,5.28,1,1,4,118,11,Power
USR_05935,0,1,0,0,0,0,0,4,4.12,1,1,2,326,4,Basic
USR_05936,1,0,0,0,0,0,0,10,2.29,1,1,3,495,6,Active
USR_05937,0,0,0,0,1,0,0,9,2.59,1,1,3,262,10,Active
USR_05938,1,0,0,0,0,0,1,11,4.94,1,2,3,378,8,Active
USR_05939,1,1,0,0,1,1,0,21,9.15,3,4,4,461,15,Champion
USR_05940,1,0,0,0,0,0,0,11,4.37,1,1,3,461,7,Active
USR_05941,1,0,0,1,1,0,1,24,6.44,2,4,4,157,19,Champion
USR_05942,0,1,0,1,0,0,1,13,9.46,2,3,3,470,7,Active
USR_05943,1,0,1,1,0,0,1,12,3.79,2,4,3,325,7,Active
USR_05944,1,0,0,1,1,0,1,22,7.04,2,4,4,180,15,Power
USR_05945,1,0,0,0,1,0,0,5,1.78,1,2,2,57,1,Basic
USR_05946,1,0,0,0,1,0,0,4,2.31,1,2,2,279,1,Basic
USR_05947,1,0,0,0,1,1,1,16,5.3,3,4,3,309,13,Power
USR_05948,0,0,1,0,0,1,1,11,5.04,3,3,3,438,8,Active
USR_05949,1,0,1,1,0,1,1,14,3.87,3,5,3,449,10,Power
USR_05950,1,1,0,1,0,0,0,13,6.01,2,3,3,242,9,Active
USR_05951,0,0,0,0,0,0,1,8,3.23,1,1,3,235,11,Active
USR_05952,1,1,1,0,0,0,0,17,5.08,2,3,4,367,11,Power
USR_05953,1,1,0,0,1,0,0,5,2.65,2,3,2,309,4,Basic
USR_05954,0,0,1,0,0,0,1,11,6.26,1,2,3,257,7,Active
USR_05955,1,0,0,0,1,0,1,22,10.22,2,3,4,195,15,Champion
USR_05956,0,1,0,0,0,1,0,10,8.95,2,2,3,355,5,Active
USR_05957,1,0,0,0,0,0,0,1,2.07,1,1,2,84,2,Basic
USR_05958,1,1,1,0,1,1,0,23,10.76,3,5,4,27,14,Champion
USR_05959,0,0,0,1,0,0,0,8,6.99,1,1,3,65,7,Active
USR_05960,1,0,1,0,1,0,0,11,4.66,2,3,3,97,8,Active
USR_05961,1,0,0,0,0,0,0,17,6.58,1,1,4,22,13,Power
USR_05962,1,1,0,1,1,1,0,14,4.66,3,5,3,263,12,Power
USR_05963,1,0,1,0,0,1,0,10,4.51,3,3,3,463,8,Active
USR_05964,1,1,0,0,1,0,0,19,5.83,2,3,4,193,12,Power
USR_05965,1,0,0,0,1,1,0,6,2.27,3,3,3,441,6,Active
USR_05966,0,0,0,0,0,0,1,4,4.54,1,1,2,160,3,Basic
USR_05967,1,1,1,0,1,0,0,17,5.36,2,4,4,361,12,Power
USR_05968,1,0,0,0,1,1,0,4,0.78,3,3,2,100,2,Basic
USR_05969,0,1,1,1,0,0,1,18,8.18,2,4,4,171,12,Power
USR_05970,1,1,1,0,0,0,1,12,9.52,2,4,3,363,8,Power
USR_05971,0,0,0,0,0,0,0,7,1.82,1,0,2,443,6,Basic
USR_05972,0,1,0,0,1,0,0,8,2.02,1,2,2,44,4,Basic
USR_05973,1,0,0,0,1,1,0,18,5.27,3,3,4,215,13,Power
USR_05974,0,0,0,0,0,0,0,12,3.41,1,0,3,49,7,Active
USR_05975,1,1,0,0,0,0,0,11,4.78,1,2,3,152,10,Active
USR_05976,1,1,1,1,0,0,0,9,2.41,2,4,3,127,8,Active
USR_05977,1,0,0,0,0,0,1,17,3.92,1,2,3,379,12,Active
USR_05978,0,0,0,0,1,0,1,15,4.23,1,2,4,440,11,Active
USR_05979,0,0,0,1,0,1,0,17,12.11,2,2,4,366,13,Power
USR_05980,0,0,0,0,0,0,1,17,8.44,1,1,4,224,12,Power
USR_05981,0,1,0,0,0,1,0,8,2.49,2,2,2,115,4,Basic
USR_05982,1,0,0,0,0,0,0,15,3.7,1,1,3,351,9,Active
USR_05983,1,0,0,1,0,1,1,18,5.58,3,4,3,142,10,Power
USR_05984,0,0,1,0,0,0,0,8,2.27,1,1,2,238,4,Basic
USR_05985,1,0,1,0,1,0,1,17,6.32,2,4,4,208,12,Power
USR_05986,0,0,0,0,1,0,0,8,2.15,1,1,3,157,4,Basic
USR_05987,1,0,0,0,0,0,0,9,2.27,1,1,3,101,4,Basic
USR_05988,1,1,0,0,0,1,0,9,3.05,3,3,3,328,7,Active
USR_05989,1,1,0,0,1,0,0,22,7.9,2,3,4,318,19,Champion
USR_05990,1,1,0,1,1,0,1,17,4.46,2,5,4,454,12,Power
USR_05991,1,1,1,0,0,0,1,19,5.45,2,4,4,455,15,Power
USR_05992,1,0,0,1,0,0,0,11,4.25,1,2,3,114,9,Active
USR_05993,1,1,0,0,0,0,0,10,3.49,1,2,3,416,8,Active
USR_05994,0,0,0,1,0,1,0,3,1.9,2,2,2,386,2,Basic
USR_05995,0,0,0,0,1,1,0,15,4.23,2,2,3,420,9,Active
USR_05996,0,1,0,0,1,0,0,7,2.75,1,2,3,37,5,Basic
USR_05997,0,0,0,0,0,0,0,6,2.4,1,0,2,313,3,Basic
USR_05998,1,1,0,1,1,1,0,12,3.62,3,5,3,58,8,Power
USR_05999,0,0,0,0,0,0,0,8,6.66,1,0,3,337,6,Active
