user_id,tx_count_30d,tx_count_trend,days_since_last_tx,voucher_redemption_count_30d,days_since_last_redemption,avg_tx_amount_30d,notification_read_rate,wallet_balance_trend,login_frequency_30d,session_count_30d,unique_merchants_30d,has_savings_goal,has_active_autopay,account_age_days,region_encoded,is_churned
USR_00000,14,0.9333,25,1,5,324.59,0.316,-0.1492,12,15,4,0,1,134,7,0
USR_00001,6,0.4615,29,0,53,1828.1,0.5534,0.41,5,6,2,0,0,935,2,0
USR_00002,19,0.9048,10,2,9,712.63,0.7728,-0.3796,16,18,6,1,0,795,10,0
USR_00003,7,0.6364,14,0,123,392.84,0.5871,0.1298,6,7,2,0,0,543,1,0
USR_00004,9,0.4737,15,1,40,131.09,0.4933,-0.0196,8,12,3,0,1,536,4,0
USR_00005,12,0.5455,22,1,11,1690.8,0.6113,-0.2055,10,10,4,0,1,1034,1,0
USR_00006,6,0.8571,24,0,169,505.67,0.6666,-0.0316,5,9,2,1,0,130,4,0
USR_00007,16,0.6957,16,2,40,539.45,0.6656,0.1199,14,15,5,1,1,845,0,0
USR_00008,17,0.85,16,2,22,979.51,0.5238,-0.4573,14,18,5,0,0,265,0,0
USR_00009,20,0.7692,3,2,44,327.81,0.8181,0.0504,17,21,6,0,0,140,5,0
USR_00010,12,0.5,5,1,13,197.45,0.8216,0.0057,10,13,4,1,0,645,1,0
USR_00011,15,0.7143,19,2,7,776.2,0.7757,0.2432,12,12,5,1,0,1171,0,0
USR_00012,19,0.7037,13,2,38,315.82,0.3649,0.1291,16,18,6,1,0,890,12,0
USR_00013,5,1.0,4,0,108,625.5,0.7013,0.493,4,4,1,0,0,920,0,0
USR_00014,25,0.7812,3,3,33,332.85,0.8017,0.3326,20,22,8,1,0,869,5,0
USR_00015,11,0.5,19,1,7,224.22,0.5844,-0.0673,9,9,3,0,0,949,4,0
USR_00016,22,0.7097,26,2,38,178.91,0.3717,0.4203,18,19,7,0,0,630,1,0
USR_00017,3,0.1765,7,0,55,721.12,0.9194,0.0605,3,6,1,1,0,179,3,0
USR_00018,15,0.5769,16,2,6,1599.11,0.6926,0.3202,13,17,5,0,0,1012,0,0
USR_00019,19,0.95,7,2,39,1454.44,0.9827,-0.0202,16,20,6,1,0,556,7,0
USR_00020,9,1.0,24,1,12,678.5,0.6673,0.1149,8,8,3,1,1,615,1,0
USR_00021,3,0.4286,20,0,80,2079.34,0.6968,-0.5293,3,4,1,1,0,463,1,0
USR_00022,3,0.2,10,0,49,433.32,0.7058,0.0625,2,6,1,0,0,243,2,0
USR_00023,6,0.3333,13,0,116,1280.57,0.0715,0.179,5,7,2,0,1,1114,12,0
USR_00024,14,0.5833,16,1,11,448.68,0.4016,0.1814,12,16,4,0,0,944,9,0
USR_00025,23,0.697,24,3,43,372.14,0.7066,-0.5138,19,19,7,1,1,783,12,0
USR_00026,6,0.375,14,0,59,1271.18,0.3434,-0.1123,5,8,2,1,1,500,6,0
USR_00027,1,0.2,20,0,45,940.21,0.7437,-0.2389,1,2,0,0,0,992,6,0
USR_00028,10,0.5,14,1,12,1100.64,0.4054,-0.0136,8,10,3,0,0,668,4,0
USR_00029,7,0.4375,8,0,97,202.19,0.1807,-0.6456,6,8,2,1,1,548,12,0
USR_00030,4,0.8,18,0,63,1515.05,0.2301,-0.2201,3,7,1,0,1,557,4,0
USR_00031,4,0.2353,23,0,123,1143.36,0.7368,0.0227,4,8,1,1,0,295,2,0
USR_00032,21,0.6562,29,2,36,481.9,0.7595,-0.14,18,18,7,0,0,137,6,0
USR_00033,5,0.625,1,0,100,1060.37,0.8832,0.5057,4,8,1,0,0,678,4,0
USR_00034,21,0.84,29,2,29,1598.71,0.828,-0.1115,17,21,7,1,0,1068,0,0
USR_00035,9,0.4737,22,1,16,369.17,0.863,-0.0225,8,11,3,0,0,104,3,0
USR_00036,15,0.8333,8,2,10,371.11,0.2669,-0.5133,13,14,5,1,1,1034,2,0
USR_00037,8,0.4,11,1,2,528.05,0.7981,-0.3019,6,8,2,1,0,998,10,0
USR_00038,17,0.7083,20,2,25,112.49,0.7153,0.2512,14,18,5,0,1,353,3,0
USR_00039,6,0.8571,9,0,143,866.17,0.8465,-0.1806,5,8,2,0,0,769,10,0
USR_00040,12,0.5455,10,1,10,1378.38,0.3309,-0.0359,10,11,4,0,1,223,3,0
USR_00041,6,0.3,15,0,111,1049.48,0.8882,-0.1648,5,7,2,1,1,916,8,0
USR_00042,8,0.6667,20,1,2,975.94,0.6798,0.2043,7,11,2,1,0,849,0,0
USR_00043,12,0.4615,27,1,24,1508.38,0.8451,-0.3614,10,11,4,0,0,444,12,0
USR_00044,21,0.6774,25,2,42,613.89,0.6147,-0.1786,18,19,7,1,0,109,4,0
USR_00045,10,0.5,7,1,29,189.18,0.9631,0.1265,8,10,3,1,1,1165,1,0
USR_00046,11,0.6875,5,1,3,737.71,0.6552,-0.1003,9,13,3,0,0,551,1,0
USR_00047,14,0.6667,29,1,20,1883.93,0.2611,-0.5835,12,12,4,1,0,1074,1,0
USR_00048,7,0.7,28,0,190,888.01,0.6328,-0.0275,5,9,2,0,0,823,2,0
USR_00049,13,0.5909,17,1,7,493.96,0.3771,-0.5114,11,15,4,0,0,940,7,0
USR_00050,12,0.5,20,1,11,1245.54,0.8091,-0.0216,10,13,4,0,0,919,12,0
USR_00051,17,0.6538,7,2,36,905.87,0.6064,0.2492,14,16,5,0,0,257,6,0
USR_00052,7,0.35,18,1,30,559.68,0.395,-0.1852,6,10,2,1,0,455,4,0
USR_00053,9,0.8182,20,1,7,731.62,0.9677,0.298,8,10,3,0,0,576,3,0
USR_00054,19,0.6786,8,2,0,515.99,0.4504,0.1944,16,17,6,0,0,612,10,0
USR_00055,21,0.84,22,2,5,1087.75,0.7576,0.2418,18,20,7,0,0,81,10,0
USR_00056,5,0.3846,11,0,102,323.79,0.2421,-0.5118,4,8,1,0,0,669,2,0
USR_00057,13,0.9286,15,1,14,866.07,0.8077,-0.091,11,15,4,0,0,210,13,0
USR_00058,24,0.8276,1,3,7,1333.3,0.3813,0.1829,20,22,8,1,1,899,3,0
USR_00059,21,0.8077,3,2,2,804.59,0.5774,-0.173,17,17,7,0,0,829,9,0
USR_00060,14,0.6667,18,1,4,811.93,0.8973,-0.5439,12,14,4,1,0,1109,13,0
USR_00061,11,0.5,24,1,15,703.46,0.7022,0.2914,9,11,3,1,1,901,7,0
USR_00062,12,0.6,17,1,10,1020.12,0.7325,0.2625,10,14,4,1,0,458,0,0
USR_00063,1,0.0714,24,0,171,498.99,0.6363,0.3945,1,2,0,1,0,1161,5,0
USR_00064,5,0.5556,24,0,125,599.19,0.7507,-0.5811,4,7,1,0,1,510,0,0
USR_00065,18,0.7826,22,2,35,323.5,0.3303,-0.0744,15,16,6,0,1,411,9,0
USR_00066,7,0.5,24,1,32,535.97,0.7491,-0.1436,6,7,2,0,0,1089,2,0
USR_00067,9,0.5,22,1,20,133.8,0.4464,-0.3118,8,12,3,1,0,463,7,0
USR_00068,7,0.3684,24,0,30,680.5,0.785,0.0369,6,9,2,1,1,119,12,0
USR_00069,4,0.3333,11,0,115,1088.77,0.6718,0.0803,3,6,1,0,0,579,1,0
USR_00070,5,0.2632,11,0,100,630.43,0.7542,-0.098,4,8,1,0,0,960,3,0
USR_00071,12,0.6316,14,1,43,1389.87,0.3296,0.4799,10,13,4,1,1,251,6,0
USR_00072,14,0.6667,16,1,33,1935.85,0.7342,-0.6118,11,14,4,0,1,571,3,0
USR_00073,5,0.3333,19,0,187,656.64,0.6152,0.1172,4,4,1,0,0,182,0,0
USR_00074,7,0.7778,16,1,37,299.71,0.5401,-0.4056,6,9,2,0,0,833,0,0
USR_00075,6,0.75,4,0,36,1592.68,0.4115,0.0216,5,8,2,0,1,586,3,0
USR_00076,6,0.5455,11,0,171,1354.75,0.5121,0.1203,5,5,2,1,0,416,6,0
USR_00077,9,0.9,18,1,27,952.57,0.5319,0.3852,7,8,3,0,0,295,5,0
USR_00078,16,0.7273,0,2,39,437.22,0.5793,-0.0978,13,15,5,1,1,690,0,0
USR_00079,12,0.7059,3,1,42,899.96,0.5576,0.0383,10,13,4,0,0,813,3,0
USR_00080,9,0.5,28,1,5,518.45,0.7993,-0.6869,7,8,3,0,1,1130,2,0
USR_00081,11,0.44,25,1,41,369.83,0.7903,0.3348,9,11,3,0,0,541,2,0
USR_00082,18,0.6923,17,2,24,886.54,0.8988,0.1682,15,17,6,1,1,218,7,0
USR_00083,12,0.4615,3,1,17,305.35,0.8779,0.0391,10,11,4,0,0,1004,2,0
USR_00084,15,0.625,7,2,43,1217.68,0.2966,0.0402,13,16,5,0,0,766,4,0
USR_00085,7,0.4375,23,0,109,833.18,0.4857,-0.2057,6,8,2,0,0,849,12,0
USR_00086,3,0.2,21,0,47,608.39,0.3233,-0.1456,2,6,1,1,1,143,4,0
USR_00087,1,0.1111,6,0,38,643.37,0.4511,-0.2268,1,3,0,0,1,395,5,0
USR_00088,7,0.3333,1,0,152,281.88,0.2935,-0.2735,5,8,2,0,0,928,0,0
USR_00089,13,0.5909,27,1,32,295.74,0.635,0.0482,11,13,4,0,0,1003,0,0
USR_00090,11,0.6875,21,1,15,2660.5,0.29,0.4193,9,10,3,1,1,539,0,0
USR_00091,3,0.3333,19,0,89,589.5,0.71,-0.1453,2,6,1,0,1,971,8,0
USR_00092,5,0.3571,26,0,166,212.9,0.3676,0.0349,4,5,1,1,0,1014,10,0
USR_00093,15,0.7895,12,2,20,1386.89,0.6469,-0.0581,13,15,5,0,0,483,1,0
USR_00094,10,0.5,3,1,23,293.11,0.706,-0.0619,8,10,3,0,0,1080,1,0
USR_00095,14,1.0,1,1,2,1054.99,0.6842,-0.0904,12,16,4,1,0,367,2,0
USR_00096,25,0.7143,29,3,4,2163.21,0.4252,0.4691,20,20,8,0,0,310,5,0
USR_00097,12,1.0,18,1,32,559.09,0.3185,-0.0323,10,12,4,1,0,828,5,0
USR_00098,8,0.8,22,1,17,1679.41,0.8398,0.2682,7,9,2,1,0,775,6,0
USR_00099,10,0.4167,11,1,42,1196.4,0.508,-0.0167,8,12,3,0,0,193,12,0
USR_00100,11,0.4783,3,1,19,2341.69,0.6922,0.5154,9,11,3,0,1,1004,2,0
USR_00101,14,0.56,23,1,39,1059.42,0.6328,0.3864,11,13,4,1,1,263,6,0
USR_00102,12,0.48,23,1,32,435.75,0.4662,0.2397,10,12,4,0,0,971,4,0
USR_00103,24,0.7059,23,3,1,125.66,0.871,0.2148,20,22,8,1,1,38,2,0
USR_00104,9,0.9,15,1,15,352.96,0.4254,0.1888,7,7,3,0,1,962,12,0
USR_00105,26,0.6842,20,3,39,445.06,0.4304,-0.1455,22,23,8,1,0,950,0,0
USR_00106,12,0.8,9,1,35,1471.64,0.4571,0.0739,10,10,4,0,0,943,7,0
USR_00107,5,0.3571,8,0,189,1756.94,0.6048,0.7025,4,8,1,0,1,807,7,0
USR_00108,5,0.2778,0,0,75,276.77,0.7752,0.1301,4,8,1,0,0,581,12,0
USR_00109,14,0.5833,5,1,44,1769.29,0.5976,-0.1797,12,14,4,1,0,855,4,0
USR_00110,7,1.0,13,0,192,358.27,0.4932,-0.4387,6,7,2,0,0,354,2,0
USR_00111,20,0.6452,14,2,33,341.49,0.5706,-0.1447,16,17,6,1,1,943,10,0
USR_00112,5,0.2941,13,0,130,219.89,0.8416,-0.3468,4,8,1,0,0,680,9,0
USR_00113,3,0.75,13,0,59,871.49,0.5051,0.11,2,4,1,1,1,566,4,0
USR_00114,4,0.2222,6,0,139,416.32,0.6634,-0.4102,3,7,1,0,0,621,8,0
USR_00115,19,0.9048,20,2,4,1901.53,0.6505,-0.4512,16,19,6,0,0,695,1,0
USR_00116,3,1.0,13,0,53,321.66,0.2851,0.0579,3,3,1,0,0,73,5,0
USR_00117,16,0.6667,15,2,12,1194.84,0.6675,-0.4573,13,16,5,0,1,193,10,0
USR_00118,17,0.6296,17,2,37,252.18,0.2968,0.0591,14,14,5,1,0,317,2,0
USR_00119,21,0.9545,14,2,10,1518.54,0.7779,0.4779,17,17,7,1,0,164,4,0
USR_00120,18,0.9,16,2,3,730.48,0.3732,0.1197,15,16,6,1,0,544,13,0
USR_00121,8,0.4706,14,1,0,840.81,0.2424,0.2106,7,7,2,0,0,812,9,0
USR_00122,14,0.9333,11,1,4,499.33,0.4307,0.1783,12,14,4,1,0,795,11,0
USR_00123,16,0.5714,15,2,40,477.21,0.4542,-0.5774,13,14,5,0,1,581,3,0
USR_00124,19,0.8261,20,2,4,989.72,0.8667,-0.6628,16,17,6,0,1,1030,13,0
USR_00125,2,0.1429,26,0,50,2826.53,0.5701,0.1314,1,3,0,1,1,691,0,0
USR_00126,4,0.2667,2,0,173,287.23,0.9737,0.2031,3,3,1,0,0,122,4,0
USR_00127,8,0.6667,5,1,44,506.48,0.6409,0.1385,6,7,2,1,0,925,4,0
USR_00128,10,0.4762,3,1,36,407.45,0.222,0.0887,8,11,3,0,0,702,9,0
USR_00129,21,0.875,0,2,11,198.46,0.5094,-0.2067,18,22,7,0,0,772,12,0
USR_00130,13,0.65,24,1,19,196.47,0.6769,0.1178,11,14,4,1,0,691,8,0
USR_00131,11,0.44,6,1,25,370.18,0.6643,0.2646,9,13,3,0,0,677,5,0
USR_00132,13,0.5,8,1,12,484.57,0.6324,-0.1463,11,15,4,0,1,135,3,0
USR_00133,15,0.5357,9,2,31,2064.97,0.2462,-0.2438,12,12,5,0,0,684,4,0
USR_00134,12,0.8571,25,1,12,1467.7,0.9581,-0.41,10,10,4,0,0,960,4,0
USR_00135,17,0.8095,18,2,13,345.04,0.4278,-0.396,14,14,5,1,0,385,0,0
USR_00136,7,0.875,3,0,181,1234.32,0.8083,-0.13,6,9,2,0,0,735,4,0
USR_00137,16,0.5517,25,2,20,350.91,0.9096,0.0519,14,17,5,0,1,66,10,0
USR_00138,2,0.1538,29,0,72,620.01,0.341,0.419,2,4,0,0,0,436,7,0
USR_00139,7,0.35,21,0,149,861.8,0.5097,-0.1798,6,9,2,0,0,540,9,0
USR_00140,25,0.9615,14,3,14,3597.53,0.4753,-0.3639,21,22,8,0,0,1179,3,0
USR_00141,16,0.7619,29,2,2,824.72,0.7542,0.0779,14,17,5,0,0,281,4,0
USR_00142,20,0.6667,1,2,6,203.89,0.857,-0.1628,17,21,6,0,0,353,0,0
USR_00143,14,0.7368,0,1,16,1206.35,0.9167,0.3688,12,15,4,0,0,507,3,0
USR_00144,15,0.7895,23,2,33,1652.02,0.6399,0.2159,12,13,5,1,0,1191,4,0
USR_00145,18,0.5806,5,2,35,1354.07,0.8586,0.1708,15,19,6,0,1,1028,1,0
USR_00146,10,0.5556,1,1,18,300.25,0.6223,-0.4196,8,10,3,0,0,70,0,0
USR_00147,7,0.3889,2,1,14,734.7,0.8138,-0.1836,6,8,2,0,1,303,7,0
USR_00148,6,0.3529,13,0,33,655.67,0.6156,0.3024,5,8,2,0,1,991,3,0
USR_00149,15,0.625,19,2,2,2739.73,0.7352,-0.0708,13,14,5,0,0,98,3,0
USR_00150,3,0.2143,13,0,171,1089.41,0.6583,-0.6666,2,2,1,0,0,1031,1,0
USR_00151,14,0.5,12,1,8,2626.41,0.5422,0.4993,12,16,4,0,0,359,4,0
USR_00152,21,0.75,4,2,30,377.1,0.6459,-0.0947,17,19,7,0,0,1103,3,0
USR_00153,6,0.3333,9,0,134,559.26,0.7036,0.0926,5,9,2,0,0,373,4,0
USR_00154,9,0.9,28,1,38,432.66,0.6185,0.1237,7,11,3,1,0,538,5,0
USR_00155,14,0.9333,9,1,43,1455.29,0.8293,-0.0393,11,11,4,0,1,804,0,0
USR_00156,4,0.4444,10,0,170,1655.19,0.645,0.3551,4,6,1,0,0,177,12,0
USR_00157,12,0.6316,26,1,10,909.27,0.4798,-0.0506,10,11,4,0,1,681,0,0
USR_00158,15,0.7895,1,2,18,717.53,0.5002,-0.0972,12,13,5,1,1,620,3,0
USR_00159,10,0.4348,2,1,23,929.13,0.1255,0.7355,8,8,3,0,1,947,1,0
USR_00160,16,1.0,26,2,32,220.07,0.4048,-0.4888,13,15,5,1,1,1195,4,0
USR_00161,19,0.95,9,2,10,478.68,0.4603,0.0481,16,17,6,0,0,807,2,0
USR_00162,5,0.3571,7,0,50,510.47,0.9074,0.1138,4,5,1,1,0,508,10,0
USR_00163,16,0.9412,14,2,41,657.95,0.4061,0.1831,13,16,5,1,0,505,3,0
USR_00164,10,0.8333,1,1,3,394.81,0.5015,0.5851,8,12,3,0,1,519,6,0
USR_00165,12,0.5,12,1,40,337.16,0.6405,0.0415,10,11,4,1,1,982,1,0
USR_00166,5,0.2941,0,0,32,185.23,0.6336,-0.3314,4,8,1,1,1,405,0,0
USR_00167,14,0.56,20,1,17,939.8,0.6754,0.0739,11,11,4,0,0,225,3,0
USR_00168,8,0.6154,25,1,6,221.99,0.9378,-0.0157,7,11,2,0,0,421,4,0
USR_00169,12,0.8571,18,1,1,1479.66,0.6892,0.3522,10,10,4,0,0,56,3,0
USR_00170,10,0.7143,5,1,12,861.91,0.4319,0.2109,8,11,3,1,0,154,13,0
USR_00171,13,0.8667,24,1,27,1351.74,0.8782,-0.0616,11,11,4,1,0,135,7,0
USR_00172,20,0.8696,19,2,16,325.9,0.495,-0.1397,17,18,6,0,0,932,13,0
USR_00173,17,0.5862,25,2,28,2954.34,0.5959,0.1215,14,15,5,1,1,875,2,0
USR_00174,17,0.85,27,2,33,3927.51,0.7787,0.0831,14,14,5,1,0,845,9,0
USR_00175,11,0.7857,11,1,27,681.32,0.8493,-0.4771,9,12,3,0,0,570,4,0
USR_00176,11,0.7857,29,1,30,911.18,0.9115,-0.4222,9,11,3,1,0,868,5,0
USR_00177,2,0.5,25,0,178,658.37,0.0973,0.1415,1,1,0,0,0,218,13,0
USR_00178,10,0.4545,17,1,36,1489.0,0.667,-0.2939,8,12,3,0,1,1083,6,0
USR_00179,16,0.5517,18,2,1,1254.05,0.5613,-0.4163,14,17,5,0,0,616,11,0
USR_00180,21,0.875,13,2,38,160.73,0.3124,0.0952,17,19,7,0,0,1127,7,0
USR_00181,19,0.6129,25,2,1,343.33,0.2365,-0.3627,15,15,6,0,1,208,0,0
USR_00182,3,0.4286,1,0,94,910.69,0.9525,-0.0831,2,3,1,1,0,611,7,0
USR_00183,4,0.4,13,0,77,1235.18,0.5066,0.2221,3,7,1,0,0,844,4,0
USR_00184,9,0.3913,3,1,40,749.56,0.3177,-0.3486,8,9,3,0,0,609,12,0
USR_00185,22,0.7097,0,3,23,171.17,0.7205,0.1558,19,23,7,1,0,552,9,0
USR_00186,3,0.2,28,0,171,1038.22,0.0811,0.2389,2,2,1,1,0,224,0,0
USR_00187,14,0.7,19,1,12,2863.72,0.4301,-0.3083,11,13,4,1,1,475,0,0
USR_00188,11,0.55,13,1,13,105.96,0.6328,0.4514,9,10,3,0,0,309,0,0
USR_00189,13,0.7647,28,1,41,1410.13,0.6579,-0.2366,11,13,4,1,1,382,4,0
USR_00190,14,0.56,2,1,24,2880.37,0.8165,0.0907,11,13,4,0,1,829,0,0
USR_00191,5,0.2632,27,0,125,1414.94,0.4837,-0.3192,4,5,1,0,0,767,7,0
USR_00192,6,0.75,14,0,35,623.55,0.5642,-0.2481,5,5,2,1,0,740,4,0
USR_00193,14,0.6364,4,1,36,1363.08,0.4572,0.4305,11,13,4,0,0,453,10,0
USR_00194,11,0.7333,8,1,7,620.61,0.7747,0.5112,9,12,3,0,0,1152,2,0
USR_00195,16,0.64,14,2,27,1026.21,0.6213,0.2785,13,14,5,0,1,132,4,0
USR_00196,9,0.6,24,1,9,710.99,0.7831,-0.1496,8,12,3,0,1,430,0,0
USR_00197,23,0.7931,26,3,27,727.08,0.823,-0.3155,19,22,7,0,1,168,11,0
USR_00198,11,0.6875,3,1,14,361.59,0.2977,-0.5506,9,11,3,0,0,426,0,0
USR_00199,19,0.7308,12,2,23,459.13,0.6124,0.054,15,19,6,1,1,1155,0,0
USR_00200,6,0.6667,12,0,112,2440.03,0.6442,-0.5349,5,9,2,1,0,458,1,0
USR_00201,7,0.6364,15,1,8,405.11,0.5763,-0.1137,6,7,2,1,0,1093,9,0
USR_00202,15,0.9375,16,2,32,139.13,0.88,0.1417,12,16,5,0,0,609,0,0
USR_00203,10,0.625,29,1,32,5000.0,0.4399,-0.2896,8,10,3,1,0,848,5,0
USR_00204,12,0.5714,8,1,14,469.07,0.4509,-0.034,10,11,4,0,0,565,8,0
USR_00205,28,0.7568,14,3,23,536.56,0.5581,-0.1489,23,27,9,0,0,341,8,0
USR_00206,15,0.8333,8,2,40,482.19,0.3819,0.1371,12,14,5,1,1,924,1,0
USR_00207,11,0.4783,5,1,24,673.67,0.9256,-0.0101,9,10,3,1,0,1163,0,0
USR_00208,16,0.7273,11,2,6,362.38,0.273,-0.2134,13,14,5,1,1,338,3,0
USR_00209,15,0.5556,1,2,30,2189.77,0.2799,-0.4195,12,13,5,1,1,941,1,0
USR_00210,15,0.5556,23,2,5,566.99,0.5415,0.5758,13,15,5,1,0,335,7,0
USR_00211,9,1.0,13,1,16,288.17,0.5204,-0.2018,7,10,3,1,0,868,2,0
USR_00212,8,1.0,13,1,37,67.02,0.7577,-0.2772,7,11,2,1,0,953,3,0
USR_00213,4,0.3333,15,0,75,1597.03,0.8494,0.349,3,4,1,1,1,555,0,0
USR_00214,7,0.3684,15,0,41,467.52,0.4753,-0.0502,5,7,2,0,0,892,5,0
USR_00215,11,0.6875,27,1,11,898.35,0.8054,0.279,9,12,3,0,0,348,1,0
USR_00216,15,0.625,17,2,0,316.33,0.2925,-0.0064,13,14,5,1,0,122,6,0
USR_00217,21,0.7,23,2,38,716.97,0.3226,0.069,17,20,7,0,0,142,0,0
USR_00218,0,0.0,38,0,162,650.78,0.5735,0.1395,0,1,0,1,0,553,13,0
USR_00219,2,0.1333,1,0,171,1389.5,0.5651,-0.0186,1,2,0,1,0,1086,6,0
USR_00220,2,0.2,24,0,149,759.33,0.3886,-0.3074,2,3,0,0,0,179,1,0
USR_00221,19,0.6333,24,2,26,270.88,0.8278,-0.1405,16,19,6,1,1,563,0,0
USR_00222,15,0.625,19,2,31,4545.71,0.8131,-0.6541,13,16,5,0,1,853,2,0
USR_00223,11,0.7333,2,1,17,941.67,0.2916,0.1945,9,10,3,1,0,266,0,0
USR_00224,9,0.5294,0,1,35,312.34,0.5553,-0.2288,7,10,3,0,0,874,1,0
USR_00225,15,0.5769,0,2,12,773.78,0.8752,-0.3765,13,15,5,1,0,387,11,0
USR_00226,7,0.35,21,0,37,909.47,0.3643,0.1861,6,9,2,0,0,976,5,0
USR_00227,3,0.75,16,0,141,979.73,0.3838,-0.0097,2,6,1,0,0,707,0,0
USR_00228,22,0.8148,11,3,14,889.47,0.6016,0.336,18,19,7,0,0,669,4,0
USR_00229,12,0.9231,15,1,14,809.39,0.4411,-0.6407,10,14,4,1,0,236,1,0
USR_00230,6,0.75,13,0,143,1385.97,0.7748,-0.1109,5,9,2,1,0,571,13,0
USR_00231,9,0.75,9,1,36,1190.7,0.6752,-0.1821,7,9,3,0,0,1032,0,0
USR_00232,18,0.5806,22,2,2,1208.54,0.4512,0.231,15,19,6,1,1,52,8,0
USR_00233,15,0.75,13,2,18,160.57,0.7191,0.0525,13,13,5,0,1,917,9,0
USR_00234,7,0.35,16,0,88,166.09,0.9057,0.4827,5,7,2,0,0,606,0,0
USR_00235,7,0.5,27,0,78,352.64,0.53,0.5087,5,8,2,0,1,871,0,0
USR_00236,20,1.0,27,2,21,545.25,0.4289,0.2055,17,17,6,1,0,806,3,0
USR_00237,14,0.7368,20,1,19,362.14,0.8013,0.0839,12,15,4,1,0,535,10,0
USR_00238,15,0.6,27,2,23,295.11,0.9142,-0.4201,12,12,5,0,1,391,4,0
USR_00239,6,0.4,10,0,34,805.21,0.7264,0.1738,5,9,2,0,0,763,6,0
USR_00240,2,0.2857,11,0,75,330.88,0.7435,0.6358,2,6,0,1,0,194,9,0
USR_00241,8,0.8889,28,1,5,97.24,0.7457,0.3907,7,7,2,0,0,713,10,0
USR_00242,11,0.5,26,1,7,224.4,0.5298,-0.1651,9,9,3,1,1,140,4,0
USR_00243,16,0.6957,4,2,43,408.38,0.3702,-0.0859,13,15,5,1,0,790,4,0
USR_00244,11,0.5,0,1,2,540.98,0.6818,0.5358,9,11,3,1,1,765,7,0
USR_00245,1,0.2,5,0,185,1365.06,0.4928,-0.3388,1,3,0,0,0,128,1,0
USR_00246,15,0.8824,22,2,33,941.65,0.6171,0.0788,12,15,5,0,0,916,10,0
USR_00247,11,0.6875,6,1,27,133.73,0.6946,-0.1984,9,12,3,0,0,516,0,0
USR_00248,5,0.625,29,0,74,2126.14,0.5255,-0.1409,4,4,1,1,0,950,1,0
USR_00249,14,0.6667,6,1,5,567.1,0.4814,0.1209,11,12,4,0,0,78,9,0
USR_00250,25,0.7812,5,3,17,702.98,0.4133,0.1766,21,22,8,0,0,239,2,0
USR_00251,19,0.95,2,2,31,732.88,0.8119,-0.1448,16,20,6,1,0,607,0,0
USR_00252,20,0.7407,28,2,2,336.25,0.1959,0.2612,17,17,6,0,0,250,1,0
USR_00253,6,0.5455,9,0,47,1043.92,0.8233,0.2196,5,7,2,1,0,415,4,0
USR_00254,13,0.65,24,1,35,139.96,0.5308,0.2322,11,11,4,0,0,802,10,0
USR_00255,1,0.0833,16,0,132,1943.19,0.3633,0.0648,1,2,0,1,0,199,0,0
USR_00256,10,0.625,4,1,35,772.8,0.465,0.4495,8,9,3,0,0,822,0,0
USR_00257,12,0.75,6,1,21,889.44,0.048,-0.2996,10,11,4,1,0,150,3,0
USR_00258,14,0.5185,2,1,4,1013.63,0.5895,0.0529,12,16,4,1,1,234,13,0
USR_00259,15,0.5769,3,2,24,467.24,0.5414,-0.1068,12,14,5,0,1,717,2,0
USR_00260,14,0.5,24,1,18,1838.9,0.4425,0.105,12,16,4,0,1,958,13,0
USR_00261,7,0.7,19,0,160,372.35,0.3586,0.3342,5,6,2,1,0,229,11,0
USR_00262,8,0.4706,4,1,37,298.73,0.8597,-0.3899,7,8,2,1,0,380,2,0
USR_00263,11,0.5,12,1,15,749.35,0.2787,0.0018,9,10,3,0,0,1112,10,0
USR_00264,11,0.4583,6,1,40,220.91,0.3243,-0.1639,9,13,3,0,0,1187,6,0
USR_00265,27,0.931,19,3,39,422.83,0.8102,0.359,22,26,9,0,1,709,4,0
USR_00266,17,0.85,3,2,21,819.44,0.7517,0.4733,14,18,5,0,1,553,3,0
USR_00267,7,0.3333,7,0,101,1197.56,0.2492,-0.3449,6,7,2,1,1,435,10,0
USR_00268,15,0.6522,20,2,32,645.53,0.6213,0.1803,13,13,5,0,0,746,9,0
USR_00269,1,0.3333,22,0,165,322.66,0.6196,1.0,1,1,0,0,1,721,8,0
USR_00270,11,0.8462,29,1,29,507.88,0.3944,0.0644,9,10,3,0,0,374,13,0
USR_00271,5,0.2632,29,0,31,389.77,0.7363,-0.0081,4,4,1,0,0,56,4,0
USR_00272,12,0.48,21,1,34,615.16,0.4925,0.125,10,14,4,1,0,207,9,0
USR_00273,12,0.8,7,1,43,404.96,0.2723,0.2761,10,14,4,0,0,1151,10,0
USR_00274,16,0.6667,24,2,14,304.34,0.7797,0.4206,13,15,5,0,0,519,1,0
USR_00275,14,0.5833,19,1,17,275.49,0.6651,0.4716,12,15,4,1,0,594,0,0
USR_00276,1,0.1429,28,0,184,152.83,0.528,-0.2962,0,0,0,0,0,576,3,0
USR_00277,3,0.4286,22,0,116,1579.74,0.053,0.3551,3,7,1,0,0,945,10,0
USR_00278,9,0.4737,24,1,31,1179.25,0.2575,-0.015,8,9,3,0,0,105,2,0
USR_00279,14,0.9333,16,1,35,248.93,0.8798,-0.0519,11,15,4,1,1,126,7,0
USR_00280,8,0.7273,24,1,6,1119.47,0.5332,-0.0782,7,7,2,1,1,352,0,0
USR_00281,11,1.0,8,1,37,688.08,0.7908,0.2244,9,12,3,0,1,599,2,0
USR_00282,9,0.4091,2,1,27,236.61,0.4787,-0.154,7,9,3,1,0,815,5,0
USR_00283,10,0.8333,6,1,41,287.03,0.6697,0.4088,8,10,3,1,0,604,0,0
USR_00284,11,0.4583,17,1,0,590.38,0.6382,-0.0447,9,13,3,1,0,546,11,0
USR_00285,0,0.0,42,0,191,1203.45,0.3909,0.2446,0,2,0,1,0,1127,0,0
USR_00286,20,0.9524,14,2,42,1069.89,0.6464,0.1698,17,17,6,0,0,218,12,0
USR_00287,6,0.4286,14,0,194,432.27,0.5409,-0.3006,5,6,2,0,1,698,1,0
USR_00288,8,0.6667,5,1,28,960.47,0.2951,-0.2696,6,8,2,0,1,664,13,0
USR_00289,20,0.7407,25,2,43,583.98,0.8823,0.2005,17,20,6,1,0,583,5,0
USR_00290,4,0.2222,6,0,49,369.47,0.6827,-0.4095,4,8,1,1,0,974,0,0
USR_00291,4,0.3077,2,0,47,1434.3,0.8673,0.0434,3,3,1,0,1,342,0,0
USR_00292,15,1.0,4,2,12,753.4,0.4764,-0.1405,12,12,5,0,0,1145,0,0
USR_00293,7,0.875,0,0,167,1000.92,0.6451,-0.1236,5,9,2,0,0,417,5,0
USR_00294,11,0.5,29,1,23,276.39,0.5841,0.114,9,13,3,1,0,667,9,0
USR_00295,9,0.4737,11,1,14,438.9,0.5098,0.3962,7,11,3,0,0,639,3,0
USR_00296,18,0.72,23,2,7,1281.92,0.7836,0.1621,15,15,6,0,1,1024,3,0
USR_00297,4,0.2667,14,0,146,531.36,0.5809,-0.4091,3,6,1,0,0,543,5,0
USR_00298,16,0.8421,27,2,22,556.51,0.3455,0.0147,13,16,5,0,1,362,4,0
USR_00299,13,0.8125,19,1,12,284.61,0.6046,0.2534,11,13,4,1,0,55,6,0
USR_00300,8,0.5714,7,1,26,778.6,0.2173,-0.0981,6,10,2,1,1,455,4,0
USR_00301,0,0.0,118,0,46,280.53,0.8404,-0.0307,0,1,0,1,0,996,7,0
USR_00302,4,0.2222,5,0,192,891.25,0.907,-0.1644,3,6,1,1,0,41,13,0
USR_00303,1,0.25,17,0,194,300.58,0.6515,0.3338,1,3,0,0,1,1078,2,0
USR_00304,15,0.625,0,2,32,562.55,0.7139,-0.3028,13,14,5,1,1,665,0,0
USR_00305,14,0.7,24,1,38,2344.95,0.3662,-0.1245,11,13,4,1,0,194,0,0
USR_00306,24,0.6486,8,3,6,891.25,0.3045,-0.3162,20,23,8,1,0,383,4,0
USR_00307,12,0.5,27,1,12,504.13,0.6025,0.2369,10,10,4,1,1,678,2,0
USR_00308,4,0.6667,3,0,121,1320.1,0.5582,-0.3093,3,3,1,0,0,399,12,0
USR_00309,13,0.5652,26,1,1,372.86,0.6738,-0.2235,11,14,4,1,0,157,5,0
USR_00310,12,1.0,26,1,24,302.18,0.8795,-0.0953,10,11,4,0,0,809,4,0
USR_00311,14,0.6667,15,1,12,496.83,0.6341,0.0363,11,11,4,0,0,816,9,0
USR_00312,11,0.7333,14,1,23,1601.89,0.6508,-0.1166,9,12,3,0,1,169,1,0
USR_00313,18,0.7826,26,2,34,1531.48,0.986,0.0011,15,15,6,1,0,359,10,0
USR_00314,7,0.6364,24,0,146,447.05,0.6472,-0.5764,6,10,2,0,0,315,0,0
USR_00315,13,0.619,16,1,20,529.98,0.6371,0.2035,11,12,4,1,0,801,5,0
USR_00316,8,0.4,9,1,33,930.99,0.544,0.0957,6,6,2,1,1,884,12,0
USR_00317,9,0.5625,2,1,34,4640.32,0.2155,0.0201,8,12,3,1,1,880,9,0
USR_00318,8,0.4,27,1,13,550.01,0.7868,-0.7489,7,9,2,0,1,1128,10,0
USR_00319,12,0.4615,29,1,9,2010.27,0.223,0.0094,10,14,4,1,0,929,3,0
USR_00320,13,0.8125,26,1,18,812.06,0.483,-0.2062,11,11,4,0,0,405,10,0
USR_00321,14,0.5385,0,1,28,1316.34,0.1639,-0.1936,11,14,4,0,1,156,4,0
USR_00322,8,0.7273,12,1,31,1496.46,0.522,-0.0069,7,11,2,1,0,749,5,0
USR_00323,11,0.9167,8,1,32,765.69,0.1601,0.359,9,12,3,0,0,1101,0,0
USR_00324,10,0.7692,13,1,13,650.23,0.9202,0.5519,8,10,3,1,1,1170,1,0
USR_00325,4,0.4,1,0,69,563.55,0.4516,0.3609,4,5,1,0,0,299,4,0
USR_00326,7,0.7778,16,1,35,880.51,0.1867,-0.0396,6,10,2,0,0,306,0,0
USR_00327,13,0.619,16,1,30,1720.31,0.7933,0.4858,10,10,4,1,0,73,8,0
USR_00328,22,0.7333,7,2,33,1916.36,0.774,0.4441,18,19,7,1,1,195,10,0
USR_00329,4,0.2857,17,0,30,1751.89,0.7742,0.0219,4,5,1,1,1,679,12,0
USR_00330,10,0.4348,16,1,37,458.17,0.8281,-0.5558,8,12,3,1,0,669,0,0
USR_00331,19,0.9048,19,2,5,422.19,0.3805,-0.2555,16,20,6,0,0,463,12,0
USR_00332,5,0.2632,7,0,112,342.93,0.7783,-0.6528,4,6,1,0,0,392,0,0
USR_00333,7,0.3684,4,1,24,752.37,0.3344,-0.1409,6,7,2,1,1,1000,4,0
USR_00334,14,1.0,9,1,19,1402.94,0.8423,0.0218,12,14,4,0,1,568,10,0
USR_00335,14,0.6087,0,1,20,423.26,0.9579,-0.5129,11,15,4,1,1,975,0,0
USR_00336,24,0.8889,20,3,7,574.56,0.6388,0.2676,20,21,8,0,0,1156,0,0
USR_00337,11,0.9167,7,1,44,1115.81,0.5398,0.0552,9,12,3,0,1,401,0,0
USR_00338,13,0.5652,9,1,2,514.44,0.466,-0.5496,10,13,4,0,0,267,4,0
USR_00339,10,1.0,1,1,24,571.19,0.5525,0.0654,8,8,3,1,1,1144,10,0
USR_00340,12,0.8571,15,1,41,1622.09,0.3988,-0.5349,10,11,4,0,0,772,0,0
USR_00341,1,0.0909,1,0,83,677.87,0.5165,0.6249,1,4,0,1,0,370,0,0
USR_00342,15,0.9375,14,2,42,373.83,0.1709,-0.3845,12,15,5,0,0,757,5,0
USR_00343,10,0.4762,7,1,41,718.44,0.5021,-0.283,8,10,3,1,0,632,1,0
USR_00344,20,1.0,18,2,1,940.74,0.162,-0.1347,16,20,6,0,0,1089,8,0
USR_00345,7,0.6364,29,1,6,4932.62,0.4892,0.0337,6,6,2,0,0,329,12,0
USR_00346,8,0.7273,16,1,4,2242.32,0.4298,-0.1247,6,10,2,1,0,1189,8,0
USR_00347,16,0.8889,24,2,15,5000.0,0.9212,-0.4741,14,18,5,0,0,1125,11,0
USR_00348,15,0.6818,5,2,17,283.65,0.8257,0.023,13,17,5,0,0,241,4,0
USR_00349,20,0.8696,10,2,14,2024.3,0.8811,-0.177,17,21,6,0,0,222,10,0
USR_00350,11,0.8462,24,1,6,2303.84,0.7632,-0.1827,9,12,3,1,0,653,1,0
USR_00351,17,0.7727,11,2,5,681.56,0.5811,0.4762,14,18,5,0,0,82,0,0
USR_00352,9,0.5625,27,1,22,485.93,0.4954,-0.1235,7,8,3,1,0,379,6,0
USR_00353,23,0.7188,27,3,25,1199.69,0.3931,-0.1035,19,22,7,0,0,539,0,0
USR_00354,18,0.9474,22,2,13,512.5,0.2979,0.0426,15,17,6,1,0,1164,11,0
USR_00355,11,0.8462,19,1,13,266.36,0.6385,0.1459,9,12,3,0,1,1191,7,0
USR_00356,11,1.0,10,1,22,214.05,0.4593,0.0788,9,9,3,0,0,207,13,0
USR_00357,8,0.4211,25,1,7,200.86,0.5476,-0.7123,7,10,2,0,0,1073,2,0
USR_00358,5,0.3846,29,0,79,801.5,0.6885,-0.0946,4,6,1,1,1,136,4,0
USR_00359,16,0.8421,25,2,0,1137.98,0.7333,-0.12,13,16,5,1,0,905,8,0
USR_00360,8,0.5333,10,1,16,305.0,0.5905,-0.3635,7,11,2,0,0,1019,1,0
USR_00361,13,0.52,5,1,1,979.38,0.4412,-0.3879,10,12,4,1,0,1072,4,0
USR_00362,7,0.3889,27,0,137,973.87,0.2805,0.3293,6,8,2,0,1,291,6,0
USR_00363,3,0.1875,0,0,185,877.78,0.3025,0.0353,2,5,1,1,0,1075,13,0
USR_00364,13,0.8125,23,1,11,1145.88,0.6597,-0.1654,11,11,4,1,1,165,8,0
USR_00365,10,0.8333,8,1,27,790.32,0.4199,0.0967,8,9,3,0,1,637,0,0
USR_00366,11,0.5,23,1,6,1931.98,0.4426,0.3621,9,10,3,0,0,579,4,0
USR_00367,16,0.5517,17,2,9,1095.55,0.4468,0.1534,13,13,5,1,0,399,5,0
USR_00368,14,0.875,3,1,42,243.8,0.3893,0.4048,12,15,4,1,0,55,0,0
USR_00369,2,0.1667,27,0,178,2898.74,0.6097,0.0771,1,4,0,0,1,933,3,0
USR_00370,4,0.3333,28,0,112,308.39,0.3369,0.2037,3,6,1,0,0,422,2,0
USR_00371,6,0.3158,9,0,43,656.58,0.8226,-0.0699,5,8,2,0,1,804,0,0
USR_00372,2,0.5,4,0,183,5000.0,0.9092,0.3592,1,3,0,1,0,509,4,0
USR_00373,9,0.6429,25,1,12,984.14,0.6211,0.5058,8,10,3,0,0,467,0,0
USR_00374,17,0.6538,13,2,7,344.46,0.4246,0.0565,14,14,5,0,1,1066,5,0
USR_00375,10,0.4545,19,1,13,870.8,0.3113,-0.3858,8,12,3,0,0,140,0,0
USR_00376,5,0.2941,24,0,193,1010.18,0.3619,0.037,4,7,1,1,1,891,7,0
USR_00377,9,0.5625,19,1,7,781.28,0.3656,-0.0275,7,10,3,0,0,903,1,0
USR_00378,13,0.7222,14,1,27,443.45,0.8969,0.2021,10,12,4,0,0,474,11,0
USR_00379,20,0.9091,21,2,44,238.92,0.3849,-0.1061,17,18,6,0,0,337,0,0
USR_00380,9,0.6,2,1,37,261.98,0.7206,0.031,7,8,3,0,0,36,4,0
USR_00381,13,0.4815,15,1,32,356.57,0.6913,0.1796,11,11,4,1,1,1126,2,0
USR_00382,19,0.8636,18,2,13,1874.2,0.7049,-0.1965,16,17,6,0,0,1138,1,0
USR_00383,10,0.4167,20,1,13,250.85,0.7849,0.0953,8,10,3,0,0,311,4,0
USR_00384,22,0.8462,6,3,27,753.4,0.3395,0.0706,19,22,7,1,1,67,10,0
USR_00385,9,0.9,23,1,43,2035.85,0.8426,-0.6649,7,9,3,0,0,173,12,0
USR_00386,3,0.2308,9,0,153,1119.47,0.8338,-0.042,3,5,1,0,1,109,2,0
USR_00387,12,0.6667,17,1,28,2073.74,0.631,-0.4421,10,10,4,0,0,1002,0,0
USR_00388,6,0.375,21,0,178,416.1,0.8466,0.4154,5,9,2,0,0,1073,7,0
USR_00389,5,0.2632,1,0,180,1099.39,0.5617,-0.1807,4,5,1,0,0,209,5,0
USR_00390,14,0.875,28,1,43,1670.25,0.3909,-0.1378,11,12,4,1,0,903,1,0
USR_00391,10,0.5556,15,1,15,1412.25,0.6163,0.239,8,12,3,0,1,239,8,0
USR_00392,24,0.8889,0,3,30,1355.5,0.802,-0.719,20,23,8,1,0,459,4,0
USR_00393,4,0.3636,17,0,60,255.77,0.5639,-0.3538,3,3,1,0,1,731,6,0
USR_00394,5,0.625,7,0,162,1134.16,0.1746,0.3825,4,7,1,0,1,872,2,0
USR_00395,16,0.8889,26,2,20,982.6,0.9619,-0.0192,13,17,5,1,1,1053,3,0
USR_00396,4,0.3636,4,0,93,589.77,0.6793,-0.4443,3,6,1,1,1,82,1,0
USR_00397,13,0.6842,0,1,18,409.96,0.5349,-0.2339,11,11,4,0,1,259,8,0
USR_00398,4,0.2667,21,0,42,953.71,0.4475,-0.4058,3,7,1,0,0,358,0,0
USR_00399,19,0.7308,1,2,44,301.91,0.6245,-0.2033,16,19,6,0,0,393,9,0
USR_00400,8,0.4706,5,1,18,471.05,0.7477,-0.1175,7,11,2,0,1,1197,9,0
USR_00401,8,0.4444,11,1,6,1413.34,0.5019,0.5229,6,8,2,0,0,939,8,0
USR_00402,9,1.0,26,1,8,1530.89,0.4992,-0.3295,7,9,3,0,0,404,0,0
USR_00403,9,0.6,24,1,6,978.16,0.519,-0.42,8,8,3,0,1,1167,2,0
USR_00404,3,0.3,18,0,146,460.43,0.2462,-0.0903,3,7,1,0,0,614,3,0
USR_00405,7,0.4375,14,0,87,273.36,0.5159,0.0065,6,8,2,1,0,615,5,0
USR_00406,2,1.0,20,0,178,356.54,0.1334,-0.1045,2,6,0,1,0,537,12,0
USR_00407,4,0.8,9,0,49,1860.29,0.6698,-0.0214,3,5,1,0,0,198,3,0
USR_00408,11,0.4783,26,1,18,777.15,0.7528,0.4828,9,9,3,1,1,1123,11,0
USR_00409,9,0.45,20,1,24,613.06,0.1641,-0.3354,7,11,3,1,0,46,0,0
USR_00410,20,0.7692,17,2,38,758.07,0.3274,-0.0627,17,20,6,1,0,233,3,0
USR_00411,4,1.0,15,0,176,1150.15,0.7042,0.4215,3,5,1,0,0,298,0,0
USR_00412,22,0.88,18,2,13,292.58,0.4099,0.5165,18,20,7,1,0,356,8,0
USR_00413,11,0.55,17,1,16,450.75,0.4471,0.1014,9,11,3,0,0,184,0,0
USR_00414,18,0.6429,20,2,31,1115.27,0.303,-0.5429,15,17,6,0,0,51,1,0
USR_00415,11,0.4783,12,1,3,805.79,0.4301,0.236,9,10,3,1,1,822,9,0
USR_00416,20,0.7143,8,2,27,1611.45,0.471,0.2537,16,18,6,1,0,1164,4,0
USR_00417,17,0.6071,21,2,35,1215.27,0.2656,0.1069,14,14,5,0,0,172,0,0
USR_00418,9,0.75,9,1,44,358.65,0.5831,-0.1263,7,8,3,0,0,376,0,0
USR_00419,5,0.7143,0,0,71,50.0,0.7662,-0.2148,4,5,1,1,0,622,4,0
USR_00420,2,0.2857,2,0,36,783.23,0.6151,0.2798,1,2,0,1,0,1115,2,0
USR_00421,13,0.52,0,1,40,288.23,0.4985,0.127,10,11,4,0,0,842,1,0
USR_00422,7,0.35,15,1,36,998.32,0.4863,0.3332,6,7,2,1,0,926,5,0
USR_00423,16,0.9412,20,2,22,2374.14,0.6507,-0.0773,13,16,5,1,0,709,1,0
USR_00424,21,0.913,8,2,16,291.86,0.2554,0.1444,18,21,7,0,0,517,5,0
USR_00425,14,1.0,0,1,40,1115.62,0.8144,-0.3127,11,12,4,0,0,263,3,0
USR_00426,4,0.2667,19,0,30,1334.34,0.6498,0.4681,3,3,1,0,0,1041,1,0
USR_00427,6,0.3333,10,0,140,877.06,0.8138,0.5396,5,5,2,0,1,970,0,0
USR_00428,11,0.4583,23,1,19,864.63,0.5557,-0.0047,9,11,3,1,0,59,1,0
USR_00429,18,0.9,10,2,25,126.33,0.7216,-0.5365,15,17,6,1,0,867,0,0
USR_00430,11,0.6111,19,1,23,700.95,0.6355,0.3682,9,13,3,1,0,128,2,0
USR_00431,16,0.7273,18,2,35,660.54,0.4537,0.6235,13,15,5,0,1,894,12,0
USR_00432,5,0.2632,8,0,84,1540.38,0.9404,-0.0995,4,4,1,0,0,996,10,0
USR_00433,7,0.3333,23,0,50,1433.62,0.757,-0.103,5,7,2,0,0,183,3,0
USR_00434,19,0.6129,24,2,37,442.18,0.4656,-0.1019,16,19,6,0,0,537,5,0
USR_00435,9,0.75,24,1,5,145.48,0.4959,-0.0839,7,7,3,0,1,174,5,0
USR_00436,13,0.7222,9,1,36,185.53,0.8607,0.3336,11,12,4,0,0,693,10,0
USR_00437,19,0.6333,8,2,31,2052.83,0.5616,0.1531,16,18,6,0,0,1115,1,0
USR_00438,7,0.4375,8,1,26,625.26,0.1955,-0.3207,6,9,2,0,1,124,2,0
USR_00439,8,0.5,4,1,2,209.07,0.5745,-0.0822,7,7,2,1,0,495,2,0
USR_00440,5,0.8333,26,0,60,230.93,0.6345,0.0905,4,6,1,0,0,1168,0,0
USR_00441,11,0.6471,29,1,32,800.02,0.1487,-0.1896,9,12,3,1,0,382,2,0
USR_00442,7,0.3333,24,1,26,732.72,0.6846,0.1318,6,9,2,1,0,184,11,0
USR_00443,17,0.7391,1,2,10,2501.67,0.648,0.0371,14,17,5,0,1,601,12,0
USR_00444,13,0.5,28,1,34,623.8,0.5844,0.3351,11,11,4,1,0,624,0,0
USR_00445,13,0.6842,24,1,10,905.91,0.5767,0.2259,11,14,4,0,0,805,3,0
USR_00446,10,0.4545,2,1,19,643.21,0.2441,-0.1351,8,9,3,1,0,397,3,0
USR_00447,3,0.2,0,0,131,1280.68,0.8042,0.0128,3,4,1,1,0,1148,4,0
USR_00448,16,0.64,7,2,18,2719.07,0.8353,-0.2298,13,13,5,1,0,639,4,0
USR_00449,13,0.52,14,1,41,1415.95,0.5832,0.6192,11,12,4,0,0,365,0,0
USR_00450,9,1.0,10,1,34,3218.99,0.8672,0.2039,7,11,3,1,1,1153,10,0
USR_00451,13,0.7222,19,1,31,1025.32,0.8089,-0.4181,11,11,4,1,0,1112,13,0
USR_00452,6,0.8571,20,0,138,187.01,0.2866,-0.0707,5,6,2,0,0,614,6,0
USR_00453,15,0.6,14,2,33,344.05,0.918,-0.4878,12,14,5,1,0,59,6,0
USR_00454,21,0.84,11,2,33,1282.65,0.2973,-0.1276,17,19,7,1,0,728,4,0
USR_00455,11,0.6111,16,1,35,548.38,0.7917,0.023,9,9,3,0,0,679,2,0
USR_00456,10,0.4545,3,1,2,666.13,0.7596,0.2585,8,11,3,0,0,203,0,0
USR_00457,8,0.4211,0,1,37,347.89,0.8614,0.3011,7,10,2,0,0,771,5,0
USR_00458,22,0.7097,23,2,13,2112.32,0.6804,-0.4109,18,22,7,1,0,1013,0,0
USR_00459,7,1.0,4,0,165,2264.57,0.9802,0.0527,5,5,2,0,0,153,10,0
USR_00460,9,0.5,29,1,8,553.8,0.3498,0.0962,8,10,3,1,0,876,3,0
USR_00461,11,0.6875,16,1,42,558.15,0.7316,0.0257,9,13,3,0,1,194,3,0
USR_00462,2,0.125,15,0,106,1845.19,0.7433,-0.4513,2,4,0,0,0,906,2,0
USR_00463,10,0.6667,24,1,17,1535.9,0.9178,-0.2443,9,9,3,1,0,520,13,0
USR_00464,20,0.6452,6,2,41,180.41,0.4812,-0.0558,16,18,6,0,1,37,0,0
USR_00465,3,0.2727,16,0,111,1145.49,0.7092,0.2322,2,2,1,1,0,1160,0,0
USR_00466,7,0.5833,13,0,94,988.95,0.633,-0.2789,5,8,2,1,0,224,0,0
USR_00467,8,0.7273,14,1,36,772.27,0.8318,-0.167,6,6,2,1,1,727,6,0
USR_00468,5,0.625,27,0,45,329.61,0.4497,-0.0792,4,6,1,0,0,242,13,0
USR_00469,5,0.4167,29,0,151,335.41,0.4588,-0.4905,4,6,1,0,0,1121,1,0
USR_00470,7,0.35,12,1,43,55.77,0.9494,-0.1186,6,8,2,0,0,893,12,0
USR_00471,19,0.5758,11,2,22,393.41,0.9228,0.1138,16,16,6,1,0,971,2,0
USR_00472,6,0.6,8,0,104,137.47,0.5627,-0.2933,5,9,2,1,1,535,6,0
USR_00473,5,1.0,11,0,158,431.51,0.3281,-0.1456,4,8,1,0,0,576,0,0
USR_00474,7,0.7,12,0,89,917.57,0.3827,-0.1777,6,9,2,0,0,772,4,0
USR_00475,24,0.7742,2,3,18,261.35,0.6207,0.1909,20,21,8,0,0,948,6,0
USR_00476,15,0.7143,6,2,2,1930.51,0.1234,-0.4994,12,14,5,1,0,1020,4,0
USR_00477,13,0.8667,23,1,2,3180.36,0.8939,-0.169,11,13,4,0,0,50,1,0
USR_00478,20,0.9091,21,2,34,803.95,0.4477,0.4555,16,17,6,1,0,806,10,0
USR_00479,8,0.5,2,1,29,1082.3,0.6606,0.3346,7,8,2,1,0,157,13,0
USR_00480,10,0.7692,26,1,9,182.22,0.1879,0.3129,8,8,3,0,1,366,3,0
USR_00481,1,0.25,4,0,101,770.26,0.7811,0.4078,1,5,0,0,1,1000,6,0
USR_00482,13,0.7222,4,1,13,216.13,0.9099,-0.2912,11,11,4,1,0,323,9,0
USR_00483,10,0.4348,1,1,21,167.47,0.8574,0.3808,8,12,3,0,1,962,1,0
USR_00484,16,0.5714,4,2,9,241.57,0.8649,-0.6298,13,15,5,0,1,571,10,0
USR_00485,4,0.5,5,0,71,587.87,0.501,-0.1678,4,4,1,0,0,302,2,0
USR_00486,22,0.6667,26,3,40,643.84,0.2155,0.187,18,20,7,1,1,421,9,0
USR_00487,22,0.6111,13,3,25,627.51,0.7414,0.057,19,20,7,0,0,651,0,0
USR_00488,7,0.6364,5,1,43,262.17,0.8332,0.066,6,6,2,1,0,925,2,0
USR_00489,3,1.0,1,0,117,724.09,0.8105,-0.2913,2,2,1,0,0,739,4,0
USR_00490,9,0.75,7,1,17,381.34,0.4954,-0.8495,7,9,3,0,0,1121,4,0
USR_00491,20,0.625,12,2,20,737.27,0.4469,0.1138,16,19,6,0,0,1045,10,0
USR_00492,20,0.9524,13,2,1,550.72,0.3468,0.3014,16,18,6,0,0,911,13,0
USR_00493,20,0.8696,14,2,35,157.26,0.2682,0.0308,17,17,6,0,0,735,0,0
USR_00494,20,0.5882,6,2,44,386.26,0.3389,0.0717,16,19,6,0,0,369,2,0
USR_00495,4,0.5714,3,0,149,1028.04,0.4885,0.1087,3,3,1,0,0,512,2,0
USR_00496,3,0.3,14,0,134,1301.06,0.6322,-0.2558,3,5,1,0,0,169,4,0
USR_00497,6,0.3158,1,0,131,248.27,0.6183,-0.0489,5,7,2,1,0,467,4,0
USR_00498,17,0.5862,26,2,18,360.93,0.857,-0.3593,14,16,5,0,0,1113,10,0
USR_00499,17,0.8095,9,2,31,465.07,0.7654,0.3047,14,14,5,1,0,528,9,0
USR_00500,15,0.8333,19,2,20,1698.02,0.5257,-0.6991,13,13,5,0,0,163,0,0
USR_00501,11,0.5789,19,1,11,968.09,0.2381,-0.0842,9,11,3,0,0,792,3,0
USR_00502,2,0.3333,1,0,43,238.9,0.5822,0.5176,2,3,0,0,1,1156,5,0
USR_00503,7,0.3889,18,0,127,986.02,0.3312,0.1386,6,8,2,0,0,1044,3,0
USR_00504,15,0.6,18,2,44,1835.36,0.8493,-0.3447,12,14,5,0,0,350,0,0
USR_00505,6,0.5,3,0,75,790.86,0.5254,0.1255,5,6,2,0,1,561,3,0
USR_00506,8,0.5714,17,1,19,357.81,0.3951,0.2384,6,9,2,1,0,651,3,0
USR_00507,15,0.9375,2,2,39,1311.0,0.821,0.0469,12,16,5,1,0,319,1,0
USR_00508,14,0.5833,13,1,22,771.23,0.5277,0.1688,11,12,4,0,0,344,8,0
USR_00509,14,0.5185,5,1,2,544.71,0.5993,-0.3716,11,12,4,0,0,306,2,0
USR_00510,13,0.5,9,1,16,1358.98,0.7252,-0.2104,11,12,4,0,0,1193,5,0
USR_00511,12,0.5714,26,1,28,663.07,0.8228,0.0985,10,13,4,1,0,902,4,0
USR_00512,19,0.6552,26,2,5,709.49,0.428,-0.0993,16,17,6,1,1,1013,11,0
USR_00513,6,0.3158,27,0,98,1323.66,0.6669,-0.1343,5,6,2,0,0,985,0,0
USR_00514,11,0.7857,28,1,29,445.51,0.5487,-0.307,9,13,3,1,0,1152,0,0
USR_00515,6,0.3529,15,0,105,263.73,0.5504,0.4172,5,6,2,0,1,153,2,0
USR_00516,2,0.6667,25,0,141,862.82,0.7351,0.0278,1,3,0,0,1,1061,3,0
USR_00517,10,0.4762,27,1,17,2311.06,0.512,0.2912,8,10,3,0,1,107,2,0
USR_00518,28,0.9032,8,3,17,107.81,0.5091,-0.6573,23,24,9,0,0,586,8,0
USR_00519,11,0.5789,3,1,13,1195.97,0.6543,0.2797,9,11,3,0,1,725,1,0
USR_00520,8,1.0,11,1,17,683.91,0.559,-0.3418,7,7,2,1,0,448,0,0
USR_00521,6,1.0,19,0,36,433.85,0.7555,-0.0833,5,7,2,1,1,201,3,0
USR_00522,22,0.7097,3,2,0,396.6,0.8129,0.0559,18,19,7,0,0,254,9,0
USR_00523,8,0.381,19,1,44,1369.73,0.494,0.5924,7,11,2,1,0,994,10,0
USR_00524,21,0.9545,9,2,34,1145.86,0.6287,0.5438,18,22,7,0,0,402,8,0
USR_00525,10,0.4545,13,1,43,290.13,0.5269,-0.0215,9,11,3,0,1,393,4,0
USR_00526,3,0.2143,11,0,75,848.69,0.4626,0.126,2,4,1,0,0,1110,7,0
USR_00527,15,0.6,22,2,3,1993.9,0.6125,-0.1807,12,14,5,0,0,198,6,0
USR_00528,5,0.5556,9,0,60,1162.04,0.9602,0.0121,4,7,1,0,1,1100,1,0
USR_00529,4,0.2353,14,0,151,175.16,0.7819,-0.0065,3,6,1,0,0,1107,4,0
USR_00530,13,0.5909,18,1,21,1115.21,0.3903,0.0966,11,13,4,0,0,730,9,0
USR_00531,11,0.8462,25,1,26,245.19,0.6474,-0.1683,9,11,3,0,1,223,2,0
USR_00532,11,0.4583,13,1,15,791.92,0.7214,0.1475,9,11,3,1,0,212,6,0
USR_00533,13,0.7647,4,1,41,365.72,0.67,0.1099,11,15,4,0,0,363,4,0
USR_00534,8,0.5333,16,1,40,917.82,0.243,-0.3218,7,8,2,0,1,705,4,0
USR_00535,15,0.8824,0,2,26,389.25,0.4259,-0.0325,12,16,5,0,0,209,0,0
USR_00536,7,0.5833,19,0,177,287.98,0.8208,-0.1593,6,8,2,0,0,563,6,0
USR_00537,15,0.625,11,2,20,855.71,0.7032,0.6113,12,16,5,0,0,165,10,0
USR_00538,19,0.5938,19,2,9,729.46,0.482,0.384,16,19,6,1,1,662,0,0
USR_00539,11,0.6471,3,1,20,1283.43,0.3629,0.2952,9,13,3,1,1,54,2,0
USR_00540,17,0.6538,14,2,41,435.19,0.8816,-0.1492,14,14,5,1,0,859,0,0
USR_00541,9,0.9,5,1,38,198.11,0.7617,0.5531,8,8,3,1,0,94,0,0
USR_00542,15,0.8333,16,2,0,1142.34,0.7089,-0.103,12,16,5,0,0,257,13,0
USR_00543,14,0.6364,1,1,30,2116.5,0.4854,-0.2129,12,12,4,0,0,234,4,0
USR_00544,4,1.0,15,0,140,418.95,0.8221,0.6801,3,6,1,0,0,1002,2,0
USR_00545,18,0.7826,12,2,3,981.33,0.472,0.2003,15,16,6,0,0,92,2,0
USR_00546,16,1.0,3,2,25,518.34,0.3126,-0.2355,13,13,5,0,1,532,13,0
USR_00547,4,0.3636,22,0,188,3121.4,0.2528,-0.1158,3,6,1,0,1,721,1,0
USR_00548,5,0.625,25,0,157,436.71,0.6741,0.2341,4,4,1,0,1,633,7,0
USR_00549,9,0.75,16,1,30,641.06,0.6465,-0.0903,8,11,3,1,0,826,2,0
USR_00550,8,0.5714,15,1,17,131.94,0.7884,-0.0266,7,9,2,1,1,969,0,0
USR_00551,17,0.8947,10,2,6,2341.32,0.5653,0.5046,14,15,5,0,0,490,6,0
USR_00552,10,0.4762,8,1,17,433.77,0.7839,-0.1979,8,9,3,1,0,999,0,0
USR_00553,10,0.625,0,1,21,1879.53,0.6186,-0.1394,8,10,3,1,1,402,6,0
USR_00554,5,0.2778,14,0,177,389.13,0.7888,0.8392,4,7,1,1,0,1181,1,0
USR_00555,5,0.625,15,0,45,624.54,0.6522,0.1436,4,5,1,0,1,620,8,0
USR_00556,5,1.0,0,0,131,355.99,0.4172,0.1517,4,7,1,1,0,891,8,0
USR_00557,7,0.5385,9,1,26,314.91,0.5348,0.4633,6,8,2,0,0,1053,7,0
USR_00558,7,0.875,16,0,95,526.12,0.7526,0.1739,6,7,2,0,1,957,0,0
USR_00559,11,0.6875,7,1,25,595.39,0.7034,0.3984,9,9,3,1,0,1025,7,0
USR_00560,12,0.5217,17,1,15,496.77,0.5226,-0.4206,10,12,4,0,0,657,13,0
USR_00561,20,0.5882,13,2,43,196.86,0.466,0.1492,17,18,6,0,0,80,1,0
USR_00562,1,0.1429,27,0,77,834.59,0.5873,-0.0476,0,2,0,0,0,606,2,0
USR_00563,1,0.3333,5,0,76,139.01,0.6515,0.1559,1,5,0,1,0,242,10,0
USR_00564,8,0.6154,1,1,20,507.6,0.3362,-0.6584,6,7,2,0,0,1070,0,0
USR_00565,7,0.6364,9,0,55,187.85,0.4466,-0.4281,6,7,2,0,0,306,6,0
USR_00566,22,0.9565,24,2,17,1366.82,0.9409,-0.0122,18,21,7,0,0,296,8,0
USR_00567,13,0.5417,27,1,8,1782.37,0.6781,0.2263,10,12,4,0,0,321,0,0
USR_00568,8,0.4444,18,1,21,1067.96,0.4134,-0.3899,6,10,2,0,0,781,4,0
USR_00569,11,0.7333,18,1,0,454.41,0.6915,-0.1633,9,12,3,0,0,698,5,0
USR_00570,17,0.7083,21,2,15,367.52,0.4187,0.109,14,14,5,0,1,1140,2,0
USR_00571,10,0.5882,29,1,35,542.97,0.7434,-0.0274,8,12,3,0,0,517,11,0
USR_00572,16,0.7273,28,2,31,636.59,0.3615,0.312,14,15,5,1,0,360,0,0
USR_00573,9,0.45,18,1,34,978.58,0.6689,0.3438,8,12,3,0,0,87,2,0
USR_00574,14,0.5833,10,1,6,914.41,0.1511,-0.3146,11,12,4,1,0,38,10,0
USR_00575,14,1.0,2,1,42,130.24,0.8489,-0.0239,12,13,4,1,0,467,1,0
USR_00576,14,0.8235,4,1,8,1129.71,0.5631,-0.1557,12,12,4,1,0,1113,10,0
USR_00577,2,0.125,19,0,189,905.5,0.495,0.3817,1,1,0,1,0,642,0,0
USR_00578,15,0.7143,2,2,43,355.86,0.4451,0.2717,12,16,5,1,1,1075,4,0
USR_00579,6,0.5,25,0,128,306.74,0.3746,-0.2787,5,8,2,0,0,148,0,0
USR_00580,6,0.3529,14,0,197,698.76,0.6397,0.4148,5,9,2,1,1,139,6,0
USR_00581,8,0.4211,27,1,16,768.21,0.3944,-0.3952,7,8,2,1,0,1005,9,0
USR_00582,9,0.5294,25,1,0,275.44,0.7867,-0.1366,7,8,3,0,0,154,10,0
USR_00583,15,0.5357,16,2,27,696.88,0.6668,-0.3241,12,12,5,0,0,90,13,0
USR_00584,3,0.2727,12,0,41,770.94,0.7612,-0.1338,3,5,1,1,0,502,6,0
USR_00585,22,0.6286,3,2,28,1321.39,0.5228,-0.6694,18,22,7,1,0,1112,8,0
USR_00586,11,0.6471,28,1,11,608.61,0.4602,-0.0005,9,10,3,1,1,836,4,0
USR_00587,17,0.85,19,2,1,131.31,0.3924,-0.5142,14,17,5,1,0,145,12,0
USR_00588,3,0.75,12,0,185,813.73,0.3751,-0.1443,3,3,1,0,0,1009,6,0
USR_00589,3,0.2727,4,0,178,171.99,0.6808,0.347,3,3,1,1,1,1016,11,0
USR_00590,11,0.4583,25,1,16,336.98,0.7634,0.0487,9,13,3,0,1,966,1,0
USR_00591,27,0.8182,1,3,41,225.74,0.8804,0.67,23,26,9,1,0,1086,4,0
USR_00592,20,0.6667,20,2,43,987.42,0.5586,0.3243,17,20,6,0,1,310,7,0
USR_00593,24,0.7742,6,3,35,278.96,0.79,0.3164,20,23,8,1,1,1176,1,0
USR_00594,12,0.5,18,1,10,1479.5,0.1612,-0.1646,10,14,4,0,1,405,1,0
USR_00595,2,0.1538,2,0,122,263.4,0.8279,-0.0825,1,1,0,1,0,968,13,0
USR_00596,6,0.375,24,0,103,132.84,0.9544,0.1592,5,6,2,1,0,707,3,0
USR_00597,6,0.5455,13,0,152,503.54,0.9341,-0.15,5,7,2,1,1,941,1,0
USR_00598,9,0.6,13,1,21,229.91,0.6176,0.0044,7,7,3,0,0,764,2,0
USR_00599,15,0.6818,28,2,31,1906.96,0.5594,0.3396,12,14,5,1,0,781,3,0
USR_00600,7,0.3684,5,1,2,386.2,0.5848,0.0428,6,6,2,1,1,751,5,0
USR_00601,9,0.5,19,1,13,1674.66,0.349,-0.4344,7,8,3,1,0,941,12,0
USR_00602,18,0.9,17,2,15,520.75,0.4956,0.208,15,19,6,1,0,894,13,0
USR_00603,18,0.8182,20,2,17,884.43,0.6294,-0.1265,15,17,6,0,0,187,6,0
USR_00604,14,0.7778,19,1,26,435.51,0.2843,-0.1578,11,12,4,0,0,996,7,0
USR_00605,19,0.6786,24,2,30,4454.72,0.6374,0.7283,16,19,6,1,0,657,2,0
USR_00606,16,0.5926,10,2,42,265.32,0.5988,0.0452,13,15,5,0,0,408,10,0
USR_00607,20,0.9091,7,2,1,57.87,0.5568,0.6299,17,19,6,0,0,631,1,0
USR_00608,8,0.4444,20,1,7,819.06,0.391,-0.2241,6,6,2,0,1,1161,0,0
USR_00609,14,0.6087,17,1,6,292.96,0.5531,-0.2001,12,14,4,0,0,1033,13,0
USR_00610,14,0.8235,27,1,12,783.24,0.6488,-0.1417,12,16,4,1,1,1005,10,0
USR_00611,11,0.8462,21,1,1,629.26,0.8082,-0.0294,9,12,3,0,0,571,2,0
USR_00612,12,0.8571,7,1,17,435.49,0.8716,-0.0897,10,14,4,0,1,947,6,0
USR_00613,19,0.6333,9,2,11,480.31,0.8872,-0.2968,16,19,6,0,0,480,3,0
USR_00614,7,0.7,20,1,23,922.79,0.8275,0.2831,6,10,2,1,0,832,2,0
USR_00615,8,0.8,11,1,21,498.19,0.9546,0.0304,7,7,2,0,0,778,2,0
USR_00616,17,0.7391,27,2,29,588.63,0.3811,0.2539,14,16,5,0,0,322,0,0
USR_00617,14,0.6087,21,1,37,446.64,0.7518,0.0975,11,13,4,0,0,341,4,0
USR_00618,17,0.7391,11,2,4,2447.22,0.8298,0.7681,14,17,5,0,0,101,3,0
USR_00619,5,0.3846,24,0,160,1896.34,0.4258,0.0459,4,6,1,1,0,193,4,0
USR_00620,4,0.4444,20,0,52,204.81,0.618,0.2956,4,8,1,0,0,537,1,0
USR_00621,15,0.7143,10,2,16,666.5,0.4456,0.3905,12,15,5,0,0,589,12,0
USR_00622,5,0.3846,12,0,127,346.67,0.7901,-0.3479,4,5,1,1,0,223,6,0
USR_00623,10,0.5263,18,1,0,245.63,0.8284,-0.3135,8,12,3,1,0,517,11,0
USR_00624,17,0.6071,7,2,4,51.49,0.7083,-0.2968,14,15,5,1,0,736,0,0
USR_00625,13,0.52,19,1,20,512.67,0.8658,-0.1083,10,12,4,0,1,302,5,0
USR_00626,7,0.6364,9,0,86,545.16,0.9145,-0.0888,6,7,2,0,0,425,10,0
USR_00627,12,0.9231,27,1,1,1967.9,0.774,0.0736,10,10,4,0,1,459,2,0
USR_00628,20,0.9524,17,2,22,1537.55,0.5527,0.4812,17,19,6,0,0,620,1,0
USR_00629,12,0.5455,23,1,14,985.81,0.6896,-0.4767,10,11,4,0,0,458,1,0
USR_00630,1,0.1429,16,0,180,1200.29,0.2644,-0.4606,1,2,0,0,1,892,2,0
USR_00631,11,0.6471,5,1,37,1314.71,0.6856,-0.1713,9,12,3,1,0,413,3,0
USR_00632,12,0.5217,20,1,26,982.48,0.3247,-0.2902,10,12,4,0,1,537,2,0
USR_00633,16,0.6154,18,2,42,2013.85,0.433,-0.4499,13,16,5,1,0,473,2,0
USR_00634,15,0.5357,4,2,25,240.89,0.797,-0.0993,13,16,5,1,0,244,6,0
USR_00635,14,0.5185,28,1,16,450.37,0.4656,0.0715,12,14,4,1,1,832,0,0
USR_00636,13,0.5417,2,1,4,402.26,0.4699,-0.0208,10,14,4,0,1,305,2,0
USR_00637,5,0.3571,11,0,118,427.87,0.3111,-0.1659,4,7,1,0,0,377,6,0
USR_00638,5,0.2778,3,0,96,589.16,0.6884,0.0049,4,4,1,0,0,957,0,0
USR_00639,10,0.8333,22,1,34,2455.44,0.785,-0.5164,8,10,3,0,0,1140,1,0
USR_00640,2,0.125,12,0,127,1361.41,0.6123,0.2127,2,6,0,0,0,814,1,0
USR_00641,15,0.7143,16,2,31,1769.58,0.8772,0.002,12,15,5,1,0,1102,0,0
USR_00642,6,0.6667,26,0,69,624.94,0.3696,0.11,5,7,2,0,0,1029,4,0
USR_00643,4,0.3333,13,0,143,602.71,0.9402,0.0233,3,3,1,1,0,592,0,0
USR_00644,16,0.5517,14,2,35,1056.48,0.6299,-0.4798,13,16,5,1,1,931,2,0
USR_00645,5,0.8333,17,0,184,939.77,0.56,-0.13,4,4,1,1,1,414,13,0
USR_00646,13,0.8667,27,1,16,939.32,0.2995,0.415,11,11,4,0,0,568,12,0
USR_00647,20,0.6897,12,2,20,4250.2,0.6691,0.1826,16,18,6,0,0,656,1,0
USR_00648,6,0.375,7,0,146,1062.82,0.8199,-0.0589,5,9,2,1,0,1153,2,0
USR_00649,8,0.4444,9,1,42,354.36,0.6103,0.2487,6,10,2,0,0,1022,3,0
USR_00650,5,0.2778,16,0,195,378.75,0.5565,0.3093,4,7,1,0,0,602,10,0
USR_00651,17,0.6071,22,2,39,1304.38,0.6695,0.4206,14,18,5,0,1,793,9,0
USR_00652,11,0.4783,25,1,30,1225.4,0.442,0.2427,9,12,3,1,1,266,0,0
USR_00653,7,0.875,15,0,123,1455.33,0.7895,0.4475,6,9,2,0,0,971,0,0
USR_00654,17,0.7727,14,2,6,1008.99,0.8578,0.0219,14,17,5,0,1,677,3,0
USR_00655,10,0.5,28,1,4,289.43,0.5372,0.2842,8,11,3,0,0,653,11,0
USR_00656,5,0.2941,20,0,42,2274.12,0.301,-0.2983,4,5,1,1,0,926,11,0
USR_00657,8,0.6154,0,1,12,1947.5,0.502,0.2411,7,8,2,0,0,770,0,0
USR_00658,9,0.5294,19,1,10,488.58,0.6278,0.0642,8,12,3,1,1,114,5,0
USR_00659,3,0.5,23,0,166,891.76,0.3147,0.1866,2,5,1,0,0,367,0,0
USR_00660,2,0.1429,23,0,147,771.74,0.5789,0.38,1,2,0,0,0,236,6,0
USR_00661,16,0.6957,4,2,33,494.11,0.5951,-0.2683,13,17,5,0,1,889,12,0
USR_00662,4,0.8,15,0,62,263.13,0.8292,0.4391,3,3,1,0,0,71,3,0
USR_00663,15,0.6522,22,2,13,1053.19,0.4981,0.2072,12,14,5,1,1,266,0,0
USR_00664,13,0.8125,28,1,38,201.63,0.2408,0.0918,11,12,4,1,0,729,5,0
USR_00665,19,0.76,26,2,9,413.1,0.6857,-0.3565,16,17,6,1,0,842,3,0
USR_00666,11,0.6875,23,1,15,2616.15,0.4512,-0.1774,9,11,3,0,0,618,10,0
USR_00667,9,0.4286,23,1,15,928.04,0.4084,0.2857,8,11,3,0,0,1037,2,0
USR_00668,8,0.4,10,1,20,903.73,0.4562,0.0042,6,7,2,0,1,1105,11,0
USR_00669,7,0.7778,17,0,154,525.51,0.8171,0.3563,5,5,2,0,1,184,2,0
USR_00670,8,0.6667,1,1,26,190.74,0.506,0.2519,6,9,2,1,1,1144,0,0
USR_00671,12,0.6667,3,1,36,926.51,0.4645,-0.2198,10,13,4,0,1,748,2,0
USR_00672,15,0.5556,7,2,20,991.41,0.7284,-0.0055,12,14,5,1,1,774,0,0
USR_00673,2,0.3333,28,0,102,1255.56,0.4655,-0.0262,2,6,0,0,1,141,2,0
USR_00674,13,0.5652,7,1,28,485.85,0.6083,0.2734,11,15,4,1,1,757,6,0
USR_00675,7,1.0,9,0,108,479.65,0.8248,0.0286,6,10,2,0,0,879,0,0
USR_00676,21,0.6,24,2,11,1047.82,0.8865,-0.0111,17,20,7,1,1,709,0,0
USR_00677,11,0.6875,0,1,2,243.16,0.7732,0.1404,9,12,3,0,0,128,0,0
USR_00678,3,0.4286,5,0,48,1274.69,0.5847,-0.0728,2,3,1,0,0,642,0,0
USR_00679,13,0.5652,0,1,32,585.11,0.8224,0.2506,11,12,4,0,1,1125,11,0
USR_00680,3,0.25,17,0,71,840.86,0.5853,0.0584,3,6,1,1,0,876,12,0
USR_00681,5,0.4167,22,0,93,4213.97,0.5595,0.3803,4,8,1,1,0,190,0,0
USR_00682,10,0.4348,27,1,6,535.11,0.3587,0.2433,8,9,3,1,1,1153,8,0
USR_00683,6,0.5,24,0,39,743.56,0.7502,0.0682,5,7,2,0,0,1151,8,0
USR_00684,14,0.6364,21,1,25,681.28,0.6322,0.4477,12,15,4,0,0,228,13,0
USR_00685,9,0.5625,24,1,15,136.58,0.6278,-0.164,8,12,3,0,0,967,2,0
USR_00686,6,0.75,27,0,73,1084.82,0.5246,0.0595,5,7,2,0,0,505,2,0
USR_00687,12,0.75,16,1,21,102.49,0.6268,0.0487,10,10,4,1,0,724,3,0
USR_00688,4,0.3077,3,0,76,1219.23,0.7308,0.1319,4,4,1,0,0,550,10,0
USR_00689,12,0.9231,18,1,6,382.49,0.413,-0.1552,10,13,4,0,0,945,7,0
USR_00690,1,0.0909,9,0,195,368.49,0.6043,0.0494,0,2,0,0,1,1196,4,0
USR_00691,2,0.2,27,0,163,645.0,0.9691,-0.1648,1,4,0,0,0,960,1,0
USR_00692,11,0.55,15,1,39,230.29,0.6474,-0.4163,9,9,3,0,0,1119,7,0
USR_00693,18,0.6,19,2,41,608.13,0.35,-0.0358,15,15,6,1,0,1136,10,0
USR_00694,12,0.6316,15,1,29,276.8,0.4444,0.0892,10,14,4,0,0,135,3,0
USR_00695,5,0.3125,10,0,178,237.11,0.7122,-0.3001,4,8,1,1,1,326,6,0
USR_00696,6,0.3529,27,0,86,558.5,0.3863,-0.0978,5,9,2,0,0,874,3,0
USR_00697,5,0.625,28,0,105,1770.14,0.7781,0.1694,4,5,1,1,0,720,4,0
USR_00698,7,0.6364,26,0,182,1185.35,0.2964,0.2085,6,6,2,0,1,88,4,0
USR_00699,8,0.5714,28,1,17,430.51,0.7198,0.2352,7,7,2,0,0,141,9,0
USR_00700,23,0.9583,0,3,30,583.49,0.2845,-0.2966,19,20,7,0,0,639,13,0
USR_00701,17,0.68,18,2,41,430.78,0.6168,0.6817,14,18,5,0,0,750,3,0
USR_00702,12,0.48,12,1,21,255.86,0.7669,-0.4526,10,11,4,1,0,226,2,0
USR_00703,10,0.4545,16,1,29,287.79,0.5164,-0.0515,9,12,3,1,0,230,3,0
USR_00704,14,0.5833,13,1,9,822.01,0.7194,-0.6883,11,13,4,0,1,181,0,0
USR_00705,5,0.7143,28,0,105,370.84,0.3539,-0.2943,4,4,1,0,0,690,2,0
USR_00706,9,0.4286,24,1,29,633.65,0.7617,-0.2616,8,10,3,0,0,39,0,0
USR_00707,16,0.9412,23,2,12,293.97,0.5615,0.3815,14,17,5,1,0,699,3,0
USR_00708,8,0.5714,19,1,35,1253.15,0.5006,0.5083,7,10,2,0,0,586,0,0
USR_00709,3,0.1875,3,0,178,1108.98,0.4529,0.0719,2,3,1,1,1,575,2,0
USR_00710,9,0.45,5,1,38,2310.7,0.5269,-0.1409,8,9,3,0,0,824,9,0
USR_00711,14,0.875,28,1,35,1976.9,0.7521,-0.771,11,12,4,0,1,641,1,0
USR_00712,8,0.5333,1,1,27,318.2,0.2628,-0.2404,7,10,2,0,1,881,5,0
USR_00713,15,0.5172,21,2,25,334.3,0.7593,-0.5474,13,14,5,1,1,923,12,0
USR_00714,4,0.4,17,0,165,881.03,0.6437,-0.2,4,5,1,0,0,1106,5,0
USR_00715,11,0.5789,22,1,12,327.32,0.6897,-0.0959,9,12,3,1,1,965,1,0
USR_00716,17,0.7727,29,2,2,802.87,0.4632,0.0641,14,16,5,0,1,635,2,0
USR_00717,7,0.5,12,1,17,504.23,0.2271,-0.0571,6,9,2,0,0,605,5,0
USR_00718,14,0.6667,17,1,18,1384.8,0.2039,-0.1371,12,12,4,0,0,305,4,0
USR_00719,14,0.875,0,1,28,1416.88,0.5607,-0.1504,12,16,4,0,0,731,0,0
USR_00720,4,0.2222,10,0,173,520.55,0.7394,-0.0419,3,7,1,0,1,192,3,0
USR_00721,7,0.3684,8,0,113,153.92,0.6307,0.3272,5,9,2,1,0,1119,4,0
USR_00722,11,0.9167,24,1,41,1492.63,0.3923,0.2043,9,9,3,0,0,1018,1,0
USR_00723,11,0.8462,9,1,21,407.94,0.8476,-0.1992,9,13,3,1,1,170,5,0
USR_00724,26,0.7429,9,3,20,652.77,0.4136,-0.0996,22,22,8,0,1,949,0,0
USR_00725,12,0.6667,13,1,1,596.23,0.479,0.5882,10,14,4,0,0,167,2,0
USR_00726,10,0.5,17,1,1,904.42,0.2629,-0.1798,8,12,3,1,0,873,9,0
USR_00727,10,1.0,21,1,36,404.27,0.4521,0.1956,8,9,3,0,0,132,1,0
USR_00728,7,0.3889,29,0,170,271.8,0.5853,0.2959,6,10,2,0,1,601,5,0
USR_00729,15,1.0,13,2,17,750.88,0.5545,0.0073,12,14,5,1,0,799,3,0
USR_00730,16,0.8889,18,2,17,1288.45,0.6071,-0.1944,14,15,5,0,1,882,2,0
USR_00731,7,0.4118,11,1,20,602.71,0.504,-0.5623,6,6,2,0,0,519,12,0
USR_00732,5,0.5,17,0,150,601.24,0.642,0.1818,4,8,1,1,0,1108,2,0
USR_00733,15,0.8333,7,2,39,257.44,0.7483,0.0687,12,14,5,1,0,935,1,0
USR_00734,10,0.4348,7,1,19,1003.5,0.7467,-0.2172,8,10,3,0,0,273,12,0
USR_00735,17,0.6538,23,2,17,1063.26,0.5544,0.1631,14,15,5,0,0,815,8,0
USR_00736,25,0.8621,20,3,18,610.45,0.9164,0.0421,21,25,8,0,0,884,6,0
USR_00737,17,0.6296,23,2,21,305.06,0.8307,-0.2315,14,18,5,0,1,420,0,0
USR_00738,14,0.875,21,1,13,710.14,0.8674,-0.4278,12,15,4,0,1,893,0,0
USR_00739,14,0.6667,10,1,13,759.54,0.2545,-0.1287,11,11,4,1,1,1081,6,0
USR_00740,19,0.9048,23,2,20,643.69,0.429,0.4295,16,19,6,0,0,986,1,0
USR_00741,23,0.7188,6,3,36,279.64,0.6644,0.2032,19,21,7,1,1,922,1,0
USR_00742,8,0.6667,0,1,12,814.79,0.7386,0.1156,7,7,2,0,0,772,9,0
USR_00743,14,0.8235,6,1,19,757.58,0.3532,0.129,12,16,4,0,0,346,2,0
USR_00744,3,0.5,20,0,35,929.84,0.6228,-0.2542,2,3,1,1,0,960,0,0
USR_00745,12,0.5,19,1,21,596.44,0.7227,-0.144,10,13,4,0,1,456,0,0
USR_00746,24,0.6667,22,3,5,1857.23,0.5544,0.0197,20,23,8,1,0,652,3,0
USR_00747,25,0.8929,23,3,22,664.13,0.4787,-0.0181,20,24,8,1,1,397,5,0
USR_00748,10,0.8333,6,1,31,2030.44,0.793,-0.3178,9,9,3,0,0,396,10,0
USR_00749,14,0.6364,23,1,30,794.96,0.7955,-0.3343,12,16,4,1,0,214,0,0
USR_00750,12,0.5714,14,1,28,263.31,0.5559,-0.0242,10,14,4,0,0,1154,1,0
USR_00751,7,0.3684,26,1,24,1298.09,0.86,-0.1479,6,9,2,1,0,202,4,0
USR_00752,7,0.3684,0,0,116,497.03,0.6858,-0.0832,6,7,2,1,0,130,2,0
USR_00753,3,0.2143,22,0,127,466.25,0.7934,-0.0587,2,4,1,0,0,1125,4,0
USR_00754,4,1.0,20,0,97,1526.11,0.7088,0.4199,3,3,1,1,0,679,12,0
USR_00755,14,1.0,14,1,29,244.81,0.8594,-0.1361,12,12,4,1,0,542,4,0
USR_00756,10,0.8333,26,1,13,163.79,0.7806,0.1461,8,8,3,0,1,892,3,0
USR_00757,4,0.4444,8,0,123,558.19,0.4098,-0.3174,3,4,1,0,0,478,13,0
USR_00758,20,0.6452,11,2,14,846.54,0.5085,0.4153,17,19,6,0,0,179,0,0
USR_00759,19,0.6129,11,2,31,1331.48,0.5574,0.5272,16,16,6,1,1,883,12,0
USR_00760,6,0.375,14,0,116,746.86,0.8559,-0.1173,5,5,2,0,0,235,4,0
USR_00761,13,0.52,8,1,21,109.89,0.8343,-0.3759,11,11,4,1,0,677,4,0
USR_00762,7,0.5833,20,1,25,305.88,0.4403,-0.5185,6,9,2,0,0,1140,12,0
USR_00763,19,0.6786,2,2,44,242.81,0.3133,0.0551,16,19,6,1,0,1125,4,0
USR_00764,9,0.8182,0,1,24,147.21,0.8871,-0.09,7,11,3,1,1,452,3,0
USR_00765,20,0.9524,4,2,25,580.49,0.4083,0.421,16,20,6,0,0,942,2,0
USR_00766,17,0.5862,13,2,41,1000.97,0.6394,0.0887,14,18,5,0,0,746,6,0
USR_00767,14,0.7,0,1,35,1446.6,0.366,-0.204,11,12,4,1,0,590,5,0
USR_00768,17,0.6296,19,2,1,989.43,0.239,0.2735,14,17,5,0,1,193,1,0
USR_00769,3,0.1765,5,0,161,425.62,0.6182,-0.627,2,4,1,1,0,470,7,0
USR_00770,8,0.5,22,1,31,1581.12,0.5524,-0.0081,6,7,2,1,0,792,6,0
USR_00771,16,0.9412,25,2,15,562.11,0.7363,0.0247,13,17,5,0,0,1184,3,0
USR_00772,18,0.6667,25,2,10,698.1,0.473,0.1487,15,17,6,0,1,35,0,0
USR_00773,20,0.625,16,2,23,391.58,0.6372,-0.1617,16,20,6,1,0,869,3,0
USR_00774,2,0.3333,15,0,140,546.74,0.6144,-0.0451,1,2,0,1,0,1020,0,0
USR_00775,10,0.625,11,1,25,474.88,0.7094,-0.1556,8,12,3,0,0,1142,0,0
USR_00776,5,0.3571,3,0,169,220.26,0.5256,0.1522,4,6,1,0,1,525,3,0
USR_00777,2,0.1538,7,0,175,1107.24,0.4703,0.2236,2,2,0,0,0,168,0,0
USR_00778,13,0.8667,7,1,28,760.63,0.6854,-0.2533,11,11,4,0,0,347,2,0
USR_00779,5,1.0,17,0,177,1256.28,0.7059,0.2173,4,7,1,1,0,1025,6,0
USR_00780,13,0.5909,0,1,12,378.73,0.559,-0.36,10,12,4,0,0,1057,2,0
USR_00781,8,1.0,29,1,19,1169.55,0.6279,-0.0753,7,9,2,1,0,775,13,0
USR_00782,14,0.7,3,1,26,189.61,0.6866,0.2676,11,12,4,0,1,173,12,0
USR_00783,16,0.8,10,2,29,1025.72,0.2449,-0.1402,13,13,5,1,0,172,5,0
USR_00784,10,0.625,9,1,27,1142.12,0.5173,-0.1451,8,9,3,0,0,589,13,0
USR_00785,5,0.2778,25,0,57,289.8,0.7288,0.058,4,7,1,0,0,718,10,0
USR_00786,18,0.5625,18,2,5,1625.22,0.2945,-0.914,15,16,6,0,0,67,2,0
USR_00787,3,0.2308,28,0,66,2314.13,0.6941,-0.2116,2,3,1,1,1,832,8,0
USR_00788,5,0.5,27,0,74,419.95,0.9128,-0.1171,4,5,1,1,1,667,0,0
USR_00789,8,0.4706,23,1,15,2120.74,0.5605,-0.0672,6,9,2,1,0,44,6,0
USR_00790,3,0.6,4,0,49,170.48,0.2052,0.063,2,2,1,1,0,141,4,0
USR_00791,2,0.125,17,0,177,596.44,0.7326,-0.0126,1,3,0,1,1,561,0,0
USR_00792,16,0.5517,17,2,41,82.16,0.607,0.3663,13,13,5,1,0,875,2,0
USR_00793,18,0.7826,9,2,30,1399.29,0.4314,0.5245,15,15,6,0,0,995,13,0
USR_00794,11,1.0,1,1,7,195.53,0.4712,-0.0318,9,11,3,1,0,534,2,0
USR_00795,9,0.4286,1,1,7,139.63,0.859,-0.1977,7,10,3,0,0,375,1,0
USR_00796,9,1.0,11,1,29,820.46,0.7882,0.3744,7,11,3,0,0,1162,1,0
USR_00797,15,0.9375,22,2,11,1523.9,0.5424,-0.078,12,15,5,0,0,566,4,0
USR_00798,2,1.0,5,0,156,481.26,0.358,-0.1913,1,3,0,1,1,399,10,0
USR_00799,6,0.75,28,0,108,741.77,0.6937,0.2425,5,6,2,1,0,547,8,0
USR_00800,7,0.35,8,1,1,2723.09,0.7769,0.0051,6,9,2,0,0,44,3,0
USR_00801,10,0.5882,20,1,12,310.89,0.3193,0.2548,8,10,3,0,0,383,1,0
USR_00802,14,0.875,1,1,38,303.34,0.6946,-0.2127,12,15,4,0,0,633,0,0
USR_00803,4,0.2222,1,0,130,1585.25,0.3615,-0.0846,4,7,1,0,0,1104,3,0
USR_00804,20,0.7692,15,2,20,795.89,0.3774,0.2532,16,16,6,0,1,893,10,0
USR_00805,7,0.4118,4,0,61,2079.48,0.812,-0.6631,6,8,2,1,0,944,7,0
USR_00806,8,0.5,19,1,39,235.9,0.4536,-0.1404,6,8,2,0,1,667,3,0
USR_00807,16,0.9412,11,2,7,159.0,0.8045,0.3034,13,17,5,1,0,159,5,0
USR_00808,8,0.4444,6,1,35,211.18,0.2698,-0.0751,7,9,2,0,0,487,3,0
USR_00809,12,0.4615,29,1,28,1170.72,0.7402,0.3216,10,13,4,0,0,1196,5,0
USR_00810,8,0.3636,11,1,8,1737.93,0.8687,-0.2217,7,9,2,0,0,81,4,0
USR_00811,2,0.1538,2,0,48,1566.42,0.6608,0.0737,2,3,0,0,0,1058,6,0
USR_00812,13,0.5652,4,1,5,1037.24,0.3779,-0.0885,11,14,4,0,1,830,4,0
USR_00813,3,0.2143,9,0,30,1812.12,0.5611,-0.4909,2,3,1,1,1,362,12,0
USR_00814,20,0.5882,14,2,40,409.15,0.7468,-0.0998,16,19,6,0,1,940,3,0
USR_00815,20,0.7143,16,2,13,135.82,0.642,-0.1389,17,20,6,1,0,1009,0,0
USR_00816,8,0.381,13,1,15,182.45,0.896,-0.193,6,9,2,0,0,80,1,0
USR_00817,20,0.8,3,2,4,207.98,0.578,-0.2639,16,17,6,0,0,154,4,0
USR_00818,5,0.5556,7,0,128,141.44,0.7412,0.4206,4,4,1,0,0,808,4,0
USR_00819,7,0.875,3,0,181,223.99,0.5199,-0.2043,6,9,2,0,0,1198,4,0
USR_00820,11,0.6471,15,1,35,317.23,0.7669,0.0982,9,10,3,0,0,58,7,0
USR_00821,4,0.3077,2,0,36,1080.76,0.5344,-0.0377,3,5,1,1,0,808,2,0
USR_00822,1,0.1429,23,0,40,841.71,0.8912,0.2494,1,3,0,1,0,189,6,0
USR_00823,13,0.9286,15,1,33,2223.38,0.5724,0.5201,11,11,4,0,0,790,7,0
USR_00824,11,0.6471,8,1,37,246.73,0.5959,0.4639,9,9,3,1,1,759,3,0
USR_00825,16,0.6667,8,2,17,896.5,0.5085,-0.159,13,13,5,0,0,135,3,0
USR_00826,16,0.9412,1,2,42,1906.18,0.8163,0.1683,13,14,5,1,0,826,0,0
USR_00827,13,0.619,1,1,25,441.99,0.4464,0.3544,11,11,4,0,0,1079,3,0
USR_00828,22,0.8148,19,3,6,465.83,0.5816,-0.087,18,21,7,0,0,1040,9,0
USR_00829,4,0.3333,15,0,137,2008.99,0.3555,0.3035,3,4,1,0,0,63,12,0
USR_00830,16,1.0,3,2,41,500.34,0.6167,0.0094,13,15,5,0,0,317,5,0
USR_00831,15,0.5556,21,2,39,2093.48,0.6814,-0.3845,12,14,5,1,1,311,2,0
USR_00832,9,0.6429,29,1,27,203.33,0.454,0.5961,8,10,3,0,1,560,6,0
USR_00833,14,0.7,20,1,14,2429.21,0.7575,-0.5183,12,15,4,0,0,197,8,0
USR_00834,7,0.875,26,1,30,1818.81,0.6991,-0.4125,6,8,2,0,1,1029,2,0
USR_00835,18,0.75,20,2,8,309.48,0.3224,-0.1412,15,19,6,0,0,938,10,0
USR_00836,25,0.8333,27,3,38,519.79,0.8857,0.2754,20,23,8,0,0,975,0,0
USR_00837,11,1.0,16,1,15,246.45,0.5246,0.176,9,13,3,1,1,261,0,0
USR_00838,13,0.619,24,1,17,448.16,0.5613,0.5683,11,14,4,1,0,47,0,0
USR_00839,4,0.5,23,0,168,190.36,0.068,0.3026,3,5,1,0,0,1095,0,0
USR_00840,13,0.7222,9,1,38,160.12,0.7533,0.0513,11,11,4,1,1,368,11,0
USR_00841,4,0.8,1,0,117,243.93,0.7431,0.364,4,7,1,0,1,797,3,0
USR_00842,6,0.4,12,0,151,1524.58,0.8984,-0.0842,5,5,2,1,0,1094,2,0
USR_00843,13,0.8667,5,1,5,150.19,0.3547,0.0361,11,14,4,0,1,72,3,0
USR_00844,11,0.5789,26,1,23,1994.63,0.2502,-0.1467,9,12,3,0,0,36,3,0
USR_00845,7,0.5385,21,0,84,1382.48,0.8278,0.322,5,6,2,1,0,36,2,0
USR_00846,27,0.7105,26,3,11,1908.22,0.6776,-0.1073,22,24,9,0,1,212,0,0
USR_00847,10,0.625,10,1,34,876.36,0.4376,-0.3976,8,10,3,0,0,90,6,0
USR_00848,11,0.55,16,1,14,2488.2,0.6609,-0.4001,9,9,3,0,0,989,0,0
USR_00849,8,0.3636,7,1,38,211.15,0.7592,-0.3356,6,10,2,0,1,738,9,0
USR_00850,7,0.7,14,1,31,1987.58,0.0842,0.143,6,6,2,0,0,1176,1,0
USR_00851,11,0.9167,0,1,3,5000.0,0.9189,-0.0504,9,10,3,0,0,967,8,0
USR_00852,11,0.55,10,1,1,538.72,0.8939,0.0058,9,13,3,1,0,1156,9,0
USR_00853,12,0.8571,26,1,13,636.33,0.5146,0.1159,10,10,4,0,1,309,0,0
USR_00854,18,0.8571,18,2,2,318.26,0.4823,0.1513,15,15,6,0,0,366,0,0
USR_00855,8,0.4211,25,1,2,701.42,0.6296,-0.0992,6,6,2,0,0,1023,12,0
USR_00856,9,0.4737,23,1,22,771.95,0.6531,-0.0321,8,12,3,1,0,316,3,0
USR_00857,6,1.0,1,0,103,100.44,0.741,-0.1397,5,8,2,1,0,96,6,0
USR_00858,8,0.5,14,1,44,1085.31,0.3817,0.1069,7,7,2,1,1,812,0,0
USR_00859,20,0.6897,9,2,6,1615.95,0.7788,-0.0334,16,18,6,1,0,967,2,0
USR_00860,4,0.5,3,0,61,328.67,0.6257,-0.267,3,7,1,1,0,1162,4,0
USR_00861,2,0.1538,6,0,139,473.65,0.8473,0.0251,1,1,0,1,0,1115,11,0
USR_00862,18,0.6429,0,2,25,1311.02,0.5719,0.1999,15,16,6,0,1,170,2,0
USR_00863,0,0.0,179,0,98,316.28,0.5676,0.5268,0,2,0,1,0,933,9,0
USR_00864,13,0.8125,20,1,35,1205.45,0.9099,-0.355,10,10,4,0,0,1019,6,0
USR_00865,23,0.8519,7,3,32,836.19,0.4178,-0.3887,19,22,7,0,0,846,0,0
USR_00866,10,0.5556,21,1,23,4306.63,0.943,-0.4316,8,9,3,1,1,989,2,0
USR_00867,9,0.9,8,1,18,600.31,0.8895,-0.1924,7,10,3,1,1,1010,1,0
USR_00868,13,0.6842,1,1,23,433.96,0.6577,-0.0591,11,14,4,0,0,552,3,0
USR_00869,1,0.0667,21,0,107,810.54,0.9376,-0.1376,1,3,0,1,1,76,6,0
USR_00870,4,0.3077,4,0,139,729.63,0.7832,-0.4341,3,6,1,0,0,563,3,0
USR_00871,10,0.4545,29,1,43,2454.21,0.7841,0.4286,8,11,3,0,1,266,1,0
USR_00872,12,0.75,12,1,20,2353.29,0.3021,-0.5608,10,14,4,1,0,163,7,0
USR_00873,3,0.2308,1,0,196,371.05,0.9073,0.5304,3,6,1,1,0,176,5,0
USR_00874,10,0.4762,7,1,34,570.34,0.3789,0.1687,8,12,3,0,0,845,4,0
USR_00875,25,0.9259,9,3,1,381.58,0.2692,0.4279,21,25,8,0,0,620,4,0
USR_00876,9,0.75,14,1,24,331.16,0.507,-0.2983,7,11,3,1,0,661,1,0
USR_00877,24,0.8,20,3,18,50.0,0.7469,-0.108,20,23,8,0,0,901,6,0
USR_00878,18,0.6667,9,2,25,2568.47,0.7321,-0.0629,15,16,6,0,0,671,3,0
USR_00879,8,0.4444,9,1,21,389.06,0.4497,-0.1359,6,8,2,0,0,767,2,0
USR_00880,20,0.5882,27,2,33,465.5,0.966,0.0722,17,20,6,1,1,130,0,0
USR_00881,12,0.9231,5,1,21,5000.0,0.5521,0.0759,10,11,4,0,0,1025,5,0
USR_00882,8,0.4706,21,1,10,398.55,0.7859,-0.2672,7,7,2,0,0,555,5,0
USR_00883,8,0.3636,5,1,20,574.52,0.8161,0.5682,7,11,2,1,0,211,2,0
USR_00884,2,0.5,7,0,114,823.63,0.595,-0.3344,2,6,0,0,1,981,10,0
USR_00885,6,0.3,17,0,161,871.72,0.7715,0.1474,5,7,2,1,0,889,10,0
USR_00886,2,0.1429,2,0,31,405.48,0.7715,0.075,1,4,0,0,0,92,0,0
USR_00887,26,0.9286,4,3,24,1633.74,0.4226,0.0831,21,24,8,0,0,255,7,0
USR_00888,17,0.85,25,2,23,756.33,0.6765,-0.7454,14,18,5,0,0,48,3,0
USR_00889,11,0.8462,2,1,39,727.68,0.7725,-0.056,9,9,3,0,0,346,13,0
USR_00890,25,0.9615,4,3,43,388.0,0.7394,-0.0537,21,24,8,0,1,146,1,0
USR_00891,10,0.6667,22,1,16,599.16,0.4584,0.1131,9,11,3,1,0,860,2,0
USR_00892,13,0.6842,14,1,29,1450.65,0.654,-0.3993,10,11,4,0,0,641,3,0
USR_00893,1,0.1429,10,0,178,1454.48,0.7005,0.0969,1,2,0,1,0,1176,1,0
USR_00894,14,0.5385,24,1,30,471.88,0.6714,0.2461,11,14,4,0,0,906,7,0
USR_00895,6,0.5,26,0,45,358.09,0.8578,0.2003,5,7,2,0,0,745,4,0
USR_00896,21,0.913,3,2,38,1343.21,0.5471,0.0125,18,20,7,0,1,625,1,0
USR_00897,11,0.5238,14,1,17,846.45,0.9233,0.3576,9,9,3,1,0,93,4,0
USR_00898,5,0.3571,27,0,108,1341.41,0.2693,0.2694,4,8,1,0,0,112,11,0
USR_00899,9,0.5625,3,1,6,306.39,0.6404,-0.2085,8,10,3,0,0,751,9,0
USR_00900,22,0.7097,12,3,31,653.82,0.8354,0.0602,19,22,7,0,1,35,4,0
USR_00901,15,0.8824,5,2,19,1344.08,0.6374,0.2988,12,14,5,0,1,79,2,0
USR_00902,27,0.7105,4,3,19,376.27,0.5565,0.4925,22,25,9,0,1,286,0,0
USR_00903,26,0.8966,26,3,22,3010.36,0.3485,-0.1838,22,25,8,1,1,1064,11,0
USR_00904,10,1.0,19,1,30,2450.83,0.6527,-0.2574,8,12,3,1,0,566,7,0
USR_00905,15,0.7143,3,2,39,565.05,0.9157,-0.3072,13,14,5,1,0,860,5,0
USR_00906,3,0.5,10,0,129,568.29,0.5724,-0.3838,2,6,1,0,0,511,11,0
USR_00907,0,0.0,174,0,69,860.01,0.7895,0.0079,0,3,0,0,0,232,0,0
USR_00908,14,0.7,27,1,38,762.03,0.6361,-0.1927,12,16,4,0,0,464,6,0
USR_00909,9,0.4091,9,1,34,1757.56,0.4709,0.1779,7,11,3,1,1,137,1,0
USR_00910,4,0.4,3,0,199,328.76,0.6879,-0.1761,3,3,1,1,0,931,0,0
USR_00911,6,0.8571,29,0,171,331.57,0.6493,-0.334,5,8,2,0,0,244,3,0
USR_00912,7,0.5,1,1,11,826.16,0.5188,0.2912,6,10,2,1,0,470,3,0
USR_00913,12,0.5,29,1,12,988.27,0.5347,-0.0106,10,12,4,0,0,1176,12,0
USR_00914,12,0.8,9,1,17,646.32,0.9406,0.2571,10,10,4,1,0,722,2,0
USR_00915,11,0.7333,20,1,19,1361.59,0.8689,-0.148,9,11,3,0,1,566,10,0
USR_00916,17,0.8947,16,2,9,1986.02,0.7966,0.5239,14,18,5,0,0,665,8,0
USR_00917,21,0.6774,7,2,14,1209.2,0.9181,0.1112,17,20,7,1,1,947,6,0
USR_00918,12,0.8571,16,1,10,895.14,0.4573,-0.3295,10,10,4,1,0,327,12,0
USR_00919,6,0.6667,5,0,181,559.34,0.7082,-0.489,5,9,2,1,1,774,3,0
USR_00920,5,0.8333,15,0,172,706.28,0.3913,0.0934,4,8,1,0,1,1051,3,0
USR_00921,4,0.4444,1,0,130,222.96,0.4627,0.1322,3,6,1,1,0,699,0,0
USR_00922,3,0.1875,7,0,99,256.81,0.4138,0.216,2,2,1,1,0,552,2,0
USR_00923,5,0.4545,1,0,165,1820.7,0.9191,-0.534,4,4,1,1,0,199,11,0
USR_00924,3,0.75,18,0,81,2705.09,0.4393,-0.5255,3,3,1,0,1,320,4,0
USR_00925,17,0.6071,28,2,17,222.97,0.3171,-0.54,14,14,5,0,1,1136,2,0
USR_00926,10,0.6667,1,1,24,1029.89,0.7864,-0.2769,8,12,3,1,1,663,1,0
USR_00927,10,0.8333,18,1,34,196.44,0.2886,0.1841,8,8,3,0,0,382,4,0
USR_00928,6,1.0,15,0,145,2485.86,0.2937,0.0067,5,8,2,0,0,519,7,0
USR_00929,4,0.4444,5,0,39,656.32,0.5728,-0.5089,3,3,1,1,0,706,2,0
USR_00930,2,0.5,20,0,36,4991.15,0.6195,-0.4541,1,4,0,1,1,658,8,0
USR_00931,8,0.5333,23,1,2,399.69,0.7983,0.1026,6,9,2,1,1,848,5,0
USR_00932,15,0.7143,27,2,2,442.4,0.4778,0.3452,12,15,5,0,0,331,9,0
USR_00933,16,0.64,2,2,30,915.68,0.7755,0.1553,13,14,5,0,1,789,1,0
USR_00934,5,0.5556,5,0,162,1370.55,0.727,0.4682,4,6,1,1,1,547,6,0
USR_00935,8,0.8889,15,1,22,1272.82,0.6221,0.1217,7,8,2,0,0,1130,0,0
USR_00936,11,0.9167,23,1,36,1449.83,0.9474,0.4623,9,10,3,1,0,214,2,0
USR_00937,16,0.9412,5,2,27,555.12,0.5079,0.7287,14,17,5,1,1,203,7,0
USR_00938,15,0.7895,10,2,25,1463.25,0.8218,-0.059,12,12,5,1,1,570,6,0
USR_00939,25,0.7143,13,3,4,3939.62,0.2626,0.2161,20,24,8,1,0,624,1,0
USR_00940,9,0.5294,19,1,43,1262.65,0.7032,-0.6454,8,8,3,1,0,838,10,0
USR_00941,4,0.4444,6,0,175,345.71,0.7436,0.2205,3,3,1,1,0,502,0,0
USR_00942,10,0.7692,8,1,16,935.95,0.4317,-0.318,8,8,3,0,1,1099,5,0
USR_00943,12,0.8571,4,1,23,138.91,0.408,0.1863,10,11,4,1,0,584,13,0
USR_00944,22,0.9167,6,3,43,1166.65,0.8875,-0.1326,19,21,7,1,0,181,4,0
USR_00945,8,0.7273,27,1,6,175.22,0.7162,0.1372,6,7,2,0,0,169,9,0
USR_00946,24,0.7742,22,3,5,1181.61,0.6507,-0.3536,20,22,8,0,0,1168,5,0
USR_00947,9,0.5294,27,1,27,644.02,0.844,-0.1051,7,7,3,1,1,186,9,0
USR_00948,14,0.5,28,1,37,1485.99,0.3625,0.2281,11,13,4,0,0,1138,6,0
USR_00949,16,0.5333,14,2,40,691.47,0.7267,0.1089,13,13,5,0,0,355,7,0
USR_00950,9,0.75,5,1,38,2060.37,0.5674,-0.5798,7,9,3,1,1,139,1,0
USR_00951,1,0.0909,23,0,115,1051.53,0.4543,-0.042,1,2,0,1,0,386,8,0
USR_00952,4,0.8,29,0,179,1605.68,0.0703,-0.1881,3,3,1,0,1,749,1,0
USR_00953,2,0.1538,6,0,101,489.18,0.5136,-0.2978,1,3,0,0,0,530,13,0
USR_00954,3,0.1875,22,0,199,469.0,0.3391,-0.2129,3,3,1,1,0,949,1,0
USR_00955,3,0.25,11,0,173,218.1,0.8677,0.2322,2,3,1,1,0,744,1,0
USR_00956,13,0.619,27,1,43,267.72,0.5067,0.4698,11,14,4,0,0,498,10,0
USR_00957,19,0.7917,6,2,24,718.78,0.8743,0.1853,16,20,6,0,0,772,1,0
USR_00958,3,0.1875,19,0,96,700.94,0.3835,-0.1897,3,3,1,1,0,1166,2,0
USR_00959,17,0.5484,2,2,33,917.48,0.5642,0.0149,14,14,5,0,0,511,7,0
USR_00960,5,0.3333,27,0,147,383.28,0.4781,0.0135,4,8,1,1,0,209,0,0
USR_00961,4,0.8,12,0,173,762.17,0.8649,0.2751,3,6,1,0,0,508,0,0
USR_00962,14,0.5185,14,1,19,1953.3,0.8129,0.0081,12,13,4,1,0,1012,4,0
USR_00963,21,0.6364,22,2,20,941.1,0.2223,0.1847,17,20,7,0,0,284,1,0
USR_00964,5,0.5,6,0,175,686.82,0.7925,0.0198,4,6,1,0,1,1140,1,0
USR_00965,11,0.7857,22,1,43,836.21,0.9347,0.1608,9,9,3,1,1,718,0,0
USR_00966,3,0.2143,3,0,89,1799.36,0.61,0.2701,2,4,1,1,0,733,3,0
USR_00967,15,0.625,13,2,15,764.53,0.3228,-0.3252,13,13,5,0,0,400,2,0
USR_00968,4,0.2667,10,0,168,439.02,0.6003,-0.0474,4,7,1,0,0,1106,0,0
USR_00969,15,0.5172,13,2,35,442.53,0.7247,-0.0745,12,14,5,1,0,72,5,0
USR_00970,12,0.7059,17,1,18,430.39,0.6476,0.2314,10,11,4,1,0,379,5,0
USR_00971,3,0.2,18,0,57,421.85,0.9342,-0.0055,2,5,1,0,0,519,0,0
USR_00972,14,0.6667,6,1,6,1251.07,0.3787,-0.2219,11,12,4,0,0,588,2,0
USR_00973,20,0.625,27,2,4,2592.71,0.7665,-0.1284,17,21,6,1,0,584,11,0
USR_00974,5,0.625,19,0,197,479.69,0.7736,0.0429,4,8,1,1,0,203,5,0
USR_00975,8,0.4,4,1,1,323.2,0.5832,0.1807,7,7,2,0,0,293,3,0
USR_00976,2,0.1667,4,0,88,240.75,0.6248,-0.2095,1,1,0,0,0,141,3,0
USR_00977,8,0.5714,12,1,44,2646.9,0.6322,-0.168,7,10,2,1,0,699,1,0
USR_00978,15,0.5357,29,2,42,1441.12,0.3468,-0.1798,12,12,5,0,0,440,10,0
USR_00979,8,0.6154,27,1,16,385.75,0.5374,-0.1673,7,9,2,0,0,691,12,0
USR_00980,14,0.56,7,1,11,744.14,0.4269,-0.1262,12,13,4,1,0,719,12,0
USR_00981,12,0.6316,16,1,30,2043.43,0.3086,0.1151,10,14,4,0,1,851,1,0
USR_00982,8,0.8,9,1,6,632.1,0.765,0.2796,7,9,2,1,0,670,2,0
USR_00983,13,0.7647,23,1,1,1326.25,0.4559,-0.1742,11,13,4,0,0,788,0,0
USR_00984,10,0.4545,22,1,21,587.05,0.8426,-0.5189,8,11,3,1,0,716,2,0
USR_00985,13,0.65,13,1,34,525.13,0.6134,0.0862,11,13,4,0,1,793,2,0
USR_00986,8,0.4,10,1,37,79.91,0.4684,-0.4753,7,8,2,1,0,751,6,0
USR_00987,16,0.9412,27,2,15,481.23,0.3033,0.3997,13,17,5,1,1,399,1,0
USR_00988,19,0.6333,12,2,3,433.16,0.6756,-0.0263,16,17,6,0,0,318,12,0
USR_00989,8,0.381,26,1,26,1008.61,0.7546,0.0586,6,7,2,1,0,951,0,0
USR_00990,2,0.125,0,0,138,812.24,0.8429,0.3078,2,2,0,1,0,430,0,0
USR_00991,7,0.3889,13,0,100,779.16,0.6107,-0.0808,6,9,2,0,0,672,10,0
USR_00992,9,0.5625,16,1,18,1425.12,0.1757,0.1127,7,7,3,0,0,260,7,0
USR_00993,13,1.0,0,1,4,102.52,0.8495,0.1156,10,11,4,1,1,534,2,0
USR_00994,7,0.7,1,1,22,639.31,0.2827,0.5073,6,10,2,0,0,649,5,0
USR_00995,20,0.6897,16,2,37,260.91,0.3693,0.6145,17,21,6,1,0,762,1,0
USR_00996,19,0.5938,22,2,24,244.39,0.498,-0.0169,16,16,6,0,1,645,0,0
USR_00997,14,0.56,6,1,24,527.18,0.5995,0.4482,11,15,4,0,0,451,4,0
USR_00998,18,0.6667,26,2,7,676.76,0.8441,-0.6306,15,15,6,1,0,1155,2,0
USR_00999,17,0.5862,7,2,34,994.14,0.3839,-0.0776,14,15,5,0,0,629,5,0
USR_01000,8,0.6667,1,1,36,942.75,0.742,0.1896,6,10,2,0,1,975,1,0
USR_01001,7,0.6364,12,0,187,343.37,0.2455,-0.4262,5,9,2,0,0,891,6,0
USR_01002,12,0.9231,3,1,32,568.15,0.4621,0.6452,10,14,4,0,1,683,8,0
USR_01003,6,0.4,13,0,152,2099.92,0.9203,0.4433,5,9,2,0,0,1067,0,0
USR_01004,11,0.8462,1,1,43,2419.04,0.4938,-0.1093,9,9,3,0,0,180,0,0
USR_01005,11,0.7333,25,1,38,520.34,0.8063,0.6455,9,10,3,0,0,1107,3,0
USR_01006,7,0.875,19,1,35,716.43,0.6943,0.2361,6,8,2,1,1,1024,9,0
USR_01007,3,0.2,0,0,159,324.72,0.7212,0.0717,3,6,1,0,1,619,6,0
USR_01008,9,0.75,27,1,17,1512.97,0.9237,0.1336,7,10,3,0,0,888,7,0
USR_01009,7,0.35,8,0,103,4242.1,0.4725,-0.2285,5,6,2,1,0,638,3,0
USR_01010,7,0.7,15,0,137,433.49,0.6256,0.05,6,6,2,1,0,344,1,0
USR_01011,13,0.9286,18,1,9,1704.41,0.4785,-0.244,11,12,4,0,1,965,4,0
USR_01012,9,0.3913,12,1,24,1199.06,0.7032,0.0004,7,9,3,1,1,317,1,0
USR_01013,14,0.7778,18,1,25,581.59,0.981,0.0314,11,13,4,1,1,397,7,0
USR_01014,3,0.2308,4,0,52,381.13,0.2539,0.0648,3,7,1,0,0,637,1,0
USR_01015,14,0.9333,9,1,33,4830.54,0.5008,-0.0038,12,13,4,1,1,1009,2,0
USR_01016,7,0.7778,20,0,108,1227.72,0.4303,0.7057,5,5,2,0,1,479,4,0
USR_01017,5,0.5,5,0,137,1432.09,0.8492,-0.4838,4,6,1,0,0,608,4,0
USR_01018,7,0.3889,9,0,119,561.57,0.8379,-0.5408,6,10,2,0,0,78,5,0
USR_01019,6,1.0,8,0,93,698.41,0.5996,-0.2631,5,5,2,1,0,165,3,0
USR_01020,7,0.4375,3,1,10,251.28,0.7891,-0.0053,6,8,2,1,0,95,12,0
USR_01021,22,0.6667,26,2,0,1222.56,0.7687,-0.1191,18,20,7,0,1,114,10,0
USR_01022,4,0.8,29,0,105,492.93,0.7318,-0.4243,3,3,1,0,1,1046,11,0
USR_01023,11,0.6471,7,1,43,292.59,0.4023,0.5724,9,9,3,1,0,1015,5,0
USR_01024,16,0.5333,25,2,28,335.65,0.8927,0.1618,13,14,5,0,0,991,6,0
USR_01025,14,0.6364,14,1,40,4575.57,0.9357,-0.0998,12,15,4,0,0,95,5,0
USR_01026,3,0.2143,7,0,65,524.28,0.5905,-0.2769,2,4,1,0,0,120,3,0
USR_01027,9,0.45,28,1,4,892.98,0.5947,-0.0808,8,9,3,0,1,358,2,0
USR_01028,3,0.3333,3,0,113,255.71,0.3553,-0.1524,2,5,1,0,0,691,5,0
USR_01029,25,0.7143,3,3,37,571.77,0.4746,0.1152,21,22,8,1,0,420,0,0
USR_01030,15,0.5172,12,2,36,222.2,0.8836,-0.3901,13,13,5,1,0,600,0,0
USR_01031,8,0.6667,26,1,24,895.58,0.8246,-0.2351,6,7,2,0,1,232,10,0
USR_01032,10,1.0,8,1,23,321.05,0.6767,0.2558,8,10,3,0,0,885,0,0
USR_01033,2,0.1538,22,0,196,1259.55,0.8245,-0.1816,2,3,0,0,0,397,4,0
USR_01034,21,0.84,26,2,44,158.89,0.4493,0.1892,18,19,7,1,1,107,5,0
USR_01035,8,0.4706,14,1,22,401.15,0.7936,-0.0216,7,8,2,0,0,898,1,0
USR_01036,9,0.8182,3,1,33,1705.11,0.79,-0.0799,8,11,3,1,0,1086,11,0
USR_01037,2,0.4,28,0,168,2267.57,0.6114,-0.2121,2,2,0,1,1,47,1,0
USR_01038,14,0.56,24,1,29,668.33,0.8598,0.0204,12,13,4,0,1,540,11,0
USR_01039,3,1.0,2,0,33,487.52,0.7639,-0.0624,2,5,1,0,0,997,8,0
USR_01040,18,0.72,17,2,40,730.11,0.8125,-0.7219,15,19,6,0,0,856,1,0
USR_01041,6,0.3529,25,0,61,3434.4,0.6687,0.3351,5,7,2,0,1,1032,0,0
USR_01042,9,0.5625,17,1,7,536.6,0.5173,0.0977,7,11,3,1,0,515,2,0
USR_01043,8,0.8,5,1,23,666.98,0.4468,-0.4303,7,8,2,0,1,465,3,0
USR_01044,9,0.5,28,1,25,286.48,0.7366,-0.0563,7,7,3,1,1,859,1,0
USR_01045,14,0.9333,10,1,18,386.78,0.3275,-0.1031,12,13,4,0,1,209,13,0
USR_01046,10,0.5556,0,1,0,946.23,0.844,-0.2872,8,12,3,1,0,310,1,0
USR_01047,18,0.75,3,2,34,1358.98,0.7897,0.1938,15,19,6,1,1,732,10,0
USR_01048,22,0.7333,13,3,34,847.18,0.9448,0.4232,19,22,7,1,0,812,0,0
USR_01049,3,0.1875,14,0,71,1292.77,0.4506,-0.1366,2,3,1,0,1,170,13,0
USR_01050,6,0.3158,18,0,141,298.75,0.767,-0.127,5,9,2,0,1,624,1,0
USR_01051,10,0.5,5,1,37,275.97,0.4585,-0.2837,9,9,3,0,0,456,3,0
USR_01052,9,0.5625,2,1,12,1255.8,0.601,-0.6678,7,9,3,0,0,617,4,0
USR_01053,24,0.6857,7,3,38,454.44,0.4848,0.1263,20,20,8,0,0,1151,0,0
USR_01054,17,0.9444,1,2,1,259.92,0.6676,0.5701,14,18,5,1,1,119,10,0
USR_01055,11,0.7333,1,1,13,782.32,0.6351,-0.0473,9,11,3,0,0,1194,2,0
USR_01056,12,0.6667,19,1,39,712.43,0.576,-0.0544,10,11,4,0,0,556,4,0
USR_01057,9,0.4286,9,1,0,571.42,0.377,-0.0204,8,12,3,0,0,933,4,0
USR_01058,6,0.5455,4,0,132,2367.54,0.2989,-0.1531,5,5,2,1,0,526,5,0
USR_01059,10,0.625,4,1,0,2980.14,0.9523,-0.344,8,11,3,0,0,393,0,0
USR_01060,13,0.4815,23,1,7,1433.43,0.7744,0.7676,10,11,4,1,0,931,0,0
USR_01061,10,0.4167,20,1,44,937.86,0.6994,0.1398,8,8,3,1,1,834,0,0
USR_01062,10,1.0,1,1,20,2006.36,0.3964,0.1772,9,10,3,1,0,198,2,0
USR_01063,22,0.7333,19,3,35,754.63,0.7057,0.6775,18,21,7,0,1,855,0,0
USR_01064,2,0.1667,18,0,43,569.63,0.6968,0.0603,1,3,0,1,0,911,12,0
USR_01065,0,0.0,109,0,75,417.01,0.9154,-0.254,0,1,0,0,1,483,4,0
USR_01066,16,0.5333,23,2,30,355.74,0.678,-0.3266,13,17,5,1,0,1113,5,0
USR_01067,19,0.5938,20,2,40,1397.47,0.8091,0.5761,16,18,6,0,0,779,2,0
USR_01068,5,0.625,21,0,184,200.04,0.3811,0.2391,4,5,1,0,0,420,2,0
USR_01069,10,0.4167,3,1,40,413.46,0.7386,-0.0301,8,11,3,0,0,42,4,0
USR_01070,10,0.625,27,1,3,501.22,0.5964,-0.1643,8,11,3,0,0,819,2,0
USR_01071,8,1.0,6,1,40,215.74,0.9509,-0.0863,6,8,2,0,0,274,2,0
USR_01072,5,0.5,22,0,79,486.32,0.857,0.1186,4,7,1,0,0,915,3,0
USR_01073,8,0.7273,22,1,22,716.94,0.832,0.5494,7,8,2,0,0,644,4,0
USR_01074,8,0.381,14,1,9,1512.94,0.8397,-0.02,7,10,2,1,0,576,13,0
USR_01075,20,0.6897,14,2,36,443.71,0.6146,-0.2573,17,17,6,1,0,221,1,0
USR_01076,11,0.7333,26,1,12,720.94,0.4449,-0.3848,9,11,3,1,0,862,4,0
USR_01077,11,1.0,18,1,1,201.26,0.7583,0.1891,9,9,3,1,0,224,0,0
USR_01078,12,0.7059,7,1,4,251.34,0.7244,0.3245,10,14,4,0,0,518,2,0
USR_01079,4,0.5,1,0,91,145.06,0.5631,0.5515,4,7,1,1,1,1008,7,0
USR_01080,10,0.625,4,1,27,1455.5,0.3439,0.8072,8,9,3,0,0,1106,0,0
USR_01081,7,0.7778,11,0,36,511.69,0.7645,-0.4514,6,6,2,1,0,1187,5,0
USR_01082,15,0.6522,19,2,8,793.75,0.2352,0.0094,12,15,5,0,0,1150,3,0
USR_01083,13,0.65,13,1,4,1011.1,0.9692,-0.1172,10,14,4,1,0,680,0,0
USR_01084,4,0.2857,22,0,170,1270.01,0.7453,-0.057,3,3,1,0,1,264,12,0
USR_01085,17,0.68,20,2,1,3308.61,0.3066,-0.2491,14,14,5,1,1,1011,3,0
USR_01086,6,0.375,21,0,43,643.51,0.6811,0.1025,5,7,2,0,0,967,9,0
USR_01087,9,0.8182,27,1,4,376.44,0.7601,-0.3782,8,9,3,1,0,1188,3,0
USR_01088,18,0.9,2,2,9,1162.91,0.515,0.146,15,15,6,0,0,791,12,0
USR_01089,22,0.7333,17,3,20,4404.21,0.8477,0.3503,18,20,7,0,0,195,2,0
USR_01090,15,0.5172,10,2,13,432.1,0.6853,-0.1536,12,16,5,0,0,618,3,0
USR_01091,21,0.8077,22,2,21,352.14,0.6137,0.3408,17,19,7,1,0,554,8,0
USR_01092,19,0.6552,24,2,9,86.14,0.6734,0.0406,16,18,6,0,1,1016,2,0
USR_01093,15,0.5172,19,2,41,127.27,0.5436,0.2839,13,16,5,1,0,489,2,0
USR_01094,13,0.9286,22,1,2,2070.41,0.1801,0.0944,11,13,4,1,0,414,13,0
USR_01095,16,1.0,27,2,18,578.93,0.5943,-0.278,14,17,5,0,0,123,4,0
USR_01096,27,0.75,16,3,8,267.68,0.4767,-0.0071,22,26,9,0,0,1007,6,0
USR_01097,11,0.4783,24,1,23,666.76,0.635,-0.1323,9,12,3,1,0,913,6,0
USR_01098,5,0.3333,3,0,181,5000.0,0.5664,0.2529,4,7,1,1,1,78,10,0
USR_01099,5,0.2632,7,0,130,667.38,0.7442,-0.0709,4,5,1,1,1,537,10,0
USR_01100,13,1.0,27,1,32,3077.14,0.4657,0.3167,11,12,4,1,1,591,5,0
USR_01101,16,0.6667,6,2,36,314.33,0.4588,0.1551,14,14,5,0,1,579,2,0
USR_01102,2,0.1667,0,0,198,2139.3,0.8149,0.0604,2,3,0,0,0,1105,0,0
USR_01103,15,0.6,27,2,14,424.6,0.9194,0.0745,12,16,5,1,0,206,5,0
USR_01104,9,1.0,10,1,29,359.35,0.767,0.2955,8,10,3,1,0,388,10,0
USR_01105,20,0.9524,17,2,32,313.67,0.4615,0.2001,16,18,6,0,0,241,3,0
USR_01106,17,0.5484,23,2,8,513.29,0.5129,0.2867,14,16,5,0,0,315,0,0
USR_01107,9,0.6429,13,1,39,1452.03,0.5321,-0.3097,7,10,3,0,0,1091,2,0
USR_01108,6,0.75,0,0,180,452.43,0.7148,-0.1631,5,6,2,1,0,1130,4,0
USR_01109,9,0.8182,21,1,37,1565.13,0.5432,0.0017,8,11,3,1,0,82,10,0
USR_01110,11,0.8462,19,1,2,374.69,0.5756,-0.0795,9,12,3,1,1,769,0,0
USR_01111,17,0.68,8,2,14,622.88,0.4508,-0.2815,14,16,5,0,0,302,5,0
USR_01112,10,0.5882,19,1,16,435.02,0.1193,0.3759,8,9,3,0,0,255,8,0
USR_01113,4,0.2222,24,0,98,2834.27,0.4988,-0.3423,3,4,1,0,0,371,12,0
USR_01114,14,0.6667,29,1,11,1006.29,0.5161,0.2936,12,12,4,1,1,257,0,0
USR_01115,14,1.0,15,1,33,834.95,0.7438,0.5343,12,15,4,1,1,603,12,0
USR_01116,19,0.7308,1,2,37,532.14,0.4934,-0.1513,16,20,6,0,1,1194,5,0
USR_01117,11,0.6111,26,1,10,417.25,0.5711,-0.6646,9,9,3,0,1,716,8,0
USR_01118,17,0.8095,13,2,44,297.3,0.5196,-0.1432,14,16,5,1,0,876,0,0
USR_01119,13,0.5652,19,1,30,1915.22,0.6684,-0.2306,10,13,4,0,0,607,4,0
USR_01120,6,0.3,26,0,94,182.8,0.3918,-0.4221,5,8,2,0,1,46,5,0
USR_01121,3,0.3333,7,0,107,497.77,0.2116,0.1257,3,6,1,0,0,128,2,0
USR_01122,8,0.4444,0,1,22,1347.55,0.5249,0.1322,6,9,2,0,0,344,3,0
USR_01123,3,0.2727,28,0,186,174.12,0.7147,0.139,2,4,1,0,0,315,4,0
USR_01124,11,0.5238,4,1,18,767.1,0.5383,-0.2785,9,11,3,0,0,1013,4,0
USR_01125,11,0.6471,12,1,1,331.46,0.3826,0.3244,9,12,3,0,0,1016,0,0
USR_01126,8,0.7273,23,1,35,679.47,0.2731,-0.1971,7,7,2,1,0,1029,3,0
USR_01127,23,0.7419,22,3,5,581.24,0.8611,-0.3155,19,20,7,1,1,775,1,0
USR_01128,4,0.4444,4,0,147,109.52,0.9071,-0.3266,3,7,1,0,0,680,12,0
USR_01129,10,0.9091,7,1,4,1108.08,0.5225,-0.2229,8,12,3,0,1,789,13,0
USR_01130,14,0.56,20,1,14,301.8,0.172,0.0332,12,12,4,1,0,505,2,0
USR_01131,4,0.3333,12,0,139,428.82,0.6479,-0.3157,3,3,1,0,1,814,0,0
USR_01132,21,0.7,15,2,8,692.67,0.4593,-0.2442,18,19,7,0,1,959,1,0
USR_01133,24,0.7742,22,3,7,898.35,0.2602,0.4762,20,22,8,0,0,922,4,0
USR_01134,15,0.5357,25,2,41,951.37,0.7201,-0.1929,13,14,5,1,1,748,11,0
USR_01135,3,0.6,20,0,144,1252.24,0.9118,0.2642,2,5,1,0,1,97,4,0
USR_01136,17,0.9444,5,2,43,92.38,0.72,0.0249,14,18,5,0,0,878,0,0
USR_01137,10,0.5556,28,1,33,978.69,0.6902,0.2863,8,10,3,0,0,458,0,0
USR_01138,12,0.48,16,1,17,671.0,0.5571,0.0633,10,13,4,0,0,900,1,0
USR_01139,26,0.8125,23,3,29,427.22,0.4715,0.0034,22,22,8,1,0,661,10,0
USR_01140,10,0.625,18,1,26,820.63,0.7697,-0.0985,8,10,3,0,1,1060,5,0
USR_01141,19,0.7037,9,2,28,1389.14,0.4514,-0.2381,16,17,6,0,0,425,5,0
USR_01142,4,0.4444,19,0,186,329.89,0.9013,0.0765,3,4,1,1,0,1119,2,0
USR_01143,15,0.6522,25,2,40,2041.81,0.2429,-0.164,13,13,5,1,1,1018,12,0
USR_01144,2,0.125,24,0,73,1664.13,0.4862,-0.5842,2,2,0,0,0,417,2,0
USR_01145,9,0.6,27,1,29,894.36,0.7744,0.1038,7,7,3,0,0,594,10,0
USR_01146,17,0.7083,1,2,32,250.01,0.7186,-0.0319,14,14,5,0,1,651,11,0
USR_01147,18,0.6207,28,2,30,3729.34,0.2281,0.1135,15,18,6,0,0,929,4,0
USR_01148,6,0.375,9,0,198,835.09,0.2814,0.0,5,8,2,1,1,836,11,0
USR_01149,12,0.7059,27,1,20,748.94,0.8615,0.2353,10,14,4,0,0,1026,2,0
USR_01150,16,0.6957,15,2,25,728.43,0.3891,0.1353,13,13,5,1,0,462,6,0
USR_01151,17,0.7083,20,2,25,1034.89,0.4496,-0.0383,14,16,5,1,0,620,0,0
USR_01152,14,0.7368,23,1,36,1396.26,0.422,0.1198,11,15,4,0,1,534,4,0
USR_01153,18,0.75,23,2,34,651.9,0.6549,0.3965,15,18,6,1,0,1094,1,0
USR_01154,20,1.0,9,2,29,246.11,0.6575,-0.2553,16,19,6,0,0,386,0,0
USR_01155,10,0.5882,19,1,16,1522.25,0.4349,-0.5974,8,10,3,0,0,716,0,0
USR_01156,9,0.6923,16,1,22,346.45,0.4783,0.2854,7,8,3,0,0,170,2,0
USR_01157,8,0.4,9,1,1,297.73,0.677,0.1845,7,7,2,1,1,1024,5,0
USR_01158,8,0.4706,1,1,12,632.1,0.7483,0.8349,7,11,2,1,0,479,3,0
USR_01159,11,0.5238,24,1,19,461.9,0.5087,0.0331,9,13,3,1,0,428,2,0
USR_01160,8,0.7273,12,1,27,901.46,0.8933,-0.0773,6,7,2,1,1,712,13,0
USR_01161,18,1.0,6,2,16,1049.52,0.5862,0.1356,15,18,6,1,0,613,12,0
USR_01162,21,0.8077,10,2,2,456.66,0.6923,0.2599,18,22,7,0,1,1022,0,0
USR_01163,14,0.6667,12,1,8,732.91,0.8388,0.1842,11,11,4,0,1,651,3,0
USR_01164,16,0.7273,29,2,7,451.12,0.6783,-0.0685,13,14,5,1,0,634,6,0
USR_01165,1,0.5,10,0,37,1228.39,0.4969,0.3852,1,5,0,1,0,152,8,0
USR_01166,15,0.8333,3,2,40,984.57,0.7897,-0.2926,12,14,5,1,0,55,2,0
USR_01167,6,0.375,5,0,170,1180.85,0.5041,-0.2001,5,9,2,1,1,496,8,0
USR_01168,9,0.4091,27,1,22,529.88,0.7002,0.4751,7,9,3,0,0,1197,0,0
USR_01169,16,0.5333,23,2,7,817.84,0.9787,0.2098,13,15,5,0,1,1103,2,0
USR_01170,16,0.6957,0,2,41,1000.29,0.6784,-0.1258,13,16,5,0,0,765,7,0
USR_01171,12,0.5714,14,1,21,1210.86,0.4539,0.0418,10,13,4,0,0,768,5,0
USR_01172,17,0.6538,8,2,34,1130.34,0.473,0.6213,14,14,5,0,0,488,10,0
USR_01173,5,0.5,15,0,176,602.9,0.7118,-0.0641,4,7,1,0,0,237,0,0
USR_01174,19,0.8261,18,2,14,265.13,0.7888,-0.2079,16,20,6,1,0,39,0,0
USR_01175,19,0.95,15,2,25,993.58,0.8138,0.0225,15,16,6,1,0,426,0,0
USR_01176,9,1.0,14,1,31,954.91,0.4737,0.2695,7,8,3,1,0,400,1,0
USR_01177,9,0.6923,20,1,4,275.92,0.8109,0.1155,7,8,3,0,0,254,0,0
USR_01178,15,0.75,21,2,18,1309.44,0.4569,0.3187,12,14,5,0,0,333,4,0
USR_01179,11,0.6111,5,1,42,753.68,0.4416,-0.2498,9,9,3,1,0,59,4,0
USR_01180,5,0.2632,20,0,156,599.97,0.3441,-0.3528,4,7,1,0,1,741,6,0
USR_01181,15,0.5357,15,2,2,789.0,0.539,0.3329,13,13,5,0,0,1115,3,0
USR_01182,5,0.7143,12,0,34,1400.88,0.9832,-0.3412,4,4,1,0,0,838,0,0
USR_01183,11,0.6111,7,1,37,2314.19,0.6886,-0.3443,9,10,3,0,0,554,6,0
USR_01184,3,0.2727,16,0,84,637.21,0.6743,-0.2186,2,3,1,1,0,521,0,0
USR_01185,16,0.5333,29,2,8,553.19,0.8843,-0.2749,13,15,5,0,0,389,10,0
USR_01186,11,0.6471,13,1,7,1081.63,0.7306,-0.1894,9,10,3,1,0,196,0,0
USR_01187,14,0.7368,1,1,34,227.69,0.4271,-0.515,12,14,4,0,1,730,4,0
USR_01188,20,0.6452,7,2,39,1325.92,0.6225,0.4208,17,20,6,1,0,692,11,0
USR_01189,20,1.0,27,2,12,225.02,0.7163,-0.4589,17,21,6,0,0,38,5,0
USR_01190,16,0.9412,24,2,7,221.52,0.7476,0.685,13,13,5,0,0,516,5,0
USR_01191,2,0.1818,1,0,44,2304.54,0.5979,0.2499,1,4,0,1,0,355,6,0
USR_01192,17,0.8095,24,2,34,125.69,0.4706,0.8238,14,17,5,0,0,229,0,0
USR_01193,21,0.875,3,2,41,1892.75,0.6621,-0.2124,17,19,7,1,0,852,6,0
USR_01194,6,0.3333,9,0,71,2316.42,0.8666,-0.1189,5,5,2,0,1,645,11,0
USR_01195,6,0.6667,27,0,117,872.75,0.7219,0.4174,5,6,2,1,0,771,13,0
USR_01196,10,1.0,19,1,37,1079.86,0.8266,-0.2913,8,11,3,0,0,864,3,0
USR_01197,8,1.0,19,1,38,188.81,0.8839,0.2549,7,8,2,1,1,1178,2,0
USR_01198,19,0.5938,6,2,34,448.57,0.3172,-0.0194,16,18,6,0,1,969,8,0
USR_01199,5,0.4167,9,0,111,886.04,0.6955,0.2958,4,4,1,0,0,755,4,0
USR_01200,7,1.0,2,1,4,865.63,0.6419,0.4237,6,10,2,1,1,1058,1,0
USR_01201,2,0.4,17,0,78,949.07,0.3408,-0.1481,1,2,0,1,1,588,0,0
USR_01202,9,0.6923,14,1,11,865.26,0.698,-0.2238,7,9,3,1,0,1182,0,0
USR_01203,5,0.2632,4,0,178,676.42,0.8903,-0.3795,4,5,1,1,0,920,3,0
USR_01204,7,0.4667,8,0,159,250.28,0.2364,-0.4316,6,7,2,0,0,791,0,0
USR_01205,10,0.4545,1,1,40,881.49,0.3197,-0.1539,9,12,3,0,0,1086,0,0
USR_01206,25,0.8065,1,3,15,267.87,0.8954,0.0095,21,23,8,1,0,632,0,0
USR_01207,13,0.5652,1,1,21,496.79,0.3197,-0.1596,11,13,4,1,0,873,12,0
USR_01208,12,1.0,9,1,31,2025.8,0.363,0.0911,10,14,4,0,0,363,0,0
USR_01209,13,0.7222,8,1,17,190.28,0.4666,0.2303,11,12,4,1,0,1156,0,0
USR_01210,20,0.7692,5,2,31,602.18,0.5207,-0.1557,17,21,6,1,0,759,3,0
USR_01211,16,0.9412,5,2,4,1332.2,0.579,-0.1234,14,18,5,0,0,944,1,0
USR_01212,21,0.875,28,2,26,1108.74,0.5791,0.3723,17,17,7,0,0,569,13,0
USR_01213,8,0.4444,12,1,16,849.38,0.5614,0.1226,6,9,2,0,0,1044,12,0
USR_01214,8,0.4444,15,1,7,386.9,0.6582,-0.0434,7,7,2,0,1,116,3,0
USR_01215,5,1.0,26,0,123,1898.21,0.4781,-0.1888,4,5,1,1,1,163,3,0
USR_01216,11,0.7857,29,1,5,249.84,0.9201,0.275,9,10,3,1,0,623,3,0
USR_01217,9,0.6,11,1,37,1157.88,0.4221,-0.0709,7,8,3,0,0,886,0,0
USR_01218,15,0.7895,23,2,40,751.77,0.5489,-0.5687,13,15,5,0,0,976,2,0
USR_01219,5,1.0,11,0,115,354.48,0.4818,-0.6027,4,6,1,1,0,544,0,0
USR_01220,12,1.0,8,1,15,487.21,0.7314,-0.2317,10,11,4,0,0,790,0,0
USR_01221,11,0.5789,3,1,13,2832.47,0.3007,-0.2962,9,13,3,0,0,677,5,0
USR_01222,15,0.75,10,2,37,262.51,0.3104,0.0218,12,13,5,0,0,1154,0,0
USR_01223,8,0.5,29,1,1,162.73,0.5177,-0.5528,7,7,2,1,1,795,0,0
USR_01224,20,0.6667,5,2,6,399.27,0.0679,0.0193,17,20,6,0,0,517,4,0
USR_01225,10,0.5882,4,1,1,925.53,0.2543,-0.2887,9,12,3,1,1,1164,3,0
USR_01226,9,0.5294,7,1,27,2077.78,0.8406,0.3143,8,9,3,0,0,155,0,0
USR_01227,8,0.4444,10,1,36,678.74,0.6478,-0.2243,6,7,2,0,0,1181,0,0
USR_01228,4,0.6667,11,0,82,180.76,0.6652,0.2681,3,5,1,0,0,210,1,0
USR_01229,3,0.5,28,0,196,718.0,0.3089,-0.0206,3,5,1,0,0,367,1,0
USR_01230,19,0.6552,27,2,17,1319.17,0.8093,-0.1446,15,18,6,0,0,991,9,0
USR_01231,5,0.625,13,0,112,859.56,0.6328,-0.3828,4,5,1,1,1,888,12,0
USR_01232,3,0.1875,26,0,97,987.34,0.5712,-0.2416,2,5,1,1,1,1165,3,0
USR_01233,12,0.6667,10,1,2,148.77,0.6764,0.4114,10,10,4,0,0,907,3,0
USR_01234,15,0.9375,11,2,6,227.31,0.6192,-0.0297,12,12,5,0,0,775,7,0
USR_01235,6,0.375,21,0,79,597.56,0.9174,-0.2592,5,5,2,0,0,435,5,0
USR_01236,11,0.6471,26,1,29,1647.14,0.5452,0.0923,9,12,3,0,1,35,1,0
USR_01237,11,0.9167,0,1,5,353.7,0.8438,-0.1452,9,11,3,0,0,174,0,0
USR_01238,20,0.8696,17,2,11,783.5,0.5845,-0.2143,16,20,6,1,0,378,3,0
USR_01239,15,0.5357,9,2,28,759.75,0.9372,-0.1286,12,16,5,0,1,77,5,0
USR_01240,21,0.7778,11,2,35,288.83,0.4405,0.2862,17,18,7,1,0,624,0,0
USR_01241,7,0.7,17,0,171,369.08,0.7631,-0.0124,6,9,2,0,0,939,2,0
USR_01242,18,0.6923,15,2,3,651.87,0.8246,0.2078,15,17,6,1,1,1157,2,0
USR_01243,11,0.9167,29,1,10,496.46,0.6084,-0.1324,9,13,3,0,0,602,1,0
USR_01244,13,0.7222,13,1,24,1282.38,0.742,-0.1877,11,11,4,1,0,1053,3,0
USR_01245,2,0.2,29,0,145,475.03,0.5623,0.4374,1,3,0,1,0,1183,6,0
USR_01246,13,0.4815,20,1,43,1352.44,0.1161,-0.3222,11,13,4,0,1,1035,4,0
USR_01247,5,0.5556,18,0,86,497.99,0.4396,-0.097,4,6,1,0,0,574,1,0
USR_01248,3,0.2,16,0,167,678.0,0.4479,0.3336,3,5,1,0,0,410,0,0
USR_01249,4,0.4,10,0,64,1261.34,0.2971,-0.1401,3,3,1,1,0,1174,10,0
USR_01250,4,0.2353,17,0,38,610.48,0.7558,0.5551,3,4,1,0,0,313,4,0
USR_01251,12,1.0,16,1,23,473.01,0.4757,-0.2687,10,13,4,0,0,511,0,0
USR_01252,18,0.9,3,2,6,629.32,0.4653,0.1896,15,18,6,1,0,116,1,0
USR_01253,22,0.7857,28,3,23,1359.15,0.3454,0.5117,18,21,7,1,0,958,9,0
USR_01254,7,0.3889,26,0,146,867.25,0.7212,0.0564,6,8,2,0,1,790,8,0
USR_01255,7,0.6364,20,0,113,119.62,0.7624,0.1218,5,6,2,0,1,129,11,0
USR_01256,4,0.8,20,0,49,373.27,0.6607,0.2476,3,6,1,0,0,289,5,0
USR_01257,16,0.8889,4,2,16,375.86,0.2764,-0.7674,13,13,5,1,0,679,3,0
USR_01258,10,0.7143,17,1,38,1060.83,0.6083,0.4284,9,11,3,1,0,662,3,0
USR_01259,20,0.8,29,2,29,143.59,0.5827,0.1023,16,18,6,0,0,968,1,0
USR_01260,13,0.619,3,1,29,831.97,0.5329,0.0182,10,11,4,0,0,341,6,0
USR_01261,5,0.3125,27,0,36,1106.34,0.5987,0.047,4,4,1,0,0,1111,5,0
USR_01262,25,0.9615,10,3,43,1106.47,0.6175,-0.614,20,22,8,0,0,550,0,0
USR_01263,21,0.6562,6,2,31,621.57,0.5923,0.2715,17,21,7,1,0,992,11,0
USR_01264,20,0.5882,27,2,6,182.6,0.3571,0.1126,16,16,6,0,1,308,2,0
USR_01265,22,0.8148,19,3,0,541.44,0.5302,-0.287,18,22,7,0,0,73,0,0
USR_01266,4,0.5714,24,0,190,2162.57,0.4757,0.1233,3,5,1,0,1,94,2,0
USR_01267,18,0.5625,26,2,6,412.94,0.7936,0.1639,15,18,6,0,1,466,10,0
USR_01268,20,0.6061,0,2,41,3807.27,0.3813,-0.1661,17,20,6,1,0,1145,12,0
USR_01269,10,0.9091,6,1,17,1272.73,0.8795,0.3829,9,11,3,1,0,86,4,0
USR_01270,16,0.5714,7,2,11,593.23,0.57,-0.0371,13,17,5,1,0,461,13,0
USR_01271,6,0.3333,27,0,189,796.79,0.588,-0.0834,5,5,2,0,1,157,11,0
USR_01272,17,0.8095,15,2,31,897.4,0.5428,0.201,14,18,5,0,0,1119,10,0
USR_01273,24,0.6316,5,3,14,419.17,0.6182,-0.2609,20,23,8,0,0,820,10,0
USR_01274,9,0.8182,20,1,5,477.67,0.3388,-0.1398,7,8,3,0,1,922,3,0
USR_01275,5,0.3846,10,0,92,3280.35,0.7123,-0.3444,4,4,1,0,0,864,8,0
USR_01276,5,0.3333,17,0,63,2193.76,0.7984,-0.0525,4,5,1,1,0,798,5,0
USR_01277,14,1.0,28,1,42,491.66,0.4825,-0.0994,12,15,4,1,0,935,7,0
USR_01278,7,0.35,8,1,3,356.71,0.6172,0.0389,6,6,2,1,1,39,0,0
USR_01279,13,0.5,28,1,36,185.95,0.663,0.3057,10,13,4,0,0,1042,8,0
USR_01280,6,0.5455,22,0,58,3734.09,0.1528,0.2039,5,9,2,0,0,895,13,0
USR_01281,19,0.76,0,2,6,1509.35,0.7173,0.0387,16,17,6,1,0,895,2,0
USR_01282,11,0.6875,11,1,5,1802.89,0.7131,0.3863,9,9,3,0,0,490,13,0
USR_01283,13,0.8667,25,1,19,430.65,0.7496,-0.1868,11,12,4,0,0,967,3,0
USR_01284,1,0.0714,25,0,192,408.55,0.363,0.1485,1,4,0,0,0,476,1,0
USR_01285,9,0.4091,20,1,30,318.24,0.1148,0.2745,7,9,3,0,0,87,0,0
USR_01286,16,0.6667,20,2,34,53.09,0.5474,0.5678,13,13,5,0,1,1092,9,0
USR_01287,8,0.5714,26,1,7,330.42,0.3019,0.0439,7,11,2,0,0,304,4,0
USR_01288,9,0.4737,4,1,27,858.92,0.4374,-0.1163,8,9,3,0,1,149,2,0
USR_01289,4,0.3636,13,0,127,811.36,0.8242,0.0046,3,4,1,0,0,757,5,0
USR_01290,15,0.5769,10,2,19,406.29,0.7696,0.0198,12,16,5,1,1,303,2,0
USR_01291,9,0.5294,29,1,43,1122.96,0.3884,-0.2019,7,7,3,1,0,1034,3,0
USR_01292,3,0.6,23,0,180,387.87,0.7851,0.0058,2,5,1,0,0,549,10,0
USR_01293,11,0.4583,22,1,35,1229.27,0.4465,0.5319,9,13,3,0,1,35,6,0
USR_01294,16,0.7273,2,2,2,1216.67,0.8375,-0.5033,13,13,5,0,0,1143,8,0
USR_01295,10,0.5882,22,1,39,1280.92,0.5272,-0.7267,8,8,3,0,1,632,5,0
USR_01296,10,0.5263,25,1,16,705.62,0.7857,-0.455,8,12,3,0,0,337,13,0
USR_01297,13,0.5,12,1,35,346.22,0.569,-0.2797,11,12,4,1,0,822,1,0
USR_01298,8,0.5714,25,1,16,256.25,0.5177,-0.3577,6,7,2,0,0,650,1,0
USR_01299,13,0.8667,11,1,30,117.34,0.6909,-0.2423,10,14,4,0,0,64,0,0
USR_01300,19,0.95,19,2,24,1218.94,0.6291,-0.3099,16,16,6,0,1,918,4,0
USR_01301,15,0.625,6,2,34,172.66,0.6118,0.1352,12,14,5,1,0,499,5,0
USR_01302,8,0.5714,15,1,42,597.02,0.713,-0.2834,7,9,2,1,0,848,7,0
USR_01303,11,0.6111,1,1,23,791.87,0.2936,-0.3464,9,11,3,0,0,1077,2,0
USR_01304,9,0.4286,3,1,1,282.79,0.5331,-0.5868,8,12,3,0,0,744,0,0
USR_01305,12,0.75,27,1,11,602.7,0.707,0.2985,10,13,4,1,0,815,6,0
USR_01306,3,0.25,21,0,180,858.5,0.4614,0.4019,3,4,1,0,0,327,13,0
USR_01307,6,0.6667,17,0,73,534.49,0.7837,0.0763,5,6,2,1,1,308,2,0
USR_01308,9,0.4737,12,1,21,961.33,0.8854,0.0382,7,8,3,1,0,515,1,0
USR_01309,21,0.9545,16,2,26,466.06,0.2697,0.1975,17,17,7,1,1,1027,2,0
USR_01310,8,0.7273,21,1,22,532.6,0.8172,0.2442,7,10,2,0,0,643,3,0
USR_01311,21,0.875,10,2,9,326.68,0.3121,-0.3465,17,19,7,1,0,437,1,0
USR_01312,13,0.8667,9,1,16,596.76,0.7153,-0.0745,10,14,4,0,0,942,2,0
USR_01313,4,0.2857,22,0,84,668.38,0.8635,0.2938,3,7,1,0,0,1028,6,0
USR_01314,12,0.7059,16,1,6,317.64,0.7737,-0.163,10,12,4,0,0,1085,2,0
USR_01315,14,0.7778,12,1,24,937.45,0.2713,0.0473,12,13,4,1,0,379,3,0
USR_01316,13,0.7647,13,1,35,92.54,0.4854,0.3636,11,13,4,0,1,860,0,0
USR_01317,8,0.4444,24,1,44,1580.67,0.8025,0.7177,7,11,2,0,0,720,12,0
USR_01318,8,0.5,15,1,23,214.01,0.3669,0.2957,7,11,2,0,0,555,3,0
USR_01319,11,0.4583,2,1,17,1528.96,0.5501,-0.3804,9,11,3,0,0,494,2,0
USR_01320,2,0.2222,24,0,187,1092.68,0.537,-0.2084,1,5,0,0,0,164,0,0
USR_01321,5,0.3333,7,0,141,1495.29,0.639,0.3637,4,5,1,0,0,351,6,0
USR_01322,20,0.6061,2,2,35,270.17,0.4679,-0.224,16,18,6,0,0,673,10,0
USR_01323,10,0.4545,8,1,12,565.17,0.7841,0.2613,8,8,3,0,0,1067,0,0
USR_01324,14,0.56,3,1,13,841.39,0.7958,0.5165,12,12,4,0,0,1043,0,0
USR_01325,11,0.5789,0,1,12,936.7,0.8203,0.3204,9,9,3,0,1,249,0,0
USR_01326,2,0.1333,20,0,32,1302.6,0.5167,0.5379,1,5,0,0,0,824,5,0
USR_01327,8,0.3636,19,1,21,1119.99,0.6397,-0.3416,7,7,2,0,1,129,12,0
USR_01328,18,0.9474,9,2,33,973.22,0.6441,-0.5818,15,19,6,0,0,819,3,0
USR_01329,2,0.1538,21,0,166,985.44,0.6268,-0.2359,2,5,0,1,1,430,2,0
USR_01330,27,1.0,1,3,34,1149.41,0.2401,0.0014,22,22,9,0,0,556,8,0
USR_01331,15,0.7895,12,2,37,675.79,0.4174,-0.274,13,17,5,0,0,869,8,0
USR_01332,13,0.52,17,1,5,1663.54,0.8522,-0.2338,11,12,4,1,0,527,1,0
USR_01333,14,0.5833,23,1,4,625.42,0.5231,-0.043,12,15,4,0,0,974,0,0
USR_01334,11,0.55,8,1,24,171.91,0.7477,-0.1391,9,10,3,1,0,654,2,0
USR_01335,20,0.6667,28,2,40,1801.37,0.7012,0.2501,17,20,6,1,0,1198,9,0
USR_01336,16,0.8889,11,2,37,967.21,0.713,0.0043,13,15,5,1,0,776,7,0
USR_01337,2,0.1538,22,0,104,590.42,0.8685,-0.178,1,2,0,1,0,376,6,0
USR_01338,9,0.9,5,1,41,728.69,0.4129,0.2862,8,11,3,0,1,937,10,0
USR_01339,10,0.7143,20,1,20,2220.81,0.5512,0.8572,8,9,3,1,0,507,2,0
USR_01340,9,0.9,16,1,29,720.58,0.5529,0.138,7,7,3,0,0,654,2,0
USR_01341,19,0.7308,13,2,43,2242.27,0.3704,-0.1609,15,17,6,1,0,190,0,0
USR_01342,6,0.3333,7,0,77,970.04,0.9763,-0.4985,5,6,2,0,0,169,10,0
USR_01343,6,0.3158,16,0,39,497.57,0.6839,-0.0826,5,6,2,1,0,702,5,0
USR_01344,20,1.0,12,2,18,233.27,0.3303,-0.3594,16,18,6,0,1,248,2,0
USR_01345,6,0.3,8,0,106,715.58,0.6464,0.1497,5,5,2,0,0,1197,0,0
USR_01346,11,0.7857,15,1,18,1903.23,0.9241,0.5018,9,10,3,1,0,1031,7,0
USR_01347,4,0.4444,7,0,80,422.08,0.5196,-0.2595,3,4,1,1,0,850,8,0
USR_01348,15,0.7895,19,2,27,891.82,0.5719,-0.1767,12,15,5,0,0,889,6,0
USR_01349,14,0.6667,0,1,6,2271.16,0.5807,0.2135,12,12,4,0,1,726,1,0
USR_01350,6,1.0,7,0,120,161.05,0.4776,-0.2206,5,7,2,0,1,100,12,0
USR_01351,8,0.6667,14,1,28,914.19,0.8952,-0.5275,7,9,2,1,1,489,8,0
USR_01352,8,0.6667,3,1,36,1036.12,0.9579,0.3551,6,10,2,0,0,610,6,0
USR_01353,8,0.4444,6,1,29,884.37,0.8044,-0.4221,6,9,2,0,0,1100,6,0
USR_01354,15,0.5556,12,2,31,170.18,0.8983,-0.0305,13,16,5,1,1,286,12,0
USR_01355,4,1.0,14,0,154,362.34,0.5364,-0.0455,4,6,1,0,0,611,12,0
USR_01356,12,0.6667,10,1,26,125.38,0.6131,-0.1334,10,12,4,0,0,432,5,0
USR_01357,1,0.0667,24,0,129,231.8,0.5362,0.1767,0,2,0,0,1,187,3,0
USR_01358,15,0.5357,15,2,34,1306.31,0.5727,-0.4635,13,15,5,0,0,150,2,0
USR_01359,11,0.5789,11,1,3,510.82,0.3542,0.101,9,13,3,1,0,457,10,0
USR_01360,3,0.2143,15,0,189,1281.0,0.6563,-0.2624,2,4,1,1,0,126,6,0
USR_01361,10,0.7143,9,1,9,1226.15,0.2221,0.0089,8,11,3,0,1,108,0,0
USR_01362,8,0.4,1,1,36,270.72,0.3498,-0.2545,7,9,2,0,0,440,0,0
USR_01363,12,1.0,13,1,43,761.6,0.8811,0.0281,10,13,4,0,0,266,12,0
USR_01364,0,0.0,166,0,43,186.98,0.6149,0.2427,0,4,0,0,0,679,11,0
USR_01365,18,0.6923,14,2,44,828.63,0.5484,-0.0561,15,18,6,0,0,50,13,0
USR_01366,7,0.7778,15,1,43,933.54,0.7483,-0.1029,6,6,2,0,0,383,3,0
USR_01367,3,0.2727,8,0,169,554.5,0.7543,-0.2459,2,4,1,1,1,560,9,0
USR_01368,8,0.3636,13,1,9,173.18,0.6025,0.0231,7,10,2,1,0,1156,10,0
USR_01369,8,0.4444,17,1,22,202.32,0.3876,0.291,7,7,2,0,0,772,2,0
USR_01370,6,0.75,7,0,173,5000.0,0.7539,-0.0301,5,8,2,0,0,1060,0,0
USR_01371,5,0.4167,0,0,58,1093.47,0.5635,0.4117,4,8,1,0,1,431,13,0
USR_01372,2,0.1667,5,0,128,532.15,0.675,-0.084,1,1,0,0,0,556,0,0
USR_01373,13,0.65,14,1,21,1433.58,0.3682,0.5688,10,12,4,0,0,521,5,0
USR_01374,2,0.5,20,0,75,2158.81,0.2856,-0.5939,2,5,0,1,0,1068,6,0
USR_01375,9,0.6923,19,1,43,1751.85,0.8188,-0.1696,7,7,3,0,1,1152,6,0
USR_01376,18,0.75,23,2,24,569.75,0.7108,-0.2532,15,17,6,0,0,1155,1,0
USR_01377,7,0.7778,13,0,193,509.23,0.7614,-0.0354,6,6,2,1,0,909,7,0
USR_01378,13,0.6842,26,1,37,1257.28,0.5551,0.1726,11,11,4,1,1,618,1,0
USR_01379,7,0.7,29,1,33,550.96,0.665,0.7689,6,9,2,0,1,662,10,0
USR_01380,14,0.875,0,1,39,1735.28,0.6632,0.0286,12,14,4,1,0,1177,1,0
USR_01381,13,0.7222,4,1,28,727.54,0.7802,0.2543,11,11,4,0,1,362,7,0
USR_01382,15,1.0,11,2,19,1254.87,0.5067,-0.2453,12,14,5,0,1,435,9,0
USR_01383,18,0.6207,13,2,9,1527.9,0.4833,-0.0935,15,15,6,0,0,1079,1,0
USR_01384,5,1.0,6,0,40,235.3,0.9604,0.2035,4,8,1,0,1,481,1,0
USR_01385,10,0.9091,8,1,8,747.37,0.7904,-0.4551,8,11,3,0,0,305,9,0
USR_01386,15,0.7895,1,2,43,1666.76,0.8392,-0.3433,12,12,5,1,0,685,0,0
USR_01387,3,0.25,27,0,125,348.85,0.557,0.0237,2,5,1,1,1,410,1,0
USR_01388,8,0.5714,23,1,21,429.09,0.4371,-0.0493,7,8,2,0,0,1072,3,0
USR_01389,7,1.0,5,0,184,1739.12,0.5709,0.0651,6,8,2,1,0,1093,12,0
USR_01390,23,0.8214,12,3,4,2258.2,0.785,-0.5048,19,20,7,0,0,388,5,0
USR_01391,26,1.0,15,3,10,50.0,0.5792,-0.1023,22,24,8,0,1,649,3,0
USR_01392,4,0.4,13,0,104,1735.31,0.1986,-0.0767,4,6,1,0,1,1181,13,0
USR_01393,16,0.8,12,2,38,103.56,0.6221,0.0578,13,17,5,1,1,898,3,0
USR_01394,8,0.381,16,1,32,632.39,0.1397,0.2541,6,9,2,0,0,282,3,0
USR_01395,21,0.8077,27,2,2,219.51,0.7624,0.0136,17,18,7,1,0,721,3,0
USR_01396,13,0.619,15,1,0,429.21,0.6765,-0.3293,11,12,4,0,0,755,2,0
USR_01397,12,0.8571,16,1,32,723.41,0.8317,0.0972,10,10,4,1,1,794,2,0
USR_01398,9,0.5625,7,1,6,1017.0,0.843,-0.5256,8,8,3,1,0,59,6,0
USR_01399,7,0.35,13,0,128,2087.09,0.6551,0.0292,5,9,2,0,0,380,0,0
USR_01400,11,1.0,20,1,20,226.74,0.6219,0.1447,9,10,3,0,0,1029,6,0
USR_01401,18,0.8182,17,2,1,1677.38,0.8277,-0.0191,15,16,6,1,0,312,1,0
USR_01402,10,0.6667,14,1,29,532.61,0.3039,0.1962,8,8,3,0,1,380,3,0
USR_01403,16,0.6957,21,2,8,541.76,0.579,-0.3966,13,13,5,1,0,407,0,0
USR_01404,20,0.7692,6,2,10,2592.42,0.9172,0.6801,16,20,6,0,0,237,4,0
USR_01405,22,0.6111,0,2,13,1305.0,0.7202,-0.2771,18,21,7,0,0,211,7,0
USR_01406,12,0.8571,9,1,42,173.15,0.8012,-0.782,10,14,4,0,0,436,2,0
USR_01407,5,0.625,7,0,143,624.74,0.5959,-0.3842,4,7,1,0,0,1052,0,0
USR_01408,23,0.7667,27,3,11,365.71,0.7906,0.8799,19,22,7,0,1,31,1,0
USR_01409,12,0.5714,7,1,7,469.79,0.5454,0.327,10,14,4,1,0,361,10,0
USR_01410,8,0.8889,27,1,40,598.76,0.707,-0.3803,7,8,2,0,1,100,1,0
USR_01411,6,0.3529,12,0,177,963.51,0.5872,0.3523,5,7,2,0,1,686,9,0
USR_01412,2,0.2222,21,0,135,243.65,0.5293,0.3836,1,1,0,1,1,323,2,0
USR_01413,15,0.7895,17,2,41,557.02,0.5132,-0.4357,12,14,5,0,0,956,1,0
USR_01414,7,0.5833,0,1,22,485.04,0.4943,0.366,6,9,2,0,0,714,7,0
USR_01415,9,1.0,27,1,7,904.45,0.46,-0.1237,7,9,3,0,0,947,3,0
USR_01416,10,0.5263,14,1,18,637.54,0.4876,0.2094,8,10,3,0,0,772,0,0
USR_01417,21,0.6562,16,2,26,1408.4,0.5975,0.2881,18,22,7,0,0,542,13,0
USR_01418,16,0.5333,7,2,35,818.0,0.4939,0.2813,13,14,5,1,0,1037,0,0
USR_01419,15,0.7895,5,2,19,1077.74,0.7649,-0.0603,12,13,5,0,0,587,2,0
USR_01420,18,0.8182,1,2,1,801.37,0.585,-0.2469,15,16,6,0,0,1141,3,0
USR_01421,11,0.7333,15,1,16,265.17,0.8662,0.1576,9,9,3,0,0,1193,4,0
USR_01422,6,0.8571,9,0,188,492.87,0.6658,0.2462,5,5,2,0,1,719,9,0
USR_01423,6,0.5,12,0,87,389.55,0.7194,0.1399,5,5,2,1,0,819,0,0
USR_01424,18,0.9474,29,2,27,1220.62,0.7045,-0.0189,15,15,6,0,0,329,12,0
USR_01425,12,1.0,19,1,2,1314.47,0.6473,0.2016,10,10,4,0,0,983,6,0
USR_01426,8,0.6154,22,1,23,622.97,0.5236,-0.4892,6,7,2,0,1,815,13,0
USR_01427,22,0.6471,19,2,43,747.1,0.2557,0.2194,18,18,7,1,1,1085,10,0
USR_01428,17,0.5484,5,2,17,187.99,0.6598,-0.0616,14,18,5,0,1,342,12,0
USR_01429,14,0.5385,19,1,14,486.96,0.836,0.3333,12,12,4,0,0,951,5,0
USR_01430,13,0.4815,26,1,0,89.87,0.6219,0.0481,11,15,4,1,0,580,2,0
USR_01431,9,0.4091,29,1,25,1270.68,0.4336,0.1806,7,7,3,0,1,246,3,0
USR_01432,13,0.5909,1,1,12,3956.64,0.6996,0.175,11,12,4,1,0,230,6,0
USR_01433,10,0.8333,0,1,41,434.17,0.7133,-0.1118,8,12,3,1,0,687,3,0
USR_01434,9,0.4286,29,1,11,798.77,0.5741,-0.2253,7,11,3,1,0,403,8,0
USR_01435,2,0.125,22,0,92,928.7,0.4708,0.2807,2,3,0,0,0,149,0,0
USR_01436,20,0.7407,0,2,28,267.94,0.6553,0.0973,17,21,6,0,0,529,10,0
USR_01437,16,0.64,25,2,34,598.74,0.2688,0.0828,13,17,5,0,1,793,1,0
USR_01438,12,0.7059,28,1,17,966.99,0.3552,0.2767,10,14,4,1,1,403,12,0
USR_01439,15,0.6522,7,2,4,761.43,0.6397,0.1858,13,13,5,0,1,1147,0,0
USR_01440,22,1.0,6,3,7,697.61,0.8409,0.408,19,23,7,0,1,942,0,0
USR_01441,10,0.5,22,1,25,524.74,0.5882,-0.1051,8,12,3,1,1,629,10,0
USR_01442,4,0.3636,9,0,193,346.23,0.3958,0.1604,3,3,1,0,0,1123,10,0
USR_01443,17,0.6071,3,2,13,1142.28,0.9738,0.4008,14,18,5,1,0,536,8,0
USR_01444,11,0.6875,20,1,4,2719.75,0.6365,-0.1854,9,11,3,1,0,193,13,0
USR_01445,10,0.625,16,1,18,133.71,0.5093,-0.29,8,12,3,0,0,71,2,0
USR_01446,2,0.5,8,0,68,118.8,0.4668,-0.0293,2,3,0,1,1,1127,10,0
USR_01447,16,0.6667,9,2,10,251.74,0.6412,0.011,13,15,5,0,0,1152,2,0
USR_01448,8,0.381,14,1,33,467.33,0.7663,0.0684,7,10,2,1,0,894,4,0
USR_01449,19,0.7037,6,2,27,539.25,0.4472,0.2372,15,16,6,0,1,150,3,0
USR_01450,10,0.4348,1,1,16,736.37,0.7106,0.1595,8,11,3,1,0,373,0,0
USR_01451,12,1.0,19,1,24,704.86,0.5222,0.784,10,13,4,0,0,78,5,0
USR_01452,5,0.3125,8,0,71,595.31,0.5001,0.3834,4,5,1,1,1,89,8,0
USR_01453,6,1.0,12,0,37,1840.37,0.2563,-0.1818,5,6,2,0,0,317,0,0
USR_01454,17,0.7391,9,2,14,317.14,0.5518,0.2689,14,16,5,1,1,699,12,0
USR_01455,11,0.6111,4,1,32,1374.45,0.7877,-0.0109,9,9,3,0,1,106,4,0
USR_01456,15,0.6818,16,2,32,3255.45,0.2957,0.1934,12,15,5,1,0,1181,0,0
USR_01457,2,0.2,18,0,143,205.11,0.3548,0.097,2,6,0,0,1,562,6,0
USR_01458,10,0.4762,15,1,27,139.8,0.9142,-0.529,8,12,3,0,0,338,1,0
USR_01459,9,0.4737,15,1,26,771.62,0.6307,-0.213,8,8,3,1,0,633,0,0
USR_01460,5,1.0,21,0,159,1115.95,0.7755,0.0459,4,7,1,1,0,954,6,0
USR_01461,7,0.3889,1,1,39,684.69,0.8961,0.2266,6,7,2,1,0,395,0,0
USR_01462,5,0.5,23,0,129,121.43,0.2345,-0.3306,4,4,1,0,0,85,0,0
USR_01463,10,0.5556,24,1,17,172.53,0.8437,0.4166,8,12,3,0,0,89,8,0
USR_01464,10,0.4348,4,1,19,443.0,0.3174,0.2701,8,10,3,1,0,1026,0,0
USR_01465,10,0.7143,29,1,28,927.6,0.7609,-0.2943,8,12,3,1,0,160,9,0
USR_01466,12,0.5714,13,1,31,500.89,0.3155,-0.0015,10,10,4,0,0,773,9,0
USR_01467,6,0.4,10,0,57,788.95,0.4876,0.2714,5,8,2,1,0,479,0,0
USR_01468,14,0.6667,8,1,6,771.4,0.6658,0.3571,11,15,4,0,0,939,4,0
USR_01469,8,0.7273,29,1,28,1400.96,0.6803,-0.4055,7,8,2,1,0,100,0,0
USR_01470,7,0.3889,16,0,190,262.78,0.6213,-0.1951,5,9,2,1,0,1080,6,0
USR_01471,12,0.5,29,1,44,713.74,0.1334,0.311,10,10,4,0,0,846,0,0
USR_01472,12,0.4615,21,1,0,2102.69,0.6786,-0.3404,10,11,4,1,0,555,12,0
USR_01473,17,0.7391,13,2,3,353.54,0.6749,0.1807,14,18,5,1,0,272,1,0
USR_01474,10,0.9091,0,1,40,402.82,0.7376,-0.002,9,9,3,1,0,1173,6,0
USR_01475,9,0.4091,27,1,16,712.66,0.5091,-0.0617,7,7,3,1,0,383,0,0
USR_01476,3,0.25,6,0,76,285.49,0.3372,-0.7035,3,3,1,1,0,603,1,0
USR_01477,9,0.9,23,1,31,262.06,0.2456,0.32,7,9,3,0,0,491,3,0
USR_01478,20,0.6452,3,2,6,503.85,0.6988,-0.2212,17,20,6,0,0,299,5,0
USR_01479,12,0.5455,25,1,21,547.17,0.7183,-0.1788,10,14,4,1,0,517,13,0
USR_01480,12,0.5,0,1,14,1213.39,0.7449,0.1448,10,13,4,0,1,207,0,0
USR_01481,14,0.7,3,1,11,324.61,0.539,0.0017,12,15,4,1,1,31,0,0
USR_01482,10,0.5882,8,1,8,681.56,0.9046,0.0001,8,8,3,0,0,369,2,0
USR_01483,11,0.9167,23,1,15,1785.49,0.6473,-0.0444,9,9,3,0,0,161,2,0
USR_01484,3,0.3333,29,0,60,1702.5,0.7229,-0.1671,2,6,1,1,0,515,11,0
USR_01485,7,0.4667,7,0,129,609.02,0.5058,-0.1867,5,5,2,1,0,1039,12,0
USR_01486,11,0.4583,17,1,8,773.66,0.2133,0.178,9,9,3,0,1,220,11,0
USR_01487,21,0.875,22,2,35,322.41,0.6678,-0.2833,17,20,7,0,0,31,0,0
USR_01488,9,1.0,26,1,8,838.05,0.481,-0.1957,7,10,3,0,0,159,3,0
USR_01489,7,0.6364,7,1,28,2262.61,0.8201,0.0148,6,8,2,1,0,624,8,0
USR_01490,10,0.7692,3,1,17,1880.83,0.7493,0.1867,8,11,3,0,0,351,2,0
USR_01491,14,0.7,23,1,39,653.41,0.2814,-0.2265,11,12,4,1,0,602,6,0
USR_01492,14,0.5833,1,1,31,877.19,0.7371,-0.2457,12,16,4,0,1,64,1,0
USR_01493,9,0.6429,26,1,23,369.3,0.6703,-0.0876,8,10,3,1,0,419,2,0
USR_01494,10,0.6667,12,1,2,316.15,0.5032,-0.2689,8,11,3,0,0,509,10,0
USR_01495,3,0.375,15,0,78,497.0,0.2249,-0.0377,2,3,1,1,1,534,1,0
USR_01496,11,0.44,14,1,44,826.01,0.6762,-0.6738,9,9,3,1,1,674,13,0
USR_01497,12,0.7059,12,1,4,1185.05,0.6095,0.45,10,13,4,0,0,943,2,0
USR_01498,7,0.4118,0,1,24,624.27,0.5938,-0.0216,6,8,2,0,1,576,0,0
USR_01499,9,1.0,4,1,44,945.88,0.7885,-0.5382,8,11,3,0,0,1014,1,0
USR_01500,21,0.9545,10,2,27,86.36,0.5488,-0.1749,18,21,7,1,0,649,0,0
USR_01501,5,0.5,7,0,115,762.31,0.5306,0.0155,4,5,1,1,0,334,4,0
USR_01502,15,0.6818,24,2,36,404.97,0.6682,-0.0392,12,15,5,1,0,297,0,0
USR_01503,12,0.7059,29,1,40,244.53,0.8166,-0.4015,10,14,4,0,1,407,5,0
USR_01504,20,0.8333,6,2,13,956.41,0.8852,0.3681,17,17,6,0,1,729,11,0
USR_01505,13,0.619,21,1,39,2116.94,0.9099,0.2538,11,15,4,0,0,313,2,0
USR_01506,3,0.5,15,0,126,657.88,0.6253,-0.3961,3,3,1,0,0,1099,0,0
USR_01507,19,0.7308,23,2,37,1344.58,0.673,0.094,16,18,6,0,0,591,3,0
USR_01508,13,0.9286,22,1,25,476.2,0.5021,-0.2806,11,14,4,0,0,1040,9,0
USR_01509,20,0.9091,24,2,3,3436.78,0.8039,-0.4134,16,17,6,0,0,829,5,0
USR_01510,7,0.35,28,1,31,188.49,0.4331,-0.2807,6,6,2,1,0,420,0,0
USR_01511,7,0.4667,17,0,191,613.58,0.6851,0.2146,5,7,2,1,0,297,4,0
USR_01512,25,0.8621,27,3,39,1213.36,0.8572,-0.3107,21,23,8,1,0,900,3,0
USR_01513,13,1.0,13,1,7,648.92,0.4788,0.0721,11,14,4,0,0,416,2,0
USR_01514,27,0.7105,1,3,38,2000.46,0.851,-0.4377,22,24,9,1,0,318,0,0
USR_01515,9,0.6923,10,1,39,126.66,0.8828,0.1963,7,10,3,0,0,1118,13,0
USR_01516,19,0.76,20,2,43,608.53,0.5845,-0.097,15,19,6,0,1,594,0,0
USR_01517,13,0.5909,0,1,25,544.86,0.6796,0.1161,11,15,4,0,0,86,1,0
USR_01518,10,0.9091,24,1,40,608.96,0.0591,-0.3806,8,8,3,0,0,608,0,0
USR_01519,7,0.4375,24,1,12,187.48,0.7852,0.6327,6,9,2,1,0,569,5,0
USR_01520,6,0.3,6,0,49,526.86,0.6441,0.5685,5,5,2,0,1,1040,3,0
USR_01521,17,0.8947,25,2,14,507.75,0.4334,-0.7742,14,17,5,0,0,862,1,0
USR_01522,20,0.5882,23,2,16,807.98,0.4183,0.3741,16,20,6,0,0,253,3,0
USR_01523,13,0.7222,10,1,12,1601.36,0.3355,0.0387,10,11,4,0,1,206,6,0
USR_01524,14,1.0,27,1,29,727.19,0.3398,0.1373,11,13,4,1,0,736,2,0
USR_01525,17,0.7391,15,2,32,929.1,0.5766,0.1199,14,15,5,1,0,85,12,0
USR_01526,6,0.6667,13,0,62,1818.95,0.4447,0.2682,5,7,2,1,0,403,2,0
USR_01527,23,0.7931,17,3,33,1722.21,0.1643,-0.1844,19,21,7,0,0,191,1,0
USR_01528,23,0.92,29,3,5,98.74,0.564,-0.4564,19,19,7,1,0,54,13,0
USR_01529,20,0.6667,19,2,19,1258.81,0.2676,-0.204,16,20,6,0,0,1105,10,0
USR_01530,3,0.375,15,0,55,1252.5,0.6756,-0.2423,2,3,1,0,0,135,2,0
USR_01531,11,0.5,19,1,19,539.28,0.3032,0.0015,9,11,3,1,0,40,10,0
USR_01532,10,0.7692,22,1,7,460.9,0.5951,-0.0078,9,11,3,0,0,1121,4,0
USR_01533,1,1.0,5,0,66,269.54,0.4789,-0.1573,1,3,0,0,0,250,2,0
USR_01534,2,0.3333,15,0,177,140.76,0.8624,-0.2109,2,6,0,0,0,985,10,0
USR_01535,5,0.3125,20,0,43,1312.69,0.6377,0.1991,4,5,1,0,0,66,8,0
USR_01536,10,0.4167,5,1,31,1226.71,0.4619,-0.3217,8,8,3,1,1,209,2,0
USR_01537,8,0.381,22,1,29,614.02,0.8707,0.2254,7,7,2,1,1,159,5,0
USR_01538,20,1.0,0,2,11,1173.66,0.5891,-0.0174,17,17,6,0,0,856,2,0
USR_01539,1,0.0714,0,0,77,1508.48,0.5972,-0.1698,0,4,0,0,0,755,0,0
USR_01540,20,0.8,11,2,26,158.12,0.1385,-0.3022,16,16,6,1,0,586,13,0
USR_01541,4,1.0,18,0,73,811.96,0.4214,0.4167,3,4,1,0,0,312,4,0
USR_01542,6,0.6667,3,0,137,547.75,0.3048,-0.5239,5,8,2,0,0,133,5,0
USR_01543,17,0.5667,12,2,32,939.93,0.7613,0.1293,14,16,5,0,0,695,5,0
USR_01544,6,0.4286,5,0,131,772.07,0.6612,-0.0414,5,8,2,0,0,299,4,0
USR_01545,6,0.75,26,0,82,1231.4,0.9411,-0.0799,5,9,2,1,0,720,2,0
USR_01546,7,0.3889,22,0,71,187.49,0.3765,-0.3875,6,10,2,1,1,834,13,0
USR_01547,9,0.6429,28,1,36,1902.97,0.7576,-0.2322,7,9,3,0,0,1023,5,0
USR_01548,13,0.9286,11,1,43,437.5,0.2226,0.6964,11,15,4,0,1,607,6,0
USR_01549,18,0.7826,17,2,0,597.4,0.5113,0.3273,15,17,6,0,1,35,3,0
USR_01550,5,0.3125,10,0,113,162.77,0.6202,0.3015,4,6,1,1,1,358,2,0
USR_01551,19,0.8261,11,2,36,612.26,0.7385,0.213,16,17,6,1,0,1028,0,0
USR_01552,14,0.875,16,1,5,655.54,0.5906,0.079,12,15,4,1,1,653,2,0
USR_01553,3,0.4286,28,0,131,624.01,0.1796,0.4348,2,3,1,0,1,754,0,0
USR_01554,9,0.45,26,1,13,369.17,0.3721,0.0672,8,10,3,1,0,565,6,0
USR_01555,19,0.9048,8,2,6,250.71,0.5682,0.7106,16,20,6,1,0,220,11,0
USR_01556,12,0.6667,9,1,8,1111.04,0.8433,0.3857,10,12,4,0,0,1079,2,0
USR_01557,15,0.625,14,2,10,165.72,0.9386,0.1105,12,14,5,1,0,934,2,0
USR_01558,12,1.0,22,1,11,1266.07,0.4685,0.1995,10,14,4,1,0,1194,6,0
USR_01559,22,0.7333,10,2,22,2580.19,0.7148,-0.0133,18,19,7,1,0,1030,0,0
USR_01560,8,0.4211,1,1,41,3918.34,0.6673,0.5275,6,9,2,0,0,370,12,0
USR_01561,12,0.5714,4,1,38,279.54,0.6863,-0.1701,10,13,4,0,0,327,2,0
USR_01562,17,0.8947,11,2,4,1067.07,0.5436,0.2032,14,17,5,0,1,320,0,0
USR_01563,22,0.7586,26,2,36,424.1,0.7692,0.0431,18,21,7,0,0,1104,0,0
USR_01564,7,0.35,20,1,33,1771.56,0.2101,-0.2322,6,6,2,1,0,681,12,0
USR_01565,6,0.6667,7,0,41,910.9,0.6635,0.1322,5,7,2,0,0,561,1,0
USR_01566,13,0.8667,17,1,18,526.47,0.7062,-0.8173,11,14,4,0,0,1162,6,0
USR_01567,4,0.3333,23,0,144,321.08,0.8421,0.2735,3,4,1,1,0,736,0,0
USR_01568,2,0.25,8,0,157,494.9,0.6612,0.4712,1,1,0,1,1,1094,1,0
USR_01569,8,0.4706,22,1,7,387.82,0.7627,-0.1524,7,7,2,0,0,1182,11,0
USR_01570,17,0.6538,19,2,22,652.32,0.6074,-0.1024,14,14,5,0,0,122,0,0
USR_01571,3,1.0,20,0,108,679.77,0.535,-0.0514,2,4,1,1,1,452,0,0
USR_01572,9,0.4737,3,1,30,426.82,0.4471,0.3129,7,7,3,0,0,888,4,0
USR_01573,7,0.3333,3,1,12,397.31,0.581,0.4648,6,9,2,0,0,981,10,0
USR_01574,21,0.913,13,2,37,1098.77,0.6206,0.3985,17,20,7,0,0,203,2,0
USR_01575,11,0.5789,12,1,9,1164.91,0.497,0.359,9,10,3,1,0,402,0,0
USR_01576,6,0.5455,9,0,187,347.16,0.3449,0.1188,5,6,2,1,0,671,13,0
USR_01577,12,0.5714,27,1,44,636.75,0.7764,-0.5997,10,12,4,0,0,965,6,0
USR_01578,15,0.6522,7,2,34,333.16,0.9818,-0.0561,13,13,5,0,1,162,10,0
USR_01579,6,0.4286,10,0,139,5000.0,0.5424,0.2825,5,8,2,0,0,732,8,0
USR_01580,1,0.3333,1,0,108,313.41,0.0892,0.2777,1,1,0,1,1,376,7,0
USR_01581,8,0.4444,0,1,8,814.55,0.6237,-0.0545,7,8,2,1,0,283,3,0
USR_01582,20,0.6667,9,2,13,949.62,0.9178,-0.5564,17,18,6,1,0,633,2,0
USR_01583,21,0.7,21,2,44,390.62,0.4323,0.2698,17,18,7,1,0,514,7,0
USR_01584,9,0.8182,17,1,16,334.2,0.436,-0.2593,7,9,3,0,0,773,7,0
USR_01585,12,0.5217,20,1,3,531.89,0.8631,-0.2582,10,14,4,1,0,401,13,0
USR_01586,14,0.8235,22,1,44,332.94,0.2566,0.3132,11,14,4,0,1,993,5,0
USR_01587,7,0.7778,17,0,194,773.35,0.2522,0.0527,6,8,2,1,1,121,2,0
USR_01588,7,0.6364,13,0,43,337.05,0.3899,0.2747,6,9,2,0,0,1038,4,0
USR_01589,12,0.8571,10,1,20,747.92,0.7095,-0.41,10,13,4,0,1,64,5,0
USR_01590,15,0.75,1,2,12,127.55,0.4986,-0.0229,13,14,5,1,0,890,3,0
USR_01591,12,0.8,9,1,13,348.78,0.5199,-0.4933,10,14,4,0,0,435,9,0
USR_01592,21,0.9545,14,2,5,475.31,0.737,0.3105,17,19,7,1,0,478,5,0
USR_01593,14,0.5,6,1,39,1481.09,0.3768,0.2477,11,11,4,1,0,52,0,0
USR_01594,6,0.375,4,0,183,151.68,0.6092,-0.2866,5,9,2,1,0,851,5,0
USR_01595,5,0.5,17,0,40,1498.58,0.4612,-0.0696,4,7,1,0,0,223,6,0
USR_01596,16,0.7619,14,2,10,1127.52,0.0766,0.1853,13,14,5,0,0,801,12,0
USR_01597,17,0.8095,29,2,24,159.42,0.607,-0.2961,14,15,5,1,1,878,3,0
USR_01598,5,0.3125,24,0,98,1022.95,0.7068,-0.5157,4,6,1,0,0,1018,5,0
USR_01599,16,0.8421,23,2,0,316.07,0.1229,-0.0114,13,17,5,0,1,858,4,0
USR_01600,16,0.9412,14,2,28,1050.44,0.4339,0.2325,13,13,5,1,0,382,4,0
USR_01601,13,0.65,19,1,11,1101.52,0.4097,-0.2975,11,11,4,1,0,894,0,0
USR_01602,19,0.8636,26,2,33,1254.54,0.9179,0.4034,16,17,6,0,1,996,11,0
USR_01603,20,0.6061,17,2,40,421.08,0.2322,0.1212,17,21,6,1,0,401,12,0
USR_01604,7,0.5833,7,0,142,1147.89,0.836,0.3894,5,7,2,0,1,175,4,0
USR_01605,14,0.5833,21,1,11,2280.08,0.2899,-0.314,12,12,4,1,1,1071,4,0
USR_01606,23,0.8214,3,3,18,526.88,0.7108,-0.3014,19,23,7,1,0,203,0,0
USR_01607,16,0.8889,15,2,1,583.24,0.607,-0.1988,13,17,5,0,1,724,5,0
USR_01608,14,0.7778,25,1,11,1174.17,0.9277,0.439,12,12,4,0,1,306,3,0
USR_01609,18,0.6,25,2,10,68.22,0.7474,0.0215,15,16,6,1,0,177,7,0
USR_01610,2,0.6667,23,0,89,303.32,0.3071,-0.0579,1,3,0,1,1,938,0,0
USR_01611,10,0.4167,17,1,34,1488.81,0.9586,0.411,8,8,3,0,1,198,7,0
USR_01612,13,1.0,10,1,20,752.21,0.154,-0.3655,11,14,4,0,0,814,2,0
USR_01613,12,0.5455,7,1,38,559.82,0.7091,0.0791,10,11,4,0,1,840,6,0
USR_01614,9,0.4737,14,1,13,313.16,0.691,-0.0293,8,11,3,1,0,100,5,0
USR_01615,13,0.619,16,1,12,679.45,0.7156,0.4834,11,12,4,0,0,232,1,0
USR_01616,11,0.9167,9,1,19,434.97,0.2143,0.2846,9,12,3,0,1,959,3,0
USR_01617,19,0.6552,7,2,10,164.43,0.3604,-0.1467,16,17,6,1,0,623,10,0
USR_01618,1,0.5,23,0,120,1885.78,0.9033,0.5127,1,2,0,0,0,171,5,0
USR_01619,4,0.2667,16,0,153,381.5,0.676,0.0553,3,4,1,1,0,1190,0,0
USR_01620,8,0.4211,14,1,30,535.14,0.4329,0.1749,7,11,2,1,0,340,3,0
USR_01621,5,0.2941,24,0,49,159.73,0.506,0.1198,4,5,1,0,0,34,2,0
USR_01622,10,0.6667,29,1,34,433.5,0.2775,0.5128,8,12,3,1,0,1111,6,0
USR_01623,14,0.6087,21,1,16,1487.35,0.8955,-0.7244,11,15,4,1,0,49,5,0
USR_01624,16,0.8889,23,2,44,1400.74,0.5522,0.1614,13,16,5,0,1,677,0,0
USR_01625,21,0.75,8,2,17,678.72,0.4047,0.6806,18,21,7,0,1,1191,5,0
USR_01626,7,0.4118,25,0,118,403.49,0.6913,-0.3787,5,8,2,0,1,706,8,0
USR_01627,9,0.8182,21,1,17,679.03,0.1086,-0.2925,7,8,3,0,0,714,8,0
USR_01628,15,0.5556,16,2,39,996.79,0.6357,0.0712,12,16,5,0,1,484,0,0
USR_01629,8,0.6154,3,1,3,200.82,0.4776,0.3782,6,7,2,0,0,178,2,0
USR_01630,16,0.5517,15,2,44,812.8,0.7369,0.1017,13,17,5,1,0,700,3,0
USR_01631,17,0.9444,19,2,37,1228.07,0.5514,-0.0643,14,18,5,0,0,1079,0,0
USR_01632,17,0.85,5,2,1,633.83,0.781,-0.0029,14,16,5,1,0,136,3,0
USR_01633,9,0.4737,9,1,9,654.86,0.5841,-0.109,8,8,3,0,0,1060,0,0
USR_01634,12,0.8571,23,1,14,372.0,0.5663,-0.1387,10,14,4,1,0,515,0,0
USR_01635,13,0.4815,18,1,16,843.65,0.181,-0.4078,11,14,4,1,0,657,6,0
USR_01636,5,0.2632,7,0,72,2408.12,0.2937,0.6377,4,5,1,1,0,223,1,0
USR_01637,7,0.875,25,0,188,2048.89,0.4466,0.0534,6,8,2,0,0,757,7,0
USR_01638,18,0.6,25,2,7,419.69,0.9085,-0.3035,15,15,6,0,0,243,0,0
USR_01639,15,0.7143,4,2,36,492.93,0.2642,0.3375,12,16,5,1,0,349,5,0
USR_01640,9,0.4286,1,1,0,1983.13,0.6626,-0.6996,8,9,3,0,1,874,3,0
USR_01641,23,0.697,20,3,26,1070.63,0.7202,-0.3871,19,23,7,1,0,89,9,0
USR_01642,19,0.8261,2,2,33,1053.52,0.5138,0.0905,16,16,6,0,0,553,9,0
USR_01643,9,1.0,20,1,16,156.55,0.6599,-0.0141,7,7,3,0,0,725,3,0
USR_01644,3,0.4286,16,0,159,1382.78,0.4868,0.1703,2,2,1,0,0,184,5,0
USR_01645,17,0.7391,22,2,0,531.46,0.6216,-0.2738,14,15,5,0,1,374,1,0
USR_01646,5,0.3846,0,0,89,801.74,0.8841,-0.1294,4,6,1,1,0,431,5,0
USR_01647,20,0.6452,29,2,22,378.28,0.2875,-0.0593,16,17,6,1,0,806,0,0
USR_01648,9,0.4286,2,1,5,2489.1,0.7418,-0.2461,8,10,3,0,0,1172,3,0
USR_01649,20,0.8333,14,2,25,304.92,0.6182,-0.3358,17,21,6,1,0,1008,1,0
USR_01650,12,0.8571,24,1,40,3171.68,0.5526,0.468,10,12,4,1,0,252,11,0
USR_01651,8,0.4706,4,1,16,680.57,0.7408,-0.3155,6,9,2,0,0,51,3,0
USR_01652,4,0.2667,22,0,112,581.79,0.4569,-0.0779,3,6,1,1,1,90,5,0
USR_01653,5,0.3571,20,0,51,328.18,0.5317,-0.291,4,8,1,0,0,726,2,0
USR_01654,4,0.3077,26,0,195,437.82,0.6369,-0.1846,3,5,1,1,0,212,2,0
USR_01655,13,0.5652,16,1,35,565.3,0.4593,-0.4352,11,12,4,0,0,300,1,0
USR_01656,16,0.7273,9,2,31,740.87,0.8963,-0.3874,13,17,5,0,0,1021,12,0
USR_01657,7,0.7,24,0,94,1024.11,0.3896,-0.1098,5,5,2,0,0,1052,9,0
USR_01658,10,0.4762,4,1,36,562.91,0.4904,-0.1008,8,8,3,0,0,1011,0,0
USR_01659,7,0.7778,23,0,141,1023.45,0.2166,0.0792,6,9,2,0,1,326,8,0
USR_01660,11,1.0,4,1,17,1713.36,0.4831,0.6285,9,13,3,0,0,755,3,0
USR_01661,11,1.0,21,1,26,1551.5,0.6008,0.0656,9,10,3,0,0,744,0,0
USR_01662,6,0.5455,1,0,52,1098.12,0.4657,-0.1531,5,6,2,0,0,246,4,0
USR_01663,4,0.3636,11,0,64,992.52,0.5637,-0.7106,3,7,1,0,1,677,0,0
USR_01664,8,0.5,26,1,7,284.8,0.7864,-0.3925,6,8,2,1,0,644,1,0
USR_01665,3,0.6,14,0,39,786.15,0.7142,0.5273,2,5,1,0,0,493,7,0
USR_01666,7,0.5385,0,0,100,279.28,0.6871,0.2153,6,10,2,1,1,909,1,0
USR_01667,14,0.6087,27,1,31,1500.55,0.6075,0.0935,12,14,4,1,1,822,11,0
USR_01668,4,0.5,17,0,96,837.87,0.6663,0.1638,3,4,1,1,0,653,6,0
USR_01669,17,0.68,13,2,34,1642.14,0.6342,-0.3526,14,14,5,0,1,879,10,0
USR_01670,18,0.8182,26,2,7,1703.15,0.3595,0.1029,15,15,6,1,1,922,5,0
USR_01671,12,0.5,17,1,18,946.64,0.5226,-0.0724,10,11,4,0,0,693,10,0
USR_01672,7,0.5385,17,1,24,387.2,0.5083,0.3327,6,10,2,0,0,343,2,0
USR_01673,20,0.625,20,2,25,110.6,0.4631,-0.047,17,19,6,0,0,917,4,0
USR_01674,25,0.8333,5,3,37,1026.86,0.2225,-0.2445,21,21,8,0,0,869,4,0
USR_01675,5,0.5,3,0,173,581.46,0.7427,0.0906,4,6,1,0,0,1180,12,0
USR_01676,10,0.4762,18,1,44,1261.78,0.5949,-0.1357,8,11,3,1,1,205,0,0
USR_01677,8,0.6667,23,1,16,1162.84,0.7523,0.1743,7,9,2,0,0,520,5,0
USR_01678,7,0.4118,28,1,37,1073.54,0.6157,0.0051,6,9,2,0,1,1111,8,0
USR_01679,23,0.9583,0,3,5,810.53,0.9156,0.2928,19,23,7,0,0,632,3,0
USR_01680,17,0.5862,2,2,21,176.45,0.4958,-0.2839,14,18,5,0,0,1132,10,0
USR_01681,9,0.45,29,1,41,1828.11,0.4015,0.4667,8,12,3,0,1,44,3,0
USR_01682,6,0.4286,5,0,102,243.33,0.6023,0.1178,5,6,2,0,0,71,0,0
USR_01683,20,0.7407,17,2,5,396.31,0.7226,0.0077,16,18,6,0,0,961,5,0
USR_01684,13,0.7222,14,1,14,510.62,0.1311,0.2985,10,13,4,0,0,449,3,0
USR_01685,5,0.5,5,0,126,674.98,0.7639,0.2086,4,5,1,0,1,638,0,0
USR_01686,17,0.8095,23,2,2,515.28,0.745,0.1944,14,15,5,0,0,530,0,0
USR_01687,26,0.7222,23,3,17,426.4,0.2907,0.135,21,21,8,1,1,507,1,0
USR_01688,0,0.0,117,0,168,1264.02,0.598,0.214,0,0,0,1,0,1129,8,0
USR_01689,6,0.6,25,0,112,229.23,0.6278,-0.0739,5,5,2,0,0,140,11,0
USR_01690,19,0.7917,18,2,21,477.46,0.7695,0.1766,15,15,6,0,0,933,4,0
USR_01691,12,0.6316,6,1,21,124.3,0.6578,-0.1613,10,10,4,0,1,1070,0,0
USR_01692,7,0.6364,8,1,15,291.56,0.4374,-0.2367,6,10,2,1,1,799,4,0
USR_01693,19,0.76,1,2,8,190.47,0.2976,-0.1523,16,18,6,0,0,492,10,0
USR_01694,9,0.4286,16,1,31,1196.57,0.3982,-0.5182,8,12,3,1,0,217,8,0
USR_01695,10,0.7143,15,1,6,772.35,0.7588,-0.3705,8,8,3,1,0,828,2,0
USR_01696,20,0.9091,5,2,33,348.25,0.637,-0.0981,16,19,6,0,0,578,0,0
USR_01697,7,0.3889,19,0,131,51.47,0.8966,-0.4837,5,5,2,0,1,204,12,0
USR_01698,12,0.75,9,1,35,196.24,0.4684,-0.1185,10,13,4,1,1,450,10,0
USR_01699,4,0.2857,5,0,30,276.11,0.6764,0.2497,3,6,1,1,0,1155,0,0
USR_01700,5,0.2632,5,0,180,498.48,0.4455,-0.0984,4,8,1,0,0,340,10,0
USR_01701,11,0.6111,16,1,28,1219.58,0.6292,-0.1181,9,9,3,1,0,238,0,0
USR_01702,17,0.68,27,2,41,210.41,0.2386,-0.0512,14,17,5,0,0,827,0,0
USR_01703,23,0.697,15,3,38,225.74,0.7853,-0.7882,19,21,7,1,0,263,8,0
USR_01704,11,0.9167,18,1,32,174.03,0.6105,0.0308,9,12,3,1,0,1106,4,0
USR_01705,7,0.875,25,0,134,666.63,0.7648,0.2085,5,6,2,0,0,1035,3,0
USR_01706,15,0.8824,19,2,2,117.29,0.5934,0.2805,12,13,5,0,1,1180,12,0
USR_01707,2,0.25,24,0,175,162.04,0.2168,-0.1482,2,4,0,0,1,1097,10,0
USR_01708,24,0.6667,16,3,27,969.82,0.5829,0.4389,20,23,8,1,0,315,0,0
USR_01709,11,0.55,3,1,10,2251.19,0.4218,0.0716,9,13,3,1,0,278,5,0
USR_01710,2,0.1429,19,0,127,699.92,0.236,0.2933,2,3,0,1,0,430,9,0
USR_01711,8,0.6154,21,1,39,517.39,0.2893,-0.0997,6,10,2,1,0,579,4,0
USR_01712,8,0.4,13,1,24,3798.74,0.9265,0.4326,7,7,2,0,0,1059,13,0
USR_01713,15,0.6,15,2,4,438.22,0.9623,-0.1508,12,12,5,0,1,888,6,0
USR_01714,18,0.9474,2,2,38,439.39,0.7769,0.1063,15,16,6,0,0,783,0,0
USR_01715,19,0.7308,13,2,36,433.06,0.7783,0.006,16,17,6,0,0,1057,1,0
USR_01716,12,0.5714,27,1,20,2209.5,0.6926,-0.3754,10,11,4,0,1,785,10,0
USR_01717,7,0.5833,4,1,12,1023.69,0.8561,0.4628,6,9,2,0,0,473,13,0
USR_01718,5,0.3125,19,0,40,1015.06,0.8408,-0.1027,4,6,1,0,1,513,0,0
USR_01719,14,0.7,22,1,29,863.72,0.5526,-0.3647,11,13,4,1,0,634,0,0
USR_01720,11,0.5238,21,1,11,461.59,0.4269,-0.2517,9,13,3,1,0,133,8,0
USR_01721,15,0.6,26,2,24,513.61,0.9597,0.2383,13,17,5,0,0,897,0,0
USR_01722,7,0.7,5,0,122,307.46,0.6175,0.4856,5,8,2,0,0,793,0,0
USR_01723,24,1.0,6,3,26,484.49,0.8191,-0.2695,20,21,8,0,0,885,11,0
USR_01724,16,0.5517,10,2,17,833.87,0.3104,0.1336,13,16,5,0,1,654,9,0
USR_01725,8,0.4,0,1,44,568.86,0.4329,-0.1498,7,10,2,0,0,946,11,0
USR_01726,21,0.6,0,2,30,1270.79,0.3789,-0.7049,17,17,7,1,0,1141,6,0
USR_01727,15,1.0,18,2,26,820.58,0.1568,0.2121,13,15,5,1,1,696,2,0
USR_01728,17,0.6296,8,2,20,774.22,0.4782,-0.3131,14,15,5,0,1,549,12,0
USR_01729,5,0.8333,29,0,90,332.19,0.3312,0.2074,4,6,1,1,1,152,2,0
USR_01730,11,0.6111,25,1,32,249.34,0.5485,0.1653,9,11,3,0,0,941,2,0
USR_01731,28,0.7,20,3,18,270.15,0.865,-0.1327,24,24,9,1,0,1087,11,0
USR_01732,8,0.7273,24,1,7,1588.08,0.3749,0.111,6,8,2,1,0,848,6,0
USR_01733,4,0.4444,7,0,108,167.05,0.5397,0.2553,4,6,1,1,0,1042,11,0
USR_01734,15,0.6818,21,2,25,774.26,0.2811,-0.5121,13,14,5,0,0,1037,0,0
USR_01735,11,0.6471,26,1,15,774.6,0.3875,0.0938,9,10,3,1,1,963,13,0
USR_01736,6,1.0,4,0,124,384.75,0.3332,0.1449,5,7,2,1,0,618,5,0
USR_01737,9,0.6429,16,1,13,646.31,0.6678,-0.0647,7,8,3,1,0,146,6,0
USR_01738,5,0.2941,29,0,145,762.79,0.7599,0.4746,4,8,1,1,0,33,12,0
USR_01739,8,0.8889,15,1,28,263.98,0.8361,0.0652,6,8,2,1,0,269,3,0
USR_01740,4,0.4444,24,0,143,353.7,0.4015,0.6679,4,8,1,0,0,534,7,0
USR_01741,17,0.6538,1,2,41,597.48,0.6863,0.4411,14,17,5,0,0,900,6,0
USR_01742,11,0.6875,10,1,44,612.39,0.2562,0.5521,9,10,3,0,1,563,9,0
USR_01743,3,0.2308,1,0,121,213.25,0.6447,0.2284,2,6,1,0,1,57,11,0
USR_01744,20,0.8333,21,2,21,666.9,0.3587,0.3515,17,20,6,1,0,276,6,0
USR_01745,10,0.8333,17,1,38,687.41,0.2947,-0.0725,8,12,3,0,1,1175,0,0
USR_01746,4,0.2353,5,0,131,1383.87,0.3237,0.6361,3,5,1,0,0,1185,1,0
USR_01747,20,0.6452,24,2,39,611.45,0.2329,-0.3241,16,20,6,0,0,471,13,0
USR_01748,17,0.8095,16,2,24,450.53,0.9368,0.5493,14,17,5,0,0,971,13,0
USR_01749,6,0.8571,22,0,156,1149.38,0.6819,-0.0408,5,6,2,0,0,871,13,0
USR_01750,4,0.4,21,0,191,1516.32,0.1329,-0.4033,3,7,1,1,0,1119,0,0
USR_01751,11,0.5,28,1,31,205.42,0.5856,0.1898,9,12,3,1,0,1068,3,0
USR_01752,18,0.6667,6,2,1,408.57,0.5407,-0.0192,15,15,6,0,0,765,8,0
USR_01753,14,0.5833,15,1,35,114.39,0.702,0.1976,11,14,4,0,0,491,8,0
USR_01754,7,0.5,4,1,3,287.5,0.8833,0.594,6,7,2,0,1,763,0,0
USR_01755,4,0.2353,18,0,64,2033.52,0.7623,-0.3423,3,4,1,0,0,403,5,0
USR_01756,9,0.9,10,1,0,262.39,0.251,0.4722,7,9,3,0,0,437,0,0
USR_01757,13,0.52,18,1,44,898.43,0.7071,0.2331,11,14,4,0,0,742,4,0
USR_01758,12,0.4615,2,1,27,859.01,0.8484,0.2639,10,14,4,0,0,698,1,0
USR_01759,23,0.6571,11,3,17,387.75,0.549,-0.5303,19,19,7,1,0,709,0,0
USR_01760,7,0.6364,13,1,38,430.02,0.4747,0.1613,6,6,2,0,1,480,0,0
USR_01761,6,0.3,0,0,193,1883.86,0.7659,0.3416,5,9,2,1,0,508,12,0
USR_01762,4,0.2222,4,0,99,1315.4,0.1685,0.6154,4,4,1,1,0,41,8,0
USR_01763,22,0.6471,25,2,32,3703.09,0.4622,-0.4593,18,22,7,0,1,734,12,0
USR_01764,5,0.5556,14,0,67,80.09,0.5695,-0.0862,4,4,1,0,0,703,3,0
USR_01765,19,0.6333,2,2,15,947.95,0.6582,0.8404,16,16,6,0,0,1124,3,0
USR_01766,15,0.5556,4,2,30,91.77,0.6489,-0.6156,13,14,5,0,1,620,2,0
USR_01767,8,0.8,28,1,1,598.03,0.6976,0.3601,7,10,2,0,1,577,5,0
USR_01768,9,0.75,5,1,10,516.23,0.4178,0.0981,7,11,3,1,0,109,2,0
USR_01769,10,0.4762,25,1,8,246.2,0.2724,-0.1853,8,12,3,0,0,260,8,0
USR_01770,14,0.5385,7,1,22,379.44,0.4193,-0.1046,12,13,4,0,0,425,9,0
USR_01771,18,0.6667,3,2,16,484.32,0.7888,0.7794,15,15,6,1,0,471,11,0
USR_01772,19,0.7037,25,2,4,872.93,0.6262,0.2791,16,17,6,0,0,454,1,0
USR_01773,7,0.3333,3,0,137,245.86,0.8326,-0.0282,5,8,2,1,1,491,4,0
USR_01774,24,0.8276,24,3,4,340.95,0.746,-0.2185,20,21,8,1,0,929,1,0
USR_01775,9,0.4737,22,1,6,932.0,0.5201,0.2884,7,9,3,1,0,183,0,0
USR_01776,19,0.5758,29,2,29,1093.22,0.6011,-0.0764,16,16,6,0,0,418,7,0
USR_01777,8,0.7273,16,1,7,5000.0,0.6206,-0.2522,7,8,2,0,0,220,4,0
USR_01778,15,0.9375,27,2,2,703.02,0.3143,-0.0492,13,13,5,0,0,390,7,0
USR_01779,21,0.913,19,2,28,1019.86,0.6756,0.1479,17,18,7,1,0,830,0,0
USR_01780,14,0.5833,0,1,33,513.51,0.7766,-0.0384,12,12,4,1,1,84,13,0
USR_01781,23,0.8519,8,3,5,1886.86,0.5963,0.554,19,20,7,1,0,427,13,0
USR_01782,3,0.2308,0,0,47,291.35,0.8179,0.26,2,2,1,1,1,57,3,0
USR_01783,8,0.5333,26,1,35,582.27,0.0792,-0.0749,7,7,2,0,0,1147,10,0
USR_01784,9,0.4286,12,1,6,750.97,0.812,0.2545,7,11,3,1,1,880,1,0
USR_01785,20,0.6897,16,2,37,908.02,0.5354,-0.0778,17,17,6,0,0,315,8,0
USR_01786,14,0.6364,24,1,27,1299.0,0.5331,-0.0396,12,15,4,0,0,261,11,0
USR_01787,8,0.7273,16,1,32,521.97,0.3111,0.0137,7,9,2,0,0,145,10,0
USR_01788,8,0.6667,27,1,37,1254.5,0.6103,-0.1315,7,7,2,1,0,583,10,0
USR_01789,25,0.8929,29,3,11,198.09,0.8513,0.3503,21,23,8,0,0,911,3,0
USR_01790,9,1.0,6,1,10,751.36,0.7147,0.3319,8,8,3,1,0,713,10,0
USR_01791,10,0.7143,23,1,25,135.66,0.6321,-0.2811,8,11,3,0,0,1060,7,0
USR_01792,3,0.1765,5,0,78,512.54,0.8088,0.521,2,5,1,0,0,432,0,0
USR_01793,12,0.5,20,1,2,4539.86,0.5449,0.1609,10,11,4,0,0,355,0,0
USR_01794,9,0.75,16,1,27,759.83,0.7487,-0.627,7,8,3,0,0,589,9,0
USR_01795,15,0.75,25,2,42,419.27,0.6196,0.0724,12,16,5,0,1,266,5,0
USR_01796,14,0.5833,5,1,27,926.94,0.7601,0.1942,12,14,4,0,0,1171,4,0
USR_01797,8,0.8889,29,1,0,591.21,0.5859,-0.2042,6,9,2,0,1,247,12,0
USR_01798,24,0.7059,15,3,7,249.68,0.6703,0.7249,20,20,8,1,0,590,6,0
USR_01799,12,0.6,24,1,9,140.38,0.6095,-0.2648,10,13,4,0,0,640,3,0
USR_01800,15,0.6,24,2,17,607.94,0.6913,0.1709,13,13,5,1,0,96,3,0
USR_01801,12,1.0,24,1,3,525.52,0.8573,-0.2046,10,12,4,0,1,578,5,0
USR_01802,3,0.1765,7,0,123,501.18,0.7922,-0.1901,2,5,1,1,0,562,8,0
USR_01803,4,0.2857,5,0,37,1206.07,0.5906,0.0362,3,3,1,0,1,333,5,0
USR_01804,17,0.8947,2,2,17,1869.99,0.3229,-0.2432,14,14,5,1,0,179,4,0
USR_01805,6,0.3333,26,0,172,1114.11,0.6734,-0.1033,5,5,2,0,0,82,7,0
USR_01806,8,1.0,18,1,29,477.0,0.2793,-0.199,6,7,2,0,0,40,7,0
USR_01807,15,0.8824,26,2,0,694.63,0.3103,-0.4782,12,15,5,0,0,593,10,0
USR_01808,17,0.6071,10,2,15,1519.88,0.8799,-0.0953,14,14,5,0,0,135,0,0
USR_01809,14,0.5385,17,1,4,1273.02,0.6852,0.6271,12,12,4,0,1,1152,8,0
USR_01810,19,0.95,1,2,28,999.7,0.684,-0.1717,16,20,6,1,0,316,4,0
USR_01811,7,0.4118,19,0,65,427.95,0.6743,-0.018,6,6,2,0,0,793,0,0
USR_01812,8,0.4,27,1,17,1524.79,0.1937,0.0293,7,9,2,1,0,817,6,0
USR_01813,9,0.9,18,1,18,1951.3,0.6579,0.5248,8,9,3,0,0,609,7,0
USR_01814,8,0.8889,25,1,23,1281.78,0.4318,0.1331,7,11,2,0,1,1063,4,0
USR_01815,3,0.5,16,0,48,5000.0,0.4364,-0.2704,2,6,1,1,0,159,9,0
USR_01816,1,0.25,13,0,136,1210.92,0.3571,-0.5122,1,4,0,1,1,303,2,0
USR_01817,19,0.8636,5,2,43,1665.51,0.9195,-0.2807,16,19,6,0,0,325,1,0
USR_01818,13,0.5417,7,1,13,1110.49,0.6681,0.0367,11,12,4,0,1,188,2,0
USR_01819,10,0.7692,19,1,32,599.64,0.2553,-0.3545,8,11,3,0,0,374,3,0
USR_01820,21,0.75,11,2,42,259.6,0.5449,0.3983,18,18,7,1,0,395,7,0
USR_01821,6,0.5455,11,0,51,359.45,0.6586,-0.103,5,8,2,0,1,924,10,0
USR_01822,14,0.7778,16,1,19,362.44,0.7501,0.4042,12,16,4,1,0,382,7,0
USR_01823,14,0.5185,16,1,43,252.87,0.2962,-0.1173,11,14,4,1,1,1055,0,0
USR_01824,7,0.6364,24,1,23,528.84,0.6451,-0.2517,6,7,2,0,0,934,2,0
USR_01825,14,0.8235,27,1,19,666.86,0.7869,-0.2927,11,15,4,1,0,1084,0,0
USR_01826,21,0.875,3,2,27,1725.19,0.2163,0.1505,18,21,7,0,0,153,6,0
USR_01827,4,0.2353,3,0,120,253.62,0.5353,0.3823,3,3,1,0,0,1181,1,0
USR_01828,3,0.2,24,0,92,1357.68,0.5461,0.1344,2,6,1,0,0,748,4,0
USR_01829,4,0.3333,28,0,60,824.29,0.4327,-0.3616,3,3,1,1,0,1179,9,0
USR_01830,13,0.619,16,1,8,898.94,0.2041,0.0248,10,12,4,1,0,445,6,0
USR_01831,8,0.5333,17,1,32,615.88,0.6142,-0.0534,6,10,2,1,0,1145,2,0
USR_01832,19,0.7037,21,2,36,3545.81,0.8489,-0.6494,15,18,6,0,0,718,2,0
USR_01833,15,0.6,28,2,43,354.61,0.6054,0.0117,12,14,5,0,1,114,6,0
USR_01834,18,1.0,10,2,34,425.52,0.8629,0.2657,15,15,6,1,1,509,4,0
USR_01835,9,0.4286,6,1,43,730.83,0.4255,0.489,7,11,3,0,0,191,0,0
USR_01836,15,0.5769,24,2,23,912.76,0.5788,0.2457,12,15,5,1,1,1131,11,0
USR_01837,11,0.44,1,1,18,796.26,0.3106,-0.4781,9,11,3,1,0,386,4,0
USR_01838,21,0.7778,3,2,31,639.09,0.8278,-0.2611,18,20,7,0,0,290,4,0
USR_01839,18,1.0,18,2,6,1013.47,0.7785,0.2828,15,18,6,1,0,676,1,0
USR_01840,10,0.6667,9,1,19,1076.31,0.6091,-0.3424,8,12,3,0,0,527,3,0
USR_01841,22,0.8148,15,2,41,644.91,0.5134,0.1814,18,20,7,0,0,143,2,0
USR_01842,3,0.25,14,0,193,2891.1,0.7293,-0.1458,2,3,1,0,1,985,2,0
USR_01843,23,0.92,22,3,5,947.01,0.4827,-0.019,19,23,7,0,0,1019,5,0
USR_01844,13,0.9286,5,1,29,533.56,0.3106,-0.3356,11,15,4,0,0,899,3,0
USR_01845,3,0.6,18,0,98,1798.6,0.9168,0.105,3,3,1,0,1,751,11,0
USR_01846,9,0.4737,22,1,34,131.18,0.4513,-0.1276,7,11,3,1,1,500,12,0
USR_01847,17,0.8947,15,2,7,270.38,0.6616,0.5315,14,14,5,0,0,664,1,0
USR_01848,7,0.4375,9,1,19,565.01,0.4245,-0.1366,6,7,2,0,0,639,0,0
USR_01849,15,0.6,27,2,16,259.21,0.4664,0.7062,12,16,5,1,1,223,9,0
USR_01850,6,0.4286,3,0,157,1264.77,0.5437,0.1522,5,5,2,0,1,125,13,0
USR_01851,8,1.0,9,1,23,1230.78,0.6928,-0.0589,6,6,2,0,1,326,10,0
USR_01852,17,0.9444,16,2,5,2452.55,0.6154,-0.2073,14,14,5,1,0,561,0,0
USR_01853,12,0.5,8,1,31,419.01,0.479,-0.0561,10,14,4,0,0,217,1,0
USR_01854,6,0.4,19,0,156,1047.33,0.5606,-0.1315,5,5,2,1,0,154,0,0
USR_01855,9,0.45,24,1,43,1851.57,0.6762,0.0014,7,7,3,1,0,1026,10,0
USR_01856,19,0.5758,15,2,18,757.51,0.2912,-0.0729,16,16,6,0,0,468,5,0
USR_01857,18,0.75,10,2,41,1463.68,0.58,0.4715,15,19,6,1,0,713,4,0
USR_01858,14,0.5185,18,1,14,613.98,0.4287,0.2194,12,13,4,0,0,643,4,0
USR_01859,18,0.75,16,2,23,1904.11,0.718,0.2986,15,15,6,0,0,890,1,0
USR_01860,16,0.5517,24,2,14,361.83,0.7815,0.3552,13,15,5,0,0,895,5,0
USR_01861,8,0.4444,18,1,14,192.25,0.6148,-0.1277,6,6,2,0,1,376,0,0
USR_01862,16,0.8421,0,2,26,491.22,0.3003,-0.3713,14,17,5,0,0,1022,6,0
USR_01863,14,1.0,8,1,24,619.99,0.5011,0.1193,12,13,4,0,1,464,8,0
USR_01864,23,0.6389,10,3,40,943.92,0.9168,0.0055,19,19,7,1,0,1007,6,0
USR_01865,21,0.8077,10,2,16,954.15,0.3122,-0.0422,17,21,7,0,0,503,2,0
USR_01866,10,0.4545,25,1,27,377.08,0.7807,0.711,9,13,3,0,1,159,10,0
USR_01867,1,0.3333,1,0,136,299.22,0.5178,0.1805,1,2,0,1,0,919,7,0
USR_01868,13,0.6842,22,1,39,2443.41,0.2528,-0.3082,11,11,4,0,0,65,0,0
USR_01869,7,0.7778,8,1,41,595.75,0.902,0.0855,6,8,2,0,0,933,1,0
USR_01870,16,0.9412,16,2,13,454.6,0.7332,0.1408,13,14,5,1,0,80,6,0
USR_01871,6,0.4286,9,0,107,858.45,0.0464,-0.211,5,6,2,0,1,271,2,0
USR_01872,17,0.7391,2,2,16,306.18,0.8782,0.2377,14,16,5,0,0,735,0,0
USR_01873,22,0.88,0,2,1,375.44,0.7164,-0.3401,18,19,7,0,0,1131,0,0
USR_01874,10,0.6667,11,1,39,1253.26,0.6755,-0.2415,8,9,3,1,1,507,0,0
USR_01875,22,0.8148,24,2,30,295.42,0.78,-0.0904,18,20,7,1,1,171,4,0
USR_01876,6,0.6667,10,0,90,229.67,0.7522,-0.1236,5,7,2,0,0,302,5,0
USR_01877,25,0.7143,26,3,12,500.45,0.5485,0.0354,20,23,8,0,1,1078,0,0
USR_01878,15,0.7895,27,2,15,818.3,0.738,-0.2242,12,13,5,0,0,880,7,0
USR_01879,16,0.64,5,2,9,1997.72,0.4768,0.1203,14,16,5,0,0,147,2,0
USR_01880,14,0.56,25,1,15,873.41,0.5607,0.1005,12,12,4,1,0,480,2,0
USR_01881,16,0.8,18,2,34,1005.15,0.6814,-0.965,14,17,5,0,1,339,1,0
USR_01882,12,1.0,16,1,38,293.5,0.5384,0.4009,10,12,4,1,0,238,9,0
USR_01883,15,1.0,13,2,7,772.37,0.8109,0.1496,13,15,5,0,0,1020,13,0
USR_01884,26,0.7647,28,3,1,271.67,0.4772,-0.053,21,23,8,0,1,752,4,0
USR_01885,7,1.0,3,1,27,1383.45,0.8002,-0.2487,6,6,2,1,0,240,0,0
USR_01886,7,0.875,0,0,90,728.4,0.6306,0.2085,5,9,2,0,0,791,1,0
USR_01887,23,0.7667,0,3,36,638.14,0.909,-0.1896,19,23,7,1,0,513,0,0
USR_01888,15,0.7895,26,2,4,996.78,0.7659,-0.1296,13,17,5,0,0,101,10,0
USR_01889,15,0.7143,19,2,13,449.21,0.3976,-0.0901,12,13,5,0,0,556,0,0
USR_01890,0,0.0,156,0,56,451.23,0.3948,-0.1154,0,2,0,1,1,246,13,1
USR_01891,8,0.4211,2,1,21,310.83,0.7744,-0.0779,7,8,2,1,1,316,5,0
USR_01892,17,0.7727,4,2,38,2765.21,0.6381,-0.4981,14,14,5,0,0,1058,4,0
USR_01893,5,0.8333,26,0,161,554.31,0.4997,0.1264,4,6,1,0,0,860,10,0
USR_01894,23,0.92,26,3,12,516.56,0.4408,-0.2471,19,23,7,1,1,186,0,0
USR_01895,9,0.4286,23,1,28,1158.63,0.7172,-0.0454,7,11,3,1,1,1026,9,0
USR_01896,11,1.0,26,1,23,671.38,0.5937,-0.1481,9,10,3,1,0,701,0,0
USR_01897,1,0.25,21,0,186,103.82,0.8073,-0.0062,1,2,0,0,1,1053,10,0
USR_01898,6,0.3,22,0,94,3355.01,0.4649,-0.0537,5,6,2,0,0,904,4,0
USR_01899,9,0.6429,25,1,39,453.17,0.5138,-0.1266,8,8,3,1,0,427,0,0
USR_01900,4,1.0,13,0,156,339.76,0.2728,0.0416,3,4,1,1,0,655,10,0
USR_01901,12,0.5,3,1,9,583.98,0.5101,0.2639,10,14,4,0,1,651,0,0
USR_01902,7,0.3889,3,0,42,440.14,0.5733,0.0917,6,7,2,0,0,872,0,0
USR_01903,10,0.4545,18,1,24,446.95,0.6198,0.3183,8,10,3,0,1,320,9,0
USR_01904,16,0.6154,5,2,36,729.98,0.5455,0.3688,13,14,5,1,1,419,3,0
USR_01905,18,0.72,6,2,7,150.2,0.9674,-0.1353,15,15,6,0,0,316,11,0
USR_01906,17,0.6296,26,2,43,1197.32,0.6651,0.4866,14,18,5,0,0,376,6,0
USR_01907,15,0.9375,15,2,2,1426.99,0.8855,-0.1195,12,16,5,1,0,218,5,0
USR_01908,17,0.9444,14,2,23,172.15,0.5586,-0.3878,14,18,5,0,0,72,2,0
USR_01909,3,0.2727,10,0,149,957.63,0.9255,0.0656,3,7,1,0,0,1129,0,0
USR_01910,20,0.7407,8,2,41,335.36,0.601,0.1691,16,20,6,1,0,116,13,0
USR_01911,7,0.3889,3,1,14,468.59,0.5261,0.59,6,8,2,1,0,1068,0,0
USR_01912,20,0.5882,28,2,8,881.28,0.7204,0.2571,16,16,6,0,0,33,4,0
USR_01913,6,0.6667,22,0,95,1330.26,0.5882,0.385,5,9,2,1,0,939,2,0
USR_01914,25,0.8621,25,3,2,866.84,0.8705,0.3777,21,23,8,0,0,414,1,0
USR_01915,10,0.8333,9,1,28,218.91,0.2586,-0.1734,8,9,3,0,0,635,5,0
USR_01916,17,0.5862,3,2,6,700.16,0.7752,0.1596,14,16,5,0,1,360,9,0
USR_01917,9,0.5625,3,1,17,983.93,0.9241,-0.1858,8,12,3,1,0,604,9,0
USR_01918,5,0.5,29,0,39,358.47,0.9562,0.0326,4,8,1,1,0,558,10,0
USR_01919,12,0.5217,26,1,39,338.1,0.6205,0.0206,10,11,4,0,0,649,2,0
USR_01920,6,0.5,27,0,117,628.19,0.9048,0.1024,5,7,2,0,1,490,3,0
USR_01921,7,0.5,4,0,185,1052.48,0.8681,0.4909,6,10,2,1,0,657,0,0
USR_01922,11,0.4783,12,1,36,422.68,0.1166,0.404,9,12,3,1,0,995,8,0
USR_01923,22,0.88,6,3,32,806.21,0.7159,0.0033,19,22,7,0,1,538,2,0
USR_01924,6,0.4,17,0,120,242.64,0.2892,-0.1065,5,6,2,1,0,452,5,0
USR_01925,21,0.6176,0,2,15,825.83,0.8403,0.3655,17,20,7,1,0,184,0,0
USR_01926,20,0.6061,11,2,39,154.91,0.7094,0.0721,17,19,6,1,0,450,10,0
USR_01927,21,0.6176,15,2,10,852.23,0.3646,0.3988,17,21,7,0,0,177,10,0
USR_01928,19,0.8636,8,2,38,1346.31,0.6603,-0.6991,16,17,6,1,0,243,11,0
USR_01929,4,0.3077,24,0,57,582.01,0.5716,0.011,3,6,1,0,0,1144,0,0
USR_01930,0,0.0,127,0,135,1038.89,0.5289,0.3871,0,2,0,0,1,134,13,1
USR_01931,22,0.9565,25,2,11,809.35,0.6215,-0.3628,18,18,7,1,1,593,1,0
USR_01932,4,0.3333,0,0,41,221.03,0.427,-0.4423,3,7,1,1,0,1006,2,0
USR_01933,18,0.8571,22,2,43,258.56,0.6168,-0.4296,15,19,6,0,0,1145,1,0
USR_01934,4,0.3636,19,0,142,497.88,0.655,0.039,3,3,1,1,0,201,1,0
USR_01935,4,0.3077,14,0,122,590.6,0.6916,-0.2035,4,6,1,1,0,221,4,0
USR_01936,5,0.3333,1,0,121,355.66,0.6726,0.1204,4,7,1,0,1,465,1,0
USR_01937,4,0.2667,26,0,152,250.59,0.3853,0.2918,3,7,1,0,0,678,3,0
USR_01938,7,0.4667,27,1,27,67.69,0.3329,-0.1939,6,6,2,0,1,1152,6,0
USR_01939,6,0.4615,23,0,180,2537.31,0.8239,0.1591,5,6,2,0,0,273,10,0
USR_01940,12,0.4615,28,1,34,2601.3,0.8623,0.0267,10,13,4,1,0,222,7,0
USR_01941,19,0.8261,26,2,29,338.33,0.389,-0.6034,16,16,6,0,0,326,5,0
USR_01942,6,0.6,24,0,84,210.11,0.7415,-0.2886,5,5,2,0,0,1052,0,0
USR_01943,18,0.5806,7,2,41,2130.25,0.3098,0.1568,15,15,6,1,0,65,10,0
USR_01944,18,0.5625,24,2,12,122.02,0.7002,0.1818,15,19,6,1,0,474,0,0
USR_01945,5,0.5,18,0,70,1513.68,0.5287,-0.4202,4,6,1,0,0,169,1,0
USR_01946,8,0.4,2,1,10,1107.01,0.7334,-0.0397,6,8,2,1,0,213,0,0
USR_01947,20,0.6061,0,2,36,502.86,0.7048,-0.6453,16,16,6,0,0,1102,6,0
USR_01948,22,0.6471,7,3,35,2027.22,0.5702,-0.0072,18,20,7,0,0,31,2,0
USR_01949,18,0.72,15,2,20,392.37,0.4428,0.1801,15,18,6,1,0,406,6,0
USR_01950,2,0.1538,29,0,134,1302.97,0.7702,-0.472,2,6,0,0,0,1101,2,0
USR_01951,7,0.4375,26,1,12,544.72,0.6319,-0.3034,6,8,2,0,0,741,3,0
USR_01952,26,1.0,29,3,44,251.31,0.3658,-0.404,21,21,8,1,0,113,3,0
USR_01953,5,0.8333,22,0,157,3409.48,0.3094,0.0537,4,8,1,1,0,574,0,0
USR_01954,24,0.6316,3,3,5,377.37,0.9911,0.2309,20,20,8,0,0,1166,3,0
USR_01955,10,0.7143,23,1,24,471.81,0.7213,0.4974,8,8,3,1,1,498,6,0
USR_01956,15,0.8824,11,2,3,1275.01,0.3923,-0.4547,12,16,5,0,1,648,4,0
USR_01957,25,0.641,9,3,6,1794.07,0.4288,-0.0122,21,23,8,1,0,652,0,0
USR_01958,16,0.7619,15,2,9,231.6,0.2698,0.3,13,13,5,0,1,802,6,0
USR_01959,4,0.2857,11,0,188,2106.28,0.4972,0.0879,3,7,1,0,0,249,2,0
USR_01960,8,0.4211,18,1,38,661.8,0.6312,-0.4136,7,7,2,0,0,1012,0,0
USR_01961,15,0.6818,29,2,28,619.98,0.5469,-0.0554,13,17,5,0,0,1186,0,0
USR_01962,24,0.7273,9,3,22,581.76,0.2644,0.3028,20,24,8,1,1,196,4,0
USR_01963,7,0.5,8,0,111,656.3,0.799,0.0053,5,6,2,1,0,987,2,0
USR_01964,22,0.7857,29,3,27,191.05,0.1254,0.2037,18,22,7,0,0,985,7,0
USR_01965,8,0.8889,2,1,27,920.81,0.8932,0.283,6,10,2,0,1,897,1,0
USR_01966,11,0.9167,25,1,25,783.19,0.4682,-0.4216,9,13,3,1,0,463,9,0
USR_01967,13,0.5417,11,1,15,495.79,0.7575,-0.2469,10,14,4,1,0,578,2,0
USR_01968,15,0.5556,28,2,0,784.11,0.6117,-0.2124,12,16,5,0,0,1011,5,0
USR_01969,13,0.9286,23,1,25,564.48,0.4917,-0.0324,11,11,4,0,1,208,9,0
USR_01970,1,0.2,4,0,30,626.88,0.4485,-0.0232,1,2,0,0,0,999,3,0
USR_01971,12,0.7059,15,1,40,929.0,0.3913,0.2679,10,10,4,0,0,1107,0,0
USR_01972,16,1.0,7,2,10,555.16,0.9686,-0.2316,13,14,5,1,0,827,4,0
USR_01973,15,0.7143,1,2,41,357.15,0.3907,0.4441,13,16,5,1,0,429,13,0
USR_01974,7,0.3333,18,0,155,1220.57,0.9383,0.4254,5,5,2,0,1,684,13,0
USR_01975,9,0.5,19,1,10,281.45,0.1885,0.2686,8,12,3,1,0,88,1,0
USR_01976,10,0.4348,24,1,38,1542.56,0.1694,0.5118,8,12,3,0,0,1120,8,0
USR_01977,14,0.7,22,1,4,505.24,0.6484,-0.0546,12,16,4,0,0,430,2,0
USR_01978,13,0.5417,18,1,21,1340.24,0.7126,-0.4462,11,15,4,0,1,96,0,0
USR_01979,25,0.641,18,3,29,2101.22,0.3217,-0.3861,21,24,8,0,0,959,6,0
USR_01980,21,0.7241,18,2,1,634.31,0.6673,0.0578,17,21,7,0,1,799,4,0
USR_01981,2,0.1538,5,0,87,1336.32,0.6437,-0.1161,2,4,0,0,0,758,4,0
USR_01982,4,0.6667,19,0,97,1101.32,0.8568,-0.2192,3,7,1,0,0,93,10,0
USR_01983,6,0.3,5,0,32,769.89,0.6755,0.2428,5,8,2,0,1,908,2,0
USR_01984,18,0.5625,17,2,34,1077.25,0.8335,-0.0402,15,17,6,0,0,775,6,0
USR_01985,17,0.7083,12,2,12,531.71,0.8911,-0.3961,14,15,5,0,0,958,2,0
USR_01986,11,0.9167,25,1,17,2473.81,0.7434,-0.3562,9,10,3,1,0,997,0,0
USR_01987,17,0.8095,10,2,6,711.53,0.6869,0.2998,14,18,5,0,1,277,3,0
USR_01988,12,0.75,0,1,20,370.82,0.4904,-0.4317,10,10,4,1,0,276,13,0
USR_01989,16,0.5333,3,2,36,470.03,0.315,-0.3975,14,17,5,0,0,1110,4,0
USR_01990,18,1.0,6,2,4,1352.9,0.8307,0.347,15,18,6,0,0,651,0,0
USR_01991,9,0.9,25,1,9,318.52,0.7849,0.227,8,9,3,0,1,542,6,0
USR_01992,18,0.6,22,2,13,3021.76,0.8298,0.4403,15,17,6,0,1,366,13,0
USR_01993,7,0.35,27,0,151,1890.3,0.6367,0.2489,6,10,2,1,0,777,12,0
USR_01994,21,0.875,22,2,40,248.41,0.5592,0.1809,17,17,7,0,0,912,5,0
USR_01995,6,0.8571,4,0,56,1234.8,0.7537,0.0753,5,6,2,0,0,32,3,0
USR_01996,15,0.5172,1,2,14,306.67,0.4232,0.0799,12,16,5,0,1,676,5,0
USR_01997,7,0.3684,16,0,173,341.44,0.8241,0.3251,6,10,2,0,1,1192,10,0
USR_01998,6,0.375,16,0,130,457.08,0.9495,-0.2604,5,9,2,0,0,358,10,0
USR_01999,7,0.3889,12,1,18,367.28,0.3879,-0.0804,6,9,2,0,0,358,10,0
USR_02000,5,0.2632,17,0,155,1188.39,0.7108,-0.3231,4,7,1,0,0,1057,3,0
USR_02001,11,0.55,12,1,17,814.75,0.5431,0.0658,9,10,3,1,0,102,0,0
USR_02002,6,0.8571,7,0,155,932.73,0.7954,0.2052,5,7,2,0,1,495,5,0
USR_02003,11,0.5,17,1,6,666.75,0.7518,0.1447,9,11,3,1,0,566,0,0
USR_02004,19,0.95,11,2,39,436.03,0.6803,-0.3012,16,18,6,1,0,963,0,0
USR_02005,8,0.8889,13,1,1,438.56,0.4725,0.3373,6,8,2,1,0,180,4,0
USR_02006,6,0.4615,24,0,155,1610.84,0.8663,-0.1882,5,6,2,1,0,537,6,0
USR_02007,4,0.4444,13,0,174,503.17,0.8299,-0.0793,3,6,1,1,0,208,10,0
USR_02008,7,0.4667,28,0,35,2031.51,0.4933,0.2924,6,6,2,0,0,951,9,0
USR_02009,12,0.7059,4,1,19,400.07,0.8097,0.0191,10,12,4,0,0,769,10,0
USR_02010,3,0.2,19,0,77,690.07,0.8669,-0.068,2,6,1,1,0,611,8,0
USR_02011,22,0.6111,21,2,43,851.94,0.8566,0.7548,18,21,7,0,1,489,7,0
USR_02012,24,0.6316,2,3,39,1712.23,0.6454,0.0969,20,20,8,0,0,209,0,0
USR_02013,6,0.4615,17,0,116,1444.46,0.8829,0.0115,5,7,2,0,1,1108,5,0
USR_02014,12,0.6316,21,1,15,850.58,0.4463,-0.0749,10,10,4,1,0,787,0,0
USR_02015,6,1.0,1,0,34,706.09,0.7299,-0.1141,5,9,2,0,0,403,0,0
USR_02016,14,0.5185,24,1,24,321.51,0.6697,0.0195,12,12,4,1,0,514,0,0
USR_02017,15,0.8333,11,2,30,570.23,0.4732,-0.2319,12,15,5,0,0,879,10,0
USR_02018,6,0.6667,19,0,104,4065.03,0.3731,-0.2438,5,7,2,0,1,871,8,0
USR_02019,8,0.4,6,1,34,308.96,0.2987,-0.1205,6,8,2,0,0,569,12,0
USR_02020,18,0.5625,4,2,32,424.1,0.5122,0.2099,15,15,6,0,0,384,13,0
USR_02021,26,0.6667,11,3,23,220.15,0.5234,0.3058,22,24,8,0,0,802,11,0
USR_02022,10,1.0,4,1,8,365.84,0.6617,-0.5307,8,9,3,0,0,800,0,0
USR_02023,7,0.35,3,1,44,258.14,0.4398,0.0879,6,9,2,0,0,731,11,0
USR_02024,22,0.7857,17,2,3,249.47,0.2832,-0.0511,18,22,7,0,0,115,10,0
USR_02025,16,0.8889,18,2,27,861.15,0.6471,0.7659,14,18,5,0,0,583,11,0
USR_02026,11,0.8462,27,1,10,1193.15,0.5438,-0.0742,9,13,3,1,1,748,0,0
USR_02027,3,0.2308,17,0,73,881.95,0.4252,-0.3406,2,3,1,0,1,1141,0,0
USR_02028,10,0.4545,16,1,20,293.73,0.3644,0.2315,8,12,3,0,0,644,12,0
USR_02029,12,0.6667,17,1,0,172.91,0.8523,0.2217,10,10,4,0,0,430,0,0
USR_02030,19,0.6786,29,2,41,129.55,0.4654,-0.067,15,19,6,0,0,680,2,0
USR_02031,8,0.4211,10,1,33,250.84,0.3463,0.1345,7,8,2,1,0,237,3,0
USR_02032,14,0.7,20,1,15,292.72,0.6299,0.3397,12,16,4,1,0,136,0,0
USR_02033,13,0.52,21,1,16,460.78,0.5184,0.3885,10,12,4,0,0,823,0,0
USR_02034,3,0.4286,5,0,131,820.41,0.4362,0.1664,2,3,1,0,1,1183,13,0
USR_02035,16,0.8421,25,2,34,488.13,0.7526,-0.1936,14,14,5,1,0,1019,11,0
USR_02036,7,0.5,12,1,44,2362.69,0.8746,-0.3851,6,6,2,0,0,712,12,0
USR_02037,6,0.4615,12,0,66,4210.7,0.6959,-0.1963,5,9,2,0,1,77,2,0
USR_02038,11,0.7333,6,1,3,610.85,0.8399,0.2926,9,12,3,1,1,1185,1,0
USR_02039,12,0.75,12,1,1,143.84,0.9348,0.1669,10,11,4,1,0,556,3,0
USR_02040,13,0.7647,17,1,8,432.9,0.575,-0.5466,11,13,4,0,0,368,3,0
USR_02041,12,0.6667,26,1,17,537.31,0.5478,-0.5886,10,14,4,0,1,1074,0,0
USR_02042,11,0.5238,9,1,2,1151.45,0.7362,-0.7728,9,13,3,1,1,903,9,0
USR_02043,20,0.8333,18,2,40,228.4,0.5307,0.1393,17,20,6,0,0,907,13,0
USR_02044,19,0.6552,26,2,29,181.55,0.449,-0.1064,16,20,6,1,1,354,4,0
USR_02045,7,0.5833,15,0,136,820.27,0.7041,-0.109,5,5,2,0,0,1190,3,0
USR_02046,4,0.6667,5,0,188,429.46,0.3095,-0.0153,3,5,1,0,0,559,3,0
USR_02047,17,0.8095,22,2,33,424.07,0.5343,-0.129,14,15,5,0,0,651,0,0
USR_02048,6,0.3333,17,0,57,329.06,0.7864,-0.1652,5,7,2,0,0,908,1,0
USR_02049,5,0.5556,9,0,42,481.53,0.4062,0.4283,4,6,1,0,0,802,4,0
USR_02050,10,0.5263,25,1,31,779.98,0.3529,0.2444,9,9,3,1,0,231,3,0
USR_02051,20,0.7143,0,2,22,97.27,0.5648,0.2822,16,19,6,1,0,383,4,0
USR_02052,11,0.5238,29,1,43,673.91,0.6471,0.4645,9,10,3,1,0,452,10,0
USR_02053,10,0.5263,21,1,40,1152.95,0.5008,0.3337,8,11,3,1,0,1138,1,0
USR_02054,21,0.6,20,2,42,951.2,0.6102,-0.3005,17,18,7,0,0,865,0,0
USR_02055,17,0.5667,19,2,28,3589.55,0.4325,0.1762,14,17,5,0,1,458,0,0
USR_02056,12,0.75,29,1,34,468.72,0.3413,-0.5487,10,13,4,0,0,889,0,0
USR_02057,7,0.5833,12,0,31,617.49,0.6548,-0.2322,5,8,2,1,0,894,5,0
USR_02058,3,0.375,29,0,76,1842.43,0.8056,0.293,2,4,1,0,0,491,9,0
USR_02059,13,0.5909,1,1,31,694.53,0.1963,-0.1862,11,12,4,0,0,501,11,0
USR_02060,6,0.4615,27,0,154,2218.06,0.497,0.134,5,7,2,1,0,1076,6,0
USR_02061,12,0.4615,28,1,10,1278.55,0.8183,0.4911,10,13,4,1,0,687,3,0
USR_02062,16,0.6154,8,2,43,746.26,0.3893,-0.0194,13,15,5,1,0,204,0,0
USR_02063,9,0.6,21,1,0,659.06,0.7683,-0.0799,7,11,3,0,0,872,3,0
USR_02064,22,0.8462,11,3,5,551.27,0.5484,-0.0843,19,20,7,0,0,719,2,0
USR_02065,12,0.5217,11,1,27,646.92,0.7606,-0.1154,10,10,4,0,1,625,11,0
USR_02066,20,0.625,15,2,17,338.18,0.6896,-0.1386,17,19,6,1,1,878,4,0
USR_02067,16,0.5333,6,2,38,1143.58,0.1787,-0.0353,13,16,5,0,1,1091,1,0
USR_02068,19,0.7037,6,2,2,3076.18,0.6443,0.1061,16,18,6,1,0,416,2,0
USR_02069,10,0.4762,16,1,31,156.11,0.6187,-0.0791,9,10,3,1,0,520,0,0
USR_02070,23,0.6389,29,3,10,1708.0,0.589,-0.081,19,22,7,0,0,251,12,0
USR_02071,21,0.9545,0,2,23,807.23,0.6688,0.0227,17,21,7,0,0,787,0,0
USR_02072,24,0.9231,13,3,19,1533.86,0.3597,-0.3405,20,24,8,0,0,501,0,0
USR_02073,19,0.9048,13,2,6,415.87,0.6226,-0.0599,15,19,6,1,1,430,1,0
USR_02074,5,0.625,22,0,72,575.31,0.4905,0.2012,4,5,1,0,0,844,10,0
USR_02075,17,0.8095,29,2,3,1830.65,0.499,-0.3505,14,14,5,1,0,507,4,0
USR_02076,7,1.0,16,1,38,639.42,0.7659,0.1503,6,6,2,0,0,573,5,0
USR_02077,7,0.4118,22,0,94,1286.91,0.7547,0.2124,5,9,2,1,1,544,2,0
USR_02078,17,0.6538,4,2,4,415.4,0.2414,0.543,14,15,5,1,0,332,0,0
USR_02079,11,0.5238,29,1,43,567.56,0.5326,0.1005,9,9,3,0,0,177,10,0
USR_02080,7,0.3889,28,0,148,999.7,0.3785,-0.2223,6,7,2,1,0,997,1,0
USR_02081,3,0.6,11,0,133,919.41,0.712,-0.0157,2,4,1,0,0,137,0,0
USR_02082,11,0.7333,21,1,21,1288.85,0.7052,-0.156,9,12,3,1,0,410,5,0
USR_02083,19,0.76,2,2,36,506.35,0.4312,-0.0561,16,16,6,0,0,810,0,0
USR_02084,1,0.25,17,0,174,665.13,0.7892,-0.3915,1,3,0,1,0,183,0,0
USR_02085,4,0.4,28,0,84,1444.22,0.2873,-0.0207,3,5,1,1,0,796,9,0
USR_02086,9,0.6,4,1,30,2109.27,0.4676,0.3822,8,8,3,0,0,887,4,0
USR_02087,14,0.5833,25,1,21,339.95,0.4018,0.397,12,14,4,0,0,805,1,0
USR_02088,12,0.8,29,1,5,1720.59,0.3416,0.2027,10,13,4,1,1,386,2,0
USR_02089,6,0.6667,16,0,196,359.62,0.6079,-0.2358,5,6,2,1,1,53,7,0
USR_02090,5,0.5556,23,0,169,785.43,0.6924,0.158,4,7,1,0,1,1068,0,0
USR_02091,10,0.7692,6,1,42,833.6,0.967,-0.0536,8,12,3,1,0,412,0,0
USR_02092,17,0.5862,13,2,36,450.41,0.4978,-0.0879,14,15,5,0,0,971,5,0
USR_02093,16,0.6667,22,2,8,577.07,0.6189,0.3591,13,15,5,1,0,261,5,0
USR_02094,19,0.6129,12,2,9,161.52,0.4953,-0.0926,16,20,6,1,0,220,13,0
USR_02095,20,0.9524,0,2,2,1187.75,0.2884,-0.1041,16,16,6,1,0,940,3,0
USR_02096,22,0.6875,24,2,9,532.68,0.6797,0.1446,18,18,7,0,0,1129,0,0
USR_02097,9,0.4737,27,1,7,643.23,0.6209,-0.4036,8,11,3,0,0,1036,4,0
USR_02098,11,0.5,17,1,23,420.78,0.8543,-0.0504,9,9,3,1,1,908,6,0
USR_02099,15,0.7143,20,2,2,1190.87,0.9043,0.3856,13,15,5,0,0,318,0,0
USR_02100,9,0.45,4,1,24,771.42,0.2369,0.4495,8,10,3,0,1,1098,4,0
USR_02101,19,0.7037,5,2,14,265.25,0.7173,-0.2613,15,16,6,1,0,811,1,0
USR_02102,20,0.625,27,2,30,607.92,0.8352,-0.2904,16,17,6,1,0,231,10,0
USR_02103,19,0.6129,4,2,44,290.6,0.3298,-0.1712,16,17,6,0,0,181,10,0
USR_02104,12,0.5,28,1,42,676.06,0.8156,-0.9752,10,12,4,1,1,1049,3,0
USR_02105,22,0.9167,1,3,41,1148.5,0.45,0.5166,18,21,7,0,1,351,13,0
USR_02106,13,0.5652,14,1,25,775.99,0.7961,0.2164,10,13,4,1,1,926,13,0
USR_02107,2,0.4,23,0,46,941.51,0.3839,-0.3283,2,6,0,1,1,192,0,0
USR_02108,17,0.7083,2,2,26,1549.5,0.3256,-0.4072,14,16,5,0,1,358,2,0
USR_02109,20,0.6061,3,2,37,345.53,0.4323,0.0067,17,19,6,0,1,361,5,0
USR_02110,5,0.8333,22,0,193,468.29,0.7327,0.1119,4,4,1,0,0,358,0,0
USR_02111,4,0.2667,15,0,88,157.61,0.364,0.6215,3,6,1,0,0,819,3,0
USR_02112,9,0.6923,24,1,15,490.98,0.4564,-0.1432,8,10,3,1,0,1099,1,0
USR_02113,12,0.8,10,1,40,407.22,0.91,0.0714,10,10,4,1,1,1095,13,0
USR_02114,9,1.0,22,1,9,1122.38,0.6884,-0.1388,7,10,3,1,0,897,3,0
USR_02115,9,0.4737,16,1,9,962.06,0.1925,-0.0489,8,10,3,1,1,266,8,0
USR_02116,12,0.5,1,1,16,2209.89,0.895,0.5682,10,12,4,1,0,1153,3,0
USR_02117,4,0.4,20,0,112,445.35,0.2421,0.8259,3,5,1,0,0,664,0,0
USR_02118,6,0.75,27,0,197,913.5,0.5518,0.2134,5,7,2,1,1,668,10,0
USR_02119,2,0.1818,6,0,149,1202.62,0.3516,-0.393,1,1,0,1,0,850,0,1
USR_02120,16,0.5333,23,2,9,4159.07,0.777,0.2835,14,17,5,0,1,929,0,0
USR_02121,8,0.4211,6,1,42,942.42,0.7014,0.0144,6,6,2,0,0,1144,2,0
USR_02122,20,0.6452,27,2,28,640.06,0.9378,0.0861,16,19,6,0,0,711,6,0
USR_02123,18,1.0,10,2,15,735.47,0.5449,-0.0394,15,18,6,0,0,743,2,0
USR_02124,16,0.5517,19,2,43,965.11,0.7294,-0.1665,14,16,5,1,0,902,0,0
USR_02125,16,0.64,28,2,11,1995.61,0.7144,0.1604,13,14,5,0,0,328,2,0
USR_02126,6,0.4,16,0,148,473.24,0.7385,-0.1652,5,8,2,0,1,390,1,0
USR_02127,15,0.75,13,2,9,376.63,0.2759,-0.0777,12,13,5,0,0,761,0,0
USR_02128,14,0.5185,14,1,30,5000.0,0.3939,0.0154,12,12,4,0,0,105,4,0
USR_02129,2,0.2222,7,0,38,270.03,0.3275,0.0941,2,6,0,0,1,404,0,1
USR_02130,9,0.75,1,1,6,1318.84,0.5385,-0.4371,8,11,3,1,0,870,2,0
USR_02131,4,0.4444,15,0,198,927.96,0.8972,0.1151,3,3,1,1,0,1172,6,0
USR_02132,17,0.85,23,2,20,860.56,0.7284,-0.1338,14,17,5,1,0,637,7,0
USR_02133,9,0.3913,5,1,30,249.11,0.7868,0.164,7,11,3,1,0,497,1,0
USR_02134,8,0.4,27,1,40,5000.0,0.2468,0.6662,6,7,2,0,0,545,2,0
USR_02135,22,0.7333,22,2,36,765.99,0.7733,-0.2522,18,22,7,1,1,831,1,0
USR_02136,8,0.4211,19,1,14,440.49,0.6746,-0.0168,6,7,2,1,0,667,13,0
USR_02137,13,0.52,9,1,31,229.58,0.498,-0.1076,11,14,4,0,0,57,1,0
USR_02138,15,0.75,21,2,24,133.13,0.634,-0.1583,13,13,5,0,1,660,1,0
USR_02139,7,0.7,29,1,22,1168.31,0.7584,-0.3464,6,7,2,1,0,498,3,0
USR_02140,18,0.5806,8,2,9,340.33,0.332,0.044,15,19,6,0,0,849,1,0
USR_02141,14,0.7368,18,1,24,536.74,0.6825,-0.2735,11,12,4,1,0,1053,0,0
USR_02142,16,1.0,12,2,15,410.79,0.3695,0.4999,13,17,5,0,0,1156,0,0
USR_02143,11,0.5,18,1,43,1022.75,0.4123,0.0979,9,9,3,0,0,743,6,0
USR_02144,3,0.5,7,0,113,908.35,0.9287,-0.3749,2,4,1,0,1,454,5,0
USR_02145,14,0.8235,8,1,20,1213.97,0.5952,0.1124,12,12,4,1,0,549,6,0
USR_02146,11,0.5238,26,1,3,1251.6,0.7525,0.0329,9,11,3,0,0,236,9,0
USR_02147,10,0.4167,5,1,14,375.11,0.8448,-0.3356,8,9,3,0,0,1125,2,0
USR_02148,2,0.6667,25,0,62,226.48,0.4326,-0.0094,2,6,0,1,0,1021,12,0
USR_02149,10,0.5263,2,1,29,590.65,0.9118,0.0667,9,10,3,1,0,1029,8,0
USR_02150,9,0.6923,26,1,33,1006.14,0.6668,0.6475,7,10,3,0,0,413,9,0
USR_02151,6,0.3158,25,0,89,725.32,0.7944,-0.327,5,5,2,0,1,406,7,0
USR_02152,9,0.4091,27,1,21,149.09,0.4588,0.1107,7,9,3,1,0,1032,2,0
USR_02153,14,0.9333,29,1,42,696.44,0.9156,-0.3489,12,15,4,0,0,667,2,0
USR_02154,16,1.0,28,2,13,298.73,0.6725,-0.1013,13,15,5,0,1,854,3,0
USR_02155,3,0.3333,6,0,161,677.02,0.8492,-0.2986,3,5,1,0,0,603,0,0
USR_02156,10,1.0,26,1,32,1438.88,0.5423,0.4375,9,11,3,1,0,548,3,0
USR_02157,15,0.75,29,2,22,90.5,0.8368,0.3875,13,13,5,1,0,769,0,0
USR_02158,23,0.92,16,3,17,2220.95,0.8023,0.3376,19,19,7,0,0,981,0,0
USR_02159,7,0.3333,18,1,28,288.06,0.1264,-0.1863,6,6,2,1,0,420,12,0
USR_02160,12,0.5455,26,1,37,1475.46,0.6721,-0.2495,10,12,4,0,0,976,6,0
USR_02161,4,0.6667,23,0,30,1303.53,0.7824,0.007,3,7,1,0,1,315,5,0
USR_02162,15,0.625,23,2,19,522.73,0.8344,0.5615,12,15,5,0,0,501,2,0
USR_02163,18,0.6207,29,2,1,956.77,0.9513,0.3039,15,18,6,0,0,1097,5,0
USR_02164,18,0.6,25,2,36,379.49,0.2207,0.7394,15,15,6,0,0,1146,11,0
USR_02165,17,0.6538,29,2,40,167.21,0.5022,-0.0929,14,14,5,0,1,1110,6,0
USR_02166,11,0.5789,27,1,33,1652.74,0.8112,-0.0012,9,11,3,1,0,399,5,0
USR_02167,11,0.4783,17,1,7,385.09,0.8487,0.2176,9,10,3,0,0,1016,3,0
USR_02168,14,0.8235,17,1,38,2809.1,0.7139,-0.0169,11,11,4,0,0,1125,2,0
USR_02169,17,0.5484,15,2,10,1348.05,0.8898,-0.0165,14,17,5,0,0,1174,7,0
USR_02170,14,0.8235,9,1,39,338.43,0.346,-0.3052,12,15,4,1,1,54,13,0
USR_02171,21,0.6364,20,2,31,1065.12,0.3783,-0.2588,17,21,7,1,1,901,3,0
USR_02172,18,0.5625,18,2,22,1014.65,0.3069,0.6934,15,16,6,0,0,1196,3,0
USR_02173,15,0.8333,6,2,8,2638.67,0.0805,-0.1618,12,16,5,1,0,924,3,0
USR_02174,18,0.6667,25,2,19,449.82,0.7433,0.334,15,16,6,0,0,302,3,0
USR_02175,5,0.2941,11,0,60,552.35,0.5392,-0.4978,4,7,1,0,0,922,13,0
USR_02176,17,0.8095,13,2,31,940.71,0.344,0.0171,14,15,5,1,0,153,7,0
USR_02177,14,0.6667,24,1,42,674.88,0.6221,-0.3118,12,12,4,1,0,592,2,0
USR_02178,20,0.625,18,2,37,218.72,0.7341,-0.0635,17,18,6,0,1,762,3,0
USR_02179,11,0.55,3,1,28,1497.98,0.7805,0.2791,9,9,3,1,0,564,3,0
USR_02180,9,0.4286,9,1,44,2388.8,0.3332,-0.0864,7,11,3,0,0,848,0,0
USR_02181,19,0.8261,13,2,42,751.94,0.5228,0.5766,16,16,6,1,1,311,4,0
USR_02182,5,0.4167,21,0,133,240.3,0.6328,0.1002,4,6,1,1,0,739,10,0
USR_02183,8,0.4,9,1,2,607.6,0.4074,0.0606,7,8,2,0,1,784,6,0
USR_02184,17,0.85,14,2,43,321.36,0.9312,-0.1067,14,16,5,1,0,771,1,0
USR_02185,11,0.6471,17,1,1,540.61,0.8115,-0.2614,9,13,3,0,1,368,7,0
USR_02186,12,0.6316,16,1,17,771.51,0.7568,-0.2165,10,13,4,0,0,387,7,0
USR_02187,21,0.6364,5,2,12,1124.21,0.7154,0.1468,18,22,7,0,1,331,1,0
USR_02188,13,0.5417,15,1,38,2047.0,0.4389,-0.2266,11,12,4,0,0,570,5,0
USR_02189,14,0.7,27,1,1,1098.49,0.5113,-0.0806,11,12,4,1,0,715,5,0
USR_02190,9,0.3913,19,1,43,285.32,0.8318,-0.0994,7,7,3,0,1,454,10,0
USR_02191,1,0.1,23,0,108,1147.67,0.4106,0.5061,1,2,0,0,0,509,0,0
USR_02192,1,0.1,21,0,94,529.22,0.5237,0.0488,1,3,0,1,0,365,1,0
USR_02193,18,0.9474,2,2,43,579.2,0.8862,0.0831,15,17,6,0,0,286,4,0
USR_02194,6,0.6667,13,0,108,657.72,0.6943,-0.257,5,7,2,0,0,799,0,0
USR_02195,2,0.6667,9,0,152,741.04,0.5056,-0.254,2,3,0,0,1,984,3,0
USR_02196,10,1.0,15,1,11,1495.3,0.7221,-0.3102,8,12,3,1,1,370,9,0
USR_02197,18,0.5625,1,2,32,989.76,0.262,-0.0328,15,19,6,1,0,1036,0,0
USR_02198,9,0.6923,6,1,10,257.65,0.8779,-0.4986,8,10,3,0,0,698,3,0
USR_02199,11,0.5238,3,1,29,200.0,0.9378,0.2255,9,11,3,0,0,226,13,0
USR_02200,23,0.7667,1,3,4,1118.97,0.7157,0.1372,19,20,7,1,0,458,4,0
USR_02201,5,0.7143,12,0,61,1023.47,0.7731,-0.3657,4,8,1,1,1,38,4,0
USR_02202,3,0.2,23,0,69,1824.21,0.6117,-0.0714,3,6,1,0,0,75,4,0
USR_02203,14,0.6364,9,1,10,614.76,0.5826,0.3469,12,12,4,0,0,423,1,0
USR_02204,5,0.3125,23,0,80,832.14,0.9834,-0.0118,4,6,1,0,0,561,0,0
USR_02205,2,0.1538,15,0,53,974.52,0.6443,-0.3745,2,3,0,1,0,963,6,0
USR_02206,16,0.5714,20,2,27,191.81,0.2414,0.3608,14,18,5,1,0,187,3,0
USR_02207,11,0.5789,8,1,4,183.13,0.9835,0.3029,9,12,3,1,0,1011,2,0
USR_02208,16,0.8889,12,2,16,1198.36,0.6875,0.3658,13,14,5,0,0,304,0,0
USR_02209,8,0.5714,9,1,20,893.71,0.9566,-0.2948,6,10,2,1,0,191,10,0
USR_02210,3,0.2143,12,0,188,1953.51,0.6963,0.9355,3,3,1,1,0,848,0,0
USR_02211,4,0.25,28,0,104,2907.34,0.6158,0.1057,4,5,1,0,0,935,8,0
USR_02212,19,0.7308,3,2,22,523.05,0.7605,-0.0216,16,18,6,0,0,737,3,0
USR_02213,14,1.0,26,1,15,501.7,0.7772,0.091,12,13,4,0,0,165,5,0
USR_02214,13,0.4815,27,1,9,224.69,0.7947,0.2559,11,13,4,0,0,164,1,0
USR_02215,11,0.55,0,1,14,1006.73,0.3484,0.4677,9,12,3,1,0,486,0,0
USR_02216,5,0.3846,12,0,105,128.18,0.6162,-0.2542,4,4,1,0,0,557,4,0
USR_02217,12,0.6316,18,1,32,306.05,0.857,-0.0996,10,10,4,1,0,1198,7,0
USR_02218,26,0.8125,8,3,19,851.43,0.5886,-0.2337,21,21,8,0,0,365,1,0
USR_02219,6,0.4,4,0,48,392.64,0.1,-0.4936,5,5,2,1,0,255,3,0
USR_02220,21,0.7,11,2,13,640.46,0.6996,0.0763,18,21,7,1,0,1136,3,0
USR_02221,17,0.8095,23,2,23,563.62,0.518,0.2825,14,14,5,0,1,210,1,0
USR_02222,20,0.8,14,2,39,273.26,0.8017,-0.2366,16,16,6,0,1,60,5,0
USR_02223,25,0.9259,25,3,8,127.4,0.2425,-0.1976,20,23,8,1,0,524,0,0
USR_02224,6,0.6,11,0,80,1164.52,0.7737,-0.1963,5,6,2,0,1,499,4,0
USR_02225,4,0.2222,19,0,126,576.93,0.602,0.296,3,6,1,0,1,755,0,0
USR_02226,15,0.8333,23,2,3,872.76,0.5204,-0.1575,13,17,5,0,0,1056,4,0
USR_02227,16,0.5714,20,2,26,634.72,0.6524,-0.6648,13,13,5,1,0,1121,2,0
USR_02228,5,0.4545,13,0,147,625.74,0.3089,0.0239,4,4,1,0,0,368,3,0
USR_02229,19,0.5938,25,2,43,758.09,0.9326,-0.131,16,16,6,0,0,1177,3,0
USR_02230,14,0.6364,5,1,17,570.27,0.7198,-0.3202,12,13,4,0,1,770,12,0
USR_02231,15,0.5769,3,2,34,507.33,0.4763,0.0034,12,16,5,1,0,111,4,0
USR_02232,4,0.4444,1,0,58,297.67,0.4082,0.0538,3,6,1,0,1,1127,10,0
USR_02233,20,1.0,21,2,26,4846.46,0.6649,-0.0921,17,20,6,0,0,191,1,0
USR_02234,25,0.8333,10,3,11,1488.57,0.4366,-0.0518,20,23,8,0,1,718,2,0
USR_02235,12,0.5714,3,1,27,2192.53,0.6139,-0.5121,10,12,4,0,0,955,0,0
USR_02236,12,0.8,5,1,27,1835.8,0.659,-0.2936,10,10,4,1,1,321,3,0
USR_02237,10,0.6667,1,1,14,531.98,0.4849,0.0861,9,11,3,0,0,346,6,0
USR_02238,15,1.0,12,2,37,575.14,0.412,0.2141,13,14,5,0,1,587,10,0
USR_02239,1,0.1667,19,0,164,666.67,0.7076,-0.2346,1,5,0,0,0,1065,5,0
USR_02240,11,0.9167,7,1,11,497.04,0.8753,0.5521,9,11,3,0,0,291,6,0
USR_02241,18,0.8571,8,2,30,1342.55,0.2898,-0.0674,15,16,6,1,0,806,0,0
USR_02242,7,0.5833,29,0,156,346.97,0.425,-0.218,6,8,2,0,0,559,0,0
USR_02243,20,0.9091,1,2,23,283.3,0.4445,0.0471,16,17,6,1,0,160,9,0
USR_02244,25,0.9615,25,3,6,235.78,0.4957,0.1019,21,21,8,0,1,861,0,0
USR_02245,20,0.9091,1,2,42,513.26,0.6493,0.0118,17,20,6,1,0,1004,0,0
USR_02246,12,0.5714,23,1,16,456.0,0.5961,-0.0137,10,13,4,0,0,703,12,0
USR_02247,15,0.9375,29,2,24,405.43,0.8569,0.1633,13,14,5,1,0,236,13,0
USR_02248,8,1.0,9,1,6,711.23,0.8915,0.4011,6,9,2,1,1,212,5,0
USR_02249,27,0.7297,6,3,0,261.73,0.2576,-0.2941,22,23,9,0,0,525,3,0
USR_02250,4,0.4,7,0,142,1204.5,0.5311,-0.2483,3,4,1,0,0,622,10,0
USR_02251,24,0.6486,12,3,5,276.54,0.7522,0.0245,20,23,8,1,0,676,1,0
USR_02252,19,0.7917,8,2,31,260.3,0.6058,0.254,16,19,6,1,0,315,3,0
USR_02253,6,0.5455,7,0,83,397.44,0.6598,-0.5527,5,5,2,0,0,615,2,0
USR_02254,17,1.0,5,2,14,595.58,0.7176,0.041,14,15,5,0,0,375,12,0
USR_02255,12,0.9231,28,1,40,1324.02,0.7655,0.4964,10,12,4,0,0,832,12,0
USR_02256,11,0.4783,8,1,24,626.59,0.3032,0.0751,9,11,3,1,0,961,6,0
USR_02257,10,0.7692,2,1,14,184.24,0.5028,0.1698,8,9,3,0,1,793,0,0
USR_02258,10,0.9091,9,1,5,982.42,0.4636,0.0311,8,8,3,1,0,31,4,0
USR_02259,14,0.56,16,1,37,967.44,0.6472,0.0867,12,16,4,1,0,1190,1,0
USR_02260,22,0.6111,3,3,25,418.1,0.5328,0.2057,18,20,7,1,0,57,11,0
USR_02261,2,0.2857,14,0,56,762.56,0.8001,-0.2374,1,3,0,0,0,1199,0,0
USR_02262,4,0.4444,29,0,167,2095.76,0.548,-0.4003,3,5,1,0,0,67,0,0
USR_02263,3,0.25,20,0,59,333.17,0.9125,0.1736,2,5,1,1,0,634,7,0
USR_02264,19,0.95,10,2,30,1434.25,0.8134,0.0128,16,17,6,1,0,153,3,0
USR_02265,12,0.8,26,1,21,1830.68,0.4076,0.5621,10,13,4,0,1,141,10,0
USR_02266,5,0.2778,9,0,189,765.6,0.7277,-0.4212,4,7,1,0,1,829,0,0
USR_02267,11,0.5,0,1,38,248.84,0.5083,0.2767,9,13,3,0,1,881,9,0
USR_02268,15,0.8824,7,2,12,1892.27,0.3378,-0.2947,12,16,5,0,0,168,0,0
USR_02269,5,0.3571,0,0,197,1384.08,0.7749,0.0625,4,4,1,0,0,1172,0,0
USR_02270,12,0.4615,14,1,23,1031.44,0.4402,0.1985,10,13,4,0,0,404,3,0
USR_02271,14,0.8235,11,1,11,637.84,0.4212,-0.0004,11,15,4,1,0,402,1,0
USR_02272,1,0.25,2,0,125,1678.92,0.6523,0.0303,1,2,0,1,0,377,5,0
USR_02273,17,0.5667,12,2,25,336.95,0.2916,-0.0398,14,16,5,0,0,569,0,0
USR_02274,21,0.6,5,2,7,1320.41,0.2651,0.0119,17,17,7,0,0,238,0,0
USR_02275,16,0.6957,26,2,12,514.22,0.3794,-0.3679,13,13,5,0,0,526,7,0
USR_02276,10,0.5882,18,1,16,173.96,0.5924,-0.2774,8,8,3,1,0,275,1,0
USR_02277,11,0.7857,8,1,8,297.77,0.8655,-0.0103,9,11,3,1,0,90,6,0
USR_02278,7,1.0,22,1,14,918.87,0.7265,0.0169,6,8,2,0,0,461,8,0
USR_02279,15,0.6522,25,2,14,794.53,0.5025,-0.0308,13,16,5,0,1,816,0,0
USR_02280,18,0.9,23,2,2,948.24,0.497,-0.3235,15,17,6,0,1,922,8,0
USR_02281,7,0.5385,2,0,39,495.89,0.4128,0.2916,6,8,2,1,0,443,1,0
USR_02282,12,0.4615,15,1,29,787.47,0.7992,0.0923,10,10,4,1,0,408,3,0
USR_02283,10,0.4348,2,1,22,1097.04,0.5513,0.0817,9,12,3,0,1,951,0,0
USR_02284,18,0.75,18,2,16,4393.8,0.7783,0.0101,15,17,6,0,0,826,10,0
USR_02285,17,0.8095,22,2,28,486.04,0.3007,-0.3115,14,15,5,1,0,1003,5,0
USR_02286,13,0.4815,0,1,8,1509.88,0.3006,-0.4927,10,11,4,0,0,1090,4,0
USR_02287,5,0.2778,22,0,149,1115.74,0.2549,0.0185,4,8,1,1,1,990,13,0
USR_02288,7,0.4375,7,1,3,733.71,0.6397,-0.1971,6,6,2,0,0,1125,2,0
USR_02289,11,0.5,2,1,21,234.84,0.5679,-0.1758,9,11,3,0,1,517,11,0
USR_02290,15,0.7143,8,2,35,2022.11,0.5677,0.2048,13,17,5,0,0,491,7,0
USR_02291,21,0.6774,29,2,34,811.65,0.8501,-0.0564,18,20,7,1,0,406,12,0
USR_02292,25,0.7576,8,3,20,414.59,0.8246,0.195,20,20,8,0,1,305,12,0
USR_02293,5,0.7143,2,0,119,327.83,0.5141,-0.197,4,8,1,0,0,906,13,0
USR_02294,21,0.9545,2,2,39,819.59,0.5491,-0.1004,17,19,7,0,1,865,0,0
USR_02295,12,0.9231,26,1,19,314.09,0.1619,-0.0412,10,12,4,0,0,967,9,0
USR_02296,25,0.6944,19,3,1,422.01,0.9244,-0.5425,21,24,8,1,0,225,9,0
USR_02297,10,0.4545,5,1,18,414.43,0.4008,-0.2355,8,9,3,1,1,604,6,0
USR_02298,15,0.6818,18,2,1,690.17,0.4824,0.4058,13,13,5,0,0,289,2,0
USR_02299,16,0.6667,0,2,39,1075.34,0.7251,-0.2012,13,17,5,0,0,1074,13,0
USR_02300,14,0.5185,20,1,9,515.86,0.7401,0.0465,12,12,4,1,1,342,1,0
USR_02301,17,0.5484,25,2,6,561.12,0.9302,-0.2235,14,15,5,0,0,198,4,0
USR_02302,2,0.1667,23,0,156,725.32,0.811,-0.219,1,2,0,0,1,696,4,0
USR_02303,6,0.4615,5,0,126,365.47,0.62,0.0644,5,6,2,0,1,1058,0,0
USR_02304,10,0.625,10,1,33,415.8,0.5716,-0.3579,8,9,3,0,1,1101,7,0
USR_02305,8,0.5,15,1,32,457.67,0.7711,0.2351,6,9,2,0,0,142,0,0
USR_02306,6,0.3529,2,0,177,837.49,0.8921,0.2154,5,6,2,0,0,411,7,0
USR_02307,5,0.2632,24,0,156,2409.16,0.8393,0.176,4,6,1,0,0,209,10,0
USR_02308,18,0.6667,18,2,12,245.54,0.6971,-0.6368,15,18,6,0,0,390,2,0
USR_02309,14,0.5833,4,1,0,805.38,0.2854,0.0065,12,12,4,0,1,654,7,0
USR_02310,2,1.0,22,0,63,553.56,0.7117,0.5621,2,4,0,1,1,358,0,0
USR_02311,12,0.7059,22,1,9,580.67,0.5925,-0.5602,10,10,4,0,0,108,10,0
USR_02312,8,0.6667,4,1,21,450.16,0.5721,0.4802,7,8,2,1,0,626,13,0
USR_02313,14,0.5385,15,1,1,1657.39,0.7965,-0.7538,12,14,4,0,0,91,0,0
USR_02314,26,0.8966,9,3,22,95.52,0.665,0.169,21,24,8,0,0,295,7,0
USR_02315,5,0.5556,7,0,34,268.13,0.4312,-0.496,4,8,1,1,0,30,4,0
USR_02316,10,0.5263,24,1,22,1590.83,0.5666,0.0553,8,10,3,1,0,131,4,0
USR_02317,8,0.5333,1,1,14,1688.96,0.394,0.3338,6,10,2,0,0,540,7,0
USR_02318,8,0.5714,12,1,34,2718.84,0.723,-0.3879,6,10,2,0,0,1025,4,0
USR_02319,3,0.5,7,0,122,850.06,0.763,0.6366,3,6,1,0,0,936,5,0
USR_02320,13,0.5,9,1,29,978.25,0.0829,-0.3395,10,11,4,0,0,145,1,0
USR_02321,7,0.3333,12,1,36,149.83,0.7988,0.1044,6,6,2,1,1,70,3,0
USR_02322,11,1.0,17,1,20,666.71,0.2335,-0.3162,9,9,3,0,0,425,10,0
USR_02323,7,0.3333,11,0,87,1040.7,0.5274,0.3703,6,9,2,0,0,793,0,0
USR_02324,25,0.6757,16,3,16,450.19,0.2111,0.5158,21,21,8,1,1,903,5,0
USR_02325,16,0.5517,21,2,5,617.84,0.164,-0.1182,13,13,5,0,0,993,1,0
USR_02326,14,0.7,5,1,1,1782.46,0.4086,0.4653,12,14,4,0,1,430,10,0
USR_02327,16,0.7273,12,2,44,2133.25,0.6341,0.0794,14,14,5,0,1,226,5,0
USR_02328,12,0.5714,16,1,21,812.61,0.6396,-0.0891,10,11,4,0,1,60,3,0
USR_02329,27,0.7297,11,3,30,638.62,0.6271,-0.328,22,22,9,0,0,201,1,0
USR_02330,14,0.5,16,1,19,1191.7,0.7776,-0.2312,12,13,4,0,1,106,3,0
USR_02331,7,0.7,24,0,102,494.95,0.7739,0.2728,6,6,2,0,0,1037,13,0
USR_02332,9,0.3913,18,1,13,1533.4,0.4936,-0.2323,8,10,3,0,0,344,4,0
USR_02333,22,0.8148,13,2,26,437.07,0.7868,0.2029,18,18,7,0,0,993,3,0
USR_02334,5,0.3571,19,0,160,1211.97,0.5964,-0.0981,4,4,1,1,1,677,8,0
USR_02335,1,0.0769,29,0,69,654.75,0.331,0.4718,1,2,0,0,0,660,3,0
USR_02336,8,0.4706,0,1,24,405.33,0.8968,-0.2014,6,7,2,0,1,562,3,0
USR_02337,20,1.0,17,2,11,886.56,0.5142,-0.4938,17,18,6,0,1,988,2,0
USR_02338,18,0.5806,0,2,25,485.98,0.2833,-0.382,15,16,6,1,0,80,0,0
USR_02339,17,1.0,28,2,19,1473.54,0.7424,0.1425,14,18,5,1,1,138,7,0
USR_02340,4,0.3333,22,0,96,300.23,0.7096,-0.0159,3,6,1,1,1,525,11,0
USR_02341,3,0.25,26,0,143,796.11,0.5645,0.0044,3,7,1,0,1,491,12,0
USR_02342,6,0.6667,17,0,37,370.31,0.7294,0.2001,5,8,2,0,0,668,11,0
USR_02343,16,0.5926,12,2,43,1738.73,0.8546,-0.36,13,14,5,0,1,893,3,0
USR_02344,14,0.6364,0,1,26,1178.2,0.47,-0.2003,11,13,4,1,0,717,2,0
USR_02345,2,0.2857,18,0,85,641.73,0.6538,-0.1308,1,3,0,0,1,331,6,0
USR_02346,13,0.8667,27,1,6,657.06,0.337,0.0446,11,12,4,1,0,412,13,0
USR_02347,19,0.6552,4,2,0,2559.38,0.4475,-0.2612,16,18,6,1,0,910,7,0
USR_02348,25,0.9615,7,3,11,1220.83,0.6024,-0.1407,21,25,8,1,1,265,4,0
USR_02349,9,0.4091,15,1,41,363.35,0.534,-0.1615,7,9,3,0,0,619,6,0
USR_02350,4,0.8,16,0,170,1404.96,0.8323,-0.4685,3,5,1,0,0,660,9,0
USR_02351,8,0.8889,12,1,39,424.03,0.5724,-0.1559,7,9,2,1,0,907,12,0
USR_02352,10,0.7692,4,1,21,751.75,0.4938,0.1221,8,8,3,1,0,865,8,0
USR_02353,25,0.6757,14,3,13,124.14,0.7221,-0.348,21,21,8,1,0,573,3,0
USR_02354,5,0.2941,15,0,104,1276.59,0.7214,-0.4413,4,6,1,1,1,391,2,0
USR_02355,21,0.7241,5,2,14,389.27,0.625,-0.1086,18,21,7,1,0,460,4,0
USR_02356,9,0.45,18,1,39,563.35,0.7909,-0.2111,8,11,3,0,1,511,2,0
USR_02357,13,0.6842,25,1,26,218.22,0.7008,-0.5724,11,13,4,0,0,286,12,0
USR_02358,11,0.44,2,1,37,768.4,0.7161,-0.58,9,10,3,0,0,761,4,0
USR_02359,29,1.0,2,3,9,703.71,0.7861,0.2819,24,26,9,0,0,273,4,0
USR_02360,13,0.5909,17,1,40,239.97,0.5967,-0.2361,10,13,4,1,0,788,2,0
USR_02361,3,0.375,23,0,188,682.73,0.8893,0.2534,2,6,1,0,0,909,6,0
USR_02362,13,0.7222,3,1,26,538.0,0.8625,0.1776,11,15,4,0,1,1155,4,0
USR_02363,10,0.4762,28,1,12,1770.74,0.4296,0.4898,8,12,3,1,0,169,0,0
USR_02364,8,0.4211,14,1,26,377.36,0.6751,0.0726,7,7,2,0,1,918,10,0
USR_02365,7,0.4667,3,1,2,975.74,0.477,-0.197,6,7,2,0,0,130,2,0
USR_02366,14,0.5185,13,1,8,205.13,0.2869,0.1901,11,13,4,1,0,424,3,0
USR_02367,21,0.913,13,2,23,709.1,0.4805,-0.6531,18,20,7,0,1,236,1,0
USR_02368,6,0.8571,11,0,91,885.42,0.5245,0.2749,5,7,2,0,0,219,4,0
USR_02369,6,0.6667,17,0,97,921.44,0.3175,0.5426,5,6,2,0,0,235,7,0
USR_02370,17,0.9444,7,2,10,604.84,0.4246,-0.3609,14,16,5,1,0,81,11,0
USR_02371,18,0.6,29,2,43,2658.23,0.7062,-0.079,15,17,6,0,1,993,0,0
USR_02372,19,0.7308,8,2,21,498.46,0.6674,0.0262,16,16,6,0,1,101,13,0
USR_02373,6,0.5,25,0,142,977.88,0.4516,-0.1169,5,9,2,1,0,496,7,0
USR_02374,16,0.6957,24,2,36,517.05,0.3475,-0.0387,13,13,5,1,1,848,2,0
USR_02375,17,0.9444,12,2,4,340.24,0.8898,-0.2443,14,16,5,1,0,1188,1,0
USR_02376,10,0.5263,5,1,8,257.21,0.5944,-0.1908,8,10,3,0,1,1028,2,0
USR_02377,20,0.5882,29,2,29,320.05,0.8155,0.8716,17,21,6,0,1,190,11,0
USR_02378,12,0.8571,17,1,19,1078.63,0.1852,0.0344,10,10,4,0,0,1185,2,0
USR_02379,5,0.625,9,0,104,1923.02,0.8818,-0.7771,4,8,1,1,0,794,3,0
USR_02380,24,0.6857,4,3,6,1076.01,0.7979,-0.1756,20,21,8,1,1,240,7,0
USR_02381,3,0.2143,10,0,163,508.76,0.8644,-0.133,3,4,1,0,1,555,11,0
USR_02382,14,0.7778,19,1,22,402.37,0.6995,0.4862,11,13,4,1,0,1103,6,0
USR_02383,20,1.0,15,2,13,758.54,0.5864,0.4371,17,19,6,1,1,489,8,0
USR_02384,9,0.4737,1,1,40,289.15,0.7777,0.029,7,8,3,0,0,244,0,0
USR_02385,6,0.6667,23,0,116,1348.86,0.3549,-0.3455,5,7,2,0,1,1053,11,0
USR_02386,9,0.4286,9,1,19,893.9,0.5112,0.0649,7,8,3,0,1,1144,2,0
USR_02387,23,0.8214,5,3,16,306.68,0.8356,-0.2682,19,19,7,0,0,1171,0,0
USR_02388,6,0.3,20,0,99,2193.16,0.6742,0.0881,5,9,2,1,0,1148,13,0
USR_02389,16,0.5714,22,2,34,253.42,0.9518,0.2934,13,14,5,1,1,1051,1,0
USR_02390,17,0.9444,24,2,34,693.26,0.6829,-0.18,14,18,5,0,0,561,0,0
USR_02391,9,0.45,0,1,2,1295.98,0.6526,0.0558,7,9,3,1,0,254,5,0
USR_02392,9,0.4737,11,1,24,1196.87,0.4515,0.2248,8,8,3,0,1,752,2,0
USR_02393,22,0.8462,7,3,22,403.43,0.664,0.1496,19,23,7,0,0,288,0,0
USR_02394,23,0.6389,17,3,2,478.27,0.7163,-0.4985,19,21,7,0,0,583,5,0
USR_02395,14,0.56,29,1,10,309.64,0.8707,-0.0199,11,15,4,1,1,797,8,0
USR_02396,18,0.8571,3,2,16,792.37,0.7166,-0.8877,15,17,6,1,0,1137,9,0
USR_02397,10,0.4545,19,1,25,1281.86,0.6491,0.0911,8,10,3,0,1,368,0,0
USR_02398,0,0.0,89,0,152,144.39,0.6915,0.2524,0,4,0,1,0,324,4,0
USR_02399,6,0.4615,13,0,117,1037.63,0.2325,0.1301,5,5,2,0,0,889,10,0
USR_02400,1,0.0714,28,0,92,448.74,0.4241,0.0964,1,1,0,0,0,37,0,0
USR_02401,10,0.5882,21,1,7,617.46,0.5986,0.0881,8,12,3,0,0,692,1,0
USR_02402,1,0.2,2,0,64,283.76,0.6547,0.1732,1,1,0,0,1,902,0,0
USR_02403,4,0.3636,13,0,115,405.44,0.7256,-0.2704,3,6,1,0,0,674,4,0
USR_02404,10,0.5882,22,1,10,3274.29,0.7928,-0.1946,8,8,3,1,1,479,1,0
USR_02405,24,0.9231,3,3,22,507.42,0.7384,0.0361,20,24,8,1,0,999,7,0
USR_02406,15,0.6522,15,2,2,659.37,0.4218,0.3741,13,17,5,0,0,464,13,0
USR_02407,11,0.4783,14,1,44,319.93,0.5597,0.1573,9,9,3,0,1,861,1,0
USR_02408,16,0.5517,2,2,32,5000.0,0.6084,0.2136,13,16,5,1,1,573,6,0
USR_02409,9,0.4737,28,1,44,965.57,0.628,-0.091,8,12,3,1,0,61,1,0
USR_02410,19,0.7308,11,2,42,653.8,0.6612,0.0294,15,17,6,1,0,650,0,0
USR_02411,2,0.1429,8,0,87,1388.93,0.4815,-0.0235,2,2,0,1,0,87,8,0
USR_02412,14,0.5185,2,1,18,883.58,0.7061,-0.3772,11,13,4,0,0,1119,3,0
USR_02413,16,0.5714,1,2,39,579.59,0.6977,0.0904,13,17,5,0,0,733,12,0
USR_02414,9,0.45,5,1,23,600.26,0.8645,-0.0529,8,8,3,0,0,465,4,0
USR_02415,11,0.5,22,1,32,194.15,0.463,0.2629,9,13,3,1,0,598,0,0
USR_02416,14,0.6667,8,1,20,496.49,0.5295,-0.4533,11,11,4,0,0,754,3,0
USR_02417,2,0.1538,13,0,100,443.96,0.3245,-0.1446,2,5,0,0,0,334,1,0
USR_02418,24,0.8276,19,3,18,859.92,0.3012,-0.5556,20,22,8,1,0,367,11,0
USR_02419,5,0.2632,10,0,66,561.5,0.3661,0.1175,4,6,1,1,0,519,7,0
USR_02420,20,0.6061,12,2,22,1151.29,0.245,0.2437,16,20,6,0,0,332,2,0
USR_02421,15,0.625,14,2,18,720.38,0.4098,0.1143,12,15,5,1,0,916,4,0
USR_02422,2,0.1667,27,0,166,339.34,0.2658,0.59,2,4,0,1,0,151,6,0
USR_02423,4,0.25,27,0,117,2188.56,0.4595,0.1653,3,6,1,1,0,997,9,0
USR_02424,5,0.3846,8,0,145,488.19,0.6536,-0.2633,4,4,1,1,0,437,0,0
USR_02425,8,0.4,7,1,16,1036.28,0.3492,0.3651,6,10,2,0,0,686,0,0
USR_02426,8,0.4211,12,1,28,233.02,0.4193,0.6175,7,10,2,0,0,214,0,0
USR_02427,23,0.8519,6,3,37,1231.65,0.4663,0.205,19,20,7,0,1,480,3,0
USR_02428,8,0.8,17,1,18,179.69,0.2447,-0.221,7,8,2,0,0,912,3,0
USR_02429,6,0.4286,16,0,112,3132.78,0.7676,-0.194,5,6,2,0,0,346,0,0
USR_02430,4,1.0,13,0,128,1150.3,0.7716,0.1063,4,4,1,1,0,184,3,0
USR_02431,19,0.6552,13,2,6,558.91,0.2086,-0.1205,16,17,6,0,0,640,3,0
USR_02432,3,0.2308,25,0,150,1050.6,0.6219,0.3262,2,3,1,0,0,220,0,0
USR_02433,21,0.9545,4,2,26,241.31,0.5229,-0.0689,17,19,7,0,0,398,12,0
USR_02434,22,0.8462,22,2,12,565.76,0.9692,0.2556,18,20,7,0,0,557,5,0
USR_02435,8,0.5333,17,1,5,1207.08,0.6291,0.2093,6,7,2,1,0,689,3,0
USR_02436,17,0.6296,23,2,35,1051.99,0.9358,-0.4159,14,16,5,1,1,778,4,0
USR_02437,11,1.0,17,1,39,661.03,0.8805,-0.0255,9,10,3,0,0,821,2,0
USR_02438,4,0.3333,23,0,92,856.15,0.5473,0.3121,3,4,1,0,0,1017,10,0
USR_02439,13,0.8125,18,1,9,1578.97,0.3644,-0.0424,11,15,4,0,0,107,5,0
USR_02440,16,0.7619,21,2,36,1186.09,0.827,0.103,14,16,5,1,0,453,4,0
USR_02441,16,0.6957,12,2,1,147.99,0.6776,0.0509,13,15,5,0,0,31,12,0
USR_02442,12,0.8571,26,1,0,661.02,0.6,-0.2504,10,11,4,0,0,41,10,0
USR_02443,1,0.2,8,0,140,675.15,0.7027,0.5183,1,3,0,0,0,278,10,0
USR_02444,2,0.25,21,0,89,244.6,0.6747,-0.2255,1,5,0,0,0,729,1,0
USR_02445,9,0.45,9,1,29,285.82,0.1864,-0.2784,8,10,3,1,0,1076,0,0
USR_02446,17,0.8095,23,2,18,2203.5,0.3651,0.3161,14,15,5,1,0,935,7,0
USR_02447,6,0.4,25,0,98,372.11,0.4486,-0.1636,5,7,2,1,0,786,3,0
USR_02448,13,0.7222,5,1,42,474.02,0.6909,0.0225,11,13,4,0,0,940,6,0
USR_02449,8,0.6667,18,1,27,350.81,0.751,0.1275,7,7,2,0,0,231,8,0
USR_02450,7,0.875,15,0,144,925.78,0.8595,0.3058,6,6,2,1,1,1012,2,0
USR_02451,10,1.0,11,1,34,831.71,0.2539,-0.6296,9,9,3,0,0,1071,2,0
USR_02452,16,0.7619,8,2,6,3136.16,0.5418,-0.0436,13,16,5,0,0,141,4,0
USR_02453,4,0.5714,18,0,160,433.02,0.8712,-0.089,3,6,1,0,1,579,2,0
USR_02454,5,0.3125,24,0,197,1011.18,0.3243,-0.0127,4,4,1,0,1,1001,6,0
USR_02455,19,0.7308,10,2,13,147.02,0.6861,0.2319,16,20,6,0,0,587,8,0
USR_02456,3,1.0,10,0,175,213.88,0.7158,0.4435,2,2,1,0,1,1013,4,0
USR_02457,14,0.56,25,1,21,1929.87,0.3632,0.0605,12,14,4,1,0,1124,7,0
USR_02458,6,0.5455,22,0,108,1610.12,0.4638,-0.2321,5,6,2,0,0,585,4,0
USR_02459,3,0.25,21,0,96,948.72,0.305,0.0689,3,7,1,0,1,99,7,0
USR_02460,11,0.9167,17,1,20,1638.01,0.6255,0.1736,9,10,3,0,0,427,1,0
USR_02461,19,1.0,3,2,27,281.31,0.5182,0.0845,16,16,6,0,0,281,8,0
USR_02462,4,0.8,4,0,129,2495.2,0.0686,0.3176,3,5,1,1,0,584,7,0
USR_02463,16,0.7273,1,2,22,290.65,0.6613,-0.203,13,13,5,0,0,715,1,0
USR_02464,5,0.2778,9,0,167,862.07,0.2962,-0.1862,4,4,1,1,0,572,4,0
USR_02465,15,0.5172,1,2,29,5000.0,0.49,0.0529,13,15,5,0,1,258,10,0
USR_02466,13,0.52,14,1,3,328.44,0.7135,0.3461,11,15,4,1,1,382,1,0
USR_02467,10,0.4348,0,1,0,1956.21,0.7734,0.518,8,8,3,1,1,825,8,0
USR_02468,13,0.5417,29,1,20,1441.02,0.9826,0.1622,11,13,4,1,0,61,13,0
USR_02469,2,0.1538,14,0,112,434.02,0.4734,0.098,1,2,0,1,0,280,10,0
USR_02470,2,0.25,0,0,93,3540.5,0.6118,-0.2837,2,5,0,0,0,1074,3,0
USR_02471,3,0.4286,5,0,157,320.75,0.8888,0.2187,3,5,1,0,0,146,5,0
USR_02472,10,0.5263,5,1,38,645.93,0.6637,-0.3383,8,10,3,1,0,515,13,0
USR_02473,21,1.0,20,2,13,1111.24,0.5439,0.324,18,18,7,0,0,272,5,0
USR_02474,14,0.875,23,1,30,616.18,0.2568,0.0519,11,15,4,0,0,152,0,0
USR_02475,18,0.75,14,2,42,5000.0,0.9415,0.0431,15,15,6,1,0,524,0,0
USR_02476,8,0.4706,21,1,9,243.11,0.3746,0.3921,7,8,2,0,1,640,9,0
USR_02477,3,0.375,2,0,142,2426.84,0.89,0.0431,2,2,1,0,0,236,3,0
USR_02478,11,0.5,9,1,42,108.87,0.5265,-0.1075,9,12,3,0,1,121,1,0
USR_02479,12,0.5455,0,1,16,65.84,0.1007,0.0849,10,12,4,1,0,187,2,0
USR_02480,15,0.8333,12,2,35,693.91,0.8629,-0.2535,12,16,5,0,0,792,8,0
USR_02481,10,0.9091,1,1,10,1199.48,0.7806,0.0747,8,12,3,0,1,1036,3,0
USR_02482,7,0.6364,23,1,1,2190.89,0.6043,-0.0472,6,8,2,0,0,240,10,0
USR_02483,3,0.1875,16,0,129,2408.33,0.6104,-0.2009,3,6,1,0,0,404,8,0
USR_02484,15,0.8333,22,2,5,780.54,0.3391,0.7199,12,15,5,0,0,432,13,0
USR_02485,7,0.3889,17,1,19,990.98,0.6115,-0.0547,6,8,2,0,0,452,11,0
USR_02486,8,0.4444,1,1,11,807.85,0.0956,-0.1744,6,10,2,1,0,315,1,0
USR_02487,12,0.4615,10,1,43,2254.66,0.4331,-0.5061,10,10,4,0,0,94,6,0
USR_02488,17,0.5667,0,2,22,247.56,0.7984,-0.221,14,15,5,1,1,644,0,0
USR_02489,9,0.4286,2,1,10,390.79,0.3835,0.2277,7,10,3,0,0,448,13,0
USR_02490,3,0.4286,28,0,60,1319.39,0.1751,-0.4607,2,2,1,0,0,430,1,0
USR_02491,7,0.5385,28,1,14,1544.14,0.5709,-0.3441,6,9,2,0,0,339,6,0
USR_02492,10,0.5882,3,1,4,1952.04,0.1093,0.2936,8,11,3,0,0,1117,10,0
USR_02493,13,0.5909,12,1,25,628.66,0.5189,-0.1093,10,10,4,1,0,744,0,0
USR_02494,6,0.75,8,0,36,446.53,0.2177,-0.1425,5,7,2,0,0,519,10,0
USR_02495,5,0.2941,12,0,35,1167.99,0.7996,0.023,4,7,1,1,0,270,0,0
USR_02496,12,0.5714,18,1,32,276.6,0.9604,0.3587,10,14,4,0,0,967,3,0
USR_02497,8,0.7273,11,1,29,2522.53,0.5834,-0.2852,7,9,2,0,1,1069,4,0
USR_02498,18,1.0,24,2,0,444.82,0.9413,0.5873,15,16,6,1,1,67,3,0
USR_02499,2,1.0,1,0,123,533.07,0.8035,0.0259,2,6,0,0,0,1117,5,0
USR_02500,9,0.6429,17,1,22,1213.22,0.902,-0.0144,7,10,3,0,1,848,12,0
USR_02501,11,0.7333,21,1,35,372.02,0.8122,0.1904,9,9,3,1,0,146,2,0
USR_02502,9,0.8182,16,1,19,265.22,0.7278,-0.6499,7,8,3,1,0,911,5,0
USR_02503,14,0.7,19,1,22,1672.73,0.6884,0.0854,12,12,4,1,1,155,11,0
USR_02504,8,1.0,18,1,19,288.74,0.6907,0.0563,7,9,2,1,1,89,9,0
USR_02505,7,0.4375,4,1,3,818.82,0.5165,0.5466,6,9,2,0,0,164,0,0
USR_02506,19,0.76,23,2,20,676.69,0.7655,0.6887,16,20,6,1,0,568,12,0
USR_02507,12,0.8,8,1,30,145.55,0.3665,0.0535,10,13,4,0,0,754,0,0
USR_02508,16,0.7273,5,2,37,287.9,0.6725,0.0351,14,18,5,1,0,506,5,0
USR_02509,18,0.75,16,2,26,883.34,0.4921,-0.0523,15,16,6,1,0,172,5,0
USR_02510,12,0.5,19,1,16,1783.61,0.3176,-0.0116,10,12,4,0,1,263,9,0
USR_02511,14,0.6087,11,1,9,361.51,0.4477,-0.1172,12,14,4,0,0,1027,0,0
USR_02512,11,0.7857,1,1,36,327.41,0.5584,0.2998,9,9,3,0,0,1156,0,0
USR_02513,20,0.625,29,2,38,1102.23,0.7758,0.4143,17,21,6,1,1,912,8,0
USR_02514,0,0.0,107,0,105,1263.29,0.5607,0.3679,0,2,0,0,1,150,0,0
USR_02515,5,0.625,14,0,172,1404.19,0.4667,0.3909,4,4,1,1,0,989,3,0
USR_02516,15,0.6,10,2,37,793.64,0.8692,0.1488,12,16,5,1,0,839,8,0
USR_02517,16,0.5926,26,2,18,435.12,0.1515,0.2322,13,16,5,0,0,645,6,0
USR_02518,15,1.0,10,2,25,1245.08,0.6355,0.2151,12,14,5,0,0,197,1,0
USR_02519,11,0.44,6,1,43,621.96,0.7522,-0.4437,9,9,3,0,0,1196,2,0
USR_02520,12,0.5714,7,1,27,1137.74,0.5295,-0.0824,10,14,4,1,1,547,13,0
USR_02521,15,0.7143,16,2,30,439.21,0.5325,-0.175,12,15,5,1,0,81,3,0
USR_02522,13,0.5417,22,1,40,562.31,0.2707,-0.0331,11,14,4,0,0,275,0,0
USR_02523,18,0.6923,9,2,41,1020.78,0.5427,-0.0463,15,17,6,0,0,499,1,0
USR_02524,15,0.5172,5,2,35,128.29,0.57,0.1851,13,15,5,1,0,102,2,0
USR_02525,15,1.0,28,2,32,1941.05,0.5115,-0.1304,12,12,5,0,0,409,13,0
USR_02526,17,0.68,2,2,9,638.87,0.2491,-0.6896,14,18,5,1,1,578,2,0
USR_02527,9,0.4737,16,1,31,69.78,0.8086,0.0963,8,9,3,1,0,1139,0,0
USR_02528,11,1.0,5,1,16,761.43,0.401,-0.0788,9,10,3,0,0,131,4,0
USR_02529,14,0.5185,19,1,9,470.3,0.9259,0.1408,12,16,4,0,1,704,0,0
USR_02530,19,0.7917,11,2,44,288.92,0.8819,-0.3531,16,18,6,0,0,1101,2,0
USR_02531,2,1.0,2,0,91,3185.06,0.3158,0.1331,2,4,0,0,0,973,13,0
USR_02532,13,0.7222,5,1,28,1299.33,0.5115,-0.2558,11,13,4,1,1,1112,7,0
USR_02533,20,0.625,14,2,28,586.19,0.6544,-0.5025,17,21,6,0,0,229,0,0
USR_02534,17,0.5484,4,2,27,694.76,0.5417,-0.1033,14,18,5,1,0,967,3,0
USR_02535,15,0.8824,17,2,37,823.58,0.7807,-0.5246,12,14,5,0,1,1175,0,0
USR_02536,13,0.7222,24,1,36,180.78,0.8505,-0.201,11,13,4,1,0,411,0,0
USR_02537,15,0.5556,8,2,41,5000.0,0.484,0.0316,12,14,5,1,1,613,5,0
USR_02538,5,1.0,28,0,153,689.24,0.3433,-0.4119,4,5,1,0,0,651,4,0
USR_02539,21,0.7241,22,2,3,2826.45,0.6075,0.0902,17,17,7,0,1,607,8,0
USR_02540,1,0.1111,2,0,138,337.49,0.5242,-0.4147,1,1,0,1,0,369,11,0
USR_02541,18,0.7826,13,2,32,1063.59,0.3862,-0.2914,15,19,6,1,0,1165,1,0
USR_02542,1,0.2,16,0,123,258.06,0.5307,-0.3232,1,3,0,0,0,1149,12,0
USR_02543,19,0.5758,16,2,11,66.33,0.1648,0.1799,16,19,6,0,1,475,4,0
USR_02544,14,0.7368,13,1,37,1371.26,0.5937,0.0554,12,15,4,1,0,972,1,0
USR_02545,11,0.55,10,1,31,777.41,0.9164,-0.149,9,9,3,0,0,495,10,0
USR_02546,13,0.5417,17,1,23,435.19,0.6136,-0.6539,11,13,4,0,0,959,0,0
USR_02547,11,1.0,20,1,14,50.0,0.8161,-0.0271,9,9,3,1,0,714,4,0
USR_02548,0,0.0,140,0,91,456.48,0.7413,-0.3662,0,0,0,0,1,580,7,0
USR_02549,9,0.45,3,1,25,827.9,0.4835,-0.3867,8,10,3,1,1,179,2,0
USR_02550,15,0.8824,4,2,12,280.94,0.5985,0.1785,12,15,5,1,0,795,10,0
USR_02551,23,0.92,15,3,23,739.15,0.7696,-0.2644,19,22,7,0,0,405,1,0
USR_02552,10,0.5556,12,1,25,400.31,0.5788,0.012,9,9,3,0,0,283,10,0
USR_02553,9,0.4091,26,1,39,254.33,0.487,-0.2811,7,10,3,0,0,256,0,0
USR_02554,1,0.0714,17,0,130,593.57,0.5052,0.2599,1,3,0,1,0,1178,0,0
USR_02555,7,0.7778,7,1,29,117.23,0.8879,0.1535,6,6,2,0,0,150,3,0
USR_02556,11,0.55,25,1,3,993.41,0.4526,0.2963,9,10,3,1,0,964,10,0
USR_02557,15,0.6818,26,2,10,719.59,0.8232,0.351,13,16,5,0,0,1043,0,0
USR_02558,5,0.3333,1,0,107,1079.15,0.8187,-0.4517,4,5,1,1,0,66,11,0
USR_02559,18,0.72,26,2,28,1640.7,0.7913,0.5889,15,19,6,1,1,719,1,0
USR_02560,14,0.6364,10,1,10,543.4,0.7512,-0.7445,11,13,4,0,0,705,3,0
USR_02561,10,0.5556,6,1,28,77.45,0.3748,-0.1808,9,12,3,0,0,449,2,0
USR_02562,22,1.0,3,2,43,541.65,0.9551,-0.1361,18,20,7,0,1,810,0,0
USR_02563,11,0.6111,2,1,16,266.13,0.3164,-0.5279,9,11,3,1,0,508,12,0
USR_02564,18,0.9,1,2,33,2092.58,0.3222,-0.1574,15,18,6,0,0,544,3,0
USR_02565,14,0.7,22,1,11,494.4,0.6356,0.2799,12,15,4,0,0,534,7,0
USR_02566,12,0.6,27,1,16,1303.84,0.4041,0.0336,10,10,4,0,1,966,5,0
USR_02567,10,0.5,28,1,40,2140.53,0.6054,-0.4866,8,10,3,1,0,770,4,0
USR_02568,3,0.2,15,0,128,365.7,0.5502,-0.103,2,5,1,0,0,473,5,0
USR_02569,2,0.5,7,0,180,706.56,0.1166,0.2724,2,3,0,0,0,1114,11,0
USR_02570,11,0.5789,26,1,2,686.35,0.2483,-0.2444,9,10,3,1,0,968,7,0
USR_02571,12,0.5217,27,1,6,3885.53,0.2942,-0.1214,10,12,4,0,1,1121,4,0
USR_02572,7,0.6364,12,0,60,1831.51,0.8831,0.1334,5,8,2,0,0,884,6,0
USR_02573,16,1.0,6,2,26,283.9,0.9912,0.2287,13,16,5,0,1,488,5,0
USR_02574,3,0.1875,25,0,91,408.08,0.9269,0.1914,2,2,1,0,0,934,3,0
USR_02575,10,0.4545,10,1,13,458.92,0.7992,-0.11,8,10,3,0,0,415,5,0
USR_02576,15,0.6,16,2,36,347.3,0.2688,-0.5021,13,14,5,0,0,346,3,0
USR_02577,13,0.5417,26,1,22,516.36,0.746,0.0763,11,13,4,1,0,557,8,0
USR_02578,7,0.6364,4,0,173,435.29,0.3816,-0.4573,6,9,2,0,0,1164,13,0
USR_02579,13,0.5417,9,1,12,684.76,0.7976,-0.0448,11,14,4,1,0,694,13,0
USR_02580,5,0.2632,6,0,117,606.58,0.7191,-0.2567,4,5,1,0,0,478,10,0
USR_02581,16,0.8,22,2,16,1674.01,0.6043,-0.0609,14,18,5,0,1,570,5,0
USR_02582,14,0.6667,3,1,42,361.62,0.7598,0.3682,12,15,4,0,0,370,8,0
USR_02583,10,0.4545,4,1,18,174.98,0.536,0.0791,8,8,3,0,1,800,0,0
USR_02584,6,0.6667,9,0,157,448.27,0.5621,0.3221,5,5,2,0,0,439,4,0
USR_02585,10,0.5,11,1,25,407.24,0.8005,-0.2298,8,12,3,1,0,678,1,0
USR_02586,19,1.0,22,2,27,2161.69,0.6907,0.0885,16,18,6,1,1,462,0,0
USR_02587,6,0.3,28,0,119,1308.07,0.8,-0.3285,5,7,2,1,1,405,13,0
USR_02588,10,0.9091,17,1,35,1878.61,0.6865,-0.0725,9,12,3,1,0,1165,10,0
USR_02589,0,0.5,141,0,165,1436.64,0.6624,0.1476,0,2,0,1,0,434,4,0
USR_02590,19,0.76,19,2,11,137.3,0.4072,-0.5904,16,18,6,0,1,112,1,0
USR_02591,16,0.5926,21,2,30,336.29,0.834,-0.0475,13,16,5,0,1,472,7,0
USR_02592,11,0.7857,2,1,34,200.56,0.7358,0.1447,9,10,3,0,0,652,3,0
USR_02593,16,0.64,27,2,31,2330.14,0.4141,-0.1431,13,17,5,0,0,140,9,0
USR_02594,18,0.7826,15,2,41,1302.46,0.5626,0.2393,15,17,6,1,0,387,13,0
USR_02595,8,0.3636,23,1,12,914.74,0.639,-0.0365,6,7,2,1,0,224,2,0
USR_02596,12,0.6316,1,1,8,422.0,0.4519,-0.4301,10,10,4,1,0,615,1,0
USR_02597,8,0.5714,28,1,24,461.9,0.6166,0.0871,6,9,2,0,0,876,1,0
USR_02598,18,1.0,29,2,15,334.25,0.723,0.0144,15,19,6,0,0,1163,0,0
USR_02599,5,0.5556,28,0,39,1118.67,0.4669,-0.0536,4,8,1,0,0,485,3,0
USR_02600,23,1.0,15,3,28,722.66,0.6691,-0.0204,19,23,7,0,0,1040,0,0
USR_02601,7,0.35,3,0,127,1158.68,0.2802,0.2156,5,6,2,1,1,281,0,0
USR_02602,4,0.3636,13,0,180,929.71,0.5779,-0.0094,4,4,1,1,0,943,2,0
USR_02603,19,0.8261,18,2,19,1287.47,0.4358,0.1756,16,20,6,0,0,688,0,0
USR_02604,15,0.8333,13,2,1,1005.5,0.465,0.4386,12,16,5,0,0,917,8,0
USR_02605,14,0.5833,12,1,30,1606.28,0.5601,0.2133,11,15,4,0,0,913,0,0
USR_02606,13,0.5909,10,1,37,1202.06,0.7065,-0.0028,11,15,4,0,1,652,10,0
USR_02607,24,0.8571,20,3,42,440.8,0.5191,-0.0187,20,23,8,0,1,331,1,0
USR_02608,11,0.7333,17,1,42,983.78,0.8002,-0.09,9,12,3,1,0,645,0,0
USR_02609,1,0.0667,22,0,96,851.86,0.6066,0.0136,1,1,0,0,0,997,0,0
USR_02610,18,1.0,2,2,11,571.11,0.7948,0.0319,15,19,6,0,1,1165,7,0
USR_02611,12,0.6316,7,1,19,656.02,0.5184,-0.2108,10,10,4,0,1,1115,1,0
USR_02612,7,0.3333,26,0,100,1488.43,0.4044,-0.154,6,10,2,0,0,242,4,0
USR_02613,25,0.8621,23,3,42,1025.28,0.6787,-0.2687,21,24,8,0,0,728,0,0
USR_02614,8,1.0,20,1,12,1400.37,0.2288,0.2178,7,8,2,0,0,152,13,0
USR_02615,2,0.1429,12,0,164,686.88,0.8485,0.065,2,2,0,0,0,812,0,0
USR_02616,10,0.4348,12,1,30,1668.79,0.8322,-0.0111,8,12,3,0,0,1191,3,0
USR_02617,1,1.0,19,0,128,1234.97,0.5694,-0.2019,0,0,0,1,1,91,10,0
USR_02618,14,0.7368,23,1,31,348.98,0.6516,0.1771,12,12,4,1,1,798,1,0
USR_02619,12,0.9231,12,1,30,499.5,0.4524,-0.1974,10,12,4,1,0,1136,1,0
USR_02620,12,0.48,26,1,44,337.05,0.8536,-0.213,10,13,4,1,0,1021,9,0
USR_02621,19,0.6129,10,2,38,280.46,0.4469,0.2157,16,17,6,0,0,489,2,0
USR_02622,4,0.25,9,0,44,5000.0,0.5965,-0.1235,3,6,1,0,0,151,0,0
USR_02623,1,0.2,20,0,62,2526.24,0.7962,0.0776,1,2,0,0,1,1110,3,0
USR_02624,15,0.6,23,2,14,1676.63,0.3415,-0.1619,12,13,5,1,0,1107,0,0
USR_02625,13,0.8667,16,1,3,952.6,0.7886,-0.0747,10,13,4,1,1,707,12,0
USR_02626,2,0.5,28,0,66,431.11,0.3666,-0.0155,1,1,0,0,0,1175,6,0
USR_02627,24,0.75,25,3,34,274.08,0.4014,0.3084,20,22,8,1,0,35,5,0
USR_02628,8,0.3636,6,1,28,562.38,0.7862,0.11,7,7,2,1,1,751,1,0
USR_02629,12,0.8,23,1,5,373.81,0.3117,0.1444,10,12,4,1,1,75,7,0
USR_02630,5,0.4167,24,0,53,1177.42,0.9162,0.1438,4,6,1,1,1,1124,6,0
USR_02631,19,0.5758,26,2,33,751.18,0.3276,0.3035,16,16,6,0,1,826,0,0
USR_02632,18,0.75,15,2,29,1319.54,0.4859,0.4866,15,16,6,0,1,1098,11,0
USR_02633,4,0.25,22,0,46,807.48,0.956,0.1606,3,7,1,0,0,688,5,0
USR_02634,10,0.5,21,1,2,172.0,0.8914,-0.2749,8,9,3,1,0,127,9,0
USR_02635,12,0.48,27,1,30,579.46,0.9047,0.0858,10,10,4,0,0,61,1,0
USR_02636,7,0.5833,8,1,17,906.91,0.7464,0.3929,6,7,2,1,0,422,0,0
USR_02637,16,0.5714,4,2,2,828.74,0.5906,-0.3824,13,17,5,0,1,899,7,0
USR_02638,17,0.5862,22,2,2,426.79,0.8223,0.4981,14,15,5,1,0,206,9,0
USR_02639,4,0.2353,19,0,30,449.43,0.5354,0.2122,3,3,1,0,0,1027,3,0
USR_02640,19,0.5938,29,2,12,390.7,0.3447,0.0948,16,19,6,0,1,310,0,0
USR_02641,14,0.7368,2,1,4,174.87,0.8174,-0.0865,11,14,4,0,1,610,10,0
USR_02642,7,0.3684,1,0,151,649.85,0.6053,-0.1593,5,8,2,1,0,267,1,0
USR_02643,15,0.6,14,2,16,1240.56,0.6189,0.3049,12,12,5,0,0,574,2,0
USR_02644,10,0.9091,18,1,1,454.6,0.8503,-0.3896,9,13,3,0,0,559,5,0
USR_02645,15,0.5357,25,2,7,246.27,0.6002,0.6603,12,12,5,1,0,36,0,0
USR_02646,23,0.697,20,3,17,1473.64,0.532,0.2748,19,19,7,0,1,694,0,0
USR_02647,17,0.6296,21,2,0,1978.71,0.4428,0.1617,14,14,5,1,0,950,0,0
USR_02648,6,0.8571,11,0,48,467.6,0.8115,0.1154,5,5,2,0,0,1125,12,0
USR_02649,16,0.5333,17,2,39,314.1,0.7743,-0.2051,14,16,5,0,0,416,2,0
USR_02650,12,0.4615,4,1,18,592.37,0.5792,0.0626,10,14,4,0,0,1060,6,0
USR_02651,17,0.5862,20,2,33,832.71,0.4698,-0.4367,14,14,5,1,0,1058,13,0
USR_02652,6,0.5455,4,0,90,464.24,0.5188,-0.3169,5,7,2,0,0,1186,6,0
USR_02653,8,0.8889,5,1,25,189.43,0.7633,-0.4762,7,8,2,1,1,466,4,0
USR_02654,7,0.3889,4,0,121,1434.44,0.556,0.0236,6,6,2,1,0,1025,4,0
USR_02655,7,0.5,27,0,150,807.34,0.4464,-0.1329,6,10,2,1,1,691,3,0
USR_02656,14,0.8235,5,1,12,2296.35,0.645,-0.0577,12,16,4,0,0,98,5,0
USR_02657,17,0.8095,6,2,13,688.05,0.8051,0.0649,14,16,5,0,0,346,13,0
USR_02658,15,0.6,29,2,11,2159.96,0.6468,0.3739,12,13,5,1,0,816,9,0
USR_02659,8,0.381,5,1,31,554.94,0.8218,-0.4541,6,7,2,1,0,217,3,0
USR_02660,12,0.6,16,1,29,410.17,0.6198,0.4272,10,11,4,0,0,538,2,0
USR_02661,11,0.44,4,1,23,445.78,0.771,0.0324,9,9,3,1,0,936,11,0
USR_02662,8,0.5,13,1,15,2862.38,0.242,-0.14,6,6,2,0,0,205,0,0
USR_02663,14,0.6364,28,1,3,572.45,0.5274,0.0774,11,11,4,1,0,611,10,0
USR_02664,16,0.7619,9,2,37,2357.3,0.5272,0.121,14,16,5,0,0,281,1,0
USR_02665,11,1.0,13,1,29,459.84,0.4729,0.3493,9,11,3,1,1,657,7,0
USR_02666,6,0.6667,26,0,152,219.71,0.7891,-0.0538,5,7,2,1,1,311,9,0
USR_02667,10,0.6667,15,1,44,1163.46,0.6366,-0.3863,8,12,3,0,0,1159,4,0
USR_02668,8,0.4706,28,1,3,398.17,0.5603,-0.4115,7,9,2,1,0,119,1,0
USR_02669,12,0.8571,11,1,11,848.04,0.4785,0.2137,10,10,4,1,0,1157,10,0
USR_02670,10,0.5882,6,1,40,781.18,0.4531,0.1527,8,9,3,1,0,956,2,0
USR_02671,7,0.5,0,0,69,771.99,0.7046,0.5423,5,6,2,0,0,1031,2,0
USR_02672,8,0.5333,11,1,14,2487.06,0.7162,-0.426,7,8,2,0,0,1026,4,0
USR_02673,3,0.1765,1,0,139,813.89,0.4436,0.1393,2,6,1,0,0,249,3,0
USR_02674,11,0.8462,17,1,25,731.91,0.5225,0.2603,9,9,3,0,1,1119,6,0
USR_02675,10,0.6667,0,1,12,500.79,0.4217,0.0932,8,12,3,1,0,725,0,0
USR_02676,23,0.8214,3,3,15,1022.83,0.6359,-0.0502,19,21,7,1,1,1155,3,0
USR_02677,15,0.5769,16,2,18,950.33,0.7416,-0.0916,13,15,5,0,1,1057,11,0
USR_02678,10,0.5263,18,1,11,482.43,0.5514,-0.0918,8,11,3,0,1,708,0,0
USR_02679,1,0.0769,5,0,196,1413.38,0.6793,0.076,1,3,0,0,1,468,3,0
USR_02680,4,0.3636,22,0,153,564.7,0.7919,0.3597,3,6,1,0,0,167,6,0
USR_02681,17,0.5862,12,2,2,1057.99,0.5048,-0.3759,14,17,5,1,1,148,11,0
USR_02682,10,1.0,5,1,32,230.23,0.3465,-0.1118,9,10,3,1,0,485,5,0
USR_02683,9,0.8182,13,1,31,1381.43,0.6826,0.4522,7,7,3,0,0,978,10,0
USR_02684,17,0.6538,27,2,42,374.49,0.4226,-0.3868,14,16,5,0,0,621,1,0
USR_02685,15,0.8333,15,2,43,1141.77,0.9227,0.1337,12,13,5,1,0,593,2,0
USR_02686,10,0.7143,25,1,42,1853.24,0.5633,-0.8104,8,8,3,0,1,316,12,0
USR_02687,9,0.75,26,1,26,923.36,0.8906,-0.1438,8,8,3,1,0,690,11,0
USR_02688,10,0.8333,6,1,4,1672.51,0.8303,-0.2738,8,11,3,0,0,776,4,0
USR_02689,7,0.6364,1,1,37,280.7,0.3894,0.338,6,7,2,1,1,1179,4,0
USR_02690,7,0.35,20,1,40,622.55,0.4578,-0.3499,6,9,2,0,1,883,3,0
USR_02691,7,1.0,14,1,9,396.14,0.6356,-0.3331,6,8,2,0,1,740,0,0
USR_02692,11,0.44,10,1,16,392.04,0.5983,-0.265,9,9,3,0,0,1094,11,0
USR_02693,12,0.6,3,1,3,188.21,0.8175,-0.1592,10,10,4,0,0,527,10,0
USR_02694,1,0.0833,4,0,112,709.4,0.2548,-0.1302,1,3,0,0,1,1123,3,0
USR_02695,23,0.6765,27,3,15,1411.72,0.777,-0.1778,19,20,7,0,0,462,2,0
USR_02696,11,1.0,4,1,39,1831.71,0.5706,0.0847,9,11,3,1,1,179,2,0
USR_02697,12,0.8,27,1,9,285.64,0.9029,-0.3295,10,11,4,1,0,518,0,0
USR_02698,5,0.2778,7,0,56,453.14,0.9206,0.1324,4,7,1,1,1,180,7,0
USR_02699,19,0.6786,4,2,27,367.75,0.2863,-0.2293,16,20,6,0,1,168,4,0
USR_02700,13,0.7222,15,1,32,348.18,0.5655,-0.6315,11,15,4,0,0,1061,1,0
USR_02701,15,0.6522,3,2,43,524.63,0.6592,-0.0493,12,12,5,0,0,959,5,0
USR_02702,9,0.6,8,1,35,675.71,0.6601,0.135,8,8,3,0,0,288,13,0
USR_02703,17,0.9444,3,2,10,527.37,0.5224,-0.288,14,15,5,1,0,1010,0,0
USR_02704,7,0.3333,0,1,31,218.32,0.5294,0.0246,6,6,2,0,0,110,3,0
USR_02705,26,0.8966,2,3,40,1444.1,0.5823,-0.1463,22,26,8,0,1,362,4,0
USR_02706,3,0.2,29,0,161,766.94,0.4057,-0.1761,2,2,1,0,0,856,0,0
USR_02707,7,0.7,4,0,110,911.3,0.8736,0.1789,6,8,2,1,0,385,4,0
USR_02708,3,0.25,6,0,167,954.29,0.4988,0.1915,2,2,1,0,0,884,5,0
USR_02709,16,0.6957,4,2,4,1089.16,0.5697,-0.3473,13,14,5,1,1,1052,0,0
USR_02710,11,0.4583,2,1,15,752.04,0.4018,-0.2969,9,10,3,1,0,107,0,0
USR_02711,11,0.55,4,1,24,341.51,0.995,0.2115,9,12,3,0,0,58,10,0
USR_02712,15,0.6522,3,2,43,2235.52,0.5322,-0.3222,12,12,5,1,1,1129,2,0
USR_02713,13,0.7647,4,1,21,1108.51,0.5838,-0.2749,11,13,4,0,0,638,6,0
USR_02714,12,0.5,13,1,32,324.35,0.4569,-0.0901,10,13,4,1,1,622,5,0
USR_02715,18,0.9474,11,2,33,328.08,0.4264,-0.1823,15,15,6,0,0,572,10,0
USR_02716,3,0.3,5,0,90,3268.03,0.7601,-0.1587,3,4,1,0,0,537,8,0
USR_02717,17,0.8095,7,2,33,584.09,0.9251,-0.0836,14,16,5,1,0,837,10,0
USR_02718,11,0.6471,13,1,38,386.82,0.7844,-0.074,9,10,3,0,1,708,5,0
USR_02719,23,1.0,12,3,28,435.15,0.6784,0.0609,19,19,7,0,0,221,3,0
USR_02720,19,0.6552,3,2,31,954.13,0.4677,0.0243,16,19,6,0,0,763,3,0
USR_02721,12,0.5217,26,1,30,454.66,0.3561,0.5166,10,10,4,0,0,811,3,0
USR_02722,4,0.2857,11,0,92,740.02,0.7465,0.1849,3,6,1,1,0,162,3,0
USR_02723,4,0.2857,10,0,150,4219.45,0.4086,-0.0239,3,6,1,0,0,470,0,0
USR_02724,4,1.0,17,0,156,189.25,0.5475,0.4916,3,3,1,1,0,954,3,0
USR_02725,19,0.6552,8,2,10,480.69,0.3138,-0.2678,15,18,6,1,0,753,3,0
USR_02726,16,0.8,18,2,12,698.58,0.7082,0.5762,13,13,5,0,0,189,0,0
USR_02727,7,0.4375,27,0,119,162.2,0.5112,0.7661,6,7,2,0,0,76,2,0
USR_02728,9,0.5,25,1,0,1005.91,0.4356,0.2588,7,7,3,1,1,710,8,0
USR_02729,7,0.6364,9,1,9,1361.34,0.8064,-0.0465,6,7,2,0,0,570,5,0
USR_02730,10,0.8333,2,1,31,219.04,0.6892,0.2903,8,11,3,0,0,1154,9,0
USR_02731,19,0.95,3,2,26,623.21,0.772,0.3664,16,16,6,1,0,641,4,0
USR_02732,8,0.5714,6,1,0,770.08,0.687,-0.2832,7,10,2,0,0,1119,10,0
USR_02733,9,0.5294,18,1,34,1053.4,0.4206,0.239,7,10,3,1,0,280,9,0
USR_02734,2,1.0,14,0,176,5000.0,0.3885,-0.0689,2,4,0,1,0,553,0,0
USR_02735,22,0.6875,8,2,3,367.59,0.7335,-0.2455,18,21,7,1,1,193,13,0
USR_02736,12,0.8,5,1,37,1022.4,0.6845,0.0972,10,11,4,0,0,701,0,0
USR_02737,13,0.52,15,1,20,600.65,0.2176,0.0267,11,14,4,1,0,250,5,0
USR_02738,18,0.6429,28,2,24,523.99,0.6743,-0.403,15,17,6,1,0,605,9,0
USR_02739,16,0.6154,23,2,1,673.82,0.3358,0.4211,13,13,5,0,1,432,2,0
USR_02740,6,0.6667,7,0,83,923.9,0.6354,0.0575,5,7,2,0,0,247,5,0
USR_02741,7,0.4375,16,1,10,670.28,0.374,0.2504,6,6,2,0,0,143,2,0
USR_02742,9,0.4737,15,1,15,829.07,0.634,0.2792,7,10,3,1,1,629,0,0
USR_02743,3,0.2,24,0,55,623.71,0.6771,-0.2071,3,4,1,0,0,1138,0,0
USR_02744,12,0.6,10,1,17,314.32,0.8106,0.6561,10,12,4,0,0,262,0,0
USR_02745,20,0.6452,10,2,41,1287.46,0.4049,0.632,17,20,6,1,1,503,0,0
USR_02746,3,0.3333,13,0,81,1512.32,0.6196,-0.2863,3,4,1,1,1,292,5,0
USR_02747,17,0.5484,5,2,13,1458.27,0.2683,0.0158,14,14,5,0,0,976,4,0
USR_02748,11,0.5238,26,1,4,1140.8,0.3353,0.0646,9,9,3,0,1,515,3,0
USR_02749,12,1.0,11,1,37,357.56,0.6666,-0.1863,10,13,4,1,0,1170,7,0
USR_02750,11,0.5,25,1,27,310.2,0.5803,-0.1076,9,13,3,0,1,316,0,0
USR_02751,19,0.9048,12,2,23,1384.03,0.243,0.7253,15,18,6,0,1,124,2,0
USR_02752,8,1.0,20,1,36,253.83,0.4177,-0.1393,7,7,2,0,0,711,9,0
USR_02753,11,0.5789,21,1,34,384.4,0.9121,0.5882,9,12,3,0,1,792,12,0
USR_02754,15,0.6818,23,2,18,3703.02,0.472,0.3731,12,16,5,0,0,1189,3,0
USR_02755,5,0.4545,20,0,136,998.54,0.4896,0.1446,4,4,1,0,0,1049,0,0
USR_02756,14,0.7,20,1,11,755.63,0.4517,0.4076,12,15,4,1,1,1064,9,0
USR_02757,24,0.8276,9,3,28,151.18,0.8288,0.2843,20,23,8,1,0,772,11,0
USR_02758,6,0.3158,1,0,99,388.81,0.6188,0.1897,5,9,2,0,0,450,3,0
USR_02759,15,0.5769,27,2,19,1298.32,0.7863,0.3195,13,17,5,1,0,531,1,0
USR_02760,10,0.4762,25,1,28,203.03,0.4524,-0.1384,8,10,3,1,0,186,0,0
USR_02761,4,0.3333,8,0,182,917.95,0.1993,-0.0459,3,5,1,1,1,534,5,0
USR_02762,18,0.6207,0,2,42,220.15,0.444,-0.406,15,16,6,0,0,456,12,0
USR_02763,9,0.5625,29,1,31,403.79,0.7182,0.2342,8,11,3,0,0,72,6,0
USR_02764,4,0.2353,2,0,164,188.91,0.5447,-0.1765,3,4,1,0,0,269,2,0
USR_02765,17,1.0,0,2,38,717.72,0.5386,-0.4317,14,15,5,0,1,655,6,0
USR_02766,23,0.6765,29,3,43,170.63,0.7795,0.1935,19,23,7,0,0,462,10,0
USR_02767,22,0.7857,20,2,24,622.02,0.4718,-0.0666,18,18,7,0,0,1192,4,0
USR_02768,10,0.7143,18,1,11,1108.78,0.2276,0.5079,9,9,3,0,1,589,10,0
USR_02769,13,0.5909,18,1,39,780.46,0.4218,0.2775,11,12,4,1,0,1151,3,0
USR_02770,17,0.5667,22,2,29,964.74,0.7832,0.4311,14,18,5,0,0,803,2,0
USR_02771,14,0.7778,17,1,17,796.85,0.1161,-0.0101,12,15,4,0,0,77,5,0
USR_02772,15,0.6818,22,2,18,618.49,0.6479,0.107,13,16,5,1,0,268,3,0
USR_02773,5,0.625,23,0,72,629.7,0.3628,0.3017,4,4,1,0,0,855,13,0
USR_02774,8,0.4,6,1,29,840.86,0.5173,-0.7283,6,9,2,0,0,667,4,0
USR_02775,9,0.5294,17,1,27,277.7,0.4816,-0.4598,7,9,3,0,1,383,3,0
USR_02776,2,0.3333,9,0,133,484.55,0.7756,-0.0065,2,2,0,0,0,640,3,0
USR_02777,12,0.48,18,1,3,3385.39,0.6042,-0.4936,10,10,4,1,0,1086,4,0
USR_02778,11,0.7857,5,1,15,980.23,0.6906,-0.2285,9,12,3,0,1,484,2,0
USR_02779,20,0.9524,26,2,22,1806.81,0.7182,0.1906,17,21,6,0,0,82,7,0
USR_02780,24,0.8889,7,3,11,873.31,0.6971,0.1204,20,22,8,0,0,393,3,0
USR_02781,7,0.6364,5,0,42,370.36,0.6378,0.2188,6,10,2,0,1,1124,3,0
USR_02782,15,0.8333,3,2,11,521.29,0.5507,-0.3169,13,14,5,0,0,921,5,0
USR_02783,6,1.0,15,0,175,165.04,0.588,0.2835,5,7,2,1,1,1009,0,0
USR_02784,10,0.4167,10,1,19,1997.27,0.2974,-0.2304,8,8,3,0,1,1096,6,0
USR_02785,10,0.7143,21,1,25,1361.51,0.7925,0.1846,8,9,3,1,0,167,4,0
USR_02786,7,0.3333,12,1,0,340.65,0.8387,0.2266,6,6,2,0,0,360,3,0
USR_02787,11,0.5238,9,1,35,1225.87,0.666,0.651,9,13,3,0,1,99,7,0
USR_02788,6,0.3333,9,0,169,1141.0,0.3239,0.5351,5,9,2,0,1,35,8,0
USR_02789,9,0.6923,6,1,40,707.54,0.6107,0.2285,8,12,3,0,1,1006,10,0
USR_02790,22,0.7097,20,3,43,973.52,0.6226,-0.0824,18,22,7,0,0,1126,3,0
USR_02791,12,0.7059,3,1,6,1049.46,0.3805,0.0569,10,13,4,1,0,212,2,0
USR_02792,14,0.7368,27,1,2,904.74,0.5967,0.127,11,13,4,1,0,874,7,0
USR_02793,5,0.2632,7,0,163,750.63,0.6934,-0.1684,4,8,1,1,0,655,5,0
USR_02794,10,0.4545,0,1,13,712.38,0.571,0.2149,9,12,3,0,1,110,6,0
USR_02795,6,0.5455,19,0,158,422.49,0.1367,0.2452,5,7,2,1,0,1101,4,0
USR_02796,21,1.0,21,2,3,1375.66,0.2481,0.2448,17,17,7,0,0,1049,9,0
USR_02797,18,0.6923,18,2,10,3245.9,0.9292,-0.3183,15,15,6,1,1,693,1,0
USR_02798,6,0.3,10,0,36,271.52,0.7085,0.0021,5,8,2,0,1,858,4,0
USR_02799,10,0.4167,5,1,37,683.69,0.2544,0.3004,8,12,3,1,1,494,0,0
USR_02800,10,0.5882,26,1,31,394.32,0.2602,0.2409,8,9,3,1,1,957,3,0
USR_02801,5,0.4167,14,0,117,1033.12,0.752,-0.0365,4,8,1,0,1,550,6,0
USR_02802,10,0.4545,14,1,37,935.62,0.8746,-0.004,9,10,3,0,1,1187,4,0
USR_02803,19,0.9048,6,2,17,740.82,0.3385,-0.1122,16,20,6,1,0,103,3,0
USR_02804,11,0.7333,23,1,11,414.41,0.75,0.1882,9,13,3,1,1,231,11,0
USR_02805,18,0.9,28,2,32,455.6,0.9259,-0.482,15,19,6,1,0,1163,9,0
USR_02806,13,0.619,19,1,40,361.94,0.6917,-0.279,11,13,4,0,1,367,4,0
USR_02807,12,0.48,21,1,33,167.8,0.1326,-0.1637,10,10,4,0,1,393,13,0
USR_02808,3,0.4286,21,0,95,1778.13,0.7151,0.1745,2,5,1,1,0,955,3,0
USR_02809,5,0.2778,5,0,60,1135.61,0.6588,0.4437,4,8,1,0,0,251,9,0
USR_02810,9,0.5625,13,1,44,1867.26,0.4787,0.1187,7,10,3,1,0,630,0,0
USR_02811,8,0.7273,8,1,0,503.18,0.412,-0.3483,6,8,2,0,0,364,2,0
USR_02812,22,0.6111,12,2,21,984.4,0.2993,-0.0585,18,18,7,0,1,261,2,0
USR_02813,14,0.6087,25,1,35,337.61,0.6877,-0.2752,12,12,4,1,0,1158,0,0
USR_02814,6,0.4286,24,0,34,421.71,0.5402,-0.0722,5,6,2,1,0,263,4,0
USR_02815,18,0.9,16,2,31,3427.22,0.3404,-0.2734,15,18,6,0,1,140,1,0
USR_02816,16,0.6667,3,2,39,493.47,0.4048,-0.1068,14,15,5,1,1,818,6,0
USR_02817,4,0.5714,10,0,165,1419.23,0.482,-0.246,3,3,1,0,0,1044,1,0
USR_02818,11,0.6471,21,1,12,813.16,0.6268,0.6173,9,13,3,0,0,179,0,0
USR_02819,21,0.6176,17,2,1,217.91,0.2419,0.1248,18,19,7,0,0,858,13,0
USR_02820,4,0.2222,16,0,72,597.26,0.6594,-0.2584,4,5,1,0,0,662,6,0
USR_02821,11,0.6471,11,1,29,899.86,0.816,-0.0097,9,10,3,0,0,1001,12,0
USR_02822,21,0.84,29,2,40,1173.55,0.6119,0.5307,18,18,7,0,0,178,4,0
USR_02823,14,0.8235,27,1,27,159.23,0.3691,0.2624,12,16,4,0,0,1171,0,0
USR_02824,9,0.75,19,1,27,307.27,0.7236,-0.046,7,10,3,0,0,754,5,0
USR_02825,7,0.5,26,1,34,852.68,0.3063,-0.1654,6,9,2,1,0,1015,4,0
USR_02826,22,0.6111,5,2,19,313.35,0.5855,0.1014,18,22,7,0,0,453,0,0
USR_02827,3,0.2,4,0,150,1763.65,0.4455,-0.1538,2,6,1,1,0,1133,10,0
USR_02828,17,0.8095,21,2,44,632.83,0.8478,0.3504,14,15,5,1,0,762,5,0
USR_02829,11,0.4783,20,1,29,981.65,0.1987,0.767,9,9,3,0,1,178,8,0
USR_02830,15,0.6818,7,2,16,1875.56,0.734,0.0602,12,13,5,0,0,1109,4,0
USR_02831,13,0.5909,25,1,28,251.72,0.4387,0.0352,11,15,4,0,0,961,5,0
USR_02832,9,0.75,22,1,42,962.89,0.3604,-0.3501,7,9,3,0,1,381,1,0
USR_02833,10,0.4545,6,1,23,740.84,0.9443,0.4713,8,8,3,0,0,668,13,0
USR_02834,18,0.75,18,2,34,759.09,0.7637,0.1705,15,16,6,0,0,484,3,0
USR_02835,20,0.6452,26,2,25,556.14,0.6034,-0.512,17,18,6,0,0,665,0,0
USR_02836,3,0.5,23,0,110,755.53,0.6641,0.1132,2,6,1,0,1,1159,0,0
USR_02837,15,0.5172,12,2,43,64.03,0.471,0.0022,13,17,5,1,1,1081,6,0
USR_02838,9,0.6,24,1,16,1799.63,0.646,0.0498,8,8,3,1,1,282,13,0
USR_02839,3,0.25,9,0,63,228.39,0.7693,-0.1148,3,3,1,1,0,1167,11,0
USR_02840,12,0.6,29,1,35,2750.73,0.6636,0.0399,10,13,4,0,0,542,7,0
USR_02841,17,0.68,29,2,24,311.21,0.8573,-0.3148,14,18,5,0,1,854,13,0
USR_02842,22,0.88,9,2,1,300.6,0.5361,0.0373,18,22,7,0,1,924,7,0
USR_02843,12,0.48,20,1,11,919.74,0.7947,0.2517,10,13,4,0,1,595,2,0
USR_02844,5,0.625,28,0,131,826.45,0.8814,-0.0487,4,7,1,0,0,564,5,0
USR_02845,15,0.75,8,2,32,953.95,0.539,-0.2049,13,15,5,0,0,563,0,0
USR_02846,6,0.5,21,0,156,888.45,0.3029,0.4366,5,6,2,0,0,1039,1,0
USR_02847,25,0.7812,15,3,33,594.41,0.67,0.3502,20,24,8,0,0,482,3,0
USR_02848,13,0.8125,13,1,44,495.67,0.6288,-0.3028,11,13,4,1,0,357,1,0
USR_02849,4,0.25,19,0,102,1059.79,0.4315,-0.1151,3,6,1,1,0,453,13,0
USR_02850,9,0.5,14,1,9,382.48,0.6442,0.019,8,11,3,0,1,258,13,0
USR_02851,12,0.4615,21,1,34,731.74,0.3575,0.0964,10,11,4,1,0,488,3,0
USR_02852,6,0.5455,28,0,116,171.45,0.8766,0.1978,5,5,2,1,0,163,7,0
USR_02853,15,0.7143,6,2,28,815.02,0.7459,-0.0804,13,16,5,1,0,135,3,0
USR_02854,13,0.619,5,1,23,719.65,0.4814,-0.2745,11,13,4,0,1,876,0,0
USR_02855,11,0.5789,18,1,42,643.7,0.301,0.0906,9,9,3,0,1,120,2,0
USR_02856,26,0.9286,28,3,3,2604.38,0.4492,-0.2112,21,25,8,0,0,694,1,0
USR_02857,15,0.5556,25,2,36,2199.29,0.4805,0.1848,13,17,5,1,0,942,2,0
USR_02858,17,0.5484,12,2,42,1382.36,0.3406,0.1737,14,15,5,1,0,877,1,0
USR_02859,9,0.5625,24,1,34,1358.29,0.4163,0.5458,8,11,3,0,1,551,0,0
USR_02860,10,0.6667,27,1,44,723.82,0.7247,0.4099,8,12,3,0,0,256,1,0
USR_02861,10,0.625,8,1,6,850.58,0.8043,0.2159,8,11,3,1,0,1118,12,0
USR_02862,22,1.0,3,2,43,940.25,0.6674,-0.0985,18,20,7,0,0,1007,0,0
USR_02863,14,1.0,29,1,44,1077.08,0.5373,-0.2391,12,14,4,0,0,746,2,0
USR_02864,0,0.0,161,0,111,704.24,0.8235,0.3333,0,0,0,0,1,131,4,1
USR_02865,16,0.8421,0,2,35,1026.25,0.6621,0.1339,13,17,5,1,0,71,2,0
USR_02866,12,0.75,9,1,16,700.41,0.8137,-0.2263,10,13,4,0,0,398,4,0
USR_02867,16,0.8,23,2,37,931.96,0.7129,0.0567,13,16,5,0,0,214,0,0
USR_02868,17,0.8947,22,2,0,1385.89,0.6574,-0.0382,14,18,5,0,0,1036,6,0
USR_02869,17,0.7391,9,2,33,393.51,0.9078,-0.0818,14,16,5,0,0,270,5,0
USR_02870,15,1.0,20,2,8,739.42,0.5299,0.052,12,16,5,1,0,360,6,0
USR_02871,3,0.2143,28,0,90,706.78,0.7069,-0.1788,2,4,1,0,1,1171,5,0
USR_02872,13,0.5652,0,1,9,294.54,0.4415,-0.3491,10,12,4,1,1,987,3,0
USR_02873,15,0.8824,25,2,27,2024.1,0.4654,0.5696,13,15,5,1,0,285,2,0
USR_02874,13,0.8667,18,1,5,343.63,0.8266,-0.0516,11,13,4,0,0,478,1,0
USR_02875,2,0.6667,26,0,75,2092.45,0.4776,0.1901,2,6,0,0,0,633,4,0
USR_02876,7,0.7778,1,0,127,227.26,0.5124,-0.4573,6,10,2,0,0,807,0,0
USR_02877,8,0.5,7,1,20,200.89,0.3363,-0.3948,6,10,2,1,1,1125,2,0
USR_02878,22,0.9565,11,2,37,508.32,0.7813,-0.2674,18,19,7,0,1,1049,6,0
USR_02879,16,1.0,23,2,11,914.37,0.7112,-0.2745,13,16,5,1,1,1173,0,0
USR_02880,16,0.6667,20,2,9,910.31,0.4544,-0.2951,14,18,5,1,0,77,0,0
USR_02881,11,0.4583,9,1,14,1871.28,0.6055,-0.2752,9,13,3,1,0,306,6,0
USR_02882,18,0.72,7,2,7,359.25,0.2804,0.2423,15,18,6,1,0,688,3,0
USR_02883,16,0.8421,13,2,12,1395.25,0.4406,-0.2172,13,17,5,0,1,87,9,0
USR_02884,14,0.5385,4,1,16,176.49,0.3515,-0.6462,12,14,4,0,0,445,12,0
USR_02885,22,0.6471,27,2,28,306.88,0.6518,0.0401,18,20,7,0,0,209,13,0
USR_02886,19,0.6129,24,2,27,538.83,0.4953,-0.142,16,19,6,0,1,1121,3,0
USR_02887,19,0.7917,21,2,35,275.82,0.957,0.4592,16,18,6,0,0,104,1,0
USR_02888,11,1.0,14,1,16,1030.39,0.7396,-0.0191,9,12,3,1,0,203,5,0
USR_02889,23,0.6216,19,3,39,395.12,0.2869,0.3803,19,21,7,0,1,258,5,0
USR_02890,26,0.6667,7,3,33,1483.94,0.6584,-0.0737,22,25,8,0,1,203,5,0
USR_02891,7,0.5,3,0,57,1332.58,0.841,-0.1795,6,8,2,1,0,695,2,0
USR_02892,2,0.1538,6,0,60,387.56,0.4675,0.179,1,2,0,0,0,456,0,0
USR_02893,22,0.6111,16,2,0,501.82,0.658,-0.3717,18,22,7,0,1,1097,1,0
USR_02894,14,1.0,28,1,9,619.26,0.6099,0.338,11,11,4,0,0,335,0,0
USR_02895,5,0.4167,3,0,30,1965.49,0.468,-0.1151,4,7,1,0,0,658,0,0
USR_02896,4,0.25,9,0,78,312.95,0.4779,-0.4663,4,7,1,0,0,802,12,0
USR_02897,11,0.5238,2,1,41,99.59,0.5557,0.1556,9,11,3,0,0,762,0,0
USR_02898,6,0.8571,13,0,66,473.99,0.6437,-0.0637,5,8,2,1,1,961,5,0
USR_02899,11,1.0,28,1,34,318.73,0.6511,-0.3616,9,13,3,0,0,266,12,0
USR_02900,17,0.8095,1,2,12,195.34,0.7948,0.122,14,15,5,0,0,623,2,0
USR_02901,2,0.25,17,0,182,645.82,0.6853,-0.15,2,5,0,0,0,966,4,0
USR_02902,1,0.5,4,0,123,260.17,0.7887,0.2131,1,2,0,0,0,1039,7,0
USR_02903,10,0.7143,0,1,43,871.54,0.7413,-0.041,8,12,3,1,0,752,2,0
USR_02904,10,0.5882,16,1,23,254.11,0.7166,0.1359,8,11,3,0,1,792,4,0
USR_02905,15,0.5769,14,2,22,5000.0,0.7291,-0.0871,13,13,5,1,1,1041,10,0
USR_02906,4,0.3333,27,0,142,1552.11,0.7205,-0.4553,3,7,1,0,0,761,8,0
USR_02907,15,0.6818,8,2,25,370.04,0.7866,0.2587,12,14,5,0,0,1140,9,0
USR_02908,14,0.56,19,1,33,358.89,0.5167,-0.2239,12,12,4,1,1,179,13,0
USR_02909,19,0.6786,4,2,12,571.32,0.7707,-0.6029,16,19,6,1,1,437,3,0
USR_02910,18,0.8571,17,2,0,1198.55,0.9606,-0.1214,15,17,6,0,0,161,8,0
USR_02911,9,0.75,24,1,38,464.86,0.5582,-0.2061,7,11,3,1,0,135,5,0
USR_02912,13,0.9286,11,1,15,262.62,0.3999,0.2699,11,12,4,0,0,582,6,0
USR_02913,9,0.9,4,1,39,208.34,0.4426,-0.1985,7,9,3,0,1,294,8,0
USR_02914,10,0.4545,15,1,27,655.24,0.7587,-0.0353,8,10,3,0,0,506,8,0
USR_02915,7,0.4118,4,1,36,372.53,0.4177,0.163,6,7,2,1,0,542,11,0
USR_02916,16,0.64,19,2,33,834.24,0.3173,0.0155,13,17,5,0,0,756,2,0
USR_02917,25,0.8065,6,3,9,121.38,0.5597,0.3039,21,22,8,0,1,1136,6,0
USR_02918,2,0.6667,19,0,123,970.7,0.8911,0.316,2,2,0,1,0,1023,2,0
USR_02919,16,0.7273,21,2,5,514.53,0.3173,-0.2806,13,14,5,0,0,472,5,0
USR_02920,13,0.8667,29,1,11,163.45,0.9347,0.1088,11,13,4,1,0,410,8,0
USR_02921,15,0.5172,5,2,43,888.7,0.838,0.4873,12,16,5,0,0,931,9,0
USR_02922,5,0.4545,27,0,185,991.14,0.8369,-0.2565,4,8,1,0,0,174,3,0
USR_02923,2,0.6667,9,0,104,348.84,0.7044,-0.3451,2,4,0,0,0,662,4,0
USR_02924,7,0.6364,4,1,18,1115.56,0.5131,0.2058,6,10,2,0,1,524,2,0
USR_02925,7,0.4375,27,0,166,223.01,0.8626,-0.2265,6,9,2,0,0,243,0,0
USR_02926,19,0.76,17,2,38,106.06,0.2614,0.5962,15,15,6,1,0,751,1,0
USR_02927,14,1.0,16,1,35,580.63,0.5373,-0.1037,12,14,4,1,0,405,12,0
USR_02928,10,0.6667,9,1,14,327.17,0.4692,-0.2748,9,12,3,1,0,247,2,0
USR_02929,10,0.5,5,1,4,245.49,0.5259,-0.1593,9,12,3,0,0,794,13,0
USR_02930,21,0.75,1,2,23,1049.96,0.7805,0.4295,17,21,7,0,0,233,1,0
USR_02931,10,0.5556,25,1,23,789.83,0.7601,-0.3835,9,13,3,1,1,817,7,0
USR_02932,16,0.64,0,2,11,2470.49,0.6054,-0.1043,13,17,5,0,1,219,5,0
USR_02933,23,0.697,15,3,5,928.52,0.9197,-0.0771,19,21,7,0,1,538,7,0
USR_02934,15,0.7143,8,2,20,1035.05,0.5748,-0.7683,13,16,5,0,0,975,6,0
USR_02935,11,0.5,25,1,19,330.76,0.3143,-0.1447,9,13,3,1,0,297,7,0
USR_02936,2,0.1333,21,0,114,120.04,0.7589,-0.0572,2,3,0,0,1,928,12,0
USR_02937,5,0.8333,2,0,109,3236.78,0.642,-0.2604,4,8,1,0,1,874,5,0
USR_02938,6,0.375,3,0,179,986.52,0.7603,0.2171,5,7,2,0,0,1086,0,0
USR_02939,19,0.8261,4,2,21,2399.64,0.555,0.2381,15,16,6,0,0,227,2,0
USR_02940,20,0.9524,21,2,22,258.44,0.9338,0.0421,17,18,6,0,1,866,7,0
USR_02941,11,0.7857,2,1,30,1488.02,0.7896,-0.3482,9,10,3,1,0,1125,4,0
USR_02942,4,0.2353,7,0,144,838.06,0.5625,-0.2712,4,4,1,0,0,922,4,0
USR_02943,13,0.5909,14,1,37,1555.97,0.3833,0.3226,11,15,4,1,1,249,5,0
USR_02944,14,0.7,5,1,40,1058.21,0.6887,0.6961,11,12,4,1,0,991,3,0
USR_02945,8,0.7273,11,1,3,553.82,0.5402,0.2782,6,7,2,0,0,155,9,0
USR_02946,21,0.75,9,2,16,832.72,0.7601,0.1397,17,17,7,0,0,718,7,0
USR_02947,21,0.75,12,2,40,501.46,0.1818,-0.2933,17,18,7,0,0,612,7,0
USR_02948,9,0.6,0,1,41,1299.47,0.7,0.0288,7,9,3,0,0,651,7,0
USR_02949,13,0.6842,10,1,8,351.88,0.5818,-0.3924,11,12,4,1,0,637,11,0
USR_02950,8,0.4444,16,1,9,379.18,0.6061,0.1683,7,7,2,0,0,66,5,0
USR_02951,9,0.5294,12,1,42,584.87,0.9499,-0.1127,7,10,3,0,0,624,13,0
USR_02952,11,1.0,28,1,6,1087.97,0.6592,-0.3557,9,11,3,0,0,1125,0,0
USR_02953,5,0.5,11,0,180,694.1,0.797,-0.1365,4,5,1,1,0,540,6,0
USR_02954,11,1.0,9,1,38,511.95,0.6397,0.1175,9,10,3,0,0,353,7,0
USR_02955,17,0.5667,4,2,2,1548.49,0.5647,0.0589,14,17,5,1,0,1193,4,0
USR_02956,3,0.4286,18,0,186,1065.11,0.6691,0.0146,3,3,1,0,0,145,2,0
USR_02957,5,0.2632,17,0,180,460.6,0.8988,0.0988,4,4,1,0,0,598,4,0
USR_02958,17,0.85,1,2,39,288.9,0.4607,-0.3285,14,15,5,0,0,629,2,0
USR_02959,2,0.2857,26,0,49,577.95,0.4787,-0.3063,2,6,0,1,0,589,12,0
USR_02960,15,0.7143,29,2,8,403.9,0.9029,-0.2681,12,12,5,1,1,1108,2,0
USR_02961,10,0.4348,29,1,28,358.62,0.3962,-0.4025,8,9,3,0,0,523,0,0
USR_02962,11,0.9167,23,1,15,1211.56,0.6618,-0.0041,9,12,3,1,0,1168,5,0
USR_02963,12,0.5217,3,1,35,1638.97,0.5794,-0.4481,10,11,4,0,1,108,3,0
USR_02964,1,0.1,26,0,127,634.3,0.627,0.0661,0,1,0,1,0,888,0,0
USR_02965,11,0.7857,12,1,20,662.11,0.9649,-0.4756,9,10,3,0,0,723,5,0
USR_02966,6,0.3333,25,0,136,368.01,0.4877,0.2167,5,9,2,0,1,311,4,0
USR_02967,15,0.6522,7,2,30,284.11,0.6736,0.0748,12,16,5,0,0,296,0,0
USR_02968,12,0.6316,20,1,27,1257.15,0.393,-0.4571,10,11,4,1,1,872,5,0
USR_02969,8,0.6154,17,1,25,240.71,0.2919,0.1366,7,7,2,1,0,776,5,0
USR_02970,7,0.5385,13,1,26,405.23,0.3048,-0.0361,6,9,2,0,0,745,9,0
USR_02971,16,0.5714,10,2,3,394.97,0.9374,0.3383,13,15,5,0,1,89,2,0
USR_02972,25,0.641,1,3,11,933.78,0.3111,-0.0409,20,21,8,1,0,729,1,0
USR_02973,17,0.5667,26,2,31,567.97,0.4461,-0.5037,14,17,5,0,0,1178,13,0
USR_02974,15,0.75,21,2,11,421.71,0.313,-0.1348,12,14,5,1,0,50,5,0
USR_02975,2,0.1818,28,0,189,1973.18,0.5879,-0.06,2,2,0,1,1,578,0,0
USR_02976,11,0.44,15,1,3,2450.81,0.5587,-0.1612,9,12,3,0,0,608,10,0
USR_02977,16,0.64,9,2,15,908.39,0.8292,0.1557,13,15,5,1,0,1079,1,0
USR_02978,5,1.0,18,0,170,746.16,0.884,0.3053,4,4,1,0,0,360,9,0
USR_02979,8,0.4444,10,1,5,444.65,0.1779,0.1418,6,6,2,0,1,586,7,0
USR_02980,19,0.7037,28,2,44,655.42,0.7917,-0.3082,16,16,6,0,1,869,13,0
USR_02981,9,0.5625,16,1,11,253.68,0.2947,0.1044,7,9,3,1,0,100,13,0
USR_02982,21,1.0,20,2,40,1467.02,0.6532,-0.0245,18,22,7,1,0,967,2,0
USR_02983,25,0.7812,19,3,28,598.65,0.6693,-0.2372,21,24,8,0,0,991,8,0
USR_02984,19,0.6333,11,2,24,383.73,0.8955,0.4307,16,20,6,0,0,871,2,0
USR_02985,3,0.2727,22,0,170,510.19,0.7276,0.0239,3,6,1,0,0,788,5,0
USR_02986,22,0.8462,14,2,1,1170.33,0.182,-0.2418,18,22,7,0,0,904,5,0
USR_02987,3,0.2,3,0,121,541.75,0.4805,-0.0395,2,2,1,1,0,944,0,0
USR_02988,12,0.6667,12,1,38,354.29,0.5028,0.0646,10,10,4,0,0,1086,0,0
USR_02989,9,0.5,1,1,35,125.02,0.7726,0.5008,7,7,3,0,0,530,0,0
USR_02990,11,1.0,22,1,26,624.94,0.4842,0.155,9,12,3,1,0,563,0,0
USR_02991,16,0.8889,20,2,16,898.26,0.596,-0.1957,13,13,5,1,0,776,1,0
USR_02992,5,0.625,26,0,93,449.3,0.6728,0.1984,4,4,1,1,1,255,12,0
USR_02993,19,0.9048,14,2,27,352.4,0.6916,0.0436,16,18,6,0,1,1031,4,0
USR_02994,7,0.5385,29,0,34,270.36,0.2961,-0.4678,5,6,2,0,0,931,9,0
USR_02995,12,0.6667,20,1,18,492.3,0.7863,-0.403,10,12,4,0,0,768,10,0
USR_02996,2,0.6667,11,0,140,272.77,0.4167,-0.2382,2,4,0,0,0,382,8,0
USR_02997,7,0.4375,9,0,149,271.35,0.5275,-0.2981,6,7,2,0,0,436,3,0
USR_02998,5,0.4167,28,0,30,453.4,0.8128,-0.3279,4,6,1,1,0,538,10,0
USR_02999,8,0.6154,5,1,22,3001.83,0.7579,0.1353,6,9,2,0,0,805,8,0
USR_03000,8,0.7273,0,1,43,4307.46,0.7284,0.2829,6,7,2,0,1,940,8,0
USR_03001,7,0.5833,3,1,24,1706.35,0.8594,-0.3889,6,6,2,0,1,816,12,0
USR_03002,11,0.8462,20,1,21,1113.7,0.7172,-0.0436,9,9,3,1,0,1118,5,0
USR_03003,1,0.0714,23,0,112,141.14,0.4984,0.3596,1,1,0,0,0,1153,4,0
USR_03004,12,0.6316,15,1,33,5000.0,0.4671,0.2633,10,12,4,0,0,854,11,0
USR_03005,6,0.3158,12,0,87,910.18,0.2801,-0.0957,5,5,2,0,1,463,3,0
USR_03006,16,0.5714,5,2,28,276.02,0.7654,-0.145,13,13,5,1,1,730,10,0
USR_03007,8,0.5333,2,1,20,5000.0,0.6339,0.455,7,9,2,1,0,527,0,0
USR_03008,14,0.7368,22,1,26,614.75,0.3909,0.4121,11,15,4,1,1,766,0,0
USR_03009,5,0.3333,7,0,31,1296.48,0.7169,0.4505,4,4,1,0,1,980,4,0
USR_03010,16,0.7619,29,2,20,517.18,0.6863,-0.0646,13,13,5,0,1,462,0,0
USR_03011,6,0.5,25,0,161,1047.43,0.4137,-0.0664,5,6,2,0,0,621,13,0
USR_03012,11,0.6471,23,1,26,1151.74,0.8821,-0.3322,9,12,3,1,0,83,0,0
USR_03013,14,0.6087,14,1,13,1323.54,0.9589,0.0777,12,16,4,1,1,891,7,0
USR_03014,21,1.0,10,2,28,1857.04,0.6859,-0.1285,17,19,7,0,0,603,1,0
USR_03015,8,0.6667,25,1,16,753.11,0.1323,0.0009,6,7,2,1,0,567,13,0
USR_03016,5,0.3333,1,0,153,786.72,0.7325,-0.6923,4,4,1,1,0,652,3,0
USR_03017,11,0.6111,28,1,40,640.15,0.5939,-0.1236,9,10,3,1,0,282,0,0
USR_03018,7,0.4118,24,1,27,288.52,0.5889,0.3963,6,7,2,0,1,729,0,0
USR_03019,19,0.6786,2,2,34,322.55,0.3626,0.0467,15,17,6,0,0,901,4,0
USR_03020,3,0.4286,6,0,144,519.81,0.6735,-0.825,3,3,1,0,0,439,13,0
USR_03021,13,0.6842,28,1,42,1825.82,0.5885,0.2045,11,11,4,0,0,183,13,0
USR_03022,9,0.9,19,1,30,969.33,0.6222,0.3763,8,8,3,0,1,482,2,0
USR_03023,14,0.56,11,1,39,617.36,0.4452,-0.4571,11,11,4,0,0,262,4,0
USR_03024,9,0.6,24,1,34,538.64,0.9226,0.0691,7,9,3,0,0,467,0,0
USR_03025,5,0.5556,20,0,187,261.49,0.8551,-0.0904,4,8,1,0,0,763,4,0
USR_03026,6,0.4286,27,0,92,324.06,0.7096,0.1456,5,6,2,0,0,162,5,0
USR_03027,3,1.0,12,0,162,752.85,0.817,0.2096,2,3,1,1,0,904,1,0
USR_03028,10,0.625,17,1,15,669.56,0.7827,-0.0504,8,12,3,0,1,292,5,0
USR_03029,10,0.4348,18,1,23,1239.7,0.5703,0.0208,8,8,3,1,0,1076,11,0
USR_03030,11,0.6875,1,1,18,559.37,0.9157,0.5406,9,11,3,1,0,886,0,0
USR_03031,7,0.5833,20,1,18,1047.28,0.8804,1.0,6,6,2,0,0,348,1,0
USR_03032,11,0.6471,21,1,24,195.39,0.7534,0.2408,9,12,3,0,1,688,1,0
USR_03033,17,0.85,3,2,17,311.2,0.4296,0.0908,14,16,5,1,0,159,0,0
USR_03034,5,0.625,24,0,65,821.29,0.7076,-0.1645,4,7,1,1,0,146,0,0
USR_03035,13,0.65,12,1,35,673.89,0.4631,-0.0137,11,15,4,0,0,1148,5,0
USR_03036,16,0.64,12,2,28,1200.09,0.5788,0.029,14,18,5,1,0,968,0,0
USR_03037,4,0.5714,6,0,149,1703.61,0.6121,0.0539,3,4,1,0,0,210,8,0
USR_03038,9,0.75,25,1,43,1767.03,0.532,-0.643,7,7,3,0,1,360,11,0
USR_03039,13,0.5652,3,1,6,2365.61,0.6847,-0.1702,11,13,4,1,1,261,12,0
USR_03040,25,0.7812,29,3,0,2854.6,0.8201,-0.0633,21,22,8,1,0,492,6,0
USR_03041,2,0.3333,17,0,146,500.2,0.8883,-0.0959,1,4,0,0,1,370,1,0
USR_03042,2,0.1429,7,0,48,4186.75,0.94,0.121,2,6,0,0,0,413,0,0
USR_03043,21,0.6,20,2,36,5000.0,0.7638,0.5484,18,18,7,1,0,649,1,0
USR_03044,12,0.5,21,1,26,234.65,0.3959,0.1872,10,10,4,1,0,251,13,0
USR_03045,4,0.5,7,0,137,415.3,0.437,0.1512,3,6,1,1,0,1062,13,0
USR_03046,7,0.3333,26,1,13,887.27,0.4713,0.2413,6,6,2,1,0,881,3,0
USR_03047,17,0.7727,0,2,0,800.82,0.6069,0.4337,14,14,5,0,0,919,2,0
USR_03048,3,0.75,3,0,152,172.56,0.4019,0.8754,3,7,1,0,1,228,4,0
USR_03049,10,0.5556,29,1,28,311.15,0.7244,0.1012,9,10,3,1,1,858,2,0
USR_03050,6,0.3,22,0,61,791.09,0.4183,0.0934,5,8,2,0,0,1008,13,0
USR_03051,5,1.0,14,0,129,558.84,0.2456,0.1218,4,7,1,1,0,234,1,0
USR_03052,7,1.0,9,1,11,1093.09,0.7004,0.1301,6,8,2,0,0,908,2,0
USR_03053,12,1.0,19,1,4,3179.88,0.7906,-0.1968,10,10,4,0,0,448,3,0
USR_03054,9,0.4286,20,1,31,245.76,0.5844,0.0445,7,7,3,1,0,951,0,0
USR_03055,17,0.85,2,2,13,4235.91,0.888,-0.1999,14,18,5,1,1,589,3,0
USR_03056,18,0.72,12,2,39,2995.72,0.2317,0.3181,15,17,6,1,0,968,10,0
USR_03057,18,0.9474,18,2,34,167.22,0.8186,0.9684,15,17,6,0,1,202,0,0
USR_03058,11,0.44,17,1,42,255.95,0.4238,0.1142,9,12,3,0,0,485,5,0
USR_03059,13,0.5417,22,1,2,481.51,0.8152,0.2773,11,12,4,1,1,349,3,0
USR_03060,6,0.4286,27,0,132,310.21,0.6675,0.3884,5,5,2,0,0,320,0,0
USR_03061,22,0.6286,1,2,9,1059.54,0.5365,-0.2951,18,20,7,1,0,390,0,0
USR_03062,15,0.8333,15,2,26,1105.43,0.8194,0.2549,12,14,5,0,0,477,2,0
USR_03063,13,0.6842,15,1,9,744.88,0.6877,0.1457,11,11,4,1,0,178,0,0
USR_03064,8,0.3636,6,1,28,897.13,0.3799,-0.4329,6,7,2,0,1,857,3,0
USR_03065,22,0.7586,4,2,37,597.59,0.5928,-0.0356,18,18,7,0,0,673,10,0
USR_03066,8,0.6667,27,1,20,913.53,0.7843,-0.7719,6,9,2,0,1,1000,7,0
USR_03067,18,0.6667,4,2,11,3072.53,0.8476,-0.507,15,16,6,0,1,854,12,0
USR_03068,14,0.5,13,1,21,98.55,0.4904,-0.3739,11,12,4,1,0,204,3,0
USR_03069,14,0.9333,18,1,26,674.74,0.8594,-0.4292,12,15,4,0,0,111,7,0
USR_03070,5,0.2632,14,0,191,964.69,0.7302,0.4312,4,5,1,0,1,524,6,0
USR_03071,3,0.3,18,0,188,614.62,0.6445,-0.3542,2,2,1,0,0,592,1,0
USR_03072,23,0.9583,0,3,2,854.3,0.5244,0.0876,19,20,7,0,0,311,2,0
USR_03073,24,0.6316,16,3,35,1735.42,0.2266,-0.0314,20,20,8,1,0,945,4,0
USR_03074,12,0.6,24,1,4,440.11,0.5979,-0.0383,10,13,4,0,0,710,9,0
USR_03075,7,0.7,15,1,11,3893.92,0.6519,-0.1384,6,6,2,1,0,905,3,0
USR_03076,15,0.8824,29,2,40,202.78,0.4225,-0.213,13,13,5,0,1,157,1,0
USR_03077,13,0.9286,14,1,20,1092.71,0.5657,0.2264,11,13,4,1,0,983,13,0
USR_03078,20,0.7407,9,2,4,657.97,0.8883,-0.7391,17,20,6,0,1,271,0,0
USR_03079,5,0.5556,14,0,42,818.87,0.5446,0.3088,4,6,1,0,0,554,13,0
USR_03080,12,0.75,9,1,38,1223.07,0.7477,-0.1303,10,14,4,0,1,544,9,0
USR_03081,9,0.5294,10,1,29,405.64,0.5822,0.0651,7,10,3,0,0,990,10,0
USR_03082,2,0.125,13,0,44,1606.58,0.6273,0.2019,1,5,0,1,1,353,9,0
USR_03083,4,0.2353,7,0,57,3229.34,0.6033,0.3919,3,4,1,1,0,311,1,0
USR_03084,6,0.8571,1,0,179,527.44,0.4994,-0.2228,5,7,2,0,0,427,6,0
USR_03085,17,0.7727,7,2,0,439.58,0.3436,-0.1288,14,14,5,1,0,452,8,0
USR_03086,10,0.7692,0,1,7,1830.39,0.7251,-0.4722,8,12,3,0,0,242,8,0
USR_03087,15,0.75,27,2,23,1459.61,0.4941,0.115,13,16,5,0,1,236,2,0
USR_03088,12,0.48,26,1,39,190.09,0.4067,0.6111,10,13,4,0,0,300,1,1
USR_03089,21,0.8077,8,2,43,1034.94,0.6104,-0.1598,18,21,7,0,0,576,2,0
USR_03090,0,0.0,88,0,109,1236.85,0.8811,-0.0724,0,4,0,0,0,431,4,0
USR_03091,4,0.25,11,0,63,636.62,0.4565,0.1432,4,6,1,0,0,488,5,0
USR_03092,20,0.8333,11,2,11,2209.32,0.5951,-0.0263,16,19,6,1,0,871,10,0
USR_03093,11,0.6111,15,1,44,184.32,0.6658,0.2416,9,12,3,0,0,311,8,0
USR_03094,15,0.5556,27,2,5,119.08,0.5471,-0.0137,13,15,5,0,0,1094,6,0
USR_03095,11,0.7333,22,1,20,1559.19,0.811,0.2944,9,10,3,0,1,909,1,0
USR_03096,15,0.6,19,2,0,347.1,0.5959,-0.1391,12,15,5,1,0,234,4,0
USR_03097,13,0.8667,23,1,25,646.95,0.1812,0.029,11,11,4,0,1,397,2,0
USR_03098,15,0.5357,26,2,19,268.7,0.4363,-0.2866,12,12,5,1,0,244,1,0
USR_03099,5,0.8333,21,0,90,1315.33,0.9498,-0.1937,4,8,1,1,1,349,0,0
USR_03100,3,0.2308,14,0,133,873.61,0.4942,0.0343,2,2,1,0,0,457,2,0
USR_03101,4,0.2222,9,0,158,598.19,0.9605,0.0008,3,3,1,0,0,183,1,0
USR_03102,18,0.9,13,2,42,247.71,0.78,0.2946,15,19,6,0,0,46,5,0
USR_03103,18,0.72,4,2,5,585.11,0.6607,0.1005,15,18,6,0,0,543,0,0
USR_03104,22,0.6111,18,2,3,868.66,0.6036,-0.0355,18,22,7,1,0,850,2,0
USR_03105,12,0.9231,24,1,7,434.66,0.345,-0.1414,10,12,4,0,0,384,0,0
USR_03106,17,0.8095,0,2,25,446.7,0.7627,0.0458,14,17,5,0,0,1036,6,0
USR_03107,26,0.6667,26,3,43,670.69,0.6188,0.2809,22,24,8,1,1,462,5,0
USR_03108,23,0.92,19,3,7,1140.28,0.5881,-0.203,19,23,7,1,1,1083,2,0
USR_03109,7,0.3333,27,0,165,933.7,0.6025,0.8309,5,6,2,0,0,306,0,0
USR_03110,8,0.4211,21,1,34,1704.22,0.2668,-0.4074,6,10,2,1,0,661,13,0
USR_03111,9,0.75,25,1,13,619.08,0.54,-0.2426,7,11,3,0,0,922,5,0
USR_03112,4,0.5714,22,0,121,1495.67,0.5331,-0.1385,3,7,1,0,1,99,6,0
USR_03113,10,0.7143,10,1,35,261.73,0.779,0.281,8,12,3,0,0,1118,4,0
USR_03114,8,0.5333,16,1,35,914.7,0.1556,0.438,6,6,2,1,0,457,9,0
USR_03115,8,0.3636,4,1,31,876.57,0.614,-0.1,6,9,2,0,0,612,11,0
USR_03116,26,0.7027,25,3,34,4385.5,0.7423,-0.2607,22,25,8,0,1,765,3,0
USR_03117,8,1.0,20,1,21,389.12,0.601,-0.2721,7,8,2,1,0,782,7,0
USR_03118,26,0.7647,17,3,16,254.47,0.7245,0.2868,22,24,8,1,1,57,1,0
USR_03119,4,0.5,19,0,133,359.16,0.633,-0.3677,3,4,1,0,0,1044,6,0
USR_03120,6,0.4615,20,0,33,401.14,0.9026,0.0896,5,5,2,0,0,759,3,0
USR_03121,19,0.76,7,2,32,923.27,0.6149,0.1167,16,19,6,1,1,1198,0,0
USR_03122,13,0.619,18,1,8,242.64,0.5533,0.1044,11,14,4,1,0,581,13,0
USR_03123,18,0.6207,18,2,13,876.87,0.5933,-0.2361,15,15,6,0,1,747,10,0
USR_03124,14,0.8235,20,1,25,683.61,0.3139,-0.376,12,13,4,0,0,546,2,0
USR_03125,8,0.6154,29,1,12,1382.38,0.4243,0.0007,7,11,2,0,0,1071,13,0
USR_03126,4,1.0,10,0,132,1091.6,0.4977,0.1862,3,3,1,1,1,1003,2,0
USR_03127,11,0.6875,5,1,23,1290.26,0.3927,-0.1116,9,9,3,1,0,1093,3,0
USR_03128,12,0.4615,29,1,18,985.28,0.1898,0.191,10,12,4,0,0,620,10,0
USR_03129,0,0.0,82,0,179,1692.97,0.3996,-0.0439,0,2,0,0,1,955,2,0
USR_03130,16,0.6154,8,2,40,201.85,0.654,0.1805,13,14,5,1,0,449,3,0
USR_03131,22,0.6471,11,2,32,207.58,0.8037,-0.3139,18,22,7,0,0,569,6,0
USR_03132,19,0.7037,23,2,25,654.28,0.588,-0.0668,16,17,6,0,0,919,0,0
USR_03133,9,0.9,6,1,13,711.56,0.6876,0.5115,7,9,3,0,0,124,3,0
USR_03134,4,0.3077,0,0,183,293.18,0.6224,-0.1762,3,3,1,1,0,861,2,0
USR_03135,21,0.913,23,2,36,1041.24,0.675,0.1078,18,20,7,0,0,48,6,0
USR_03136,21,0.913,15,2,2,234.28,0.821,-0.0079,18,18,7,0,0,709,0,0
USR_03137,7,0.4375,21,1,19,536.77,0.6255,-0.1524,6,7,2,0,1,588,1,0
USR_03138,12,0.48,7,1,25,655.65,0.7683,0.2493,10,11,4,1,0,578,7,0
USR_03139,17,0.8095,6,2,23,1051.18,0.5365,-0.2028,14,15,5,1,1,608,0,0
USR_03140,6,0.6,13,0,110,444.41,0.4557,0.3265,5,8,2,1,0,605,3,0
USR_03141,8,0.4444,25,1,1,1758.93,0.8176,0.2142,7,10,2,1,1,506,7,0
USR_03142,5,0.5556,22,0,52,2550.78,0.4655,-0.4133,4,7,1,0,0,558,8,0
USR_03143,10,0.8333,12,1,0,2276.49,0.7262,0.2409,8,11,3,0,0,694,0,0
USR_03144,11,0.7857,4,1,11,2825.0,0.9296,0.0321,9,12,3,1,0,923,10,0
USR_03145,4,0.25,16,0,159,1560.69,0.6644,-0.3225,3,7,1,0,0,676,7,0
USR_03146,18,0.6667,1,2,38,1088.05,0.4575,-0.1607,15,15,6,0,0,781,2,0
USR_03147,7,0.6364,20,1,15,365.27,0.5545,-0.2456,6,9,2,0,0,1008,8,0
USR_03148,14,0.5,12,1,25,423.56,0.4968,0.1045,11,11,4,1,0,1187,7,0
USR_03149,5,0.5,26,0,76,1420.88,0.3182,0.5782,4,4,1,1,0,157,5,0
USR_03150,13,0.5652,29,1,34,160.01,0.4062,-0.0058,10,13,4,0,0,864,4,0
USR_03151,17,0.8947,6,2,22,1917.65,0.4746,-0.1628,14,14,5,0,0,293,8,0
USR_03152,22,0.6111,3,2,40,409.54,0.6744,-0.0061,18,19,7,0,0,260,13,0
USR_03153,20,0.8696,17,2,27,433.86,0.5202,-0.0352,16,16,6,1,0,957,5,0
USR_03154,5,0.4545,1,0,158,1237.32,0.6487,0.1643,4,8,1,0,0,110,9,0
USR_03155,4,0.3333,20,0,47,832.42,0.3601,-0.1312,4,4,1,0,1,1021,8,0
USR_03156,12,0.6316,26,1,3,475.51,0.5461,-0.8733,10,12,4,1,1,931,10,0
USR_03157,7,0.4667,26,1,23,321.01,0.8282,0.0279,6,10,2,1,0,1193,13,0
USR_03158,12,0.5217,23,1,16,200.13,0.4401,-0.0914,10,14,4,0,0,811,1,0
USR_03159,7,0.3684,23,0,151,117.86,0.5202,-0.3301,6,7,2,0,1,1051,0,0
USR_03160,7,0.5833,7,0,96,2144.21,0.6949,-0.0797,6,6,2,0,0,168,5,0
USR_03161,8,0.4706,27,1,41,559.34,0.4958,0.3687,6,10,2,1,1,1071,3,0
USR_03162,11,0.5789,22,1,43,326.68,0.4964,-0.2609,9,10,3,1,0,217,5,0
USR_03163,13,0.6842,2,1,19,1213.44,0.514,-0.0376,11,11,4,0,0,397,9,0
USR_03164,5,0.4167,17,0,173,356.59,0.8068,-0.1313,4,5,1,0,0,179,12,0
USR_03165,15,0.5556,12,2,12,362.21,0.736,-0.4151,13,16,5,1,1,499,3,0
USR_03166,15,0.6,4,2,33,1722.87,0.5334,0.0767,13,14,5,0,0,906,7,0
USR_03167,15,1.0,9,2,3,1203.78,0.2529,-0.0191,13,13,5,1,0,343,1,0
USR_03168,8,1.0,28,1,7,770.1,0.7135,0.6785,7,10,2,0,0,991,4,0
USR_03169,15,0.6,14,2,8,426.93,0.8322,0.2119,12,15,5,0,0,739,0,0
USR_03170,19,0.7308,4,2,25,801.81,0.4536,0.2452,16,18,6,1,0,765,4,0
USR_03171,10,0.5556,24,1,31,1058.27,0.4028,-0.2507,8,8,3,1,0,1128,4,0
USR_03172,6,0.3333,7,0,172,817.66,0.1746,0.2228,5,8,2,1,1,535,8,0
USR_03173,10,0.7692,14,1,8,1757.28,0.6305,0.1661,8,8,3,0,0,433,6,0
USR_03174,20,0.8696,3,2,39,298.55,0.4227,-0.7257,17,17,6,0,0,1193,2,0
USR_03175,20,0.6897,1,2,16,541.06,0.677,0.3391,16,17,6,0,0,681,0,0
USR_03176,22,0.6667,29,2,32,1038.51,0.9237,-0.0334,18,18,7,0,0,749,0,0
USR_03177,13,0.4815,20,1,1,420.68,0.5026,-0.2703,11,13,4,1,1,376,13,0
USR_03178,19,0.5938,18,2,19,1425.49,0.4953,-0.0312,16,20,6,0,0,282,12,0
USR_03179,19,0.7917,0,2,17,1947.31,0.7805,-0.1862,15,17,6,1,0,228,2,0
USR_03180,17,0.8947,18,2,35,697.47,0.5749,0.1015,14,15,5,0,0,291,1,0
USR_03181,5,0.3571,2,0,101,903.48,0.5812,-0.1192,4,7,1,1,1,258,3,0
USR_03182,11,0.8462,4,1,3,562.85,0.9419,0.5149,9,10,3,0,0,903,6,0
USR_03183,4,0.4,21,0,125,526.3,0.6942,0.5163,3,7,1,0,0,97,2,0
USR_03184,21,0.84,15,2,24,1856.9,0.6573,0.0763,17,17,7,0,0,766,0,0
USR_03185,11,0.6875,24,1,0,340.72,0.4266,0.1715,9,9,3,0,0,1140,3,0
USR_03186,9,0.4091,10,1,5,1288.71,0.6649,0.5075,8,9,3,0,0,925,1,0
USR_03187,19,0.8261,9,2,37,448.4,0.2404,-0.0981,16,18,6,1,1,501,2,0
USR_03188,14,0.5385,24,1,0,338.18,0.6083,-0.0525,11,13,4,0,0,99,0,0
USR_03189,9,0.75,17,1,32,1489.79,0.9369,0.1819,7,8,3,1,0,1005,6,0
USR_03190,9,0.6923,27,1,24,1161.1,0.7965,-0.0158,7,10,3,0,1,33,4,0
USR_03191,1,0.25,16,0,113,394.39,0.9572,0.0803,1,3,0,1,0,827,2,0
USR_03192,22,0.6667,5,2,26,581.36,0.9047,-0.0997,18,22,7,1,0,815,4,0
USR_03193,23,0.6765,1,3,6,602.08,0.3861,-0.2954,19,19,7,0,0,254,4,0
USR_03194,24,1.0,6,3,27,802.78,0.7,-0.3035,20,23,8,1,0,895,9,0
USR_03195,4,0.5,16,0,179,449.64,0.7611,0.357,4,6,1,0,0,235,13,0
USR_03196,15,0.5172,19,2,13,2668.43,0.7182,0.1181,13,14,5,0,0,294,0,0
USR_03197,16,0.6957,0,2,11,273.98,0.317,0.2733,13,14,5,1,0,980,11,0
USR_03198,17,0.8947,8,2,18,197.79,0.5624,-0.2696,14,17,5,0,0,1175,7,0
USR_03199,10,0.7692,24,1,22,605.67,0.7738,0.1405,8,12,3,1,0,339,7,0
USR_03200,13,0.6842,11,1,11,135.64,0.7678,0.1836,11,14,4,0,1,1107,3,0
USR_03201,14,0.8235,22,1,33,357.3,0.7187,-0.1927,11,11,4,0,0,1098,2,0
USR_03202,18,0.75,11,2,38,400.89,0.5122,-0.1439,15,17,6,0,0,930,0,0
USR_03203,20,0.7143,8,2,7,673.26,0.4224,0.4402,16,16,6,1,0,193,13,0
USR_03204,7,0.5385,20,1,33,568.0,0.5915,-0.0604,6,7,2,1,0,380,5,0
USR_03205,5,0.3846,7,0,32,803.36,0.3985,0.216,4,6,1,1,1,822,3,0
USR_03206,16,1.0,19,2,6,356.36,0.7124,-0.2478,13,15,5,0,1,1199,4,0
USR_03207,1,0.125,5,0,55,491.4,0.2616,0.4341,1,5,0,0,1,982,0,1
USR_03208,19,1.0,22,2,41,1056.79,0.6136,-0.1114,16,20,6,0,0,521,0,0
USR_03209,15,0.6,28,2,6,108.26,0.4941,-0.0447,13,16,5,0,0,305,5,0
USR_03210,21,0.75,27,2,2,931.3,0.6214,0.145,17,17,7,0,0,1153,4,0
USR_03211,10,0.5263,25,1,32,119.62,0.5927,0.843,8,9,3,0,0,353,9,0
USR_03212,10,0.6667,0,1,24,670.81,0.381,-0.1433,8,8,3,0,0,430,6,0
USR_03213,9,0.75,25,1,11,1008.21,0.7165,0.0178,7,10,3,1,0,1158,5,0
USR_03214,11,0.5238,18,1,33,850.8,0.8386,0.3837,9,10,3,1,0,687,10,0
USR_03215,7,1.0,13,0,82,404.97,0.2912,0.0456,6,6,2,1,0,339,0,0
USR_03216,9,0.5625,24,1,10,816.92,0.7489,0.0342,8,10,3,0,1,36,7,0
USR_03217,20,0.8333,24,2,31,312.98,0.2765,0.6487,16,20,6,1,0,533,7,0
USR_03218,22,0.8148,28,2,38,2009.46,0.8341,0.4025,18,19,7,1,1,1183,2,0
USR_03219,5,0.4545,17,0,151,1293.39,0.9279,0.6746,4,4,1,0,1,536,1,0
USR_03220,4,0.4,21,0,137,311.31,0.695,-0.1618,3,6,1,0,0,848,1,0
USR_03221,24,0.8889,8,3,6,2001.18,0.529,0.2832,20,20,8,1,0,326,1,0
USR_03222,10,0.9091,20,1,2,777.19,0.5826,0.0398,8,9,3,1,0,937,4,0
USR_03223,2,0.2222,12,0,196,269.42,0.748,-0.0102,2,2,0,1,0,937,0,0
USR_03224,14,0.7778,19,1,15,1692.67,0.5938,0.0204,12,15,4,0,1,741,6,0
USR_03225,8,1.0,12,1,17,2477.12,0.1918,0.2398,7,8,2,1,1,933,0,0
USR_03226,4,0.25,5,0,136,542.07,0.4218,0.0364,3,6,1,0,1,707,0,0
USR_03227,12,0.6316,10,1,44,891.39,0.6514,-0.2288,10,10,4,1,0,472,2,0
USR_03228,10,0.9091,10,1,28,658.2,0.5088,-0.2246,9,11,3,1,0,893,1,0
USR_03229,12,0.7059,7,1,43,1057.32,0.6235,-0.3229,10,14,4,1,0,1007,13,0
USR_03230,7,0.875,3,1,43,1256.22,0.3495,0.0243,6,9,2,1,0,1014,2,0
USR_03231,19,0.5758,11,2,20,1463.88,0.438,0.2128,16,17,6,0,0,279,1,0
USR_03232,16,0.6957,15,2,11,151.67,0.6946,0.3561,14,17,5,0,0,821,1,0
USR_03233,12,0.48,17,1,18,439.41,0.4504,0.1683,10,12,4,0,0,35,3,0
USR_03234,12,0.7059,18,1,0,1439.81,0.2752,0.0941,10,10,4,0,0,699,5,0
USR_03235,12,0.4615,5,1,29,380.49,0.4761,0.3686,10,11,4,0,0,698,9,0
USR_03236,13,0.4815,4,1,39,878.09,0.4929,-0.3978,11,11,4,1,0,455,2,0
USR_03237,9,0.5,4,1,37,319.54,0.6899,0.1794,8,8,3,0,0,1193,5,0
USR_03238,15,0.7143,20,2,11,1144.04,0.7042,0.1525,12,13,5,0,1,1063,4,0
USR_03239,14,0.5,20,1,26,685.39,0.5699,-0.3317,12,12,4,0,1,75,10,0
USR_03240,3,0.2727,15,0,167,1078.36,0.8131,-0.5415,2,4,1,0,0,274,5,0
USR_03241,13,0.8667,15,1,32,912.31,0.9166,0.0004,11,13,4,1,1,273,2,0
USR_03242,15,0.9375,19,2,2,216.12,0.3992,0.2194,12,16,5,0,0,1080,7,0
USR_03243,10,0.5882,10,1,1,3554.39,0.2261,-0.388,8,9,3,1,0,637,10,0
USR_03244,9,0.75,22,1,40,233.62,0.3519,-0.179,8,8,3,0,0,882,3,0
USR_03245,19,0.6333,27,2,39,4857.63,0.5503,-0.0024,16,18,6,0,0,977,13,0
USR_03246,1,0.1111,7,0,166,118.13,0.5576,0.3239,1,5,0,1,0,928,11,0
USR_03247,11,0.6111,13,1,24,702.37,0.8659,0.143,9,13,3,0,1,134,1,0
USR_03248,18,0.8182,9,2,43,215.71,0.8996,0.1374,15,19,6,1,0,194,9,0
USR_03249,14,0.8235,9,1,22,2422.61,0.8516,-0.0702,12,16,4,0,0,492,5,0
USR_03250,3,0.5,11,0,181,295.44,0.6164,0.4632,3,6,1,1,0,425,4,0
USR_03251,10,0.5263,6,1,9,277.0,0.0795,0.1319,9,13,3,0,0,904,4,0
USR_03252,8,0.4211,10,1,15,683.57,0.8466,-0.1546,7,8,2,0,0,212,10,0
USR_03253,12,0.4615,9,1,6,2088.5,0.4143,-0.1198,10,11,4,0,0,464,5,0
USR_03254,7,0.4118,24,1,23,1783.46,0.4561,-0.0328,6,9,2,0,0,306,4,0
USR_03255,11,0.6111,8,1,16,556.59,0.045,-0.0771,9,9,3,1,0,250,0,0
USR_03256,12,0.5455,2,1,31,514.72,0.8738,-0.5038,10,11,4,1,0,232,3,0
USR_03257,8,0.7273,26,1,41,1009.52,0.7943,-0.1544,7,9,2,1,0,258,12,0
USR_03258,11,0.4583,27,1,37,634.84,0.6374,0.1461,9,10,3,0,1,690,7,0
USR_03259,1,1.0,26,0,163,709.47,0.7115,-0.2297,1,4,0,0,0,509,0,0
USR_03260,1,0.0714,5,0,146,593.85,0.5438,0.0397,1,2,0,0,0,539,11,0
USR_03261,8,0.8889,12,1,18,1083.95,0.3795,-0.3284,6,6,2,1,0,590,10,0
USR_03262,11,0.44,8,1,28,954.05,0.3585,-0.6361,9,12,3,0,0,897,4,0
USR_03263,25,0.6944,7,3,6,2246.52,0.7281,-0.0866,21,24,8,1,0,1038,0,0
USR_03264,14,0.7,27,1,4,399.62,0.8993,0.0641,12,12,4,1,0,645,5,0
USR_03265,16,0.6957,3,2,2,396.68,0.3549,-0.1537,14,14,5,0,0,781,0,0
USR_03266,4,0.5,18,0,198,617.6,0.5402,-0.2967,3,6,1,1,1,894,2,0
USR_03267,11,0.7857,21,1,27,565.79,0.5047,0.1933,9,10,3,1,1,837,5,0
USR_03268,11,0.7333,2,1,21,1326.49,0.8087,-0.0085,9,11,3,0,0,187,12,0
USR_03269,8,0.4,26,1,43,286.03,0.6396,0.1941,7,11,2,0,0,1180,2,0
USR_03270,7,0.7,6,1,3,1837.29,0.6573,0.5706,6,7,2,0,1,222,10,0
USR_03271,10,0.625,12,1,20,529.76,0.428,0.1403,8,11,3,0,1,511,12,0
USR_03272,17,0.6296,16,2,17,1711.37,0.7275,0.1429,14,18,5,0,0,793,0,0
USR_03273,4,0.2667,26,0,174,5000.0,0.8705,-0.2142,3,6,1,0,0,501,1,0
USR_03274,18,0.8182,29,2,24,1512.01,0.587,-0.0065,15,19,6,1,0,314,7,0
USR_03275,12,0.5,7,1,16,1096.51,0.4061,-0.3703,10,14,4,1,0,1110,8,0
USR_03276,8,0.8,12,1,9,1623.82,0.8379,-0.297,7,11,2,0,0,113,3,0
USR_03277,6,0.375,18,0,135,525.62,0.38,0.0878,5,6,2,1,1,317,6,0
USR_03278,13,0.9286,12,1,9,820.9,0.697,-0.0901,11,11,4,1,0,1191,5,0
USR_03279,4,0.2222,2,0,112,388.47,0.4781,-0.1759,3,6,1,0,0,883,8,0
USR_03280,13,0.9286,23,1,16,408.74,0.772,0.0376,10,10,4,1,0,131,7,0
USR_03281,14,0.5185,16,1,20,851.26,0.4488,-0.1657,11,14,4,1,0,912,0,0
USR_03282,1,0.0833,3,0,172,718.07,0.4209,-0.0765,0,2,0,0,1,1164,0,0
USR_03283,13,0.9286,19,1,41,939.29,0.6064,0.0872,11,14,4,1,1,144,0,0
USR_03284,3,0.2143,27,0,139,740.54,0.6272,-0.1406,2,3,1,0,0,514,12,0
USR_03285,0,0.0,37,0,101,530.65,0.3063,-0.2832,0,1,0,0,1,577,12,0
USR_03286,9,0.3913,14,1,28,1392.68,0.7175,0.375,7,8,3,0,1,183,9,0
USR_03287,15,0.5172,23,2,5,405.86,0.7547,0.5817,13,13,5,0,0,264,0,0
USR_03288,11,0.4583,8,1,6,813.12,0.449,-0.0001,9,12,3,0,0,233,5,0
USR_03289,14,0.6087,2,1,5,1665.9,0.4819,-0.0502,12,13,4,0,0,246,1,0
USR_03290,17,0.5667,14,2,41,1173.3,0.5485,0.0107,14,18,5,0,0,502,2,0
USR_03291,18,0.75,8,2,24,649.93,0.6029,-0.2082,15,19,6,0,0,572,1,0
USR_03292,7,1.0,14,1,6,158.09,0.6046,0.3481,6,7,2,0,1,308,10,0
USR_03293,7,0.3684,20,1,36,506.7,0.5422,0.2837,6,9,2,1,0,368,0,0
USR_03294,7,1.0,25,1,41,3639.43,0.3302,-0.1398,6,6,2,1,0,254,6,0
USR_03295,6,0.4,17,0,139,545.4,0.6445,-0.0989,5,6,2,0,1,961,13,0
USR_03296,11,0.5789,18,1,25,662.42,0.5629,0.1148,9,10,3,0,0,277,6,0
USR_03297,20,0.8,28,2,36,761.78,0.6394,0.3534,17,18,6,0,1,1091,0,0
USR_03298,20,0.6452,27,2,19,936.22,0.7126,0.1317,17,17,6,0,1,660,12,0
USR_03299,9,0.6923,23,1,3,393.79,0.5387,0.1707,8,10,3,0,0,969,6,0
USR_03300,5,0.2778,27,0,182,1219.77,0.4826,0.1273,4,4,1,0,1,774,3,0
USR_03301,9,0.4286,14,1,14,922.44,0.9,0.0628,7,11,3,0,0,341,6,0
USR_03302,13,0.5,23,1,29,167.68,0.3084,0.1159,10,14,4,0,0,733,11,0
USR_03303,13,0.52,16,1,2,86.89,0.7556,0.2399,11,12,4,1,0,350,4,0
USR_03304,12,0.5,18,1,15,432.88,0.9721,0.0999,10,10,4,1,1,168,4,0
USR_03305,11,0.4583,19,1,16,252.48,0.4694,-0.0594,9,11,3,1,0,328,3,0
USR_03306,11,0.4583,2,1,14,851.89,0.6919,0.7106,9,10,3,1,1,352,0,0
USR_03307,24,0.6857,0,3,25,493.0,0.2758,-0.4723,20,24,8,0,0,187,9,0
USR_03308,24,0.6857,28,3,19,968.84,0.7079,0.2686,20,24,8,0,0,57,0,0
USR_03309,9,0.8182,10,1,41,979.03,0.9105,-0.142,8,10,3,0,0,1134,3,0
USR_03310,11,0.8462,1,1,32,297.5,0.7568,-0.4908,9,12,3,1,0,630,3,0
USR_03311,8,0.6154,3,1,20,497.0,0.5266,-0.6092,7,9,2,1,1,500,2,0
USR_03312,22,0.8148,1,2,12,427.25,0.4369,-0.0542,18,19,7,1,0,1118,3,0
USR_03313,19,0.8261,7,2,16,1403.11,0.7015,0.6164,16,19,6,1,1,292,5,0
USR_03314,3,0.4286,21,0,76,577.93,0.6136,0.5525,3,5,1,0,0,501,2,0
USR_03315,17,0.85,24,2,30,1809.45,0.9519,-0.1648,14,17,5,1,0,1020,0,0
USR_03316,20,0.7143,1,2,41,1891.8,0.5785,-0.1769,16,17,6,0,1,769,10,0
USR_03317,21,0.6562,16,2,32,596.78,0.716,-0.115,17,18,7,1,1,497,13,0
USR_03318,6,0.3333,19,0,41,414.1,0.6245,0.0658,5,5,2,1,0,329,3,0
USR_03319,14,0.9333,25,1,7,330.13,0.7576,0.5832,12,16,4,0,1,71,2,0
USR_03320,8,0.5,27,1,3,1173.75,0.5341,0.2898,6,8,2,0,0,129,0,0
USR_03321,8,0.5333,26,1,31,613.83,0.404,0.2,7,8,2,0,1,219,0,0
USR_03322,8,0.4211,21,1,44,371.26,0.4362,0.0813,7,11,2,1,1,950,3,0
USR_03323,3,0.2,24,0,89,1363.3,0.6298,-0.5697,2,2,1,0,0,777,12,0
USR_03324,12,0.75,22,1,20,1383.43,0.4024,-0.5748,10,12,4,1,0,537,8,0
USR_03325,12,0.5217,22,1,22,311.44,0.7141,-0.2278,10,12,4,0,0,945,2,0
USR_03326,12,0.6,27,1,6,888.23,0.7698,-0.3615,10,12,4,0,1,218,13,0
USR_03327,16,0.8,4,2,44,1065.25,0.6825,-0.4953,13,15,5,0,0,276,3,0
USR_03328,20,0.7143,2,2,2,2594.78,0.5465,0.2921,16,19,6,0,1,489,2,0
USR_03329,2,1.0,8,0,129,582.88,0.3489,-0.0669,1,2,0,1,1,1103,3,0
USR_03330,5,1.0,28,0,63,665.24,0.7929,-0.2532,4,7,1,1,0,748,1,0
USR_03331,5,0.4545,21,0,93,1128.71,0.226,-0.3837,4,5,1,0,0,1025,11,0
USR_03332,21,0.6,14,2,32,1835.64,0.894,0.2226,18,20,7,1,0,320,2,0
USR_03333,15,0.6522,9,2,36,916.44,0.6228,-0.0161,12,14,5,0,0,1022,6,0
USR_03334,14,0.5833,5,1,32,796.61,0.4901,-0.4428,12,13,4,0,0,114,3,0
USR_03335,11,0.4783,11,1,29,424.52,0.336,-0.1345,9,11,3,0,0,296,12,0
USR_03336,2,0.25,28,0,148,513.42,0.8859,0.5644,2,6,0,0,0,641,6,0
USR_03337,15,0.6818,28,2,1,590.41,0.7481,0.3097,13,16,5,1,0,89,4,0
USR_03338,11,0.7333,29,1,37,1165.61,0.6764,0.018,9,9,3,0,0,1034,0,0
USR_03339,4,0.5714,21,0,197,952.42,0.5755,0.1134,3,6,1,0,0,1044,12,0
USR_03340,8,0.381,17,1,17,383.23,0.5684,-0.133,7,8,2,1,1,663,4,0
USR_03341,4,0.2857,3,0,181,1312.66,0.7387,-0.0806,4,8,1,1,0,387,2,0
USR_03342,15,0.9375,17,2,3,580.99,0.5679,-0.3403,13,16,5,1,1,145,11,0
USR_03343,9,0.6,21,1,8,587.65,0.659,-0.2048,8,11,3,1,1,754,0,0
USR_03344,13,0.5417,12,1,41,1229.59,0.7509,0.1473,11,15,4,0,1,659,2,0
USR_03345,15,0.5556,23,2,43,1358.59,0.3041,0.4289,13,14,5,0,0,919,4,0
USR_03346,5,0.3571,17,0,37,877.18,0.1144,0.1052,4,7,1,1,0,734,2,0
USR_03347,3,1.0,27,0,179,2972.77,0.6642,0.2925,2,6,1,1,0,180,4,0
USR_03348,2,0.2857,3,0,153,148.44,0.4497,-0.6165,2,6,0,0,0,172,1,0
USR_03349,15,0.7143,20,2,25,1440.18,0.5279,0.1446,12,13,5,0,1,943,0,0
USR_03350,20,0.9091,10,2,14,299.02,0.9856,0.1014,17,19,6,1,1,216,0,0
USR_03351,13,0.6842,2,1,3,656.21,0.9197,-0.2323,11,13,4,1,1,1128,0,0
USR_03352,7,0.5833,9,0,60,678.31,0.2203,-0.0192,6,7,2,1,0,153,13,0
USR_03353,14,0.6364,22,1,34,639.28,0.8179,0.4001,12,13,4,0,1,882,5,0
USR_03354,2,0.3333,5,0,139,323.09,0.735,0.1277,1,3,0,0,0,1171,4,0
USR_03355,8,0.6154,19,1,27,225.99,0.495,-0.0982,7,9,2,0,1,546,3,0
USR_03356,20,0.6061,6,2,4,143.84,0.5626,0.551,17,18,6,1,1,96,7,0
USR_03357,8,0.5714,13,1,18,567.13,0.6993,0.0075,7,8,2,1,0,1055,0,0
USR_03358,13,0.8667,4,1,20,746.16,0.4648,0.455,11,14,4,0,0,249,2,0
USR_03359,25,0.6944,22,3,4,1077.48,0.4473,-0.1162,21,23,8,1,0,647,6,0
USR_03360,5,0.625,26,0,111,1695.98,0.6838,0.0114,4,8,1,0,0,1181,4,0
USR_03361,21,0.913,15,2,20,1311.79,0.4647,0.4452,17,19,7,0,0,901,9,0
USR_03362,9,0.45,11,1,11,1476.34,0.5588,-0.2934,8,11,3,0,1,84,11,0
USR_03363,7,0.7,27,1,15,300.78,0.7818,0.7108,6,8,2,1,0,989,10,0
USR_03364,4,1.0,28,0,110,1620.18,0.204,-0.2246,3,4,1,0,0,218,1,0
USR_03365,14,0.9333,27,1,8,903.54,0.2677,0.2017,12,15,4,1,1,906,0,0
USR_03366,3,0.2143,23,0,103,236.88,0.5616,0.1614,2,2,1,1,0,756,0,0
USR_03367,3,0.5,6,0,35,1577.5,0.2204,-0.3368,2,5,1,0,1,366,9,0
USR_03368,6,0.5455,4,0,144,330.72,0.6062,-0.4585,5,8,2,0,1,525,12,0
USR_03369,15,0.6818,13,2,38,292.41,0.509,-0.3836,13,15,5,0,0,167,12,0
USR_03370,8,0.6667,17,1,13,2300.7,0.583,-0.0601,7,9,2,1,0,1184,2,0
USR_03371,6,0.75,5,0,76,811.05,0.6653,0.2062,5,9,2,0,0,308,10,0
USR_03372,18,0.9474,4,2,25,290.79,0.7517,-0.0846,15,19,6,0,0,391,4,0
USR_03373,2,0.6667,9,0,58,435.49,0.8129,-0.1629,2,3,0,0,0,618,10,0
USR_03374,19,0.5938,10,2,28,1561.02,0.2638,-0.1921,16,20,6,1,0,816,4,0
USR_03375,11,0.44,6,1,7,256.22,0.287,-0.0622,9,11,3,0,1,621,0,0
USR_03376,9,0.5,13,1,33,597.82,0.4902,-0.1031,7,7,3,1,1,621,0,0
USR_03377,5,0.4545,15,0,159,597.55,0.2764,-0.1377,4,4,1,0,0,711,13,0
USR_03378,12,0.5,2,1,17,5000.0,0.4478,-0.3069,10,10,4,1,0,1033,3,0
USR_03379,5,0.2941,0,0,101,208.59,0.4921,-0.2478,4,8,1,0,0,492,2,0
USR_03380,18,0.75,1,2,7,215.6,0.7411,0.2492,15,18,6,0,0,1003,2,0
USR_03381,14,0.56,23,1,2,425.28,0.7751,-0.207,12,12,4,0,0,950,3,0
USR_03382,22,0.9565,24,3,43,401.14,0.5423,0.2442,18,19,7,0,1,1154,12,0
USR_03383,6,0.75,4,0,81,688.34,0.6872,0.0346,5,8,2,0,0,1098,0,0
USR_03384,3,0.2,28,0,119,459.0,0.556,0.5741,3,4,1,0,0,963,0,0
USR_03385,5,0.4167,8,0,164,1317.84,0.5112,0.0463,4,8,1,0,0,318,9,0
USR_03386,25,0.6757,26,3,21,718.09,0.6389,0.1741,21,22,8,1,0,935,4,0
USR_03387,12,0.6,5,1,33,309.18,0.2284,-0.3168,10,11,4,1,1,891,0,0
USR_03388,12,0.9231,24,1,11,553.5,0.6484,-0.4128,10,10,4,1,0,368,0,0
USR_03389,9,0.8182,10,1,38,539.41,0.6005,0.5707,7,8,3,0,0,823,1,0
USR_03390,18,0.72,23,2,27,1672.08,0.8439,0.2743,15,17,6,1,1,325,1,0
USR_03391,5,0.8333,2,0,154,1338.54,0.8035,-0.387,4,6,1,0,0,642,0,0
USR_03392,10,0.4545,17,1,17,1185.92,0.4778,0.1944,9,12,3,1,1,962,1,0
USR_03393,13,0.8125,25,1,24,374.62,0.8413,0.2225,11,15,4,0,1,250,8,0
USR_03394,18,0.6429,3,2,10,861.05,0.9062,0.4831,15,16,6,0,0,424,10,0
USR_03395,13,0.8125,12,1,17,266.83,0.6679,-0.2572,11,15,4,1,1,960,11,0
USR_03396,20,0.6452,26,2,40,1129.98,0.3712,-0.0461,17,19,6,1,1,560,3,0
USR_03397,5,0.5556,27,0,125,1773.98,0.4434,-0.1525,4,5,1,0,0,1153,2,0
USR_03398,8,0.5333,15,1,18,126.28,0.45,0.0657,7,11,2,1,1,39,13,0
USR_03399,19,0.8636,1,2,33,626.87,0.2145,-0.1181,16,20,6,0,0,874,8,0
USR_03400,11,0.4583,28,1,12,626.35,0.4274,0.2144,9,12,3,0,1,982,4,0
USR_03401,18,0.6923,5,2,36,1390.73,0.855,-0.4174,15,17,6,0,0,1103,1,0
USR_03402,10,0.5882,12,1,12,420.03,0.9319,0.0515,9,11,3,0,0,213,2,0
USR_03403,13,0.7647,25,1,42,415.36,0.4183,-0.4192,11,14,4,0,1,1181,4,0
USR_03404,3,0.6,3,0,143,767.38,0.7337,0.3506,2,6,1,0,0,488,4,0
USR_03405,16,0.5926,13,2,44,1098.28,0.5102,-0.0788,14,15,5,0,1,441,0,0
USR_03406,13,1.0,18,1,25,796.52,0.4587,-0.049,11,14,4,0,1,445,13,0
USR_03407,4,1.0,1,0,75,1367.42,0.3814,0.2485,3,4,1,0,1,776,5,0
USR_03408,10,0.5263,14,1,30,1172.67,0.7823,0.0622,8,12,3,0,0,801,5,0
USR_03409,6,0.4,1,0,174,446.9,0.6534,0.0016,5,5,2,0,0,584,1,0
USR_03410,23,0.8519,19,3,1,688.99,0.6022,-0.1795,19,19,7,0,0,113,8,0
USR_03411,8,0.4211,26,1,43,1049.58,0.5815,-0.0617,7,10,2,1,1,1184,8,0
USR_03412,2,1.0,6,0,72,358.94,0.7488,-0.2907,2,3,0,0,0,289,0,0
USR_03413,19,0.76,7,2,5,392.87,0.6806,-0.3015,15,16,6,1,0,139,5,0
USR_03414,16,0.5517,3,2,27,210.65,0.3375,0.1031,13,14,5,1,0,728,6,0
USR_03415,9,0.6923,12,1,12,1740.45,0.0827,-0.4015,7,10,3,1,0,512,10,0
USR_03416,11,0.5,0,1,15,3836.78,0.5697,-0.0645,9,11,3,0,0,750,1,0
USR_03417,14,0.7778,26,1,37,394.14,0.7119,0.0694,11,14,4,1,0,1054,11,0
USR_03418,14,0.8235,2,1,24,1074.03,0.4479,0.1034,12,15,4,0,1,143,3,0
USR_03419,9,0.6923,20,1,23,1841.09,0.6108,-0.6905,8,11,3,0,0,362,0,0
USR_03420,13,0.7647,9,1,25,266.49,0.4108,-0.1992,11,12,4,0,0,634,0,0
USR_03421,17,0.9444,23,2,10,896.22,0.332,0.2462,14,14,5,0,0,951,1,0
USR_03422,3,0.1875,1,0,127,1962.86,0.5139,0.1736,2,6,1,1,1,732,2,0
USR_03423,4,0.3333,14,0,189,550.35,0.6592,0.013,4,4,1,1,0,477,4,0
USR_03424,7,0.3333,2,1,17,638.59,0.1998,-0.1576,6,10,2,0,0,743,8,0
USR_03425,4,0.3077,20,0,125,2057.91,0.5681,-0.0584,3,5,1,1,0,1176,1,0
USR_03426,24,0.6486,5,3,26,486.12,0.839,0.114,20,20,8,0,0,591,13,0
USR_03427,4,0.4444,17,0,174,431.21,0.8189,-0.1114,3,5,1,1,0,1063,0,0
USR_03428,17,0.8947,12,2,34,589.29,0.434,0.1512,14,14,5,1,0,942,5,0
USR_03429,3,0.1765,5,0,60,2935.71,0.6317,0.2846,2,3,1,1,0,382,12,0
USR_03430,6,0.3333,5,0,105,1296.96,0.366,-0.1023,5,9,2,1,0,321,10,0
USR_03431,16,0.5517,17,2,12,1055.53,0.8475,0.1687,13,13,5,1,0,931,6,0
USR_03432,19,0.5938,6,2,32,1046.71,0.6324,-0.1566,16,19,6,0,1,272,7,0
USR_03433,4,0.5,27,0,159,281.58,0.8792,-0.1078,3,3,1,1,0,424,0,0
USR_03434,15,0.6522,22,2,31,1080.87,0.4579,0.1771,12,16,5,1,0,305,0,0
USR_03435,2,0.1667,10,0,90,492.34,0.6272,0.5821,1,3,0,1,0,739,3,0
USR_03436,4,0.2353,11,0,32,594.63,0.372,-0.0641,3,3,1,0,0,374,0,0
USR_03437,17,0.9444,14,2,31,570.75,0.7602,0.7141,14,18,5,0,0,800,2,0
USR_03438,23,0.6389,24,3,11,1481.6,0.3107,-0.163,19,20,7,0,0,1123,1,0
USR_03439,19,0.6333,12,2,14,3019.53,0.5758,0.3175,16,17,6,1,0,1000,12,0
USR_03440,19,0.7308,12,2,14,336.87,0.9389,0.3115,15,18,6,0,0,1139,11,0
USR_03441,13,0.5417,20,1,22,1650.42,0.928,0.3755,11,11,4,1,0,58,10,0
USR_03442,8,0.6667,7,1,15,623.65,0.8267,-0.1096,7,11,2,1,0,562,7,0
USR_03443,21,0.8077,18,2,36,1325.28,0.5185,0.1552,17,17,7,1,0,287,0,0
USR_03444,13,0.8667,11,1,8,918.93,0.4298,0.0549,11,11,4,1,1,1103,0,0
USR_03445,7,0.5833,14,0,172,442.43,0.7909,-0.0441,5,7,2,0,0,862,6,0
USR_03446,3,0.4286,23,0,105,437.11,0.8929,-0.0207,3,7,1,0,1,404,6,0
USR_03447,7,0.4667,1,0,129,610.58,0.4242,-0.4125,5,5,2,0,0,689,2,0
USR_03448,10,0.625,19,1,40,966.37,0.4662,-0.0208,8,10,3,0,0,738,4,0
USR_03449,9,0.6923,7,1,14,1079.59,0.7873,-0.1229,7,7,3,0,0,609,4,0
USR_03450,17,0.7727,0,2,36,5000.0,0.6162,-0.068,14,17,5,0,0,584,1,0
USR_03451,4,0.3333,9,0,68,1124.88,0.5004,-0.364,3,7,1,0,0,94,2,0
USR_03452,12,0.5217,23,1,12,257.8,0.2804,-0.0904,10,12,4,0,1,559,3,0
USR_03453,1,0.0714,21,0,57,1993.21,0.3549,0.0859,1,3,0,1,1,437,5,0
USR_03454,7,0.7,7,0,117,1174.65,0.7558,-0.2682,6,8,2,0,1,987,13,0
USR_03455,21,0.7778,11,2,41,640.49,0.4213,0.0972,18,22,7,0,1,1042,4,0
USR_03456,6,0.375,26,0,54,300.71,0.759,0.0345,5,6,2,0,0,907,8,0
USR_03457,15,0.8333,11,2,38,584.05,0.4379,-0.1027,13,16,5,0,0,66,9,0
USR_03458,3,0.2143,7,0,51,1862.89,0.4729,0.1744,2,5,1,0,0,1014,0,0
USR_03459,7,0.4667,13,0,35,1088.27,0.3524,0.2912,5,6,2,1,0,493,6,0
USR_03460,11,0.8462,23,1,19,2162.84,0.8137,-0.1329,9,10,3,0,0,517,4,0
USR_03461,18,0.6667,12,2,2,2072.95,0.5127,-0.2095,15,17,6,1,0,1135,5,0
USR_03462,13,0.8667,15,1,24,861.07,0.6087,0.1868,11,14,4,0,0,1044,0,0
USR_03463,12,0.6316,21,1,18,58.78,0.9126,-0.1796,10,11,4,0,1,89,12,0
USR_03464,5,0.5556,25,0,159,354.65,0.8927,-0.3606,4,4,1,0,1,451,13,0
USR_03465,11,1.0,20,1,36,212.66,0.565,0.2108,9,9,3,0,0,907,0,0
USR_03466,11,0.5238,12,1,36,2268.49,0.6586,-0.1587,9,10,3,1,0,660,1,0
USR_03467,10,0.5,22,1,36,1101.2,0.5704,0.1544,8,10,3,0,0,331,1,0
USR_03468,19,0.8261,23,2,37,613.52,0.294,-0.3971,16,17,6,0,1,643,9,0
USR_03469,5,1.0,6,0,167,480.57,0.2905,0.0723,4,8,1,1,0,1043,5,0
USR_03470,3,0.1875,20,0,87,1734.86,0.6266,0.0021,2,3,1,0,0,291,0,0
USR_03471,11,0.6471,22,1,12,355.02,0.6555,0.2429,9,12,3,0,1,902,10,0
USR_03472,16,0.5714,9,2,27,259.41,0.6584,-0.5207,13,16,5,1,0,889,2,0
USR_03473,13,0.6842,8,1,24,242.14,0.4041,-0.3891,11,11,4,0,0,1066,3,0
USR_03474,16,0.5926,20,2,2,793.56,0.4135,0.3665,13,13,5,1,1,378,3,0
USR_03475,21,0.6364,0,2,33,379.17,0.6682,-0.0292,18,19,7,1,1,282,4,0
USR_03476,7,0.4118,8,0,157,1615.54,0.5885,-0.3451,6,7,2,1,1,670,4,0
USR_03477,4,0.25,19,0,65,717.52,0.6001,0.1209,3,6,1,0,1,651,2,0
USR_03478,18,1.0,13,2,10,235.66,0.4626,-0.1522,15,16,6,1,0,509,3,0
USR_03479,8,0.4211,0,1,11,591.29,0.6246,-0.2133,7,10,2,0,0,941,12,0
USR_03480,11,0.5238,3,1,1,327.17,0.6757,0.4962,9,9,3,0,0,964,4,0
USR_03481,14,0.5385,2,1,0,643.42,0.8606,-0.1381,11,12,4,0,0,317,12,0
USR_03482,14,0.6087,15,1,32,1696.99,0.6757,-0.5982,11,14,4,0,1,960,4,0
USR_03483,26,0.8966,1,3,39,625.4,0.6825,-0.1031,22,24,8,1,0,299,8,0
USR_03484,14,0.6087,22,1,17,413.96,0.4813,-0.2414,11,15,4,0,1,506,2,0
USR_03485,3,0.2308,18,0,34,1005.3,0.9237,-0.713,3,6,1,0,1,61,9,0
USR_03486,24,0.6316,15,3,17,500.21,0.3671,0.1966,20,21,8,0,1,428,1,0
USR_03487,19,0.6333,6,2,37,1078.37,0.5104,0.3737,16,20,6,0,1,1151,0,0
USR_03488,12,0.5,5,1,37,913.15,0.871,0.1022,10,14,4,0,0,547,0,0
USR_03489,15,0.5769,24,2,39,302.12,0.7698,-0.0561,13,14,5,1,0,860,0,0
USR_03490,7,0.875,18,1,3,245.39,0.8078,-0.1408,6,10,2,0,0,156,12,0
USR_03491,16,0.5926,10,2,42,521.23,0.797,-0.0636,13,13,5,0,0,773,13,0
USR_03492,5,0.3333,6,0,34,972.62,0.6795,0.2527,4,8,1,0,0,464,8,0
USR_03493,10,0.8333,10,1,15,2793.44,0.9233,-0.6335,8,11,3,1,1,900,0,0
USR_03494,7,0.7778,9,1,13,282.48,0.6155,-0.014,6,8,2,1,1,1115,11,0
USR_03495,13,0.8125,15,1,29,311.24,0.6602,0.309,10,12,4,0,1,651,8,0
USR_03496,12,0.6,7,1,11,1516.51,0.6216,-0.4063,10,14,4,0,0,150,2,0
USR_03497,3,0.2143,23,0,121,807.71,0.3127,0.2699,2,4,1,0,0,587,4,0
USR_03498,14,0.5185,1,1,40,598.79,0.5281,0.477,11,13,4,0,0,174,6,0
USR_03499,3,0.6,20,0,165,1182.37,0.9583,-0.1792,3,4,1,0,0,555,0,0
USR_03500,16,0.5333,0,2,39,1863.23,0.6759,-0.4119,13,14,5,0,1,101,4,0
USR_03501,14,0.9333,6,1,19,1582.84,0.4041,-0.1915,12,14,4,0,0,779,8,0
USR_03502,6,0.4286,28,0,160,393.33,0.8134,0.1001,5,5,2,0,0,393,1,0
USR_03503,3,0.1765,22,0,45,980.18,0.6175,0.741,2,2,1,1,0,265,3,0
USR_03504,15,0.7143,29,2,8,1704.75,0.7461,-0.2375,12,15,5,1,1,50,4,0
USR_03505,17,0.5484,15,2,8,547.31,0.359,-0.2226,14,14,5,0,1,1069,8,0
USR_03506,7,0.4375,4,0,61,930.4,0.8633,-0.0376,5,7,2,1,0,1009,13,0
USR_03507,11,0.6875,29,1,16,431.69,0.4983,0.0351,9,13,3,0,0,979,10,0
USR_03508,9,0.4091,22,1,4,322.04,0.4683,-0.0075,7,10,3,1,0,98,5,0
USR_03509,27,1.0,15,3,19,962.11,0.7557,-0.5027,23,23,9,1,0,438,5,0
USR_03510,9,0.45,23,1,21,1446.47,0.5145,-0.3701,7,7,3,0,0,1166,5,0
USR_03511,12,0.7059,8,1,35,1273.66,0.6287,0.2411,10,11,4,1,0,706,4,0
USR_03512,23,0.697,23,3,32,237.4,0.7144,0.384,19,21,7,1,0,180,0,0
USR_03513,6,1.0,22,0,143,1980.24,0.722,-0.4006,5,7,2,0,0,195,7,0
USR_03514,12,0.48,4,1,1,1104.15,0.1255,0.3639,10,12,4,0,1,337,7,0
USR_03515,12,0.8571,0,1,32,1711.09,0.7482,-0.6985,10,12,4,0,1,1167,4,0
USR_03516,13,0.5909,25,1,12,330.55,0.7401,0.0776,11,14,4,1,1,228,11,0
USR_03517,8,0.7273,21,1,36,1365.25,0.5212,-0.1019,7,11,2,0,0,1086,6,0
USR_03518,26,0.6667,8,3,40,1163.19,0.3858,0.104,21,24,8,1,0,823,2,0
USR_03519,15,0.5556,16,2,4,253.71,0.3538,-0.4099,13,14,5,0,1,1108,0,0
USR_03520,9,0.4286,0,1,23,994.46,0.3228,0.2399,8,12,3,1,0,996,0,0
USR_03521,5,0.5,5,0,169,306.62,0.6849,-0.0971,4,7,1,0,0,418,2,0
USR_03522,16,0.8889,2,2,12,708.64,0.3298,-0.235,13,17,5,1,0,998,3,0
USR_03523,12,1.0,0,1,11,4473.32,0.4738,-0.1414,10,12,4,1,0,227,0,0
USR_03524,12,0.8,4,1,6,883.13,0.8415,0.2168,10,11,4,0,1,370,1,0
USR_03525,16,0.64,1,2,18,639.64,0.7552,-0.0237,13,16,5,0,0,277,1,0
USR_03526,12,0.7059,28,1,31,213.7,0.6911,0.0935,10,12,4,0,1,185,9,0
USR_03527,11,0.9167,2,1,31,883.75,0.7465,0.2032,9,13,3,1,0,135,9,0
USR_03528,7,0.3333,3,1,34,620.85,0.4552,-0.2209,6,6,2,1,1,249,3,0
USR_03529,20,0.6061,14,2,42,140.38,0.8015,-0.1937,17,21,6,0,0,170,0,0
USR_03530,15,0.7143,18,2,28,292.94,0.5628,0.7723,13,16,5,0,0,475,0,0
USR_03531,5,0.625,21,0,65,1429.51,0.8671,-0.4067,4,8,1,0,0,113,0,0
USR_03532,14,0.7,2,1,12,1970.45,0.735,-0.6448,12,16,4,0,0,101,3,0
USR_03533,12,0.8,4,1,25,744.05,0.8559,-0.2411,10,14,4,0,0,1188,0,0
USR_03534,16,0.9412,0,2,19,1575.2,0.7311,-0.0997,13,14,5,0,0,132,2,0
USR_03535,11,0.6875,4,1,4,720.85,0.7085,0.215,9,12,3,0,0,116,13,0
USR_03536,3,0.6,5,0,171,383.3,0.8686,-0.205,3,7,1,0,0,65,4,0
USR_03537,8,0.8889,24,1,30,4083.14,0.8172,0.2252,6,9,2,0,0,185,10,0
USR_03538,11,0.44,17,1,7,226.84,0.7931,-0.1507,9,9,3,0,1,647,0,0
USR_03539,9,1.0,6,1,10,984.92,0.5777,0.1475,7,9,3,1,1,997,1,0
USR_03540,14,0.5385,3,1,12,417.11,0.679,0.3257,12,15,4,1,0,889,12,0
USR_03541,9,0.4091,24,1,21,594.25,0.1148,-0.1947,7,8,3,1,1,708,3,0
USR_03542,11,0.6471,21,1,36,2502.71,0.6054,0.2483,9,11,3,1,0,129,6,0
USR_03543,13,0.52,2,1,14,727.72,0.6545,-0.3537,11,15,4,1,0,936,13,0
USR_03544,6,0.4615,16,0,140,541.9,0.9682,0.0136,5,7,2,0,1,73,4,0
USR_03545,6,0.3158,25,0,99,453.54,0.805,0.051,5,8,2,1,0,768,2,0
USR_03546,8,0.4,8,1,27,1100.6,0.2401,0.0331,6,6,2,1,0,508,4,0
USR_03547,4,0.2857,21,0,63,329.15,0.7057,0.0672,4,7,1,0,1,1062,0,0
USR_03548,15,0.6522,11,2,3,757.14,0.687,0.054,12,13,5,1,0,389,0,0
USR_03549,19,1.0,4,2,27,630.35,0.6825,-0.9124,16,19,6,0,1,777,0,0
USR_03550,5,0.5556,8,0,176,375.32,0.5355,0.0464,4,5,1,1,0,544,11,0
USR_03551,20,0.5882,10,2,36,223.23,0.3459,-0.5059,17,20,6,1,0,640,6,0
USR_03552,17,0.5667,1,2,42,721.4,0.383,-0.1859,14,17,5,1,0,1128,2,0
USR_03553,12,0.5455,9,1,42,521.12,0.6008,0.2343,10,10,4,1,0,863,1,0
USR_03554,6,0.4615,28,0,160,839.54,0.4934,0.1443,5,9,2,0,0,515,6,0
USR_03555,11,0.6471,4,1,18,123.88,0.9055,0.4319,9,13,3,0,0,553,12,0
USR_03556,12,0.6667,0,1,31,486.16,0.6696,0.109,10,11,4,0,0,854,2,0
USR_03557,5,0.3333,11,0,108,1388.54,0.754,-0.2433,4,4,1,0,0,434,2,0
USR_03558,15,0.8333,28,2,34,187.6,0.3996,-0.4013,12,16,5,0,0,226,10,0
USR_03559,4,0.3333,20,0,48,3144.21,0.541,0.3477,3,6,1,1,0,577,11,0
USR_03560,17,0.6538,15,2,19,938.03,0.258,-0.3345,14,16,5,0,0,109,12,0
USR_03561,23,0.697,21,3,19,626.22,0.3795,-0.363,19,21,7,0,0,228,2,0
USR_03562,11,0.8462,0,1,36,764.33,0.5845,0.0068,9,11,3,0,1,522,0,0
USR_03563,9,0.4286,6,1,37,354.4,0.1777,0.3472,7,8,3,0,1,961,3,0
USR_03564,19,0.76,25,2,43,2181.65,0.75,0.0087,15,17,6,0,0,944,2,0
USR_03565,20,0.5882,21,2,40,808.53,0.6857,-0.1065,16,20,6,1,0,335,11,0
USR_03566,13,0.6842,13,1,5,738.91,0.48,-0.2372,11,12,4,1,0,523,0,0
USR_03567,10,0.4762,7,1,16,1563.11,0.4378,0.1024,8,9,3,0,0,209,6,0
USR_03568,21,0.9545,6,2,18,955.36,0.8702,-0.5498,17,17,7,0,0,913,12,0
USR_03569,5,0.2778,1,0,44,406.84,0.5832,-0.4396,4,8,1,1,1,318,13,0
USR_03570,17,1.0,26,2,1,682.13,0.5698,-0.253,14,14,5,1,1,965,6,0
USR_03571,15,0.6522,5,2,34,1103.41,0.5323,-0.2445,13,15,5,0,0,1015,12,0
USR_03572,7,0.3889,24,1,40,734.29,0.6342,-0.19,6,9,2,1,0,836,0,0
USR_03573,7,0.5833,10,0,153,238.46,0.4303,0.2757,6,10,2,0,0,416,2,0
USR_03574,3,0.1765,27,0,108,2146.64,0.8579,0.3781,3,5,1,1,0,1144,0,0
USR_03575,7,0.4118,1,0,180,796.09,0.9733,-0.2898,5,5,2,0,0,832,13,0
USR_03576,6,0.3158,15,0,142,510.3,0.4661,-0.0932,5,6,2,1,0,785,12,0
USR_03577,3,0.2727,2,0,73,1178.01,0.865,-0.2438,3,7,1,0,0,1031,0,0
USR_03578,12,0.5455,0,1,13,471.28,0.7453,-0.1904,10,10,4,1,1,1061,0,0
USR_03579,10,1.0,10,1,2,205.41,0.6753,0.1473,8,12,3,0,0,120,2,0
USR_03580,20,1.0,19,2,11,696.83,0.6491,0.3267,16,16,6,1,0,1061,1,0
USR_03581,11,0.5789,27,1,24,1194.06,0.5253,0.3611,9,13,3,1,0,925,10,0
USR_03582,17,0.7727,4,2,10,562.69,0.6198,0.001,14,14,5,1,0,271,0,0
USR_03583,12,0.6667,19,1,44,580.39,0.2536,-0.5597,10,12,4,0,1,389,9,0
USR_03584,18,0.6667,24,2,8,601.61,0.2352,-0.4199,15,17,6,0,1,910,4,0
USR_03585,15,0.75,28,2,35,642.78,0.7305,-0.5278,12,16,5,0,1,283,3,0
USR_03586,8,0.3636,8,1,14,784.74,0.033,0.2939,6,8,2,0,0,559,0,0
USR_03587,13,0.5652,1,1,9,1320.77,0.6488,-0.2019,11,12,4,0,1,836,13,0
USR_03588,7,0.4375,28,1,9,1257.08,0.6959,0.0275,6,7,2,1,0,791,5,0
USR_03589,1,0.0714,26,0,139,3545.14,0.8023,0.4427,1,4,0,1,0,1094,3,0
USR_03590,5,1.0,7,0,145,2814.03,0.5043,-0.3344,4,4,1,0,1,160,3,0
USR_03591,11,0.8462,4,1,14,350.11,0.6107,-0.1037,9,11,3,1,1,375,12,0
USR_03592,20,0.625,16,2,14,580.6,0.4509,0.0111,16,17,6,0,0,1182,10,0
USR_03593,10,0.4762,7,1,0,1241.36,0.8795,-0.4474,8,8,3,1,1,695,10,0
USR_03594,18,0.6923,16,2,14,166.17,0.327,0.2326,15,15,6,0,0,320,5,0
USR_03595,12,0.8571,3,1,3,895.8,0.6784,0.3492,10,12,4,0,0,369,11,0
USR_03596,12,0.75,27,1,8,351.05,0.5891,0.1934,10,13,4,1,0,426,2,0
USR_03597,10,0.5556,12,1,32,667.22,0.8319,0.1977,8,9,3,0,0,678,7,0
USR_03598,16,0.9412,4,2,28,702.85,0.66,0.0189,13,16,5,0,1,362,3,0
USR_03599,12,0.5,6,1,24,168.95,0.4849,0.0978,10,10,4,0,0,757,5,0
USR_03600,5,0.5556,19,0,126,4817.9,0.9503,0.3525,4,7,1,0,0,550,13,0
USR_03601,24,0.6486,22,3,31,451.69,0.6898,0.318,20,21,8,0,1,744,13,0
USR_03602,4,0.3333,3,0,83,2199.31,0.6862,0.115,3,6,1,0,1,211,4,0
USR_03603,6,0.6,22,0,93,188.18,0.6888,-0.2649,5,5,2,1,0,759,5,0
USR_03604,13,1.0,28,1,31,411.72,0.0732,-0.7877,11,14,4,0,0,1111,11,0
USR_03605,8,0.4,8,1,3,1300.82,0.5495,0.3956,7,11,2,0,0,188,13,0
USR_03606,21,0.7,18,2,27,566.01,0.7047,0.4977,17,19,7,1,1,413,9,0
USR_03607,14,0.5185,23,1,42,1301.36,0.3924,-0.1836,12,12,4,1,0,841,0,0
USR_03608,10,0.7692,28,1,27,1139.9,0.6416,0.3374,9,12,3,0,0,752,2,0
USR_03609,12,0.8571,4,1,43,353.24,0.2654,-0.6519,10,12,4,0,0,819,11,0
USR_03610,3,0.5,26,0,131,1825.95,0.6726,0.209,2,3,1,0,1,684,8,0
USR_03611,25,0.8333,1,3,1,1085.73,0.3076,0.1165,21,21,8,1,0,828,8,0
USR_03612,13,0.7222,16,1,40,215.23,0.7505,-0.1987,11,15,4,0,1,742,6,0
USR_03613,4,0.2667,4,0,60,743.37,0.4635,0.5874,3,5,1,0,1,116,3,0
USR_03614,17,0.5484,3,2,9,1152.31,0.2894,-0.0807,14,15,5,0,0,909,3,0
USR_03615,10,1.0,7,1,36,630.95,0.5475,0.2778,8,11,3,0,1,552,9,0
USR_03616,7,0.4667,4,0,51,710.39,0.5045,0.5584,6,10,2,1,0,90,2,0
USR_03617,4,0.3077,1,0,137,1008.22,0.7717,-0.0369,3,5,1,0,0,508,6,0
USR_03618,2,0.4,9,0,88,184.79,0.6001,0.2635,1,1,0,0,0,539,7,0
USR_03619,5,0.4545,3,0,199,581.89,0.6406,-0.0144,4,6,1,0,0,131,10,0
USR_03620,7,0.4118,11,1,3,506.31,0.9096,0.0961,6,9,2,0,0,1195,2,0
USR_03621,6,0.4615,9,0,126,1250.3,0.7402,-0.2927,5,5,2,1,1,290,8,0
USR_03622,9,1.0,15,1,37,435.09,0.257,0.0389,8,11,3,1,0,416,0,0
USR_03623,17,0.7391,25,2,35,3243.85,0.649,0.051,14,16,5,0,0,545,0,0
USR_03624,5,0.5556,4,0,39,427.04,0.3567,0.0337,4,6,1,0,1,1004,3,0
USR_03625,12,0.8571,25,1,23,277.03,0.364,0.3467,10,10,4,1,0,899,0,0
USR_03626,3,0.75,16,0,31,1821.05,0.5862,0.0829,2,4,1,0,0,932,12,0
USR_03627,13,0.7222,29,1,24,1097.24,0.9067,-0.3093,10,12,4,0,0,307,12,0
USR_03628,10,0.4545,12,1,38,924.96,0.8298,0.1606,8,12,3,0,0,1019,0,0
USR_03629,4,0.25,2,0,98,559.01,0.707,-0.178,3,4,1,0,0,1000,10,0
USR_03630,7,0.7778,6,0,152,511.42,0.4585,0.0543,6,8,2,0,0,572,4,0
USR_03631,7,0.4375,0,1,27,978.92,0.3119,0.0388,6,8,2,0,1,668,7,0
USR_03632,6,0.3529,25,0,186,430.46,0.7804,0.2124,5,8,2,0,0,73,11,0
USR_03633,21,0.75,16,2,18,2814.46,0.8256,0.0584,17,17,7,1,1,919,5,0
USR_03634,9,1.0,26,1,7,819.79,0.4684,0.1803,8,12,3,0,0,1154,0,0
USR_03635,9,0.4737,18,1,9,545.63,0.7241,0.0433,7,8,3,0,0,582,0,0
USR_03636,14,0.875,28,1,3,486.57,0.4505,0.6898,11,13,4,0,0,662,4,0
USR_03637,6,0.75,7,0,47,255.76,0.235,-0.1013,5,7,2,1,1,614,12,0
USR_03638,23,0.8519,9,3,30,1192.45,0.329,-0.161,19,20,7,1,1,126,5,0
USR_03639,10,0.9091,23,1,9,359.81,0.3159,0.1859,8,9,3,0,1,755,3,0
USR_03640,18,0.5625,24,2,3,600.0,0.6334,-0.1285,15,19,6,0,0,874,0,0
USR_03641,9,0.5294,28,1,13,5000.0,0.9531,0.2399,8,10,3,1,0,1115,12,0
USR_03642,18,0.6,26,2,12,157.13,0.6953,-0.3631,15,15,6,1,0,1117,2,0
USR_03643,10,1.0,9,1,3,614.33,0.8285,0.0502,8,12,3,0,0,605,7,0
USR_03644,11,0.8462,20,1,5,222.57,0.5966,0.1426,9,12,3,1,1,1152,7,0
USR_03645,17,0.8947,28,2,30,432.77,0.9487,-0.3291,14,14,5,1,0,648,1,0
USR_03646,16,0.9412,7,2,33,593.54,0.4704,0.1213,13,17,5,1,0,781,0,0
USR_03647,10,0.5,3,1,12,234.4,0.4072,-0.5836,8,11,3,0,0,734,3,0
USR_03648,15,0.8824,15,2,17,922.7,0.6483,0.0146,13,17,5,1,1,1198,2,0
USR_03649,8,0.381,14,1,43,2153.25,0.52,0.3601,7,10,2,1,0,892,7,0
USR_03650,16,0.5926,20,2,15,868.08,0.3939,-0.2529,14,18,5,0,0,170,10,0
USR_03651,14,0.7778,5,1,33,1302.71,0.2679,-0.0165,12,16,4,0,0,114,1,0
USR_03652,7,0.6364,13,0,156,2439.12,0.6124,-0.2482,5,7,2,0,0,509,4,0
USR_03653,12,0.7059,17,1,40,1081.09,0.4408,0.212,10,14,4,0,0,633,0,0
USR_03654,7,0.4667,17,0,176,101.05,0.7006,0.2467,6,6,2,1,1,812,1,0
USR_03655,10,0.5,2,1,8,767.6,0.8439,0.1655,8,12,3,0,0,593,8,0
USR_03656,11,0.6471,3,1,42,89.85,0.8303,0.2291,9,10,3,1,0,632,9,0
USR_03657,1,0.0769,15,0,179,373.21,0.5656,-0.1978,1,5,0,0,1,1108,9,0
USR_03658,12,0.5217,11,1,10,200.5,0.2276,-0.026,10,12,4,1,0,421,0,0
USR_03659,7,0.7,5,0,52,827.44,0.1184,-0.3444,6,8,2,0,0,607,4,0
USR_03660,8,0.6154,24,1,17,324.47,0.6275,-0.2703,6,10,2,0,0,682,3,0
USR_03661,15,0.5556,12,2,43,845.82,0.7399,-0.0537,12,14,5,1,0,577,13,0
USR_03662,6,0.375,17,0,120,1242.62,0.6094,0.3596,5,9,2,0,0,1162,6,0
USR_03663,8,0.3636,20,1,29,309.01,0.9749,-0.2551,6,9,2,0,1,1155,12,0
USR_03664,20,0.9524,21,2,21,813.22,0.4794,0.0982,17,18,6,1,0,630,0,0
USR_03665,3,0.75,10,0,111,81.84,0.55,-0.2584,3,3,1,0,0,557,3,0
USR_03666,11,0.6111,0,1,21,201.53,0.8897,-0.3553,9,9,3,0,0,719,9,0
USR_03667,8,0.7273,16,1,6,1833.68,0.5297,0.4161,6,9,2,0,0,241,2,0
USR_03668,14,0.56,7,1,39,328.46,0.6063,0.345,11,11,4,0,1,528,6,0
USR_03669,6,0.375,29,0,153,436.99,0.6503,-0.2316,5,7,2,0,0,283,4,0
USR_03670,8,0.5714,26,1,33,345.77,0.1433,-0.0973,6,7,2,0,1,198,13,0
USR_03671,7,1.0,26,0,118,166.24,0.7777,0.0546,6,6,2,1,0,141,0,0
USR_03672,19,0.7917,23,2,31,290.86,0.4759,-0.2986,16,16,6,1,0,716,12,0
USR_03673,13,0.7647,29,1,14,662.07,0.4926,0.1546,11,12,4,0,0,30,3,0
USR_03674,7,0.5833,28,0,108,488.71,0.4265,-0.4776,5,8,2,0,1,786,3,0
USR_03675,20,0.625,5,2,41,1569.65,0.5133,-0.156,17,17,6,0,1,535,4,0
USR_03676,2,0.1538,18,0,80,405.51,0.2799,-0.1042,2,3,0,1,0,458,1,0
USR_03677,3,0.2308,14,0,163,658.77,0.4666,0.1372,2,2,1,0,0,930,13,0
USR_03678,12,1.0,0,1,18,430.43,0.5878,0.3775,10,13,4,1,0,660,12,0
USR_03679,8,0.4706,23,1,14,1404.11,0.4153,-0.316,7,8,2,0,1,888,13,0
USR_03680,12,0.6316,3,1,26,211.35,0.6817,-0.0448,10,14,4,0,1,860,13,0
USR_03681,27,0.75,27,3,15,974.72,0.2861,0.1689,22,26,9,0,0,67,6,0
USR_03682,12,0.6667,20,1,16,919.59,0.5621,-0.0294,10,10,4,0,0,282,3,0
USR_03683,19,0.7308,7,2,32,344.8,0.3553,-0.0643,16,16,6,0,0,696,10,0
USR_03684,13,0.7222,1,1,34,614.34,0.6189,0.2364,10,12,4,1,1,1171,0,0
USR_03685,10,0.4762,29,1,0,906.48,0.3889,-0.5661,9,9,3,1,0,210,10,0
USR_03686,11,0.6471,24,1,7,382.44,0.6011,-0.0733,9,13,3,1,1,153,4,0
USR_03687,10,0.4545,13,1,38,376.1,0.5396,0.0094,8,12,3,1,0,1131,6,0
USR_03688,26,0.6667,24,3,40,248.69,0.3795,-0.0157,22,22,8,1,1,1161,3,0
USR_03689,20,0.6452,23,2,42,3353.9,0.7347,-0.2436,17,19,6,1,1,225,2,0
USR_03690,0,0.0,130,0,112,457.81,0.632,0.2587,0,1,0,1,1,499,0,0
USR_03691,10,0.5882,15,1,21,249.43,0.7674,0.0797,8,9,3,1,0,763,3,0
USR_03692,11,0.6111,1,1,6,161.66,0.221,-1.0,9,10,3,0,0,258,3,0
USR_03693,17,0.6071,8,2,4,349.95,0.281,0.1758,14,17,5,0,1,411,1,0
USR_03694,9,0.4286,9,1,26,823.48,0.8469,-0.052,7,9,3,1,0,492,1,0
USR_03695,14,0.56,3,1,2,542.2,0.566,0.2583,12,16,4,1,1,780,5,0
USR_03696,11,0.5238,21,1,7,880.51,0.7266,0.3951,9,11,3,1,0,390,2,0
USR_03697,16,0.7273,4,2,11,1178.77,0.9542,0.0186,13,17,5,0,0,512,10,0
USR_03698,4,0.5714,7,0,150,589.5,0.3035,-0.2334,4,4,1,0,0,368,0,0
USR_03699,20,0.8,19,2,6,600.62,0.6917,0.2696,17,18,6,0,1,918,5,0
USR_03700,7,0.3333,15,1,0,2327.56,0.7695,0.4412,6,7,2,1,0,209,0,0
USR_03701,3,0.3333,16,0,186,1199.08,0.2985,0.0971,2,4,1,0,1,299,4,0
USR_03702,10,0.5882,25,1,26,904.7,0.3,-0.017,8,10,3,0,0,322,4,0
USR_03703,15,0.6818,12,2,18,505.49,0.3259,0.2827,13,15,5,1,1,1089,6,0
USR_03704,8,0.6154,18,1,17,1141.78,0.348,-0.2573,7,9,2,0,1,1135,3,0
USR_03705,11,0.8462,18,1,8,881.7,0.5306,0.0297,9,12,3,0,0,615,4,0
USR_03706,3,0.5,3,0,41,855.53,0.5903,-0.1335,2,2,1,1,1,212,1,0
USR_03707,13,0.8125,15,1,37,1180.6,0.2564,0.1713,11,11,4,1,0,914,3,0
USR_03708,2,0.5,16,0,146,863.38,0.584,-0.0621,2,6,0,0,1,605,3,0
USR_03709,1,0.5,4,0,123,197.28,0.1202,-0.0519,0,4,0,1,1,1024,6,0
USR_03710,2,0.125,3,0,177,694.88,0.6534,0.1703,2,5,0,1,0,451,3,0
USR_03711,2,0.6667,7,0,105,272.59,0.779,0.4148,2,6,0,0,0,1198,9,0
USR_03712,12,0.9231,12,1,23,1103.94,0.825,0.1922,10,12,4,1,0,974,3,0
USR_03713,12,0.6,12,1,30,189.66,0.6918,0.2458,10,13,4,1,0,292,1,0
USR_03714,2,0.1333,6,0,166,648.81,0.7408,0.3148,2,5,0,0,0,878,2,0
USR_03715,17,0.6296,11,2,38,696.64,0.8782,-0.0915,14,14,5,0,0,365,0,0
USR_03716,4,0.8,8,0,63,265.71,0.1627,0.0623,3,5,1,0,0,439,4,0
USR_03717,3,0.25,27,0,166,623.37,0.558,-0.0321,2,6,1,1,1,323,10,0
USR_03718,24,0.75,19,3,40,1229.28,0.4574,0.0032,20,22,8,0,1,828,8,0
USR_03719,4,0.2857,28,0,30,426.1,0.1969,-0.108,4,7,1,1,0,337,3,0
USR_03720,11,0.7333,19,1,43,838.5,0.7218,-0.0483,9,11,3,0,0,777,1,0
USR_03721,10,0.625,16,1,17,998.35,0.557,-0.0833,8,9,3,1,0,711,10,0
USR_03722,16,0.5333,14,2,40,283.18,0.456,-0.2191,13,14,5,0,0,908,0,0
USR_03723,10,0.4762,7,1,23,687.5,0.969,-0.7371,8,11,3,1,0,1192,3,0
USR_03724,7,0.7,5,1,21,561.9,0.8046,0.0105,6,9,2,1,0,40,10,0
USR_03725,24,0.6857,23,3,8,657.29,0.5735,0.4667,20,22,8,1,0,1188,3,0
USR_03726,4,0.25,11,0,112,184.33,0.9399,0.1568,3,5,1,1,1,157,0,0
USR_03727,9,0.4737,5,1,42,215.75,0.4384,-0.0449,8,11,3,0,1,646,1,0
USR_03728,18,0.6667,12,2,42,1765.26,0.7727,-0.398,15,19,6,0,0,428,5,0
USR_03729,12,0.5217,14,1,11,1218.08,0.3616,-0.2611,10,12,4,0,1,777,0,0
USR_03730,3,0.2727,20,0,185,793.21,0.8188,-0.5474,2,4,1,1,0,874,6,0
USR_03731,11,0.7857,29,1,34,1368.27,0.8032,0.1204,9,10,3,0,0,1036,3,0
USR_03732,16,0.6957,29,2,42,230.28,0.8527,-0.2404,14,17,5,1,0,500,2,0
USR_03733,8,0.5,26,1,42,554.69,0.537,0.3344,7,9,2,1,0,1121,1,0
USR_03734,3,0.2143,24,0,85,514.49,0.6358,-0.6986,3,7,1,0,0,407,10,0
USR_03735,18,0.6207,27,2,12,359.19,0.5619,-0.1631,15,17,6,0,0,268,3,0
USR_03736,4,0.8,21,0,196,268.55,0.3673,0.2965,3,3,1,0,0,473,8,0
USR_03737,17,0.9444,2,2,20,1906.33,0.1705,-0.395,14,16,5,0,1,648,3,0
USR_03738,18,0.9,7,2,28,402.02,0.3912,-0.3986,15,16,6,0,1,811,0,0
USR_03739,6,0.6667,13,0,109,953.85,0.5412,-0.1827,5,7,2,1,1,1004,3,0
USR_03740,1,0.2,23,0,108,867.66,0.6899,-0.3489,1,5,0,1,0,293,4,0
USR_03741,19,0.7308,23,2,37,1535.08,0.3148,-0.1346,16,16,6,1,0,384,3,0
USR_03742,1,0.0909,26,0,179,1196.72,0.4727,-0.6902,1,4,0,1,1,1128,10,0
USR_03743,8,0.5714,4,1,35,520.07,0.4325,0.3425,6,10,2,1,1,544,12,0
USR_03744,0,0.0,74,0,186,241.76,0.6401,0.2243,0,4,0,0,0,312,9,0
USR_03745,4,0.2353,23,0,138,1358.14,0.8875,-0.1793,3,4,1,0,0,1183,5,0
USR_03746,3,0.2143,11,0,74,1767.88,0.7985,-0.5695,2,6,1,0,0,555,4,0
USR_03747,22,0.6667,10,3,2,4772.02,0.4737,-0.2844,18,21,7,1,0,1182,6,0
USR_03748,7,0.3889,19,1,12,1454.49,0.268,0.2044,6,9,2,1,1,1105,2,0
USR_03749,10,1.0,26,1,33,398.99,0.8415,0.2157,8,10,3,0,1,1090,10,0
USR_03750,9,0.45,13,1,33,442.67,0.6429,-0.2069,7,8,3,0,0,710,10,0
USR_03751,23,0.7931,12,3,26,126.33,0.501,0.118,19,23,7,1,0,964,1,0
USR_03752,1,0.1,2,0,37,347.45,0.3834,-0.478,0,0,0,1,0,1153,12,0
USR_03753,11,0.5,7,1,19,241.03,0.6014,-0.0453,9,13,3,1,1,344,10,0
USR_03754,14,1.0,2,1,25,1064.71,0.5303,-0.4059,12,15,4,0,0,74,3,0
USR_03755,19,0.6552,27,2,40,1430.85,0.5764,0.0896,16,19,6,0,1,405,12,0
USR_03756,12,0.48,25,1,2,4050.24,0.7516,-0.1513,10,13,4,1,0,775,0,0
USR_03757,3,0.2727,21,0,82,5000.0,0.8186,-0.0997,2,4,1,1,0,670,0,0
USR_03758,16,0.64,6,2,3,811.63,0.2699,-0.0238,13,15,5,0,0,124,2,0
USR_03759,6,0.8571,13,0,192,417.28,0.7981,-0.5564,5,7,2,0,0,686,5,0
USR_03760,0,0.0,92,0,168,486.47,0.8752,-0.0115,0,0,0,1,0,234,2,0
USR_03761,9,0.4091,28,1,7,382.27,0.7151,0.3266,7,8,3,0,1,621,12,0
USR_03762,19,0.7917,1,2,0,4337.1,0.4645,0.0166,16,17,6,0,0,703,1,0
USR_03763,5,0.4545,18,0,94,72.52,0.2215,0.3058,4,5,1,1,0,774,2,0
USR_03764,20,0.7407,14,2,0,2431.34,0.5411,-0.1285,16,16,6,1,1,512,6,0
USR_03765,21,0.913,17,2,7,315.24,0.4809,0.0667,17,17,7,1,0,507,0,0
USR_03766,19,0.95,2,2,17,486.4,0.5904,0.1021,16,19,6,0,0,823,7,0
USR_03767,17,0.9444,10,2,11,84.42,0.8949,0.1849,14,15,5,1,0,906,3,0
USR_03768,21,0.913,24,2,20,1546.88,0.7664,0.2772,17,17,7,1,0,975,13,0
USR_03769,19,0.6333,25,2,34,1254.53,0.8226,-0.421,16,19,6,0,0,420,7,0
USR_03770,10,0.5263,12,1,0,277.36,0.4811,-0.2352,9,10,3,0,0,526,0,0
USR_03771,23,0.7188,17,3,15,1613.28,0.9963,0.1452,19,21,7,0,1,416,0,0
USR_03772,18,0.9474,24,2,17,1382.98,0.5085,0.1097,15,19,6,1,1,647,0,0
USR_03773,25,0.8929,18,3,12,435.21,0.6236,-0.0083,20,22,8,0,0,178,13,0
USR_03774,10,0.4167,12,1,24,128.77,0.634,0.7849,8,12,3,1,0,533,6,0
USR_03775,15,0.6818,28,2,11,558.21,0.6418,0.0282,12,16,5,1,0,250,3,0
USR_03776,11,0.9167,29,1,9,1530.48,0.2933,0.087,9,11,3,0,0,652,1,0
USR_03777,7,0.3333,8,1,2,319.91,0.7695,-0.4056,6,9,2,0,0,1025,11,0
USR_03778,14,0.6364,1,1,31,1579.76,0.5748,0.2827,11,13,4,0,0,1182,1,0
USR_03779,10,0.5882,23,1,15,334.12,0.5402,0.0275,8,10,3,1,0,552,7,0
USR_03780,2,0.2,3,0,136,618.66,0.4213,0.0187,1,5,0,0,0,95,8,0
USR_03781,14,0.7368,24,1,4,369.0,0.5268,0.5695,11,11,4,0,0,296,2,0
USR_03782,6,0.375,23,0,160,753.85,0.6097,-0.0507,5,9,2,0,0,152,4,0
USR_03783,11,0.7333,1,1,25,1283.05,0.4321,0.3346,9,13,3,1,1,918,1,0
USR_03784,12,0.7059,16,1,38,2451.85,0.6726,0.3304,10,11,4,0,0,1182,3,0
USR_03785,14,0.875,21,1,8,785.79,0.9452,-0.058,12,13,4,1,0,678,13,0
USR_03786,6,0.75,2,0,120,191.14,0.7906,-0.4308,5,6,2,1,0,236,7,0
USR_03787,9,0.4091,24,1,12,1102.86,0.91,-0.1911,7,10,3,1,0,54,10,0
USR_03788,20,0.8696,3,2,1,524.13,0.5792,0.3322,17,20,6,0,1,1172,4,0
USR_03789,10,0.8333,16,1,21,515.2,0.767,-0.1174,8,8,3,1,0,400,1,0
USR_03790,16,0.6957,0,2,30,723.89,0.8652,-0.3751,13,17,5,1,1,161,7,0
USR_03791,4,1.0,3,0,118,1040.4,0.598,0.0424,3,6,1,1,0,237,4,0
USR_03792,10,0.625,22,1,31,477.78,0.7151,-0.3229,8,8,3,0,1,328,0,0
USR_03793,0,0.0,162,0,196,1058.67,0.8294,-0.2806,0,3,0,0,0,797,3,0
USR_03794,22,0.88,26,2,24,919.47,0.6619,-0.3037,18,19,7,1,0,1073,6,0
USR_03795,11,0.8462,0,1,43,1059.29,0.9398,0.2934,9,12,3,0,1,351,8,0
USR_03796,23,0.6571,18,3,6,1344.64,0.817,0.3765,19,19,7,1,0,834,1,0
USR_03797,16,0.7273,10,2,2,113.86,0.7356,-0.409,14,15,5,0,0,105,11,0
USR_03798,4,1.0,18,0,115,485.8,0.5248,0.0616,3,4,1,0,0,41,3,0
USR_03799,23,0.6389,18,3,39,588.65,0.1847,0.1516,19,23,7,0,0,94,2,0
USR_03800,2,0.125,19,0,103,544.98,0.6439,-0.209,2,6,0,1,0,1110,1,0
USR_03801,15,0.8824,17,2,41,332.64,0.7621,-0.2428,12,13,5,0,1,710,9,0
USR_03802,12,0.9231,28,1,17,394.67,0.3385,0.4919,10,11,4,0,0,972,2,0
USR_03803,11,0.8462,15,1,43,1009.27,0.7186,-0.3797,9,10,3,0,0,55,4,0
USR_03804,5,0.5556,25,0,137,961.66,0.5498,0.1795,4,8,1,1,0,56,1,0
USR_03805,25,0.8065,12,3,38,682.69,0.4119,0.1322,21,21,8,0,1,1023,6,0
USR_03806,21,0.6562,18,2,24,297.91,0.953,0.7166,18,22,7,0,0,150,9,0
USR_03807,16,0.5517,20,2,36,1322.98,0.2147,0.3378,13,15,5,0,1,211,2,0
USR_03808,21,0.6364,11,2,35,1248.78,0.6153,-0.4729,17,19,7,0,0,637,12,0
USR_03809,8,0.381,26,1,10,1619.6,0.2258,-0.3703,7,10,2,0,0,739,0,0
USR_03810,9,1.0,8,1,34,355.92,0.6815,-0.2095,8,10,3,0,0,297,0,0
USR_03811,6,0.3,24,0,98,5000.0,0.6145,0.022,5,5,2,0,1,550,5,0
USR_03812,21,0.7,5,2,22,793.17,0.7616,-0.5249,17,21,7,0,1,819,7,0
USR_03813,18,0.9474,21,2,27,362.88,0.8077,0.1039,15,17,6,1,0,548,1,0
USR_03814,25,0.641,24,3,2,4461.17,0.5247,0.0766,21,24,8,0,0,477,4,0
USR_03815,13,0.5652,8,1,24,1209.66,0.4941,-0.1326,11,15,4,1,1,114,2,0
USR_03816,11,0.5,7,1,9,782.28,0.4223,0.3482,9,9,3,0,0,558,4,0
USR_03817,6,0.4,28,0,164,861.63,0.6607,0.1739,5,8,2,0,0,969,6,0
USR_03818,22,0.6667,19,3,21,1855.49,0.3065,0.356,18,21,7,1,1,763,13,0
USR_03819,3,1.0,25,0,114,813.85,0.0756,0.7843,2,3,1,0,0,1074,3,0
USR_03820,21,0.7241,28,2,44,167.38,0.5356,-0.2735,17,17,7,1,1,177,6,1
USR_03821,8,0.4444,28,1,12,655.63,0.502,0.1545,7,9,2,0,0,42,5,0
USR_03822,13,0.52,24,1,24,1366.02,0.5595,-0.1739,10,11,4,0,0,671,2,0
USR_03823,10,0.5,18,1,30,640.19,0.7601,0.2132,8,8,3,0,0,238,1,0
USR_03824,11,0.7857,28,1,36,302.44,0.8568,-0.1211,9,9,3,1,0,724,13,0
USR_03825,19,0.6786,9,2,27,646.07,0.7723,-0.1097,16,16,6,0,0,1087,1,0
USR_03826,1,0.25,16,0,72,1327.96,0.7535,-0.3151,0,4,0,1,1,424,9,0
USR_03827,9,0.75,13,1,15,1846.04,0.768,0.156,8,11,3,1,1,672,0,0
USR_03828,4,0.3077,10,0,92,273.87,0.4695,0.5133,3,3,1,0,0,827,9,0
USR_03829,4,0.5,9,0,174,259.32,0.4651,-0.3114,3,3,1,1,0,205,1,0
USR_03830,14,0.7778,29,1,44,634.53,0.5186,-0.6103,12,15,4,0,0,1079,13,0
USR_03831,8,0.5,10,1,38,382.11,0.892,0.2061,7,10,2,0,1,267,6,0
USR_03832,2,0.5,3,0,35,418.83,0.723,0.3874,2,3,0,1,0,975,0,0
USR_03833,4,0.6667,12,0,153,536.47,0.9706,0.7753,3,7,1,1,0,802,7,0
USR_03834,11,0.6471,11,1,30,1227.66,0.7964,-0.0367,9,10,3,1,0,194,5,0
USR_03835,2,0.5,28,0,187,338.64,0.5691,-0.0381,2,2,0,0,0,878,2,0
USR_03836,17,0.6071,23,2,10,261.65,0.7945,0.1819,14,16,5,0,0,259,1,0
USR_03837,26,0.7222,14,3,33,368.25,0.8106,-0.2608,21,22,8,0,0,731,7,0
USR_03838,5,0.2632,24,0,43,198.28,0.7731,-0.2147,4,4,1,0,1,1152,8,0
USR_03839,5,0.7143,12,0,114,693.72,0.6192,0.2726,4,4,1,0,0,1145,2,0
USR_03840,9,0.45,6,1,42,725.81,0.7696,-0.4096,7,11,3,1,0,1049,11,0
USR_03841,4,1.0,19,0,54,1492.18,0.426,-0.3022,4,7,1,1,0,608,1,0
USR_03842,4,0.3077,18,0,63,285.18,0.3735,-0.4428,3,4,1,1,1,684,0,0
USR_03843,3,0.6,8,0,95,733.82,0.8793,-0.2181,3,4,1,0,0,381,5,0
USR_03844,4,0.2857,5,0,39,869.54,0.8401,-0.1041,4,4,1,0,0,1107,0,0
USR_03845,20,0.9524,0,2,18,192.79,0.2036,-0.0789,16,18,6,1,1,588,2,0
USR_03846,12,1.0,11,1,22,792.58,0.2069,-0.0674,10,13,4,0,1,932,4,0
USR_03847,18,0.8182,21,2,15,816.51,0.835,0.2283,15,18,6,1,0,450,2,0
USR_03848,10,0.6667,24,1,12,600.42,0.5168,-0.0513,8,11,3,1,0,896,1,0
USR_03849,11,0.5,9,1,21,238.63,0.6131,-0.2424,9,10,3,1,0,292,7,0
USR_03850,8,0.8,19,1,13,625.84,0.8885,-0.3556,7,9,2,1,0,888,4,0
USR_03851,10,0.4762,7,1,32,139.08,0.4403,-0.1121,8,8,3,1,0,83,10,0
USR_03852,11,0.6111,5,1,12,862.78,0.6752,0.5767,9,9,3,0,0,152,5,0
USR_03853,18,0.9474,16,2,14,1203.88,0.8742,0.0778,15,15,6,0,0,442,4,0
USR_03854,8,0.3636,9,1,35,558.26,0.4165,0.5119,7,7,2,1,0,593,1,0
USR_03855,10,0.5556,4,1,26,1851.11,0.427,-0.6237,8,10,3,0,0,862,9,0
USR_03856,10,0.4545,7,1,37,380.8,0.359,-0.2837,8,8,3,1,1,450,1,0
USR_03857,17,0.9444,8,2,16,371.52,0.5409,-0.5472,14,14,5,0,0,51,1,0
USR_03858,20,0.7692,9,2,35,532.28,0.4942,-0.0397,16,19,6,1,0,410,10,0
USR_03859,11,0.8462,15,1,43,4067.82,0.6228,0.1385,9,12,3,1,1,543,8,0
USR_03860,19,0.7308,26,2,0,529.88,0.708,0.2783,15,17,6,1,0,666,5,0
USR_03861,13,0.5417,29,1,30,3694.74,0.8162,0.2218,11,11,4,0,0,783,0,0
USR_03862,5,0.2941,17,0,127,644.97,0.432,0.2867,4,8,1,1,0,319,0,0
USR_03863,10,0.4167,7,1,38,348.71,0.5409,-0.069,8,9,3,1,1,744,4,0
USR_03864,15,0.8333,5,2,17,3172.67,0.4842,-0.1681,13,15,5,0,0,768,8,0
USR_03865,4,0.5,14,0,158,771.06,0.506,-0.2798,4,8,1,1,0,938,3,0
USR_03866,14,0.56,20,1,13,525.71,0.4444,0.4675,12,12,4,1,0,640,0,0
USR_03867,11,0.5,15,1,11,1324.5,0.7166,0.2342,9,13,3,0,0,978,1,0
USR_03868,19,0.8261,3,2,36,1804.11,0.4936,-0.1165,16,17,6,0,0,289,5,0
USR_03869,3,0.375,21,0,175,417.8,0.3181,0.0155,3,4,1,0,1,862,7,0
USR_03870,5,0.7143,9,0,159,1368.43,0.8022,0.3072,4,8,1,0,0,83,0,0
USR_03871,13,0.5417,15,1,36,554.86,0.4777,-0.2103,11,13,4,0,0,150,0,1
USR_03872,18,0.9474,25,2,31,303.41,0.6954,0.08,15,17,6,1,0,1041,1,0
USR_03873,16,0.6667,22,2,31,377.7,0.5728,-0.0573,13,16,5,0,0,585,0,0
USR_03874,19,0.7917,15,2,21,260.45,0.6238,0.3815,16,19,6,0,1,756,4,0
USR_03875,18,0.6923,25,2,36,713.15,0.5476,-0.0928,15,17,6,1,0,735,0,0
USR_03876,23,0.6389,6,3,16,715.22,0.5172,0.2082,19,23,7,1,0,842,6,0
USR_03877,6,0.3333,8,0,57,1658.69,0.7382,-0.2959,5,9,2,0,0,317,9,0
USR_03878,19,0.5938,8,2,1,1332.4,0.5186,-0.3298,16,19,6,0,0,238,13,0
USR_03879,14,0.5833,25,1,1,481.5,0.7544,-0.3673,12,14,4,1,1,79,12,0
USR_03880,12,0.6667,25,1,12,569.96,0.6541,0.2936,10,12,4,1,0,1041,2,0
USR_03881,6,0.3,7,0,141,395.76,0.6288,0.194,5,8,2,0,0,291,0,0
USR_03882,21,0.7241,5,2,13,726.17,0.5735,0.4003,17,20,7,1,0,702,2,0
USR_03883,5,0.5,24,0,39,557.45,0.7124,0.1899,4,7,1,1,0,562,7,0
USR_03884,16,0.5714,13,2,4,692.08,0.9519,0.0394,13,16,5,0,0,219,0,0
USR_03885,5,0.2632,19,0,98,2142.54,0.0749,-0.0824,4,5,1,1,0,514,2,0
USR_03886,5,0.4167,5,0,142,2232.86,0.776,0.3083,4,8,1,1,0,127,2,0
USR_03887,10,0.4545,17,1,30,403.61,0.9068,0.1876,8,12,3,1,0,236,1,0
USR_03888,19,0.7308,20,2,35,1238.25,0.7584,-0.24,15,19,6,0,0,193,7,0
USR_03889,17,0.7083,13,2,25,1121.84,0.8936,-0.169,14,14,5,0,1,994,6,0
USR_03890,1,0.125,24,0,80,428.63,0.7472,0.0494,1,5,0,0,0,693,4,0
USR_03891,19,0.7308,16,2,28,2058.26,0.4486,0.0047,16,19,6,1,0,1113,12,0
USR_03892,17,0.5667,16,2,38,203.79,0.4563,0.238,14,17,5,0,0,540,0,0
USR_03893,8,0.381,7,1,9,1572.57,0.4116,0.2033,7,7,2,0,0,265,0,0
USR_03894,10,0.4762,20,1,9,605.75,0.1379,-0.2291,8,11,3,0,0,742,3,0
USR_03895,7,0.4667,14,0,157,282.29,0.4805,-0.324,6,7,2,0,0,1117,6,0
USR_03896,19,0.95,19,2,19,574.08,0.9584,-0.4942,15,18,6,0,0,653,5,0
USR_03897,6,0.5455,18,0,188,2988.06,0.4547,-0.0001,5,8,2,1,0,50,0,0
USR_03898,14,0.875,11,1,14,4957.59,0.5356,0.5425,11,11,4,0,1,385,13,0
USR_03899,17,1.0,11,2,23,356.76,0.4576,-0.0625,14,17,5,0,0,1112,2,0
USR_03900,17,0.6538,9,2,41,644.73,0.3595,-0.0062,14,18,5,0,0,636,2,0
USR_03901,15,0.7895,11,2,13,573.2,0.462,0.0771,13,16,5,1,1,1143,5,0
USR_03902,25,0.9615,25,3,6,655.08,0.829,0.0052,21,25,8,0,0,625,12,0
USR_03903,15,0.8333,10,2,9,2440.52,0.9092,-0.365,12,13,5,0,1,44,6,0
USR_03904,10,1.0,3,1,26,486.53,0.7049,-0.2067,9,12,3,0,0,1051,13,0
USR_03905,8,0.8889,24,1,42,355.83,0.448,-0.075,7,11,2,0,0,922,1,0
USR_03906,9,0.5625,6,1,41,466.07,0.6662,0.4725,8,9,3,0,0,866,5,0
USR_03907,19,0.6552,11,2,12,572.58,0.8167,0.3609,15,16,6,0,0,1165,10,0
USR_03908,4,0.2667,6,0,111,1231.54,0.8654,-0.343,3,6,1,0,0,259,4,0
USR_03909,7,0.5833,17,1,28,735.52,0.6697,0.4017,6,6,2,1,1,1089,2,0
USR_03910,17,0.6071,7,2,10,1132.62,0.588,0.5232,14,18,5,0,1,302,13,0
USR_03911,9,0.9,29,1,28,1551.37,0.7245,0.1333,8,9,3,0,1,1165,0,0
USR_03912,11,0.9167,12,1,39,531.11,0.6074,-0.1809,9,9,3,0,0,253,3,0
USR_03913,8,0.6667,0,1,25,628.95,0.904,0.0202,6,6,2,0,0,673,11,0
USR_03914,10,0.5263,16,1,33,985.18,0.7111,0.4709,8,12,3,0,1,953,12,0
USR_03915,25,0.9259,6,3,32,406.26,0.9428,-0.3389,21,25,8,0,0,121,13,0
USR_03916,22,1.0,10,2,7,689.16,0.8797,-0.1238,18,19,7,0,1,108,11,0
USR_03917,4,0.3333,27,0,152,1551.29,0.853,0.121,4,8,1,0,1,1024,0,0
USR_03918,14,0.7,5,1,11,733.43,0.8183,-0.105,12,14,4,0,0,100,12,0
USR_03919,15,0.7143,21,2,38,1845.1,0.6173,-0.5056,12,15,5,0,0,748,3,0
USR_03920,3,0.3333,20,0,149,320.92,0.5271,-0.3465,2,4,1,1,1,1127,6,0
USR_03921,4,0.2222,11,0,167,871.75,0.7157,-0.411,3,6,1,0,1,749,3,0
USR_03922,18,0.9474,13,2,12,1056.19,0.9885,-0.1335,15,19,6,1,0,592,10,0
USR_03923,2,0.1818,2,0,78,856.91,0.7296,0.5406,1,1,0,0,0,518,5,0
USR_03924,7,0.3889,14,1,17,528.29,0.6194,0.4155,6,6,2,1,0,776,10,0
USR_03925,12,0.5217,15,1,24,207.03,0.3458,0.0108,10,11,4,0,1,699,1,0
USR_03926,1,0.5,17,0,128,1627.24,0.7515,0.1943,1,1,0,1,0,617,1,0
USR_03927,9,0.6429,23,1,17,215.14,0.8383,0.0529,8,9,3,1,1,209,3,0
USR_03928,11,0.44,27,1,20,228.45,0.4382,-0.0576,9,13,3,1,0,805,0,0
USR_03929,13,0.5417,12,1,9,1058.92,0.3613,0.0113,11,11,4,0,1,895,7,0
USR_03930,6,0.3158,26,0,190,495.04,0.7419,-0.0967,5,8,2,0,0,859,2,0
USR_03931,8,0.4211,25,1,15,746.15,0.4427,-0.3816,6,10,2,0,0,117,4,0
USR_03932,15,0.9375,9,2,32,238.33,0.7714,0.0091,13,17,5,0,0,852,0,0
USR_03933,17,0.5484,8,2,29,839.84,0.3581,-0.2399,14,18,5,0,0,883,0,0
USR_03934,11,0.4783,16,1,5,1298.5,0.7252,-0.1551,9,11,3,0,1,244,5,0
USR_03935,2,0.1818,14,0,55,190.76,0.5348,0.138,1,4,0,1,1,1023,2,0
USR_03936,4,1.0,11,0,62,813.83,0.3311,-0.478,4,6,1,0,0,642,1,0
USR_03937,18,0.5806,2,2,8,1369.02,0.6976,-0.3337,15,15,6,1,1,582,1,0
USR_03938,10,0.4348,23,1,28,228.8,0.3229,-0.0032,9,13,3,0,1,875,1,0
USR_03939,6,0.3158,15,0,115,746.82,0.6263,-0.3558,5,9,2,1,0,626,5,0
USR_03940,17,0.8095,5,2,22,693.09,0.1182,-0.1933,14,17,5,0,0,667,0,0
USR_03941,13,0.5,25,1,6,884.83,0.5016,0.2561,11,14,4,0,1,395,2,0
USR_03942,11,1.0,27,1,36,534.85,0.3688,-0.0843,9,12,3,0,1,1115,6,0
USR_03943,2,0.2,4,0,77,207.42,0.7466,-0.2267,2,2,0,0,0,1164,4,0
USR_03944,11,0.5,15,1,15,484.06,0.3735,0.235,9,10,3,1,1,182,5,0
USR_03945,5,0.625,18,0,195,426.44,0.6915,-0.5209,4,7,1,1,0,887,1,0
USR_03946,16,0.5333,7,2,32,630.01,0.3524,-0.4376,13,14,5,0,0,57,12,0
USR_03947,11,0.5789,9,1,7,1744.28,0.6257,-0.4138,9,9,3,1,0,461,3,0
USR_03948,17,0.8947,11,2,21,202.53,0.444,-0.2048,14,16,5,0,0,1164,2,0
USR_03949,17,0.5667,10,2,17,1434.44,0.6143,-0.4727,14,15,5,1,1,234,12,0
USR_03950,8,0.8889,20,1,5,2736.8,0.4427,0.5518,7,9,2,0,0,471,6,0
USR_03951,18,0.5625,0,2,8,2606.05,0.3084,-0.7802,15,15,6,1,1,286,5,0
USR_03952,5,0.2632,19,0,42,2786.38,0.4796,0.1235,4,7,1,1,0,882,11,0
USR_03953,9,0.3913,15,1,30,775.97,0.5639,-0.1235,8,11,3,1,0,572,0,0
USR_03954,13,0.7647,22,1,13,704.7,0.0797,0.0171,11,12,4,0,0,723,10,0
USR_03955,10,0.625,29,1,1,156.56,0.4629,-0.1727,8,10,3,0,0,1132,6,0
USR_03956,18,0.6207,12,2,7,558.96,0.9412,-0.0707,15,15,6,0,0,639,2,0
USR_03957,4,0.25,4,0,176,1646.0,0.9121,-0.2995,3,5,1,0,1,888,1,0
USR_03958,20,0.8696,13,2,33,213.39,0.5307,0.3541,16,20,6,0,1,144,0,0
USR_03959,8,0.5333,7,1,8,334.28,0.8166,-0.3962,7,11,2,1,1,281,12,0
USR_03960,14,0.7368,15,1,31,726.08,0.2584,-0.0492,11,11,4,0,0,1137,0,0
USR_03961,13,0.5652,6,1,28,177.1,0.6596,0.7159,11,14,4,0,0,1035,1,0
USR_03962,11,0.5,0,1,3,2860.46,0.4255,0.2348,9,12,3,0,0,798,7,0
USR_03963,0,0.0,171,0,188,1061.0,0.5008,-0.3718,0,2,0,0,0,472,7,1
USR_03964,16,0.5517,9,2,7,875.31,0.7624,0.3819,13,17,5,0,0,263,0,0
USR_03965,6,0.6,5,0,99,1270.69,0.1459,0.0937,5,5,2,0,0,1026,10,0
USR_03966,5,0.3125,0,0,39,507.24,0.9672,-0.1371,4,4,1,0,0,948,4,0
USR_03967,8,0.5714,28,1,37,832.12,0.5374,0.2386,6,10,2,1,0,312,10,0
USR_03968,23,0.9583,25,3,38,304.43,0.809,0.3962,19,21,7,0,1,720,0,0
USR_03969,13,0.7647,20,1,40,104.24,0.3935,-0.2217,11,15,4,0,0,753,0,0
USR_03970,15,0.5556,11,2,39,648.09,0.6446,-0.1396,12,12,5,0,0,588,6,0
USR_03971,13,0.6842,18,1,16,2358.26,0.7396,-0.1517,11,13,4,1,0,1114,0,0
USR_03972,6,0.3529,16,0,154,2539.45,0.5781,0.1676,5,9,2,1,1,175,4,0
USR_03973,10,0.5,0,1,26,571.93,0.8429,0.2645,8,12,3,0,1,331,0,0
USR_03974,7,0.5385,27,1,41,533.12,0.4454,0.1907,6,10,2,1,0,141,9,0
USR_03975,19,0.8636,14,2,30,191.64,0.6441,-0.2908,16,17,6,0,1,840,11,0
USR_03976,18,0.6429,13,2,27,1555.87,0.7962,0.567,15,17,6,1,0,783,10,0
USR_03977,16,0.6154,24,2,34,933.09,0.6931,-0.2486,13,13,5,0,1,1185,13,0
USR_03978,22,0.8462,21,2,38,571.76,0.3444,0.0795,18,18,7,0,0,664,12,0
USR_03979,13,0.9286,15,1,24,137.29,0.7476,-0.0541,11,12,4,1,0,206,3,0
USR_03980,3,0.375,25,0,62,157.25,0.2566,-0.3165,2,5,1,0,0,557,3,0
USR_03981,10,1.0,22,1,26,737.72,0.6137,0.073,8,11,3,0,1,133,11,0
USR_03982,5,0.3125,17,0,177,193.63,0.9403,0.0226,4,4,1,0,0,814,12,0
USR_03983,7,0.7,20,1,35,1023.04,0.7076,0.2106,6,6,2,0,1,818,13,0
USR_03984,10,0.6667,4,1,32,1063.73,0.7864,-0.0112,8,12,3,1,0,1033,8,0
USR_03985,8,0.7273,27,1,24,232.36,0.5345,0.0698,6,10,2,0,1,427,1,0
USR_03986,20,0.6061,26,2,39,691.37,0.8807,0.5423,17,17,6,0,1,392,12,0
USR_03987,2,0.1429,10,0,69,313.83,0.3424,-0.0553,2,6,0,1,0,113,12,0
USR_03988,4,0.2222,1,0,162,1412.46,0.3769,-0.4932,4,8,1,0,0,515,6,0
USR_03989,4,0.2667,24,0,165,5000.0,0.6324,0.2795,3,3,1,0,0,586,10,0
USR_03990,21,0.9545,15,2,14,604.78,0.7539,0.2601,17,20,7,1,0,912,5,0
USR_03991,4,0.3077,7,0,38,2169.38,0.29,-0.421,4,5,1,0,0,911,12,0
USR_03992,12,0.6667,29,1,43,1513.63,0.71,-0.3675,10,11,4,1,1,194,0,0
USR_03993,11,0.5238,16,1,19,625.12,0.6375,-0.1516,9,12,3,0,0,363,10,0
USR_03994,3,0.2308,6,0,58,1018.05,0.9062,-0.2778,3,4,1,0,0,628,0,0
USR_03995,3,0.25,18,0,105,241.66,0.199,-0.1058,2,6,1,0,0,422,2,0
USR_03996,3,0.25,22,0,75,742.62,0.4475,-0.0906,2,2,1,0,1,59,0,0
USR_03997,16,0.5714,13,2,28,523.22,0.542,-0.0295,13,17,5,0,0,1019,4,0
USR_03998,22,0.6286,20,2,2,1973.63,0.6072,0.3813,18,20,7,0,0,885,1,0
USR_03999,8,0.5,3,1,24,402.94,0.3794,0.6284,6,6,2,0,0,638,13,0
USR_04000,9,1.0,8,1,9,286.17,0.6063,-0.3765,8,8,3,1,1,401,4,0
USR_04001,0,0.5,89,0,74,295.13,0.6442,0.0328,0,1,0,0,0,1015,11,0
USR_04002,16,1.0,3,2,27,1318.87,0.3165,0.3287,14,17,5,0,0,71,2,0
USR_04003,10,0.4545,5,1,21,574.12,0.3401,0.3706,8,9,3,1,1,552,0,0
USR_04004,4,0.4,16,0,94,172.93,0.8945,-0.435,3,5,1,0,0,967,9,0
USR_04005,19,0.7308,14,2,4,1497.68,0.4972,0.0005,16,17,6,1,0,1144,7,0
USR_04006,9,0.6923,10,1,17,198.66,0.4992,0.2753,7,8,3,0,0,324,4,0
USR_04007,18,0.5806,0,2,37,428.9,0.5748,-0.2513,15,17,6,0,1,791,10,0
USR_04008,12,0.8,11,1,15,561.96,0.3838,-0.1865,10,13,4,0,1,251,10,0
USR_04009,22,0.6286,14,2,3,276.82,0.8787,0.28,18,20,7,1,0,165,5,0
USR_04010,5,0.3333,29,0,169,171.15,0.5602,-0.1414,4,4,1,1,1,443,13,0
USR_04011,12,0.7059,11,1,44,1275.03,0.3947,0.1817,10,13,4,1,0,1065,7,0
USR_04012,14,0.6087,15,1,41,1120.44,0.3807,0.5119,11,14,4,1,0,836,6,0
USR_04013,14,0.5185,0,1,43,694.4,0.0534,0.0667,11,11,4,1,1,602,2,0
USR_04014,8,1.0,5,1,18,890.93,0.624,-0.1029,6,9,2,0,1,360,0,0
USR_04015,8,1.0,18,1,39,170.57,0.8247,0.1981,7,7,2,0,1,195,1,0
USR_04016,4,0.6667,14,0,92,1009.85,0.8935,0.1307,3,6,1,0,0,346,8,0
USR_04017,16,0.64,9,2,3,926.01,0.5288,-0.1475,14,17,5,0,0,208,7,0
USR_04018,2,0.2222,11,0,48,947.54,0.7204,0.0296,1,1,0,0,0,248,2,0
USR_04019,8,0.4444,17,1,1,944.87,0.7279,0.2365,7,11,2,1,0,834,5,0
USR_04020,2,0.25,12,0,135,1473.49,0.8503,0.0808,2,3,0,0,0,185,1,0
USR_04021,4,0.25,26,0,47,606.19,0.5417,-0.2642,3,5,1,0,0,85,1,0
USR_04022,13,0.65,6,1,8,699.5,0.669,0.246,11,12,4,0,0,664,12,0
USR_04023,6,0.4615,25,0,87,228.63,0.4374,-0.0605,5,9,2,0,0,365,3,0
USR_04024,19,0.7308,27,2,7,1151.18,0.4226,-0.0939,16,17,6,0,0,562,1,0
USR_04025,1,0.25,15,0,195,389.58,0.3039,-0.4879,1,1,0,0,1,193,4,0
USR_04026,8,0.3636,5,1,9,412.66,0.8641,0.4073,6,9,2,1,1,275,3,0
USR_04027,4,1.0,14,0,126,479.54,0.5299,0.1648,3,4,1,0,0,546,7,0
USR_04028,6,1.0,27,0,51,282.07,0.6706,-0.1162,5,7,2,1,0,837,13,0
USR_04029,16,0.6957,15,2,38,610.81,0.5214,0.1904,13,17,5,1,0,514,5,0
USR_04030,7,0.4118,18,1,12,1286.08,0.4897,0.3358,6,6,2,0,1,663,5,0
USR_04031,9,0.6,11,1,44,273.3,0.7128,0.2663,8,12,3,0,0,640,2,0
USR_04032,11,0.5,17,1,16,656.38,0.8422,-0.1011,9,10,3,0,0,344,5,0
USR_04033,4,0.4444,8,0,173,1133.57,0.6129,-0.2843,3,5,1,1,0,357,2,0
USR_04034,14,0.8235,7,1,12,91.46,0.4332,-0.1669,11,13,4,0,0,528,0,0
USR_04035,10,0.5263,4,1,4,2932.04,0.6225,0.1077,8,12,3,0,0,67,10,0
USR_04036,17,0.85,20,2,25,459.62,0.4552,-0.3874,14,16,5,0,0,831,3,0
USR_04037,11,0.6111,27,1,44,314.83,0.4687,0.5414,9,13,3,1,1,748,4,0
USR_04038,11,0.55,10,1,32,709.98,0.8888,0.0983,9,9,3,0,1,388,0,0
USR_04039,11,0.9167,1,1,3,387.63,0.6981,0.323,9,11,3,0,0,467,10,0
USR_04040,19,0.8636,12,2,36,628.59,0.7488,-0.2672,16,18,6,0,1,414,0,0
USR_04041,18,1.0,10,2,35,365.32,0.5501,0.048,15,16,6,0,0,792,3,0
USR_04042,20,0.8696,18,2,42,1638.45,0.4705,-0.1747,17,21,6,1,0,918,10,0
USR_04043,4,0.2353,4,0,41,5000.0,0.9648,-0.5418,3,4,1,1,1,157,3,0
USR_04044,20,1.0,23,2,18,1186.05,0.8295,0.1819,17,20,6,0,0,513,12,0
USR_04045,2,0.1538,1,0,173,780.28,0.7243,0.3802,2,4,0,1,1,46,1,0
USR_04046,10,0.8333,11,1,43,427.67,0.447,0.715,8,10,3,0,0,559,7,0
USR_04047,8,0.5714,5,1,17,1554.63,0.3441,0.0899,7,7,2,0,1,320,13,0
USR_04048,6,1.0,26,0,40,359.76,0.1988,-0.1236,5,7,2,0,1,422,4,0
USR_04049,15,0.6818,13,2,28,858.23,0.4864,0.272,12,13,5,0,0,564,7,0
USR_04050,6,0.3158,27,0,125,438.75,0.7667,-0.2117,5,9,2,1,1,408,3,0
USR_04051,12,0.9231,16,1,22,243.43,0.8058,-0.1761,10,12,4,1,0,491,8,0
USR_04052,11,0.7333,22,1,39,560.92,0.463,-0.0212,9,10,3,1,1,924,12,0
USR_04053,9,0.75,26,1,31,302.4,0.4112,-0.2753,7,8,3,1,0,978,7,0
USR_04054,12,0.5455,24,1,8,2165.65,0.2974,-0.2636,10,11,4,0,0,36,12,0
USR_04055,13,0.52,20,1,5,363.84,0.4381,0.4579,11,12,4,0,0,472,5,0
USR_04056,19,0.8261,23,2,28,599.35,0.5303,-0.2627,16,18,6,0,1,1020,5,0
USR_04057,2,0.6667,24,0,120,395.6,0.5949,0.173,2,6,0,0,0,650,2,0
USR_04058,2,0.1333,20,0,115,247.58,0.2331,-0.2507,2,3,0,1,1,270,7,0
USR_04059,5,0.8333,16,0,148,1150.03,0.8794,-0.0448,4,7,1,1,0,724,11,0
USR_04060,12,0.5,15,1,42,616.66,0.8371,0.1073,10,14,4,1,1,199,6,0
USR_04061,8,0.5,6,1,0,4335.49,0.0897,0.0347,7,10,2,1,1,55,1,0
USR_04062,9,0.45,17,1,42,1537.58,0.4475,-0.2512,8,9,3,1,0,769,4,0
USR_04063,22,0.6471,25,3,29,703.48,0.1526,0.268,18,22,7,1,0,632,8,0
USR_04064,1,0.0909,25,0,57,892.11,0.5159,0.0373,1,3,0,1,0,915,12,0
USR_04065,6,0.5455,14,0,133,618.91,0.8132,-0.511,5,7,2,1,0,433,0,0
USR_04066,12,0.75,14,1,16,292.41,0.1923,0.2737,10,13,4,0,1,1029,0,0
USR_04067,2,0.1818,23,0,160,210.7,0.7383,0.0224,1,3,0,0,1,522,3,0
USR_04068,20,0.7407,29,2,26,285.88,0.797,-0.0481,17,21,6,0,1,893,0,0
USR_04069,28,0.6829,0,3,43,1938.99,0.721,0.0776,23,24,9,1,0,147,13,0
USR_04070,3,0.2143,21,0,198,817.04,0.602,-0.5046,2,4,1,0,1,143,3,0
USR_04071,6,0.3158,13,0,97,1022.23,0.3914,-0.2435,5,9,2,0,0,945,4,0
USR_04072,12,0.7059,6,1,26,1248.53,0.662,0.0534,10,10,4,1,1,1005,1,0
USR_04073,16,0.6957,10,2,24,566.75,0.7652,-0.2995,13,16,5,0,1,1132,3,0
USR_04074,8,0.381,29,1,37,409.75,0.5874,0.2097,7,7,2,1,0,409,13,0
USR_04075,21,0.84,8,2,23,3346.84,0.7547,-0.3833,17,20,7,0,0,56,4,0
USR_04076,20,0.625,15,2,36,1017.05,0.6479,-0.0482,16,19,6,1,0,1176,0,0
USR_04077,16,0.6667,20,2,20,175.65,0.8372,0.4102,13,14,5,0,0,733,1,0
USR_04078,15,0.7143,7,2,7,163.34,0.4777,-0.2607,12,13,5,0,1,319,13,0
USR_04079,7,0.35,24,0,197,1211.98,0.5986,0.0036,6,6,2,0,0,923,13,0
USR_04080,11,0.7857,2,1,28,328.08,0.884,-0.2749,9,13,3,0,0,1087,1,0
USR_04081,9,0.4737,25,1,15,599.33,0.8667,-0.4636,8,11,3,0,0,363,5,0
USR_04082,5,0.5,20,0,57,115.55,0.5185,0.1842,4,8,1,1,1,930,0,0
USR_04083,16,0.5333,24,2,10,459.2,0.8716,-0.0154,13,15,5,1,0,951,5,0
USR_04084,8,0.5,2,1,19,1379.93,0.8782,0.0213,6,7,2,0,0,616,0,0
USR_04085,3,0.2727,24,0,119,433.45,0.5883,0.0889,3,6,1,0,1,769,10,0
USR_04086,6,0.6,8,0,186,260.82,0.6131,-0.2503,5,9,2,1,0,345,12,0
USR_04087,13,1.0,25,1,14,547.06,0.3552,-0.3628,10,10,4,1,0,1117,0,0
USR_04088,24,0.6316,10,3,3,683.91,0.4701,0.0552,20,22,8,0,1,1180,3,0
USR_04089,7,0.5385,20,1,36,501.76,0.1358,0.444,6,10,2,1,1,1177,0,0
USR_04090,12,0.5714,29,1,15,188.16,0.5977,0.0954,10,10,4,1,1,892,2,0
USR_04091,18,0.5806,22,2,12,911.14,0.6321,-0.4243,15,18,6,0,0,79,0,0
USR_04092,15,0.75,2,2,33,420.28,0.715,0.8816,13,15,5,0,0,458,1,0
USR_04093,6,1.0,6,0,182,764.68,0.6125,-0.3707,5,8,2,1,0,550,13,0
USR_04094,14,0.56,3,1,22,304.57,0.8241,-0.5495,11,14,4,0,0,1153,0,0
USR_04095,13,0.5909,28,1,12,1802.11,0.5198,0.528,10,13,4,0,1,669,10,0
USR_04096,4,0.3077,9,0,66,1176.17,0.5025,-0.244,3,5,1,0,0,657,0,0
USR_04097,13,0.7222,15,1,24,498.83,0.5597,-0.1486,11,12,4,0,0,201,4,0
USR_04098,18,0.5806,17,2,14,848.42,0.7668,0.3479,15,18,6,1,1,958,3,0
USR_04099,8,0.5714,7,1,13,2461.66,0.7242,0.5004,7,7,2,1,1,423,12,0
USR_04100,2,1.0,11,0,125,1702.84,0.9664,-0.0545,2,5,0,1,0,137,1,0
USR_04101,17,0.68,13,2,28,2224.75,0.7997,0.2224,14,16,5,1,0,1185,0,0
USR_04102,9,0.45,0,1,11,1079.31,0.7453,0.5436,7,10,3,0,0,252,8,0
USR_04103,10,0.625,24,1,36,431.13,0.6266,-0.3543,8,10,3,0,0,48,7,0
USR_04104,9,0.6,27,1,15,1064.99,0.7394,0.0869,7,7,3,1,0,121,7,0
USR_04105,17,0.5667,20,2,33,2589.91,0.269,-0.1155,14,16,5,0,0,559,0,0
USR_04106,8,0.5,13,1,41,1079.79,0.9189,-0.3627,6,9,2,0,0,150,1,0
USR_04107,4,0.5,4,0,121,343.21,0.81,0.2792,3,5,1,0,1,1015,10,0
USR_04108,18,0.7826,9,2,22,701.34,0.942,0.3589,15,19,6,0,0,629,5,0
USR_04109,4,0.2667,13,0,67,1222.1,0.5501,0.1921,3,6,1,0,0,408,5,0
USR_04110,7,0.3889,5,0,30,763.24,0.6421,0.1727,5,5,2,1,0,33,2,0
USR_04111,11,0.9167,22,1,17,1224.95,0.5461,-0.0827,9,11,3,0,0,591,1,0
USR_04112,10,0.4762,13,1,32,405.23,0.7686,0.0962,8,11,3,1,0,207,12,0
USR_04113,21,0.84,20,2,29,560.06,0.7076,0.168,17,20,7,0,0,1174,7,0
USR_04114,13,0.8667,15,1,14,873.9,0.3618,0.7033,11,12,4,0,1,370,0,0
USR_04115,22,0.9167,5,3,39,907.65,0.6618,-0.4843,18,22,7,0,1,585,12,0
USR_04116,18,0.5806,19,2,1,400.89,0.6481,-0.1826,15,19,6,1,0,51,5,0
USR_04117,17,0.85,22,2,37,93.71,0.6284,-0.0575,14,14,5,1,0,183,2,0
USR_04118,15,0.6818,12,2,16,66.36,0.6724,0.1437,13,17,5,0,0,272,3,0
USR_04119,4,0.3333,20,0,181,640.71,0.4698,0.4465,3,5,1,0,0,90,7,0
USR_04120,1,0.125,29,0,128,770.04,0.7279,0.3067,1,5,0,0,0,879,3,0
USR_04121,16,0.7619,7,2,18,563.61,0.8091,-0.0876,13,15,5,1,0,1136,5,0
USR_04122,4,1.0,26,0,69,684.11,0.7826,0.1932,4,5,1,0,0,1182,7,0
USR_04123,17,1.0,9,2,36,2394.29,0.8411,-0.0343,14,16,5,0,0,340,1,0
USR_04124,15,0.6818,1,2,31,447.12,0.4064,0.0766,12,14,5,1,0,952,12,0
USR_04125,5,0.2941,12,0,92,890.73,0.8007,0.3098,4,4,1,0,0,619,2,0
USR_04126,19,0.6129,24,2,27,2558.34,0.5694,-0.7973,16,20,6,1,1,83,3,0
USR_04127,7,0.4118,20,0,132,290.31,0.7505,-0.0808,5,5,2,0,0,136,7,0
USR_04128,1,0.2,9,0,81,2741.54,0.8879,-0.2927,1,2,0,1,0,670,5,0
USR_04129,9,0.3913,28,1,26,1446.5,0.7589,-0.2644,8,9,3,1,1,525,3,0
USR_04130,7,0.5833,29,1,39,518.95,0.5873,-0.1836,6,6,2,0,0,39,6,0
USR_04131,17,0.5862,29,2,26,87.53,0.5494,-0.5613,14,16,5,0,0,1118,12,0
USR_04132,12,0.8571,16,1,14,2023.3,0.6807,0.385,10,10,4,0,1,884,9,0
USR_04133,0,0.0,55,0,115,2741.35,0.7722,0.7658,0,1,0,0,0,617,10,0
USR_04134,6,0.6667,15,0,31,381.56,0.8122,0.0577,5,7,2,0,0,1184,1,0
USR_04135,23,0.7931,12,3,37,2882.72,0.8858,0.4852,19,20,7,1,0,1166,3,0
USR_04136,6,0.3529,15,0,32,172.01,0.8079,-0.1962,5,6,2,1,0,1169,4,0
USR_04137,10,0.4167,2,1,40,839.95,0.1597,0.3999,8,8,3,1,0,332,0,0
USR_04138,2,0.6667,4,0,155,577.05,0.3168,-0.1385,2,3,0,1,0,1060,8,0
USR_04139,1,0.1429,17,0,74,228.21,0.8452,-0.1714,1,3,0,0,1,620,2,0
USR_04140,12,0.9231,12,1,41,544.61,0.8489,0.0493,10,14,4,1,0,879,2,0
USR_04141,6,0.4286,14,0,144,648.93,0.7597,0.5448,5,5,2,0,1,1035,1,0
USR_04142,9,0.3913,27,1,26,256.79,0.433,0.3476,7,10,3,0,1,221,2,0
USR_04143,9,0.6429,20,1,0,1141.56,0.7402,0.4416,8,12,3,0,0,554,2,0
USR_04144,5,0.5,2,0,108,385.56,0.5192,-0.4276,4,6,1,0,1,180,5,0
USR_04145,12,0.75,28,1,5,499.01,0.5917,-0.3288,10,12,4,0,1,357,5,0
USR_04146,21,0.6364,25,2,13,2116.51,0.6017,-0.1453,18,20,7,0,1,513,1,0
USR_04147,11,0.4783,5,1,6,394.03,0.5735,0.4455,9,10,3,0,0,1030,1,0
USR_04148,8,0.4,25,1,27,108.92,0.4638,0.2096,6,10,2,1,0,1039,10,0
USR_04149,2,0.4,11,0,77,543.9,0.7891,-0.5346,1,2,0,0,0,486,0,0
USR_04150,18,0.8571,11,2,10,725.73,0.8664,-0.0826,15,17,6,1,1,415,4,0
USR_04151,1,0.3333,17,0,91,548.32,0.9626,-0.2005,0,1,0,1,0,650,4,0
USR_04152,3,0.6,27,0,110,1323.8,0.7253,-0.0401,3,4,1,0,0,1096,5,0
USR_04153,14,0.5833,10,1,32,916.14,0.3145,0.682,12,14,4,1,0,1172,11,0
USR_04154,18,0.6923,17,2,2,411.75,0.9351,-0.0573,15,19,6,1,0,295,5,0
USR_04155,11,0.4783,5,1,28,1161.18,0.4822,-0.1188,9,13,3,1,0,248,13,0
USR_04156,15,0.625,2,2,39,963.78,0.8296,-0.3523,13,13,5,0,0,856,11,0
USR_04157,6,0.3158,17,0,103,940.75,0.6981,0.2522,5,7,2,1,0,382,1,0
USR_04158,2,1.0,7,0,47,585.36,0.7398,-0.0368,2,6,0,0,1,263,1,0
USR_04159,11,0.5238,1,1,29,835.74,0.7124,-0.2571,9,12,3,0,1,66,2,0
USR_04160,20,0.9524,0,2,27,725.79,0.7927,0.1954,17,20,6,1,0,501,3,0
USR_04161,11,0.6875,11,1,32,523.1,0.6865,-0.1087,9,13,3,0,0,488,4,0
USR_04162,17,0.7391,7,2,11,975.89,0.8861,-0.0626,14,15,5,0,0,688,1,0
USR_04163,26,0.7879,29,3,13,1038.3,0.6019,-0.3073,21,24,8,0,0,264,1,0
USR_04164,6,0.6667,14,0,186,1038.68,0.7892,-0.5786,5,8,2,0,0,865,3,0
USR_04165,5,0.7143,14,0,124,1089.65,0.3971,0.2425,4,4,1,0,0,825,6,0
USR_04166,9,0.8182,4,1,28,109.97,0.7087,0.1212,8,11,3,1,0,570,6,0
USR_04167,9,0.75,3,1,30,1371.23,0.2784,0.0911,8,10,3,1,1,242,13,0
USR_04168,12,0.5455,8,1,25,307.58,0.4577,-0.0434,10,12,4,0,0,623,1,0
USR_04169,5,0.2778,25,0,122,1629.59,0.3649,-0.1704,4,4,1,1,1,819,3,0
USR_04170,1,0.1667,18,0,89,223.99,0.7159,0.0282,0,3,0,1,0,466,13,0
USR_04171,7,0.3684,5,1,26,2357.95,0.7746,0.2032,6,7,2,0,1,338,7,0
USR_04172,9,0.4286,1,1,1,115.94,0.7317,0.1152,8,11,3,0,0,622,5,0
USR_04173,20,0.8333,7,2,43,861.44,0.4679,-0.213,16,19,6,1,0,445,4,0
USR_04174,9,0.8182,8,1,26,496.44,0.5362,0.2885,7,11,3,0,0,498,0,0
USR_04175,24,0.8276,28,3,1,963.65,0.5542,0.0161,20,20,8,0,1,438,11,0
USR_04176,18,0.9474,5,2,18,2644.86,0.4829,0.0097,15,15,6,1,0,385,5,0
USR_04177,14,0.5,23,1,8,803.76,0.5168,-0.1661,11,13,4,1,0,868,5,0
USR_04178,17,0.5862,11,2,0,1410.45,0.6266,-0.1387,14,15,5,0,0,568,4,0
USR_04179,23,0.8214,9,3,23,2270.33,0.4598,0.0619,19,22,7,0,0,575,3,0
USR_04180,4,0.3636,6,0,76,405.36,0.4415,-0.4007,4,4,1,1,1,794,1,0
USR_04181,16,0.8,19,2,3,888.57,0.4876,-0.1239,13,15,5,1,0,452,8,0
USR_04182,18,1.0,20,2,22,1987.15,0.7886,-0.1608,15,17,6,1,1,148,4,0
USR_04183,14,0.8235,14,1,31,882.0,0.0927,-0.0621,12,15,4,0,0,1027,0,0
USR_04184,9,1.0,28,1,16,416.05,0.6283,0.0826,8,9,3,1,0,95,3,0
USR_04185,18,0.75,26,2,3,1004.31,0.6546,-0.419,15,19,6,0,0,699,12,0
USR_04186,13,0.6842,23,1,32,729.16,0.467,0.5056,11,12,4,0,0,341,3,0
USR_04187,16,0.7619,16,2,8,999.68,0.3547,-0.0104,13,14,5,0,0,280,3,0
USR_04188,12,0.5455,15,1,10,435.83,0.5796,0.1717,10,11,4,1,1,79,5,0
USR_04189,12,0.5217,19,1,24,807.36,0.1424,0.2822,10,14,4,1,0,1083,9,0
USR_04190,12,0.6,17,1,8,594.9,0.5536,0.5491,10,12,4,0,0,532,6,0
USR_04191,11,0.6875,4,1,36,447.73,0.7324,0.0489,9,10,3,1,0,430,10,0
USR_04192,14,0.7368,19,1,35,1896.6,0.32,-0.2708,12,14,4,1,0,897,0,0
USR_04193,11,0.6471,7,1,16,441.0,0.7425,-0.3773,9,13,3,1,0,75,12,0
USR_04194,3,0.2143,22,0,177,363.5,0.9775,0.1359,3,4,1,0,1,690,12,0
USR_04195,15,0.7895,0,2,2,257.45,0.3846,-0.1047,13,17,5,0,0,608,4,0
USR_04196,21,0.6774,1,2,37,631.6,0.238,0.4915,18,21,7,0,0,677,5,0
USR_04197,14,0.7778,17,1,15,588.86,0.8866,-0.2144,11,14,4,1,0,175,1,0
USR_04198,7,0.4667,23,0,34,1185.25,0.6854,-0.3013,6,7,2,1,0,1144,3,0
USR_04199,15,0.8333,16,2,3,248.37,0.6969,-0.3191,12,14,5,0,1,309,1,0
USR_04200,20,0.9524,5,2,9,172.85,0.8931,0.7039,17,20,6,0,0,823,0,0
USR_04201,1,0.125,9,0,96,150.83,0.5108,0.4816,0,1,0,1,1,904,13,0
USR_04202,6,0.375,13,0,154,958.0,0.3963,-0.3034,5,7,2,0,1,432,1,0
USR_04203,6,0.5,6,0,84,1521.84,0.7888,-0.0994,5,6,2,0,0,182,5,0
USR_04204,3,0.2143,28,0,50,1425.77,0.8256,-0.1165,3,6,1,0,0,377,2,0
USR_04205,15,1.0,13,2,39,445.32,0.2699,-0.5253,12,15,5,0,0,974,3,0
USR_04206,22,1.0,26,2,15,738.1,0.49,-0.0341,18,20,7,0,0,1090,3,0
USR_04207,9,0.4091,3,1,40,110.23,0.9351,0.2013,8,9,3,1,0,1126,2,0
USR_04208,3,0.2727,13,0,154,2426.77,0.7969,0.0235,3,7,1,0,0,294,6,0
USR_04209,10,0.6667,25,1,31,1678.16,0.6645,-0.076,9,13,3,1,0,739,13,0
USR_04210,16,0.64,8,2,43,1370.82,0.4513,-0.1173,13,15,5,0,0,206,3,0
USR_04211,9,0.45,24,1,37,324.36,0.4213,-0.123,7,7,3,1,0,861,13,0
USR_04212,16,0.5517,22,2,31,497.28,0.2522,0.0606,13,13,5,0,0,516,6,0
USR_04213,11,0.4583,17,1,24,571.28,0.8274,0.4319,9,13,3,0,0,864,5,0
USR_04214,15,0.75,1,2,36,2592.13,0.5999,-0.1093,12,15,5,0,0,831,1,0
USR_04215,19,1.0,27,2,42,1480.3,0.3674,-0.2276,15,18,6,1,0,1191,0,0
USR_04216,19,0.76,14,2,22,572.73,0.8214,-0.2712,15,19,6,0,0,601,10,0
USR_04217,16,0.9412,18,2,37,1061.75,0.6245,0.5653,13,15,5,0,0,429,5,0
USR_04218,23,0.7667,20,3,0,320.74,0.3378,0.5575,19,20,7,0,0,646,3,0
USR_04219,10,0.8333,14,1,29,219.67,0.5662,-0.0117,8,12,3,1,0,220,10,0
USR_04220,11,0.5238,4,1,43,629.52,0.5518,0.0366,9,12,3,1,1,160,2,0
USR_04221,9,0.4091,17,1,10,267.77,0.7559,-0.0737,7,7,3,0,1,637,9,0
USR_04222,11,0.7857,17,1,36,171.83,0.4142,-0.3334,9,9,3,0,0,995,2,0
USR_04223,21,0.7241,2,2,34,683.08,0.3752,-0.0063,17,19,7,0,0,653,12,0
USR_04224,13,0.4815,5,1,6,538.18,0.3187,-0.4398,11,11,4,1,0,944,1,0
USR_04225,17,0.8095,6,2,39,296.8,0.7017,-0.2414,14,14,5,0,0,238,0,0
USR_04226,7,0.3889,10,0,151,482.89,0.8235,-0.1481,5,5,2,0,0,555,7,0
USR_04227,17,1.0,16,2,21,900.53,0.6174,0.3217,14,15,5,0,0,747,0,0
USR_04228,16,0.64,18,2,12,555.24,0.4424,0.0197,13,13,5,1,1,436,12,0
USR_04229,5,1.0,3,0,176,743.99,0.217,-0.2932,4,7,1,0,1,46,6,0
USR_04230,20,0.9524,25,2,22,580.59,0.1711,0.3284,16,16,6,0,1,115,1,0
USR_04231,6,0.4286,24,0,196,2654.57,0.7887,-0.0376,5,6,2,1,0,1115,1,0
USR_04232,5,0.2778,2,0,64,1926.31,0.331,-0.2981,4,7,1,1,0,738,12,0
USR_04233,17,0.6296,5,2,33,729.96,0.7852,0.1871,14,15,5,1,0,339,5,0
USR_04234,9,0.6,25,1,9,345.33,0.5307,0.0494,7,7,3,0,0,332,11,0
USR_04235,13,0.7222,12,1,42,424.82,0.8904,-0.6687,11,13,4,0,0,76,0,0
USR_04236,4,0.3636,13,0,35,236.72,0.8292,0.0475,3,6,1,0,1,1135,12,0
USR_04237,5,0.5556,14,0,91,351.43,0.5085,-0.206,4,7,1,0,0,156,4,0
USR_04238,9,1.0,29,1,18,1134.99,0.2193,-0.2478,8,12,3,1,0,918,6,0
USR_04239,6,0.3333,4,0,84,413.68,0.5587,-0.0956,5,8,2,1,0,311,3,0
USR_04240,7,0.5,28,0,63,578.27,0.8077,-0.5493,6,6,2,1,0,422,0,0
USR_04241,14,0.5385,7,1,1,1711.55,0.464,-0.0719,11,15,4,1,0,350,13,0
USR_04242,20,0.7143,26,2,36,1035.27,0.8114,0.0808,17,17,6,1,0,994,13,0
USR_04243,9,0.6429,14,1,37,702.79,0.621,-0.25,8,11,3,1,0,68,2,0
USR_04244,11,1.0,22,1,14,607.07,0.7697,-0.0888,9,12,3,0,0,442,12,0
USR_04245,18,0.6207,3,2,13,567.68,0.5833,0.0124,15,19,6,1,0,356,0,0
USR_04246,11,0.55,10,1,11,1400.96,0.7606,0.1402,9,12,3,0,0,349,0,0
USR_04247,10,0.4348,5,1,37,844.14,0.3856,0.1844,8,12,3,0,1,255,0,0
USR_04248,5,0.625,17,0,58,541.73,0.8595,-0.1863,4,7,1,1,0,1097,3,0
USR_04249,8,0.6154,0,1,5,240.08,0.7297,-0.0826,6,6,2,1,0,472,0,0
USR_04250,16,0.8421,11,2,6,978.64,0.8572,-0.4622,13,17,5,1,1,519,3,0
USR_04251,10,0.8333,15,1,1,874.8,0.9213,-0.1968,8,9,3,0,0,480,0,0
USR_04252,6,0.3158,14,0,151,187.58,0.7509,0.3946,5,8,2,1,1,1176,8,0
USR_04253,17,0.7727,24,2,13,587.78,0.4535,-0.2956,14,14,5,0,1,426,10,0
USR_04254,17,1.0,18,2,17,869.55,0.1537,0.351,14,16,5,0,1,429,6,0
USR_04255,18,1.0,24,2,14,539.65,0.3429,-0.3383,15,18,6,0,0,413,1,0
USR_04256,8,0.6154,15,1,24,2839.26,0.791,0.2097,7,11,2,0,0,412,8,0
USR_04257,19,1.0,10,2,44,2256.66,0.4941,0.0705,16,17,6,0,0,134,1,0
USR_04258,9,0.4091,8,1,43,242.35,0.6251,0.4971,8,12,3,1,0,737,8,0
USR_04259,9,0.4286,20,1,10,545.35,0.8993,-0.731,8,11,3,0,0,59,5,0
USR_04260,15,0.5357,27,2,37,1443.85,0.322,-0.2403,12,16,5,1,0,294,2,0
USR_04261,10,0.4545,29,1,33,622.2,0.7702,0.4994,9,12,3,0,0,266,0,0
USR_04262,11,1.0,6,1,40,1199.3,0.4734,0.0295,9,11,3,1,1,371,10,0
USR_04263,16,0.64,12,2,41,396.09,0.5831,0.1633,13,17,5,0,0,915,12,0
USR_04264,8,0.4,18,1,4,189.44,0.7964,-0.2542,7,7,2,0,0,731,6,0
USR_04265,17,0.5862,27,2,35,1158.16,0.2755,-0.3233,14,16,5,0,1,1189,13,0
USR_04266,10,0.625,9,1,34,509.89,0.333,0.3609,8,12,3,0,1,440,12,0
USR_04267,12,0.4615,23,1,43,5000.0,0.7771,-0.0181,10,14,4,0,0,1116,1,0
USR_04268,3,0.6,25,0,147,1411.13,0.6204,0.9731,2,2,1,1,0,82,8,0
USR_04269,14,0.5833,5,1,7,284.85,0.305,0.0443,11,15,4,0,0,619,2,0
USR_04270,1,0.2,9,0,190,1140.01,0.5813,0.2343,1,1,0,0,0,964,4,0
USR_04271,13,0.5,13,1,30,628.61,0.5384,0.3165,11,14,4,1,0,652,0,0
USR_04272,8,0.381,25,1,14,1012.87,0.6213,0.1478,6,7,2,0,0,1121,13,0
USR_04273,22,0.6286,27,2,23,372.88,0.584,0.2437,18,18,7,1,1,398,7,0
USR_04274,8,1.0,4,1,27,853.78,0.3995,0.3957,7,11,2,1,0,68,1,0
USR_04275,9,0.6923,5,1,39,1552.15,0.8313,-0.0097,7,8,3,0,0,935,3,0
USR_04276,14,0.7368,11,1,6,1284.25,0.8066,-0.17,12,16,4,1,0,109,3,0
USR_04277,12,0.4615,1,1,33,1596.52,0.3987,0.2952,10,12,4,0,0,924,8,0
USR_04278,5,0.3571,15,0,188,5000.0,0.3581,0.4881,4,5,1,0,1,888,12,0
USR_04279,10,0.4167,8,1,35,457.85,0.556,-0.2141,8,10,3,0,0,1017,2,0
USR_04280,5,0.2778,11,0,191,2819.57,0.771,0.5083,4,4,1,0,0,590,4,0
USR_04281,3,0.4286,0,0,119,842.62,0.8468,-0.3462,3,6,1,1,0,1077,5,0
USR_04282,16,0.8889,6,2,24,487.98,0.6811,0.0168,13,14,5,1,0,228,3,0
USR_04283,17,0.6538,3,2,30,661.26,0.5651,-0.4578,14,15,5,1,1,538,4,0
USR_04284,8,0.4211,6,1,35,1369.59,0.5009,-0.5558,7,9,2,0,0,172,0,0
USR_04285,5,0.625,12,0,186,495.42,0.7652,-0.0683,4,7,1,1,0,927,0,0
USR_04286,10,0.5,7,1,36,138.66,0.743,0.1496,8,11,3,0,1,865,3,0
USR_04287,11,0.6875,22,1,8,1302.18,0.3513,-0.033,9,12,3,0,0,973,12,0
USR_04288,17,0.6071,13,2,29,797.9,0.8103,0.5616,14,14,5,0,1,924,2,0
USR_04289,7,0.4375,6,1,1,439.12,0.866,-0.3644,6,9,2,1,0,390,1,0
USR_04290,6,0.375,18,0,179,242.56,0.7275,-0.001,5,7,2,0,0,109,8,0
USR_04291,3,1.0,25,0,82,920.98,0.4887,-0.2182,2,5,1,1,1,1117,12,0
USR_04292,11,0.4783,14,1,28,1868.27,0.342,-0.1289,9,11,3,1,0,606,3,0
USR_04293,12,0.5714,29,1,38,324.63,0.5067,-0.1933,10,13,4,0,0,140,0,0
USR_04294,7,0.7,10,0,141,833.47,0.6461,-0.1251,6,10,2,1,0,1114,6,0
USR_04295,6,0.4615,13,0,146,3907.92,0.5065,-0.0446,5,9,2,0,1,1193,3,0
USR_04296,18,0.8182,12,2,4,1420.88,0.3923,-0.3812,15,19,6,1,0,551,6,0
USR_04297,5,0.8333,29,0,127,667.68,0.6835,0.3092,4,4,1,0,0,931,2,0
USR_04298,26,0.7879,21,3,29,616.05,0.6402,0.3646,22,22,8,0,1,72,0,0
USR_04299,16,0.6154,17,2,40,457.52,0.6353,0.0383,13,15,5,1,1,139,2,0
USR_04300,19,0.6333,10,2,5,710.52,0.5423,-0.0574,15,19,6,1,0,353,7,0
USR_04301,9,0.3913,1,1,1,481.25,0.7013,-0.0828,7,7,3,0,0,797,3,0
USR_04302,2,0.1818,27,0,196,541.36,0.7693,0.286,1,1,0,0,0,186,1,0
USR_04303,19,1.0,3,2,36,611.44,0.3777,-0.304,16,20,6,0,0,69,3,0
USR_04304,8,0.6154,21,1,9,185.89,0.7241,0.1647,7,7,2,1,0,812,8,0
USR_04305,4,0.4,15,0,72,600.5,0.7578,-0.1121,3,4,1,0,1,931,0,0
USR_04306,14,0.5,20,1,44,5000.0,0.8048,-0.1355,11,12,4,1,0,894,7,0
USR_04307,14,0.9333,27,1,23,225.85,0.918,-0.0397,12,12,4,0,0,965,6,0
USR_04308,2,0.1333,5,0,49,2346.62,0.6506,0.0457,1,3,0,0,0,969,3,0
USR_04309,20,0.8696,2,2,11,1600.67,0.3433,-0.4315,16,19,6,1,0,734,13,0
USR_04310,11,0.5238,11,1,31,1162.03,0.44,-0.2871,9,13,3,0,0,637,11,0
USR_04311,12,0.6316,17,1,19,454.68,0.5836,-0.189,10,11,4,0,0,1032,2,0
USR_04312,6,0.3,2,0,120,1459.61,0.7998,0.0809,5,9,2,1,0,437,0,0
USR_04313,9,0.6923,24,1,15,3053.85,0.7169,-0.551,8,8,3,0,0,144,2,0
USR_04314,5,0.4167,18,0,118,1685.1,0.7616,0.2755,4,4,1,1,0,909,1,0
USR_04315,9,0.5,29,1,6,869.91,0.4501,0.4607,7,9,3,1,0,352,4,0
USR_04316,11,0.8462,8,1,29,725.32,0.4202,-0.2451,9,11,3,1,1,1175,12,0
USR_04317,3,0.5,27,0,189,428.99,0.487,0.0018,2,2,1,0,0,514,11,0
USR_04318,6,0.3529,11,0,191,780.21,0.834,0.297,5,6,2,0,0,1026,2,0
USR_04319,11,0.5,3,1,8,1110.37,0.4541,-0.0272,9,9,3,0,0,79,3,0
USR_04320,7,0.4118,25,1,42,744.2,0.8095,-0.09,6,10,2,0,1,801,0,0
USR_04321,21,0.913,2,2,44,677.47,0.7139,0.2679,17,18,7,1,0,554,4,0
USR_04322,13,0.8125,21,1,22,684.94,0.5319,0.3723,10,12,4,0,1,571,0,0
USR_04323,5,0.2778,6,0,161,3130.87,0.9081,-0.1693,4,5,1,0,0,340,12,0
USR_04324,22,0.6286,20,3,28,831.63,0.4378,-0.1824,18,21,7,1,1,1166,10,0
USR_04325,19,0.76,8,2,5,856.81,0.6137,0.1386,15,19,6,1,0,489,1,0
USR_04326,11,0.5789,2,1,11,106.09,0.4957,-0.1906,9,12,3,1,0,1025,7,0
USR_04327,9,1.0,25,1,27,1565.21,0.7748,-0.3064,7,7,3,1,1,527,5,0
USR_04328,14,0.6087,10,1,27,1155.86,0.8004,-0.1795,11,14,4,0,0,86,9,0
USR_04329,8,0.8889,19,1,17,1112.91,0.639,-0.3047,6,6,2,1,0,1058,4,0
USR_04330,11,0.9167,1,1,22,1174.73,0.9011,-0.39,9,13,3,1,0,246,1,0
USR_04331,6,0.4615,28,0,57,338.15,0.7881,0.4806,5,8,2,0,0,346,6,0
USR_04332,17,0.5862,18,2,32,572.73,0.5785,-0.3924,14,16,5,0,1,1037,0,0
USR_04333,2,0.1333,12,0,110,2957.98,0.5269,0.0141,2,5,0,0,0,1075,5,0
USR_04334,2,0.25,27,0,81,235.53,0.6771,-0.5623,1,4,0,0,1,1102,1,0
USR_04335,8,0.5333,12,1,11,247.26,0.1619,0.4727,7,7,2,0,1,528,6,0
USR_04336,10,0.5556,9,1,1,223.0,0.27,0.0163,8,8,3,1,0,915,10,0
USR_04337,11,0.6471,8,1,26,623.27,0.5211,0.4513,9,12,3,0,0,413,0,0
USR_04338,9,0.4737,19,1,6,2587.15,0.59,-0.2402,7,9,3,1,0,896,3,0
USR_04339,6,0.3529,13,0,86,902.21,0.5024,0.7176,5,9,2,0,0,617,8,0
USR_04340,8,0.5714,17,1,23,1723.55,0.6199,-0.352,7,11,2,0,0,90,0,0
USR_04341,9,0.75,23,1,2,145.97,0.4018,0.1669,7,7,3,1,0,518,5,0
USR_04342,3,0.2,19,0,159,368.41,0.5918,-0.7392,3,4,1,0,0,577,6,0
USR_04343,15,0.6,20,2,36,418.55,0.4043,-0.1383,13,16,5,1,0,331,2,0
USR_04344,16,0.7273,18,2,11,2600.8,0.9103,-0.021,13,14,5,0,0,468,10,0
USR_04345,12,0.8,23,1,12,809.95,0.8577,0.0002,10,14,4,0,0,618,4,0
USR_04346,12,0.6667,21,1,19,694.32,0.8174,-0.146,10,11,4,0,0,88,5,0
USR_04347,2,0.1429,24,0,123,844.55,0.3463,0.1218,2,6,0,1,0,207,0,0
USR_04348,4,0.5,18,0,195,597.44,0.4039,-0.1575,4,5,1,0,0,927,0,0
USR_04349,7,0.35,0,1,19,3547.65,0.8749,0.4339,6,7,2,1,1,441,0,0
USR_04350,8,0.7273,27,1,9,3436.37,0.5351,0.1427,6,6,2,0,0,741,12,0
USR_04351,22,0.9167,7,2,35,1770.65,0.4667,-0.4006,18,21,7,0,0,691,11,0
USR_04352,20,1.0,21,2,0,1617.85,0.6338,0.1205,16,16,6,0,0,674,9,0
USR_04353,3,0.6,19,0,176,480.24,0.7759,-0.0173,3,4,1,0,1,513,1,0
USR_04354,10,0.7692,19,1,21,1051.48,0.5155,-0.6961,8,12,3,0,0,595,4,0
USR_04355,8,0.4444,13,1,3,145.52,0.4801,0.4561,6,10,2,1,0,993,9,0
USR_04356,0,0.0,166,0,181,512.46,0.9244,-0.305,0,1,0,1,0,1159,6,1
USR_04357,15,0.625,3,2,20,208.61,0.4601,0.0334,13,15,5,1,0,330,0,0
USR_04358,8,0.8889,7,1,1,1078.75,0.5708,0.1148,7,7,2,1,0,813,11,0
USR_04359,14,0.6087,1,1,34,666.52,0.6137,0.005,12,15,4,1,0,1164,0,0
USR_04360,26,0.7429,27,3,36,1335.47,0.6228,0.2348,21,22,8,0,0,38,0,0
USR_04361,13,0.65,28,1,1,1220.68,0.122,0.261,10,11,4,1,1,948,12,0
USR_04362,10,0.5263,3,1,17,1777.72,0.5443,0.0567,9,11,3,0,0,611,4,0
USR_04363,4,0.8,25,0,103,391.75,0.2163,-0.2868,3,6,1,1,1,1162,3,0
USR_04364,22,0.7586,20,3,7,171.66,0.9679,0.0302,18,22,7,1,1,706,4,0
USR_04365,5,0.3333,9,0,131,3418.43,0.6121,0.3522,4,4,1,0,0,1010,13,0
USR_04366,2,0.5,4,0,103,468.05,0.5909,-0.0394,2,6,0,1,0,224,0,0
USR_04367,22,0.9167,19,2,22,697.31,0.5975,-0.4394,18,21,7,0,1,196,8,0
USR_04368,20,0.6452,0,2,11,1704.59,0.8268,0.3424,17,18,6,0,0,1114,2,0
USR_04369,12,0.6,4,1,7,572.18,0.4276,-0.1392,10,13,4,1,0,645,0,0
USR_04370,15,0.8333,3,2,38,289.66,0.1843,0.2637,12,13,5,0,1,683,3,0
USR_04371,13,0.7222,4,1,30,3932.33,0.304,-0.1652,11,11,4,0,0,228,4,0
USR_04372,8,0.381,0,1,38,466.31,0.6435,0.1534,6,6,2,1,0,295,1,0
USR_04373,9,0.6923,10,1,3,3174.0,0.5724,-0.0794,8,10,3,0,1,987,3,0
USR_04374,3,0.375,24,0,48,973.41,0.6839,-0.1869,3,7,1,0,0,384,6,0
USR_04375,25,0.6757,8,3,20,1624.39,0.8355,0.1466,21,25,8,0,0,713,5,0
USR_04376,16,0.8421,7,2,44,1599.52,0.7627,-0.2381,13,14,5,0,0,400,7,0
USR_04377,4,0.4,29,0,167,522.98,0.8399,-0.5226,3,6,1,0,0,338,10,0
USR_04378,19,0.8261,14,2,23,1176.12,0.8226,0.2159,16,17,6,0,0,224,3,0
USR_04379,18,0.72,0,2,7,3530.67,0.4746,-0.1744,15,19,6,1,0,1117,3,0
USR_04380,11,0.7857,17,1,43,2094.74,0.3524,0.0849,9,12,3,1,0,1129,4,0
USR_04381,14,0.5185,16,1,26,1838.36,0.4404,0.0731,11,15,4,0,0,164,5,0
USR_04382,11,0.8462,12,1,35,1264.74,0.2629,0.2037,9,10,3,1,0,443,0,0
USR_04383,4,0.3333,25,0,152,673.61,0.7105,0.2696,3,7,1,1,0,689,2,0
USR_04384,18,0.6667,20,2,34,368.22,0.6513,0.1457,15,17,6,0,0,478,0,0
USR_04385,11,0.4783,0,1,40,2615.97,0.5348,0.1856,9,12,3,1,0,873,3,0
USR_04386,24,0.96,11,3,19,463.52,0.3292,0.2729,20,22,8,0,0,334,13,0
USR_04387,12,0.5,16,1,29,494.71,0.2105,-0.1625,10,11,4,0,0,98,5,0
USR_04388,24,0.8889,19,3,35,741.41,0.8681,-0.1859,20,21,8,0,1,424,3,0
USR_04389,20,0.6667,11,2,16,226.55,0.5132,0.1787,16,16,6,0,0,729,5,0
USR_04390,26,1.0,13,3,29,542.79,0.8011,-0.5116,22,26,8,0,1,241,6,0
USR_04391,18,0.9,6,2,22,399.78,0.3247,-0.3808,15,18,6,0,0,984,3,0
USR_04392,14,0.6667,18,1,25,231.77,0.6316,-0.5013,12,16,4,0,0,44,3,0
USR_04393,24,0.96,7,3,23,267.78,0.6892,0.332,20,20,8,1,0,109,7,0
USR_04394,0,0.0,70,0,106,710.96,0.3978,0.3252,0,4,0,0,1,625,0,0
USR_04395,9,0.6,24,1,44,1647.08,0.3162,0.2471,8,8,3,0,0,629,4,0
USR_04396,9,0.5625,27,1,14,674.82,0.6872,0.0134,8,10,3,0,1,375,4,0
USR_04397,13,1.0,13,1,33,302.38,0.7409,-0.1359,11,14,4,0,0,332,8,0
USR_04398,8,0.4444,6,1,35,428.25,0.7854,-0.0687,7,9,2,0,1,111,13,0
USR_04399,14,0.7778,1,1,32,953.84,0.5934,0.1141,12,14,4,1,0,805,9,0
USR_04400,1,0.0909,25,0,157,1815.58,0.5511,0.2083,1,4,0,0,0,473,4,0
USR_04401,1,0.25,12,0,50,1562.52,0.8267,-0.3342,1,4,0,0,0,168,0,0
USR_04402,20,0.8696,5,2,27,879.56,0.7727,0.2142,16,19,6,1,0,497,5,0
USR_04403,14,1.0,24,1,6,2439.63,0.7293,0.3236,11,14,4,1,0,1126,10,0
USR_04404,5,0.2941,14,0,72,475.18,0.7951,0.2445,4,6,1,0,0,335,12,0
USR_04405,20,0.8,20,2,21,283.39,0.7037,-0.4465,17,21,6,1,0,1076,10,0
USR_04406,18,0.9,1,2,31,577.52,0.7561,0.2222,15,18,6,1,0,332,1,0
USR_04407,7,0.7,28,1,43,1991.32,0.6159,-0.0236,6,8,2,1,0,247,7,0
USR_04408,10,0.8333,9,1,11,1270.92,0.5578,0.4681,8,9,3,0,0,334,11,0
USR_04409,3,0.75,23,0,83,1737.52,0.6069,-0.0385,2,3,1,1,1,408,6,0
USR_04410,15,0.9375,8,2,38,676.62,0.4152,0.3306,13,17,5,0,0,171,6,0
USR_04411,12,0.5455,5,1,9,816.67,0.5951,0.4392,10,13,4,0,0,717,4,0
USR_04412,15,0.6522,12,2,13,614.28,0.1729,0.2435,13,14,5,1,0,420,6,0
USR_04413,8,0.381,2,1,18,365.99,0.6849,-0.1646,7,9,2,1,0,870,2,0
USR_04414,9,0.3913,15,1,12,750.65,0.7138,0.1448,8,12,3,1,0,604,0,0
USR_04415,8,0.4706,13,1,8,611.07,0.5849,-0.2417,7,7,2,1,0,547,10,0
USR_04416,15,0.6522,2,2,33,496.44,0.8199,-0.1681,12,15,5,0,1,581,12,0
USR_04417,10,0.4348,13,1,31,1186.65,0.5973,0.3488,8,9,3,1,0,212,10,0
USR_04418,9,0.3913,17,1,33,810.23,0.2986,0.0143,7,10,3,1,0,864,2,0
USR_04419,6,0.75,16,0,140,2155.83,0.3946,-0.0417,5,7,2,1,0,151,0,0
USR_04420,24,0.75,2,3,8,365.69,0.5593,0.4956,20,21,8,0,1,874,2,0
USR_04421,10,0.4762,20,1,26,528.27,0.3516,0.4209,8,11,3,1,0,1199,10,0
USR_04422,12,0.48,9,1,24,177.43,0.7955,-0.3229,10,11,4,1,0,923,6,0
USR_04423,7,0.5385,7,1,40,330.83,0.8037,0.0331,6,8,2,1,0,562,13,0
USR_04424,6,0.4,25,0,135,1209.65,0.7302,-0.1174,5,5,2,0,1,397,2,0
USR_04425,7,0.5,29,0,76,1402.1,0.4967,-0.0719,6,6,2,0,0,1050,4,0
USR_04426,14,0.6087,3,1,24,1273.18,0.4116,0.3151,12,15,4,0,0,330,9,0
USR_04427,17,0.6538,14,2,42,2066.1,0.4906,0.2046,14,17,5,1,0,594,1,0
USR_04428,7,0.4667,7,0,89,1130.68,0.2135,-0.4749,6,10,2,0,0,931,13,0
USR_04429,13,0.5417,21,1,21,770.96,0.2922,0.3384,11,13,4,1,0,1109,5,0
USR_04430,5,0.8333,18,0,72,1252.41,0.5945,-0.1366,4,7,1,1,0,1107,0,0
USR_04431,18,1.0,12,2,1,400.33,0.6003,0.132,15,16,6,1,0,132,0,0
USR_04432,1,0.0769,22,0,171,197.61,0.4821,0.2072,1,1,0,1,0,1080,11,0
USR_04433,19,0.7917,20,2,41,537.51,0.5675,0.2267,16,17,6,1,0,163,6,0
USR_04434,11,0.6875,27,1,20,591.18,0.8777,-0.1687,9,13,3,0,1,713,8,0
USR_04435,20,0.6452,29,2,41,805.49,0.4198,0.1334,17,20,6,1,1,1117,9,0
USR_04436,18,0.6923,12,2,35,389.25,0.3735,0.2583,15,18,6,0,0,796,3,0
USR_04437,17,0.68,4,2,42,455.66,0.8299,-0.0383,14,16,5,0,1,1138,9,0
USR_04438,15,0.5172,27,2,6,1386.02,0.2646,-0.1357,13,17,5,1,0,432,12,0
USR_04439,9,0.6429,13,1,37,278.48,0.7682,-0.3003,8,9,3,0,1,398,0,0
USR_04440,20,0.8696,26,2,9,683.57,0.4923,0.5424,16,19,6,1,0,411,8,0
USR_04441,11,1.0,20,1,12,450.47,0.5125,-0.3582,9,13,3,0,1,445,2,0
USR_04442,8,0.3636,15,1,5,191.67,0.298,-0.2768,6,6,2,0,0,828,2,0
USR_04443,9,1.0,25,1,12,534.46,0.7809,0.0715,7,11,3,0,0,559,3,0
USR_04444,13,0.6842,22,1,28,361.44,0.3912,-0.2965,11,14,4,0,0,892,10,0
USR_04445,5,0.4545,19,0,102,529.63,0.4807,0.5415,4,4,1,0,0,516,0,0
USR_04446,9,0.4091,15,1,1,790.32,0.3563,-0.3629,8,9,3,0,0,390,3,0
USR_04447,11,0.6111,6,1,10,130.11,0.7287,0.0576,9,12,3,1,0,252,6,0
USR_04448,24,1.0,6,3,5,1692.53,0.9271,0.2786,20,21,8,0,0,674,0,0
USR_04449,26,0.8966,19,3,40,5000.0,0.6906,-0.359,22,24,8,1,1,1081,9,0
USR_04450,8,0.5333,11,1,33,348.48,0.4738,-0.2391,7,11,2,0,0,1034,12,0
USR_04451,8,0.4211,18,1,24,462.79,0.6718,0.0372,6,6,2,0,0,326,0,0
USR_04452,26,1.0,21,3,38,384.4,0.8915,-0.1953,21,22,8,1,0,588,0,0
USR_04453,16,0.6154,1,2,11,311.75,0.5939,0.1276,13,15,5,1,0,855,13,0
USR_04454,12,0.8571,2,1,40,3648.91,0.6125,-0.065,10,14,4,0,0,746,1,0
USR_04455,8,0.8,18,1,34,577.78,0.4967,0.0336,7,7,2,0,0,108,0,0
USR_04456,9,0.8182,29,1,11,1292.3,0.5383,0.2056,7,8,3,0,0,721,13,0
USR_04457,1,0.3333,15,0,69,1899.9,0.4825,-0.2611,1,5,0,1,0,75,11,0
USR_04458,12,0.5714,20,1,43,1710.99,0.7269,0.0025,10,11,4,0,0,166,6,0
USR_04459,12,0.5,8,1,17,1817.3,0.7868,-0.0677,10,13,4,1,1,794,4,0
USR_04460,11,0.9167,6,1,9,258.58,0.728,-0.2713,9,13,3,0,0,149,12,0
USR_04461,17,0.5667,7,2,41,1538.4,0.5556,0.2441,14,18,5,0,0,426,6,0
USR_04462,11,0.7857,28,1,14,544.01,0.3507,-0.4963,9,11,3,0,1,718,6,0
USR_04463,8,0.3636,23,1,24,2759.5,0.6659,-0.4066,7,9,2,0,0,796,10,0
USR_04464,5,0.2941,10,0,44,365.69,0.5145,0.2051,4,6,1,0,0,551,6,0
USR_04465,17,0.6296,1,2,28,284.88,0.4129,-0.4222,14,18,5,0,0,140,4,0
USR_04466,2,0.2222,25,0,181,710.03,0.8488,0.5143,2,4,0,0,0,964,3,0
USR_04467,4,0.2353,8,0,150,1186.56,0.3689,-0.4398,3,4,1,1,0,1141,4,0
USR_04468,21,0.75,7,2,12,168.93,0.4076,0.4558,17,20,7,0,0,1069,4,0
USR_04469,11,0.8462,21,1,28,510.93,0.7717,0.2736,9,12,3,1,1,905,2,0
USR_04470,11,0.7333,3,1,26,293.86,0.8486,-0.4787,9,9,3,0,1,500,3,0
USR_04471,6,0.75,6,0,160,1479.22,0.6093,0.0106,5,5,2,0,0,1055,9,0
USR_04472,18,0.8571,15,2,14,449.28,0.6877,-0.425,15,16,6,0,1,601,3,0
USR_04473,21,1.0,3,2,33,1739.17,0.1611,-0.2475,18,22,7,1,1,189,0,0
USR_04474,18,0.72,27,2,21,398.2,0.4177,-0.141,15,16,6,0,0,1025,2,0
USR_04475,15,0.6522,29,2,1,900.66,0.6252,-0.62,12,12,5,0,1,404,1,0
USR_04476,17,0.7083,24,2,6,233.99,0.4472,-0.2153,14,18,5,1,1,1128,9,0
USR_04477,5,0.625,16,0,178,647.17,0.2513,-0.0734,4,6,1,0,0,460,3,0
USR_04478,5,0.625,16,0,159,293.96,0.8596,-0.0715,4,7,1,0,1,1047,2,0
USR_04479,15,0.6522,8,2,2,2397.75,0.9237,-0.4261,13,15,5,1,1,658,10,0
USR_04480,12,0.75,4,1,44,1666.92,0.7552,-0.1477,10,12,4,0,0,576,0,0
USR_04481,8,1.0,4,1,41,839.5,0.3089,0.0531,6,6,2,1,1,377,0,0
USR_04482,6,0.375,4,0,91,1601.65,0.4227,0.2162,5,9,2,1,0,1007,10,0
USR_04483,11,0.6111,0,1,18,473.26,0.4279,0.7508,9,11,3,1,0,100,4,0
USR_04484,5,0.7143,22,0,94,1151.61,0.6149,0.3328,4,7,1,0,0,578,9,0
USR_04485,22,0.6286,22,3,6,662.51,0.2964,-0.2786,18,20,7,0,1,461,10,0
USR_04486,10,0.7692,21,1,23,1066.34,0.6138,-0.1622,8,11,3,0,0,665,12,0
USR_04487,7,0.4118,10,0,99,779.19,0.7838,0.1102,5,5,2,0,1,327,0,0
USR_04488,12,1.0,3,1,23,675.17,0.6598,0.3802,10,12,4,0,0,807,9,0
USR_04489,14,0.7368,5,1,39,165.97,0.9893,0.5224,11,14,4,0,0,481,7,0
USR_04490,7,0.7,24,1,28,421.31,0.6474,-0.5194,6,10,2,0,0,250,1,0
USR_04491,8,0.8889,27,1,34,3016.06,0.4504,0.2966,7,8,2,0,0,260,12,0
USR_04492,22,0.7857,1,2,38,644.11,0.4797,-0.3871,18,22,7,0,0,844,3,0
USR_04493,3,0.5,20,0,133,399.27,0.659,-0.085,2,2,1,0,0,336,11,0
USR_04494,15,0.8333,26,2,25,735.17,0.7871,0.2924,12,13,5,0,0,389,5,0
USR_04495,2,0.2222,24,0,120,209.15,0.3648,-0.2503,2,2,0,0,0,763,4,1
USR_04496,24,0.6486,7,3,17,484.71,0.5215,-0.1441,20,24,8,0,0,415,0,0
USR_04497,9,0.75,19,1,44,822.24,0.7908,0.576,7,10,3,0,0,484,12,0
USR_04498,6,0.75,24,0,178,1051.35,0.3264,0.4839,5,7,2,1,0,316,4,0
USR_04499,5,0.3125,27,0,60,934.63,0.6889,0.1376,4,6,1,0,0,434,0,0
USR_04500,14,0.7,20,1,2,2377.89,0.6375,-0.5557,12,14,4,1,1,840,0,0
USR_04501,9,0.3913,10,1,15,413.47,0.4555,-0.4935,7,11,3,1,0,654,9,0
USR_04502,2,0.1667,20,0,47,212.96,0.5179,0.0384,1,4,0,1,0,1197,0,0
USR_04503,24,0.9231,4,3,5,531.42,0.4278,0.1398,20,24,8,0,0,933,5,0
USR_04504,19,0.6333,2,2,25,450.71,0.5888,0.0778,16,20,6,0,0,49,6,0
USR_04505,1,1.0,0,0,153,821.65,0.6268,-0.3105,1,1,0,0,0,473,2,0
USR_04506,17,0.7391,16,2,14,561.93,0.6868,-0.0179,14,14,5,0,0,369,5,0
USR_04507,9,0.9,1,1,41,793.68,0.3772,0.3093,7,7,3,0,0,717,1,0
USR_04508,9,0.45,4,1,18,768.31,0.6024,-0.049,8,11,3,0,1,340,12,0
USR_04509,9,0.4286,25,1,12,1436.27,0.4246,-0.2741,7,9,3,0,1,1160,10,0
USR_04510,10,0.4167,12,1,37,699.57,0.4578,0.025,8,9,3,0,0,380,2,0
USR_04511,4,1.0,18,0,181,832.92,0.2648,0.1427,3,3,1,0,0,640,4,0
USR_04512,1,0.0769,13,0,52,2939.79,0.5105,-0.1084,1,4,0,1,1,173,4,0
USR_04513,5,0.3125,1,0,48,190.75,0.9774,0.0916,4,6,1,0,0,1094,13,0
USR_04514,13,0.52,17,1,26,817.98,0.3466,-0.0546,10,10,4,1,0,1096,3,0
USR_04515,11,0.6471,3,1,38,644.15,0.6827,-0.4337,9,9,3,1,0,958,5,0
USR_04516,7,0.4375,20,1,8,734.06,0.4457,-0.0989,6,7,2,1,0,441,12,0
USR_04517,8,0.5714,20,1,0,1123.59,0.3322,0.3017,7,9,2,0,0,98,0,0
USR_04518,1,0.0909,21,0,145,362.49,0.1258,-0.1176,0,1,0,0,0,861,4,0
USR_04519,27,0.7297,11,3,31,447.46,0.4226,0.6065,22,22,9,0,0,532,0,0
USR_04520,17,0.8095,14,2,9,1270.65,0.6572,-0.5613,14,14,5,0,0,1188,5,0
USR_04521,13,0.7647,23,1,24,623.49,0.4555,0.1269,11,15,4,0,0,847,2,0
USR_04522,17,0.5484,13,2,5,327.7,0.4288,0.1781,14,15,5,1,1,660,13,0
USR_04523,16,0.5714,28,2,12,1324.79,0.4312,-0.3324,13,13,5,0,0,1184,3,0
USR_04524,8,1.0,19,1,8,1171.35,0.8908,-0.0154,6,6,2,0,1,966,0,0
USR_04525,3,0.75,22,0,161,800.09,0.5013,-0.6646,2,2,1,1,1,566,10,0
USR_04526,5,0.3125,19,0,197,978.01,0.3866,0.0158,4,8,1,1,0,52,10,0
USR_04527,1,0.0909,5,0,178,1105.09,0.8317,-0.1334,1,1,0,0,0,138,7,0
USR_04528,17,0.85,13,2,10,653.4,0.2687,0.1063,14,14,5,0,1,549,8,0
USR_04529,21,0.6176,19,2,23,899.34,0.5494,0.173,18,19,7,0,0,687,1,0
USR_04530,15,1.0,15,2,25,270.48,0.7113,-0.061,13,13,5,0,0,65,6,0
USR_04531,5,0.7143,17,0,89,594.67,0.6614,-0.3477,4,4,1,1,0,178,0,0
USR_04532,16,0.6667,27,2,35,1517.8,0.5826,-0.4082,13,15,5,0,0,854,1,0
USR_04533,12,0.6,25,1,18,4070.51,0.5558,-0.341,10,12,4,0,0,909,12,0
USR_04534,20,0.8696,6,2,21,774.25,0.6978,0.0908,16,19,6,0,1,64,8,0
USR_04535,26,0.7429,6,3,7,340.42,0.3619,0.084,21,23,8,1,0,623,1,0
USR_04536,8,0.4,4,1,2,528.27,0.5356,-0.6757,7,9,2,0,0,124,0,0
USR_04537,3,0.75,21,0,39,219.66,0.8818,0.5453,3,6,1,0,0,876,12,0
USR_04538,13,0.5417,14,1,1,1200.22,0.7745,0.0888,10,12,4,0,0,1005,0,0
USR_04539,9,0.5294,17,1,26,727.79,0.6206,-0.1492,7,10,3,0,0,1047,1,0
USR_04540,7,0.35,26,0,119,326.62,0.453,-0.2264,6,6,2,0,1,729,1,0
USR_04541,11,0.7857,14,1,10,602.1,0.2316,-0.1328,9,13,3,0,0,765,0,0
USR_04542,14,0.5833,18,1,12,1233.75,0.9657,0.3563,12,15,4,1,1,1114,2,0
USR_04543,2,0.1538,8,0,31,730.64,0.8188,0.24,1,5,0,0,0,746,13,0
USR_04544,10,0.6667,24,1,20,404.55,0.3089,-0.0319,9,13,3,0,0,552,2,0
USR_04545,14,0.6364,0,1,13,1590.44,0.5985,0.302,11,12,4,0,0,912,4,0
USR_04546,21,0.6562,17,2,39,923.51,0.7893,0.233,17,19,7,0,0,721,8,0
USR_04547,10,0.625,24,1,29,380.46,0.7922,-0.0597,9,10,3,0,0,1015,4,0
USR_04548,11,0.55,21,1,26,716.08,0.8388,0.3283,9,9,3,0,0,643,8,0
USR_04549,7,0.3889,3,1,44,129.27,0.2923,0.3837,6,10,2,0,1,1046,6,0
USR_04550,0,0.0,147,0,198,863.91,0.5006,0.3511,0,3,0,1,0,82,5,0
USR_04551,3,0.2308,11,0,147,5000.0,0.8827,0.1665,2,3,1,0,1,72,6,0
USR_04552,19,0.7037,15,2,31,1679.82,0.6807,0.1556,16,17,6,1,1,145,9,0
USR_04553,14,0.8235,14,1,33,611.65,0.7127,-0.2611,12,16,4,1,0,680,7,0
USR_04554,4,0.25,10,0,148,853.83,0.4832,-0.5826,3,3,1,0,0,859,9,0
USR_04555,13,1.0,9,1,2,1081.21,0.9182,0.0795,10,14,4,0,0,283,0,0
USR_04556,8,0.4706,27,1,8,1138.79,0.487,-0.0704,7,7,2,1,0,212,6,0
USR_04557,0,0.0,159,0,86,636.81,0.5845,-0.1171,0,2,0,0,0,1036,8,1
USR_04558,9,0.4737,29,1,31,122.19,0.5282,-0.4182,7,10,3,0,1,908,2,0
USR_04559,15,0.5357,9,2,33,528.1,0.8847,0.2225,13,17,5,1,1,788,11,0
USR_04560,14,0.6087,8,1,36,432.82,0.7151,-0.0554,11,13,4,0,0,601,2,0
USR_04561,21,0.8077,15,2,29,644.44,0.7485,-0.3104,18,20,7,1,1,521,1,0
USR_04562,8,0.4706,18,1,1,383.02,0.6055,-0.205,7,7,2,0,1,54,10,0
USR_04563,12,0.8,2,1,25,1133.57,0.8115,-0.3259,10,12,4,0,1,250,1,0
USR_04564,10,0.9091,10,1,31,3532.73,0.5212,-0.0961,8,11,3,1,0,1079,3,0
USR_04565,8,0.6154,13,1,41,1522.13,0.4992,-0.0046,6,9,2,1,0,426,2,0
USR_04566,4,0.3077,2,0,140,659.8,0.454,0.1432,4,4,1,1,0,854,11,0
USR_04567,10,0.6667,17,1,25,2341.85,0.4955,-0.5491,8,12,3,1,1,853,3,0
USR_04568,13,0.9286,3,1,7,1482.72,0.329,0.0405,10,10,4,0,0,392,7,0
USR_04569,20,0.7692,25,2,37,1248.92,0.7698,-0.4657,17,17,6,0,0,269,9,0
USR_04570,14,0.5185,15,1,18,440.66,0.7241,-0.1287,12,16,4,0,0,839,5,0
USR_04571,22,0.7857,5,3,39,620.24,0.7447,0.1241,19,19,7,0,0,139,12,0
USR_04572,12,0.6667,15,1,7,1111.99,0.549,-0.0701,10,10,4,0,0,608,9,0
USR_04573,17,0.8095,10,2,35,3910.15,0.7998,-0.6191,14,17,5,0,1,1068,3,0
USR_04574,8,0.5333,13,1,13,2199.67,0.8943,-0.1431,7,11,2,0,0,862,13,0
USR_04575,7,0.6364,7,1,6,1118.6,0.2061,0.468,6,7,2,1,0,924,4,0
USR_04576,22,0.6111,12,2,41,792.04,0.621,0.308,18,20,7,0,0,127,0,0
USR_04577,11,0.5,4,1,34,1282.04,0.9056,0.732,9,12,3,0,1,263,1,0
USR_04578,4,0.2857,8,0,36,1068.14,0.6097,0.0193,4,5,1,0,0,351,5,0
USR_04579,23,0.7188,11,3,35,2372.99,0.4352,-0.2184,19,20,7,0,0,372,0,0
USR_04580,12,0.75,23,1,26,290.23,0.7062,-0.1219,10,13,4,0,0,257,5,0
USR_04581,9,0.4737,27,1,30,716.03,0.7289,0.0474,8,12,3,0,1,1167,2,0
USR_04582,2,0.125,26,0,181,1278.61,0.5219,-0.0914,2,6,0,0,1,222,4,0
USR_04583,15,0.8824,11,2,16,2179.79,0.9137,0.2102,12,14,5,1,0,858,0,0
USR_04584,20,0.625,11,2,14,3324.98,0.455,0.1616,17,18,6,1,1,716,10,0
USR_04585,17,0.5484,8,2,13,217.32,0.6618,-0.4325,14,16,5,1,1,744,2,0
USR_04586,13,1.0,15,1,15,392.93,0.8278,0.2601,11,14,4,0,0,281,0,0
USR_04587,10,0.9091,28,1,29,660.35,0.8951,0.049,8,12,3,0,0,389,3,0
USR_04588,14,0.6667,7,1,27,259.04,0.4039,0.4741,12,13,4,0,0,739,4,0
USR_04589,8,0.4444,21,1,32,2648.05,0.6263,0.3033,7,7,2,1,0,379,6,0
USR_04590,12,0.6316,7,1,19,771.4,0.4584,0.3335,10,13,4,0,0,842,4,0
USR_04591,15,0.5769,11,2,41,1786.49,0.4931,-0.0236,12,15,5,0,0,76,0,0
USR_04592,14,0.5385,15,1,23,606.54,0.4713,-0.3936,11,13,4,0,0,115,11,0
USR_04593,17,0.8095,22,2,15,968.82,0.2451,0.3947,14,15,5,0,1,882,3,0
USR_04594,3,0.3,25,0,169,234.72,0.6241,0.2256,3,4,1,0,0,751,0,0
USR_04595,2,0.6667,19,0,100,299.55,0.5751,0.5092,1,2,0,1,1,80,9,0
USR_04596,20,0.9524,18,2,37,304.1,0.47,-0.1421,17,20,6,0,1,1081,6,0
USR_04597,22,0.6667,25,2,33,177.58,0.7166,0.1059,18,20,7,0,1,35,6,0
USR_04598,13,0.5,18,1,42,1588.3,0.8768,0.018,11,15,4,1,0,1147,3,0
USR_04599,10,0.5556,3,1,44,690.67,0.7056,-0.1906,8,12,3,0,1,883,3,0
USR_04600,14,0.5833,1,1,6,1628.21,0.6627,-0.492,11,11,4,0,0,1186,4,0
USR_04601,14,0.5,16,1,13,636.76,0.1735,-0.0972,12,14,4,0,1,1140,0,0
USR_04602,17,0.9444,0,2,22,1720.39,0.7408,-0.2355,14,14,5,0,0,396,2,0
USR_04603,7,0.4118,21,1,12,1497.89,0.7305,0.3792,6,6,2,0,0,915,13,0
USR_04604,10,0.5263,23,1,6,633.6,0.6128,0.1094,8,8,3,0,0,276,6,0
USR_04605,10,0.4348,29,1,40,818.71,0.5929,-0.1454,8,10,3,1,0,581,3,0
USR_04606,12,0.75,0,1,0,926.03,0.6747,0.3608,10,13,4,1,0,310,1,0
USR_04607,2,0.1818,18,0,54,1705.16,0.5363,0.2725,1,2,0,1,1,598,8,0
USR_04608,11,0.4783,28,1,38,680.54,0.9232,0.0529,9,9,3,0,1,1050,1,0
USR_04609,23,0.7667,4,3,18,929.37,0.8214,0.0039,19,22,7,0,0,540,0,0
USR_04610,13,0.7647,23,1,12,214.45,0.3034,-0.2798,11,13,4,1,1,138,0,0
USR_04611,19,0.5758,29,2,44,345.02,0.8039,0.0704,16,18,6,0,1,409,7,0
USR_04612,11,0.8462,2,1,30,388.16,0.5457,-0.0389,9,9,3,1,0,950,6,0
USR_04613,4,0.25,13,0,49,1055.58,0.619,0.3642,3,4,1,1,1,640,0,0
USR_04614,11,0.4783,2,1,16,397.5,0.278,0.1446,9,10,3,0,0,685,0,0
USR_04615,1,1.0,14,0,173,764.53,0.6805,-0.0862,1,5,0,1,0,534,6,0
USR_04616,4,0.4444,25,0,127,612.05,0.5529,0.3994,3,3,1,0,1,372,5,0
USR_04617,12,0.6,7,1,42,699.58,0.9427,-0.1616,10,13,4,1,1,729,6,0
USR_04618,9,0.9,23,1,26,1397.21,0.9354,-0.1184,8,12,3,1,0,770,0,0
USR_04619,6,0.75,24,0,173,795.61,0.4784,0.044,5,8,2,0,0,1080,7,0
USR_04620,6,0.6,0,0,186,571.09,0.5331,0.2027,5,9,2,1,0,752,12,0
USR_04621,13,0.4815,15,1,43,963.08,0.5231,0.1385,11,12,4,0,0,1194,5,0
USR_04622,20,0.7692,7,2,42,2540.23,0.5801,0.5612,17,20,6,0,1,997,1,0
USR_04623,11,0.5238,29,1,18,727.39,0.5486,0.1907,9,11,3,0,1,122,6,0
USR_04624,25,0.7353,20,3,42,249.88,0.6389,-0.5256,20,22,8,0,0,488,2,0
USR_04625,24,0.8,15,3,30,232.24,0.7443,0.0791,20,21,8,0,0,480,0,0
USR_04626,13,0.9286,19,1,40,531.5,0.6574,0.0417,10,10,4,0,0,33,2,0
USR_04627,6,0.3,5,0,36,267.11,0.3959,-0.2492,5,7,2,0,1,241,12,0
USR_04628,9,0.5294,15,1,0,98.12,0.9686,-0.041,7,7,3,1,0,921,3,0
USR_04629,10,0.6667,23,1,19,526.31,0.759,-0.3789,8,8,3,1,0,441,10,0
USR_04630,4,0.4,28,0,175,901.91,0.729,0.0966,3,4,1,0,1,203,4,0
USR_04631,15,0.7143,4,2,30,2012.44,0.5333,-0.0224,13,17,5,0,0,366,4,0
USR_04632,6,0.3,27,0,178,655.84,0.5169,-0.2806,5,8,2,0,0,351,0,0
USR_04633,19,0.7917,8,2,18,852.22,0.7226,-0.1339,15,15,6,1,0,234,6,0
USR_04634,20,0.5882,25,2,30,1004.76,0.6598,0.3716,17,19,6,0,0,148,0,0
USR_04635,9,0.9,28,1,18,710.7,0.5574,0.0422,7,8,3,0,0,923,4,0
USR_04636,3,0.5,23,0,84,389.95,0.736,-0.0809,2,6,1,0,0,994,1,0
USR_04637,16,0.8889,29,2,24,3777.74,0.2549,-0.2049,13,13,5,0,0,610,3,0
USR_04638,18,0.5625,16,2,12,301.68,0.8381,0.1899,15,17,6,0,0,750,4,0
USR_04639,6,0.4286,23,0,188,928.09,0.2064,0.2558,5,6,2,1,0,1105,0,0
USR_04640,14,0.6667,27,1,4,356.4,0.5318,0.2283,12,12,4,0,1,1015,2,0
USR_04641,15,0.9375,6,2,44,728.01,0.3729,0.2018,13,13,5,1,0,68,13,0
USR_04642,2,0.5,21,0,158,922.96,0.4451,0.3235,2,3,0,0,0,1144,0,0
USR_04643,3,0.1875,22,0,88,565.86,0.6818,-0.0915,3,7,1,0,0,108,2,0
USR_04644,8,0.3636,14,1,28,251.94,0.2286,-0.2087,6,9,2,0,0,61,2,0
USR_04645,8,0.6667,17,1,21,503.76,0.54,0.116,7,8,2,1,0,501,3,0
USR_04646,17,0.6296,19,2,37,1634.78,0.2897,0.0432,14,16,5,0,1,902,6,0
USR_04647,14,0.7778,13,1,34,200.0,0.3026,-0.0647,11,13,4,1,0,123,1,0
USR_04648,7,0.3333,17,1,11,2452.13,0.749,0.0255,6,10,2,1,1,372,3,0
USR_04649,10,0.8333,13,1,44,717.59,0.7926,0.6076,8,10,3,0,1,337,6,0
USR_04650,14,0.9333,14,1,5,1178.28,0.5579,0.1136,12,13,4,0,1,494,2,0
USR_04651,13,0.7222,13,1,23,286.23,0.7887,0.2326,10,10,4,1,0,1183,12,0
USR_04652,5,0.7143,13,0,184,590.38,0.4464,-0.4229,4,5,1,0,0,417,13,0
USR_04653,6,0.375,9,0,48,390.41,0.6313,0.364,5,9,2,0,0,274,0,0
USR_04654,7,0.35,3,0,57,842.41,0.8072,0.0256,6,7,2,0,0,173,2,0
USR_04655,4,0.2222,16,0,133,277.69,0.3471,0.0527,4,8,1,1,0,261,1,0
USR_04656,16,0.5333,12,2,36,404.87,0.6966,-0.0641,13,17,5,0,0,185,1,0
USR_04657,0,0.0,111,0,170,3477.17,0.6889,-0.3518,0,1,0,1,0,701,4,0
USR_04658,11,1.0,15,1,15,1116.02,0.893,-0.4597,9,11,3,1,0,521,5,0
USR_04659,14,0.875,25,1,7,901.3,0.4951,-0.2335,11,15,4,0,0,612,3,0
USR_04660,16,0.5926,7,2,13,889.74,0.3639,1.0,14,14,5,0,0,1003,2,0
USR_04661,15,0.8824,26,2,36,2136.48,0.7669,0.463,13,17,5,1,0,709,2,0
USR_04662,20,0.6667,16,2,38,601.1,0.3131,0.0495,16,20,6,0,1,211,13,0
USR_04663,20,0.7143,11,2,21,1406.94,0.8371,0.1221,17,19,6,1,1,470,12,0
USR_04664,17,0.6071,26,2,24,100.68,0.4219,0.4554,14,18,5,0,1,395,0,0
USR_04665,14,0.9333,28,1,28,604.3,0.8258,0.0704,12,12,4,0,1,997,6,0
USR_04666,16,0.7273,27,2,16,519.46,0.46,-0.5668,13,15,5,1,0,389,3,0
USR_04667,3,0.75,23,0,128,437.26,0.8624,0.3862,2,2,1,0,0,192,6,0
USR_04668,8,1.0,18,1,2,1201.71,0.5301,0.0207,6,7,2,1,0,891,5,0
USR_04669,11,0.5,25,1,18,597.28,0.4849,0.0706,9,11,3,0,1,531,11,0
USR_04670,17,0.68,25,2,32,584.86,0.7404,-0.0059,14,16,5,0,0,142,0,0
USR_04671,4,0.2667,26,0,110,355.2,0.5869,-0.062,3,5,1,0,0,837,2,0
USR_04672,18,0.9474,24,2,40,485.47,0.89,0.243,15,15,6,0,1,276,13,0
USR_04673,5,0.5556,10,0,32,133.55,0.8979,0.048,4,8,1,1,0,1045,1,0
USR_04674,4,0.6667,29,0,42,516.77,0.8594,0.0716,3,7,1,1,0,1003,0,0
USR_04675,16,0.6667,24,2,10,214.41,0.7519,-0.2517,13,16,5,1,0,462,7,0
USR_04676,18,0.6923,25,2,9,2288.67,0.859,0.701,15,18,6,0,0,680,9,0
USR_04677,11,0.5,4,1,40,1196.24,0.6142,0.3994,9,10,3,1,0,694,6,0
USR_04678,12,0.9231,0,1,1,1380.76,0.4693,0.3086,10,14,4,0,1,794,9,0
USR_04679,7,1.0,29,0,140,231.21,0.6855,0.484,5,8,2,1,0,110,7,0
USR_04680,22,0.6471,18,2,28,1300.45,0.6385,0.0494,18,21,7,1,1,410,0,0
USR_04681,10,0.5263,17,1,4,390.03,0.8841,0.3119,8,11,3,0,0,229,5,0
USR_04682,21,0.9545,21,2,17,830.01,0.7961,0.26,18,22,7,0,0,846,9,0
USR_04683,3,0.4286,20,0,53,572.87,0.8523,0.0483,2,3,1,1,0,110,10,0
USR_04684,17,0.7391,1,2,12,220.76,0.483,-0.0158,14,14,5,0,0,634,1,0
USR_04685,18,0.75,9,2,16,290.02,0.5208,0.0018,15,17,6,0,1,881,0,0
USR_04686,12,0.5455,16,1,30,1127.14,0.4952,0.065,10,11,4,1,1,1139,9,0
USR_04687,3,0.375,0,0,37,1098.8,0.5376,-0.3831,3,6,1,0,0,367,1,0
USR_04688,10,0.5556,26,1,44,221.87,0.5307,0.2005,8,12,3,0,0,39,0,0
USR_04689,17,0.6296,4,2,29,1651.35,0.8575,0.3635,14,15,5,1,1,876,10,0
USR_04690,8,0.8889,12,1,33,490.14,0.4419,-0.1609,7,8,2,1,1,31,4,0
USR_04691,5,0.4167,4,0,30,238.49,0.3142,-0.144,4,5,1,0,0,107,2,0
USR_04692,10,0.7692,1,1,28,428.66,0.5901,-0.1954,9,13,3,1,1,1188,0,0
USR_04693,18,0.6207,13,2,24,224.9,0.564,-0.0993,15,17,6,1,1,1039,0,0
USR_04694,3,0.75,23,0,133,372.29,0.2614,-0.3367,2,2,1,0,0,857,9,0
USR_04695,6,0.6,8,0,111,453.68,0.7574,-0.1273,5,9,2,1,0,1007,4,0
USR_04696,14,0.6087,13,1,35,1004.96,0.8321,0.3142,12,13,4,0,0,118,0,0
USR_04697,5,0.3846,28,0,76,1274.29,0.6619,-0.3153,4,7,1,0,1,134,2,0
USR_04698,12,1.0,11,1,5,1556.87,0.6541,-0.0544,10,13,4,0,0,381,0,0
USR_04699,26,0.6667,25,3,25,1247.56,0.8116,0.2266,22,23,8,1,1,57,0,0
USR_04700,28,0.9655,29,3,40,145.09,0.4667,0.1194,23,26,9,0,0,1069,2,0
USR_04701,15,0.7143,16,2,15,209.37,0.8108,0.182,12,12,5,0,0,95,4,0
USR_04702,11,1.0,18,1,35,1600.88,0.8663,0.1665,9,9,3,0,0,666,1,0
USR_04703,21,0.7241,25,2,44,458.11,0.6949,0.0651,17,21,7,0,0,1028,2,0
USR_04704,11,0.6875,20,1,43,595.34,0.642,-0.3342,9,10,3,0,1,889,4,0
USR_04705,13,0.5652,17,1,11,1103.3,0.8174,0.0311,11,12,4,1,1,304,3,0
USR_04706,0,0.0,152,0,132,1867.49,0.7881,-0.1831,0,2,0,1,1,580,0,0
USR_04707,21,0.6176,27,2,43,968.78,0.7698,0.2558,18,20,7,0,0,671,0,0
USR_04708,8,1.0,9,1,17,334.32,0.3757,-0.1897,6,7,2,1,0,928,0,0
USR_04709,21,0.7,22,2,9,250.57,0.4124,0.3076,17,17,7,0,0,528,2,0
USR_04710,5,0.5,7,0,142,282.49,0.5086,0.0372,4,5,1,0,0,363,7,0
USR_04711,9,0.5,22,1,23,1771.61,0.2079,0.1522,7,8,3,0,1,960,0,0
USR_04712,8,0.3636,2,1,0,1324.0,0.7623,0.2006,7,11,2,1,0,1067,9,0
USR_04713,5,0.2941,8,0,111,690.08,0.4537,0.419,4,5,1,1,0,602,7,0
USR_04714,11,0.44,23,1,27,212.69,0.8753,0.2765,9,10,3,0,1,62,0,0
USR_04715,20,0.5882,23,2,40,1357.69,0.7163,-0.0983,16,20,6,0,0,615,0,0
USR_04716,2,0.1538,14,0,142,773.9,0.6216,0.2263,2,3,0,1,0,1070,1,0
USR_04717,10,0.4348,23,1,22,360.21,0.4628,0.1507,8,9,3,0,0,1187,0,0
USR_04718,15,0.6,14,2,44,636.91,0.8497,0.2941,12,12,5,1,0,499,4,0
USR_04719,11,0.9167,2,1,39,997.84,0.5265,0.0583,9,9,3,0,0,205,0,0
USR_04720,9,0.4091,24,1,16,465.71,0.8038,0.4797,8,10,3,0,0,699,9,0
USR_04721,15,0.6,1,2,37,290.34,0.8339,0.0863,13,16,5,0,1,1001,4,0
USR_04722,6,0.3333,24,0,78,773.62,0.7612,-0.4347,5,5,2,0,0,1135,7,0
USR_04723,3,0.4286,26,0,40,813.71,0.6027,0.0609,2,3,1,0,1,90,8,0
USR_04724,22,0.7333,0,3,28,146.21,0.8518,-0.2186,19,19,7,1,0,369,4,0
USR_04725,15,0.7143,29,2,2,627.91,0.7548,-0.0897,13,16,5,1,1,588,12,0
USR_04726,2,1.0,18,0,138,339.0,0.6841,0.0031,2,6,0,0,0,144,13,0
USR_04727,4,0.3077,18,0,180,973.93,0.4534,0.1811,4,4,1,0,1,1067,2,0
USR_04728,11,0.7333,9,1,40,170.24,0.7086,-0.0829,9,9,3,0,0,161,0,0
USR_04729,12,0.8571,5,1,25,240.09,0.6153,0.4833,10,11,4,0,0,808,2,0
USR_04730,2,0.4,0,0,41,102.04,0.8144,0.0552,2,5,0,1,0,1104,1,0
USR_04731,20,0.6667,12,2,38,926.99,0.1534,-0.0393,17,17,6,1,0,831,4,0
USR_04732,4,0.2857,23,0,52,200.52,0.8289,0.3299,3,5,1,1,1,922,3,0
USR_04733,2,0.3333,0,0,183,230.21,0.3306,0.1179,2,2,0,1,0,338,4,0
USR_04734,8,0.6154,6,1,14,618.36,0.7211,-0.3976,7,10,2,0,0,998,8,0
USR_04735,9,0.4286,24,1,34,585.53,0.8599,-0.3012,7,8,3,0,1,519,2,0
USR_04736,18,0.72,13,2,5,1107.13,0.8789,0.5484,15,17,6,1,0,101,4,0
USR_04737,16,0.7619,3,2,21,1200.04,0.902,0.03,13,13,5,1,0,458,2,0
USR_04738,18,0.6,29,2,34,1642.83,0.8916,0.0152,15,16,6,1,0,439,9,0
USR_04739,10,1.0,10,1,32,2420.45,0.5676,0.409,8,10,3,0,0,640,6,0
USR_04740,12,0.5455,5,1,33,1531.69,0.6079,0.0269,10,10,4,0,1,339,0,0
USR_04741,12,0.6,16,1,41,867.88,0.9557,-0.0761,10,14,4,0,0,570,6,0
USR_04742,9,0.6429,2,1,16,791.47,0.7312,0.0343,8,8,3,0,0,530,0,0
USR_04743,6,0.3529,20,0,179,1089.32,0.6772,-0.0747,5,9,2,1,0,412,7,0
USR_04744,1,0.2,19,0,161,132.07,0.6405,0.0024,1,4,0,1,0,844,5,0
USR_04745,21,0.7,27,2,41,587.73,0.2341,0.0611,17,19,7,0,1,387,3,0
USR_04746,5,0.625,8,0,195,154.18,0.8352,0.1572,4,8,1,0,0,925,7,0
USR_04747,11,0.5,12,1,10,369.47,0.4139,-0.038,9,11,3,0,0,323,10,0
USR_04748,11,0.6471,20,1,19,204.24,0.3944,0.0145,9,9,3,0,0,1041,9,0
USR_04749,11,0.4783,5,1,36,907.87,0.7505,0.04,9,13,3,1,0,457,4,0
USR_04750,8,0.5,10,1,39,1075.87,0.3422,0.7428,7,8,2,0,1,77,7,0
USR_04751,15,1.0,3,2,23,1759.67,0.5763,0.1622,12,15,5,1,1,205,3,0
USR_04752,20,0.6897,21,2,32,306.77,0.3641,-0.7514,17,18,6,0,0,973,9,0
USR_04753,16,1.0,19,2,2,392.99,0.6045,-0.0246,13,16,5,0,1,1050,10,0
USR_04754,16,0.6154,2,2,33,1581.65,0.3889,-0.3619,13,17,5,1,0,278,0,0
USR_04755,3,0.5,3,0,171,441.59,0.1744,-0.0803,2,4,1,0,0,734,1,0
USR_04756,22,0.6111,12,2,14,374.3,0.7869,-0.0684,18,20,7,1,0,701,1,0
USR_04757,13,0.8125,19,1,28,1176.22,0.6458,-0.46,11,12,4,0,0,186,0,0
USR_04758,18,0.75,23,2,42,1007.16,0.7537,0.5607,15,18,6,1,0,558,3,0
USR_04759,10,0.5556,13,1,44,1430.38,0.6852,0.0564,8,9,3,0,0,841,1,0
USR_04760,27,0.931,24,3,28,978.35,0.878,0.3222,22,26,9,1,0,1161,5,0
USR_04761,14,0.8235,12,1,29,485.26,0.8627,-0.1912,12,16,4,0,1,1021,0,0
USR_04762,6,0.3,17,0,176,1997.01,0.3883,0.0006,5,9,2,0,0,144,1,0
USR_04763,4,0.4444,7,0,101,1348.3,0.6418,0.2271,3,5,1,0,0,307,6,0
USR_04764,2,0.1538,19,0,112,656.08,0.9678,-0.3557,1,2,0,0,1,540,3,0
USR_04765,15,0.7143,27,2,44,1351.53,0.8263,0.7893,13,14,5,0,0,206,3,0
USR_04766,9,0.75,8,1,2,658.07,0.351,0.3781,8,8,3,1,1,697,9,0
USR_04767,18,0.6667,21,2,14,316.76,0.9159,0.0739,15,15,6,1,1,40,13,0
USR_04768,19,0.9048,13,2,40,726.72,0.4052,-0.1672,15,16,6,1,0,162,5,0
USR_04769,9,0.3913,15,1,31,3105.87,0.6038,0.0747,7,8,3,0,1,85,0,0
USR_04770,3,0.2308,17,0,130,1530.23,0.5788,-0.6383,3,6,1,0,0,375,0,0
USR_04771,21,0.6774,12,2,26,927.74,0.6419,0.1227,18,19,7,0,0,921,13,0
USR_04772,9,1.0,19,1,34,324.63,0.567,0.4562,7,9,3,0,1,237,6,0
USR_04773,17,0.85,10,2,15,258.21,0.8007,-0.4229,14,16,5,1,0,1185,8,0
USR_04774,7,0.5833,4,0,146,547.02,0.6697,-0.1628,6,9,2,1,1,345,6,0
USR_04775,3,0.375,11,0,42,409.12,0.633,-0.2584,3,5,1,1,0,82,0,0
USR_04776,13,0.9286,13,1,39,674.65,0.7899,0.3535,11,14,4,0,0,422,3,0
USR_04777,11,1.0,25,1,29,750.48,0.6301,0.1645,9,12,3,1,0,905,9,0
USR_04778,13,0.619,19,1,2,213.14,0.6535,-0.1677,11,12,4,1,0,154,10,0
USR_04779,6,0.5,12,0,89,340.23,0.5882,0.0017,5,9,2,0,0,114,1,0
USR_04780,8,0.7273,25,1,5,500.87,0.7657,0.0578,7,8,2,0,0,1023,5,0
USR_04781,23,0.7419,0,3,42,942.95,0.4149,-0.3429,19,21,7,0,0,722,0,0
USR_04782,22,0.6111,20,2,0,971.58,0.2461,-0.3149,18,21,7,1,0,431,13,0
USR_04783,10,0.4167,27,1,44,290.99,0.4025,-0.1381,9,13,3,0,1,914,1,0
USR_04784,2,0.1333,20,0,43,249.69,0.3773,-0.2588,2,2,0,0,0,1017,7,0
USR_04785,9,0.6923,17,1,5,311.92,0.5537,-0.0301,7,11,3,0,0,450,1,0
USR_04786,14,0.875,15,1,9,1257.91,0.2948,-0.2347,11,11,4,1,0,686,5,0
USR_04787,18,0.8571,4,2,8,455.3,0.618,0.0527,15,15,6,0,0,42,6,0
USR_04788,10,0.7143,4,1,24,724.24,0.8313,-0.0149,8,8,3,0,0,388,2,0
USR_04789,14,1.0,3,1,9,928.58,0.5437,0.1947,12,12,4,0,0,726,10,0
USR_04790,9,0.6923,28,1,35,1775.9,0.5255,0.0883,7,10,3,0,1,260,11,0
USR_04791,7,0.4667,11,0,33,250.53,0.9328,-0.5671,5,9,2,1,0,1189,10,0
USR_04792,19,0.8636,28,2,13,1755.12,0.4878,-0.1287,16,18,6,1,1,1166,2,0
USR_04793,28,0.6667,18,3,4,1056.11,0.0662,0.1537,23,23,9,0,1,331,8,0
USR_04794,23,0.6571,22,3,2,2525.28,0.674,0.3756,19,19,7,0,0,493,4,0
USR_04795,10,0.6667,28,1,31,2047.05,0.4898,0.3603,9,9,3,0,0,251,5,0
USR_04796,15,0.7143,15,2,33,726.13,0.3947,0.3954,13,15,5,1,1,619,4,0
USR_04797,3,0.3,1,0,160,365.53,0.9343,0.042,2,2,1,0,1,174,5,0
USR_04798,9,0.6923,24,1,6,1128.63,0.5604,0.3433,8,11,3,1,0,487,0,0
USR_04799,7,1.0,10,0,39,271.63,0.8212,0.5696,6,8,2,0,0,679,3,0
USR_04800,15,0.75,4,2,8,790.76,0.702,0.2589,13,16,5,0,0,745,0,0
USR_04801,8,0.5,7,1,0,366.85,0.4155,0.1024,6,8,2,0,0,727,2,0
USR_04802,10,0.7692,29,1,19,548.41,0.6604,0.1744,8,10,3,0,1,289,0,0
USR_04803,12,0.8,12,1,2,116.12,0.3614,-0.5652,10,10,4,0,0,956,1,0
USR_04804,3,0.3,17,0,62,621.87,0.8274,-0.129,2,4,1,0,1,839,9,0
USR_04805,10,1.0,23,1,31,732.21,0.7406,-0.775,8,11,3,0,0,911,4,0
USR_04806,5,0.3125,17,0,105,434.36,0.4291,-0.0171,4,5,1,1,0,577,0,0
USR_04807,10,0.5,4,1,17,621.76,0.8103,-0.2545,8,8,3,0,1,1074,9,0
USR_04808,17,0.5484,2,2,42,279.46,0.5924,-0.4772,14,17,5,0,0,486,12,0
USR_04809,8,0.8,28,1,22,1240.96,0.4611,0.1394,6,10,2,1,0,972,11,0
USR_04810,13,0.5417,6,1,6,678.53,0.6217,-0.2079,11,11,4,1,0,268,10,0
USR_04811,8,0.8889,7,1,2,3986.96,0.663,-0.0473,7,8,2,1,0,319,13,0
USR_04812,2,0.1538,1,0,58,840.34,0.7831,0.1256,2,4,0,1,0,646,5,0
USR_04813,11,0.7857,22,1,40,903.22,0.7032,-0.4438,9,10,3,1,1,680,13,0
USR_04814,7,0.3684,15,0,130,456.93,0.7843,0.2184,6,10,2,1,0,903,12,0
USR_04815,5,0.7143,19,0,153,1726.31,0.5736,0.0177,4,7,1,1,0,377,2,0
USR_04816,4,0.25,5,0,58,472.15,0.8226,0.1543,3,3,1,1,0,1051,10,0
USR_04817,12,0.5714,16,1,27,2651.75,0.2579,-0.2311,10,12,4,0,0,415,9,0
USR_04818,22,1.0,16,3,24,2591.03,0.7308,0.3226,18,22,7,0,0,654,9,0
USR_04819,23,0.8519,25,3,21,441.5,0.6095,0.0074,19,22,7,0,1,1120,11,0
USR_04820,7,0.5,21,1,14,532.96,0.8106,0.0548,6,8,2,1,0,661,3,0
USR_04821,5,0.3333,18,0,177,372.24,0.4799,-0.1182,4,4,1,0,0,827,3,0
USR_04822,15,0.5769,20,2,32,228.28,0.4269,-0.4331,13,14,5,1,0,1093,6,0
USR_04823,13,0.619,23,1,8,841.34,0.6721,0.0239,11,12,4,1,0,1170,8,0
USR_04824,13,0.5652,6,1,35,667.56,0.8335,0.1838,10,10,4,0,0,614,11,0
USR_04825,21,0.8077,17,2,42,1128.93,0.8037,-0.0526,17,18,7,0,1,517,11,0
USR_04826,19,0.8261,28,2,22,638.99,0.8338,-0.2833,15,18,6,0,0,260,7,0
USR_04827,11,0.8462,21,1,22,1336.5,0.2525,-0.1234,9,13,3,0,1,658,13,0
USR_04828,10,0.5,25,1,36,640.17,0.6996,0.1658,9,13,3,0,0,1104,0,0
USR_04829,8,0.4444,1,1,4,569.08,0.7352,0.2481,6,9,2,1,1,599,13,0
USR_04830,6,0.3158,25,0,70,713.26,0.7237,0.284,5,9,2,1,0,437,0,0
USR_04831,23,0.7667,19,3,35,1221.57,0.3888,0.2984,19,23,7,0,1,155,4,0
USR_04832,13,0.5909,5,1,15,494.88,0.5669,-0.3158,11,13,4,0,1,485,0,0
USR_04833,10,0.5,26,1,43,1375.58,0.7142,0.1281,9,11,3,0,0,306,5,0
USR_04834,11,0.4583,26,1,22,368.82,0.7182,0.0616,9,10,3,0,0,1172,3,0
USR_04835,14,0.6667,19,1,12,517.35,0.6211,-0.101,12,15,4,1,0,647,0,0
USR_04836,10,0.4762,28,1,11,149.57,0.2792,-0.5377,8,10,3,0,1,190,6,0
USR_04837,6,0.3333,24,0,180,506.22,0.6489,-0.1216,5,6,2,0,0,108,8,0
USR_04838,3,0.2727,12,0,114,271.11,0.6069,0.5289,2,4,1,1,0,1025,0,0
USR_04839,8,0.5,29,1,44,1036.25,0.5958,0.1031,6,6,2,1,1,1119,7,0
USR_04840,6,0.375,14,0,37,999.45,0.6824,-0.0575,5,9,2,1,0,922,0,0
USR_04841,14,0.5385,4,1,5,1760.54,0.7873,-0.2622,12,14,4,1,1,174,0,0
USR_04842,12,0.6,3,1,32,2513.09,0.2312,0.1948,10,10,4,1,0,144,0,0
USR_04843,23,0.7419,20,3,36,583.9,0.2973,0.4931,19,22,7,0,0,261,5,0
USR_04844,17,0.85,4,2,9,368.6,0.6861,0.181,14,14,5,0,0,908,9,0
USR_04845,7,0.3333,26,0,99,968.08,0.4873,-0.3577,6,9,2,0,0,925,5,0
USR_04846,16,1.0,27,2,2,487.63,0.9337,-0.2875,13,17,5,1,0,1010,9,0
USR_04847,19,0.6129,0,2,30,409.99,0.8336,-0.3455,16,20,6,1,0,143,5,0
USR_04848,13,0.7222,5,1,26,656.1,0.5097,0.6345,11,11,4,1,1,209,9,0
USR_04849,13,0.8125,5,1,8,415.35,0.791,0.0803,10,11,4,0,0,1083,13,0
USR_04850,10,0.7692,21,1,7,3455.08,0.5343,0.217,8,10,3,0,1,1116,3,0
USR_04851,5,0.3333,7,0,133,538.62,0.7371,0.1119,4,4,1,1,1,879,0,0
USR_04852,3,0.4286,20,0,62,649.02,0.568,0.1302,3,3,1,0,1,154,0,0
USR_04853,6,0.8571,26,0,143,1271.0,0.5521,-0.2218,5,5,2,1,1,110,5,0
USR_04854,5,0.4545,19,0,35,3835.22,0.7506,-0.2987,4,4,1,1,0,95,4,0
USR_04855,5,0.2778,29,0,54,555.35,0.2381,-0.3476,4,4,1,0,0,839,1,0
USR_04856,6,0.3158,14,0,169,148.77,0.7641,-0.0049,5,6,2,0,0,1019,11,0
USR_04857,6,0.5455,27,0,70,625.63,0.5464,-0.145,5,7,2,1,0,769,13,0
USR_04858,1,0.1,23,0,155,169.91,0.8471,-0.1563,1,2,0,1,0,336,1,0
USR_04859,7,0.5,14,1,3,440.1,0.3749,0.0314,6,7,2,0,1,916,1,0
USR_04860,8,0.6154,8,1,38,2203.96,0.5759,-0.4941,6,6,2,0,0,99,1,0
USR_04861,7,1.0,20,1,35,350.33,0.8737,-0.3673,6,8,2,1,1,998,3,0
USR_04862,19,0.9048,23,2,13,288.06,0.3752,0.3347,15,15,6,1,1,1073,10,0
USR_04863,7,0.35,3,1,12,1321.51,0.7602,0.4069,6,7,2,0,0,870,5,0
USR_04864,17,0.5484,9,2,43,558.66,0.6791,0.4655,14,15,5,0,0,1058,0,0
USR_04865,4,0.2222,29,0,65,1750.97,0.2821,-0.0852,3,5,1,0,0,715,4,0
USR_04866,15,0.5172,4,2,6,531.99,0.6594,-0.0233,13,14,5,1,0,577,0,0
USR_04867,18,0.72,28,2,7,1114.5,0.8018,0.3322,15,17,6,1,1,407,3,0
USR_04868,2,1.0,3,0,55,193.64,0.4475,-0.4726,2,3,0,0,0,1108,3,0
USR_04869,15,0.8824,17,2,35,314.86,0.5256,-0.0638,12,15,5,0,1,845,6,0
USR_04870,10,0.4762,9,1,2,573.74,0.3528,0.1277,8,9,3,0,0,252,4,0
USR_04871,18,0.6429,4,2,0,481.5,0.3945,-0.082,15,17,6,1,0,1149,11,0
USR_04872,15,0.5172,6,2,27,4907.43,0.6698,0.329,12,15,5,1,0,99,0,0
USR_04873,18,0.8182,28,2,7,1499.26,0.5773,0.0302,15,19,6,0,0,717,9,0
USR_04874,19,0.7917,8,2,25,1467.78,0.4869,-0.3658,15,15,6,0,0,252,0,0
USR_04875,9,0.3913,26,1,15,580.21,0.3447,-0.1195,8,10,3,0,0,807,2,0
USR_04876,10,0.4348,19,1,38,218.24,0.564,-0.2695,8,10,3,1,1,512,11,0
USR_04877,3,0.4286,29,0,196,2536.67,0.7939,0.3148,2,3,1,1,0,541,7,0
USR_04878,11,0.44,13,1,6,181.88,0.8534,0.242,9,10,3,1,0,815,0,0
USR_04879,20,0.7143,15,2,1,428.3,0.6061,0.2264,17,21,6,0,1,914,4,0
USR_04880,20,0.5882,2,2,19,1052.29,0.653,0.2249,17,17,6,1,0,474,7,0
USR_04881,12,1.0,10,1,33,5000.0,0.4863,0.2713,10,11,4,0,1,1197,12,0
USR_04882,24,0.75,17,3,21,2676.77,0.5906,0.6972,20,20,8,0,1,613,6,0
USR_04883,14,0.5,11,1,10,1094.82,0.4418,-0.0749,11,13,4,1,0,217,0,0
USR_04884,6,0.3,5,0,80,3711.81,0.8306,0.0052,5,6,2,1,1,37,4,0
USR_04885,5,0.3846,14,0,72,448.08,0.8579,0.0044,4,5,1,1,0,266,0,0
USR_04886,20,1.0,29,2,39,954.0,0.4775,0.0846,17,17,6,0,0,838,0,0
USR_04887,2,0.125,27,0,160,2137.22,0.5578,0.0995,2,5,0,0,0,661,5,0
USR_04888,18,0.9,11,2,22,216.59,0.3821,0.4667,15,16,6,1,0,425,9,0
USR_04889,14,0.7778,3,1,6,898.7,0.5633,0.4621,11,13,4,0,0,593,0,0
USR_04890,7,0.35,0,0,45,947.54,0.596,0.0751,6,8,2,0,0,1010,9,0
USR_04891,28,0.8,19,3,30,923.93,0.8177,0.2689,23,24,9,1,0,698,7,0
USR_04892,12,0.8,20,1,28,288.67,0.6272,-0.4443,10,13,4,0,1,97,8,0
USR_04893,9,1.0,27,1,12,942.83,0.5088,0.1841,7,10,3,0,0,87,1,0
USR_04894,10,0.8333,17,1,15,841.84,0.724,0.5771,9,10,3,0,0,593,3,0
USR_04895,15,0.5769,8,2,24,428.51,0.3947,-0.9275,12,12,5,0,0,503,0,0
USR_04896,21,0.6774,0,2,23,1241.51,0.724,0.2553,18,19,7,0,0,1025,1,0
USR_04897,5,0.7143,15,0,139,1959.61,0.7155,0.2977,4,5,1,1,0,712,2,0
USR_04898,11,0.4583,8,1,22,378.97,0.8334,-0.0248,9,10,3,1,0,915,2,0
USR_04899,13,0.6842,23,1,35,988.46,0.6692,0.235,11,12,4,0,0,714,0,0
USR_04900,5,0.3333,19,0,180,2007.51,0.1674,-0.1036,4,4,1,1,1,433,1,0
USR_04901,14,0.5833,15,1,9,2037.42,0.8333,0.5502,11,14,4,0,0,799,12,0
USR_04902,8,0.8889,22,1,42,587.63,0.2097,0.3181,7,10,2,0,0,757,9,0
USR_04903,6,0.8571,15,0,123,1568.24,0.9167,0.1285,5,8,2,0,1,872,2,0
USR_04904,21,0.7,19,2,36,547.68,0.5321,-0.3802,17,17,7,1,1,251,12,0
USR_04905,18,0.6207,22,2,12,1279.33,0.8375,-0.1909,15,18,6,1,1,780,1,0
USR_04906,11,0.44,2,1,4,368.25,0.8077,-0.6464,9,11,3,0,0,363,3,0
USR_04907,6,0.3333,4,0,103,196.89,0.8148,0.0081,5,5,2,1,0,954,10,0
USR_04908,11,0.5789,14,1,4,1018.64,0.8479,0.115,9,9,3,0,1,964,3,0
USR_04909,1,0.125,21,0,35,1344.45,0.8235,-0.0655,1,4,0,0,1,760,1,0
USR_04910,21,0.7778,12,2,44,1170.28,0.6616,-0.0734,17,21,7,0,0,1137,2,0
USR_04911,5,0.3571,27,0,162,345.9,0.4824,-0.1027,4,5,1,0,0,658,4,0
USR_04912,9,0.3913,29,1,43,91.98,0.1159,-0.242,8,10,3,0,0,59,5,0
USR_04913,12,0.9231,3,1,39,1337.87,0.6214,-0.0662,10,14,4,0,0,739,3,0
USR_04914,24,0.7742,19,3,42,2136.58,0.8743,0.0954,20,21,8,0,1,939,3,0
USR_04915,15,0.7143,1,2,31,146.09,0.4769,-0.4954,12,14,5,1,0,148,1,0
USR_04916,15,0.7895,23,2,15,520.94,0.737,0.4712,13,16,5,1,1,152,4,0
USR_04917,21,0.6364,2,2,27,314.46,0.6182,-0.1024,17,21,7,0,1,349,1,0
USR_04918,10,0.5556,3,1,11,809.89,0.7599,-0.1872,8,12,3,0,0,1017,10,0
USR_04919,14,0.9333,22,1,23,1937.94,0.7062,0.2802,11,13,4,0,0,647,8,0
USR_04920,9,0.4737,11,1,34,552.04,0.5313,0.3587,8,9,3,0,1,1172,3,0
USR_04921,10,0.4167,11,1,18,443.65,0.3918,0.5506,8,9,3,0,0,1051,8,0
USR_04922,13,0.8667,12,1,21,909.4,0.2322,0.4289,11,14,4,0,0,679,0,0
USR_04923,9,0.5625,13,1,15,121.61,0.5943,-0.3827,7,11,3,0,0,824,2,0
USR_04924,12,0.8,20,1,3,1300.13,0.7955,0.1367,10,14,4,0,1,417,3,0
USR_04925,11,1.0,21,1,7,1550.29,0.1992,0.3004,9,11,3,0,0,135,3,0
USR_04926,13,0.6842,28,1,7,667.64,0.7728,0.266,11,14,4,0,1,496,8,0
USR_04927,7,0.5833,15,1,12,467.86,0.5908,-0.4316,6,6,2,1,1,722,13,0
USR_04928,6,0.3158,25,0,40,530.99,0.5351,-0.2123,5,8,2,0,0,243,3,0
USR_04929,6,0.4615,18,0,196,532.77,0.6823,-0.189,5,6,2,0,1,289,2,0
USR_04930,3,0.25,2,0,91,635.24,0.6614,0.2513,2,6,1,1,1,47,5,0
USR_04931,11,0.44,25,1,37,190.88,0.8429,-0.1284,9,13,3,0,0,888,2,0
USR_04932,9,0.5625,13,1,24,926.23,0.848,0.1885,7,10,3,0,0,1082,0,0
USR_04933,6,0.375,13,0,63,495.81,0.4726,-0.0368,5,5,2,1,1,998,13,0
USR_04934,6,0.4615,25,0,117,676.2,0.7623,0.2554,5,9,2,1,1,474,9,0
USR_04935,9,0.5294,26,1,10,418.88,0.2561,0.0961,7,7,3,1,0,724,13,0
USR_04936,14,0.8235,29,1,33,902.05,0.8803,0.1321,11,12,4,0,0,1154,1,0
USR_04937,6,0.3,15,0,159,1926.57,0.3092,-0.5356,5,5,2,1,0,721,0,0
USR_04938,11,0.7333,13,1,30,785.98,0.7023,-0.2373,9,12,3,1,0,376,3,0
USR_04939,13,0.7647,12,1,26,179.57,0.7196,0.2396,11,14,4,0,0,426,12,0
USR_04940,10,0.6667,10,1,16,667.44,0.6358,-0.0596,8,8,3,1,0,880,0,0
USR_04941,16,0.7619,7,2,3,786.69,0.4221,-0.2911,13,17,5,0,0,552,0,0
USR_04942,21,0.8077,9,2,10,636.67,0.3338,-0.4085,18,21,7,1,0,1009,0,0
USR_04943,3,0.2143,21,0,78,360.4,0.2218,-0.5011,2,2,1,0,1,1041,8,0
USR_04944,22,0.6875,8,3,27,641.25,0.3139,0.1567,19,21,7,0,0,71,9,0
USR_04945,7,0.4667,18,1,33,1304.1,0.5113,0.6231,6,10,2,1,0,876,7,0
USR_04946,12,0.75,7,1,41,524.94,0.3383,-0.4951,10,14,4,0,0,462,0,0
USR_04947,3,0.5,24,0,103,2006.02,0.8592,0.1436,3,3,1,0,0,638,7,0
USR_04948,7,0.4118,12,0,122,395.34,0.5323,-0.0702,6,7,2,1,0,339,3,0
USR_04949,16,0.5926,16,2,33,291.52,0.4114,-0.023,14,15,5,0,0,460,0,0
USR_04950,15,0.7143,29,2,34,552.57,0.3568,0.087,13,15,5,0,0,416,2,0
USR_04951,11,0.7333,26,1,39,130.8,0.4144,-0.4378,9,12,3,0,0,88,4,0
USR_04952,5,0.4545,9,0,135,660.59,0.5314,0.0441,4,8,1,0,0,945,2,0
USR_04953,13,0.619,8,1,29,510.01,0.5345,0.549,11,15,4,1,1,197,13,0
USR_04954,25,1.0,16,3,38,1152.46,0.6393,0.1057,21,21,8,0,0,469,4,0
USR_04955,10,0.4545,21,1,33,169.45,0.7386,0.06,8,12,3,1,0,255,3,0
USR_04956,11,0.5238,29,1,13,1226.87,0.3855,0.0649,9,12,3,1,0,217,6,0
USR_04957,18,0.8182,11,2,2,752.58,0.5757,-0.0275,15,16,6,1,0,466,6,0
USR_04958,5,0.2941,17,0,86,2364.26,0.307,0.2617,4,4,1,1,0,1104,0,0
USR_04959,21,0.6562,3,2,25,580.59,0.5239,0.3786,18,22,7,0,0,1134,5,0
USR_04960,10,0.5882,21,1,24,873.9,0.4625,-0.0601,8,10,3,0,0,476,1,0
USR_04961,2,0.1429,15,0,167,1105.0,0.4506,-0.4093,1,5,0,0,0,621,3,0
USR_04962,12,0.8,19,1,5,130.71,0.7255,0.3152,10,13,4,1,0,1183,7,0
USR_04963,16,0.8,6,2,20,1617.59,0.7085,-0.0116,13,15,5,0,1,304,4,0
USR_04964,14,0.5,12,1,33,599.91,0.9555,-0.0448,12,13,4,0,0,1135,2,0
USR_04965,24,0.9231,1,3,18,240.61,0.6512,0.3086,20,23,8,1,0,153,0,0
USR_04966,20,0.625,10,2,31,626.23,0.6996,-0.0373,16,19,6,0,0,294,4,0
USR_04967,16,0.5714,10,2,25,1697.47,0.6855,0.3594,13,16,5,0,0,425,2,0
USR_04968,13,0.7222,13,1,16,505.77,0.4955,0.4095,11,14,4,1,0,73,12,0
USR_04969,6,0.5,29,0,180,722.9,0.792,0.3581,5,9,2,0,0,984,4,0
USR_04970,17,0.5484,18,2,20,134.16,0.2491,0.1572,14,15,5,1,1,1030,10,0
USR_04971,17,0.8095,26,2,36,335.47,0.6842,0.0295,14,15,5,0,0,478,3,0
USR_04972,6,0.5455,6,0,192,1171.73,0.4129,-0.0978,5,6,2,0,0,1008,10,0
USR_04973,1,1.0,29,0,46,1551.35,0.1811,-0.2845,1,5,0,0,1,933,0,0
USR_04974,16,0.7619,18,2,34,787.43,0.2885,0.4151,13,17,5,0,0,967,2,0
USR_04975,11,0.8462,0,1,31,1061.08,0.8432,0.0421,9,12,3,1,1,969,0,0
USR_04976,19,0.8636,25,2,11,482.83,0.3029,-0.1391,16,19,6,0,1,700,0,0
USR_04977,22,0.7586,4,2,44,676.1,0.4848,0.1966,18,18,7,0,0,159,12,0
USR_04978,9,0.45,24,1,29,284.72,0.5335,0.4574,7,11,3,1,0,1110,7,0
USR_04979,7,0.3684,7,1,24,449.18,0.3601,0.0702,6,8,2,1,0,742,5,0
USR_04980,8,0.6154,20,1,10,650.24,0.6179,0.3277,7,11,2,0,0,1084,4,0
USR_04981,15,0.6818,22,2,19,190.43,0.8234,0.3623,13,17,5,1,1,1152,5,0
USR_04982,10,0.9091,3,1,20,4516.34,0.9027,0.052,8,10,3,1,0,248,6,0
USR_04983,5,0.5556,29,0,132,378.57,0.3952,-0.0628,4,8,1,0,1,500,10,0
USR_04984,6,0.6,26,0,125,786.98,0.5262,0.3025,5,8,2,0,0,255,5,0
USR_04985,5,0.2778,12,0,73,244.6,0.5974,0.1052,4,4,1,0,0,89,8,0
USR_04986,22,0.6471,7,3,32,59.22,0.4006,0.0976,18,21,7,1,0,1160,2,0
USR_04987,24,0.8276,17,3,10,2617.4,0.1802,-0.0035,20,24,8,0,0,1110,13,0
USR_04988,8,0.8,23,1,21,695.8,0.434,0.0925,6,9,2,0,0,1120,0,0
USR_04989,17,0.8947,2,2,13,116.84,0.7575,-0.1236,14,18,5,0,1,1063,3,0
USR_04990,5,0.4167,4,0,79,292.67,0.2568,-0.1255,4,8,1,0,0,789,11,0
USR_04991,13,0.4815,18,1,22,3480.08,0.7943,0.6715,10,13,4,0,0,640,1,0
USR_04992,15,0.6522,8,2,12,978.32,0.7558,-0.005,13,14,5,1,0,1190,0,0
USR_04993,18,0.7826,27,2,44,84.41,0.5231,0.2389,15,16,6,1,1,676,2,0
USR_04994,13,0.52,16,1,37,441.58,0.6838,-0.0812,10,14,4,0,1,781,3,0
USR_04995,7,0.5,19,0,116,574.59,0.6926,0.4223,5,9,2,1,0,277,12,0
USR_04996,20,0.8696,10,2,6,1012.51,0.3868,0.1228,17,19,6,1,1,903,10,0
USR_04997,4,0.25,19,0,47,660.33,0.6059,-0.0306,3,4,1,0,0,988,3,0
USR_04998,15,0.5357,7,2,7,166.08,0.4772,-0.5493,12,12,5,1,0,823,13,0
USR_04999,26,0.8667,14,3,8,400.6,0.7085,-0.1681,21,21,8,0,1,613,6,0
USR_05000,7,0.3333,0,1,16,321.9,0.338,0.2515,6,7,2,0,0,261,11,0
USR_05001,15,0.6818,13,2,1,1210.54,0.4329,-0.6437,12,12,5,0,1,69,1,0
USR_05002,13,0.8125,22,1,1,430.78,0.5769,-0.251,10,14,4,0,0,763,4,0
USR_05003,15,0.5556,11,2,0,426.69,0.5217,-0.9483,13,15,5,1,0,829,0,0
USR_05004,14,0.875,1,1,14,539.89,0.5026,-0.6668,12,14,4,0,1,933,0,0
USR_05005,16,0.8421,24,2,22,333.74,0.2463,0.0865,13,16,5,1,0,1142,7,0
USR_05006,11,0.6875,8,1,4,2223.57,0.4838,-0.3769,9,12,3,1,0,611,0,0
USR_05007,13,0.5,19,1,5,1632.76,0.4841,0.0988,11,12,4,0,0,1000,4,0
USR_05008,18,0.5625,21,2,23,1695.01,0.6827,0.3353,15,15,6,0,0,868,7,0
USR_05009,26,0.9286,8,3,8,247.95,0.8701,-0.0809,21,21,8,0,0,354,0,0
USR_05010,15,1.0,8,2,21,881.56,0.7917,-0.0046,13,14,5,0,0,1018,3,0
USR_05011,8,0.4,15,1,7,1249.6,0.7691,-0.1873,7,7,2,0,0,92,6,0
USR_05012,11,0.5789,13,1,32,292.67,0.9035,0.0877,9,12,3,1,0,730,11,0
USR_05013,14,0.7368,3,1,32,260.16,0.3781,0.0033,11,14,4,1,0,1130,2,0
USR_05014,10,1.0,2,1,41,300.78,0.3525,-0.3717,8,11,3,1,1,800,13,0
USR_05015,4,0.3333,1,0,140,206.56,0.7899,-0.1373,3,4,1,0,1,1126,10,0
USR_05016,9,0.8182,9,1,32,1537.57,0.6417,0.4011,8,10,3,0,1,95,6,0
USR_05017,10,0.5556,4,1,5,1427.16,0.1514,0.4023,8,11,3,0,0,652,3,0
USR_05018,5,0.7143,22,0,99,513.37,0.6809,0.041,4,6,1,0,1,943,7,0
USR_05019,7,0.7,26,1,4,632.03,0.321,-0.819,6,7,2,1,0,781,10,0
USR_05020,1,0.5,23,0,50,385.68,0.53,0.2703,1,2,0,0,0,1060,2,0
USR_05021,9,0.8182,7,1,14,4236.15,0.618,-0.3939,7,7,3,0,0,571,13,0
USR_05022,11,0.5238,10,1,21,469.42,0.2977,-0.1695,9,9,3,1,0,828,12,0
USR_05023,8,0.4444,28,1,28,435.63,0.3132,0.0156,6,6,2,1,0,521,4,0
USR_05024,10,0.625,4,1,18,600.38,0.504,0.456,8,8,3,0,1,1050,7,0
USR_05025,25,0.6757,10,3,16,232.33,0.7081,-0.0743,21,21,8,0,0,169,4,0
USR_05026,14,0.5,13,1,20,823.9,0.6057,0.1901,12,16,4,0,1,327,8,0
USR_05027,12,0.8571,12,1,12,2081.44,0.2084,-0.5122,10,12,4,1,1,143,10,0
USR_05028,13,0.8125,28,1,10,578.63,0.523,0.0738,11,11,4,0,1,851,0,0
USR_05029,10,0.4762,24,1,5,1262.6,0.3798,0.3067,8,8,3,1,0,302,0,0
USR_05030,10,0.5556,29,1,2,138.61,0.8469,-0.117,8,11,3,0,1,401,2,0
USR_05031,8,0.6667,6,1,20,310.39,0.574,-0.0434,7,11,2,0,0,1008,12,0
USR_05032,6,0.4286,2,0,162,718.7,0.9464,0.4399,5,5,2,0,0,451,3,0
USR_05033,18,0.6923,27,2,1,151.65,0.4582,-0.1071,15,16,6,1,0,200,11,0
USR_05034,5,0.3846,4,0,47,864.87,0.7125,0.133,4,7,1,0,0,54,3,0
USR_05035,15,0.6522,19,2,28,519.85,0.7216,-0.2391,12,16,5,1,0,295,2,0
USR_05036,1,1.0,26,0,139,843.04,0.6402,-0.0199,1,5,0,1,0,1100,12,0
USR_05037,8,0.4211,1,1,37,552.22,0.817,-0.3162,7,7,2,0,0,671,5,0
USR_05038,13,0.8667,18,1,24,583.27,0.7024,-0.4655,11,15,4,0,1,1193,2,0
USR_05039,15,0.6522,28,2,43,82.75,0.7089,-0.1429,13,13,5,0,1,281,0,0
USR_05040,4,0.3333,28,0,107,277.69,0.5878,0.3565,3,5,1,0,1,441,0,0
USR_05041,9,0.9,8,1,14,998.25,0.465,0.0794,8,10,3,0,1,220,0,0
USR_05042,17,0.8095,7,2,20,214.24,0.5799,0.2299,14,14,5,0,0,496,2,0
USR_05043,4,0.5,6,0,40,303.36,0.7931,-0.3362,3,7,1,1,1,689,5,0
USR_05044,5,0.625,17,0,77,468.94,0.5452,0.6367,4,4,1,1,0,975,2,0
USR_05045,7,0.5833,26,0,37,504.8,0.4299,0.2889,5,8,2,0,0,460,0,0
USR_05046,14,0.7778,27,1,22,1179.55,0.7148,-0.2943,12,15,4,0,1,932,1,0
USR_05047,13,0.619,9,1,12,799.21,0.6856,-0.1388,10,11,4,0,0,762,3,0
USR_05048,13,1.0,15,1,23,391.89,0.5883,-0.4599,11,14,4,1,0,371,13,0
USR_05049,4,0.6667,21,0,108,168.79,0.7004,-0.4945,3,4,1,1,0,1097,3,0
USR_05050,2,0.2222,20,0,106,5000.0,0.6456,0.119,2,4,0,0,1,538,0,0
USR_05051,22,0.8148,1,3,20,685.56,0.6478,-0.676,18,20,7,1,0,206,5,0
USR_05052,7,0.5385,26,0,48,1381.55,0.3826,0.0379,6,8,2,0,0,1156,12,0
USR_05053,2,1.0,27,0,116,98.79,0.5062,-0.2205,2,3,0,0,1,1098,9,0
USR_05054,8,0.7273,19,1,44,494.11,0.704,0.1619,6,6,2,0,0,87,10,0
USR_05055,16,0.8,12,2,42,479.32,0.5752,0.0343,13,13,5,1,1,1085,12,0
USR_05056,19,1.0,23,2,38,458.72,0.6725,-0.4277,16,18,6,0,0,1138,6,0
USR_05057,19,0.7308,5,2,20,1239.67,0.2023,-0.0772,16,18,6,0,0,1000,13,0
USR_05058,5,1.0,6,0,139,538.13,0.6859,0.0389,4,5,1,1,0,328,0,0
USR_05059,16,0.5333,29,2,34,471.74,0.7616,0.0204,13,15,5,1,0,768,10,0
USR_05060,3,1.0,10,0,184,658.05,0.6566,-0.0307,2,6,1,1,0,659,10,0
USR_05061,2,0.5,22,0,67,678.74,0.8442,0.3679,2,3,0,0,0,755,12,0
USR_05062,13,0.65,12,1,11,252.52,0.4383,0.3285,11,12,4,1,0,751,4,0
USR_05063,12,1.0,23,1,33,1468.52,0.3414,-0.3401,10,11,4,0,0,777,9,0
USR_05064,20,0.6897,24,2,0,418.8,0.419,-0.4226,17,20,6,1,1,631,1,0
USR_05065,4,0.4444,15,0,52,612.43,0.8798,-0.3916,3,3,1,1,0,837,5,0
USR_05066,21,1.0,11,2,30,2202.75,0.8118,-0.0647,18,22,7,0,0,646,2,0
USR_05067,17,0.6538,20,2,18,5000.0,0.8882,0.0601,14,16,5,0,0,49,5,0
USR_05068,18,0.9474,6,2,41,967.28,0.4714,0.5397,15,15,6,0,1,71,6,0
USR_05069,4,0.3077,8,0,108,165.13,0.4596,-0.2727,3,7,1,1,1,1150,2,0
USR_05070,16,0.64,1,2,11,528.81,0.7311,-0.0026,13,14,5,1,0,1093,1,0
USR_05071,20,0.8,15,2,16,2624.05,0.9118,-0.0738,17,18,6,1,0,715,2,0
USR_05072,8,0.4706,19,1,11,553.14,0.4856,0.1369,6,6,2,1,0,234,6,0
USR_05073,23,1.0,11,3,4,1295.1,0.8406,-0.0217,19,23,7,1,1,944,6,0
USR_05074,5,0.2778,22,0,139,1280.26,0.4944,-0.2598,4,8,1,0,0,197,8,0
USR_05075,4,0.2353,12,0,125,378.77,0.5648,0.0399,4,4,1,1,0,471,0,0
USR_05076,5,0.7143,6,0,55,3023.5,0.7019,0.5132,4,8,1,0,1,415,10,0
USR_05077,2,0.2222,0,0,151,937.47,0.399,-0.0206,2,6,0,0,0,44,6,0
USR_05078,20,0.7692,25,2,23,651.17,0.7291,0.4981,17,21,6,1,0,974,0,0
USR_05079,3,0.2143,24,0,142,583.52,0.7848,-0.0335,2,6,1,0,0,626,2,0
USR_05080,7,0.7,13,0,190,260.43,0.4591,0.3554,6,8,2,1,1,400,3,0
USR_05081,4,0.4444,6,0,152,353.69,0.7584,-0.1753,4,6,1,1,0,623,2,0
USR_05082,19,0.7917,17,2,19,293.43,0.5609,0.1453,16,16,6,0,0,30,0,0
USR_05083,15,0.5556,14,2,31,4101.82,0.8239,0.3401,12,15,5,0,1,541,1,0
USR_05084,7,0.5,10,0,81,1524.78,0.7036,0.2507,5,6,2,1,0,637,0,0
USR_05085,7,0.3889,19,0,87,296.6,0.6418,0.5338,6,9,2,0,1,427,0,0
USR_05086,19,0.95,6,2,34,2906.3,0.3359,0.8419,16,18,6,1,1,1001,1,0
USR_05087,10,0.9091,1,1,40,1982.25,0.3349,-0.4484,9,9,3,1,0,322,10,0
USR_05088,8,0.3636,4,1,29,397.76,0.6819,-0.3465,6,8,2,1,0,191,4,0
USR_05089,22,1.0,10,3,9,1017.29,0.7133,-0.4328,18,19,7,0,0,647,3,0
USR_05090,2,0.1667,24,0,118,385.56,0.4872,0.5787,1,1,0,0,0,1068,6,0
USR_05091,4,0.6667,7,0,136,1510.34,0.8201,-0.1829,3,4,1,0,1,469,4,0
USR_05092,5,0.4167,28,0,150,986.11,0.9002,-0.1043,4,7,1,1,1,84,0,0
USR_05093,6,0.3333,3,0,45,473.99,0.5253,0.1567,5,6,2,0,0,1164,1,0
USR_05094,6,0.4615,29,0,177,247.13,0.5032,-0.0129,5,8,2,0,1,549,1,0
USR_05095,10,0.7143,24,1,5,631.55,0.8984,0.1071,8,9,3,1,1,232,5,0
USR_05096,18,0.9,2,2,5,985.55,0.4788,-0.1796,15,16,6,1,1,750,3,0
USR_05097,12,0.7059,16,1,8,1882.35,0.2551,0.433,10,13,4,0,0,404,3,0
USR_05098,3,0.1765,20,0,123,1100.2,0.6974,-0.3296,2,3,1,0,0,1127,4,0
USR_05099,11,0.5789,13,1,9,1395.62,0.8616,-0.0314,9,10,3,1,0,373,13,0
USR_05100,5,0.4545,29,0,185,364.54,0.741,0.0795,4,6,1,1,0,673,2,0
USR_05101,6,0.4,3,0,186,136.66,0.7777,0.1977,5,6,2,0,0,665,4,0
USR_05102,20,0.7407,16,2,40,171.78,0.9242,0.1152,16,19,6,0,0,313,4,0
USR_05103,14,0.7,15,1,38,526.75,0.7791,-0.0942,12,15,4,0,0,614,7,0
USR_05104,22,0.9167,18,3,25,358.37,0.8232,-0.2123,18,18,7,1,0,157,8,0
USR_05105,9,0.6,8,1,38,602.76,0.5742,0.5229,8,12,3,1,1,783,7,0
USR_05106,2,0.3333,14,0,89,1196.41,0.6429,-0.392,1,4,0,0,0,917,1,0
USR_05107,4,0.5,3,0,144,1098.89,0.2789,0.2504,3,3,1,0,1,1141,3,0
USR_05108,21,0.84,3,2,14,101.88,0.7482,-0.3722,17,17,7,0,1,411,10,0
USR_05109,17,0.9444,15,2,18,5000.0,0.3811,0.1376,14,16,5,0,0,363,3,0
USR_05110,15,0.6818,22,2,5,909.66,0.7362,0.2849,12,16,5,0,0,672,13,0
USR_05111,19,0.9048,20,2,11,838.44,0.2842,-0.4046,16,17,6,0,0,840,2,0
USR_05112,14,0.7,28,1,4,590.68,0.8795,0.2013,12,14,4,0,0,1191,4,0
USR_05113,10,0.4348,1,1,13,531.73,0.888,-0.1939,9,11,3,0,0,59,4,0
USR_05114,11,0.4783,13,1,31,1603.94,0.8311,-0.6963,9,10,3,1,1,308,3,0
USR_05115,3,0.1765,1,0,109,305.26,0.8292,0.2401,2,4,1,1,0,336,10,0
USR_05116,18,0.9,10,2,39,850.11,0.5307,-0.3188,15,15,6,0,0,328,0,0
USR_05117,6,0.3333,22,0,88,2236.8,0.6767,-0.2048,5,7,2,1,0,572,5,0
USR_05118,0,0.0,74,0,46,774.27,0.5994,-0.4443,0,1,0,1,1,1051,5,0
USR_05119,9,0.6923,6,1,24,1002.84,0.6612,-0.2158,8,11,3,0,0,66,10,0
USR_05120,12,0.7059,2,1,30,216.21,0.6409,0.4215,10,11,4,1,0,984,5,0
USR_05121,12,0.8571,4,1,34,1288.52,0.9093,0.5322,10,12,4,0,0,752,13,0
USR_05122,24,0.6316,12,3,8,893.8,0.6612,-0.2547,20,22,8,1,0,749,11,0
USR_05123,16,0.6957,28,2,5,613.88,0.2602,-0.058,13,15,5,0,0,823,2,0
USR_05124,18,0.8182,11,2,20,1184.97,0.867,0.0764,15,17,6,1,0,165,10,0
USR_05125,22,0.9565,5,3,5,266.46,0.7439,-0.3204,18,19,7,0,0,903,13,0
USR_05126,8,0.5333,7,1,43,2810.12,0.4642,0.187,6,7,2,0,0,320,1,0
USR_05127,19,0.5938,20,2,44,5000.0,0.5679,0.4236,16,16,6,1,1,634,5,0
USR_05128,6,0.5455,8,0,35,411.22,0.5401,-0.3709,5,9,2,1,0,821,2,0
USR_05129,6,0.3529,24,0,125,1703.82,0.3739,0.4052,5,6,2,1,0,736,6,0
USR_05130,14,0.7368,1,1,10,592.85,0.6491,-0.3643,11,11,4,1,0,408,0,0
USR_05131,11,0.44,9,1,43,248.54,0.7518,-0.0911,9,10,3,1,0,493,8,0
USR_05132,22,0.7097,7,2,36,1877.61,0.4498,0.7482,18,21,7,1,0,587,3,0
USR_05133,8,0.4,13,1,13,530.0,0.2391,0.5576,6,8,2,1,0,78,5,0
USR_05134,7,0.4375,11,1,33,1085.12,0.838,-0.4117,6,9,2,0,1,879,0,0
USR_05135,9,0.6,16,1,2,3066.65,0.4169,0.2497,7,10,3,0,0,146,7,0
USR_05136,2,1.0,9,0,192,1014.58,0.9597,-0.4009,1,1,0,0,1,566,4,0
USR_05137,2,0.3333,6,0,54,786.07,0.41,0.1537,2,4,0,1,0,796,5,0
USR_05138,11,0.7857,19,1,14,308.59,0.7485,-0.1219,9,9,3,1,1,124,2,0
USR_05139,23,0.6571,8,3,8,309.41,0.5655,0.1827,19,21,7,1,0,1194,0,0
USR_05140,4,0.3333,26,0,156,596.45,0.3847,0.0973,3,3,1,1,0,471,3,0
USR_05141,12,0.6,28,1,40,491.17,0.6707,0.0724,10,12,4,1,0,48,12,0
USR_05142,21,0.6,6,2,23,1146.1,0.8261,-0.0597,18,20,7,0,0,800,1,0
USR_05143,6,0.3158,8,0,178,278.34,0.7157,0.6722,5,6,2,0,0,682,6,0
USR_05144,7,0.4118,28,0,151,357.74,0.3226,-0.1472,5,9,2,0,0,779,0,0
USR_05145,18,0.8182,24,2,19,589.16,0.925,-0.1992,15,19,6,1,0,908,7,0
USR_05146,12,0.9231,13,1,38,718.43,0.8799,0.4701,10,11,4,1,1,586,1,0
USR_05147,6,0.4286,16,0,182,696.95,0.8371,-0.3129,5,7,2,1,0,997,3,0
USR_05148,11,0.44,7,1,38,568.87,0.5555,0.3043,9,9,3,0,0,463,2,0
USR_05149,15,0.7143,19,2,4,355.12,0.4513,-0.0948,12,14,5,1,1,667,0,0
USR_05150,21,0.6,28,2,28,1057.39,0.4324,-0.2565,17,19,7,1,0,215,2,0
USR_05151,9,0.8182,13,1,28,1713.19,0.388,0.3419,7,9,3,1,1,755,2,0
USR_05152,5,1.0,13,0,156,852.53,0.606,0.0916,4,4,1,1,1,336,4,0
USR_05153,14,0.6364,17,1,6,418.19,0.0951,0.021,11,12,4,1,1,845,13,0
USR_05154,22,0.8148,24,3,31,143.67,0.6472,0.0562,18,19,7,1,0,967,4,0
USR_05155,16,0.9412,16,2,28,2510.11,0.5382,0.2071,13,13,5,0,0,1034,12,0
USR_05156,15,0.5172,13,2,17,578.35,0.5942,-0.4349,12,15,5,1,0,1117,3,0
USR_05157,2,0.2857,14,0,120,1915.25,0.4734,0.3266,2,4,0,0,0,173,0,0
USR_05158,7,0.7,0,1,41,2473.8,0.673,-0.5167,6,7,2,0,0,191,1,0
USR_05159,6,0.4286,24,0,48,1265.15,0.6143,-0.3281,5,9,2,0,0,1113,3,0
USR_05160,12,0.5,10,1,17,1427.64,0.387,0.2252,10,12,4,1,1,475,2,0
USR_05161,20,0.9091,26,2,23,1339.61,0.6322,0.3074,17,21,6,0,0,60,10,0
USR_05162,15,0.75,11,2,18,557.29,0.5943,-0.161,13,17,5,0,0,365,6,0
USR_05163,18,0.6207,7,2,39,265.42,0.9228,0.2534,15,19,6,0,0,1008,5,0
USR_05164,19,0.6552,26,2,21,1259.42,0.4538,-0.0993,16,18,6,0,1,445,4,0
USR_05165,22,0.9167,4,3,1,195.64,0.8067,-0.493,18,19,7,1,0,119,3,0
USR_05166,5,1.0,23,0,115,485.8,0.6495,-0.191,4,7,1,1,1,874,5,0
USR_05167,8,0.4444,24,1,32,398.75,0.2015,-0.4185,6,7,2,1,1,257,0,0
USR_05168,12,0.8,6,1,1,1051.99,0.4152,-0.0031,10,14,4,0,1,442,0,0
USR_05169,9,1.0,6,1,25,801.31,0.7498,0.0818,7,11,3,0,0,34,2,0
USR_05170,13,0.5,9,1,24,398.09,0.3698,0.1279,11,15,4,1,0,734,0,0
USR_05171,12,0.5455,25,1,7,474.76,0.8927,-0.4023,10,13,4,0,0,550,6,0
USR_05172,11,0.6471,10,1,29,3186.32,0.6345,0.1295,9,9,3,1,1,1044,0,0
USR_05173,6,0.5,3,0,168,355.08,0.4289,0.1684,5,8,2,1,0,421,0,0
USR_05174,3,0.1875,12,0,149,574.41,0.7907,0.4009,2,2,1,0,0,269,12,0
USR_05175,6,0.3529,2,0,152,1057.01,0.4657,-0.1697,5,6,2,1,1,224,13,0
USR_05176,6,0.4615,15,0,80,703.68,0.837,-0.3214,5,5,2,1,0,264,4,0
USR_05177,8,0.5,5,1,16,1082.73,0.5763,-0.2425,6,7,2,0,1,557,4,0
USR_05178,9,0.5294,8,1,40,1601.87,0.6009,0.0571,7,9,3,1,0,131,9,0
USR_05179,10,0.6667,0,1,3,2103.65,0.8534,-0.0107,8,10,3,0,0,500,0,0
USR_05180,5,0.4167,0,0,56,689.59,0.2376,-0.0553,4,5,1,0,1,1029,3,0
USR_05181,9,0.5,22,1,31,919.86,0.8487,-0.1726,8,9,3,0,0,928,0,0
USR_05182,13,0.5909,27,1,22,786.91,0.6358,0.1787,11,14,4,0,1,775,3,0
USR_05183,9,0.6429,11,1,13,324.99,0.4083,0.1607,7,8,3,0,0,1074,13,0
USR_05184,11,0.4783,0,1,7,777.45,0.469,-0.0834,9,9,3,0,0,942,8,0
USR_05185,17,0.7727,28,2,13,178.06,0.8534,0.6994,14,18,5,0,0,793,13,0
USR_05186,19,0.6333,12,2,20,897.8,0.7807,-0.4013,16,17,6,0,1,1039,8,0
USR_05187,13,0.6842,10,1,3,120.83,0.5923,-0.1602,10,11,4,1,0,175,5,0
USR_05188,15,0.5172,23,2,27,301.41,0.7029,-0.3047,12,12,5,0,0,987,8,0
USR_05189,6,0.375,21,0,72,1318.57,0.5292,-0.2307,5,9,2,1,1,375,6,0
USR_05190,15,0.6,22,2,11,965.01,0.947,-0.0752,13,16,5,1,1,887,3,0
USR_05191,7,0.4375,20,0,186,656.07,0.9658,0.0944,6,10,2,1,1,1098,2,0
USR_05192,13,0.8667,0,1,38,463.87,0.3933,0.0068,11,13,4,0,1,610,4,0
USR_05193,26,0.6667,9,3,38,333.09,0.512,0.8419,22,24,8,0,1,133,1,0
USR_05194,18,0.6429,20,2,42,421.16,0.8922,-0.4889,15,16,6,0,0,463,4,0
USR_05195,21,1.0,26,2,14,1150.74,0.8282,-0.1087,18,22,7,1,0,506,0,0
USR_05196,24,0.8571,18,3,15,542.83,0.7398,0.1897,20,23,8,0,0,1125,5,0
USR_05197,12,0.8571,11,1,13,125.48,0.854,-0.8416,10,11,4,0,1,1132,1,0
USR_05198,17,0.8947,26,2,10,248.34,0.453,0.2162,14,14,5,0,1,695,2,0
USR_05199,6,0.4615,16,0,146,347.39,0.7923,0.42,5,7,2,1,1,1142,4,0
USR_05200,15,0.5769,3,2,15,538.37,0.5912,-0.1017,13,13,5,1,0,540,0,0
USR_05201,10,0.5,11,1,33,525.94,0.8464,-0.208,8,8,3,0,0,511,13,0
USR_05202,3,0.1765,25,0,70,285.8,0.2701,-0.1514,2,3,1,1,1,1008,3,0
USR_05203,18,0.9474,13,2,9,1087.81,0.4381,0.1,15,18,6,0,0,810,2,0
USR_05204,22,0.7097,16,3,13,136.47,0.4832,0.0425,18,18,7,0,0,641,0,0
USR_05205,9,0.6923,1,1,40,366.17,0.4804,0.1795,8,9,3,1,1,564,10,0
USR_05206,8,1.0,19,1,18,1246.02,0.8608,-0.2528,7,8,2,0,0,855,5,0
USR_05207,16,0.5333,9,2,41,1024.51,0.1292,0.2731,13,15,5,1,1,911,3,0
USR_05208,22,0.9565,2,2,26,535.93,0.7435,-0.0381,18,18,7,1,0,603,1,0
USR_05209,3,0.4286,28,0,158,1409.51,0.7358,0.7618,2,6,1,1,0,66,8,0
USR_05210,7,0.5,12,1,20,819.26,0.8491,-0.3026,6,9,2,1,1,149,12,0
USR_05211,17,0.7727,24,2,40,703.77,0.7795,0.4233,14,17,5,1,1,198,3,0
USR_05212,6,0.75,21,0,55,1075.58,0.7655,-0.2146,5,9,2,1,1,570,0,0
USR_05213,10,0.7692,26,1,29,920.6,0.7643,-0.3797,9,9,3,0,0,748,0,0
USR_05214,4,0.2857,12,0,42,1930.14,0.4931,-0.0066,3,4,1,1,1,970,0,0
USR_05215,16,1.0,21,2,39,533.48,0.5537,-0.3547,13,16,5,1,1,302,8,0
USR_05216,10,1.0,28,1,24,547.69,0.5744,0.1072,8,10,3,0,0,950,13,0
USR_05217,11,0.7333,19,1,17,778.58,0.7699,0.2962,9,12,3,1,1,809,13,0
USR_05218,9,0.3913,19,1,44,676.59,0.7712,-0.1443,7,11,3,1,1,90,9,0
USR_05219,8,0.8,26,1,17,2938.06,0.7164,-0.25,6,9,2,1,0,440,0,0
USR_05220,17,0.6538,10,2,17,1011.84,0.2595,0.2928,14,14,5,1,1,384,13,0
USR_05221,16,0.7619,16,2,22,372.96,0.7086,-0.3079,13,13,5,1,1,1067,2,0
USR_05222,4,0.3636,21,0,173,201.77,0.4066,-0.4667,3,3,1,0,0,1107,2,0
USR_05223,19,0.8636,27,2,11,2337.5,0.4085,0.2675,15,17,6,1,0,988,6,0
USR_05224,2,0.1333,23,0,80,492.73,0.6889,0.0564,1,3,0,1,0,647,0,0
USR_05225,16,0.7273,12,2,24,866.54,0.3735,-0.0149,13,13,5,0,1,606,10,0
USR_05226,8,1.0,23,1,5,655.33,0.4922,-0.2798,7,7,2,0,0,394,13,0
USR_05227,4,0.5,17,0,63,1268.0,0.3113,0.1977,3,6,1,1,0,934,9,0
USR_05228,8,0.6667,13,1,32,427.34,0.5276,0.2264,7,7,2,0,0,130,9,0
USR_05229,9,0.4091,14,1,8,731.49,0.519,-0.5866,7,7,3,0,0,347,3,0
USR_05230,10,1.0,22,1,10,429.9,0.7059,0.8692,9,10,3,0,0,188,0,0
USR_05231,15,0.7895,0,2,40,5000.0,0.5086,-0.418,12,12,5,0,1,608,9,0
USR_05232,7,0.7778,28,0,56,364.25,0.5217,-0.2003,6,10,2,0,0,380,5,0
USR_05233,9,0.8182,5,1,4,1041.2,0.7419,-0.1437,8,8,3,1,1,261,12,0
USR_05234,13,0.4815,20,1,2,5000.0,0.3275,-0.6029,11,15,4,1,0,470,0,0
USR_05235,4,0.2667,27,0,44,1601.81,0.7052,-0.2918,3,5,1,0,0,1037,2,0
USR_05236,20,0.5882,6,2,44,653.92,0.8676,-0.1834,17,21,6,0,1,682,2,0
USR_05237,15,0.5556,17,2,24,760.19,0.7112,-0.1159,13,15,5,0,0,992,6,0
USR_05238,15,0.5556,16,2,38,347.17,0.5448,-0.2412,12,13,5,0,0,1099,9,0
USR_05239,2,0.2,1,0,133,2550.14,0.7099,0.3449,1,4,0,0,0,1085,13,0
USR_05240,2,0.2222,19,0,186,555.22,0.5134,0.0957,1,1,0,0,0,440,2,0
USR_05241,23,0.8214,29,3,38,627.16,0.5731,0.2771,19,20,7,1,0,1056,4,0
USR_05242,5,0.8333,26,0,160,329.44,0.4006,-0.1005,4,5,1,0,1,1093,0,0
USR_05243,13,0.52,27,1,20,518.08,0.5316,0.2015,11,14,4,0,1,1152,1,0
USR_05244,9,0.6429,14,1,26,700.83,0.9097,0.0583,7,7,3,1,1,440,3,0
USR_05245,19,0.6552,21,2,13,1590.15,0.3666,0.2267,16,17,6,0,0,297,5,0
USR_05246,20,0.5882,7,2,12,823.04,0.4083,-0.3157,17,21,6,0,1,713,4,0
USR_05247,13,0.7222,8,1,7,1597.1,0.5002,0.3539,11,13,4,1,0,1120,2,0
USR_05248,21,0.913,27,2,4,106.94,0.269,0.0556,17,21,7,1,0,1083,5,0
USR_05249,19,0.7917,8,2,30,2039.68,0.7617,0.0106,16,20,6,0,0,698,10,0
USR_05250,3,0.1765,21,0,113,227.44,0.5778,0.4155,2,4,1,0,0,204,1,0
USR_05251,13,1.0,25,1,37,1230.71,0.6176,-0.0852,11,12,4,1,0,524,2,0
USR_05252,7,0.7,18,1,26,55.33,0.864,-0.1095,6,10,2,0,0,865,7,0
USR_05253,4,1.0,1,0,185,701.03,0.6273,0.396,4,7,1,0,0,685,9,0
USR_05254,15,0.5769,28,2,43,1419.56,0.4952,-0.1174,13,15,5,0,0,434,10,0
USR_05255,12,0.8571,7,1,12,339.32,0.0526,-0.0612,10,10,4,1,0,430,1,0
USR_05256,17,0.8095,29,2,38,684.51,0.5397,-0.4535,14,15,5,0,0,99,4,0
USR_05257,2,0.4,4,0,152,1395.61,0.611,-0.2758,2,5,0,1,0,367,12,0
USR_05258,12,1.0,10,1,26,1196.85,0.5865,0.3022,10,11,4,1,1,813,3,0
USR_05259,23,0.6389,21,3,29,191.01,0.7846,0.0732,19,19,7,1,0,312,3,0
USR_05260,10,0.6667,1,1,38,1479.01,0.3819,-0.3268,8,8,3,0,0,1192,13,0
USR_05261,12,0.5,11,1,24,2609.55,0.6101,-0.1776,10,14,4,1,0,126,0,0
USR_05262,3,0.3,27,0,107,1758.21,0.6789,-0.2815,2,3,1,0,0,718,7,0
USR_05263,12,1.0,27,1,35,248.56,0.6833,0.1074,10,10,4,1,0,610,10,0
USR_05264,2,0.5,16,0,192,279.1,0.1036,0.139,2,2,0,0,0,1004,0,0
USR_05265,18,1.0,24,2,15,706.89,0.6294,-0.1826,15,16,6,0,0,1068,7,0
USR_05266,11,0.7857,23,1,20,1062.52,0.5795,-0.3182,9,12,3,1,0,665,3,0
USR_05267,6,0.4286,29,0,163,1335.07,0.1518,-0.503,5,8,2,0,1,767,10,0
USR_05268,24,0.96,12,3,30,353.01,0.3454,0.4335,20,21,8,1,0,847,12,0
USR_05269,17,0.7727,8,2,15,626.72,0.5454,-0.0837,14,14,5,0,0,639,11,0
USR_05270,16,1.0,26,2,32,345.65,0.4438,0.1659,13,16,5,0,1,246,0,0
USR_05271,13,0.52,14,1,11,297.26,0.6326,-0.3188,11,15,4,0,1,531,8,0
USR_05272,6,0.5455,17,0,131,920.66,0.3889,-0.11,5,8,2,1,1,312,12,0
USR_05273,22,0.6111,19,2,10,627.2,0.6043,-0.3473,18,20,7,1,0,573,5,0
USR_05274,6,0.6,24,0,116,957.52,0.2859,0.1914,5,7,2,1,0,749,5,0
USR_05275,7,0.5,29,1,39,421.0,0.7311,0.2311,6,8,2,0,0,274,0,0
USR_05276,11,0.6111,11,1,5,1136.53,0.7273,0.2413,9,10,3,0,0,321,10,0
USR_05277,10,0.8333,10,1,36,269.88,0.4486,-0.2416,8,10,3,0,0,992,0,0
USR_05278,10,0.4762,26,1,16,462.04,0.7235,0.0303,8,12,3,1,1,471,2,0
USR_05279,17,0.5667,9,2,9,274.41,0.6166,-0.366,14,18,5,1,1,262,12,0
USR_05280,8,0.4,19,1,12,835.15,0.6825,0.0368,6,7,2,0,1,864,12,0
USR_05281,2,0.25,18,0,188,2835.57,0.9053,0.2313,1,2,0,1,0,868,13,0
USR_05282,20,0.6452,13,2,9,893.31,0.7688,-0.1183,17,19,6,0,0,996,4,0
USR_05283,14,0.7,19,1,6,613.17,0.3113,-0.0468,11,13,4,0,0,919,0,0
USR_05284,15,0.8824,21,2,7,567.95,0.6104,-0.2877,12,12,5,1,0,1190,4,0
USR_05285,25,0.7143,5,3,13,418.21,0.8599,-0.2507,20,20,8,0,0,702,0,0
USR_05286,8,0.5714,5,1,40,1610.24,0.746,-0.2462,7,11,2,0,0,365,11,0
USR_05287,13,0.7222,13,1,27,924.77,0.4104,-0.2159,10,14,4,0,0,1039,5,0
USR_05288,4,0.8,25,0,62,174.37,0.6821,0.2873,3,7,1,0,0,339,3,0
USR_05289,21,0.875,11,2,29,1588.64,0.172,-0.2157,17,21,7,1,1,370,0,0
USR_05290,14,0.7,14,1,41,331.48,0.637,-0.0072,11,12,4,0,0,999,3,0
USR_05291,5,0.3125,12,0,73,393.57,0.4187,0.2434,4,5,1,1,1,1061,10,0
USR_05292,11,0.6875,23,1,11,917.66,0.6039,0.0912,9,11,3,1,1,427,7,0
USR_05293,16,0.8889,4,2,20,412.16,0.3705,0.7735,14,17,5,0,0,883,0,0
USR_05294,13,0.7222,18,1,6,4000.84,0.5108,0.203,11,11,4,0,0,1109,0,0
USR_05295,7,1.0,19,0,173,549.6,0.5639,-0.0961,6,9,2,0,1,964,3,0
USR_05296,20,0.7692,6,2,27,1103.81,0.5522,-0.4294,16,19,6,0,0,35,0,0
USR_05297,14,0.6667,5,1,11,193.33,0.7824,0.3558,12,13,4,0,1,807,12,0
USR_05298,10,0.5,21,1,11,406.25,0.4457,-0.1366,8,8,3,0,0,228,6,0
USR_05299,12,1.0,0,1,32,599.01,0.4375,-0.2382,10,14,4,0,0,1020,0,0
USR_05300,19,0.6786,6,2,24,1476.54,0.7697,-0.2803,16,20,6,0,0,108,9,0
USR_05301,12,0.5217,14,1,26,281.19,0.3186,-0.3385,10,12,4,0,1,1191,2,0
USR_05302,17,0.5862,0,2,2,1736.35,0.2096,-0.0706,14,15,5,1,0,237,1,0
USR_05303,7,0.3333,1,0,127,736.46,0.3206,-0.1575,5,9,2,0,0,521,5,0
USR_05304,4,0.2857,18,0,71,864.33,0.7757,0.0567,3,3,1,0,0,303,0,0
USR_05305,19,0.5758,19,2,31,366.4,0.5059,0.6626,16,18,6,1,0,982,3,0
USR_05306,20,0.8,28,2,14,307.31,0.7344,0.0182,17,21,6,1,0,490,10,0
USR_05307,16,0.8889,17,2,40,116.52,0.779,0.5229,13,16,5,0,1,901,12,0
USR_05308,2,1.0,3,0,121,845.35,0.8643,-0.0974,2,2,0,1,0,108,2,0
USR_05309,6,0.3158,17,0,165,1098.61,0.4561,-0.069,5,6,2,1,0,559,6,0
USR_05310,19,0.95,0,2,2,497.94,0.201,-0.6951,16,17,6,0,0,1095,1,0
USR_05311,7,0.875,2,0,122,187.39,0.6608,0.3646,6,9,2,0,0,1114,5,0
USR_05312,16,0.5926,6,2,37,426.28,0.8214,-0.26,13,17,5,0,0,274,1,0
USR_05313,21,0.8077,3,2,22,896.49,0.6287,0.2322,17,21,7,0,0,491,5,0
USR_05314,1,0.125,29,0,35,770.64,0.8143,-0.7422,1,1,0,0,0,508,0,0
USR_05315,7,0.875,19,0,98,1138.62,0.2561,-0.2082,6,9,2,0,0,691,12,0
USR_05316,8,0.5714,17,1,0,182.38,0.8076,0.0352,6,7,2,0,1,658,11,0
USR_05317,10,0.4545,0,1,4,481.06,0.7282,-0.0663,8,9,3,1,0,153,2,0
USR_05318,7,0.4667,4,1,10,613.92,0.4813,-0.255,6,10,2,1,1,922,9,0
USR_05319,9,0.75,3,1,22,1103.81,0.2698,0.0563,8,11,3,1,0,294,0,0
USR_05320,18,0.9,18,2,8,410.47,0.7625,0.2207,15,15,6,1,0,398,8,0
USR_05321,18,0.6667,22,2,35,1020.37,0.5683,-0.4377,15,18,6,0,0,1013,2,0
USR_05322,16,0.6154,18,2,31,311.22,0.4049,0.1455,13,16,5,0,0,836,0,0
USR_05323,13,0.5417,5,1,26,791.24,0.3226,0.3201,11,15,4,0,0,493,6,0
USR_05324,16,0.9412,7,2,29,526.06,0.3697,0.291,13,17,5,0,0,1097,3,0
USR_05325,25,0.8333,14,3,1,502.1,0.8255,0.0046,21,24,8,1,0,491,4,0
USR_05326,20,1.0,13,2,11,4584.85,0.3628,-0.0933,17,17,6,0,0,691,4,0
USR_05327,20,0.6452,2,2,10,509.63,0.3056,0.1887,17,18,6,0,1,317,0,0
USR_05328,25,0.8929,12,3,0,474.26,0.5382,-0.053,21,23,8,1,0,244,0,0
USR_05329,20,0.8333,7,2,19,212.79,0.6035,0.3719,17,19,6,0,1,605,5,0
USR_05330,17,0.68,5,2,17,1468.62,0.623,0.6944,14,17,5,1,1,688,5,0
USR_05331,5,0.7143,26,0,178,430.57,0.8453,-0.354,4,5,1,0,1,972,0,0
USR_05332,4,0.2667,3,0,41,648.31,0.6786,0.1018,3,3,1,1,0,487,3,0
USR_05333,9,0.6,22,1,31,338.52,0.3853,-0.0278,8,10,3,0,0,1077,5,0
USR_05334,18,0.6923,1,2,14,927.59,0.7415,-0.6034,15,16,6,0,0,740,6,0
USR_05335,17,0.6296,5,2,7,1402.29,0.311,0.1175,14,15,5,1,0,112,10,0
USR_05336,10,0.5263,26,1,16,1894.88,0.0849,-0.0426,8,10,3,0,0,894,3,0
USR_05337,5,1.0,6,0,180,605.9,0.3369,0.2477,4,5,1,0,1,702,4,0
USR_05338,6,0.8571,1,0,85,413.74,0.7394,0.2686,5,9,2,1,0,485,5,0
USR_05339,18,0.6,14,2,24,392.74,0.8866,0.0511,15,18,6,0,0,576,2,0
USR_05340,7,0.35,7,0,95,674.6,0.8848,0.2799,6,10,2,0,0,383,0,0
USR_05341,12,0.8,18,1,44,814.77,0.8948,-0.375,10,12,4,0,0,748,0,0
USR_05342,6,1.0,16,0,45,1028.06,0.9318,-0.0199,5,9,2,0,0,693,10,0
USR_05343,11,0.5238,17,1,41,337.83,0.6228,0.3505,9,12,3,1,1,553,1,0
USR_05344,7,0.3333,1,1,15,740.65,0.733,0.2516,6,7,2,1,0,363,6,0
USR_05345,17,0.9444,8,2,17,294.3,0.9482,-0.0517,14,17,5,0,1,496,5,0
USR_05346,13,0.9286,1,1,11,599.68,0.7111,0.1287,10,14,4,0,0,612,3,0
USR_05347,6,0.5455,28,0,51,2031.43,0.3788,-0.2427,5,6,2,0,0,582,10,0
USR_05348,17,0.6538,2,2,2,554.23,0.3204,0.4622,14,14,5,1,0,391,7,0
USR_05349,3,0.3333,25,0,142,327.8,0.3623,0.2813,2,3,1,0,0,710,0,0
USR_05350,20,0.7407,26,2,15,880.43,0.5263,0.0372,17,21,6,0,1,295,9,0
USR_05351,14,0.6667,19,1,38,1360.45,0.7736,0.1154,11,11,4,1,0,616,4,0
USR_05352,12,0.4615,24,1,34,359.59,0.1861,0.1418,10,11,4,1,1,172,2,0
USR_05353,14,0.7778,27,1,31,224.98,0.9068,0.1858,12,12,4,0,0,582,7,0
USR_05354,6,0.8571,26,0,90,347.38,0.8767,-0.0826,5,7,2,1,0,947,6,0
USR_05355,10,0.5882,8,1,27,467.9,0.3815,0.2036,8,9,3,0,1,986,2,0
USR_05356,7,0.5,22,0,189,2240.63,0.8506,0.592,6,7,2,1,0,842,13,0
USR_05357,4,0.5,8,0,89,216.32,0.3143,0.2638,4,5,1,0,0,902,6,0
USR_05358,3,0.1765,3,0,75,171.51,0.5168,-0.0999,3,3,1,0,1,107,5,0
USR_05359,5,0.7143,9,0,179,826.77,0.4828,-0.1021,4,7,1,1,0,429,0,0
USR_05360,9,0.8182,28,1,18,376.37,0.6671,0.0688,7,8,3,0,1,795,2,0
USR_05361,14,0.875,4,1,37,300.92,0.5666,0.4545,12,13,4,1,0,966,3,0
USR_05362,11,0.44,17,1,0,1118.53,0.6729,0.1355,9,11,3,1,0,711,6,0
USR_05363,19,0.5938,4,2,32,715.48,0.9261,-0.537,16,20,6,0,0,1028,4,0
USR_05364,16,0.5333,14,2,37,1486.63,0.7874,-0.3021,13,13,5,1,0,349,8,0
USR_05365,16,0.9412,27,2,29,1197.06,0.7158,-0.3005,13,14,5,1,0,209,1,0
USR_05366,5,1.0,28,0,155,253.01,0.3886,0.192,4,7,1,0,0,131,7,0
USR_05367,20,0.8,25,2,42,173.57,0.8444,-0.3767,16,18,6,0,0,711,10,0
USR_05368,15,0.6818,25,2,1,1628.3,0.5595,0.3232,13,16,5,0,1,808,8,0
USR_05369,4,0.5714,16,0,40,602.18,0.8019,0.5091,3,4,1,0,0,363,9,0
USR_05370,10,0.5263,1,1,12,5000.0,0.5476,0.2621,8,9,3,1,1,946,11,0
USR_05371,18,0.6667,19,2,18,1441.74,0.4513,-0.6125,15,17,6,0,0,894,0,0
USR_05372,2,0.1667,13,0,110,1992.19,0.6742,-0.2528,2,3,0,1,0,451,7,0
USR_05373,15,0.75,7,2,44,312.48,0.8339,-0.078,13,13,5,0,1,309,13,0
USR_05374,12,1.0,21,1,17,622.02,0.7489,-0.1613,10,14,4,0,0,898,5,0
USR_05375,15,0.7895,0,2,17,1270.22,0.6555,-0.2759,13,13,5,0,0,815,1,0
USR_05376,14,0.875,4,1,27,621.83,0.125,-0.2404,12,14,4,1,1,229,13,0
USR_05377,3,0.1765,13,0,56,695.62,0.9141,0.0273,2,3,1,1,0,328,0,0
USR_05378,21,0.6364,5,2,15,808.16,0.8906,-0.1559,17,20,7,0,0,598,2,0
USR_05379,13,0.4815,20,1,9,372.73,0.661,-0.0946,11,14,4,1,1,628,0,0
USR_05380,16,0.5926,23,2,32,328.07,0.466,0.2143,13,17,5,1,0,224,3,0
USR_05381,3,0.75,20,0,104,574.43,0.705,-0.682,2,6,1,0,1,1139,3,0
USR_05382,9,0.6,3,1,29,477.41,0.3395,-0.484,8,8,3,1,0,484,4,0
USR_05383,5,0.3333,18,0,58,329.63,0.4694,-0.1464,4,7,1,0,0,476,12,0
USR_05384,22,1.0,28,2,4,601.0,0.4122,-0.1234,18,22,7,1,0,100,4,0
USR_05385,19,0.5938,27,2,43,233.99,0.8803,-0.1843,16,19,6,0,0,1054,4,0
USR_05386,7,0.3684,4,0,46,1224.06,0.5856,0.0039,5,9,2,0,0,305,11,0
USR_05387,15,0.5172,6,2,14,1066.04,0.4047,-0.1126,13,15,5,0,0,1184,10,0
USR_05388,3,0.4286,5,0,54,1149.35,0.566,0.4547,3,3,1,0,0,610,1,0
USR_05389,7,0.6364,7,0,57,340.05,0.8626,-0.3094,6,8,2,1,0,1053,0,0
USR_05390,18,0.6667,27,2,40,307.27,0.3312,0.0291,15,16,6,0,0,239,5,0
USR_05391,2,0.1538,2,0,41,1914.14,0.6653,-0.0791,1,5,0,1,0,224,10,0
USR_05392,10,0.7143,16,1,12,568.76,0.4717,-0.0182,8,12,3,0,1,967,4,0
USR_05393,11,0.7333,28,1,6,1049.53,0.3955,-0.0982,9,9,3,0,1,989,1,0
USR_05394,19,0.7917,24,2,31,264.54,0.4256,0.2636,16,17,6,0,0,665,8,0
USR_05395,6,0.4,13,0,180,529.18,0.6849,0.1115,5,5,2,1,0,67,6,0
USR_05396,25,0.9615,16,3,17,1725.8,0.5319,-0.3383,20,24,8,1,0,1134,5,0
USR_05397,12,0.6316,12,1,24,740.2,0.9667,0.367,10,14,4,1,0,490,10,0
USR_05398,4,0.5714,20,0,103,544.66,0.5832,0.151,3,3,1,0,0,1125,9,0
USR_05399,0,0.0,111,0,108,1046.39,0.6343,-0.1062,0,4,0,1,0,1048,6,1
USR_05400,16,0.5926,17,2,19,856.48,0.6188,0.2316,13,13,5,0,0,1026,6,0
USR_05401,10,0.4348,12,1,9,3524.9,0.7101,-0.1896,9,10,3,1,0,835,6,0
USR_05402,2,0.2857,27,0,109,687.25,0.7777,0.0559,2,3,0,0,0,817,4,0
USR_05403,15,0.9375,10,2,15,1116.59,0.4884,-0.3352,12,14,5,1,0,653,3,0
USR_05404,8,0.7273,1,1,20,597.13,0.6901,0.2322,7,10,2,0,0,58,7,0
USR_05405,15,0.8333,6,2,38,301.58,0.4793,0.1117,13,14,5,0,1,483,5,0
USR_05406,5,1.0,19,0,78,932.1,0.5584,-0.0008,4,8,1,0,0,884,4,0
USR_05407,12,0.6,13,1,23,205.81,0.684,0.1593,10,12,4,1,0,980,0,0
USR_05408,12,0.5714,26,1,25,1464.49,0.3731,-0.4637,10,11,4,0,0,684,7,0
USR_05409,12,0.7059,20,1,15,231.98,0.7427,0.2442,10,12,4,0,0,860,6,0
USR_05410,13,0.7647,17,1,40,327.55,0.8391,-0.2303,11,11,4,0,0,55,2,0
USR_05411,12,0.6,27,1,19,306.39,0.6821,0.51,10,14,4,1,0,578,2,0
USR_05412,12,0.8571,22,1,26,1093.04,0.7307,-0.0143,10,12,4,1,0,624,1,0
USR_05413,7,0.3889,5,0,177,271.59,0.4347,-0.385,6,6,2,0,1,1074,13,0
USR_05414,4,0.5714,21,0,149,999.77,0.5108,0.6751,3,6,1,1,0,393,10,0
USR_05415,3,0.2308,20,0,101,388.01,0.4886,0.2051,2,5,1,0,0,299,5,0
USR_05416,19,0.6552,28,2,1,605.69,0.4573,-0.3109,15,18,6,0,0,442,3,0
USR_05417,5,0.3125,0,0,55,432.96,0.861,0.0785,4,4,1,0,0,229,8,0
USR_05418,5,0.3846,4,0,61,4279.67,0.3897,0.3043,4,4,1,0,1,683,4,0
USR_05419,28,0.9333,24,3,36,175.72,0.3437,-0.9278,24,28,9,0,0,782,13,0
USR_05420,14,1.0,28,1,44,984.04,0.4735,0.0509,11,13,4,0,0,967,0,0
USR_05421,21,1.0,8,2,2,660.06,0.8291,0.0023,18,20,7,0,0,1167,0,0
USR_05422,12,0.8571,28,1,0,356.46,0.7792,0.0135,10,10,4,1,0,116,5,0
USR_05423,2,0.1333,1,0,44,912.18,0.6969,-0.4776,1,3,0,0,0,319,1,0
USR_05424,1,0.5,21,0,195,308.48,0.5335,-0.0795,0,3,0,0,1,381,5,0
USR_05425,19,0.76,11,2,42,281.75,0.7785,-0.4541,16,19,6,0,1,322,9,0
USR_05426,4,0.3636,19,0,168,265.8,0.3909,0.1076,3,7,1,0,1,997,0,0
USR_05427,8,0.4706,26,1,3,710.46,0.8673,-0.172,7,11,2,0,0,193,3,0
USR_05428,10,0.9091,17,1,16,411.73,0.454,0.0544,8,12,3,1,1,64,6,0
USR_05429,17,0.9444,6,2,3,332.46,0.6854,-0.0004,14,14,5,1,0,1036,10,0
USR_05430,12,0.5,28,1,40,875.15,0.4787,0.0611,10,11,4,1,0,1154,4,0
USR_05431,6,0.375,8,0,141,1575.99,0.1824,-0.1461,5,7,2,1,1,294,1,0
USR_05432,6,0.4,15,0,193,213.78,0.8227,-0.0007,5,7,2,0,0,419,5,0
USR_05433,2,0.6667,5,0,182,866.74,0.1948,0.0517,2,4,0,1,0,618,3,0
USR_05434,22,0.6875,26,3,23,1011.32,0.7653,0.4089,18,20,7,0,0,645,9,0
USR_05435,11,0.5,29,1,20,1842.68,0.4983,0.0835,9,13,3,0,0,1189,4,0
USR_05436,1,0.0769,11,0,199,527.66,0.6313,0.2138,1,1,0,1,0,502,2,0
USR_05437,15,1.0,12,2,42,2288.87,0.167,0.2195,12,14,5,1,0,44,8,0
USR_05438,9,0.5294,13,1,24,1061.03,0.7613,-0.0069,7,10,3,0,0,524,4,0
USR_05439,24,0.96,28,3,5,147.93,0.3983,0.1863,20,22,8,0,0,681,0,0
USR_05440,17,0.7727,18,2,7,845.76,0.6527,0.1387,14,15,5,0,1,634,5,0
USR_05441,6,0.5455,2,0,155,655.9,0.5457,-0.5103,5,7,2,0,0,629,12,0
USR_05442,14,0.875,22,1,40,1461.54,0.4504,0.1846,12,14,4,0,0,1109,7,0
USR_05443,6,0.6667,13,0,42,1709.3,0.8245,0.314,5,5,2,0,0,974,2,0
USR_05444,17,0.5484,2,2,41,305.73,0.4024,0.1286,14,15,5,0,0,324,7,0
USR_05445,14,0.5,14,1,36,1373.36,0.3689,-0.3051,11,15,4,0,1,445,2,0
USR_05446,5,0.4167,1,0,48,599.83,0.7467,-0.253,4,6,1,1,1,811,4,0
USR_05447,20,0.7692,7,2,4,377.16,0.2481,-0.2385,17,19,6,0,0,510,4,0
USR_05448,10,0.4167,22,1,41,2119.9,0.8331,0.0959,8,11,3,0,0,531,1,0
USR_05449,5,0.4167,14,0,97,454.49,0.5053,0.2451,4,6,1,1,0,226,2,0
USR_05450,9,0.6,13,1,41,682.48,0.9262,-0.6155,7,9,3,1,0,327,12,0
USR_05451,1,1.0,10,0,125,626.56,0.6211,-0.1265,1,5,0,1,1,896,1,0
USR_05452,12,0.8571,26,1,0,1004.04,0.664,-0.0059,10,12,4,0,0,1016,9,0
USR_05453,6,0.4615,7,0,152,1911.6,0.1414,0.0597,5,5,2,0,0,948,6,0
USR_05454,10,0.7143,28,1,35,2410.44,0.7425,-0.2578,9,9,3,0,0,390,4,0
USR_05455,6,1.0,10,0,90,1371.78,0.6202,-0.0133,5,7,2,0,0,189,0,0
USR_05456,15,0.6,11,2,37,172.13,0.5699,0.0332,12,14,5,0,0,216,1,0
USR_05457,4,0.3077,19,0,50,2134.31,0.6438,-0.0334,4,5,1,0,0,490,0,0
USR_05458,10,1.0,22,1,21,1075.57,0.3907,0.0855,8,12,3,0,0,635,5,0
USR_05459,25,0.641,14,3,12,1600.18,0.7984,-0.0492,21,25,8,0,0,1074,13,0
USR_05460,13,0.8125,19,1,44,522.67,0.7002,0.0742,11,12,4,1,0,1081,11,0
USR_05461,7,0.6364,12,1,19,658.56,0.4847,-0.2254,6,7,2,1,1,33,0,0
USR_05462,5,0.7143,23,0,44,1422.08,0.7489,-0.0161,4,6,1,1,0,857,2,0
USR_05463,9,0.4286,25,1,26,3325.05,0.5931,-0.1504,7,10,3,0,0,379,0,0
USR_05464,18,0.5625,25,2,15,776.57,0.7412,0.0232,15,15,6,1,0,261,13,0
USR_05465,17,0.5484,19,2,32,245.07,0.5367,-0.0035,14,15,5,1,1,679,1,0
USR_05466,25,0.9615,8,3,44,1072.13,0.4909,-0.1636,21,21,8,0,1,69,1,0
USR_05467,6,0.3,19,0,133,572.96,0.4666,-0.1092,5,9,2,0,1,420,5,0
USR_05468,5,1.0,18,0,102,285.82,0.4466,-0.0829,4,8,1,0,1,676,4,0
USR_05469,15,0.5769,6,2,39,598.52,0.3511,-0.0934,12,15,5,0,0,348,1,0
USR_05470,4,0.3077,25,0,58,974.26,0.1825,-0.5934,3,5,1,0,0,724,6,0
USR_05471,19,0.5938,22,2,34,1544.13,0.9048,0.3803,15,15,6,0,0,568,0,0
USR_05472,21,0.7241,13,2,6,451.96,0.3999,-0.0835,17,18,7,0,0,965,0,0
USR_05473,9,0.6429,1,1,4,467.73,0.4795,0.1658,7,9,3,0,0,242,0,0
USR_05474,10,0.5263,21,1,13,613.19,0.0951,-0.5187,8,10,3,0,0,96,2,0
USR_05475,11,0.5789,6,1,4,2710.32,0.3272,0.0483,9,9,3,1,0,649,13,0
USR_05476,12,0.8571,22,1,21,1946.42,0.8634,-0.0616,10,13,4,1,1,330,4,0
USR_05477,15,0.625,12,2,31,1044.86,0.7309,-0.483,13,15,5,0,1,856,8,0
USR_05478,5,0.3333,21,0,38,1013.85,0.7245,0.4629,4,7,1,0,0,139,2,0
USR_05479,18,0.8571,26,2,21,517.01,0.7312,0.4024,15,16,6,0,0,703,7,0
USR_05480,20,0.6897,2,2,16,1233.69,0.6686,0.1196,16,18,6,1,0,1188,13,0
USR_05481,9,0.6923,0,1,20,300.37,0.5205,0.2486,7,11,3,1,1,138,2,0
USR_05482,13,0.65,20,1,31,975.87,0.128,0.1269,11,14,4,1,0,383,13,0
USR_05483,15,0.75,13,2,9,130.9,0.6703,-0.1205,13,17,5,0,1,1017,6,0
USR_05484,22,0.7097,20,2,0,179.05,0.5186,-0.5284,18,21,7,0,0,654,8,0
USR_05485,13,1.0,3,1,32,141.55,0.4067,-0.3202,11,11,4,0,0,234,1,0
USR_05486,3,0.6,26,0,180,2997.38,0.6903,-0.1666,2,4,1,1,1,279,6,0
USR_05487,25,0.8065,6,3,5,586.05,0.8078,0.6176,21,24,8,0,0,924,4,0
USR_05488,8,0.4444,3,1,27,225.42,0.8772,-0.2743,6,7,2,1,0,1037,13,0
USR_05489,6,0.3529,12,0,150,4674.62,0.7329,-0.1016,5,5,2,0,1,451,12,0
USR_05490,12,0.8571,24,1,40,357.77,0.5846,0.0182,10,13,4,0,0,584,3,0
USR_05491,12,0.5714,2,1,32,1013.09,0.6342,0.1424,10,13,4,0,0,945,12,0
USR_05492,5,0.2632,15,0,65,355.44,0.2239,-0.0644,4,7,1,1,0,237,11,0
USR_05493,5,0.3571,24,0,132,1255.2,0.3201,-0.1261,4,6,1,1,0,271,5,0
USR_05494,17,1.0,15,2,31,657.25,0.9272,0.7435,14,14,5,0,1,936,0,0
USR_05495,18,0.6667,2,2,9,365.97,0.9185,-0.1513,15,17,6,0,0,248,0,0
USR_05496,3,0.375,6,0,195,228.48,0.4911,0.7203,3,5,1,1,0,931,0,0
USR_05497,3,1.0,17,0,36,377.11,0.6739,-0.122,2,6,1,1,0,611,0,0
USR_05498,15,0.7143,19,2,36,297.67,0.6174,0.0235,12,12,5,0,0,1188,13,0
USR_05499,7,1.0,4,0,69,162.52,0.5585,0.2382,5,7,2,0,0,68,1,0
USR_05500,4,0.8,11,0,65,1196.91,0.5173,-0.1114,4,6,1,1,0,1136,7,0
USR_05501,14,0.875,3,1,12,1624.54,0.6561,-0.4022,12,13,4,1,0,293,6,0
USR_05502,8,0.7273,17,1,22,385.83,0.8394,0.0802,7,10,2,1,0,71,6,0
USR_05503,7,0.35,13,0,53,125.7,0.6925,-0.3804,6,8,2,1,0,877,1,0
USR_05504,10,0.7692,19,1,7,889.3,0.4567,-0.7106,8,9,3,0,0,653,5,0
USR_05505,11,0.4783,10,1,37,753.1,0.4492,0.1283,9,11,3,1,1,1009,5,0
USR_05506,8,0.8,29,1,33,298.77,0.5442,-0.3299,7,11,2,0,0,156,5,0
USR_05507,11,0.5789,1,1,18,634.36,0.3417,0.2639,9,10,3,0,0,124,1,0
USR_05508,17,0.8095,7,2,3,73.25,0.5469,0.0723,14,17,5,0,0,693,7,0
USR_05509,24,0.8276,1,3,40,669.56,0.5565,0.2148,20,20,8,1,1,1062,0,0
USR_05510,14,0.6667,25,1,7,588.51,0.7564,0.3981,12,15,4,1,0,504,5,0
USR_05511,15,0.5172,8,2,1,1926.64,0.5132,0.214,12,15,5,0,0,963,3,0
USR_05512,12,0.5455,0,1,10,814.93,0.5088,0.3194,10,13,4,0,0,1090,1,0
USR_05513,17,1.0,23,2,31,715.29,0.9627,-0.1944,14,15,5,1,0,1047,9,0
USR_05514,14,0.5185,26,1,13,3201.28,0.6751,0.3324,11,15,4,1,1,625,0,0
USR_05515,5,0.8333,25,0,176,352.52,0.6837,0.1613,4,7,1,1,1,847,12,0
USR_05516,21,0.75,6,2,5,200.99,0.6494,0.1453,17,21,7,0,0,645,11,0
USR_05517,6,0.4,1,0,145,1380.72,0.8424,0.3078,5,6,2,1,1,818,2,0
USR_05518,9,0.5294,8,1,43,1534.97,0.5139,0.3219,7,9,3,1,0,693,2,0
USR_05519,18,0.6923,5,2,43,1564.54,0.4309,0.0937,15,16,6,0,1,644,0,0
USR_05520,21,0.6774,23,2,40,552.07,0.3332,-0.5545,17,21,7,1,1,541,12,0
USR_05521,12,0.4615,10,1,43,376.57,0.1812,0.4128,10,10,4,1,1,793,5,0
USR_05522,11,0.7857,13,1,37,246.04,0.6223,-0.1494,9,11,3,1,0,908,0,0
USR_05523,12,0.5,19,1,37,327.04,0.955,0.1016,10,14,4,0,0,1105,4,0
USR_05524,6,1.0,13,0,147,199.54,0.8018,0.203,5,6,2,0,0,747,0,0
USR_05525,5,0.2632,8,0,84,467.85,0.6989,-0.6314,4,7,1,0,1,147,5,0
USR_05526,13,0.7222,6,1,8,2508.36,0.7281,-0.1011,11,11,4,0,0,717,4,0
USR_05527,3,0.2308,6,0,120,430.18,0.4593,0.0526,3,3,1,0,1,399,0,0
USR_05528,6,0.6667,3,0,34,737.1,0.8731,0.9028,5,7,2,1,0,61,10,0
USR_05529,7,0.35,17,1,43,1030.42,0.7588,0.273,6,6,2,0,1,114,1,0
USR_05530,7,0.5,6,0,124,498.31,0.4418,-0.2724,6,6,2,0,0,721,4,0
USR_05531,18,0.6429,20,2,15,495.23,0.2815,0.36,15,15,6,0,0,1135,6,0
USR_05532,14,0.8235,10,1,23,1860.72,0.4566,0.4425,12,13,4,0,1,621,13,0
USR_05533,4,0.3636,14,0,85,772.12,0.8331,-0.0718,4,6,1,1,0,550,4,0
USR_05534,9,0.45,25,1,10,1641.54,0.4367,0.019,8,8,3,1,0,133,12,0
USR_05535,9,0.5294,20,1,21,4492.87,0.6236,0.1566,7,9,3,1,0,820,2,0
USR_05536,2,0.5,8,0,46,331.65,0.7832,0.1584,1,3,0,0,0,94,10,0
USR_05537,15,0.5357,0,2,31,587.29,0.6152,-0.0084,12,15,5,0,0,1014,1,0
USR_05538,17,0.85,21,2,15,581.95,0.8746,-0.322,14,16,5,1,0,985,7,0
USR_05539,16,0.9412,9,2,11,447.44,0.785,-0.4955,13,16,5,1,0,1189,0,0
USR_05540,20,0.6897,2,2,6,470.97,0.7664,-0.2871,16,16,6,0,0,362,13,0
USR_05541,10,0.5556,18,1,7,2043.3,0.862,-0.1637,9,13,3,1,0,219,13,0
USR_05542,4,0.4,24,0,90,720.11,0.7133,-0.041,3,3,1,0,1,380,3,0
USR_05543,11,0.6875,19,1,12,4873.51,0.6759,0.2137,9,10,3,1,0,965,4,0
USR_05544,8,1.0,24,1,27,480.55,0.568,-0.2587,7,7,2,1,0,286,5,0
USR_05545,8,0.4706,5,1,29,2219.12,0.6774,-0.2686,7,11,2,0,1,1068,2,0
USR_05546,5,0.625,25,0,110,2716.66,0.7808,0.1466,4,7,1,0,0,210,6,0
USR_05547,9,0.5,9,1,1,622.43,0.644,-0.2361,7,10,3,0,1,87,7,0
USR_05548,14,0.5185,15,1,40,951.25,0.6784,-0.1987,12,13,4,0,0,286,4,0
USR_05549,18,0.7826,6,2,41,1347.86,0.6748,-0.04,15,16,6,0,0,912,0,0
USR_05550,9,0.5294,18,1,20,426.02,0.4249,-0.0686,7,8,3,1,0,734,12,0
USR_05551,5,0.3333,26,0,35,2517.37,0.7041,-0.3427,4,8,1,0,0,445,0,0
USR_05552,22,0.7333,29,2,41,347.55,0.4673,0.2113,18,20,7,0,1,797,5,0
USR_05553,4,0.3333,8,0,85,438.55,0.2994,0.3357,3,7,1,1,1,788,0,0
USR_05554,10,0.625,12,1,43,442.43,0.4821,-0.1336,8,11,3,1,0,679,0,0
USR_05555,9,0.8182,26,1,32,796.48,0.3993,0.6578,8,8,3,1,1,631,0,0
USR_05556,4,0.2857,9,0,176,864.6,0.3154,-0.2186,3,6,1,1,1,148,2,0
USR_05557,24,0.7273,26,3,12,399.76,0.7985,0.0035,20,23,8,1,0,333,6,0
USR_05558,4,0.4,16,0,178,607.58,0.7941,-0.3899,3,3,1,0,0,647,4,0
USR_05559,12,1.0,15,1,34,272.71,0.5486,-0.1436,10,12,4,0,0,188,6,0
USR_05560,8,1.0,28,1,42,1688.56,0.8788,0.5504,6,7,2,0,1,586,6,0
USR_05561,10,0.4545,26,1,39,1159.8,0.2475,0.1044,9,13,3,1,0,166,0,0
USR_05562,16,0.9412,27,2,30,503.8,0.697,0.015,13,17,5,0,0,951,0,0
USR_05563,17,0.5667,2,2,22,570.34,0.7047,-0.2503,14,15,5,1,0,150,5,0
USR_05564,10,1.0,3,1,17,391.31,0.7005,-0.4196,8,8,3,0,0,138,6,0
USR_05565,2,0.6667,3,0,114,316.26,0.2857,0.3712,1,2,0,0,0,776,4,0
USR_05566,20,0.8696,16,2,1,280.15,0.624,0.1193,16,20,6,0,0,288,1,0
USR_05567,21,0.875,12,2,21,317.13,0.7103,-0.2467,17,17,7,0,0,441,10,0
USR_05568,11,0.7333,6,1,26,1431.97,0.5361,-0.2707,9,10,3,0,0,397,0,0
USR_05569,13,0.9286,20,1,25,1523.26,0.8643,0.1643,11,12,4,0,0,283,6,0
USR_05570,11,0.9167,6,1,21,222.39,0.8023,0.3029,9,12,3,1,0,921,0,0
USR_05571,12,0.5217,29,1,16,1163.21,0.6082,-0.4344,10,13,4,0,1,839,6,0
USR_05572,11,0.4583,10,1,18,250.44,0.4094,-0.015,9,9,3,1,0,309,3,0
USR_05573,23,0.9583,14,3,34,1226.13,0.4179,0.0712,19,20,7,0,0,833,7,0
USR_05574,12,0.5714,1,1,41,711.41,0.4986,0.0324,10,13,4,0,1,864,0,0
USR_05575,15,0.6522,0,2,12,438.5,0.9154,-0.0392,13,17,5,0,0,660,4,0
USR_05576,17,0.6296,4,2,29,950.21,0.813,-0.4367,14,17,5,1,0,706,0,0
USR_05577,7,0.5833,5,0,105,1956.46,0.8893,0.0209,5,9,2,0,0,1123,6,0
USR_05578,2,0.4,2,0,40,148.45,0.7377,0.2356,2,6,0,0,1,561,0,0
USR_05579,7,0.3889,13,0,67,1653.03,0.3836,-0.4249,5,8,2,1,0,480,0,0
USR_05580,5,0.3571,21,0,184,352.03,0.326,0.0495,4,4,1,1,0,660,7,0
USR_05581,22,0.7097,20,2,26,2077.49,0.8247,0.1268,18,20,7,0,0,1007,0,0
USR_05582,8,0.8,24,1,41,1330.43,0.4756,-0.334,7,11,2,0,0,860,1,0
USR_05583,15,0.6522,17,2,2,271.22,0.3965,-0.1854,12,14,5,1,1,117,10,0
USR_05584,11,0.4583,4,1,36,417.53,0.9047,-0.2586,9,11,3,1,0,567,9,0
USR_05585,10,0.5882,26,1,9,976.82,0.9002,0.0115,8,10,3,0,0,895,10,0
USR_05586,20,0.6061,25,2,16,1418.72,0.4808,-0.331,17,17,6,0,0,291,2,0
USR_05587,24,0.6857,7,3,19,973.48,0.8878,-0.5082,20,23,8,1,1,1186,4,0
USR_05588,4,0.4444,25,0,71,908.73,0.5102,0.1305,3,7,1,0,0,975,9,0
USR_05589,14,0.6667,16,1,33,399.0,0.4087,0.316,12,13,4,0,0,1020,0,0
USR_05590,2,0.3333,11,0,183,683.37,0.7065,-0.0919,2,6,0,1,0,125,7,0
USR_05591,11,0.6471,4,1,43,627.23,0.5974,-0.588,9,13,3,0,0,708,0,0
USR_05592,14,0.875,28,1,37,200.15,0.9294,-0.3525,11,12,4,1,0,647,12,0
USR_05593,4,1.0,19,0,74,869.93,0.9032,-0.1538,3,6,1,0,0,763,6,0
USR_05594,11,0.5238,13,1,25,495.91,0.923,0.0541,9,13,3,0,1,1024,4,0
USR_05595,4,0.5,22,0,86,1999.66,0.1639,-0.2351,4,7,1,0,1,443,4,0
USR_05596,5,0.2778,23,0,117,1695.61,0.2849,0.0672,4,5,1,1,1,654,1,0
USR_05597,21,0.8077,15,2,13,770.79,0.6575,-0.2641,17,21,7,1,1,824,2,0
USR_05598,21,0.7,6,2,20,1609.0,0.6014,0.3476,17,19,7,1,0,911,7,0
USR_05599,23,0.7419,13,3,44,1088.11,0.9436,-0.4602,19,23,7,0,0,931,4,0
USR_05600,14,0.8235,18,1,25,653.34,0.3101,-0.071,12,15,4,0,0,424,4,0
USR_05601,12,0.5455,5,1,2,214.31,0.5589,-0.179,10,13,4,0,0,1197,1,0
USR_05602,8,0.5714,3,1,28,585.44,0.4371,0.0482,7,9,2,1,0,41,7,0
USR_05603,3,0.1765,28,0,146,509.27,0.7114,-0.4084,2,3,1,1,1,606,3,0
USR_05604,23,0.8214,17,3,26,608.82,0.667,0.0337,19,22,7,1,1,742,1,0
USR_05605,6,0.6,18,0,48,553.87,0.8825,-0.1673,5,8,2,1,1,101,12,0
USR_05606,16,1.0,13,2,4,1607.95,0.8248,0.0577,13,14,5,0,0,557,4,0
USR_05607,14,0.6364,24,1,15,1756.66,0.3548,-0.1754,12,14,4,1,0,727,4,0
USR_05608,18,0.72,11,2,5,450.11,0.4578,0.333,15,19,6,1,0,740,13,0
USR_05609,16,0.5926,0,2,43,230.53,0.3121,-0.009,13,13,5,0,1,169,2,0
USR_05610,7,0.7778,23,0,30,305.95,0.9424,-0.1075,5,7,2,0,0,354,12,0
USR_05611,6,0.6,7,0,79,1796.05,0.4752,-0.095,5,7,2,0,0,316,7,0
USR_05612,2,0.4,22,0,61,1430.23,0.6685,-0.0861,2,4,0,0,0,778,6,0
USR_05613,3,0.2727,14,0,172,267.29,0.4612,0.185,2,3,1,1,0,414,1,0
USR_05614,4,0.5,10,0,54,205.72,0.5808,0.014,3,3,1,1,0,698,0,0
USR_05615,6,0.5,16,0,163,414.47,0.4744,-0.0858,5,5,2,0,0,885,3,0
USR_05616,17,0.5667,13,2,38,2797.97,0.6465,0.2175,14,16,5,1,0,962,0,0
USR_05617,10,0.6667,12,1,7,930.18,0.6362,0.6251,8,11,3,0,0,245,0,0
USR_05618,18,0.5625,8,2,30,550.54,0.7403,-0.2039,15,17,6,0,0,1087,5,0
USR_05619,12,1.0,10,1,1,601.52,0.7113,0.0694,10,10,4,0,0,223,7,0
USR_05620,7,0.5385,9,1,6,147.66,0.5731,-0.2426,6,7,2,0,1,55,0,0
USR_05621,10,1.0,13,1,30,526.62,0.7481,0.1529,9,11,3,1,0,82,8,0
USR_05622,8,0.5,29,1,2,1793.88,0.8925,0.388,7,10,2,1,1,265,12,0
USR_05623,15,0.7895,10,2,6,485.17,0.478,-0.4161,13,13,5,0,0,1051,8,0
USR_05624,7,0.7778,18,0,95,547.14,0.4325,0.0984,6,9,2,0,0,273,9,0
USR_05625,6,0.3158,1,0,82,865.48,0.8033,-0.5017,5,6,2,0,1,841,7,0
USR_05626,10,0.5263,0,1,9,270.63,0.2853,-0.1762,8,8,3,1,0,519,1,0
USR_05627,2,0.5,20,0,135,868.14,0.5804,-0.0287,2,2,0,0,0,76,2,0
USR_05628,20,0.6667,20,2,8,343.02,0.271,0.1816,17,20,6,1,0,549,12,0
USR_05629,13,1.0,23,1,39,446.11,0.7089,-0.3238,11,13,4,1,0,63,6,0
USR_05630,20,0.7407,16,2,36,491.47,0.8841,-0.3683,16,18,6,0,0,587,9,0
USR_05631,14,0.6087,9,1,13,491.74,0.531,-0.2251,11,14,4,1,0,683,13,0
USR_05632,12,0.8571,2,1,29,721.77,0.7124,0.0501,10,11,4,1,1,639,1,0
USR_05633,14,0.5,28,1,31,627.1,0.7228,-0.4454,12,13,4,1,1,360,2,0
USR_05634,4,0.8,5,0,108,575.04,0.4318,0.7196,4,6,1,0,0,926,6,0
USR_05635,11,1.0,29,1,26,733.27,0.8511,-0.2136,9,11,3,0,0,728,0,0
USR_05636,5,0.4167,8,0,32,321.76,0.4517,-0.2669,4,7,1,0,1,328,5,0
USR_05637,20,0.6452,17,2,16,118.37,0.6714,-0.401,16,17,6,0,0,538,9,0
USR_05638,8,0.5,2,1,26,660.57,0.6706,0.1498,7,7,2,0,0,156,5,0
USR_05639,6,0.8571,23,0,189,383.74,0.6881,-0.1645,5,8,2,0,0,1110,2,0
USR_05640,8,0.8889,12,1,16,956.91,0.676,0.1657,7,10,2,1,0,911,7,0
USR_05641,3,0.6,16,0,194,427.71,0.7954,0.1012,2,5,1,0,0,366,0,0
USR_05642,4,0.2222,3,0,138,145.72,0.355,0.5667,3,5,1,0,0,819,11,0
USR_05643,18,0.5625,7,2,31,604.33,0.7159,-0.3583,15,17,6,0,0,824,0,0
USR_05644,9,0.9,12,1,4,1542.62,0.461,-0.0199,7,8,3,1,1,743,10,0
USR_05645,5,0.3333,2,0,41,854.29,0.7063,-0.0776,4,4,1,0,0,93,4,0
USR_05646,12,0.5,22,1,12,213.48,0.6963,-0.62,10,12,4,0,0,1057,3,0
USR_05647,20,0.7143,10,2,3,403.3,0.7667,0.1321,17,17,6,1,0,1148,4,0
USR_05648,5,0.7143,22,0,105,447.04,0.5806,-0.0925,4,8,1,1,0,1169,1,0
USR_05649,20,0.9091,5,2,43,574.14,0.7766,0.2168,17,18,6,0,0,1177,3,0
USR_05650,6,0.375,1,0,186,415.88,0.7909,0.0466,5,6,2,0,0,1116,10,0
USR_05651,7,0.4667,27,0,65,163.21,0.5341,-0.0241,5,8,2,0,0,894,9,0
USR_05652,13,0.8667,6,1,12,595.85,0.898,0.3932,11,12,4,0,0,96,0,0
USR_05653,22,1.0,29,2,11,2091.98,0.6397,-0.2232,18,19,7,0,0,574,6,0
USR_05654,5,0.4545,20,0,74,394.34,0.6594,0.2418,4,4,1,1,0,316,10,0
USR_05655,9,0.6429,15,1,0,245.95,0.6811,0.1015,7,10,3,0,1,287,10,0
USR_05656,10,0.4167,19,1,10,2079.08,0.1597,0.4837,8,9,3,1,1,1001,3,0
USR_05657,8,0.4444,16,1,30,3092.54,0.6206,-0.0733,7,11,2,0,0,980,0,0
USR_05658,25,0.8065,11,3,29,480.01,0.3329,0.6729,21,23,8,0,0,640,12,0
USR_05659,12,0.6,27,1,34,804.44,0.6962,-0.1382,10,14,4,0,0,891,3,0
USR_05660,3,0.3,1,0,55,793.61,0.6899,0.1271,2,3,1,0,0,181,2,0
USR_05661,14,0.5833,22,1,0,1354.29,0.7707,-0.1854,12,13,4,0,0,289,8,0
USR_05662,19,0.7037,18,2,44,272.16,0.3931,0.2486,16,18,6,1,0,1036,1,0
USR_05663,12,0.9231,4,1,23,649.44,0.5059,-0.1624,10,11,4,0,0,557,10,0
USR_05664,13,0.65,19,1,41,278.11,0.6461,0.7971,11,12,4,1,1,669,0,0
USR_05665,9,0.45,28,1,38,876.78,0.6488,0.0562,8,12,3,1,0,571,8,0
USR_05666,18,0.5806,8,2,5,2231.49,0.6831,-0.0274,15,18,6,0,0,266,13,0
USR_05667,9,0.3913,17,1,35,868.41,0.9053,-0.28,7,9,3,0,1,996,13,0
USR_05668,5,0.3333,11,0,110,336.99,0.7,-0.6044,4,7,1,0,0,917,12,0
USR_05669,13,0.5,0,1,36,1475.21,0.5352,0.0969,11,13,4,0,0,830,11,0
USR_05670,1,1.0,1,0,174,407.95,0.7067,-0.3244,1,3,0,0,0,443,2,0
USR_05671,19,0.95,5,2,3,971.42,0.8278,0.2162,15,17,6,0,0,782,13,0
USR_05672,10,0.8333,19,1,4,357.4,0.8833,-0.8064,8,8,3,1,0,1145,12,0
USR_05673,9,0.9,23,1,12,229.79,0.7182,-0.3247,7,7,3,0,1,790,4,0
USR_05674,18,0.6667,2,2,9,362.2,0.898,0.0212,15,15,6,0,0,608,3,0
USR_05675,13,0.65,3,1,23,76.55,0.5445,0.4175,11,11,4,0,0,346,0,0
USR_05676,4,0.3333,25,0,160,279.49,0.3752,-0.0257,4,8,1,0,1,641,5,0
USR_05677,12,0.6316,25,1,22,3688.81,0.6573,0.0492,10,12,4,1,0,464,7,0
USR_05678,9,0.5625,15,1,15,69.73,0.6465,-0.3397,7,11,3,0,0,745,3,0
USR_05679,7,0.3684,23,1,34,189.32,0.4112,-0.006,6,7,2,0,1,83,3,0
USR_05680,5,0.625,6,0,194,2679.3,0.802,-0.1275,4,7,1,1,0,252,5,0
USR_05681,18,0.7826,1,2,41,308.72,0.5274,0.4896,15,17,6,1,1,950,0,0
USR_05682,23,0.9583,27,3,19,481.72,0.4056,-0.6158,19,20,7,1,1,475,13,0
USR_05683,19,0.7308,9,2,32,657.04,0.7533,0.2169,16,20,6,0,1,536,2,0
USR_05684,19,0.7917,10,2,3,177.94,0.5311,-0.2159,16,18,6,0,0,666,0,0
USR_05685,3,0.5,15,0,172,1533.04,0.6764,-0.0621,3,7,1,1,0,542,0,0
USR_05686,1,0.1111,18,0,161,603.99,0.7189,-0.0624,1,3,0,1,0,917,10,0
USR_05687,8,0.3636,2,1,26,400.23,0.2864,-0.154,6,7,2,0,1,317,10,0
USR_05688,12,0.5217,17,1,34,1415.46,0.4204,-0.3288,10,14,4,0,0,917,0,0
USR_05689,22,0.9565,17,3,0,229.38,0.5206,-0.4678,18,22,7,1,0,275,0,0
USR_05690,5,0.5,22,0,133,685.89,0.688,0.7435,4,8,1,0,0,463,3,0
USR_05691,10,0.4348,29,1,20,295.33,0.5711,-0.047,8,8,3,1,0,717,1,0
USR_05692,17,0.85,21,2,29,243.6,0.2406,-0.3115,14,15,5,0,0,1066,8,0
USR_05693,5,0.2778,18,0,161,3301.11,0.8676,0.2116,4,7,1,1,1,302,0,0
USR_05694,7,0.35,26,1,31,735.7,0.6903,0.2586,6,8,2,1,0,717,4,0
USR_05695,8,1.0,14,1,32,1419.53,0.9387,0.0073,7,8,2,1,0,105,3,0
USR_05696,8,0.3636,1,1,24,438.83,0.7308,-0.3079,6,7,2,0,1,118,3,0
USR_05697,21,0.6562,26,2,35,292.01,0.9788,0.2805,17,18,7,1,0,927,3,0
USR_05698,7,0.5,29,1,23,54.96,0.9248,-0.2507,6,8,2,0,1,871,0,0
USR_05699,17,0.7727,28,2,44,516.15,0.7062,-0.2754,14,16,5,0,1,470,1,0
USR_05700,14,0.7,27,1,2,176.5,0.848,-0.3265,12,14,4,1,1,758,0,0
USR_05701,5,0.625,27,0,117,717.36,0.5571,-0.3312,4,4,1,1,0,474,0,0
USR_05702,5,0.3125,20,0,154,236.48,0.6845,0.2165,4,8,1,1,1,354,13,0
USR_05703,4,0.4,1,0,103,967.1,0.5966,-0.1629,4,8,1,0,0,534,2,0
USR_05704,2,0.25,22,0,46,3452.4,0.695,0.7276,1,1,0,0,0,394,2,0
USR_05705,13,0.5,2,1,6,5000.0,0.4936,0.0757,10,11,4,1,0,983,0,0
USR_05706,11,1.0,4,1,27,859.59,0.2589,0.0402,9,13,3,1,1,511,8,0
USR_05707,21,0.8077,18,2,40,659.13,0.7773,0.0733,17,21,7,1,0,405,12,0
USR_05708,3,0.25,27,0,185,379.63,0.7839,-0.1754,2,4,1,0,0,657,9,0
USR_05709,8,0.7273,6,1,8,355.94,0.4943,0.2525,7,10,2,0,0,916,5,0
USR_05710,11,0.8462,4,1,27,318.97,0.4488,-0.2574,9,10,3,0,0,350,10,0
USR_05711,13,0.65,15,1,16,2177.73,0.6634,-0.1459,10,12,4,0,0,1129,3,0
USR_05712,18,0.9,10,2,35,486.11,0.6372,0.2617,15,19,6,1,0,572,10,0
USR_05713,16,0.7273,25,2,6,3745.27,0.6788,0.4076,13,13,5,1,1,803,9,0
USR_05714,17,0.9444,5,2,35,316.39,0.9064,0.6222,14,15,5,1,0,1149,0,0
USR_05715,5,1.0,28,0,134,594.26,0.6886,-0.1333,4,7,1,1,1,535,4,0
USR_05716,22,0.6667,7,3,33,241.14,0.8536,0.1636,18,20,7,1,0,263,1,0
USR_05717,23,0.92,10,3,13,1018.23,0.58,-0.5447,19,21,7,1,0,904,0,0
USR_05718,9,1.0,20,1,32,565.51,0.5339,0.4725,8,12,3,0,1,37,10,0
USR_05719,11,1.0,25,1,16,647.57,0.6728,-0.0501,9,10,3,0,1,565,0,0
USR_05720,22,0.7333,14,2,19,519.1,0.5291,0.212,18,22,7,0,1,1176,8,0
USR_05721,14,0.6667,15,1,33,1038.27,0.9722,0.1924,12,12,4,1,0,514,13,0
USR_05722,13,0.619,19,1,41,1137.26,0.6301,0.142,11,15,4,1,1,830,4,0
USR_05723,9,0.5,19,1,26,1293.16,0.7486,-0.1897,7,11,3,0,0,644,3,0
USR_05724,28,0.7568,23,3,43,313.39,0.721,-0.221,23,26,9,0,1,281,5,0
USR_05725,13,0.5652,3,1,26,859.86,0.4409,0.2743,11,13,4,1,1,401,9,0
USR_05726,18,0.6,28,2,37,446.79,0.8821,-0.1537,15,15,6,0,0,642,1,0
USR_05727,7,0.7,1,1,2,1925.38,0.9237,-0.2096,6,8,2,0,1,151,1,0
USR_05728,18,0.9474,7,2,8,810.7,0.8617,-0.0324,15,15,6,0,0,515,5,0
USR_05729,22,0.6471,23,2,9,845.72,0.3972,-0.0404,18,19,7,0,1,515,12,0
USR_05730,21,0.9545,8,2,14,533.02,0.5517,-0.1267,17,19,7,1,0,1006,2,0
USR_05731,17,0.7391,17,2,12,346.96,0.6005,-0.0433,14,15,5,0,1,174,3,0
USR_05732,11,0.55,4,1,31,705.4,0.4087,0.0821,9,10,3,0,0,1015,13,0
USR_05733,24,1.0,24,3,44,1772.09,0.8824,-0.3028,20,21,8,1,0,510,0,0
USR_05734,13,0.4815,9,1,7,359.4,0.8783,-0.3495,11,11,4,1,0,792,0,0
USR_05735,4,0.2353,3,0,61,1911.86,0.6682,0.1706,3,3,1,0,0,681,5,0
USR_05736,21,0.6364,3,2,41,1048.9,0.4031,0.1225,17,17,7,1,0,380,0,0
USR_05737,9,0.4737,5,1,16,131.08,0.677,-0.1022,8,11,3,1,0,1118,1,0
USR_05738,12,0.5217,21,1,31,319.74,0.5556,-0.1678,10,14,4,1,0,292,5,0
USR_05739,1,0.1111,1,0,74,4149.36,0.2864,0.2391,1,4,0,1,0,72,6,0
USR_05740,14,0.56,17,1,40,603.59,0.511,-0.3532,11,12,4,0,0,907,4,0
USR_05741,10,1.0,19,1,21,322.72,0.2968,-0.3404,8,10,3,1,1,757,3,0
USR_05742,11,0.7857,9,1,39,331.07,0.3326,-0.2301,9,10,3,1,0,1071,5,0
USR_05743,5,1.0,18,0,177,596.55,0.5011,-0.7342,4,8,1,0,0,565,6,0
USR_05744,15,0.9375,8,2,24,1386.45,0.9071,0.5951,13,16,5,0,0,49,9,0
USR_05745,4,0.3333,12,0,126,507.68,0.7762,-0.3912,4,6,1,0,0,53,9,0
USR_05746,11,0.5,0,1,6,357.66,0.3473,0.3062,9,10,3,0,0,536,6,0
USR_05747,10,0.4348,4,1,39,108.59,0.7522,0.086,8,9,3,1,0,321,11,0
USR_05748,16,0.8889,3,2,35,321.21,0.3951,0.1135,13,17,5,0,1,1108,10,0
USR_05749,9,0.5,0,1,22,380.46,0.5053,0.4986,8,9,3,0,0,168,0,0
USR_05750,10,0.4762,10,1,41,860.17,0.6497,0.1364,9,11,3,1,1,1060,13,0
USR_05751,13,1.0,7,1,38,920.03,0.825,-0.0163,10,12,4,0,0,283,11,0
USR_05752,14,0.7778,7,1,8,2102.88,0.6948,0.4461,12,14,4,1,0,169,2,0
USR_05753,16,0.64,0,2,0,256.65,0.7517,-0.6446,13,17,5,1,0,351,0,0
USR_05754,14,0.875,23,1,10,740.1,0.5899,0.3833,11,15,4,1,1,198,5,0
USR_05755,21,0.8077,28,2,19,756.3,0.8316,0.029,17,21,7,0,0,499,3,0
USR_05756,10,0.625,22,1,30,298.88,0.4388,-0.0246,8,9,3,0,1,416,8,0
USR_05757,7,0.875,5,0,42,1380.62,0.2947,-0.0734,5,5,2,0,0,648,4,0
USR_05758,23,0.9583,23,3,13,2600.31,0.6572,0.1067,19,21,7,0,0,658,0,0
USR_05759,15,0.5556,7,2,17,677.95,0.4025,-0.1487,13,15,5,0,1,31,1,0
USR_05760,15,0.9375,9,2,23,453.98,0.1427,-0.2884,12,13,5,0,0,176,11,0
USR_05761,13,0.619,23,1,18,2197.56,0.623,0.0229,11,11,4,0,1,219,0,0
USR_05762,8,0.5714,6,1,19,943.29,0.67,0.2124,7,7,2,0,1,257,8,0
USR_05763,3,0.2308,29,0,127,251.62,0.5901,-0.0372,2,3,1,0,0,139,2,0
USR_05764,21,0.6176,25,2,30,569.58,0.9275,0.1449,17,19,7,1,1,398,3,0
USR_05765,23,0.92,18,3,36,497.9,0.8796,0.2161,19,22,7,0,0,673,4,0
USR_05766,5,0.2632,15,0,161,338.1,0.7883,0.1991,4,6,1,0,1,391,1,0
USR_05767,20,0.9524,7,2,42,350.95,0.3967,0.1714,16,16,6,1,0,415,6,0
USR_05768,16,0.5517,19,2,38,389.34,0.3858,0.1862,13,16,5,0,0,579,7,0
USR_05769,5,0.4167,13,0,53,1272.28,0.825,0.0871,4,7,1,0,0,671,0,0
USR_05770,10,1.0,19,1,30,525.58,0.8986,-0.6391,8,12,3,1,0,417,3,0
USR_05771,9,0.5625,1,1,31,712.53,0.4524,-0.2157,7,11,3,1,0,289,8,0
USR_05772,11,0.4583,11,1,30,1442.39,0.747,-0.0813,9,10,3,0,0,508,7,0
USR_05773,9,0.5294,3,1,37,523.71,0.7048,0.2468,8,8,3,0,1,58,4,0
USR_05774,7,0.875,12,0,81,254.13,0.8656,-0.145,5,6,2,0,0,606,9,0
USR_05775,10,0.4762,21,1,18,1415.66,0.2187,0.2937,8,9,3,1,0,1131,0,0
USR_05776,14,0.5385,3,1,9,490.61,0.8383,0.4299,11,13,4,1,0,495,0,0
USR_05777,8,0.4706,24,1,25,2766.47,0.6265,0.6591,6,7,2,0,0,156,6,0
USR_05778,22,0.7857,24,3,26,1490.67,0.8408,0.1898,18,19,7,1,0,857,7,0
USR_05779,13,0.5652,8,1,30,1015.79,0.4868,-0.1995,11,12,4,1,1,178,10,0
USR_05780,20,0.8,5,2,2,797.18,0.6519,0.1174,17,19,6,1,0,256,1,0
USR_05781,5,0.7143,22,0,149,1632.91,0.5055,0.2492,4,7,1,0,0,201,4,0
USR_05782,6,0.3333,22,0,64,811.94,0.6482,-0.4499,5,8,2,1,1,1063,6,0
USR_05783,9,0.6,19,1,27,117.07,0.2323,0.3586,8,11,3,1,1,1178,1,0
USR_05784,21,0.6562,4,2,32,613.16,0.8394,-0.1518,17,19,7,0,0,696,4,0
USR_05785,13,0.619,15,1,24,1050.79,0.4469,0.061,10,12,4,1,0,752,6,0
USR_05786,20,0.6061,7,2,37,297.88,0.8435,-0.3083,17,17,6,1,0,785,1,0
USR_05787,1,0.125,8,0,184,5000.0,0.6275,0.3205,1,2,0,1,0,744,3,0
USR_05788,12,0.75,17,1,23,591.6,0.3798,-0.5566,10,13,4,0,1,666,1,0
USR_05789,28,0.875,29,3,44,1042.49,0.1858,-0.0182,23,24,9,0,1,1184,12,0
USR_05790,5,0.4167,5,0,113,1699.01,0.3213,-0.1497,4,5,1,1,1,887,1,0
USR_05791,10,0.4167,7,1,3,1078.53,0.5538,0.2357,8,11,3,1,0,133,0,0
USR_05792,9,0.8182,7,1,5,610.75,0.7984,-0.1274,8,8,3,0,1,488,0,0
USR_05793,11,0.8462,6,1,42,916.54,0.5627,0.3738,9,13,3,0,1,1170,0,0
USR_05794,2,0.4,28,0,76,569.89,0.9337,-0.0868,2,2,0,0,1,502,1,0
USR_05795,23,0.6216,3,3,28,616.8,0.4198,0.1825,19,20,7,0,0,268,5,0
USR_05796,8,0.4706,5,1,0,265.64,0.867,0.21,7,10,2,0,1,1046,0,0
USR_05797,4,0.2667,19,0,173,540.16,0.5798,0.1162,3,7,1,0,0,758,2,0
USR_05798,5,0.3846,10,0,167,254.09,0.5565,0.1623,4,7,1,1,0,688,0,0
USR_05799,4,0.3333,27,0,127,662.58,0.9532,-0.4765,4,4,1,0,0,521,3,0
USR_05800,5,0.3571,17,0,135,480.28,0.5778,-0.1723,4,5,1,1,1,175,0,0
USR_05801,10,0.9091,4,1,35,993.61,0.4122,-0.1494,8,8,3,0,0,479,5,0
USR_05802,17,0.6538,14,2,43,201.04,0.3666,0.1989,14,16,5,0,0,541,6,0
USR_05803,18,0.6923,3,2,8,316.51,0.7613,0.3531,15,18,6,0,0,1119,8,0
USR_05804,8,0.4,12,1,17,318.56,0.5947,0.0836,7,11,2,0,0,389,1,0
USR_05805,11,0.9167,27,1,2,657.36,0.6928,-0.091,9,10,3,1,0,204,10,0
USR_05806,8,0.5333,14,1,24,546.74,0.7583,0.0072,6,10,2,0,1,530,7,0
USR_05807,8,0.381,19,1,24,1599.19,0.2117,0.0912,7,8,2,1,0,1196,0,0
USR_05808,3,0.2,11,0,48,687.77,0.2723,-0.0252,2,5,1,0,0,594,3,0
USR_05809,6,0.6,29,0,41,665.2,0.3494,-0.1988,5,7,2,0,1,473,8,0
USR_05810,11,0.5238,17,1,26,285.97,0.6598,-0.3472,9,11,3,0,1,810,2,0
USR_05811,13,0.7222,21,1,17,527.92,0.4364,-0.3027,10,14,4,0,1,789,3,0
USR_05812,20,0.6452,23,2,35,228.71,0.846,-0.3446,16,20,6,0,0,380,5,0
USR_05813,19,0.6786,23,2,19,987.28,0.6012,0.0511,16,19,6,1,0,1162,0,0
USR_05814,16,0.6957,28,2,32,1292.89,0.5534,-0.1907,13,15,5,1,0,723,13,0
USR_05815,15,1.0,13,2,34,199.12,0.7184,0.1897,13,16,5,0,1,97,0,0
USR_05816,13,0.5417,4,1,37,689.23,0.6022,-0.6666,11,11,4,0,0,506,0,0
USR_05817,25,0.7576,7,3,26,611.8,0.7336,-0.2424,20,23,8,0,0,1109,0,0
USR_05818,18,0.72,7,2,13,1743.08,0.5477,-0.053,15,19,6,0,0,490,3,0
USR_05819,6,0.375,17,0,85,298.96,0.5064,0.0511,5,7,2,0,0,694,11,0
USR_05820,8,0.381,2,1,44,362.18,0.1311,0.0233,6,8,2,0,0,746,10,0
USR_05821,17,0.85,10,2,24,821.56,0.5539,0.2931,14,15,5,1,0,854,12,0
USR_05822,4,0.2353,21,0,181,450.21,0.7211,0.4456,3,4,1,1,1,1050,4,0
USR_05823,12,0.8571,14,1,20,469.53,0.3722,0.1374,10,12,4,0,0,204,3,0
USR_05824,13,0.5909,10,1,25,462.65,0.757,0.0371,11,11,4,0,0,634,3,0
USR_05825,25,0.7812,15,3,0,1010.36,0.3564,0.161,21,25,8,0,0,654,0,0
USR_05826,24,0.6857,3,3,27,1650.6,0.7941,-0.0305,20,20,8,0,0,208,12,0
USR_05827,9,0.5294,0,1,4,622.68,0.5106,0.3598,7,9,3,1,1,818,4,0
USR_05828,1,0.1111,21,0,77,535.64,0.2067,-0.0128,1,3,0,0,1,168,3,0
USR_05829,15,0.7143,18,2,27,1131.76,0.5033,-0.0574,13,13,5,1,0,563,4,0
USR_05830,0,0.0,82,0,168,784.73,0.612,0.1488,0,0,0,0,0,416,9,0
USR_05831,1,0.2,10,0,193,755.25,0.8786,-0.2002,1,4,0,1,0,211,1,0
USR_05832,9,0.6923,6,1,39,1647.35,0.7788,0.4612,7,7,3,0,0,992,7,0
USR_05833,1,0.1429,24,0,37,283.34,0.4198,-0.4519,1,3,0,0,0,315,7,0
USR_05834,6,0.6667,21,0,104,538.82,0.3723,-0.31,5,6,2,1,0,328,10,0
USR_05835,17,0.8095,1,2,22,303.48,0.7799,0.3291,14,17,5,1,0,1029,0,0
USR_05836,8,0.8889,29,1,37,433.08,0.7799,0.4894,6,8,2,1,0,1056,0,0
USR_05837,12,0.8,16,1,3,239.87,0.6165,0.5969,10,14,4,0,0,70,4,0
USR_05838,5,0.4545,8,0,55,491.5,0.7274,-0.1611,4,8,1,0,0,355,10,0
USR_05839,19,0.7308,10,2,42,894.36,0.3142,-0.0249,16,19,6,0,0,859,13,0
USR_05840,14,0.6087,16,1,26,81.05,0.7766,0.0968,12,13,4,1,0,940,5,0
USR_05841,4,0.4444,2,0,74,512.27,0.8664,0.1355,3,3,1,0,0,1199,1,0
USR_05842,9,0.5,2,1,25,619.03,0.8682,0.3223,8,8,3,1,0,678,1,0
USR_05843,14,0.7,12,1,28,533.53,0.9105,0.1357,12,13,4,0,0,38,6,0
USR_05844,4,0.4,28,0,89,174.07,0.6001,0.7785,3,4,1,0,0,1052,1,0
USR_05845,4,1.0,12,0,109,1428.61,0.2668,0.338,3,7,1,1,0,218,4,0
USR_05846,4,0.2667,25,0,139,1413.72,0.1497,0.3655,3,7,1,0,1,171,10,0
USR_05847,24,0.7059,22,3,29,1660.39,0.7231,-0.2601,20,20,8,0,1,818,3,0
USR_05848,6,1.0,25,0,196,425.49,0.5733,0.2756,5,9,2,1,1,736,3,0
USR_05849,5,1.0,4,0,70,763.54,0.8298,0.3485,4,4,1,0,1,100,0,0
USR_05850,4,0.2667,29,0,47,371.04,0.4032,0.2871,3,3,1,0,0,228,1,0
USR_05851,5,0.625,24,0,104,282.05,0.6943,-0.5026,4,4,1,0,1,720,7,0
USR_05852,8,0.381,25,1,26,270.46,0.7244,-0.2222,6,7,2,0,0,328,2,0
USR_05853,3,0.2,1,0,93,780.95,0.6733,-0.2187,2,5,1,1,1,830,0,0
USR_05854,24,0.8,7,3,19,1298.24,0.5336,-0.0431,20,22,8,0,0,511,0,0
USR_05855,4,0.2222,15,0,52,1861.4,0.2664,-0.0809,3,5,1,0,0,718,0,0
USR_05856,9,0.5625,18,1,36,639.29,0.7527,0.939,8,9,3,0,1,585,6,0
USR_05857,2,0.125,19,0,70,385.39,0.2797,-0.1374,2,2,0,0,0,457,5,0
USR_05858,4,1.0,29,0,30,615.64,0.7222,0.0254,4,4,1,0,0,430,4,0
USR_05859,5,0.3846,0,0,130,1446.66,0.8179,0.2011,4,7,1,0,0,845,4,0
USR_05860,27,0.6923,7,3,32,2435.58,0.7538,0.0452,22,24,9,0,0,631,0,0
USR_05861,9,0.75,2,1,6,1705.7,0.8881,0.5931,7,10,3,0,0,725,4,0
USR_05862,4,0.25,15,0,198,1576.65,0.7827,0.1682,3,3,1,0,0,705,0,0
USR_05863,15,0.5556,8,2,21,1976.73,0.1335,-0.0625,12,15,5,0,0,272,12,0
USR_05864,18,0.6207,18,2,40,705.48,0.6676,-0.0733,15,18,6,0,0,1098,0,0
USR_05865,13,0.5909,11,1,4,833.33,0.4577,0.3042,11,12,4,0,0,688,3,0
USR_05866,4,0.8,7,0,189,1553.22,0.9056,0.4135,4,6,1,1,0,870,0,0
USR_05867,2,0.125,10,0,39,1004.24,0.7891,0.1953,1,2,0,0,0,1061,9,0
USR_05868,15,0.5357,18,2,18,1330.96,0.425,-0.1369,13,15,5,0,0,1111,0,0
USR_05869,15,0.6522,29,2,25,409.02,0.4035,-0.1554,12,13,5,1,0,810,12,0
USR_05870,2,0.2857,5,0,194,2036.27,0.6797,0.2016,1,1,0,0,0,950,0,0
USR_05871,1,0.125,5,0,153,446.22,0.7096,0.5047,1,2,0,0,0,581,10,0
USR_05872,12,0.4615,28,1,22,1619.36,0.6866,0.2522,10,14,4,1,0,893,6,0
USR_05873,6,1.0,26,0,79,619.16,0.4525,-0.0827,5,5,2,0,0,406,1,0
USR_05874,12,0.6316,26,1,6,434.08,0.7085,-0.0315,10,13,4,0,1,862,1,0
USR_05875,13,0.8667,28,1,7,134.98,0.3308,-0.5834,11,13,4,1,0,130,2,0
USR_05876,17,0.5862,6,2,9,558.77,0.8547,0.3609,14,15,5,1,0,1099,10,0
USR_05877,9,0.4737,5,1,29,245.24,0.7238,-0.3312,7,8,3,0,0,316,10,0
USR_05878,19,0.5938,19,2,17,317.91,0.4241,0.3566,15,18,6,1,0,798,0,0
USR_05879,11,0.44,22,1,0,999.62,0.3903,0.0513,9,11,3,1,1,43,2,0
USR_05880,13,0.9286,24,1,39,197.46,0.8373,0.6413,10,12,4,0,0,212,1,0
USR_05881,9,0.5625,29,1,36,1779.98,0.3485,0.337,7,7,3,1,0,1184,0,0
USR_05882,3,0.1875,26,0,101,4995.66,0.8258,0.1281,3,6,1,0,0,1005,6,0
USR_05883,12,1.0,7,1,30,451.91,0.9321,0.0248,10,11,4,0,0,290,2,0
USR_05884,21,0.6176,8,2,29,1743.44,0.742,-0.1677,17,19,7,1,0,183,1,0
USR_05885,11,0.6875,15,1,34,217.54,0.3532,0.0408,9,9,3,0,1,983,10,0
USR_05886,18,0.6923,8,2,41,916.05,0.585,-0.0168,15,15,6,0,1,1188,8,0
USR_05887,14,0.9333,22,1,43,883.62,0.4421,-0.425,11,12,4,0,1,227,9,0
USR_05888,14,0.7368,24,1,12,5000.0,0.7383,0.4026,11,14,4,1,0,806,0,0
USR_05889,21,0.6,22,2,14,493.86,0.8984,-0.0662,18,19,7,0,0,361,12,0
USR_05890,7,0.35,0,1,7,962.73,0.3595,-0.0742,6,10,2,1,1,900,5,0
USR_05891,13,0.8667,24,1,23,573.86,0.2915,-0.5247,11,13,4,0,0,519,4,0
USR_05892,19,0.7037,8,2,18,494.14,0.2963,-0.1103,16,19,6,0,0,176,0,0
USR_05893,7,0.875,10,1,28,595.54,0.6788,0.2366,6,6,2,0,0,409,11,0
USR_05894,18,0.5625,16,2,27,571.96,0.7916,-0.2152,15,17,6,0,0,660,4,0
USR_05895,14,0.7,3,1,26,400.76,0.5631,-0.2848,11,15,4,1,0,964,10,0
USR_05896,7,0.7,21,0,199,824.1,0.5573,-0.0643,6,7,2,1,0,54,6,0
USR_05897,7,0.4667,20,0,111,324.87,0.3751,0.047,5,8,2,1,0,1150,9,0
USR_05898,9,0.75,13,1,6,483.22,0.3553,0.3146,8,8,3,1,0,790,7,0
USR_05899,6,0.375,10,0,91,3093.95,0.5583,0.389,5,9,2,0,0,1054,12,0
USR_05900,12,0.7059,8,1,1,606.25,0.8034,-0.0131,10,10,4,1,0,1118,1,0
USR_05901,3,0.375,19,0,117,1351.95,0.3587,-0.3846,2,4,1,0,0,209,1,0
USR_05902,9,0.45,29,1,17,625.82,0.8898,-0.1637,7,7,3,0,0,139,7,0
USR_05903,2,0.1333,14,0,96,1229.91,0.7371,0.3092,2,5,0,1,0,938,4,0
USR_05904,1,0.25,29,0,102,578.35,0.2944,-0.3312,1,3,0,0,1,249,5,0
USR_05905,13,0.619,13,1,28,84.06,0.494,0.2009,11,12,4,1,0,203,7,0
USR_05906,2,0.3333,0,0,72,648.89,0.9271,0.7081,1,2,0,0,0,578,4,0
USR_05907,25,1.0,26,3,35,298.5,0.5883,0.2894,21,22,8,1,1,1098,9,0
USR_05908,13,0.8125,10,1,13,523.17,0.4286,0.1131,10,10,4,1,0,960,2,0
USR_05909,16,1.0,19,2,14,1153.59,0.7503,0.4091,13,16,5,1,1,635,10,0
USR_05910,15,0.5769,14,2,9,2844.43,0.5549,0.1316,13,14,5,0,0,259,0,0
USR_05911,12,0.6316,18,1,14,215.57,0.5149,-0.1104,10,12,4,0,1,423,6,0
USR_05912,3,0.2727,22,0,168,549.41,0.4354,0.0663,2,2,1,0,0,835,11,0
USR_05913,8,0.5714,29,1,42,674.26,0.5447,-0.3185,7,10,2,0,0,213,1,0
USR_05914,15,0.7895,28,2,40,691.67,0.7305,-0.3836,12,14,5,1,0,643,2,0
USR_05915,13,0.6842,8,1,37,695.34,0.3891,-0.0379,11,13,4,0,0,43,2,0
USR_05916,20,0.9091,0,2,18,1043.82,0.3773,-0.2094,17,19,6,1,0,410,5,0
USR_05917,11,1.0,20,1,22,468.63,0.1745,-0.2135,9,13,3,0,0,320,3,0
USR_05918,16,0.8889,6,2,22,567.47,0.2429,-0.3156,14,16,5,0,1,826,0,0
USR_05919,8,1.0,10,1,20,911.77,0.3898,-0.0813,7,9,2,0,1,1099,11,0
USR_05920,10,0.5556,22,1,8,380.3,0.9484,-0.2138,8,9,3,1,1,201,1,0
USR_05921,12,1.0,17,1,11,414.52,0.7747,0.0095,10,14,4,0,0,962,4,0
USR_05922,15,0.75,17,2,26,630.74,0.8078,-0.1996,12,15,5,0,1,797,5,0
USR_05923,13,0.5417,24,1,9,414.53,0.5799,-0.2098,10,10,4,1,0,1164,0,0
USR_05924,14,0.6364,18,1,3,304.22,0.6889,-0.0609,12,13,4,0,0,1096,0,0
USR_05925,12,0.5714,27,1,10,277.03,0.2282,-0.4944,10,10,4,0,1,147,13,0
USR_05926,6,0.6,5,0,99,642.34,0.7407,-0.2646,5,5,2,0,0,899,6,0
USR_05927,5,0.7143,12,0,183,1990.68,0.745,0.3709,4,7,1,1,0,722,0,0
USR_05928,3,0.6,13,0,125,910.46,0.6923,0.2044,3,7,1,0,1,162,9,0
USR_05929,14,0.7,24,1,11,310.51,0.6529,0.0039,12,14,4,0,0,330,4,0
USR_05930,14,0.5185,25,1,36,2295.41,0.7904,-0.4531,12,14,4,1,0,1114,0,0
USR_05931,2,0.125,10,0,135,445.38,0.9155,-0.3135,1,1,0,1,0,665,6,0
USR_05932,18,0.9,27,2,9,2367.72,0.5448,-0.0761,15,16,6,0,1,426,4,0
USR_05933,17,0.9444,19,2,30,626.83,0.9097,0.1168,14,14,5,0,1,404,1,0
USR_05934,13,0.6842,7,1,29,822.95,0.7687,-0.1874,10,14,4,1,0,1010,11,0
USR_05935,12,0.8571,26,1,29,496.45,0.8869,0.1685,10,12,4,0,1,361,2,0
USR_05936,15,0.8824,5,2,17,523.78,0.5187,-0.0483,13,13,5,0,0,215,2,0
USR_05937,4,0.4444,20,0,156,2009.83,0.5338,0.2606,4,7,1,0,1,701,2,0
USR_05938,19,0.5758,27,2,10,576.15,0.1982,0.1269,15,18,6,0,0,1191,8,0
USR_05939,3,0.5,21,0,46,1414.18,0.5239,0.2651,3,3,1,1,1,244,7,0
USR_05940,4,0.8,15,0,89,690.77,0.5006,0.0034,4,4,1,1,0,328,12,0
USR_05941,9,0.8182,25,1,14,606.31,0.471,-0.1572,8,9,3,0,1,578,1,0
USR_05942,2,0.1818,5,0,40,1095.71,0.4486,0.2553,1,5,0,0,0,263,9,0
USR_05943,4,0.2222,7,0,113,605.14,0.5951,0.0476,3,4,1,1,0,791,5,0
USR_05944,12,0.4615,19,1,30,354.16,0.3539,0.057,10,10,4,0,1,326,2,0
USR_05945,4,0.2667,22,0,79,362.56,0.6954,0.1423,4,6,1,1,1,179,0,0
USR_05946,18,0.72,8,2,11,1057.04,0.6366,0.3487,15,15,6,0,1,335,10,0
USR_05947,1,0.0909,19,0,181,113.58,0.4559,0.127,1,5,0,0,1,1118,1,0
USR_05948,11,1.0,23,1,33,898.69,0.9702,0.3171,9,10,3,0,1,1123,6,0
USR_05949,12,0.48,16,1,26,210.57,0.2388,-0.6929,10,11,4,1,0,621,4,0
USR_05950,15,0.5769,4,2,33,765.05,0.4298,0.154,12,14,5,1,0,498,0,0
USR_05951,16,0.8889,29,2,34,1940.83,0.5764,0.4266,13,15,5,1,0,988,13,0
USR_05952,12,0.75,10,1,25,327.91,0.7187,0.3182,10,11,4,0,1,257,10,0
USR_05953,17,0.5667,12,2,41,1011.52,0.8407,-0.2962,14,18,5,1,1,795,4,0
USR_05954,13,0.619,17,1,12,1634.93,0.5792,-0.1969,11,15,4,0,0,825,6,0
USR_05955,19,0.5758,7,2,0,419.62,0.2675,0.5217,16,19,6,0,0,860,4,0
USR_05956,15,0.75,2,2,26,396.37,0.828,0.7234,12,15,5,0,0,284,8,0
USR_05957,17,0.68,25,2,11,897.88,0.1712,0.1476,14,17,5,0,1,867,0,0
USR_05958,11,1.0,22,1,37,1808.01,0.772,1.0,9,10,3,1,0,746,3,0
USR_05959,12,0.48,5,1,0,4129.56,0.3081,-0.0603,10,10,4,1,0,1053,2,0
USR_05960,8,0.4,15,1,35,367.84,0.7128,0.3773,7,10,2,0,0,234,3,0
USR_05961,1,0.0769,22,0,179,1116.66,0.8199,-0.2659,1,3,0,0,0,747,3,0
USR_05962,20,0.6452,29,2,41,452.94,0.2882,0.1479,16,16,6,0,1,1000,0,0
USR_05963,9,0.6923,27,1,17,269.56,0.4268,-0.3656,8,12,3,0,0,355,13,0
USR_05964,12,1.0,1,1,36,551.65,0.5596,0.1932,10,10,4,1,0,900,0,0
USR_05965,18,0.8182,24,2,26,553.03,0.4932,-0.1805,15,16,6,0,1,146,0,0
USR_05966,11,0.5238,4,1,1,712.76,0.8946,-0.2815,9,12,3,0,1,870,3,0
USR_05967,5,0.3333,18,0,195,929.8,0.7951,0.4511,4,5,1,0,0,739,5,0
USR_05968,8,0.4,17,1,32,801.16,0.7428,0.1751,7,9,2,1,0,255,0,0
USR_05969,6,0.4286,27,0,165,1758.2,0.6035,-0.2342,5,5,2,0,0,107,4,0
USR_05970,4,0.4444,17,0,68,2988.68,0.6286,-0.1963,3,5,1,0,1,902,7,0
USR_05971,19,0.7917,14,2,16,673.42,0.3666,-0.4546,16,18,6,1,0,312,0,0
USR_05972,15,0.5172,18,2,29,448.64,0.5201,-0.189,12,15,5,0,0,612,13,0
USR_05973,21,1.0,2,2,0,567.06,0.611,-0.2029,17,19,7,0,0,101,2,0
USR_05974,17,0.6538,0,2,38,553.16,0.6365,0.1199,14,15,5,1,0,1157,6,0
USR_05975,14,1.0,22,1,16,414.41,0.2257,0.0612,12,16,4,0,0,672,0,0
USR_05976,9,0.6,14,1,26,200.54,0.6173,-0.2849,7,11,3,1,0,1119,7,0
USR_05977,20,0.9524,21,2,21,226.3,0.7631,-0.2981,17,19,6,0,0,217,10,0
USR_05978,15,0.8333,14,2,17,1149.41,0.4409,0.5421,12,15,5,1,0,270,0,0
USR_05979,4,0.4,25,0,128,1211.83,0.1723,0.2632,4,6,1,1,0,744,0,0
USR_05980,6,0.6,9,0,67,862.89,0.3405,0.2792,5,9,2,0,0,737,2,0
USR_05981,6,1.0,12,0,38,548.05,0.9465,-0.01,5,8,2,0,1,955,0,0
USR_05982,10,0.4762,7,1,42,444.04,0.4499,-0.3521,9,13,3,1,0,1115,13,0
USR_05983,23,0.92,4,3,4,221.87,0.9392,0.1153,19,22,7,1,0,991,5,0
USR_05984,14,0.5833,3,1,18,394.98,0.5472,-0.1836,12,12,4,0,0,194,5,0
USR_05985,10,0.4167,3,1,1,370.33,0.8616,0.8169,8,12,3,0,0,392,13,0
USR_05986,6,0.6667,2,0,124,214.55,0.6447,-0.2285,5,5,2,0,0,1099,10,0
USR_05987,6,0.5,10,0,158,791.68,0.825,0.424,5,5,2,0,0,672,10,0
USR_05988,11,0.55,13,1,25,368.3,0.5825,-0.0814,9,13,3,0,1,1044,2,0
USR_05989,18,0.5806,23,2,2,687.04,0.221,-0.001,15,16,6,0,0,688,2,0
USR_05990,22,0.8148,24,2,30,203.69,0.3853,0.4325,18,19,7,0,1,88,2,0
USR_05991,14,0.875,15,1,17,1064.29,0.3976,-0.3298,12,15,4,1,0,583,2,0
USR_05992,14,0.9333,17,1,5,937.69,0.3452,0.3762,12,16,4,0,1,994,2,0
USR_05993,2,0.2857,5,0,117,441.11,0.7716,-0.1376,2,4,0,0,0,796,0,0
USR_05994,5,0.2941,7,0,65,1995.63,0.7024,0.2029,4,6,1,1,0,185,2,0
USR_05995,14,0.5833,7,1,5,623.45,0.641,0.2902,11,12,4,1,1,275,3,0
USR_05996,21,0.875,14,2,29,741.44,0.5838,0.2396,17,19,7,1,0,1029,2,0
USR_05997,26,0.65,10,3,29,190.65,0.839,-0.37,22,22,8,0,1,1175,0,0
USR_05998,18,0.6667,6,2,39,355.61,0.8068,-0.1412,15,15,6,1,0,910,3,0
USR_05999,2,0.1667,14,0,117,395.16,0.5521,0.0503,2,3,0,0,0,144,4,0
USR_06000,3,1.0,3,0,181,1243.41,0.3875,-0.2971,3,7,1,0,0,754,7,0
USR_06001,9,0.4091,25,1,15,1437.9,0.7061,0.1177,7,11,3,0,0,1000,7,0
USR_06002,21,0.9545,22,2,11,421.51,0.5179,0.316,18,18,7,0,0,779,1,0
USR_06003,9,1.0,29,1,33,762.24,0.9644,-0.1488,7,9,3,0,1,725,0,0
USR_06004,14,0.5833,8,1,19,1320.03,0.5855,0.2758,12,16,4,1,1,576,2,0
USR_06005,24,0.8571,17,3,35,506.75,0.6869,0.002,20,23,8,0,1,316,0,0
USR_06006,20,0.5882,24,2,37,206.49,0.7547,0.0807,17,17,6,0,0,358,3,0
USR_06007,16,0.5517,11,2,28,1174.63,0.5363,0.2047,13,14,5,0,1,902,13,0
USR_06008,12,0.6,28,1,21,934.39,0.4613,0.3574,10,13,4,0,0,111,1,0
USR_06009,9,0.5625,5,1,39,839.54,0.9445,-0.2951,7,9,3,1,0,128,2,0
USR_06010,13,0.8667,5,1,22,1433.24,0.6404,0.2799,11,14,4,1,0,494,7,0
USR_06011,7,0.7778,15,0,123,1530.73,0.2737,0.269,5,5,2,0,0,936,4,0
USR_06012,14,1.0,10,1,4,1093.26,0.9046,0.0497,11,14,4,1,0,798,0,0
USR_06013,22,0.9167,18,3,3,260.66,0.9154,-0.3109,18,20,7,0,0,720,0,0
USR_06014,2,0.25,25,0,43,198.3,0.5604,0.1586,1,5,0,0,0,654,12,0
USR_06015,2,0.1538,9,0,145,880.43,0.2999,0.1321,1,1,0,1,0,159,0,0
USR_06016,14,0.9333,22,1,26,700.82,0.9544,-0.0573,11,13,4,0,1,418,6,0
USR_06017,5,0.7143,9,0,187,744.17,0.8164,0.2327,4,8,1,0,0,123,9,0
USR_06018,9,0.6429,1,1,16,2572.74,0.5295,-0.1993,7,10,3,1,1,917,1,0
USR_06019,23,0.7667,24,3,16,1385.85,0.5174,0.1934,19,19,7,1,0,908,7,0
USR_06020,10,0.625,15,1,23,573.99,0.746,0.0188,8,10,3,1,0,331,0,0
USR_06021,18,0.9,19,2,41,369.1,0.477,0.2398,15,19,6,0,1,372,2,0
USR_06022,9,0.45,11,1,32,1114.25,0.5184,-0.3929,7,11,3,0,0,401,2,0
USR_06023,14,0.8235,13,1,5,962.9,0.3014,-0.828,12,12,4,1,0,1070,13,0
USR_06024,11,0.9167,24,1,12,559.95,0.9161,-0.3874,9,12,3,1,0,601,1,0
USR_06025,17,0.7727,16,2,41,74.54,0.4666,0.022,14,18,5,1,0,921,0,0
USR_06026,4,0.2222,4,0,140,308.97,0.8821,0.6036,3,5,1,1,1,555,12,0
USR_06027,16,0.9412,15,2,19,1310.12,0.3829,0.1105,13,17,5,1,1,846,0,0
USR_06028,1,0.5,4,0,84,236.56,0.4037,0.4449,1,3,0,1,0,648,11,0
USR_06029,11,0.55,5,1,37,1057.09,0.4931,0.2377,9,12,3,0,0,355,6,0
USR_06030,8,0.4706,29,1,37,948.56,0.6098,-0.6094,6,9,2,1,0,1055,5,0
USR_06031,27,0.931,26,3,17,301.02,0.7342,0.0322,22,25,9,0,1,859,8,0
USR_06032,17,0.6538,26,2,4,1366.38,0.3658,-0.1891,14,18,5,0,1,930,7,0
USR_06033,4,0.2667,2,0,166,624.15,0.8721,-0.2693,3,4,1,1,0,1139,0,0
USR_06034,16,0.64,29,2,27,590.66,0.4673,0.016,13,16,5,0,1,321,13,0
USR_06035,16,0.6957,6,2,30,265.16,0.496,0.1155,14,18,5,0,0,137,12,0
USR_06036,9,0.6,5,1,40,1878.23,0.3727,-0.5222,8,12,3,1,1,711,11,0
USR_06037,17,0.7727,16,2,21,256.28,0.5114,-0.2542,14,14,5,0,0,411,5,0
USR_06038,7,0.875,11,1,40,253.96,0.8242,-0.1762,6,7,2,0,0,539,4,0
USR_06039,16,0.64,13,2,39,744.87,0.4854,-0.0412,13,13,5,0,0,304,4,0
USR_06040,10,0.4762,25,1,1,303.6,0.5611,0.2219,9,12,3,1,0,496,0,0
USR_06041,27,0.8182,17,3,24,3478.61,0.3282,-0.2135,22,25,9,0,0,490,4,0
USR_06042,10,0.4762,8,1,6,301.74,0.6632,0.1439,8,11,3,0,1,440,5,0
USR_06043,24,0.96,27,3,0,1254.56,0.3085,0.612,20,22,8,1,0,898,6,0
USR_06044,5,0.8333,21,0,199,2475.89,0.2577,0.0094,4,4,1,0,1,723,2,0
USR_06045,11,0.7333,8,1,35,1179.14,0.7549,0.1074,9,10,3,0,0,584,4,0
USR_06046,2,0.2857,1,0,182,363.51,0.8568,-0.0717,2,2,0,0,0,161,6,0
USR_06047,18,0.72,4,2,22,875.42,0.4413,-0.2231,15,16,6,0,0,697,3,0
USR_06048,19,1.0,6,2,44,1966.93,0.3259,-0.1591,16,19,6,0,1,234,13,0
USR_06049,15,0.9375,3,2,30,200.48,0.6231,0.2288,12,14,5,0,0,397,7,0
USR_06050,8,0.4444,27,1,2,1600.5,0.8632,-0.3306,7,10,2,1,0,515,0,0
USR_06051,3,0.2308,1,0,176,985.23,0.8197,-0.2013,3,5,1,0,0,195,0,0
USR_06052,24,0.6857,28,3,29,3016.96,0.7094,-0.1828,20,20,8,1,0,485,7,0
USR_06053,4,0.4444,23,0,180,937.01,0.8795,0.1406,3,3,1,0,1,342,3,0
USR_06054,10,0.5,2,1,32,751.26,0.6705,-0.0944,8,8,3,0,0,1024,10,0
USR_06055,19,0.8636,13,2,32,1149.44,0.8128,-0.1076,15,15,6,1,0,1035,0,0
USR_06056,9,0.4091,0,1,27,246.67,0.5249,-0.098,7,8,3,0,0,35,0,0
USR_06057,5,1.0,7,0,159,346.36,0.6349,0.063,4,6,1,0,1,734,3,0
USR_06058,12,0.5714,8,1,26,703.09,0.3869,0.3899,10,11,4,1,0,779,8,0
USR_06059,12,0.9231,20,1,16,437.49,0.414,0.4201,10,12,4,0,0,472,13,0
USR_06060,6,0.3333,5,0,149,407.8,0.5917,-0.3528,5,9,2,1,0,578,11,0
USR_06061,21,0.875,23,2,9,3395.91,0.6343,0.0336,17,20,7,1,1,954,4,0
USR_06062,11,1.0,21,1,19,2793.85,0.8286,0.2412,9,12,3,1,1,472,10,0
USR_06063,13,0.7222,28,1,21,87.08,0.6491,0.5583,11,15,4,0,0,105,0,0
USR_06064,7,0.35,16,0,105,686.82,0.7708,-0.3356,6,8,2,1,0,465,5,0
USR_06065,12,0.8571,11,1,31,256.36,0.4917,0.0565,10,10,4,0,0,327,12,0
USR_06066,9,0.6923,21,1,17,1669.86,0.7415,0.2874,8,12,3,1,0,477,3,0
USR_06067,9,0.5294,20,1,21,794.77,0.8463,-0.173,7,8,3,0,1,299,13,0
USR_06068,16,0.5517,6,2,30,2147.59,0.7565,-0.1561,13,16,5,1,0,205,1,0
USR_06069,21,0.913,8,2,38,333.92,0.2765,-0.135,18,20,7,1,0,1182,0,0
USR_06070,6,0.5455,19,0,82,311.05,0.4148,0.1106,5,8,2,1,0,180,4,0
USR_06071,14,0.5,25,1,43,558.25,0.5475,-0.0839,12,13,4,1,1,856,12,0
USR_06072,16,0.6154,15,2,31,412.5,0.5641,0.1413,13,13,5,0,0,869,2,0
USR_06073,16,0.6667,27,2,44,617.75,0.7258,-0.1808,13,14,5,0,0,752,9,0
USR_06074,5,0.5,16,0,110,1719.13,0.7828,0.3623,4,8,1,0,0,1096,0,0
USR_06075,3,0.2143,18,0,193,966.69,0.0951,0.1453,2,3,1,0,0,35,8,0
USR_06076,8,0.3636,10,1,10,524.69,0.2294,-0.534,7,7,2,0,1,382,4,0
USR_06077,16,0.7273,19,2,10,694.46,0.2511,0.187,13,14,5,0,1,245,0,0
USR_06078,21,0.6,2,2,15,187.54,0.4778,-0.4525,17,21,7,0,0,705,7,0
USR_06079,3,0.5,19,0,180,139.44,0.2141,-0.1701,3,6,1,0,0,773,7,0
USR_06080,17,0.5862,12,2,22,1752.63,0.8548,-0.0232,14,18,5,0,1,1080,4,0
USR_06081,4,0.4,17,0,167,361.74,0.5307,-0.151,3,6,1,1,1,474,1,0
USR_06082,24,0.8889,29,3,5,2094.56,0.6307,0.21,20,21,8,1,0,306,0,0
USR_06083,9,0.6,13,1,35,520.51,0.9786,0.6055,7,10,3,1,1,1111,13,0
USR_06084,18,0.75,20,2,25,740.58,0.2465,-0.6183,15,15,6,0,1,817,6,0
USR_06085,8,0.4706,22,1,5,1292.67,0.792,-0.1735,7,7,2,0,0,924,9,0
USR_06086,25,0.6944,5,3,35,1419.51,0.1604,0.0554,20,23,8,0,1,550,7,0
USR_06087,14,0.5185,29,1,19,440.8,0.3972,-0.046,11,11,4,0,0,553,10,0
USR_06088,10,0.8333,16,1,29,704.07,0.5524,-0.5738,8,10,3,1,0,485,0,0
USR_06089,0,0.0,101,0,184,655.53,0.5864,0.3718,0,4,0,1,0,906,4,0
USR_06090,10,0.4545,3,1,6,900.27,0.4676,0.0436,8,12,3,1,0,276,6,0
USR_06091,20,0.9524,9,2,9,776.3,0.6246,0.2286,17,18,6,0,0,1171,0,0
USR_06092,7,0.6364,28,0,62,370.89,0.9723,0.169,5,7,2,0,0,235,0,0
USR_06093,16,0.6154,15,2,24,749.63,0.8446,-0.0867,14,17,5,1,0,569,6,0
USR_06094,8,0.5,0,1,44,206.3,0.7884,-0.3852,7,10,2,1,0,398,10,0
USR_06095,6,1.0,17,0,30,666.77,0.5153,0.0267,5,5,2,0,0,781,6,0
USR_06096,3,0.6,25,0,172,731.23,0.5838,-0.404,2,3,1,1,0,826,0,0
USR_06097,9,0.45,2,1,2,303.56,0.6472,0.3207,7,10,3,0,0,1104,13,0
USR_06098,10,0.6667,5,1,15,530.83,0.5825,0.3542,8,8,3,1,0,953,0,0
USR_06099,21,0.6774,14,2,19,441.09,0.0792,0.124,17,17,7,0,1,320,1,0
USR_06100,5,0.3333,12,0,170,447.82,0.3701,-0.0531,4,8,1,0,1,271,13,0
USR_06101,20,0.625,3,2,41,1219.4,0.1451,0.3164,16,17,6,0,0,1067,9,0
USR_06102,1,0.1111,5,0,145,962.83,0.7183,0.3759,1,5,0,1,0,600,12,0
USR_06103,3,0.75,15,0,90,1435.18,0.6643,0.1812,2,3,1,0,1,144,9,0
USR_06104,9,0.9,17,1,18,3507.38,0.5871,0.3949,7,9,3,0,1,995,6,0
USR_06105,1,0.25,2,0,170,1600.22,0.7839,0.4063,1,3,0,1,0,788,2,0
USR_06106,5,0.7143,21,0,126,194.62,0.7036,0.461,4,6,1,0,0,59,2,0
USR_06107,15,0.6522,10,2,39,393.69,0.3303,0.3941,12,16,5,0,1,945,12,0
USR_06108,6,0.5,29,0,92,1946.26,0.4308,-0.7856,5,6,2,0,1,740,10,0
USR_06109,17,0.8095,28,2,19,484.97,0.4056,0.146,14,15,5,1,1,749,2,0
USR_06110,11,0.5789,18,1,40,459.86,0.9027,0.0442,9,11,3,1,0,1041,3,0
USR_06111,13,0.52,0,1,11,868.97,0.301,0.2459,10,10,4,0,0,609,2,0
USR_06112,6,0.5455,3,0,144,529.68,0.4418,-0.451,5,8,2,0,0,569,2,0
USR_06113,15,0.7143,8,2,32,2611.05,0.823,-0.351,12,12,5,0,0,752,10,0
USR_06114,11,0.4583,13,1,7,584.59,0.8768,0.5508,9,9,3,1,0,261,0,0
USR_06115,13,0.6842,11,1,16,4579.98,0.7844,0.1961,11,11,4,1,1,207,3,0
USR_06116,3,0.75,23,0,110,424.95,0.9033,0.0977,2,3,1,0,0,1017,12,0
USR_06117,13,0.8667,17,1,15,393.19,0.5392,-0.1619,10,13,4,0,1,282,4,0
USR_06118,5,0.5556,8,0,30,340.97,0.405,-0.3038,4,5,1,1,0,620,3,0
USR_06119,17,0.68,28,2,11,354.4,0.1881,-0.2138,14,15,5,0,0,345,2,0
USR_06120,13,0.6842,26,1,41,1186.5,0.664,-0.2118,11,13,4,0,1,299,0,0
USR_06121,13,0.7222,19,1,43,226.98,0.6481,0.208,11,15,4,1,0,729,1,0
USR_06122,8,0.4,6,1,4,297.83,0.3772,0.0966,6,6,2,1,1,968,0,0
USR_06123,17,0.7391,26,2,33,1007.98,0.3015,-0.2653,14,15,5,0,1,547,0,0
USR_06124,13,0.65,21,1,30,117.22,0.5456,0.2787,10,13,4,0,0,192,0,0
USR_06125,23,0.8519,4,3,6,204.78,0.8288,-0.8436,19,20,7,0,1,316,2,0
USR_06126,20,0.7692,5,2,29,638.05,0.5383,-0.8429,17,18,6,1,0,222,0,0
USR_06127,13,0.5909,8,1,13,921.92,0.3876,0.2308,11,15,4,0,0,1062,13,0
USR_06128,12,0.48,18,1,36,508.28,0.3547,0.516,10,11,4,0,0,403,0,0
USR_06129,17,0.5862,26,2,40,942.47,0.5761,-0.8329,14,17,5,1,0,467,3,0
USR_06130,8,1.0,4,1,0,334.12,0.5692,-0.1473,7,9,2,0,1,113,11,0
USR_06131,4,1.0,0,0,35,2233.03,0.236,0.5377,3,5,1,0,1,551,0,0
USR_06132,21,0.6364,20,2,44,1378.55,0.9657,-0.4806,17,21,7,1,1,1099,4,0
USR_06133,13,0.8125,13,1,15,346.74,0.4037,0.2831,11,11,4,0,1,509,10,0
USR_06134,7,1.0,2,1,44,572.06,0.5278,-0.1009,6,8,2,0,1,791,4,0
USR_06135,12,0.5455,13,1,31,138.17,0.3493,0.2932,10,13,4,0,0,242,1,0
USR_06136,12,0.4615,1,1,25,1399.28,0.6321,0.3655,10,12,4,1,1,197,8,0
USR_06137,10,0.5,28,1,4,239.01,0.4813,0.1126,9,12,3,0,0,886,6,0
USR_06138,19,0.9048,25,2,22,432.29,0.6218,-0.2583,16,18,6,0,0,106,2,0
USR_06139,9,0.6923,13,1,6,526.15,0.7819,-0.2953,7,11,3,0,0,554,0,0
USR_06140,18,0.8182,24,2,13,221.15,0.7253,-0.1492,15,16,6,0,0,400,0,0
USR_06141,1,0.2,27,0,197,341.6,0.9112,-0.503,1,5,0,0,0,49,10,0
USR_06142,4,0.3077,0,0,51,895.99,0.2217,0.2239,3,5,1,0,0,651,2,0
USR_06143,22,0.6667,17,3,24,446.57,0.2863,-0.574,19,22,7,1,0,1157,0,0
USR_06144,20,0.8333,6,2,44,1335.95,0.7489,0.4473,17,18,6,1,1,110,4,0
USR_06145,5,0.3846,8,0,98,1203.91,0.7771,-0.2403,4,5,1,0,0,984,12,0
USR_06146,8,0.5333,19,1,8,337.28,0.5706,-0.0764,6,9,2,1,1,660,0,0
USR_06147,6,0.5455,4,0,69,462.7,0.8607,-0.178,5,9,2,1,0,876,0,0
USR_06148,14,0.875,27,1,22,462.89,0.3337,0.5084,11,13,4,0,0,142,3,0
USR_06149,7,1.0,14,1,20,481.47,0.929,0.159,6,6,2,1,0,1046,6,0
USR_06150,5,0.2632,26,0,134,2164.25,0.265,0.3168,4,7,1,0,0,43,4,0
USR_06151,11,0.55,0,1,44,775.35,0.5627,-0.1583,9,12,3,0,0,1090,11,0
USR_06152,7,0.3684,23,0,194,176.37,0.6862,0.2147,6,10,2,1,0,799,0,0
USR_06153,8,0.6667,10,1,0,393.92,0.3061,0.2303,6,6,2,1,0,424,2,0
USR_06154,14,0.8235,21,1,11,459.57,0.698,0.0192,11,11,4,1,0,38,2,0
USR_06155,5,0.3846,15,0,110,933.38,0.5101,0.07,4,6,1,0,0,744,2,0
USR_06156,14,0.5833,17,1,5,2812.23,0.7928,0.0913,12,14,4,0,1,132,4,0
USR_06157,20,0.6667,16,2,34,1248.68,0.4024,0.0771,17,17,6,0,1,742,9,0
USR_06158,8,0.5,14,1,17,612.98,0.7606,0.2413,7,10,2,1,0,934,2,0
USR_06159,4,0.4,13,0,164,336.77,0.7754,-0.2584,3,7,1,0,0,342,8,0
USR_06160,16,0.6667,29,2,9,2073.11,0.318,-0.8907,13,16,5,0,0,309,0,0
USR_06161,11,0.7857,28,1,34,524.58,0.7786,-0.2101,9,9,3,0,0,289,5,0
USR_06162,17,0.8947,17,2,0,213.49,0.9224,-0.1987,14,16,5,1,1,293,3,0
USR_06163,26,0.8966,4,3,31,885.48,0.7281,0.0737,22,25,8,1,0,163,4,0
USR_06164,6,0.5455,1,0,151,247.5,0.8556,0.0265,5,8,2,1,0,322,0,0
USR_06165,21,0.6774,29,2,19,1127.49,0.7546,-0.1778,18,19,7,0,0,801,13,0
USR_06166,7,0.35,5,0,153,485.33,0.4547,-0.5681,6,8,2,0,0,383,12,0
USR_06167,12,0.48,20,1,2,520.83,0.8917,-0.1878,10,14,4,1,0,943,10,0
USR_06168,7,0.5833,21,1,41,73.96,0.0797,0.1015,6,7,2,0,1,988,11,0
USR_06169,11,0.44,24,1,43,1575.02,0.6893,0.3685,9,13,3,1,0,920,0,0
USR_06170,22,0.6111,9,2,31,258.97,0.7083,-0.2149,18,18,7,0,0,661,4,0
USR_06171,14,0.5385,19,1,10,373.21,0.6644,-0.03,12,16,4,0,1,400,2,0
USR_06172,9,0.9,13,1,32,774.89,0.7687,-0.0881,7,9,3,1,0,1117,11,0
USR_06173,7,0.4375,6,1,13,591.88,0.6583,-0.3267,6,9,2,0,1,270,1,0
USR_06174,13,0.7647,21,1,29,4175.54,0.7645,0.2458,10,12,4,0,0,573,1,0
USR_06175,4,0.25,22,0,195,167.35,0.6381,0.1111,3,4,1,0,0,560,6,0
USR_06176,2,0.4,15,0,65,489.58,0.7894,0.7761,2,4,0,0,0,902,0,0
USR_06177,2,0.2857,25,0,189,1247.56,0.8174,-0.3536,1,4,0,1,0,669,8,0
USR_06178,16,0.8421,18,2,26,466.65,0.6747,-0.0491,14,14,5,1,1,965,1,0
USR_06179,22,0.6286,22,2,14,663.37,0.4463,0.019,18,18,7,0,0,1105,6,0
USR_06180,2,0.2,22,0,95,5000.0,0.7669,-0.2458,1,2,0,0,0,487,11,0
USR_06181,8,0.5714,26,1,16,701.12,0.934,0.3471,7,7,2,0,1,1053,5,0
USR_06182,7,0.3684,19,1,39,2039.66,0.8235,-0.115,6,10,2,0,0,228,1,0
USR_06183,18,0.6923,1,2,18,1118.49,0.6879,-0.2094,15,17,6,1,1,1101,0,0
USR_06184,14,0.6087,28,1,31,1199.9,0.5821,0.2637,11,11,4,0,0,238,0,0
USR_06185,12,0.8571,28,1,30,567.52,0.4919,-0.3009,10,11,4,1,0,1024,0,0
USR_06186,18,0.7826,21,2,27,180.7,0.8435,0.0774,15,19,6,0,0,486,5,0
USR_06187,22,0.7586,28,3,43,1587.83,0.5197,-0.2637,19,23,7,1,0,1158,2,0
USR_06188,6,0.5,6,0,125,1038.39,0.9372,-0.105,5,7,2,0,0,181,1,0
USR_06189,11,0.6875,26,1,23,1020.99,0.5294,-0.0048,9,12,3,1,0,574,1,0
USR_06190,7,0.3333,3,1,43,589.93,0.9559,0.1791,6,9,2,1,0,1085,12,0
USR_06191,16,0.7619,19,2,44,396.03,0.8628,0.0033,13,17,5,0,0,85,0,0
USR_06192,11,0.5789,15,1,19,1916.17,0.4066,-0.1684,9,13,3,1,0,340,2,0
USR_06193,2,0.2,25,0,92,863.83,0.4397,0.1147,2,2,0,1,0,127,4,0
USR_06194,11,0.7857,16,1,16,154.0,0.8209,-0.2721,9,13,3,0,1,405,0,0
USR_06195,5,0.2778,18,0,44,637.28,0.7107,0.3209,4,7,1,1,0,486,12,0
USR_06196,21,0.913,9,2,16,521.56,0.6971,0.8555,18,18,7,0,1,754,0,0
USR_06197,6,0.3333,14,0,188,81.36,0.7342,0.0212,5,7,2,1,0,331,6,0
USR_06198,17,0.68,11,2,41,365.61,0.3822,0.1577,14,18,5,0,0,215,5,0
USR_06199,11,0.6875,27,1,26,5000.0,0.6378,-0.3646,9,9,3,0,0,228,9,0
USR_06200,18,0.8182,16,2,17,100.69,0.7352,-0.0222,15,16,6,0,1,1127,6,0
USR_06201,14,0.56,6,1,44,264.19,0.6525,0.2019,12,12,4,0,0,1145,8,0
USR_06202,12,0.6667,1,1,38,94.96,0.3449,0.1217,10,12,4,0,0,289,3,0
USR_06203,16,0.6667,25,2,9,187.48,0.5821,-0.2127,13,17,5,0,0,258,4,0
USR_06204,8,0.6154,18,1,8,152.83,0.3355,-0.1541,7,11,2,1,0,93,7,0
USR_06205,5,0.5,13,0,31,257.86,0.7335,-0.0868,4,5,1,0,0,1152,5,0
USR_06206,6,0.6,8,0,84,2624.85,0.5067,-0.0867,5,8,2,1,1,856,4,0
USR_06207,3,0.1875,8,0,194,1373.01,0.4371,-0.2397,2,2,1,1,0,920,1,0
USR_06208,9,0.4091,18,1,37,540.64,0.5068,0.346,8,11,3,0,0,369,1,0
USR_06209,15,0.8824,15,2,4,2537.83,0.6908,0.2705,12,14,5,1,0,779,2,0
USR_06210,20,0.9091,15,2,7,454.48,0.7947,-0.3777,16,20,6,0,1,99,0,0
USR_06211,21,0.6364,19,2,19,309.73,0.6822,0.6138,17,17,7,0,0,820,3,0
USR_06212,15,0.75,27,2,26,470.4,0.463,0.2458,13,14,5,1,0,708,0,0
USR_06213,9,0.75,5,1,6,187.39,0.4539,-0.1659,8,11,3,1,1,417,5,0
USR_06214,19,0.8636,18,2,2,147.1,0.7074,-0.0681,16,18,6,0,0,861,7,0
USR_06215,4,0.2353,22,0,64,1127.58,0.573,-0.046,3,4,1,1,1,786,5,0
USR_06216,8,0.7273,14,1,31,867.25,0.3738,-0.3505,6,8,2,0,0,543,7,0
USR_06217,6,0.375,11,0,59,237.51,0.5607,-0.5246,5,8,2,1,0,248,0,0
USR_06218,8,0.5714,15,1,36,966.67,0.9512,-0.1846,7,9,2,0,0,57,0,0
USR_06219,16,0.7273,21,2,13,998.08,0.6498,0.2791,13,15,5,1,0,1127,7,0
USR_06220,5,0.5,10,0,82,410.14,0.8626,-0.4905,4,5,1,1,0,359,9,0
USR_06221,6,0.8571,4,0,107,310.34,0.6303,-0.0473,5,8,2,0,1,383,7,0
USR_06222,2,0.6667,2,0,130,1253.0,0.642,-0.1092,2,5,0,1,0,826,6,0
USR_06223,11,0.8462,1,1,34,951.67,0.7611,-0.1544,9,12,3,0,0,328,7,0
USR_06224,8,0.6667,27,1,0,2675.8,0.1439,-0.1072,6,6,2,0,0,469,8,0
USR_06225,15,0.8824,4,2,11,942.76,0.5876,0.2099,12,15,5,1,1,862,7,0
USR_06226,6,0.6,19,0,127,161.06,0.4033,-0.2667,5,6,2,1,0,726,8,0
USR_06227,23,0.6765,5,3,19,195.23,0.629,-0.127,19,23,7,0,0,798,0,0
USR_06228,15,1.0,15,2,4,558.83,0.62,0.1384,12,12,5,0,0,35,0,0
USR_06229,24,0.7273,22,3,27,1270.51,0.4025,-0.2642,20,22,8,0,1,558,2,0
USR_06230,20,0.7407,4,2,19,859.81,0.878,0.2191,17,17,6,0,0,586,4,0
USR_06231,5,0.625,14,0,109,406.08,0.7767,0.3795,4,5,1,0,1,769,8,0
USR_06232,18,0.8182,12,2,32,173.1,0.7307,-0.1716,15,18,6,1,1,207,2,0
USR_06233,4,0.4444,22,0,105,2154.0,0.4468,0.3426,3,6,1,0,0,216,2,0
USR_06234,8,0.6667,16,1,23,2073.17,0.8283,-0.2337,7,9,2,0,1,922,9,0
USR_06235,7,0.6364,22,0,169,215.76,0.7019,-0.4719,6,7,2,1,0,817,1,0
USR_06236,14,0.7,17,1,29,1131.81,0.2846,0.4984,12,16,4,0,0,979,10,0
USR_06237,15,0.625,7,2,42,815.82,0.4576,0.0097,13,15,5,0,0,346,0,0
USR_06238,5,0.3571,17,0,119,1149.81,0.1001,0.0607,4,7,1,0,0,1197,2,0
USR_06239,5,0.5556,27,0,57,2240.28,0.3065,-0.1809,4,5,1,0,0,349,3,0
USR_06240,18,0.8182,12,2,35,2080.15,0.3187,-0.2873,15,19,6,1,0,791,2,0
USR_06241,16,0.5926,23,2,28,997.33,0.6916,-0.006,13,15,5,0,1,219,0,0
USR_06242,23,0.6765,19,3,26,547.29,0.4364,0.6352,19,22,7,0,0,1104,1,0
USR_06243,8,0.4444,2,1,1,523.46,0.7048,-0.1203,7,8,2,0,0,418,2,0
USR_06244,9,0.4737,2,1,19,558.35,0.3856,0.3176,7,8,3,1,0,968,2,0
USR_06245,8,0.7273,17,1,25,5000.0,0.8595,0.6303,7,7,2,0,0,417,9,0
USR_06246,5,0.3571,5,0,138,689.64,0.4523,-0.0436,4,5,1,1,0,955,0,0
USR_06247,10,0.7143,12,1,8,1241.16,0.2301,0.0235,8,11,3,0,0,561,3,0
USR_06248,7,0.5,13,1,26,927.81,0.7815,-0.0918,6,7,2,0,0,103,0,0
USR_06249,6,0.4286,13,0,181,301.43,0.3559,-0.1694,5,9,2,1,0,252,12,0
USR_06250,12,0.5217,21,1,36,974.78,0.5923,-0.1621,10,13,4,0,1,829,9,0
USR_06251,3,0.1875,11,0,169,391.57,0.5813,-0.7182,3,3,1,0,0,255,13,0
USR_06252,9,0.6,3,1,25,311.93,0.4807,-0.1383,8,12,3,0,0,352,12,0
USR_06253,13,0.9286,14,1,43,1069.96,0.4108,-0.2267,11,15,4,0,0,663,2,0
USR_06254,26,1.0,25,3,15,241.85,0.5885,0.0215,21,25,8,1,0,326,7,0
USR_06255,8,0.6154,10,1,5,1342.15,0.6807,0.7367,6,9,2,0,0,180,2,0
USR_06256,2,0.25,22,0,99,1049.6,0.1321,0.136,2,3,0,1,0,760,11,0
USR_06257,16,0.6667,13,2,16,1829.75,0.5338,0.0833,13,15,5,0,0,836,3,0
USR_06258,7,0.5833,5,1,29,976.5,0.9037,-0.1274,6,10,2,0,0,887,3,0
USR_06259,17,0.8095,16,2,21,309.67,0.9033,0.1839,14,17,5,0,1,1134,12,0
USR_06260,20,0.6452,14,2,15,1621.91,0.3014,0.0052,17,17,6,0,1,175,10,0
USR_06261,4,0.5,21,0,115,1690.29,0.8753,-0.2508,3,7,1,1,0,529,13,0
USR_06262,9,1.0,20,1,16,1359.36,0.4216,0.1329,7,8,3,0,0,303,0,0
USR_06263,22,0.7857,4,2,41,1195.69,0.6654,-0.2869,18,20,7,1,1,1084,1,0
USR_06264,8,0.4706,1,1,44,203.91,0.3107,-0.1074,6,7,2,0,1,661,2,0
USR_06265,14,0.875,4,1,0,1319.2,0.5132,-0.0546,11,11,4,1,0,145,3,0
USR_06266,12,1.0,20,1,8,244.86,0.8669,-0.082,10,13,4,1,1,839,4,0
USR_06267,0,0.0,136,0,61,404.52,0.6233,0.4841,0,0,0,0,0,80,2,1
USR_06268,15,0.8824,11,2,37,341.95,0.5287,0.2945,12,13,5,0,0,350,9,0
USR_06269,13,0.5,14,1,1,189.64,0.267,-0.3502,10,14,4,0,1,874,1,0
USR_06270,16,0.7619,0,2,19,766.54,0.5134,-0.2842,13,14,5,0,1,622,7,0
USR_06271,9,0.4091,16,1,18,648.81,0.9114,0.0726,8,12,3,1,0,920,10,0
USR_06272,11,0.9167,4,1,44,1924.81,0.7972,0.4319,9,12,3,1,0,698,5,0
USR_06273,23,0.7667,18,3,35,1744.54,0.7227,-0.1021,19,22,7,0,0,1016,2,0
USR_06274,1,0.1429,4,0,176,766.25,0.3013,-0.3999,1,2,0,0,0,688,1,0
USR_06275,21,0.84,8,2,1,1249.49,0.8095,0.0736,18,22,7,0,1,96,0,0
USR_06276,6,0.5455,28,0,117,611.93,0.2131,-0.0962,5,8,2,1,1,113,8,0
USR_06277,8,0.6154,19,1,36,608.89,0.175,0.6067,6,10,2,1,0,938,3,0
USR_06278,12,1.0,26,1,18,735.45,0.3839,-0.247,10,13,4,0,0,75,0,0
USR_06279,19,0.8636,14,2,21,589.58,0.5771,-0.3018,15,18,6,0,0,470,13,0
USR_06280,9,0.6923,21,1,11,788.12,0.6046,-0.1349,8,10,3,0,0,48,6,0
USR_06281,2,0.2,14,0,48,1130.88,0.3373,-0.2971,2,2,0,1,0,384,10,0
USR_06282,22,0.8462,18,2,15,250.7,0.52,0.1107,18,19,7,0,0,726,3,0
USR_06283,15,0.8824,17,2,8,479.87,0.7196,-0.0768,13,14,5,1,0,232,13,0
USR_06284,14,0.5833,0,1,44,1237.32,0.6636,0.302,11,11,4,0,1,575,1,0
USR_06285,6,0.6,18,0,175,426.92,0.9808,0.7706,5,6,2,0,0,1195,1,0
USR_06286,3,1.0,3,0,195,434.17,0.4301,-0.0867,2,5,1,1,0,112,11,0
USR_06287,19,0.9048,18,2,35,1498.71,0.7892,-0.4029,16,18,6,1,0,104,11,0
USR_06288,4,0.3333,3,0,123,367.98,0.5554,-0.1436,3,6,1,0,0,347,4,0
USR_06289,17,0.85,24,2,0,940.83,0.8033,-0.2271,14,17,5,1,1,997,0,0
USR_06290,11,0.4583,17,1,26,749.83,0.5049,0.2048,9,10,3,0,0,504,2,0
USR_06291,10,0.5,14,1,14,1352.99,0.2974,0.1688,9,13,3,1,0,778,8,0
USR_06292,7,0.6364,28,1,31,630.88,0.6865,0.1713,6,6,2,0,0,69,10,0
USR_06293,13,0.4815,28,1,14,353.4,0.7809,-0.0308,11,15,4,1,0,890,2,0
USR_06294,8,0.4444,8,1,4,394.75,0.4133,-0.0958,6,9,2,0,0,108,0,0
USR_06295,11,0.5238,28,1,12,2501.62,0.5527,0.2843,9,9,3,1,1,862,6,0
USR_06296,11,0.9167,12,1,17,434.02,0.4185,0.3324,9,11,3,0,0,203,8,0
USR_06297,20,0.8696,10,2,13,411.91,0.7913,0.552,16,19,6,1,1,1034,3,0
USR_06298,15,0.625,28,2,26,459.74,0.6945,0.3244,12,13,5,1,0,376,5,0
USR_06299,3,0.3333,26,0,144,535.67,0.9201,0.066,3,5,1,0,1,245,13,0
USR_06300,20,0.625,25,2,29,479.87,0.6806,-0.2649,17,19,6,1,0,423,1,0
USR_06301,16,0.64,12,2,7,1044.94,0.3128,0.3012,14,18,5,1,0,30,5,0
USR_06302,22,0.9565,17,3,27,721.47,0.402,0.0051,19,22,7,0,0,223,5,0
USR_06303,5,0.2778,29,0,114,414.81,0.7816,0.0865,4,4,1,1,1,730,4,0
USR_06304,3,0.1765,1,0,73,1185.64,0.7757,0.0067,2,4,1,0,0,381,10,0
USR_06305,7,0.4118,27,1,25,833.26,0.7753,-0.6372,6,8,2,1,0,444,5,0
USR_06306,14,0.56,28,1,43,1922.82,0.8575,0.2685,11,13,4,1,1,974,4,0
USR_06307,3,0.6,13,0,96,856.72,0.4124,-0.2021,2,3,1,1,1,174,0,0
USR_06308,6,0.3529,1,0,101,600.34,0.6028,0.0976,5,6,2,0,0,493,7,0
USR_06309,13,0.5909,10,1,23,565.21,0.6684,0.1319,11,13,4,0,0,247,0,0
USR_06310,0,0.0,130,0,177,747.04,0.5184,-0.1195,0,3,0,0,0,594,0,1
USR_06311,10,0.8333,20,1,19,892.12,0.4888,0.2739,8,11,3,0,0,418,4,0
USR_06312,14,0.6364,10,1,13,664.05,0.49,0.5986,12,14,4,1,0,84,5,0
USR_06313,12,0.7059,11,1,4,467.51,0.2395,-0.0673,10,13,4,1,0,112,13,0
USR_06314,6,0.4286,16,0,134,1098.08,0.6304,-0.1087,5,8,2,0,1,1027,7,0
USR_06315,14,0.5,19,1,33,940.54,0.3228,-0.0066,12,13,4,1,0,96,10,0
USR_06316,1,0.1,3,0,47,675.14,0.6884,0.1675,1,5,0,0,0,945,2,0
USR_06317,23,0.6389,12,3,20,1135.39,0.8125,-0.1918,19,19,7,0,1,1101,4,0
USR_06318,6,1.0,2,0,105,625.72,0.1675,-0.1548,5,9,2,0,0,574,13,0
USR_06319,2,0.4,15,0,115,671.65,0.5009,-0.0174,2,4,0,1,0,395,3,0
USR_06320,13,0.5,9,1,10,1102.38,0.1781,-0.2096,11,14,4,0,0,938,9,0
USR_06321,20,0.6667,11,2,8,1262.34,0.508,-0.1896,17,20,6,0,0,1179,4,0
USR_06322,17,0.7727,5,2,25,1121.78,0.6146,0.157,14,15,5,0,0,170,1,0
USR_06323,9,0.6923,23,1,27,360.81,0.6537,-0.2187,7,11,3,0,1,1158,5,0
USR_06324,24,0.6857,8,3,2,898.46,0.8625,0.0828,20,20,8,0,0,1134,1,0
USR_06325,10,1.0,18,1,32,688.7,0.7273,-0.2987,8,8,3,0,0,196,0,0
USR_06326,23,0.9583,19,3,21,910.03,0.9429,0.0432,19,22,7,0,0,94,1,0
USR_06327,7,0.3684,20,0,45,2860.8,0.9009,-0.2391,6,7,2,0,1,866,1,0
USR_06328,23,0.6765,0,3,21,562.05,0.9191,-0.0281,19,19,7,1,0,120,3,0
USR_06329,14,0.5385,24,1,21,676.97,0.6234,0.4151,11,15,4,0,0,732,11,0
USR_06330,26,0.7879,19,3,32,424.04,0.4773,-0.2311,22,22,8,1,0,105,3,0
USR_06331,10,0.7143,23,1,2,570.55,0.4182,-0.2738,8,10,3,1,0,838,10,0
USR_06332,12,0.7059,22,1,38,386.87,0.592,0.0781,10,10,4,1,1,301,4,0
USR_06333,7,0.3889,15,1,12,281.91,0.7848,-0.0947,6,6,2,0,1,142,0,0
USR_06334,10,0.7692,22,1,38,139.14,0.9022,0.8721,8,10,3,0,0,107,1,0
USR_06335,1,1.0,7,0,46,381.35,0.8182,-0.4628,1,2,0,1,0,250,12,0
USR_06336,4,0.3636,10,0,95,402.95,0.6068,0.0006,3,4,1,0,1,662,5,0
USR_06337,8,0.5,10,1,16,634.57,0.4935,0.7752,6,7,2,1,0,119,12,0
USR_06338,8,0.5714,11,1,7,432.07,0.915,0.0901,7,8,2,1,0,968,2,0
USR_06339,14,0.5,16,1,4,1519.29,0.5126,0.0877,11,15,4,0,0,736,7,0
USR_06340,11,0.55,22,1,0,797.44,0.8246,-0.4624,9,10,3,0,0,377,9,0
USR_06341,1,0.0833,7,0,192,1204.28,0.8102,-0.106,1,3,0,0,0,1184,13,1
USR_06342,6,0.6667,9,0,139,1460.35,0.9422,0.0244,5,9,2,1,0,800,0,0
USR_06343,3,0.2727,23,0,127,2017.42,0.4269,-0.6293,2,4,1,0,0,816,13,0
USR_06344,10,0.6667,23,1,0,1448.67,0.3513,0.2781,8,12,3,0,0,233,3,0
USR_06345,3,0.375,6,0,124,327.98,0.5256,-0.3097,3,6,1,0,0,861,10,0
USR_06346,3,0.75,3,0,70,1322.63,0.5278,0.3731,2,5,1,0,0,684,4,0
USR_06347,5,0.3125,10,0,35,859.44,0.8322,-0.5713,4,5,1,0,0,1181,5,0
USR_06348,15,0.7143,3,2,21,1953.16,0.9517,0.1815,12,12,5,0,1,589,2,0
USR_06349,18,0.5625,18,2,25,679.01,0.8365,0.2797,15,16,6,1,0,823,10,0
USR_06350,11,0.5789,21,1,21,1661.73,0.8826,-0.3331,9,11,3,1,0,429,1,0
USR_06351,22,0.9167,20,3,33,720.47,0.1802,0.2472,19,19,7,0,0,77,4,0
USR_06352,4,0.2857,10,0,67,743.82,0.3534,-0.0559,3,6,1,0,0,179,5,0
USR_06353,22,1.0,11,3,22,1133.22,0.6982,-0.3344,19,21,7,0,1,1044,8,0
USR_06354,5,0.3125,14,0,31,517.15,0.7485,-0.3209,4,7,1,0,0,893,4,0
USR_06355,5,0.5,22,0,183,1034.98,0.6296,-0.0375,4,8,1,0,1,456,6,0
USR_06356,10,1.0,28,1,38,197.39,0.8205,0.0429,8,12,3,0,0,846,4,0
USR_06357,12,0.6316,27,1,24,979.3,0.8547,0.2033,10,12,4,1,0,35,6,0
USR_06358,3,0.3,10,0,40,240.46,0.7229,-0.0379,3,5,1,0,0,73,6,0
USR_06359,10,0.7692,4,1,33,1036.36,0.5085,0.2052,8,12,3,1,1,623,7,0
USR_06360,14,0.9333,1,1,18,54.79,0.5705,0.0642,12,13,4,0,0,761,10,0
USR_06361,23,0.7188,27,3,12,155.76,0.6787,0.0059,19,22,7,1,0,1126,4,0
USR_06362,20,0.7692,28,2,42,693.88,0.795,-0.3878,16,16,6,0,0,918,1,0
USR_06363,9,0.6923,16,1,30,703.68,0.4937,-0.2977,7,9,3,0,1,331,6,0
USR_06364,11,0.5789,2,1,1,543.4,0.8001,0.0305,9,13,3,1,0,983,0,0
USR_06365,19,0.5758,13,2,26,1185.51,0.5314,0.1772,16,18,6,0,0,605,1,0
USR_06366,14,0.5185,21,1,20,1402.51,0.4655,0.3702,11,15,4,0,0,996,9,0
USR_06367,7,0.7,23,1,11,5000.0,0.6577,0.1742,6,6,2,0,0,233,3,0
USR_06368,10,0.6667,23,1,35,688.95,0.9453,0.22,8,8,3,0,0,60,4,0
USR_06369,21,0.6364,23,2,30,1521.71,0.4456,0.295,17,21,7,0,1,97,13,0
USR_06370,7,0.875,2,0,101,342.79,0.5437,-0.0605,6,6,2,0,1,1189,1,0
USR_06371,20,0.5882,20,2,16,429.44,0.4459,0.2909,17,21,6,1,0,124,0,0
USR_06372,15,0.7143,29,2,10,344.91,0.5863,0.2129,12,14,5,1,0,1129,0,0
USR_06373,5,0.4167,12,0,167,609.06,0.4816,0.2315,4,4,1,0,1,880,1,0
USR_06374,9,0.3913,15,1,38,795.19,0.6269,0.0706,8,10,3,1,0,200,7,0
USR_06375,20,0.9091,8,2,29,1530.75,0.6304,0.1552,16,20,6,0,0,1040,9,0
USR_06376,17,0.8947,24,2,0,877.01,0.7031,0.0598,14,18,5,0,0,198,5,0
USR_06377,12,0.48,10,1,30,1937.97,0.6584,-0.4561,10,10,4,1,1,197,1,0
USR_06378,9,0.4737,29,1,19,1963.58,0.8089,0.4354,8,9,3,0,1,703,4,0
USR_06379,15,0.7143,17,2,30,686.96,0.4307,0.3062,12,12,5,0,1,367,0,0
USR_06380,2,0.6667,10,0,75,611.93,0.5078,0.0655,1,1,0,0,0,370,6,0
USR_06381,20,0.7143,16,2,18,196.4,0.6306,0.2348,16,18,6,1,0,258,5,0
USR_06382,21,0.6562,1,2,20,430.84,0.874,-0.1535,18,20,7,0,0,740,0,0
USR_06383,10,1.0,27,1,28,348.16,0.8369,-0.2056,8,9,3,1,1,61,10,0
USR_06384,15,0.8333,13,2,37,360.52,0.6617,-0.1164,13,14,5,0,1,316,8,0
USR_06385,5,0.5,13,0,93,473.89,0.6305,-0.0471,4,4,1,0,0,677,2,0
USR_06386,18,0.8182,12,2,7,1013.26,0.5851,0.014,15,18,6,0,0,599,6,0
USR_06387,4,0.3333,19,0,132,838.82,0.5545,-0.3971,4,5,1,0,0,848,5,0
USR_06388,14,0.5,23,1,37,1466.6,0.1311,-0.5842,11,13,4,1,1,283,0,0
USR_06389,5,0.3333,19,0,70,904.87,0.7417,-0.3787,4,5,1,0,1,788,1,0
USR_06390,18,0.72,3,2,12,414.41,0.7522,-0.242,15,15,6,0,0,919,6,0
USR_06391,20,0.5882,21,2,5,1218.77,0.6821,0.378,16,18,6,0,0,484,12,0
USR_06392,7,0.3684,19,1,5,222.15,0.4363,-0.5739,6,9,2,0,0,330,5,0
USR_06393,17,0.68,29,2,20,1453.5,0.417,0.204,14,18,5,1,0,679,5,0
USR_06394,7,1.0,7,0,72,360.47,0.8362,-0.3107,5,5,2,1,0,707,6,0
USR_06395,5,0.5556,24,0,92,105.99,0.5726,-0.1167,4,6,1,0,0,140,3,0
USR_06396,16,0.5517,26,2,36,1028.26,0.3501,0.0606,13,15,5,0,1,691,0,0
USR_06397,15,0.6522,1,2,35,519.46,0.6664,0.0182,12,16,5,1,0,210,3,0
USR_06398,9,0.4091,27,1,23,1702.35,0.2705,0.1999,7,9,3,1,1,695,12,0
USR_06399,7,0.875,24,0,36,1436.86,0.3197,-0.8338,5,7,2,1,1,1120,9,0
USR_06400,5,0.7143,24,0,130,302.19,0.7034,0.6099,4,8,1,0,0,658,12,0
USR_06401,16,0.8889,29,2,31,2249.44,0.7369,0.2734,13,17,5,0,0,920,0,0
USR_06402,19,0.95,6,2,16,147.31,0.2336,-0.2052,15,19,6,1,1,392,4,0
USR_06403,12,0.7059,1,1,18,964.77,0.6469,0.2181,10,12,4,1,1,1109,5,0
USR_06404,8,0.3636,18,1,36,2079.07,0.946,0.3872,6,7,2,1,1,980,1,0
USR_06405,9,1.0,17,1,11,295.15,0.109,0.9684,7,8,3,1,0,1102,1,0
USR_06406,7,0.3333,25,0,131,3603.17,0.5967,0.2676,6,10,2,1,1,897,9,0
USR_06407,10,0.9091,17,1,43,757.25,0.5596,-0.0501,8,12,3,0,1,789,6,0
USR_06408,16,1.0,3,2,26,896.22,0.3394,-0.0671,13,13,5,0,0,644,6,0
USR_06409,9,1.0,15,1,13,1702.07,0.7843,-0.345,7,10,3,0,0,1116,1,0
USR_06410,10,0.4762,11,1,44,929.36,0.6501,0.3502,8,10,3,0,0,1022,4,0
USR_06411,7,0.7778,26,1,9,230.46,0.8151,0.1537,6,10,2,0,1,517,0,0
USR_06412,1,0.5,21,0,90,50.74,0.8124,0.183,1,3,0,1,0,130,0,0
USR_06413,8,0.4,24,1,19,304.67,0.6129,0.1069,6,9,2,1,0,34,4,0
USR_06414,23,0.7188,21,3,38,327.06,0.5327,-0.7596,19,20,7,0,0,303,2,0
USR_06415,5,0.5,5,0,58,311.46,0.5601,-0.2896,4,4,1,1,1,103,13,0
USR_06416,12,0.5217,25,1,32,400.99,0.8102,-0.8401,10,11,4,1,0,277,4,0
USR_06417,7,0.35,3,1,32,68.16,0.1846,0.1331,6,9,2,0,1,158,0,0
USR_06418,11,0.5789,7,1,16,256.37,0.7265,-0.2075,9,10,3,0,0,1177,0,0
USR_06419,3,0.1875,4,0,136,1029.72,0.6909,-0.0247,2,6,1,1,1,141,7,0
USR_06420,12,0.7059,2,1,13,1531.04,0.3627,-0.0663,10,11,4,0,1,763,0,0
USR_06421,19,0.6129,26,2,31,371.32,0.9023,0.5629,16,19,6,1,0,441,1,0
USR_06422,6,0.4,4,0,115,1155.82,0.825,-0.1639,5,5,2,1,0,233,3,0
USR_06423,10,0.7692,2,1,18,83.8,0.6363,-0.1316,8,11,3,0,0,850,1,0
USR_06424,12,0.5714,2,1,40,825.59,0.9367,-0.2937,10,10,4,1,1,1165,5,0
USR_06425,5,0.5,19,0,85,1716.01,0.5194,-0.3104,4,5,1,0,0,955,4,0
USR_06426,4,0.8,6,0,121,1004.79,0.5318,-0.1108,4,5,1,1,0,1171,0,0
USR_06427,5,0.4167,20,0,182,651.18,0.9251,-0.1456,4,8,1,0,0,720,9,0
USR_06428,11,1.0,7,1,23,86.46,0.6069,0.0825,9,12,3,0,0,818,3,0
USR_06429,3,0.3333,6,0,194,3018.02,0.5415,-0.494,3,3,1,0,0,201,5,0
USR_06430,21,0.6176,4,2,12,3142.47,0.3816,-0.3592,17,21,7,1,0,1027,0,0
USR_06431,14,0.9333,6,1,34,1165.28,0.5157,0.0838,12,15,4,1,0,905,5,0
USR_06432,19,0.6552,7,2,38,1930.44,0.5533,-0.3857,16,17,6,0,0,327,2,0
USR_06433,18,0.8571,25,2,5,666.25,0.343,-0.0344,15,16,6,1,0,445,4,0
USR_06434,6,0.4286,15,0,159,1223.01,0.6309,0.0676,5,9,2,1,1,744,2,0
USR_06435,16,0.64,12,2,21,1301.62,0.8041,-0.0647,13,14,5,0,0,45,13,0
USR_06436,11,0.5,27,1,38,632.23,0.9074,-0.0906,9,12,3,1,0,986,1,0
USR_06437,12,0.5455,14,1,37,343.28,0.5934,0.0445,10,14,4,1,0,358,12,0
USR_06438,12,0.8,26,1,42,1339.48,0.7491,-0.2669,10,14,4,0,0,117,12,0
USR_06439,15,0.75,11,2,41,2989.79,0.3596,0.5621,13,14,5,1,1,416,3,0
USR_06440,23,0.7419,29,3,33,1796.42,0.5037,-0.218,19,20,7,0,0,1007,2,0
USR_06441,21,0.84,5,2,11,873.65,0.5916,0.288,17,18,7,1,0,350,3,0
USR_06442,3,0.2,15,0,53,821.44,0.6688,0.2206,3,7,1,1,0,660,13,0
USR_06443,11,0.5789,13,1,37,860.09,0.2197,-0.6179,9,10,3,0,1,979,5,0
USR_06444,17,0.6296,26,2,31,106.91,0.86,-0.36,14,16,5,1,0,69,4,0
USR_06445,12,0.5714,8,1,34,610.86,0.3704,0.1067,10,13,4,1,0,919,0,0
USR_06446,6,0.5455,10,0,94,559.62,0.7793,0.6519,5,6,2,0,0,367,10,0
USR_06447,17,0.6296,9,2,41,253.19,0.3096,0.2323,14,18,5,0,1,843,0,0
USR_06448,17,0.6538,18,2,7,1546.02,0.2794,0.3956,14,17,5,0,1,250,0,0
USR_06449,19,0.6129,6,2,36,833.38,0.4574,-0.0756,16,20,6,1,0,192,2,0
USR_06450,10,0.6667,14,1,15,81.97,0.37,0.4806,8,10,3,1,1,952,4,0
USR_06451,21,0.7241,18,2,4,802.62,0.4287,0.3612,18,21,7,0,0,975,11,0
USR_06452,10,0.4348,6,1,36,1846.68,0.7571,-0.9739,8,8,3,1,1,1178,9,0
USR_06453,6,0.5455,8,0,58,412.97,0.5896,-0.1374,5,8,2,1,0,822,1,0
USR_06454,26,0.6842,4,3,43,293.0,0.298,-0.1969,22,25,8,0,0,575,3,0
USR_06455,11,0.6875,4,1,1,237.16,0.7269,-0.3258,9,9,3,1,1,257,9,0
USR_06456,1,0.5,27,0,119,720.43,0.7352,0.0641,1,5,0,1,0,375,4,0
USR_06457,6,1.0,24,0,111,372.08,0.1642,0.4705,5,9,2,0,1,788,0,0
USR_06458,8,0.5333,5,1,15,205.11,0.3276,-0.0532,7,7,2,1,0,434,3,0
USR_06459,13,0.6842,17,1,17,2431.06,0.6853,-0.2122,10,11,4,0,1,595,5,0
USR_06460,8,0.7273,3,1,0,782.96,0.9421,0.081,7,7,2,0,0,226,13,0
USR_06461,17,0.5667,25,2,21,437.33,0.9067,0.118,14,14,5,1,0,544,6,0
USR_06462,20,0.625,22,2,3,2537.66,0.6841,0.1,17,18,6,1,1,308,0,0
USR_06463,22,0.7097,23,2,10,828.36,0.7763,-0.3899,18,22,7,1,0,161,7,0
USR_06464,16,0.5926,9,2,32,597.15,0.6069,0.3815,13,17,5,0,1,184,1,0
USR_06465,8,0.5,11,1,5,791.87,0.8635,-0.4768,7,8,2,1,1,636,10,0
USR_06466,12,0.5714,26,1,30,435.76,0.2412,-0.332,10,10,4,1,1,458,3,0
USR_06467,10,0.7692,16,1,37,594.85,0.6912,0.2321,9,9,3,0,0,146,1,0
USR_06468,22,1.0,17,3,44,1061.32,0.3682,0.3855,18,18,7,1,0,631,3,0
USR_06469,12,0.6,29,1,28,2553.08,0.3929,-0.1456,10,14,4,1,0,222,1,0
USR_06470,5,0.8333,24,0,66,428.67,0.4555,-0.1861,4,7,1,0,0,48,1,0
USR_06471,9,0.8182,10,1,21,1099.19,0.4784,-0.1878,7,7,3,0,0,185,5,0
USR_06472,13,0.65,1,1,40,204.4,0.5213,-0.3382,11,11,4,0,0,554,8,0
USR_06473,7,0.5833,7,1,34,996.94,0.6617,-0.1778,6,9,2,1,1,1146,10,0
USR_06474,6,0.5455,22,0,186,2815.68,0.4819,-0.2788,5,9,2,1,0,312,3,0
USR_06475,7,0.4667,4,0,158,677.8,0.8421,-0.2788,6,7,2,0,1,363,0,0
USR_06476,8,0.4,9,1,31,419.08,0.9112,-0.101,7,7,2,1,1,313,4,0
USR_06477,9,1.0,28,1,10,434.74,0.9541,0.029,7,11,3,1,0,445,3,0
USR_06478,16,0.8,13,2,2,979.62,0.7623,0.2233,13,17,5,1,0,869,1,0
USR_06479,6,0.6,7,0,54,697.94,0.77,-0.0201,5,5,2,1,0,406,11,0
USR_06480,15,0.8333,16,2,13,481.23,0.8224,-0.0061,12,16,5,1,0,799,13,0
USR_06481,10,0.9091,27,1,42,1121.88,0.7918,-0.0839,9,10,3,0,1,1080,0,0
USR_06482,15,0.7895,6,2,1,329.56,0.4348,-0.2718,13,14,5,0,0,1137,9,0
USR_06483,22,0.9167,17,3,24,1328.81,0.4134,-0.0395,18,19,7,0,1,688,6,0
USR_06484,15,0.5357,23,2,44,516.97,0.4596,0.152,13,15,5,0,0,864,1,0
USR_06485,7,0.5833,17,0,51,1126.78,0.6057,0.1399,5,5,2,0,0,1105,6,0
USR_06486,13,0.7222,26,1,26,1302.19,0.8749,-0.2054,11,11,4,0,0,950,0,0
USR_06487,10,0.5,12,1,7,140.61,0.5841,-0.0385,8,10,3,0,0,380,0,0
USR_06488,14,0.6364,23,1,18,628.5,0.6235,0.236,11,15,4,0,1,184,13,0
USR_06489,4,0.5,11,0,191,195.74,0.2745,0.0954,3,4,1,1,0,164,6,0
USR_06490,6,0.6,1,0,104,166.54,0.9047,-0.2148,5,9,2,1,1,1062,1,0
USR_06491,21,1.0,9,2,24,551.34,0.5962,-0.3901,17,18,7,0,0,680,3,0
USR_06492,9,0.75,4,1,43,850.4,0.7977,-0.7529,7,9,3,0,0,376,13,0
USR_06493,5,0.5,21,0,77,193.28,0.5686,0.3958,4,7,1,0,1,434,3,0
USR_06494,19,0.76,12,2,12,826.39,0.3738,0.6885,16,20,6,0,0,359,12,0
USR_06495,9,0.75,22,1,28,330.47,0.46,0.2216,7,7,3,1,0,968,10,0
USR_06496,8,0.381,22,1,29,702.27,0.725,-0.2579,7,7,2,0,0,746,2,0
USR_06497,8,0.4211,15,1,19,5000.0,0.491,-0.0951,7,10,2,0,0,1058,7,0
USR_06498,17,0.7391,27,2,8,516.01,0.2641,-0.1905,14,16,5,1,1,383,6,0
USR_06499,6,0.3333,13,0,140,267.55,0.4417,-0.0964,5,6,2,1,1,582,9,0
USR_06500,6,0.6,20,0,76,655.68,0.8408,0.0942,5,8,2,0,0,172,2,0
USR_06501,3,0.2308,19,0,193,571.29,0.5995,0.1365,2,3,1,0,0,1166,0,0
USR_06502,15,0.5769,21,2,11,504.49,0.7522,-0.2864,12,15,5,1,1,628,0,0
USR_06503,10,0.5263,14,1,34,683.63,0.7812,0.0968,8,12,3,0,0,677,5,0
USR_06504,11,0.7333,12,1,4,573.71,0.5096,-0.8039,9,13,3,1,0,513,9,0
USR_06505,8,0.4444,24,1,20,247.12,0.6243,0.4345,6,7,2,0,0,346,8,0
USR_06506,9,0.9,27,1,37,1286.28,0.7612,-0.412,7,9,3,1,0,1139,5,0
USR_06507,6,0.5455,1,0,65,1902.28,0.4976,0.0178,5,8,2,0,0,602,0,0
USR_06508,12,0.5,29,1,9,493.88,0.9624,0.151,10,12,4,0,0,819,0,0
USR_06509,10,0.5263,27,1,22,880.54,0.9201,0.0644,9,9,3,1,1,73,9,0
USR_06510,4,0.4444,17,0,169,129.48,0.3361,0.1541,4,5,1,1,0,352,4,0
USR_06511,23,0.7931,15,3,14,655.45,0.4411,0.3915,19,21,7,1,0,970,9,0
USR_06512,14,0.7,13,1,36,3098.75,0.2488,-0.184,12,14,4,0,0,132,0,0
USR_06513,17,0.7391,15,2,32,1261.43,0.5061,0.0677,14,16,5,1,0,148,3,0
USR_06514,14,0.8235,5,1,3,752.37,0.5543,-0.1908,11,13,4,0,1,977,12,0
USR_06515,4,0.2667,11,0,168,642.01,0.6489,0.3408,3,7,1,0,0,391,0,0
USR_06516,6,0.8571,28,0,108,523.65,0.3357,-0.0452,5,8,2,1,0,350,0,0
USR_06517,1,0.0833,15,0,108,930.58,0.9127,-0.0387,1,2,0,0,0,691,6,0
USR_06518,8,0.5,10,1,34,1514.37,0.5577,-0.0674,7,10,2,0,0,258,5,0
USR_06519,16,0.7273,6,2,21,445.27,0.5951,0.1011,14,17,5,1,0,80,13,0
USR_06520,23,0.6765,23,3,30,1213.06,0.7884,-0.0282,19,20,7,1,0,35,12,0
USR_06521,5,0.2632,14,0,163,348.33,0.7157,-0.0291,4,8,1,0,0,122,8,0
USR_06522,6,0.5,17,0,156,468.85,0.5422,-0.1178,5,5,2,1,0,215,0,0
USR_06523,9,0.5294,11,1,6,273.36,0.4554,-0.08,7,7,3,1,0,844,4,0
USR_06524,18,0.75,1,2,27,756.14,0.9207,0.0274,15,17,6,0,1,378,11,0
USR_06525,12,0.6316,8,1,1,711.08,0.4511,0.302,10,10,4,0,1,113,3,0
USR_06526,5,0.5,17,0,148,913.44,0.3923,0.1043,4,7,1,0,0,46,13,0
USR_06527,4,0.3636,6,0,159,851.37,0.5612,-0.1455,3,5,1,0,0,588,6,0
USR_06528,3,1.0,15,0,108,1186.22,0.7313,-0.1204,3,4,1,0,0,1012,0,0
USR_06529,5,0.3125,25,0,125,3525.97,0.4402,0.4754,4,5,1,1,0,426,4,0
USR_06530,2,0.6667,5,0,93,1195.55,0.7828,-0.4609,1,5,0,0,0,104,7,0
USR_06531,11,0.44,25,1,25,137.2,0.5478,-0.4058,9,9,3,0,0,296,0,0
USR_06532,14,0.7368,4,1,27,545.47,0.7588,-0.2283,11,13,4,0,0,614,2,0
USR_06533,11,0.5238,14,1,26,646.65,0.3446,0.19,9,13,3,0,0,250,7,0
USR_06534,20,1.0,19,2,21,187.22,0.7859,-0.2678,16,19,6,1,0,1174,0,0
USR_06535,17,0.7727,6,2,1,1292.13,0.6433,-0.2768,14,15,5,1,0,923,2,0
USR_06536,22,0.6111,6,2,3,2781.84,0.6423,0.2857,18,20,7,0,0,433,6,0
USR_06537,3,0.3,13,0,175,332.53,0.27,-0.4382,3,7,1,0,1,1143,9,0
USR_06538,0,0.0,151,0,155,1827.18,0.8234,0.207,0,0,0,0,0,410,4,1
USR_06539,9,0.6923,27,1,41,1569.68,0.5433,0.37,8,9,3,0,1,194,13,0
USR_06540,9,0.4737,7,1,44,828.31,0.7105,0.2183,7,7,3,1,0,1127,12,0
USR_06541,1,0.1,23,0,189,1292.73,0.6356,0.0642,1,5,0,0,1,1152,4,0
USR_06542,6,0.4615,8,0,51,360.83,0.4769,0.2131,5,9,2,0,0,395,0,0
USR_06543,25,0.641,24,3,26,1670.2,0.9155,0.7864,21,21,8,0,0,725,9,0
USR_06544,19,0.7037,5,2,11,1831.38,0.8321,0.011,16,20,6,1,1,232,1,0
USR_06545,7,0.3684,21,1,16,974.26,0.436,0.012,6,9,2,1,0,780,10,0
USR_06546,22,0.7586,21,2,17,849.27,0.433,0.6393,18,21,7,0,0,837,5,0
USR_06547,9,0.5625,21,1,4,352.6,0.2505,-0.1715,8,11,3,0,0,860,3,0
USR_06548,16,0.6667,1,2,0,1418.11,0.4689,-0.0752,13,14,5,1,0,695,4,0
USR_06549,19,0.7917,4,2,14,672.79,0.3599,0.55,16,19,6,1,0,853,4,0
USR_06550,3,0.2143,26,0,173,596.35,0.8965,0.2875,2,5,1,0,0,679,12,1
USR_06551,21,0.7778,10,2,3,1415.63,0.2932,-0.3746,18,21,7,1,1,989,1,0
USR_06552,10,0.7143,24,1,23,527.97,0.6584,0.0355,8,8,3,1,0,240,12,0
USR_06553,8,0.6667,24,1,26,378.27,0.8385,0.2193,7,11,2,0,0,595,0,0
USR_06554,19,0.8261,20,2,29,1587.96,0.607,-0.0221,16,18,6,0,1,517,8,0
USR_06555,16,0.5333,5,2,44,198.85,0.6788,-0.0347,13,14,5,1,1,654,12,0
USR_06556,11,0.7333,10,1,17,1190.72,0.7066,-0.3928,9,10,3,0,0,196,3,0
USR_06557,18,0.8571,2,2,16,248.42,0.4854,0.1952,15,18,6,0,0,408,0,0
USR_06558,7,0.4118,0,0,180,156.28,0.645,0.6293,5,8,2,0,0,1146,9,0
USR_06559,14,0.5385,25,1,38,1125.15,0.5947,0.1221,12,15,4,0,0,153,10,0
USR_06560,5,0.4545,14,0,160,862.25,0.3711,0.2893,4,6,1,0,0,773,2,0
USR_06561,13,0.6842,23,1,1,401.15,0.7886,-0.2618,11,15,4,0,0,807,4,0
USR_06562,11,0.55,4,1,20,263.86,0.5752,-0.3183,9,13,3,1,1,585,9,0
USR_06563,16,0.64,4,2,22,871.94,0.8474,-0.2356,13,13,5,0,0,69,1,0
USR_06564,8,0.8889,16,1,39,457.38,0.1282,0.0908,6,9,2,1,0,70,5,0
USR_06565,4,0.2353,15,0,147,1252.38,0.4118,0.0363,3,3,1,1,0,352,3,0
USR_06566,10,0.6667,12,1,30,419.57,0.2943,-0.485,8,11,3,0,0,149,0,0
USR_06567,8,0.5,1,1,14,473.35,0.6633,-0.104,6,10,2,1,0,140,10,0
USR_06568,11,1.0,7,1,32,1615.04,0.7467,0.0146,9,13,3,1,0,217,2,0
USR_06569,5,0.3571,4,0,119,292.32,0.8474,0.1037,4,4,1,0,1,253,12,0
USR_06570,7,0.875,4,1,8,207.58,0.4836,0.0214,6,7,2,0,0,1011,5,0
USR_06571,14,1.0,7,1,9,314.87,0.5731,0.2653,12,13,4,0,0,777,4,0
USR_06572,13,0.4815,19,1,21,807.14,0.5541,-0.4095,11,12,4,0,0,65,3,0
USR_06573,3,0.75,21,0,119,3068.81,0.6805,0.5509,2,3,1,1,0,765,3,0
USR_06574,11,0.5,24,1,23,751.28,0.2232,-0.6045,9,10,3,0,1,189,10,0
USR_06575,10,0.5556,9,1,39,331.14,0.6083,0.3258,8,10,3,1,1,522,6,0
USR_06576,1,0.25,16,0,63,342.7,0.5766,0.4055,1,4,0,0,1,74,9,0
USR_06577,14,0.7368,24,1,0,923.66,0.591,-0.2921,12,15,4,1,1,135,3,0
USR_06578,1,0.3333,14,0,97,166.24,0.8511,0.5769,1,3,0,1,1,185,1,0
USR_06579,9,0.5,0,1,3,147.63,0.3893,-0.0415,7,11,3,0,1,537,0,0
USR_06580,7,0.3684,14,1,28,778.23,0.5228,-0.0503,6,6,2,0,0,571,9,0
USR_06581,8,0.6154,0,1,35,1349.88,0.3316,0.2719,7,9,2,0,0,442,3,0
USR_06582,25,0.6579,11,3,12,1377.33,0.6432,0.0408,21,25,8,0,0,755,4,0
USR_06583,9,0.8182,8,1,13,877.44,0.533,-0.1395,7,9,3,0,0,872,3,0
USR_06584,12,0.4615,27,1,14,1732.94,0.5058,-0.0992,10,12,4,0,1,882,3,0
USR_06585,7,0.3889,21,0,160,571.88,0.8355,0.0634,6,7,2,0,0,707,6,0
USR_06586,15,1.0,19,2,31,491.31,0.6774,-0.176,13,16,5,1,0,668,5,0
USR_06587,8,0.4,28,1,13,638.3,0.868,0.1643,7,9,2,0,1,605,13,0
USR_06588,27,1.0,28,3,17,842.42,0.7591,-0.1484,22,26,9,0,0,308,0,0
USR_06589,11,0.44,9,1,40,5000.0,0.2616,-0.1323,9,9,3,0,1,599,5,0
USR_06590,10,0.5,16,1,34,568.22,0.1421,-0.1268,8,8,3,1,0,41,0,0
USR_06591,26,0.8966,16,3,41,767.64,0.3565,-0.5935,21,23,8,1,0,1160,9,0
USR_06592,4,0.2353,0,0,172,2670.18,0.5456,-0.084,3,6,1,0,0,463,5,0
USR_06593,12,0.75,1,1,41,1036.38,0.5792,0.1262,10,14,4,0,1,914,3,0
USR_06594,3,0.75,10,0,191,173.52,0.3927,0.5026,2,6,1,0,1,1149,9,0
USR_06595,18,0.8182,0,2,13,2631.32,0.4206,0.4561,15,18,6,1,0,611,3,0
USR_06596,11,0.4783,20,1,42,862.04,0.449,0.0048,9,10,3,0,0,1038,1,0
USR_06597,14,0.5185,0,1,9,68.69,0.5473,-0.003,11,12,4,0,1,590,4,0
USR_06598,13,0.5,6,1,36,480.31,0.6434,-0.2041,10,10,4,1,0,184,0,0
USR_06599,15,0.6522,2,2,37,373.79,0.7501,0.2296,12,15,5,0,0,60,11,0
USR_06600,9,0.8182,14,1,41,455.02,0.6768,-0.3761,8,8,3,1,1,188,8,0
USR_06601,2,0.1333,26,0,55,646.67,0.7415,-0.264,2,3,0,1,0,1132,8,0
USR_06602,4,0.3636,1,0,148,1185.69,0.6093,-0.4508,3,5,1,0,1,585,11,0
USR_06603,15,0.5357,19,2,15,1833.08,0.8239,-0.0321,12,15,5,1,0,403,9,0
USR_06604,8,0.8889,16,1,25,1887.33,0.1395,0.0595,6,9,2,0,0,551,3,0
USR_06605,20,0.8696,26,2,26,2397.62,0.8345,-0.344,16,17,6,0,0,329,0,0
USR_06606,12,0.8,17,1,13,566.75,0.7234,-0.2861,10,13,4,0,1,1048,3,0
USR_06607,10,0.625,25,1,17,125.02,0.5599,0.1713,8,11,3,0,1,1199,12,0
USR_06608,18,0.6,20,2,38,89.81,0.7332,-0.0731,15,18,6,0,0,129,12,0
USR_06609,16,0.7273,22,2,0,1235.55,0.4683,-0.283,14,15,5,1,0,870,8,0
USR_06610,11,0.55,14,1,3,633.95,0.712,-0.1853,9,13,3,0,0,422,1,0
USR_06611,12,0.6316,10,1,18,2203.61,0.1557,0.2096,10,11,4,0,0,85,1,0
USR_06612,3,0.1765,15,0,162,963.84,0.3156,0.176,2,3,1,1,0,1108,11,0
USR_06613,16,0.5333,4,2,40,163.46,0.7744,-0.0404,13,14,5,1,1,102,0,0
USR_06614,17,0.5667,21,2,30,410.13,0.7881,-0.3189,14,18,5,0,0,270,5,0
USR_06615,12,0.8571,3,1,38,936.77,0.5567,-0.3812,10,14,4,1,0,59,3,0
USR_06616,18,0.6,27,2,6,272.93,0.9214,-0.5361,15,18,6,0,0,581,2,0
USR_06617,19,0.6333,0,2,4,2217.46,0.8874,-0.2687,15,19,6,0,1,731,6,0
USR_06618,17,0.7727,3,2,22,467.58,0.8758,0.1881,14,18,5,0,1,405,13,0
USR_06619,11,0.7857,5,1,13,514.15,0.9742,-0.2336,9,12,3,1,0,113,9,0
USR_06620,14,0.5,5,1,39,184.29,0.3977,-0.3063,11,11,4,1,0,165,4,0
USR_06621,10,0.4762,0,1,3,3395.62,0.8697,-0.2791,8,9,3,1,1,1122,3,0
USR_06622,7,0.7,29,1,16,568.85,0.9512,-0.134,6,8,2,1,0,972,12,0
USR_06623,13,0.8125,20,1,13,839.21,0.2889,0.3132,10,12,4,0,1,1126,5,1
USR_06624,21,0.7241,9,2,26,358.43,0.6194,-0.2761,17,18,7,0,0,651,4,0
USR_06625,15,0.6818,11,2,13,485.05,0.8303,-0.1805,12,16,5,1,0,668,6,0
USR_06626,6,0.3333,6,0,158,850.68,0.6806,-0.356,5,8,2,0,0,949,1,0
USR_06627,5,0.3333,15,0,199,941.0,0.6144,0.2777,4,6,1,0,0,751,0,0
USR_06628,10,0.4545,11,1,3,1054.6,0.5777,-0.0136,8,10,3,0,1,540,10,0
USR_06629,9,0.6,14,1,40,1493.49,0.1782,-0.4221,7,8,3,0,0,371,5,0
USR_06630,18,0.5625,11,2,23,1158.14,0.7621,-0.3178,15,15,6,0,1,598,0,0
USR_06631,0,0.0,59,0,140,1029.01,0.5726,0.1196,0,1,0,0,0,104,2,0
USR_06632,6,0.3,15,0,146,392.95,0.7502,0.3222,5,5,2,0,0,255,13,0
USR_06633,5,0.3333,3,0,46,555.28,0.7104,-0.1893,4,7,1,1,1,892,6,0
USR_06634,10,0.6667,16,1,21,249.13,0.8851,0.1984,8,9,3,0,1,1045,6,0
USR_06635,17,0.8947,16,2,33,445.93,0.8658,0.1114,14,17,5,1,1,149,0,0
USR_06636,9,0.5294,3,1,44,935.92,0.6202,0.5642,8,12,3,1,0,143,13,0
USR_06637,5,0.5,25,0,188,916.79,0.5545,-0.2979,4,4,1,0,0,130,11,0
USR_06638,19,0.9048,28,2,11,1130.17,0.8086,0.5374,15,19,6,1,0,956,4,0
USR_06639,9,0.6923,22,1,35,2158.13,0.8387,0.2328,8,8,3,0,0,394,2,0
USR_06640,13,0.52,28,1,17,232.61,0.9115,-0.273,11,14,4,0,0,412,7,0
USR_06641,6,0.6,27,0,39,149.37,0.4418,0.199,5,6,2,0,1,44,10,0
USR_06642,6,0.8571,22,0,54,538.95,0.722,-0.231,5,7,2,0,0,1167,9,0
USR_06643,24,0.8889,10,3,7,2164.04,0.6234,0.0685,20,22,8,0,0,537,13,0
USR_06644,19,0.9048,6,2,12,2108.12,0.4303,0.1767,15,17,6,0,1,963,6,0
USR_06645,18,0.9,25,2,7,779.67,0.5563,-0.1875,15,15,6,1,0,857,2,0
USR_06646,1,0.1429,14,0,70,529.45,0.526,0.546,0,0,0,1,0,195,4,0
USR_06647,7,0.35,21,0,135,819.95,0.6698,-0.0042,6,8,2,1,1,967,10,0
USR_06648,8,0.6154,26,1,9,1629.92,0.6264,0.0145,7,8,2,1,0,673,1,0
USR_06649,14,0.5,28,1,31,356.59,0.7139,0.2431,12,16,4,1,1,737,1,0
USR_06650,13,0.5,20,1,10,421.25,0.5666,0.2219,11,15,4,1,1,264,7,0
USR_06651,1,0.3333,8,0,178,717.99,0.5337,0.2679,1,5,0,0,0,1020,3,0
USR_06652,14,0.6087,2,1,6,1628.66,0.7404,0.2136,12,16,4,1,0,1120,10,0
USR_06653,11,0.5,24,1,24,1297.57,0.8958,0.6463,9,10,3,0,0,505,0,0
USR_06654,10,0.5,0,1,5,137.53,0.9184,0.074,8,9,3,1,0,138,2,0
USR_06655,7,0.7,15,1,39,1300.03,0.4489,0.0595,6,9,2,1,0,1023,1,0
USR_06656,28,0.7368,8,3,33,657.53,0.7066,0.4019,23,27,9,0,0,1068,7,0
USR_06657,19,0.7308,13,2,5,1106.81,0.2459,0.0027,16,19,6,0,1,622,8,0
USR_06658,13,0.8125,26,1,38,559.76,0.8565,-0.3483,10,10,4,1,0,707,3,0
USR_06659,13,0.8667,13,1,14,991.75,0.4409,-0.1479,11,14,4,0,1,290,4,0
USR_06660,13,0.7222,4,1,40,690.38,0.3425,-0.1467,11,13,4,1,1,108,0,0
USR_06661,8,0.6667,12,1,44,430.35,0.8319,0.5092,6,10,2,0,1,1134,7,0
USR_06662,9,0.5294,3,1,11,362.54,0.7036,-0.2311,8,9,3,0,0,595,13,0
USR_06663,18,0.75,26,2,14,570.68,0.5819,-0.3576,15,19,6,0,0,351,9,0
USR_06664,13,0.9286,1,1,6,236.13,0.844,0.2605,11,13,4,1,0,841,1,0
USR_06665,12,0.5455,28,1,1,466.77,0.7094,0.6153,10,13,4,1,0,60,5,0
USR_06666,26,1.0,6,3,23,514.26,0.4216,-0.4278,21,22,8,0,1,123,2,0
USR_06667,13,0.65,19,1,30,1524.15,0.6074,0.6308,11,14,4,1,0,313,0,0
USR_06668,9,1.0,26,1,24,1130.8,0.4697,-0.2858,8,12,3,0,0,557,0,0
USR_06669,1,0.0769,5,0,90,3328.43,0.6077,-0.5479,1,1,0,1,0,459,0,0
USR_06670,11,0.7333,27,1,5,173.79,0.3759,-0.4474,9,9,3,0,1,249,1,0
USR_06671,9,0.9,12,1,10,541.69,0.8337,0.0183,8,8,3,0,1,441,9,0
USR_06672,2,0.4,15,0,61,1783.4,0.3747,-0.1278,2,4,0,1,0,420,2,0
USR_06673,5,0.3846,10,0,65,828.46,0.4406,-0.0269,4,4,1,1,0,643,8,0
USR_06674,12,0.5217,29,1,16,558.68,0.141,-0.1651,10,10,4,0,1,688,12,0
USR_06675,9,0.9,20,1,19,315.46,0.8095,-0.3971,8,9,3,1,0,1063,5,0
USR_06676,21,0.84,10,2,9,1159.13,0.7298,0.2011,17,20,7,1,0,973,4,0
USR_06677,0,0.0,173,0,74,772.15,0.7424,-0.163,0,1,0,1,0,372,8,1
USR_06678,7,0.7,26,0,170,507.53,0.7121,0.3376,6,9,2,0,0,1086,0,0
USR_06679,16,0.8,19,2,36,1490.39,0.213,0.2031,13,17,5,0,0,639,3,0
USR_06680,3,0.2727,3,0,69,3986.71,0.3943,-0.1086,2,4,1,1,0,249,4,0
USR_06681,18,0.9474,14,2,44,326.76,0.5367,-0.159,15,16,6,0,1,427,10,0
USR_06682,14,0.6087,7,1,14,1060.58,0.7788,-0.6416,12,15,4,1,1,897,10,0
USR_06683,10,0.4762,7,1,36,743.1,0.545,0.2492,9,9,3,1,1,991,10,0
USR_06684,11,0.44,14,1,39,1118.35,0.5366,0.0536,9,11,3,0,1,467,7,0
USR_06685,8,0.5333,1,1,13,1912.99,0.7076,0.1415,7,8,2,0,0,214,4,0
USR_06686,14,0.6667,7,1,2,2075.03,0.5205,-0.2766,11,11,4,0,1,254,10,0
USR_06687,22,0.7097,1,3,35,446.42,0.7144,0.0016,18,20,7,0,0,151,11,0
USR_06688,20,0.5882,28,2,3,176.47,0.6652,-0.3746,17,19,6,0,0,847,4,0
USR_06689,11,1.0,26,1,28,617.15,0.55,-0.312,9,13,3,1,1,618,13,0
USR_06690,21,0.913,4,2,22,620.14,0.4618,0.3943,17,17,7,1,1,557,11,0
USR_06691,17,0.85,17,2,22,73.54,0.588,-0.1079,14,16,5,0,0,816,4,0
USR_06692,6,0.75,6,0,96,1495.92,0.8368,-0.046,5,6,2,0,0,999,0,0
USR_06693,19,0.7308,16,2,28,437.01,0.5571,-0.4465,16,16,6,1,1,960,1,0
USR_06694,16,1.0,13,2,27,638.22,0.4878,-0.2945,13,17,5,1,0,190,9,0
USR_06695,10,0.9091,0,1,19,421.31,0.8884,-0.3449,8,9,3,0,0,719,0,0
USR_06696,0,0.0,65,0,197,563.4,0.5278,-0.0933,0,3,0,0,0,1062,3,0
USR_06697,11,0.8462,23,1,28,1846.43,0.705,-0.1926,9,13,3,1,0,935,5,0
USR_06698,16,0.8,1,2,26,711.56,0.2376,-0.1055,13,17,5,1,0,415,11,0
USR_06699,6,1.0,6,0,130,3630.82,0.3816,0.157,5,9,2,1,0,489,10,0
USR_06700,14,0.56,3,1,5,1100.22,0.7023,0.4285,12,13,4,1,0,1071,8,0
USR_06701,20,0.6061,11,2,0,1165.75,0.462,0.1369,17,19,6,0,1,68,3,0
USR_06702,11,0.5238,13,1,1,564.89,0.4527,-0.3161,9,12,3,1,1,644,0,0
USR_06703,19,0.76,19,2,27,633.96,0.5358,-0.3959,16,18,6,1,0,165,6,0
USR_06704,8,0.6154,18,1,33,1519.24,0.4715,-0.3056,6,10,2,0,0,1076,1,0
USR_06705,6,1.0,4,0,58,1719.45,0.3329,0.0434,5,5,2,0,1,75,5,0
USR_06706,13,0.8125,14,1,2,823.15,0.5148,0.3007,10,10,4,0,0,57,13,0
USR_06707,10,0.625,23,1,15,1038.41,0.5366,0.2866,8,9,3,0,0,414,4,0
USR_06708,10,1.0,26,1,35,594.66,0.7881,0.6211,9,9,3,0,0,264,6,0
USR_06709,8,0.381,25,1,19,793.14,0.7306,-0.0337,7,8,2,0,1,609,6,0
USR_06710,18,0.6667,8,2,30,713.21,0.5974,-0.1627,15,16,6,0,0,380,10,0
USR_06711,18,0.9,15,2,43,686.49,0.6369,-0.0194,15,16,6,0,0,446,3,0
USR_06712,10,0.4348,4,1,23,1482.46,0.9026,-0.5483,8,12,3,0,1,690,4,0
USR_06713,8,0.7273,10,1,14,639.02,0.7329,-0.0057,7,9,2,1,0,685,0,0
USR_06714,4,0.3077,8,0,111,402.12,0.6381,-0.1101,4,8,1,0,1,1123,5,0
USR_06715,21,0.6,7,2,36,536.19,0.4126,-0.3635,18,18,7,1,0,592,2,0
USR_06716,4,0.4444,26,0,180,528.99,0.4228,0.3842,3,3,1,0,0,690,4,0
USR_06717,22,0.6471,21,2,15,946.5,0.7872,-0.2239,18,21,7,1,0,823,8,0
USR_06718,13,0.5,25,1,28,425.6,0.6646,-0.1497,11,14,4,1,0,233,0,0
USR_06719,4,0.3333,10,0,128,1636.52,0.8983,-0.4679,3,6,1,1,0,810,5,0
USR_06720,14,0.6087,11,1,30,536.21,0.6754,0.0446,11,15,4,0,1,1038,0,0
USR_06721,8,0.8,24,1,19,2333.97,0.7069,0.5833,7,9,2,0,0,402,2,0
USR_06722,21,0.6364,1,2,9,679.13,0.6026,0.06,17,20,7,0,0,238,0,0
USR_06723,3,0.5,21,0,104,1015.01,0.5839,0.327,2,2,1,1,0,435,0,0
USR_06724,20,0.8333,20,2,0,1472.87,0.6228,-0.1995,17,18,6,0,0,351,13,0
USR_06725,14,0.5385,10,1,36,1770.25,0.3069,0.1967,12,12,4,1,1,714,13,0
USR_06726,5,0.625,28,0,120,1098.47,0.6748,-0.2282,4,7,1,1,0,1040,7,0
USR_06727,2,0.1667,6,0,127,5000.0,0.4794,-0.319,2,4,0,1,0,727,5,0
USR_06728,9,0.6429,10,1,5,666.98,0.8024,0.1275,8,12,3,1,0,176,9,0
USR_06729,9,0.6429,10,1,30,198.89,0.6093,0.4206,7,9,3,0,0,398,11,0
USR_06730,19,0.5938,11,2,17,646.93,0.7534,-0.2616,15,17,6,0,0,836,4,0
USR_06731,2,1.0,10,0,197,1256.15,0.9766,0.0932,1,3,0,1,1,416,0,0
USR_06732,1,0.0833,14,0,145,957.1,0.6935,-0.5926,0,2,0,1,0,716,7,0
USR_06733,25,0.9259,28,3,18,294.55,0.7952,-0.3267,21,21,8,0,0,842,13,0
USR_06734,14,0.5385,14,1,18,507.55,0.8612,0.7795,12,16,4,1,0,415,1,0
USR_06735,21,0.6774,18,2,20,348.02,0.4463,-0.1439,17,17,7,0,0,787,3,0
USR_06736,17,0.6538,20,2,12,391.01,0.5843,-0.1891,14,17,5,0,0,495,2,0
USR_06737,5,0.3571,19,0,88,617.22,0.9285,0.1872,4,7,1,1,1,188,3,0
USR_06738,12,1.0,9,1,42,966.16,0.4965,-0.3218,10,13,4,1,0,465,7,0
USR_06739,20,0.8,8,2,32,371.26,0.6858,0.1836,17,21,6,0,1,546,3,0
USR_06740,19,0.6552,10,2,20,400.41,0.1282,0.1869,16,20,6,0,0,32,12,0
USR_06741,3,0.2727,10,0,92,1174.5,0.5775,-0.103,2,3,1,0,1,1074,9,0
USR_06742,15,0.8824,24,2,3,335.25,0.7483,0.4338,12,15,5,1,0,647,0,0
USR_06743,8,0.4211,13,1,25,323.38,0.1779,-0.4776,7,9,2,0,1,72,10,0
USR_06744,1,0.2,27,0,131,3861.03,0.5086,-0.1125,0,2,0,0,0,1045,9,0
USR_06745,14,0.6087,29,1,1,436.41,0.7916,0.396,11,11,4,0,0,1030,4,0
USR_06746,6,0.4,20,0,61,154.42,0.6432,0.2797,5,7,2,1,0,44,4,0
USR_06747,24,0.8889,20,3,32,246.69,0.7982,-0.14,20,21,8,0,1,220,10,0
USR_06748,10,1.0,3,1,23,135.03,0.4643,-0.2036,8,9,3,0,0,455,3,0
USR_06749,14,0.5,4,1,30,2488.93,0.6105,0.0689,11,11,4,1,1,623,0,0
USR_06750,14,0.56,21,1,42,627.77,0.1986,-0.5944,11,15,4,1,0,879,2,0
USR_06751,4,1.0,29,0,64,289.22,0.4969,0.0047,3,4,1,0,0,526,1,0
USR_06752,16,0.8889,24,2,9,1042.01,0.7609,0.0833,13,15,5,0,0,745,6,0
USR_06753,19,0.7037,8,2,18,2617.1,0.8994,-0.2304,16,19,6,1,1,41,0,0
USR_06754,16,0.5517,20,2,42,580.07,0.3758,-0.0034,13,15,5,1,1,800,6,0
USR_06755,4,0.5714,18,0,170,2456.28,0.3282,0.0005,3,3,1,0,1,1101,3,0
USR_06756,15,0.6818,1,2,41,508.28,0.8199,-0.4481,12,12,5,1,0,645,10,0
USR_06757,15,0.6,26,2,35,259.49,0.7489,-0.0208,12,15,5,1,1,562,4,0
USR_06758,10,0.4348,10,1,5,2829.78,0.5834,-0.425,8,11,3,0,1,377,12,0
USR_06759,7,0.4667,18,0,71,373.53,0.9098,-0.1989,6,7,2,0,1,1146,12,0
USR_06760,22,0.7857,10,2,39,423.12,0.8023,-0.1559,18,21,7,0,0,68,1,0
USR_06761,6,0.75,27,0,121,1527.31,0.6165,0.4543,5,9,2,0,1,365,6,0
USR_06762,8,0.5,14,1,13,684.3,0.8429,0.2572,7,7,2,0,0,192,1,0
USR_06763,21,0.75,25,2,36,608.95,0.9232,0.4592,18,19,7,0,0,1043,10,0
USR_06764,16,0.5517,28,2,2,542.61,0.9321,-0.1818,13,13,5,1,0,594,6,0
USR_06765,2,0.2222,1,0,190,390.37,0.4513,-0.0866,2,5,0,0,0,1109,2,0
USR_06766,15,0.5769,12,2,3,768.72,0.6399,0.0788,12,16,5,1,1,808,1,0
USR_06767,12,0.6667,20,1,2,982.33,0.7386,0.0288,10,12,4,0,1,681,3,0
USR_06768,15,0.6818,25,2,23,556.35,0.5333,0.3346,13,13,5,1,1,635,9,0
USR_06769,2,1.0,21,0,147,1046.56,0.3864,0.2023,2,4,0,0,1,267,9,0
USR_06770,8,0.5333,19,1,32,925.0,0.4983,0.275,6,9,2,0,0,687,0,0
USR_06771,5,0.625,11,0,116,906.76,0.4939,-0.0855,4,4,1,0,1,831,2,0
USR_06772,10,0.7143,4,1,33,529.91,0.8456,0.2282,8,10,3,0,0,1159,3,0
USR_06773,10,0.4167,27,1,35,494.15,0.4901,-0.1458,8,9,3,1,0,672,5,0
USR_06774,9,0.4737,1,1,35,894.65,0.9607,0.718,7,9,3,0,1,1128,0,0
USR_06775,23,0.92,24,3,4,254.76,0.4511,-0.093,19,22,7,0,0,1135,2,0
USR_06776,8,0.5,1,1,38,5000.0,0.2509,0.0431,7,10,2,0,1,641,11,0
USR_06777,15,0.7143,11,2,38,88.94,0.7776,0.2308,12,14,5,0,0,543,4,0
USR_06778,16,0.5926,25,2,22,424.66,0.603,0.7211,13,13,5,1,0,196,8,0
USR_06779,10,0.7143,6,1,6,1003.56,0.909,0.3226,9,13,3,0,1,344,4,0
USR_06780,14,0.6087,7,1,32,1192.66,0.5212,-0.2551,12,14,4,1,0,1058,3,0
USR_06781,11,0.5,6,1,31,338.41,0.7527,0.321,9,12,3,0,0,191,5,0
USR_06782,21,0.6774,20,2,6,395.36,0.8751,-0.4774,17,17,7,1,0,494,1,0
USR_06783,10,0.5556,6,1,36,692.23,0.7672,-0.1566,8,8,3,0,0,847,1,0
USR_06784,5,1.0,20,0,119,224.42,0.4026,-0.2313,4,6,1,0,1,311,13,0
USR_06785,12,0.5455,17,1,2,254.21,0.5519,-0.1265,10,13,4,1,0,1169,10,0
USR_06786,3,0.1765,26,0,172,1341.19,0.3556,0.2328,2,5,1,1,0,789,8,0
USR_06787,22,0.7097,19,2,38,1278.81,0.9201,0.3295,18,18,7,0,1,63,0,0
USR_06788,10,0.5556,12,1,42,671.39,0.8394,0.3758,9,11,3,0,0,319,0,0
USR_06789,8,0.5333,4,1,37,1231.33,0.7227,-0.1517,7,11,2,0,0,896,0,0
USR_06790,9,0.9,13,1,38,716.66,0.5032,-0.4341,8,12,3,0,0,1039,12,0
USR_06791,9,0.3913,16,1,6,358.09,0.458,0.1458,7,9,3,0,1,1114,10,0
USR_06792,2,0.2857,27,0,174,263.28,0.2879,0.0665,1,3,0,1,1,1025,4,0
USR_06793,8,0.4444,7,1,9,1096.24,0.4709,-0.5425,7,9,2,0,0,117,13,0
USR_06794,0,0.0,148,0,92,387.75,0.3274,-0.1085,0,0,0,1,0,883,0,0
USR_06795,8,0.4444,27,1,38,1270.52,0.6973,-0.3091,6,7,2,1,1,158,4,0
USR_06796,8,0.8889,27,1,3,520.91,0.858,-0.642,6,9,2,1,0,119,1,0
USR_06797,22,0.6875,25,2,43,1880.7,0.4504,0.0466,18,19,7,0,1,839,2,0
USR_06798,14,0.6364,5,1,9,309.44,0.5263,-0.1944,11,13,4,1,0,589,12,0
USR_06799,7,0.5,3,1,21,267.41,0.3477,-0.1877,6,9,2,0,0,788,10,0
USR_06800,12,0.5217,11,1,27,784.36,0.887,0.0219,10,11,4,1,0,1026,0,0
USR_06801,2,0.1818,7,0,129,503.45,0.8781,-0.5847,1,3,0,1,1,110,1,0
USR_06802,15,0.5769,9,2,17,748.53,0.7652,-0.3362,13,17,5,1,1,647,5,0
USR_06803,5,0.3571,28,0,138,627.37,0.7121,0.0709,4,4,1,1,1,1006,0,0
USR_06804,19,0.6333,16,2,16,440.41,0.8412,0.1635,16,16,6,0,0,545,4,0
USR_06805,20,0.6061,8,2,15,536.57,0.8652,0.405,17,19,6,1,0,642,5,0
USR_06806,3,0.2,21,0,87,115.39,0.2378,0.062,3,3,1,1,1,612,2,0
USR_06807,8,0.3636,24,1,28,2190.68,0.4833,0.1728,6,6,2,0,0,1091,2,0
USR_06808,27,0.7714,12,3,5,398.12,0.3604,0.0272,22,25,9,0,0,88,1,0
USR_06809,7,0.5,1,1,32,942.41,0.3788,0.2619,6,9,2,0,1,1057,12,0
USR_06810,17,0.9444,14,2,5,125.94,0.2095,-0.3456,14,15,5,0,0,985,3,0
USR_06811,15,0.625,11,2,27,327.1,0.7601,-0.2127,12,13,5,0,0,980,5,0
USR_06812,16,0.6154,5,2,8,812.33,0.5881,-0.0327,13,17,5,0,0,512,2,0
USR_06813,7,0.6364,18,1,40,2821.64,0.5272,-0.0043,6,6,2,0,0,633,7,0
USR_06814,20,1.0,22,2,14,946.89,0.3967,-0.3746,16,19,6,0,1,461,0,0
USR_06815,17,0.5862,11,2,0,1031.99,0.5068,-0.4808,14,15,5,0,0,324,0,0
USR_06816,2,0.6667,11,0,137,446.32,0.4991,-0.2773,2,4,0,0,1,1054,8,0
USR_06817,6,0.375,23,0,146,653.62,0.7289,-0.2231,5,9,2,0,0,621,7,0
USR_06818,13,0.4815,5,1,43,563.5,0.526,0.0982,11,13,4,0,0,876,1,0
USR_06819,6,0.3158,29,0,143,843.77,0.878,-0.6241,5,8,2,0,0,147,2,0
USR_06820,9,0.75,12,1,22,1779.83,0.4463,0.6872,8,8,3,0,0,953,13,0
USR_06821,19,0.6786,15,2,33,498.24,0.4557,-0.267,16,18,6,0,0,800,0,0
USR_06822,11,0.44,17,1,10,673.38,0.7637,-0.4915,9,9,3,0,1,1197,1,0
USR_06823,6,0.375,13,0,145,481.29,0.5639,-0.4094,5,9,2,0,1,186,3,0
USR_06824,18,0.8182,1,2,18,535.84,0.6779,-0.0464,15,15,6,1,1,661,2,0
USR_06825,4,0.8,21,0,121,1633.75,0.6422,-0.2872,4,7,1,0,0,628,6,0
USR_06826,8,0.5333,26,1,30,943.8,0.0765,-0.061,6,9,2,1,0,659,7,0
USR_06827,0,0.0,164,0,117,851.03,0.3639,-0.1246,0,2,0,1,0,93,4,0
USR_06828,15,0.8824,20,2,20,596.41,0.5216,0.0269,13,16,5,1,0,583,5,0
USR_06829,17,0.7727,1,2,38,330.74,0.77,-0.0389,14,18,5,1,0,380,3,0
USR_06830,9,0.6,23,1,16,1151.89,0.7505,0.119,7,11,3,0,1,752,8,0
USR_06831,21,0.75,13,2,24,1291.57,0.5286,0.4925,18,18,7,1,1,301,0,0
USR_06832,15,1.0,9,2,38,1336.37,0.4607,-0.1235,13,15,5,1,0,539,2,0
USR_06833,10,0.7143,14,1,6,652.46,0.3294,-0.318,8,11,3,0,0,755,6,0
USR_06834,14,0.5385,6,1,37,354.55,0.2295,0.2727,11,12,4,0,0,104,2,0
USR_06835,8,0.6667,9,1,37,1103.03,0.6978,0.1132,6,10,2,0,0,950,0,0
USR_06836,4,0.25,24,0,136,1567.81,0.5754,-0.0374,3,5,1,0,1,867,2,0
USR_06837,15,0.5556,22,2,10,1293.24,0.258,0.0518,12,12,5,0,1,97,7,0
USR_06838,4,0.25,16,0,156,354.03,0.4421,-0.169,3,3,1,0,0,105,0,0
USR_06839,13,0.619,26,1,34,893.41,0.7857,0.3998,10,14,4,0,0,1024,7,0
USR_06840,4,0.4444,4,0,59,139.4,0.5294,0.279,3,4,1,0,0,361,9,0
USR_06841,8,0.7273,25,1,24,1930.87,0.6625,0.0747,7,7,2,1,1,1037,6,0
USR_06842,26,0.7647,14,3,4,758.09,0.7701,-0.1006,21,24,8,0,0,614,1,0
USR_06843,16,0.5926,19,2,23,775.75,0.7154,-0.5309,13,14,5,0,0,430,9,0
USR_06844,6,0.3333,25,0,136,2283.59,0.4741,0.2318,5,6,2,1,0,350,1,0
USR_06845,9,0.9,23,1,24,413.83,0.7977,0.0253,7,11,3,0,1,801,12,0
USR_06846,8,0.381,29,1,37,729.68,0.335,0.2916,7,8,2,0,0,158,7,0
USR_06847,14,0.7778,6,1,43,333.62,0.9198,-0.4288,12,12,4,0,0,501,0,0
USR_06848,8,0.7273,5,1,38,200.78,0.3424,-0.0491,7,10,2,0,0,434,9,0
USR_06849,4,0.4444,0,0,152,831.36,0.6295,-0.0726,3,3,1,1,1,210,4,0
USR_06850,7,0.5833,20,0,118,801.44,0.6996,-0.563,5,8,2,0,0,442,3,0
USR_06851,16,0.8889,15,2,1,121.64,0.822,-0.453,13,16,5,0,0,648,3,0
USR_06852,11,0.7333,19,1,30,1192.02,0.7709,0.0789,9,13,3,1,0,822,5,0
USR_06853,20,0.625,12,2,43,643.1,0.8989,0.7775,17,21,6,1,0,131,7,0
USR_06854,20,1.0,10,2,6,1214.18,0.4601,0.3853,17,21,6,1,1,1050,11,0
USR_06855,17,0.6296,26,2,12,802.78,0.7282,-0.5477,14,18,5,0,0,1057,2,0
USR_06856,15,0.5357,5,2,44,1535.46,0.397,0.0564,13,16,5,1,0,839,6,0
USR_06857,19,0.6552,23,2,21,1682.93,0.5195,-0.2146,16,16,6,1,0,1111,6,0
USR_06858,15,0.6818,3,2,32,780.09,0.7705,0.1946,13,16,5,0,0,530,6,0
USR_06859,7,0.4667,11,1,37,1391.71,0.5259,0.0338,6,9,2,0,1,991,4,0
USR_06860,20,0.7143,1,2,43,1347.36,0.8957,-0.1908,16,19,6,0,0,880,3,0
USR_06861,7,0.5833,0,1,3,258.42,0.8046,0.2485,6,6,2,1,1,688,8,0
USR_06862,21,0.6364,1,2,16,328.25,0.847,0.0178,17,21,7,0,1,240,2,0
USR_06863,8,0.4706,8,1,10,296.44,0.436,0.0746,6,9,2,0,0,682,1,0
USR_06864,22,1.0,28,3,36,1131.24,0.6483,-0.0015,19,19,7,0,0,1084,4,0
USR_06865,9,0.45,10,1,39,377.69,0.3065,0.0022,7,11,3,0,0,1181,1,0
USR_06866,17,0.85,18,2,39,130.86,0.6648,0.028,14,16,5,1,0,554,0,0
USR_06867,22,0.7333,20,3,5,296.76,0.3439,0.396,18,19,7,0,0,320,0,0
USR_06868,6,0.75,26,0,73,489.77,0.4839,0.2672,5,6,2,1,0,904,7,0
USR_06869,15,0.6818,27,2,23,960.76,0.3292,0.3531,12,14,5,0,0,118,13,0
USR_06870,23,0.92,1,3,32,1870.99,0.7374,-0.6107,19,19,7,1,0,206,3,0
USR_06871,13,0.8125,6,1,8,1424.97,0.2734,0.1292,11,12,4,1,0,687,0,0
USR_06872,22,0.6286,23,3,5,767.01,0.6908,-0.3152,18,22,7,0,1,1188,10,0
USR_06873,10,0.9091,23,1,15,343.25,0.2023,0.0553,8,8,3,1,0,414,1,0
USR_06874,14,0.7778,29,1,15,133.82,0.5455,0.3544,12,12,4,1,0,548,13,0
USR_06875,15,1.0,21,2,35,450.51,0.6129,-0.3236,12,16,5,0,0,407,5,0
USR_06876,10,0.8333,16,1,8,528.93,0.9079,0.0702,8,8,3,1,0,545,1,0
USR_06877,17,0.6296,10,2,43,720.56,0.5912,-0.1657,14,14,5,1,0,38,4,0
USR_06878,18,0.6923,14,2,0,1360.84,0.6409,0.3008,15,18,6,0,0,725,2,0
USR_06879,2,0.2857,0,0,167,1138.04,0.8235,0.0648,1,3,0,0,1,727,9,0
USR_06880,17,0.9444,20,2,23,716.78,0.5689,-0.0946,14,15,5,0,0,399,0,0
USR_06881,6,0.375,0,0,47,483.57,0.3738,-0.074,5,5,2,0,1,338,10,0
USR_06882,22,0.88,19,3,5,196.69,0.2509,0.0859,18,21,7,0,0,921,8,0
USR_06883,22,0.7586,18,2,3,350.58,0.685,0.5188,18,20,7,0,1,249,10,0
USR_06884,4,0.8,29,0,132,307.4,0.4192,0.0792,3,6,1,0,0,85,11,0
USR_06885,2,0.25,25,0,62,5000.0,0.9142,0.1505,2,6,0,0,1,77,1,0
USR_06886,4,0.2353,21,0,196,3280.93,0.3671,0.2901,3,7,1,1,0,1061,4,0
USR_06887,9,0.5,18,1,36,242.97,0.6429,-0.0517,7,7,3,1,0,456,10,0
USR_06888,5,0.4167,8,0,99,910.71,0.3574,-0.2958,4,5,1,0,1,149,3,0
USR_06889,7,0.7778,23,1,34,225.7,0.4582,0.0332,6,7,2,0,0,1058,0,0
USR_06890,15,0.8333,16,2,37,795.46,0.3633,0.2739,13,16,5,0,0,203,2,0
USR_06891,7,0.3333,15,1,16,449.22,0.2206,-0.0221,6,6,2,0,1,423,1,0
USR_06892,4,0.2222,18,0,33,593.76,0.6508,-0.3124,4,8,1,0,0,54,11,0
USR_06893,18,0.8182,7,2,7,1542.54,0.8014,0.2031,15,17,6,0,1,824,3,0
USR_06894,8,0.4706,7,1,27,896.01,0.4749,0.5327,7,8,2,0,0,848,6,0
USR_06895,15,0.5769,1,2,24,1334.01,0.7419,0.0179,12,16,5,0,0,915,13,0
USR_06896,10,0.625,11,1,21,994.33,0.382,-0.2412,8,11,3,0,0,337,2,0
USR_06897,13,0.8125,24,1,37,370.22,0.5245,0.3166,11,12,4,0,0,413,8,0
USR_06898,1,0.1667,2,0,73,233.02,0.8165,0.2784,1,3,0,1,0,1127,0,0
USR_06899,21,0.75,14,2,25,523.43,0.7267,0.1767,17,17,7,1,0,991,0,0
USR_06900,5,0.5,25,0,40,522.65,0.2697,0.0732,4,6,1,0,0,73,0,0
USR_06901,10,0.5882,26,1,24,437.82,0.3662,0.0555,8,8,3,0,0,839,2,0
USR_06902,10,0.8333,27,1,15,378.57,0.3748,0.4668,8,8,3,0,0,980,3,0
USR_06903,2,0.3333,11,0,98,701.52,0.7457,0.22,2,2,0,0,0,684,4,0
USR_06904,14,0.875,10,1,26,1914.11,0.8526,-0.0164,12,14,4,1,0,778,1,0
USR_06905,12,0.7059,8,1,5,123.97,0.9104,0.1248,10,11,4,0,0,31,0,0
USR_06906,15,0.7895,12,2,19,246.1,0.4389,-0.0479,12,12,5,0,0,65,6,0
USR_06907,20,0.7692,20,2,27,819.82,0.4872,-0.0597,16,18,6,0,1,71,0,0
USR_06908,0,0.0,40,0,45,150.52,0.7433,-0.0674,0,3,0,0,0,216,9,0
USR_06909,9,0.4286,18,1,3,209.62,0.3955,0.214,8,8,3,0,1,1189,12,0
USR_06910,15,0.625,13,2,24,3613.65,0.9141,-0.0589,12,12,5,0,0,772,7,0
USR_06911,2,0.2222,21,0,67,1043.02,0.51,-0.0108,2,2,0,0,1,945,5,0
USR_06912,0,0.0,139,0,146,5000.0,0.7065,0.0677,0,2,0,1,0,375,6,0
USR_06913,23,0.9583,2,3,2,169.63,0.4684,0.2365,19,21,7,0,0,1126,6,0
USR_06914,25,0.7353,28,3,38,3525.98,0.4823,0.3798,21,21,8,0,1,262,12,0
USR_06915,3,0.5,2,0,149,232.95,0.9534,-0.1851,3,4,1,1,0,1085,13,0
USR_06916,12,1.0,25,1,28,1361.35,0.5246,0.1648,10,10,4,0,1,66,3,0
USR_06917,18,0.5625,17,2,43,116.59,0.4795,0.1793,15,19,6,0,0,53,5,0
USR_06918,12,0.8,29,1,28,839.17,0.5647,0.0548,10,13,4,1,0,122,9,0
USR_06919,6,0.8571,16,0,106,887.81,0.6238,-0.5136,5,7,2,1,1,956,0,0
USR_06920,21,0.7241,1,2,40,464.65,0.6397,-0.0067,17,19,7,1,0,331,4,0
USR_06921,12,0.5714,2,1,21,218.34,0.4583,0.061,10,12,4,1,1,557,6,0
USR_06922,3,0.4286,2,0,106,531.39,0.3671,0.3908,3,7,1,0,1,581,7,0
USR_06923,6,0.6667,12,0,135,805.88,0.4859,0.3678,5,9,2,0,1,953,2,0
USR_06924,20,0.9091,22,2,21,264.81,0.696,0.1958,16,18,6,0,1,438,2,0
USR_06925,18,0.75,19,2,38,563.77,0.7254,0.723,15,16,6,1,0,37,1,0
USR_06926,16,0.7273,24,2,42,632.19,0.5733,0.168,14,15,5,0,0,482,4,0
USR_06927,11,0.6875,16,1,19,954.78,0.6382,-0.1407,9,11,3,0,0,367,12,0
USR_06928,2,0.1333,3,0,187,186.06,0.3729,0.2877,2,5,0,0,1,885,11,0
USR_06929,5,0.2632,5,0,38,413.25,0.6599,-0.0375,4,6,1,0,0,909,2,0
USR_06930,14,0.5185,4,1,36,765.76,0.5762,0.1304,12,15,4,0,0,137,1,0
USR_06931,23,0.7419,27,3,1,483.95,0.5703,-0.2736,19,19,7,1,0,957,9,0
USR_06932,4,0.2222,24,0,63,276.24,0.6182,-0.1579,3,4,1,1,0,112,7,0
USR_06933,18,0.8571,1,2,34,1406.2,0.4793,-0.4407,15,16,6,1,0,755,4,0
USR_06934,3,0.2143,6,0,129,1443.77,0.5201,0.007,3,5,1,1,1,485,3,0
USR_06935,18,0.6667,8,2,32,1215.19,0.1315,-0.1945,15,18,6,0,1,382,0,0
USR_06936,20,0.6897,21,2,30,496.28,0.4715,0.6867,16,18,6,1,0,595,9,0
USR_06937,15,0.9375,2,2,26,564.13,0.3769,0.373,12,16,5,0,1,393,5,0
USR_06938,17,0.8947,29,2,25,1805.85,0.8146,-0.1332,14,15,5,0,0,958,3,0
USR_06939,11,0.4583,8,1,5,1263.1,0.5357,-0.224,9,12,3,1,0,1161,12,0
USR_06940,8,0.6667,25,1,42,1828.47,0.6276,-0.2055,6,9,2,1,1,984,6,0
USR_06941,1,0.1667,20,0,142,711.28,0.7827,-0.2392,1,1,0,0,1,543,12,0
USR_06942,16,0.6154,11,2,12,1083.03,0.7693,-0.2796,13,13,5,0,0,618,4,0
USR_06943,11,0.4583,0,1,7,1131.5,0.5284,-0.0198,9,11,3,0,0,553,3,0
USR_06944,18,0.7826,16,2,9,2109.5,0.8139,-0.1952,15,19,6,1,0,958,12,0
USR_06945,22,0.6471,1,3,2,107.39,0.5549,-0.3116,19,19,7,0,0,676,13,0
USR_06946,26,0.7429,21,3,37,733.81,0.2703,0.3785,22,24,8,1,0,577,13,0
USR_06947,6,0.75,6,0,80,1426.02,0.6373,-0.1643,5,7,2,0,0,509,10,0
USR_06948,22,0.7333,28,2,2,1705.15,0.7623,-0.1701,18,20,7,0,0,468,3,0
USR_06949,12,0.4615,0,1,8,463.05,0.7485,0.4937,10,14,4,0,0,676,1,0
USR_06950,6,0.3,10,0,149,908.58,0.7452,0.5591,5,8,2,0,1,836,3,0
USR_06951,18,0.5625,11,2,9,1197.95,0.4414,0.2721,15,19,6,1,0,535,12,0
USR_06952,8,0.8889,23,1,8,1814.53,0.5472,0.0692,6,6,2,1,0,973,2,0
USR_06953,14,0.5385,6,1,31,884.15,0.4865,-0.2116,11,12,4,1,0,997,8,0
USR_06954,4,0.3636,23,0,153,817.14,0.3653,0.3167,3,7,1,0,1,532,12,0
USR_06955,15,0.7143,9,2,14,535.61,0.7766,-0.1561,12,16,5,0,1,1093,13,0
USR_06956,12,0.6667,2,1,23,1631.23,0.5935,-0.4301,10,11,4,1,0,232,12,0
USR_06957,9,0.4737,25,1,18,1798.85,0.7878,-0.1266,7,7,3,0,1,1120,4,0
USR_06958,10,0.5882,5,1,16,1532.81,0.5129,-0.3323,8,8,3,0,0,374,4,0
USR_06959,12,0.9231,12,1,2,1204.12,0.8822,-0.242,10,14,4,0,1,690,13,0
USR_06960,8,0.6154,18,1,31,809.21,0.1569,0.4201,7,10,2,0,0,361,1,0
USR_06961,3,0.1875,0,0,178,415.74,0.2609,0.4387,3,6,1,1,0,547,1,0
USR_06962,2,0.5,19,0,152,367.87,0.4803,-0.2095,1,5,0,0,0,427,13,0
USR_06963,7,0.7,16,0,181,1516.05,0.6994,-0.1996,5,9,2,1,0,855,6,0
USR_06964,7,0.875,23,1,36,1645.94,0.8761,-0.2589,6,9,2,0,1,124,4,0
USR_06965,10,0.5,3,1,16,809.5,0.5299,0.5269,8,9,3,1,0,1010,0,0
USR_06966,13,0.52,26,1,36,808.95,0.7051,0.466,11,14,4,0,0,1087,4,0
USR_06967,3,0.2,1,0,198,788.89,0.7527,-0.1953,2,4,1,0,1,688,12,0
USR_06968,17,0.9444,28,2,17,1735.14,0.6558,0.3299,14,16,5,1,0,670,5,0
USR_06969,4,0.2222,9,0,157,1218.31,0.2859,0.0781,3,7,1,0,0,848,3,0
USR_06970,5,0.2778,2,0,163,471.3,0.7971,0.127,4,7,1,0,0,262,4,0
USR_06971,19,0.6129,8,2,34,999.44,0.2595,0.1887,16,18,6,0,1,907,11,0
USR_06972,7,0.3684,14,1,8,187.47,0.6587,-0.0637,6,6,2,1,1,285,12,0
USR_06973,4,0.25,3,0,98,405.86,0.7036,-0.09,4,5,1,1,1,821,3,0
USR_06974,3,1.0,8,0,102,164.14,0.5971,0.4967,2,5,1,0,0,387,5,0
USR_06975,14,0.5833,8,1,21,335.16,0.2772,0.0041,12,15,4,1,1,902,2,0
USR_06976,27,0.675,4,3,42,361.01,0.7765,0.1215,22,26,9,1,1,955,3,0
USR_06977,14,0.6364,14,1,8,125.66,0.5782,0.5654,12,12,4,0,1,274,1,0
USR_06978,7,0.35,0,0,123,1699.19,0.9245,0.1611,6,6,2,0,0,752,4,0
USR_06979,11,1.0,7,1,10,442.75,0.3322,0.0308,9,10,3,0,0,613,5,0
USR_06980,18,0.6923,4,2,21,513.67,0.6659,-0.1143,15,18,6,1,0,374,2,0
USR_06981,4,0.2222,0,0,88,334.02,0.5985,-0.2104,3,3,1,0,0,718,2,0
USR_06982,14,0.6364,14,1,38,1045.69,0.8973,0.0875,11,14,4,1,0,1191,0,0
USR_06983,14,0.7,26,1,17,2007.45,0.5012,-0.1821,12,12,4,0,0,32,0,0
USR_06984,4,0.5,10,0,45,1010.45,0.7745,-0.0829,3,7,1,1,0,1149,7,0
USR_06985,2,0.1538,19,0,115,878.67,0.53,-0.5353,1,2,0,1,1,1031,1,0
USR_06986,17,0.5484,4,2,44,137.06,0.8113,0.1376,14,16,5,0,0,649,0,0
USR_06987,12,0.7059,21,1,17,613.33,0.5777,-0.2349,10,13,4,0,0,743,13,0
USR_06988,12,0.6316,20,1,24,1116.32,0.4761,0.5946,10,10,4,1,0,461,1,0
USR_06989,12,0.6667,12,1,3,1736.01,0.4629,-0.2313,10,13,4,0,0,181,11,0
USR_06990,12,0.5714,8,1,27,1080.55,0.2833,-0.0981,10,12,4,0,0,698,5,0
USR_06991,8,0.5714,17,1,3,3534.37,0.8143,-0.0102,7,9,2,0,0,985,7,0
USR_06992,7,0.4118,18,1,0,371.4,0.2436,-0.1088,6,8,2,0,0,300,5,0
USR_06993,13,0.4815,21,1,11,371.41,0.5783,-0.5287,10,14,4,1,0,868,1,0
USR_06994,15,0.7895,5,2,8,903.86,0.8236,0.0281,13,15,5,0,1,905,10,0
USR_06995,1,0.25,10,0,152,1848.57,0.4455,0.1548,1,2,0,0,0,917,10,0
USR_06996,4,0.3333,24,0,91,2102.92,0.5762,-0.0841,3,6,1,0,0,427,2,0
USR_06997,16,0.6957,24,2,9,130.54,0.8891,-0.0633,13,14,5,0,0,488,8,0
USR_06998,11,0.6471,24,1,39,726.58,0.7629,-0.0901,9,9,3,1,0,516,4,0
USR_06999,5,0.7143,23,0,93,1425.1,0.3521,-0.2366,4,7,1,0,1,1029,12,0
USR_07000,21,0.9545,2,2,0,1393.68,0.3541,-0.1767,18,22,7,0,0,1083,9,0
USR_07001,2,0.2222,8,0,184,1045.12,0.5581,0.4652,1,4,0,1,1,514,0,0
USR_07002,25,0.7143,8,3,32,621.3,0.4846,0.1487,21,25,8,0,0,1164,11,0
USR_07003,0,0.0,63,0,75,58.66,0.572,0.2601,0,1,0,0,0,697,13,0
USR_07004,7,0.3889,14,0,37,3446.13,0.784,-0.1469,6,6,2,0,0,480,8,0
USR_07005,8,0.8,5,1,42,1085.35,0.8192,0.2953,6,10,2,1,1,30,0,0
USR_07006,16,0.5333,23,2,42,328.52,0.7682,0.3591,13,14,5,0,0,744,9,0
USR_07007,8,0.4444,15,1,16,513.32,0.483,-0.1018,6,10,2,0,1,784,6,0
USR_07008,1,0.1,2,0,30,819.34,0.6826,0.7819,1,4,0,1,0,1163,2,0
USR_07009,16,0.5714,24,2,42,972.77,0.4862,-0.2684,13,14,5,1,0,870,11,0
USR_07010,14,0.5,9,1,29,218.8,0.5326,-0.3389,11,11,4,1,1,64,5,0
USR_07011,14,0.5385,16,1,39,301.04,0.6419,-0.2329,11,13,4,0,0,693,10,0
USR_07012,7,0.5,12,0,170,992.49,0.3419,-0.1292,6,8,2,0,1,899,6,0
USR_07013,7,0.4118,10,1,14,419.21,0.3571,0.2322,6,7,2,0,0,610,2,0
USR_07014,16,0.7273,9,2,0,160.31,0.7635,-0.1965,13,15,5,0,0,532,13,0
USR_07015,13,0.8667,12,1,16,353.14,0.4146,-0.5812,11,12,4,1,0,977,5,0
USR_07016,14,0.5,2,1,33,658.62,0.3802,-0.1597,12,16,4,0,0,745,4,0
USR_07017,3,0.25,20,0,150,179.25,0.4373,-0.0888,2,6,1,1,0,827,3,0
USR_07018,9,0.45,19,1,16,2460.08,0.4607,0.1241,7,9,3,0,0,573,0,0
USR_07019,14,0.5833,15,1,39,1720.75,0.8488,-0.7454,12,15,4,1,1,355,6,0
USR_07020,13,0.7222,26,1,13,1384.6,0.5406,-0.093,11,12,4,1,0,637,3,0
USR_07021,21,0.6562,16,2,23,715.28,0.5733,-0.0116,17,17,7,0,0,1152,12,0
USR_07022,4,0.5,11,0,199,247.5,0.4061,0.019,3,5,1,1,0,735,13,0
USR_07023,19,0.6552,18,2,9,339.89,0.8154,0.2197,16,16,6,1,0,857,8,0
USR_07024,22,0.6471,23,2,41,1916.95,0.4335,-0.2779,18,22,7,1,0,175,1,0
USR_07025,15,0.625,22,2,36,352.52,0.5522,-0.0387,13,14,5,0,0,1185,7,0
USR_07026,11,0.6111,17,1,17,648.02,0.8441,0.0274,9,12,3,1,1,316,0,0
USR_07027,14,0.5833,18,1,38,527.6,0.391,-0.0828,12,13,4,0,0,1166,10,0
USR_07028,14,0.9333,29,1,22,586.8,0.5274,0.1249,11,15,4,1,0,551,4,0
USR_07029,12,0.5,20,1,28,601.43,0.167,-0.2792,10,14,4,0,1,1105,12,0
USR_07030,19,0.7308,21,2,13,549.52,0.5773,0.1452,15,15,6,0,0,1073,3,0
USR_07031,20,0.7143,19,2,17,463.5,0.5741,-0.0724,16,20,6,1,1,913,1,0
USR_07032,16,0.8421,28,2,41,515.22,0.6997,0.2327,13,14,5,1,0,1102,13,0
USR_07033,2,0.5,27,0,178,562.86,0.7693,0.3473,2,6,0,0,0,743,4,0
USR_07034,8,0.6154,10,1,18,312.46,0.6735,0.2621,6,7,2,1,1,1023,10,0
USR_07035,10,0.4545,22,1,34,216.89,0.1437,-0.3909,8,12,3,1,0,231,12,0
USR_07036,5,1.0,19,0,195,494.6,0.5658,-0.1932,4,5,1,1,0,112,4,0
USR_07037,18,0.6667,16,2,34,330.22,0.3968,0.0707,15,18,6,0,0,665,3,0
USR_07038,14,0.5,15,1,17,630.93,0.2577,-0.1021,11,13,4,0,1,977,4,0
USR_07039,9,0.4737,26,1,22,283.29,0.045,-0.1868,7,9,3,0,0,925,10,1
USR_07040,22,0.8462,27,2,44,146.36,0.881,0.2578,18,19,7,1,0,647,13,0
USR_07041,8,0.6667,27,1,33,2129.6,0.1804,-0.3218,7,8,2,1,1,639,2,0
USR_07042,18,0.7826,9,2,41,400.99,0.7959,-0.4881,15,19,6,0,0,743,8,0
USR_07043,15,0.8824,10,2,8,112.28,0.8444,-0.2895,13,17,5,0,0,1045,2,0
USR_07044,8,0.5,2,1,37,1205.47,0.4801,0.1051,7,10,2,0,0,1014,5,0
USR_07045,5,0.3125,24,0,178,448.72,0.6027,0.4363,4,5,1,1,1,158,9,0
USR_07046,1,0.125,20,0,49,629.89,0.8296,0.5547,0,3,0,1,1,727,11,0
USR_07047,16,1.0,29,2,14,730.51,0.6628,-0.0765,14,17,5,0,0,475,3,0
USR_07048,12,0.5,22,1,32,1388.72,0.5311,-0.2883,10,14,4,1,1,965,2,0
USR_07049,5,0.4545,6,0,38,789.47,0.9253,0.0078,4,5,1,1,0,621,1,0
USR_07050,26,0.7879,8,3,22,201.63,0.4914,0.0469,22,23,8,0,0,1189,0,0
USR_07051,18,0.72,11,2,19,237.45,0.3202,-0.5116,15,18,6,0,1,535,2,0
USR_07052,16,0.64,22,2,23,195.91,0.4815,-0.552,13,16,5,0,0,824,11,0
USR_07053,6,1.0,12,0,176,415.33,0.8953,-0.3874,5,7,2,1,0,157,3,0
USR_07054,5,0.625,29,0,41,844.35,0.8901,0.3669,4,7,1,0,0,1120,2,0
USR_07055,5,0.3846,18,0,164,322.86,0.9194,-0.0767,4,6,1,1,0,209,8,0
USR_07056,23,0.8214,11,3,31,359.45,0.4822,-0.1633,19,20,7,0,1,472,1,0
USR_07057,8,0.8889,28,1,44,347.71,0.8146,0.1506,7,11,2,1,1,1010,1,0
USR_07058,18,0.5806,16,2,34,387.59,0.3837,0.323,15,19,6,1,1,1161,12,0
USR_07059,1,0.25,9,0,157,1066.56,0.3631,-0.2249,1,1,0,1,1,596,0,0
USR_07060,18,0.8571,11,2,19,492.85,0.7204,0.0397,15,17,6,0,0,597,3,0
USR_07061,23,0.6216,22,3,35,1508.76,0.9177,0.0663,19,19,7,1,0,87,5,0
USR_07062,14,0.8235,2,1,25,407.21,0.5548,0.2604,12,14,4,1,0,1175,1,0
USR_07063,7,0.4667,23,1,21,639.13,0.5615,-0.003,6,8,2,0,0,49,2,0
USR_07064,21,0.75,3,2,28,535.29,0.6236,-0.4377,17,19,7,0,0,60,1,0
USR_07065,5,0.2632,20,0,88,787.99,0.3957,-0.0079,4,4,1,1,0,583,2,0
USR_07066,6,0.3,21,0,57,961.31,0.4501,0.1042,5,9,2,1,1,34,11,0
USR_07067,3,0.3,17,0,49,641.63,0.4227,-0.0395,3,5,1,0,1,222,3,0
USR_07068,11,1.0,5,1,23,5000.0,0.7514,-0.2016,9,11,3,0,0,764,3,0
USR_07069,8,0.4,17,1,5,2138.31,0.8423,-0.3955,7,7,2,0,0,854,3,0
USR_07070,12,0.5714,24,1,8,410.12,0.7223,0.3356,10,14,4,1,0,378,13,0
USR_07071,14,1.0,8,1,6,1864.0,0.4899,0.2161,12,14,4,1,0,960,0,0
USR_07072,7,0.7778,27,0,174,1709.18,0.7046,0.0101,5,6,2,0,0,741,11,0
USR_07073,19,0.8261,4,2,17,226.86,0.726,-0.3089,16,18,6,0,0,297,2,0
USR_07074,13,0.52,26,1,19,119.64,0.8622,0.2063,11,11,4,0,0,863,13,0
USR_07075,8,0.6667,10,1,16,772.53,0.697,-0.1691,7,7,2,1,0,722,2,0
USR_07076,11,0.4583,21,1,32,585.02,0.9295,-0.5269,9,13,3,0,0,980,0,0
USR_07077,16,0.9412,6,2,21,89.58,0.5469,0.2711,13,15,5,1,0,210,4,0
USR_07078,7,0.5,18,0,44,721.32,0.9674,-0.6141,5,5,2,0,0,300,1,0
USR_07079,20,0.5882,19,2,13,676.1,0.3309,-0.073,17,18,6,0,1,385,8,0
USR_07080,15,0.625,14,2,42,400.25,0.6255,0.231,13,16,5,1,0,429,6,0
USR_07081,26,0.7879,25,3,27,2302.28,0.6539,0.0452,22,26,8,1,1,1069,6,0
USR_07082,19,0.7917,27,2,28,544.69,0.8612,0.2095,15,15,6,1,0,887,1,0
USR_07083,4,0.3333,4,0,163,475.09,0.8459,0.3217,3,5,1,0,0,666,7,0
USR_07084,14,0.8235,24,1,39,651.67,0.8232,-0.2874,12,14,4,1,1,662,2,0
USR_07085,4,0.3636,19,0,186,218.99,0.6503,-0.0006,3,4,1,0,0,1066,13,0
USR_07086,11,1.0,15,1,40,313.09,0.5751,-0.0183,9,13,3,0,1,552,8,0
USR_07087,10,0.7692,3,1,18,68.37,0.3665,-0.0311,8,8,3,0,1,293,5,0
USR_07088,7,0.4118,18,0,59,887.37,0.3499,0.1997,6,8,2,1,0,190,10,0
USR_07089,8,0.381,11,1,13,1355.81,0.5103,0.1907,6,10,2,1,0,416,5,0
USR_07090,8,0.5714,1,1,22,816.44,0.8276,0.2996,7,9,2,0,0,794,4,0
USR_07091,9,0.4737,5,1,6,767.19,0.4158,-0.2996,7,7,3,0,0,581,1,0
USR_07092,27,0.8182,2,3,19,605.75,0.8993,0.0917,22,24,9,1,1,523,6,0
USR_07093,11,0.9167,8,1,25,2161.99,0.3941,-0.3251,9,13,3,0,1,591,3,0
USR_07094,15,0.5172,5,2,37,573.64,0.7213,0.1243,12,12,5,1,1,1170,0,0
USR_07095,1,0.1429,25,0,39,1319.8,0.503,0.4866,1,2,0,1,0,1197,10,0
USR_07096,5,0.8333,8,0,144,1216.33,0.8069,0.4508,4,5,1,0,1,218,0,0
USR_07097,15,1.0,12,2,38,213.89,0.5478,-0.3913,12,13,5,1,1,163,6,0
USR_07098,10,0.7692,22,1,34,1086.63,0.5023,-0.3361,8,12,3,0,0,315,0,0
USR_07099,10,0.5,3,1,21,263.4,0.1843,0.1271,9,12,3,0,1,1026,3,0
USR_07100,4,0.5,10,0,44,410.08,0.4562,-0.1721,3,5,1,0,0,567,10,0
USR_07101,5,0.4167,5,0,71,556.19,0.9158,0.375,4,4,1,1,0,1040,0,0
USR_07102,9,0.8182,15,1,31,1750.55,0.3151,0.2255,8,9,3,0,0,786,6,0
USR_07103,19,0.5938,25,2,18,362.49,0.8445,0.1501,16,17,6,0,0,677,5,0
USR_07104,9,0.3913,16,1,24,837.91,0.823,-0.3172,8,12,3,0,0,359,10,0
USR_07105,9,0.3913,12,1,0,184.49,0.3603,0.2362,7,10,3,1,0,432,0,0
USR_07106,18,0.6667,2,2,14,553.64,0.1253,0.1734,15,19,6,0,0,202,9,0
USR_07107,5,0.8333,28,0,54,438.68,0.8902,-0.019,4,8,1,0,0,637,3,0
USR_07108,6,0.8571,13,0,69,1764.39,0.6756,-0.4401,5,8,2,1,0,358,3,0
USR_07109,5,0.8333,16,0,134,353.13,0.8678,0.4459,4,6,1,0,1,372,2,0
USR_07110,13,0.65,15,1,42,184.22,0.4462,-0.3438,11,14,4,0,0,76,3,0
USR_07111,18,0.5806,15,2,18,455.66,0.2957,-0.4488,15,15,6,0,0,964,4,0
USR_07112,7,0.3889,3,1,19,393.38,0.5059,0.144,6,10,2,0,0,1128,0,0
USR_07113,11,0.6111,13,1,34,783.13,0.3577,0.307,9,13,3,0,1,612,3,0
USR_07114,24,0.6857,12,3,38,1855.13,0.525,-0.2227,20,22,8,1,0,657,6,0
USR_07115,12,0.6316,23,1,15,493.32,0.1705,-0.2853,10,14,4,0,0,1113,4,0
USR_07116,17,0.6538,12,2,7,865.32,0.3887,0.097,14,15,5,1,1,628,0,0
USR_07117,9,0.5294,25,1,29,596.86,0.7683,0.5668,7,10,3,1,0,758,2,0
USR_07118,3,0.25,19,0,103,964.84,0.3436,0.5158,2,6,1,0,1,530,3,0
USR_07119,12,0.6667,3,1,32,295.92,0.5576,0.2764,10,12,4,1,0,631,6,0
USR_07120,9,0.45,26,1,21,635.14,0.5404,0.0904,7,8,3,1,0,640,12,0
USR_07121,15,0.625,12,2,44,1377.63,0.7484,-0.0659,13,15,5,0,0,861,4,0
USR_07122,18,0.8182,21,2,13,351.84,0.8211,-0.0772,15,19,6,1,0,736,6,0
USR_07123,15,0.5172,8,2,34,563.16,0.5617,-0.0933,13,14,5,0,1,619,0,0
USR_07124,7,0.5,22,1,0,612.26,0.2395,0.0526,6,10,2,0,1,118,13,0
USR_07125,1,0.1,26,0,34,197.42,0.5182,-0.1396,1,2,0,1,0,1088,2,0
USR_07126,6,0.4615,0,0,101,1151.59,0.7763,-0.0834,5,8,2,0,0,1069,2,0
USR_07127,5,0.5556,22,0,67,409.89,0.6327,-0.1872,4,7,1,1,0,245,1,0
USR_07128,8,0.8889,22,1,7,622.96,0.8353,-0.0531,6,8,2,0,1,373,0,0
USR_07129,2,0.4,8,0,141,1056.84,0.9594,-0.0292,1,2,0,0,0,1168,9,0
USR_07130,6,0.3,11,0,143,1146.04,0.749,0.0722,5,5,2,0,0,405,1,0
USR_07131,7,0.3333,12,1,5,249.86,0.8318,0.163,6,6,2,1,0,980,2,0
USR_07132,6,0.75,13,0,179,900.89,0.4507,0.8802,5,7,2,0,0,949,1,0
USR_07133,11,0.5789,12,1,33,1421.54,0.7162,0.3713,9,9,3,1,0,1037,13,0
USR_07134,13,0.8125,27,1,14,382.59,0.6937,0.3416,11,11,4,0,0,48,9,0
USR_07135,11,0.5789,27,1,16,1221.49,0.6622,0.3951,9,12,3,0,0,595,12,0
USR_07136,8,0.4706,28,1,12,900.61,0.6973,0.1501,7,9,2,1,0,691,10,0
USR_07137,13,1.0,14,1,28,960.83,0.3951,-0.4785,11,13,4,0,0,1009,12,0
USR_07138,13,0.4815,20,1,30,1293.37,0.5776,0.1582,11,13,4,1,0,292,4,0
USR_07139,2,0.1333,0,0,198,319.8,0.4574,-0.0956,2,2,0,1,0,388,0,0
USR_07140,8,0.3636,0,1,24,304.94,0.5184,-0.1633,6,7,2,0,1,240,2,0
USR_07141,4,0.3636,21,0,138,1646.6,0.6283,-0.4503,4,8,1,0,0,921,2,0
USR_07142,4,0.2857,19,0,62,508.63,0.5968,-0.419,3,3,1,0,0,1198,7,0
USR_07143,5,0.2632,2,0,60,204.5,0.8556,-0.0587,4,4,1,1,0,194,0,0
USR_07144,18,0.9,19,2,17,575.77,0.2805,0.0856,15,17,6,1,0,302,0,0
USR_07145,22,0.9167,18,2,9,602.35,0.545,0.0083,18,20,7,0,1,389,6,0
USR_07146,8,0.4,22,1,1,799.36,0.7752,-0.1282,7,10,2,0,0,1070,0,0
USR_07147,7,0.6364,15,1,44,483.17,0.2562,0.1507,6,10,2,0,0,551,0,0
USR_07148,18,0.9,22,2,18,2640.49,0.6842,0.2142,15,15,6,1,0,359,0,0
USR_07149,19,0.8636,22,2,32,321.24,0.3874,0.1617,15,16,6,0,0,407,7,0
USR_07150,10,0.5,17,1,38,139.2,0.693,0.1751,8,12,3,0,0,729,0,0
USR_07151,11,0.6875,16,1,1,203.36,0.7438,0.2321,9,10,3,1,0,482,0,0
USR_07152,17,0.8095,23,2,17,364.78,0.7419,-0.5393,14,14,5,1,1,194,1,0
USR_07153,20,0.5882,5,2,17,961.84,0.6443,0.1123,16,19,6,0,1,989,8,0
USR_07154,15,0.5172,29,2,28,557.59,0.321,-0.1714,13,13,5,1,1,524,1,0
USR_07155,5,0.4545,26,0,111,866.81,0.823,0.5504,4,7,1,0,1,330,0,0
USR_07156,20,0.8696,16,2,30,383.88,0.6935,0.3399,16,20,6,0,1,882,12,0
USR_07157,3,0.2,27,0,131,912.0,0.9445,0.087,3,4,1,1,0,901,11,0
USR_07158,18,0.6207,21,2,10,184.73,0.6707,-0.0594,15,17,6,0,0,211,1,0
USR_07159,9,0.45,12,1,21,744.6,0.7642,-0.6484,7,11,3,1,0,116,1,0
USR_07160,5,0.625,12,0,93,1056.58,0.468,-0.345,4,7,1,0,1,83,1,0
USR_07161,11,0.7333,18,1,24,312.96,0.7655,-0.143,9,13,3,0,0,925,7,0
USR_07162,13,0.9286,7,1,27,2511.37,0.6495,0.1116,11,11,4,0,0,762,1,0
USR_07163,9,0.5294,16,1,13,145.92,0.4138,-0.1164,8,8,3,1,0,956,12,0
USR_07164,20,1.0,12,2,21,1146.19,0.5183,0.442,17,18,6,0,1,762,10,0
USR_07165,26,0.6842,16,3,17,1275.82,0.3681,-0.1766,21,24,8,0,1,499,5,0
USR_07166,13,0.7647,12,1,22,327.22,0.6224,0.6945,11,12,4,0,0,719,0,0
USR_07167,6,0.4,2,0,59,842.2,0.734,-0.3703,5,8,2,1,0,875,11,0
USR_07168,8,0.8,21,1,29,328.77,0.7839,0.214,7,10,2,0,0,496,7,0
USR_07169,2,0.4,14,0,192,826.21,0.5902,-0.0334,2,6,0,1,0,1100,9,0
USR_07170,16,0.8,5,2,34,546.81,0.1719,-0.0944,13,13,5,1,0,1082,0,0
USR_07171,3,0.2,6,0,153,653.67,0.7923,-0.0197,3,7,1,0,0,966,7,0
USR_07172,2,0.125,15,0,77,409.04,0.777,-0.2409,2,4,0,0,0,1190,9,0
USR_07173,8,0.5,23,1,19,410.79,0.6589,0.0801,7,7,2,1,0,486,13,0
USR_07174,6,0.8571,7,0,94,351.7,0.7033,-0.2271,5,6,2,1,0,163,5,0
USR_07175,3,0.1765,25,0,85,1091.82,0.534,0.0651,2,2,1,0,0,596,4,0
USR_07176,13,0.7647,23,1,21,2480.08,0.8107,0.118,11,12,4,0,0,902,3,0
USR_07177,10,0.5263,0,1,18,4037.47,0.7968,0.043,8,9,3,0,0,941,7,0
USR_07178,10,0.7692,4,1,0,1380.42,0.6674,-0.1552,9,10,3,1,0,484,12,0
USR_07179,16,0.7273,22,2,15,650.69,0.7687,0.4158,13,16,5,1,1,372,5,0
USR_07180,8,1.0,16,1,3,1451.34,0.3603,-0.5216,6,10,2,0,1,551,1,0
USR_07181,11,0.6471,3,1,19,866.08,0.5134,0.1408,9,12,3,0,0,970,0,0
USR_07182,9,0.4737,29,1,17,497.12,0.4506,0.5141,7,11,3,0,0,100,5,0
USR_07183,5,0.2778,0,0,129,3171.55,0.4023,0.33,4,6,1,1,0,413,10,0
USR_07184,13,0.4815,12,1,43,1432.48,0.7701,-0.3323,11,14,4,0,0,298,0,0
USR_07185,19,0.5758,0,2,32,361.94,0.8497,-0.2147,16,17,6,0,0,973,3,0
USR_07186,13,0.4815,27,1,28,1418.08,0.6184,-0.0316,11,13,4,0,0,579,12,0
USR_07187,18,0.75,13,2,30,1041.78,0.4121,-0.3449,15,19,6,0,0,131,4,0
USR_07188,5,0.625,18,0,75,310.52,0.6018,-0.2108,4,4,1,1,0,336,1,0
USR_07189,10,0.8333,24,1,11,698.16,0.7291,-0.4435,8,12,3,1,0,81,2,0
USR_07190,8,0.8,7,1,38,628.66,0.3112,0.2019,6,7,2,0,0,586,3,0
USR_07191,24,1.0,9,3,18,82.46,0.801,0.3225,20,20,8,1,0,1197,0,0
USR_07192,8,0.4444,18,1,32,213.3,0.4698,-0.2058,6,10,2,0,1,693,6,0
USR_07193,10,0.7143,27,1,23,1577.77,0.5505,-0.1046,8,9,3,1,0,1047,5,0
USR_07194,16,0.6957,5,2,0,371.55,0.5833,-0.2911,13,16,5,1,0,898,6,0
USR_07195,12,0.7059,12,1,39,1059.48,0.5108,0.1682,10,12,4,0,1,1062,5,0
USR_07196,7,0.4667,7,1,0,1826.76,0.4096,-0.2165,6,9,2,1,0,393,0,0
USR_07197,9,0.6,5,1,15,126.62,0.7897,-0.2855,8,9,3,1,0,1142,0,0
USR_07198,3,0.2727,5,0,44,2409.62,0.4011,0.2165,3,5,1,1,1,309,0,0
USR_07199,0,0.0,158,0,173,579.08,0.9292,0.3566,0,3,0,0,0,542,0,0
USR_07200,8,0.381,3,1,37,905.65,0.7578,0.0341,6,9,2,0,1,827,8,0
USR_07201,9,0.5625,18,1,42,3132.52,0.5451,-0.5036,8,8,3,0,0,365,0,0
USR_07202,5,0.3333,5,0,116,1437.47,0.3748,0.3338,4,7,1,0,0,339,6,0
USR_07203,18,0.5625,15,2,11,576.64,0.8199,-0.4823,15,19,6,1,0,182,0,0
USR_07204,10,0.9091,7,1,0,433.79,0.6129,-0.3777,8,8,3,0,0,34,0,0
USR_07205,2,0.4,13,0,160,464.18,0.9459,-0.1181,2,5,0,0,0,616,0,0
USR_07206,8,0.5,4,1,14,422.95,0.7014,0.082,6,8,2,0,0,1184,4,0
USR_07207,4,0.2857,5,0,132,1825.76,0.8674,-0.1337,3,5,1,1,0,287,6,0
USR_07208,13,0.65,9,1,22,1024.36,0.6838,0.3892,11,12,4,1,0,544,10,0
USR_07209,18,1.0,20,2,6,786.48,0.9357,0.0743,15,18,6,0,0,1124,0,0
USR_07210,6,0.375,12,0,51,558.13,0.6372,0.0124,5,8,2,1,0,933,5,0
USR_07211,9,0.5,10,1,44,1190.97,0.7023,-0.4025,7,7,3,0,0,34,9,0
USR_07212,10,1.0,17,1,14,147.28,0.82,0.3997,8,11,3,1,0,615,2,0
USR_07213,16,0.5333,29,2,35,2951.56,0.42,-0.0453,13,17,5,1,0,197,0,0
USR_07214,13,0.5,24,1,31,536.81,0.6169,-0.3058,10,13,4,0,1,319,0,0
USR_07215,10,0.7143,12,1,19,310.51,0.5728,-0.1944,8,12,3,0,0,318,0,0
USR_07216,7,0.4375,15,0,50,1664.4,0.8661,0.4133,6,8,2,0,0,746,11,0
USR_07217,8,0.4,6,1,25,1633.63,0.3883,0.0749,6,8,2,0,0,262,3,0
USR_07218,5,0.4545,21,0,72,626.82,0.6928,-0.0642,4,5,1,1,0,324,4,0
USR_07219,4,0.8,25,0,89,1923.69,0.5305,-0.1652,3,3,1,1,1,294,8,0
USR_07220,9,0.6,25,1,42,1483.77,0.8868,0.1474,8,10,3,0,0,447,3,0
USR_07221,24,0.8276,6,3,11,901.33,0.256,-0.4254,20,24,8,0,1,797,6,0
USR_07222,25,0.6757,22,3,24,179.08,0.6017,0.0438,21,24,8,0,0,497,0,0
USR_07223,10,1.0,5,1,40,735.92,0.5436,-0.1474,9,12,3,0,0,413,4,0
USR_07224,15,0.5172,0,2,31,669.86,0.6076,-0.4232,13,13,5,0,0,635,0,0
USR_07225,12,0.7059,21,1,26,545.11,0.6479,-0.1051,10,10,4,0,1,749,1,0
USR_07226,20,0.8,12,2,3,494.47,0.6972,-0.4402,16,16,6,1,1,47,2,0
USR_07227,13,0.7647,8,1,16,1213.49,0.7886,-0.1785,10,12,4,0,0,1071,7,0
USR_07228,5,1.0,15,0,41,245.69,0.7372,-0.6605,4,5,1,1,0,1102,6,0
USR_07229,7,0.4118,12,0,151,1728.83,0.5977,-0.1991,5,5,2,0,0,734,8,0
USR_07230,5,0.3125,7,0,165,638.87,0.5768,-0.3658,4,6,1,0,0,702,0,0
USR_07231,7,0.6364,13,1,19,339.11,0.23,-0.0228,6,6,2,0,1,842,13,0
USR_07232,19,0.95,1,2,15,527.35,0.8272,-0.0566,15,15,6,1,0,545,0,0
USR_07233,9,0.4286,23,1,8,779.96,0.5358,0.0755,7,9,3,1,0,457,10,0
USR_07234,21,0.6774,28,2,21,2108.71,0.5835,0.3574,18,22,7,0,1,442,8,0
USR_07235,4,0.5,17,0,40,1173.98,0.7482,0.3669,4,8,1,0,0,216,5,0
USR_07236,7,0.4118,18,1,7,1711.23,0.7478,-0.1142,6,6,2,0,0,1014,3,0
USR_07237,10,0.7692,22,1,42,632.36,0.809,-0.0013,9,12,3,0,0,405,8,0
USR_07238,18,0.6667,14,2,24,561.29,0.2192,-0.3044,15,19,6,0,0,362,8,0
USR_07239,5,0.4167,29,0,182,2938.11,0.8936,-0.0558,4,5,1,1,1,1158,0,0
USR_07240,5,0.7143,8,0,79,595.74,0.2186,0.4066,4,6,1,0,1,622,9,0
USR_07241,17,0.6538,21,2,17,429.15,0.4016,-0.2773,14,15,5,1,0,757,0,0
USR_07242,9,0.8182,8,1,37,395.49,0.7005,0.5868,8,8,3,0,1,317,4,0
USR_07243,11,0.4583,8,1,24,842.09,0.2623,-0.5971,9,10,3,0,0,354,6,0
USR_07244,11,0.9167,12,1,29,279.43,0.1406,0.0493,9,13,3,1,1,882,10,0
USR_07245,16,0.5714,23,2,25,770.07,0.554,-0.2564,14,16,5,1,0,557,3,0
USR_07246,14,0.7778,12,1,25,758.34,0.5112,-0.6948,12,12,4,0,1,202,1,0
USR_07247,14,0.6667,25,1,19,1067.34,0.6579,0.2789,12,16,4,0,0,1007,4,0
USR_07248,18,0.6,11,2,34,164.05,0.3465,0.0225,15,18,6,1,0,501,1,0
USR_07249,14,0.5,12,1,42,134.46,0.6003,0.1268,11,14,4,0,0,812,4,0
USR_07250,16,0.6957,15,2,15,468.61,0.4038,-0.2307,13,14,5,0,0,429,3,0
USR_07251,9,0.6923,19,1,14,594.93,0.838,0.2338,8,9,3,0,0,685,9,0
USR_07252,4,0.2667,13,0,121,272.13,0.5792,-0.1352,4,4,1,0,0,937,1,0
USR_07253,5,0.2632,14,0,171,222.58,0.291,0.2863,4,7,1,0,1,1065,1,0
USR_07254,7,0.6364,1,1,20,940.03,0.8197,-0.1489,6,7,2,0,0,272,4,0
USR_07255,13,0.7222,3,1,44,518.26,0.283,0.2854,11,15,4,1,0,816,0,0
USR_07256,7,0.3684,4,1,31,1270.18,0.6869,0.1209,6,8,2,1,0,1100,1,0
USR_07257,7,0.7,21,1,9,221.24,0.7581,0.4555,6,8,2,0,0,781,2,0
USR_07258,1,0.1111,11,0,35,609.99,0.5109,0.1225,1,1,0,0,0,197,4,0
USR_07259,7,0.5833,13,1,42,2535.08,0.7913,0.3386,6,9,2,1,0,252,1,0
USR_07260,11,0.6111,16,1,23,524.33,0.5911,0.0998,9,13,3,1,0,267,5,0
USR_07261,14,0.6364,10,1,38,417.07,0.7883,0.2696,12,13,4,0,0,154,11,0
USR_07262,11,0.6111,3,1,36,1379.76,0.3705,0.0282,9,13,3,0,0,911,4,0
USR_07263,7,0.5,14,1,34,1763.18,0.8753,0.0259,6,6,2,0,1,1159,2,0
USR_07264,18,0.7826,10,2,29,400.15,0.5016,0.3903,15,17,6,0,0,634,0,0
USR_07265,26,1.0,17,3,5,424.36,0.4319,0.0267,22,25,8,1,1,730,0,0
USR_07266,17,0.6071,18,2,13,1329.12,0.5859,-0.4677,14,14,5,1,1,935,5,0
USR_07267,18,0.7826,22,2,1,845.58,0.8053,0.1172,15,19,6,0,0,516,6,0
USR_07268,2,0.6667,15,0,162,860.97,0.6172,0.4041,1,2,0,1,0,582,0,0
USR_07269,17,0.7083,27,2,7,803.79,0.6919,0.021,14,14,5,0,1,719,1,0
USR_07270,9,0.4286,29,1,27,638.74,0.8204,-0.0055,7,7,3,0,0,386,2,0
USR_07271,12,0.5714,20,1,18,1483.37,0.6676,-0.1516,10,13,4,0,0,102,2,0
USR_07272,10,0.5556,27,1,42,2019.98,0.6539,-0.1741,8,8,3,0,1,694,13,0
USR_07273,16,0.5333,29,2,35,291.83,0.8149,-0.2549,13,15,5,1,1,991,1,0
USR_07274,15,0.6,25,2,10,1352.48,0.7499,-0.0642,12,14,5,0,0,115,0,0
USR_07275,17,0.5484,4,2,17,642.18,0.4643,-0.4129,14,17,5,1,1,283,2,0
USR_07276,2,0.1333,20,0,151,237.76,0.6783,-0.5901,1,1,0,0,0,337,0,0
USR_07277,11,0.6111,4,1,1,317.52,0.616,-0.0237,9,10,3,0,0,971,0,0
USR_07278,8,0.8889,8,1,32,479.35,0.6995,0.2393,7,8,2,0,1,620,3,0
USR_07279,12,0.6,23,1,3,1550.79,0.7502,-0.4697,10,14,4,0,1,655,2,0
USR_07280,13,0.4815,16,1,36,290.8,0.8069,0.6687,11,14,4,0,1,784,0,0
USR_07281,10,0.5,19,1,20,157.5,0.9437,0.2692,8,10,3,0,0,353,5,0
USR_07282,6,0.6667,11,0,34,538.16,0.7127,0.0678,5,9,2,0,0,864,4,0
USR_07283,6,0.3333,25,0,60,453.99,0.7055,0.4728,5,5,2,0,0,65,0,0
USR_07284,14,0.5385,10,1,28,1566.36,0.3901,-0.123,12,14,4,0,1,163,10,0
USR_07285,21,0.6562,20,2,34,816.91,0.3963,0.0105,17,17,7,0,0,984,2,0
USR_07286,17,0.8947,23,2,18,1176.11,0.7369,-0.4765,14,15,5,0,1,800,13,0
USR_07287,13,0.5652,0,1,11,485.55,0.7048,0.0338,11,15,4,1,1,236,12,0
USR_07288,20,0.625,25,2,44,251.1,0.6903,0.1775,16,18,6,0,1,543,3,0
USR_07289,5,0.4545,20,0,102,1900.24,0.6106,-0.0809,4,7,1,0,0,90,1,0
USR_07290,1,0.0909,5,0,80,414.94,0.4975,-0.0677,0,4,0,0,0,816,10,0
USR_07291,6,0.3158,6,0,158,1116.46,0.6825,-0.3493,5,5,2,0,0,914,2,0
USR_07292,4,0.2667,2,0,112,495.5,0.4346,0.4562,3,7,1,1,0,355,0,0
USR_07293,18,0.6667,13,2,24,1125.61,0.5938,-0.5434,15,17,6,0,1,439,4,0
USR_07294,18,0.75,1,2,30,846.94,0.5966,0.5126,15,18,6,1,0,307,4,0
USR_07295,13,0.8667,20,1,39,736.95,0.7283,-0.2365,11,15,4,1,0,485,10,0
USR_07296,14,0.7778,2,1,30,925.77,0.2862,-0.5053,12,13,4,1,0,348,7,0
USR_07297,11,0.5789,19,1,38,548.48,0.6779,-0.0652,9,11,3,0,0,319,11,0
USR_07298,16,0.5926,21,2,12,170.05,0.5644,-0.0573,13,14,5,0,0,533,8,0
USR_07299,18,0.8182,11,2,7,838.09,0.3087,0.0319,15,17,6,0,1,1035,6,0
USR_07300,13,0.7222,10,1,4,1662.98,0.231,-0.1996,11,12,4,0,1,922,4,0
USR_07301,9,0.75,21,1,1,641.96,0.4605,0.4686,7,7,3,0,1,377,13,0
USR_07302,10,0.6667,27,1,20,517.57,0.6413,0.1963,8,10,3,0,1,1133,13,0
USR_07303,8,0.4706,28,1,38,819.66,0.8241,0.0228,6,10,2,0,1,275,10,0
USR_07304,9,1.0,18,1,2,1455.91,0.5996,-0.0897,7,10,3,1,0,1095,9,0
USR_07305,19,0.6786,6,2,29,531.21,0.701,0.7671,16,18,6,0,1,391,5,0
USR_07306,20,1.0,10,2,36,201.21,0.9616,-0.0902,17,19,6,0,1,662,1,0
USR_07307,22,0.6111,3,2,41,754.73,0.5852,-0.031,18,22,7,0,0,267,11,0
USR_07308,16,0.5926,0,2,36,890.4,0.9593,-0.1199,13,13,5,0,1,921,0,0
USR_07309,7,0.3333,4,0,32,764.55,0.6111,0.3551,6,6,2,0,1,401,1,0
USR_07310,5,0.5,23,0,44,447.79,0.8748,0.0249,4,5,1,1,0,1050,3,0
USR_07311,10,0.625,13,1,44,869.19,0.9252,-0.2704,8,8,3,1,0,127,5,0
USR_07312,10,0.5882,17,1,4,552.99,0.7576,0.1512,8,8,3,0,1,617,5,0
USR_07313,20,0.9091,8,2,44,468.85,0.6338,0.1977,16,18,6,0,1,215,0,0
USR_07314,13,0.5652,1,1,42,529.22,0.5387,-0.192,11,15,4,1,0,1070,0,0
USR_07315,8,0.8,14,1,12,763.89,0.8255,0.1685,7,7,2,1,0,517,1,0
USR_07316,19,0.6129,13,2,36,832.68,0.297,0.6452,16,20,6,0,0,819,2,0
USR_07317,5,0.2632,2,0,82,441.0,0.6974,0.4681,4,7,1,1,0,1058,0,0
USR_07318,20,0.8696,19,2,5,779.96,0.3496,0.3546,17,19,6,1,0,656,7,0
USR_07319,9,0.6429,7,1,16,902.77,0.535,0.0477,8,8,3,0,0,97,1,0
USR_07320,23,1.0,15,3,10,1038.91,0.4548,0.0321,19,19,7,1,0,288,2,0
USR_07321,5,0.5,10,0,94,977.99,0.8368,0.3437,4,4,1,0,1,278,2,0
USR_07322,8,0.7273,2,1,12,1885.88,0.2825,-0.5275,7,10,2,1,0,1099,4,0
USR_07323,13,0.5909,28,1,12,1151.65,0.7239,-0.0481,11,14,4,1,0,1092,10,0
USR_07324,19,0.6333,18,2,15,3305.48,0.4479,-0.2189,16,19,6,0,0,588,0,0
USR_07325,7,1.0,8,0,52,1518.11,0.5319,-0.1896,6,6,2,1,0,1071,2,0
USR_07326,3,0.6,6,0,110,1479.96,0.699,0.1113,2,3,1,0,0,317,7,0
USR_07327,12,0.5714,1,1,39,249.37,0.67,0.1668,10,11,4,1,1,824,0,0
USR_07328,3,0.3333,23,0,113,1218.1,0.4114,-0.2436,2,2,1,0,0,488,10,0
USR_07329,4,0.2353,9,0,60,1314.02,0.7532,-0.5019,3,5,1,1,0,311,13,0
USR_07330,19,0.6333,6,2,40,642.03,0.6906,0.3264,16,18,6,0,0,322,5,0
USR_07331,20,0.6667,28,2,39,129.26,0.8407,0.0854,17,18,6,1,0,521,13,0
USR_07332,5,0.2632,29,0,160,103.19,0.5455,-0.0613,4,6,1,0,0,427,3,0
USR_07333,5,0.4545,12,0,32,531.85,0.6433,-0.2909,4,5,1,0,0,277,3,0
USR_07334,7,0.4375,17,0,66,432.52,0.3183,0.0997,5,7,2,0,0,420,0,0
USR_07335,22,0.9565,24,2,38,201.72,0.5512,-0.2481,18,22,7,1,0,180,0,0
USR_07336,15,0.9375,18,2,1,906.61,0.8774,-0.1566,12,13,5,0,0,1164,1,0
USR_07337,8,0.7273,8,1,12,268.6,0.4189,0.2644,7,9,2,1,0,474,4,0
USR_07338,20,0.8333,22,2,38,175.45,0.9698,0.1712,17,18,6,1,0,155,4,0
USR_07339,19,0.8636,4,2,4,3465.69,0.7702,0.1362,15,18,6,0,1,703,1,0
USR_07340,7,0.4118,16,1,11,995.99,0.7643,0.3067,6,10,2,1,0,1063,5,0
USR_07341,26,0.8387,14,3,37,473.1,0.1906,-0.3328,21,21,8,0,0,451,1,0
USR_07342,6,0.375,17,0,71,214.85,0.9005,0.2729,5,5,2,0,0,1018,2,0
USR_07343,11,0.8462,21,1,12,327.5,0.674,0.2712,9,11,3,1,0,744,1,0
USR_07344,10,0.6667,1,1,39,404.23,0.4293,0.3565,8,9,3,1,1,894,7,0
USR_07345,19,0.7037,25,2,13,430.56,0.3828,0.1138,16,20,6,0,0,376,4,0
USR_07346,7,0.3333,9,1,9,513.82,0.4356,0.0244,6,6,2,0,0,73,8,0
USR_07347,21,0.8077,7,2,18,258.58,0.4336,0.1793,18,22,7,1,1,434,0,0
USR_07348,1,0.1111,15,0,34,330.7,0.5032,0.3385,1,2,0,0,0,1111,3,0
USR_07349,13,0.65,29,1,27,169.21,0.4048,0.0129,11,12,4,0,0,955,13,0
USR_07350,16,1.0,25,2,11,136.46,0.7292,0.2736,13,17,5,1,0,947,0,0
USR_07351,15,0.7895,14,2,28,194.72,0.2462,-0.9701,13,13,5,0,0,1057,3,0
USR_07352,8,0.6667,17,1,0,408.37,0.6341,-0.5165,6,8,2,0,1,466,0,0
USR_07353,6,0.5,15,0,70,519.89,0.5233,0.3044,5,8,2,1,0,406,0,0
USR_07354,9,0.8182,20,1,11,965.12,0.8065,0.1044,8,11,3,1,0,1112,3,0
USR_07355,17,0.6296,25,2,42,927.22,0.2301,0.1311,14,17,5,1,1,698,0,0
USR_07356,12,0.6316,4,1,31,1095.56,0.3233,-0.1336,10,10,4,1,0,378,4,0
USR_07357,16,0.9412,12,2,2,521.14,0.2712,-0.5145,13,13,5,0,1,355,12,0
USR_07358,10,0.6667,17,1,3,1123.61,0.673,0.3613,8,8,3,0,0,1056,1,0
USR_07359,10,0.5882,22,1,37,119.74,0.4748,0.2168,8,12,3,0,0,92,0,0
USR_07360,5,0.625,2,0,162,1078.16,0.4668,0.3775,4,5,1,1,0,102,10,0
USR_07361,21,0.7,17,2,32,644.3,0.1353,-0.62,17,21,7,0,1,893,3,0
USR_07362,21,0.6562,23,2,13,1435.63,0.5541,0.3128,17,18,7,1,0,31,11,0
USR_07363,25,0.7143,4,3,13,77.95,0.416,0.2875,21,23,8,0,0,230,2,0
USR_07364,19,0.6552,5,2,7,1379.77,0.7696,0.1718,16,19,6,1,0,1189,5,0
USR_07365,9,0.4091,0,1,26,181.09,0.6053,0.0263,7,10,3,0,1,528,12,0
USR_07366,14,0.6667,25,1,25,1628.38,0.4368,-0.1921,11,14,4,0,0,881,0,0
USR_07367,10,0.4762,28,1,24,338.84,0.6102,0.1701,8,9,3,1,0,599,9,0
USR_07368,18,0.7826,14,2,41,927.37,0.4178,-0.1296,15,16,6,0,0,135,6,0
USR_07369,5,0.3125,25,0,122,620.83,0.0977,0.2147,4,6,1,1,0,245,10,0
USR_07370,25,0.7576,17,3,41,1497.99,0.8653,-0.1361,21,22,8,0,0,920,0,0
USR_07371,21,0.6176,29,2,33,750.66,0.5271,-0.0754,17,19,7,1,0,140,3,0
USR_07372,13,0.9286,3,1,5,2336.16,0.5399,-0.2547,11,11,4,1,0,725,0,0
USR_07373,13,0.5,20,1,23,373.89,0.6505,-0.0069,11,15,4,0,0,437,13,0
USR_07374,10,0.7692,21,1,43,290.63,0.2104,0.0114,9,10,3,0,1,463,0,0
USR_07375,15,0.5556,19,2,32,394.31,0.7095,0.3775,12,16,5,0,0,1144,0,0
USR_07376,15,0.75,14,2,5,1103.97,0.6341,0.0387,13,14,5,0,1,738,11,0
USR_07377,9,0.5,6,1,8,1141.18,0.4257,-0.841,8,11,3,0,0,749,2,0
USR_07378,6,0.5455,5,0,139,237.54,0.569,0.7503,5,6,2,0,0,439,5,0
USR_07379,11,0.4783,19,1,31,337.5,0.3135,-0.1749,9,10,3,1,0,476,2,0
USR_07380,14,0.5833,17,1,19,837.76,0.9315,-0.4968,12,16,4,0,1,832,6,0
USR_07381,10,0.7143,14,1,19,1801.38,0.6473,0.326,8,8,3,1,1,75,1,0
USR_07382,11,0.9167,1,1,43,379.23,0.6801,0.2595,9,12,3,0,0,307,3,0
USR_07383,9,0.3913,11,1,42,212.46,0.9174,-0.0973,7,11,3,0,0,732,4,0
USR_07384,4,0.2222,26,0,75,1484.05,0.7955,-0.3649,3,6,1,1,0,759,2,0
USR_07385,7,0.7778,20,1,38,164.26,0.7835,0.0787,6,8,2,1,0,137,1,0
USR_07386,9,0.6923,22,1,42,1024.5,0.6732,-0.1193,7,8,3,0,1,951,0,0
USR_07387,14,0.8235,2,1,0,117.35,0.3854,0.0138,12,12,4,0,1,664,7,0
USR_07388,7,0.7,13,1,41,604.07,0.4532,0.0213,6,7,2,0,1,308,0,0
USR_07389,10,0.8333,15,1,34,501.41,0.9515,-0.5735,8,11,3,1,0,909,2,0
USR_07390,19,0.6552,23,2,12,355.68,0.616,-0.1698,16,18,6,0,0,1189,2,0
USR_07391,21,0.6562,22,2,27,2104.04,0.6588,-0.138,17,21,7,0,1,525,3,0
USR_07392,18,0.6667,2,2,1,622.24,0.3873,-0.0261,15,19,6,1,1,361,7,0
USR_07393,10,0.625,24,1,32,581.39,0.7618,0.0073,8,10,3,1,0,380,3,0
USR_07394,6,0.3,1,0,116,541.61,0.4617,-0.4924,5,8,2,0,0,723,11,0
USR_07395,16,0.5926,14,2,11,359.82,0.9028,-0.1859,13,17,5,0,0,85,6,0
USR_07396,3,1.0,7,0,140,2870.16,0.8959,-0.0803,2,5,1,1,0,595,10,0
USR_07397,20,0.7407,10,2,35,492.01,0.5997,-0.0734,17,20,6,1,1,58,7,0
USR_07398,10,0.8333,12,1,15,2933.1,0.8236,0.3132,9,13,3,0,0,75,0,0
USR_07399,20,0.7692,17,2,6,343.62,0.4162,0.2122,16,18,6,0,0,533,13,0
USR_07400,4,0.4444,0,0,33,674.9,0.2434,0.8328,4,8,1,1,0,902,9,0
USR_07401,12,0.48,3,1,40,453.7,0.4931,-0.3212,10,10,4,0,1,1063,5,0
USR_07402,17,0.5862,20,2,39,349.75,0.9404,0.2756,14,17,5,0,1,132,0,0
USR_07403,5,0.4545,2,0,158,571.81,0.5812,0.1019,4,5,1,0,0,315,0,0
USR_07404,16,0.5926,7,2,23,2519.43,0.8635,-0.0954,13,15,5,1,1,523,5,0
USR_07405,5,0.3571,24,0,197,1863.28,0.5912,0.1055,4,8,1,0,0,701,3,0
USR_07406,14,0.6364,6,1,14,678.31,0.5065,0.3542,12,13,4,1,0,1184,6,0
USR_07407,2,0.1429,3,0,185,222.88,0.3037,-0.0866,2,4,0,1,1,830,3,0
USR_07408,16,0.64,14,2,34,860.55,0.8211,0.3091,13,14,5,1,0,659,4,0
USR_07409,16,0.8421,12,2,17,435.64,0.6521,0.0902,13,15,5,1,1,101,1,0
USR_07410,7,0.5833,3,1,41,307.33,0.3614,0.0239,6,6,2,0,1,124,0,0
USR_07411,10,0.625,12,1,11,1108.69,0.3983,0.71,8,9,3,0,1,209,0,0
USR_07412,8,0.4,25,1,31,238.76,0.5415,-0.2694,7,9,2,1,0,803,10,0
USR_07413,12,0.8571,29,1,30,722.77,0.8836,0.2104,10,11,4,0,0,417,4,0
USR_07414,6,0.4615,1,0,92,950.73,0.453,0.3342,5,7,2,1,0,311,12,0
USR_07415,17,0.68,21,2,15,1126.82,0.4178,0.1381,14,16,5,1,1,814,8,0
USR_07416,14,0.5,20,1,31,238.39,0.4611,-0.0825,11,14,4,0,0,983,8,0
USR_07417,19,0.6333,22,2,9,2533.91,0.3902,0.0749,16,19,6,1,1,543,4,0
USR_07418,6,0.6667,23,0,45,823.3,0.5269,-0.408,5,8,2,0,0,1061,10,0
USR_07419,17,1.0,20,2,27,650.99,0.7337,-0.2602,14,14,5,1,1,889,12,0
USR_07420,11,0.9167,26,1,18,225.36,0.8845,0.2581,9,12,3,0,0,868,7,0
USR_07421,16,1.0,8,2,15,336.56,0.5868,-0.1672,13,17,5,0,0,1045,0,0
USR_07422,25,0.8065,3,3,5,488.48,0.6631,-0.325,21,24,8,0,0,245,6,0
USR_07423,17,0.6071,10,2,2,635.28,0.6432,0.1148,14,17,5,0,0,917,0,0
USR_07424,3,0.25,5,0,191,855.22,0.4083,-0.1452,2,4,1,0,1,1150,0,0
USR_07425,1,0.0909,5,0,170,489.56,0.1506,0.1511,1,1,0,0,0,1190,7,0
USR_07426,13,0.65,1,1,30,2068.25,0.814,0.5668,11,13,4,1,0,706,10,0
USR_07427,8,0.5714,16,1,20,479.6,0.4701,-0.0341,7,9,2,0,0,912,0,0
USR_07428,4,0.25,24,0,151,758.02,0.6997,-0.1278,3,3,1,1,1,1069,0,0
USR_07429,20,0.8,2,2,25,1612.32,0.6344,-0.3111,17,21,6,0,0,1027,11,0
USR_07430,13,0.619,19,1,28,418.43,0.7487,-0.2368,10,11,4,0,1,1080,0,0
USR_07431,9,0.6923,27,1,21,217.52,0.6662,-0.1225,8,12,3,1,0,1003,0,0
USR_07432,8,0.6154,14,1,29,466.01,0.8137,-0.4455,6,8,2,0,1,476,7,0
USR_07433,5,1.0,5,0,194,1347.35,0.2815,0.2913,4,7,1,1,0,884,10,0
USR_07434,11,0.55,20,1,26,685.86,0.4813,-0.0914,9,13,3,1,0,510,4,0
USR_07435,11,0.6111,6,1,15,1115.33,0.7759,0.1659,9,13,3,0,0,968,4,0
USR_07436,19,0.8261,3,2,28,227.21,0.6175,0.1257,16,17,6,1,0,977,2,0
USR_07437,14,0.6087,14,1,39,178.57,0.8073,0.1472,12,14,4,0,0,1123,1,0
USR_07438,18,0.9474,0,2,28,1033.24,0.4646,-0.0688,15,18,6,1,1,718,8,0
USR_07439,11,0.4783,9,1,21,859.62,0.2939,0.2629,9,12,3,0,0,585,10,0
USR_07440,12,1.0,23,1,5,312.48,0.9034,0.2932,10,10,4,1,0,223,2,0
USR_07441,8,0.5,4,1,30,259.83,0.4309,0.0738,7,9,2,1,1,776,2,0
USR_07442,6,0.6,15,0,37,569.69,0.6876,-0.3597,5,5,2,0,1,692,1,0
USR_07443,4,0.6667,29,0,164,627.04,0.1187,0.3799,3,7,1,0,0,632,0,0
USR_07444,15,0.8824,6,2,28,245.09,0.4492,-0.1672,13,14,5,1,0,821,2,0
USR_07445,15,0.7895,8,2,4,615.03,0.6805,0.2994,13,14,5,0,0,1025,0,0
USR_07446,18,0.6667,21,2,43,203.77,0.2218,0.1377,15,18,6,0,0,203,9,0
USR_07447,10,0.4762,22,1,19,390.74,0.2356,-0.2685,8,8,3,0,0,534,1,0
USR_07448,15,0.5357,14,2,39,227.26,0.42,0.1114,13,17,5,0,0,875,7,0
USR_07449,18,0.6667,21,2,30,596.29,0.887,-0.1454,15,17,6,0,0,989,4,0
USR_07450,7,0.5,18,0,127,389.97,0.3421,-0.1572,6,7,2,1,0,940,10,0
USR_07451,18,0.6207,7,2,12,1915.87,0.5477,0.4122,15,16,6,1,0,965,13,0
USR_07452,6,0.3333,24,0,110,830.6,0.48,-0.3667,5,8,2,0,1,1030,2,0
USR_07453,7,0.5385,8,0,105,227.77,0.4602,0.0329,5,9,2,0,1,1155,0,0
USR_07454,17,0.7391,20,2,12,1349.02,0.5938,0.2934,14,17,5,0,0,741,8,0
USR_07455,15,0.9375,16,2,31,555.6,0.4939,0.0277,12,14,5,1,1,321,0,0
USR_07456,8,1.0,16,1,6,1191.46,0.7515,-0.2546,7,7,2,0,1,689,1,0
USR_07457,4,0.2353,25,0,184,231.18,0.5625,0.174,3,3,1,0,1,860,0,0
USR_07458,3,0.2,27,0,139,1052.35,0.8814,-0.1495,2,5,1,0,0,147,11,0
USR_07459,14,0.7368,22,1,24,3354.01,0.9052,-0.1008,11,14,4,1,0,915,0,0
USR_07460,6,0.3,17,0,186,1038.22,0.3364,-0.6139,5,5,2,1,1,666,4,0
USR_07461,9,0.9,9,1,33,404.97,0.2846,0.2983,8,8,3,1,0,1125,3,0
USR_07462,26,0.65,21,3,12,1632.94,0.75,0.1935,22,26,8,1,0,277,6,0
USR_07463,3,0.2727,1,0,160,376.62,0.6024,0.2022,2,4,1,0,1,1091,2,0
USR_07464,7,0.5,3,0,32,958.07,0.7392,-0.2759,6,9,2,0,0,554,11,0
USR_07465,14,0.56,18,1,22,3927.94,0.5092,-0.3333,12,13,4,1,0,701,8,0
USR_07466,14,0.8235,8,1,1,409.92,0.6081,0.147,11,13,4,0,1,802,3,0
USR_07467,9,0.5625,14,1,31,981.09,0.7872,0.0571,8,10,3,0,0,707,2,0
USR_07468,2,0.4,28,0,108,3240.93,0.3744,0.5792,2,3,0,1,1,1087,10,0
USR_07469,10,0.5263,10,1,0,1431.8,0.6645,0.1904,9,13,3,0,1,225,8,0
USR_07470,19,0.76,12,2,25,1153.19,0.6287,-0.2658,16,19,6,1,0,883,3,0
USR_07471,11,0.6471,19,1,1,135.37,0.9595,-0.2886,9,11,3,0,0,1170,2,0
USR_07472,4,0.2667,22,0,151,301.67,0.5651,0.0856,3,3,1,0,0,287,0,0
USR_07473,7,0.3684,28,1,27,1303.99,0.7742,0.2049,6,7,2,1,0,328,0,0
USR_07474,19,0.6129,9,2,20,508.68,0.4595,0.3388,16,18,6,1,0,585,0,0
USR_07475,23,0.6765,27,3,28,438.84,0.5766,0.1156,19,22,7,0,0,877,0,0
USR_07476,14,0.875,6,1,18,1670.57,0.9115,-0.1873,12,16,4,0,0,1152,0,0
USR_07477,11,0.5238,19,1,13,1106.44,0.8637,-0.1292,9,12,3,1,0,961,10,0
USR_07478,17,0.6296,2,2,3,337.67,0.6293,-0.3641,14,17,5,0,1,959,9,0
USR_07479,7,1.0,28,1,27,1198.55,0.259,0.3642,6,10,2,1,1,546,10,0
USR_07480,16,0.8889,23,2,24,301.85,0.6641,0.017,13,16,5,1,0,785,5,0
USR_07481,7,0.5,11,0,125,182.47,0.2155,-0.932,5,5,2,0,0,277,5,0
USR_07482,6,0.6,27,0,179,837.86,0.5653,0.1755,5,5,2,0,0,571,0,0
USR_07483,2,0.1538,3,0,146,240.9,0.4015,-0.0115,2,3,0,1,0,251,7,0
USR_07484,17,0.6071,10,2,37,237.62,0.939,-0.1579,14,17,5,0,0,61,2,0
USR_07485,10,0.7692,13,1,15,286.44,0.4517,0.0769,9,12,3,0,1,1032,4,0
USR_07486,12,1.0,19,1,44,737.85,0.6057,0.0731,10,10,4,0,1,971,13,0
USR_07487,18,0.8571,19,2,25,1211.43,0.9484,0.2092,15,18,6,1,1,627,11,0
USR_07488,5,0.2778,1,0,143,510.46,0.3147,0.1243,4,4,1,1,0,46,1,0
USR_07489,4,0.2353,24,0,149,246.03,0.4809,0.0967,3,6,1,0,1,135,8,0
USR_07490,23,0.7667,4,3,27,261.68,0.8603,-0.1179,19,22,7,0,0,160,0,0
USR_07491,10,0.4545,28,1,23,185.83,0.6947,0.286,8,10,3,0,0,868,0,0
USR_07492,12,0.6,12,1,5,1142.13,0.602,-0.6061,10,11,4,1,0,268,0,0
USR_07493,13,0.4815,15,1,23,312.47,0.7185,0.082,11,12,4,1,0,322,0,0
USR_07494,2,0.5,11,0,143,770.48,0.319,-0.3403,2,5,0,1,1,1037,7,0
USR_07495,16,0.6957,11,2,4,151.46,0.3563,-0.0722,13,17,5,0,0,1055,2,0
USR_07496,17,0.8947,13,2,23,1774.65,0.3811,0.1693,14,18,5,0,1,922,0,0
USR_07497,7,0.875,8,1,1,635.42,0.7727,-0.1068,6,10,2,0,1,392,13,0
USR_07498,10,0.8333,27,1,41,182.88,0.4771,-0.0663,8,10,3,0,0,708,4,0
USR_07499,14,1.0,18,1,41,395.35,0.4239,0.2467,12,14,4,1,0,264,3,0
USR_07500,12,0.4615,13,1,32,742.07,0.889,-0.381,10,12,4,0,1,1033,4,0
USR_07501,16,0.6154,20,2,38,315.74,0.551,0.2255,13,13,5,1,0,129,4,0
USR_07502,11,0.6111,1,1,37,857.23,0.7492,-0.0614,9,11,3,0,1,900,4,0
USR_07503,8,0.4,18,1,36,1782.02,0.7313,0.408,7,11,2,0,0,628,5,0
USR_07504,9,0.5294,5,1,5,1331.4,0.8208,-0.2403,8,10,3,0,1,916,11,0
USR_07505,12,0.6667,5,1,44,628.0,0.7912,0.1624,10,10,4,0,1,557,2,0
USR_07506,11,0.6111,19,1,10,2007.91,0.4856,0.1342,9,13,3,1,0,215,4,0
USR_07507,10,0.625,13,1,4,748.33,0.6976,-0.5469,8,12,3,1,0,909,0,0
USR_07508,18,0.75,5,2,39,578.33,0.4695,0.0903,15,19,6,0,0,768,10,0
USR_07509,2,0.1429,2,0,131,590.67,0.7209,0.1895,1,4,0,0,0,573,2,0
USR_07510,9,0.3913,18,1,26,686.24,0.6779,-0.1548,8,11,3,0,0,466,2,0
USR_07511,9,0.8182,15,1,5,905.64,0.7734,0.4004,7,7,3,0,0,432,13,0
USR_07512,13,0.5417,7,1,14,312.59,0.6375,-0.3801,10,12,4,0,1,592,5,0
USR_07513,7,1.0,6,1,28,1582.74,0.9459,-0.3565,6,6,2,1,0,336,0,0
USR_07514,7,0.3889,22,0,178,1804.71,0.8769,-0.1824,6,9,2,0,0,360,1,0
USR_07515,8,0.3636,26,1,32,4615.93,0.8281,-0.2513,7,11,2,1,0,355,2,0
USR_07516,9,0.4737,28,1,11,161.98,0.4969,0.0964,7,9,3,0,0,44,13,0
USR_07517,12,0.6,24,1,31,657.27,0.3804,0.2233,10,12,4,0,1,1115,3,0
USR_07518,8,0.3636,7,1,4,336.89,0.8714,-0.3659,7,11,2,0,1,306,1,0
USR_07519,11,0.5,21,1,11,1075.09,0.9502,-0.1588,9,11,3,0,1,223,5,0
USR_07520,10,0.4762,11,1,0,1703.18,0.5552,-0.1022,8,10,3,1,1,206,3,0
USR_07521,23,0.6216,3,3,39,661.78,0.7577,0.1254,19,20,7,1,0,1186,0,0
USR_07522,8,0.5,5,1,16,502.29,0.3899,-0.3668,7,10,2,0,0,587,10,0
USR_07523,10,0.4545,13,1,25,437.22,0.7487,-0.3954,8,8,3,0,0,412,0,0
USR_07524,7,0.35,8,0,65,552.27,0.3215,-0.0074,5,5,2,1,1,502,11,0
USR_07525,2,0.2222,5,0,160,871.43,0.709,0.0742,2,2,0,1,1,133,9,0
USR_07526,2,0.1667,23,0,196,866.96,0.7226,0.2508,1,1,0,1,0,396,0,0
USR_07527,11,0.55,1,1,20,2137.71,0.5381,0.7364,9,10,3,1,1,320,7,0
USR_07528,8,0.3636,28,1,16,568.88,0.4571,-0.1906,7,8,2,0,0,969,9,0
USR_07529,20,0.6897,12,2,15,1345.08,0.8912,-0.2347,17,20,6,1,0,98,5,0
USR_07530,5,0.3333,9,0,52,319.22,0.6265,0.1357,4,8,1,0,1,527,5,1
USR_07531,13,0.5,9,1,40,236.47,0.9144,0.0486,11,14,4,0,0,954,0,0
USR_07532,9,1.0,20,1,3,1460.13,0.5062,0.3086,7,7,3,1,0,1005,0,0
USR_07533,6,0.75,27,0,67,910.83,0.3829,-0.1185,5,8,2,0,0,629,7,0
USR_07534,7,0.6364,8,1,11,431.75,0.2843,-0.2492,6,10,2,1,0,290,0,0
USR_07535,18,0.6429,27,2,3,315.65,0.3409,0.2336,15,18,6,1,1,424,1,0
USR_07536,7,0.5385,27,1,39,450.93,0.7442,0.021,6,6,2,0,0,290,4,0
USR_07537,24,0.6667,28,3,19,785.6,0.4449,0.3188,20,22,8,1,0,804,0,0
USR_07538,17,0.9444,18,2,40,748.77,0.599,0.0144,14,15,5,1,0,372,9,0
USR_07539,13,0.7222,0,1,3,207.72,0.5228,0.0438,11,15,4,1,0,767,9,0
USR_07540,23,0.92,9,3,3,239.28,0.4314,-0.4909,19,20,7,0,0,797,10,0
USR_07541,21,0.6774,15,2,39,738.29,0.1959,-0.2296,18,18,7,1,0,1129,0,0
USR_07542,5,0.5556,23,0,42,1057.22,0.8372,0.2501,4,5,1,0,0,463,3,0
USR_07543,14,0.8235,0,1,21,352.47,0.4375,0.6346,12,14,4,1,1,1154,10,0
USR_07544,4,0.3077,17,0,53,212.7,0.8452,0.4407,3,3,1,1,0,498,2,0
USR_07545,4,0.8,18,0,108,680.81,0.5072,0.5224,3,7,1,1,1,826,7,0
USR_07546,6,0.3158,1,0,47,113.71,0.8884,-0.0501,5,7,2,1,0,804,5,0
USR_07547,4,1.0,15,0,40,486.71,0.4147,0.1392,3,4,1,0,1,986,2,0
USR_07548,3,0.375,12,0,140,1069.45,0.7905,0.1029,2,3,1,0,1,578,2,0
USR_07549,7,0.5,12,0,186,546.05,0.6124,-0.1498,6,8,2,1,1,957,6,0
USR_07550,12,1.0,22,1,40,189.75,0.2585,0.0122,10,11,4,1,0,445,0,0
USR_07551,16,1.0,1,2,16,2218.98,0.9392,0.0761,13,16,5,0,0,604,10,0
USR_07552,5,0.2632,22,0,56,668.17,0.3665,-0.2541,4,5,1,0,1,614,5,0
USR_07553,7,0.4667,3,0,185,785.73,0.8858,0.1285,6,10,2,0,1,854,0,0
USR_07554,16,1.0,21,2,29,1342.7,0.673,0.1504,13,14,5,1,0,753,7,0
USR_07555,12,0.7059,9,1,44,575.2,0.5893,-0.246,10,11,4,0,0,121,3,0
USR_07556,8,0.6667,15,1,32,533.58,0.7915,-0.2557,7,10,2,1,1,976,1,0
USR_07557,3,1.0,7,0,129,1775.06,0.8635,-0.0109,2,3,1,0,1,916,13,0
USR_07558,6,0.4286,29,0,114,345.62,0.6257,0.0567,5,6,2,1,1,152,7,0
USR_07559,8,0.7273,5,1,41,1382.63,0.9305,-0.1829,7,7,2,1,1,1155,5,0
USR_07560,3,0.25,12,0,128,269.24,0.8082,0.4228,3,4,1,1,0,803,10,0
USR_07561,12,0.5217,25,1,35,371.36,0.8866,0.8299,10,13,4,1,1,129,4,0
USR_07562,1,0.1429,11,0,114,839.67,0.8294,1.0,1,3,0,0,0,604,3,0
USR_07563,1,0.1667,0,0,151,2085.3,0.6086,-0.1201,1,2,0,0,0,1008,1,0
USR_07564,24,0.7273,6,3,10,748.4,0.3588,-0.1446,20,21,8,0,0,357,0,0
USR_07565,11,0.5238,6,1,12,217.0,0.5832,-0.2379,9,10,3,1,0,1121,3,0
USR_07566,10,0.6667,2,1,35,1174.8,0.5617,0.2695,8,9,3,0,0,519,3,0
USR_07567,22,0.6471,27,3,33,352.33,0.3682,-0.2535,18,18,7,1,0,294,8,0
USR_07568,12,0.75,24,1,3,1103.72,0.4181,0.1796,10,13,4,0,0,447,3,0
USR_07569,8,0.4211,26,1,44,837.14,0.7068,0.1745,6,8,2,1,1,644,5,0
USR_07570,22,0.8148,16,3,30,200.14,0.5941,0.3533,19,20,7,1,0,835,10,0
USR_07571,22,0.6875,10,3,37,887.32,0.5954,0.2733,18,22,7,0,0,1115,13,0
USR_07572,16,0.5333,25,2,40,247.68,0.4617,0.111,13,13,5,0,0,258,2,0
USR_07573,16,0.5926,24,2,24,1961.93,0.7284,-0.0901,14,14,5,0,1,1153,12,0
USR_07574,13,0.7647,21,1,14,189.03,0.6299,0.2643,11,15,4,1,1,647,9,0
USR_07575,10,0.5556,4,1,0,585.49,0.8139,0.4584,9,13,3,1,0,179,0,0
USR_07576,13,0.8125,25,1,32,312.02,0.5765,0.0723,11,11,4,0,0,1113,2,0
USR_07577,16,0.7273,19,2,16,2056.32,0.7415,0.0954,13,14,5,1,0,438,1,0
USR_07578,12,0.5714,20,1,18,192.68,0.4385,-0.4078,10,11,4,1,0,756,6,0
USR_07579,13,1.0,26,1,29,4291.58,0.7375,-0.2144,11,11,4,0,0,846,4,0
USR_07580,0,0.0,32,0,149,498.19,0.6859,-0.2003,0,0,0,1,0,45,4,0
USR_07581,8,0.3636,14,1,6,423.5,0.9032,-0.1477,7,11,2,0,1,289,8,0
USR_07582,19,0.5758,10,2,39,1234.09,0.6776,0.5108,15,19,6,0,0,833,2,0
USR_07583,2,0.1429,5,0,114,647.16,0.8121,-0.1221,2,6,0,0,0,409,3,0
USR_07584,13,0.5652,15,1,32,336.95,0.7026,0.0712,10,10,4,0,0,40,10,0
USR_07585,6,0.375,17,0,85,360.96,0.6992,-0.0181,5,7,2,0,0,57,13,0
USR_07586,9,0.5625,8,1,11,446.87,0.7433,0.1876,7,7,3,0,0,996,9,0
USR_07587,9,0.5,22,1,40,382.06,0.7046,-0.1499,8,11,3,1,1,209,1,0
USR_07588,11,0.7857,9,1,44,1271.9,0.8869,-0.4339,9,9,3,0,1,147,0,0
USR_07589,12,0.6,25,1,31,712.52,0.7774,0.3207,10,11,4,0,0,687,1,0
USR_07590,7,0.4667,22,1,38,963.14,0.3369,0.106,6,6,2,0,0,169,3,0
USR_07591,11,0.9167,11,1,27,475.83,0.6105,0.2957,9,10,3,0,0,794,1,0
USR_07592,15,0.7895,22,2,13,1113.72,0.6254,0.3382,13,17,5,0,0,666,12,0
USR_07593,3,0.4286,8,0,68,381.8,0.431,-0.2353,2,5,1,0,1,789,6,0
USR_07594,19,0.6552,17,2,42,318.35,0.3015,0.0848,16,17,6,0,1,605,3,0
USR_07595,11,0.6875,20,1,30,442.55,0.6304,-0.2212,9,9,3,0,0,940,2,0
USR_07596,19,0.8636,6,2,21,2079.06,0.4837,-0.6742,15,18,6,1,0,784,3,0
USR_07597,15,0.5769,7,2,37,419.58,0.4349,-0.163,12,12,5,1,0,515,4,0
USR_07598,15,0.6818,3,2,25,435.0,0.9262,-0.216,12,15,5,0,1,47,7,0
USR_07599,2,0.1818,7,0,193,792.17,0.4767,0.2298,1,3,0,0,0,349,0,0
USR_07600,16,0.7619,20,2,2,599.14,0.7017,-0.0654,13,15,5,0,0,183,10,0
USR_07601,7,0.5833,5,1,40,278.68,0.8,0.1981,6,10,2,0,0,48,0,0
USR_07602,14,0.6364,26,1,3,258.51,0.2842,0.1913,12,16,4,1,0,349,1,0
USR_07603,4,0.5,11,0,61,1210.98,0.3531,-0.3525,3,4,1,1,0,271,13,0
USR_07604,7,0.3333,9,1,27,257.04,0.7545,-0.316,6,10,2,1,1,119,1,0
USR_07605,17,0.5862,13,2,28,1349.46,0.7157,0.1327,14,14,5,0,0,395,0,0
USR_07606,7,0.3333,19,0,155,457.76,0.5197,-0.3841,6,9,2,1,0,622,6,0
USR_07607,17,0.6071,21,2,37,103.7,0.7009,-0.2264,14,14,5,0,0,238,3,0
USR_07608,14,0.9333,20,1,23,1116.1,0.5964,0.3322,12,15,4,0,0,349,0,0
USR_07609,5,0.2941,3,0,120,1262.99,0.8625,-0.045,4,6,1,0,0,53,0,0
USR_07610,10,0.7692,26,1,26,1059.65,0.5967,-0.5965,8,9,3,1,1,88,0,0
USR_07611,19,0.7917,12,2,21,458.08,0.4021,-0.425,16,16,6,0,0,214,4,0
USR_07612,2,0.25,25,0,181,500.5,0.4084,0.3639,2,3,0,0,1,559,1,0
USR_07613,17,0.7083,19,2,20,462.21,0.4554,0.1975,14,18,5,1,0,809,9,0
USR_07614,15,0.5556,2,2,21,373.61,0.7983,-0.16,12,13,5,1,0,952,10,0
USR_07615,25,0.7576,16,3,42,832.55,0.5726,0.0672,21,22,8,0,0,766,0,0
USR_07616,9,0.5294,24,1,7,564.42,0.6912,0.2755,8,9,3,0,0,751,2,0
USR_07617,7,0.7778,23,0,34,458.72,0.5948,-0.2743,5,9,2,1,0,1124,0,0
USR_07618,21,0.6562,21,2,5,376.32,0.4956,0.1415,17,21,7,0,1,329,2,0
USR_07619,10,0.6667,26,1,0,748.55,0.4195,-0.2585,8,9,3,0,1,963,1,0
USR_07620,15,0.6,16,2,20,1833.8,0.5551,0.1318,12,16,5,1,0,1126,9,0
USR_07621,4,0.3636,6,0,107,731.57,0.2452,0.3222,4,4,1,0,0,694,2,0
USR_07622,25,0.7353,0,3,13,224.97,0.7462,0.3621,21,21,8,1,0,1013,4,0
USR_07623,6,0.375,27,0,37,652.24,0.4983,-0.0597,5,5,2,1,0,190,6,0
USR_07624,16,0.6667,19,2,0,977.52,0.7747,0.221,14,17,5,0,0,1058,10,0
USR_07625,11,0.6471,26,1,33,1173.61,0.7682,0.1448,9,13,3,1,0,689,2,0
USR_07626,10,0.5,23,1,18,1005.0,0.8398,-0.166,8,12,3,0,1,289,1,0
USR_07627,16,0.8889,10,2,3,740.29,0.933,-0.388,13,16,5,0,0,102,13,0
USR_07628,2,0.125,5,0,129,5000.0,0.5852,0.3875,2,3,0,0,0,872,2,0
USR_07629,21,0.7778,24,2,25,256.61,0.7191,-0.0065,18,21,7,1,0,534,6,0
USR_07630,4,0.2222,25,0,175,2190.37,0.7893,-0.0689,3,4,1,0,0,392,6,0
USR_07631,22,0.7586,15,2,27,1035.7,0.402,0.1584,18,19,7,0,1,486,4,0
USR_07632,4,0.8,7,0,99,4167.72,0.456,0.6377,4,4,1,1,0,1189,1,0
USR_07633,15,0.625,24,2,30,208.73,0.416,-0.6206,12,15,5,0,0,530,0,0
USR_07634,19,0.7308,25,2,32,2274.36,0.8165,0.5705,15,17,6,0,0,122,4,0
USR_07635,13,0.52,22,1,12,2466.23,0.2914,-0.0376,11,11,4,1,1,357,4,0
USR_07636,16,0.5714,15,2,29,586.53,0.7484,0.0316,13,15,5,0,0,200,9,0
USR_07637,9,0.75,28,1,34,336.9,0.8233,-0.2925,7,7,3,0,1,832,7,0
USR_07638,11,0.5,28,1,6,3635.17,0.5283,-0.4737,9,10,3,0,0,966,12,0
USR_07639,11,0.5789,6,1,35,344.01,0.7558,0.1384,9,9,3,0,1,1013,13,0
USR_07640,15,0.7143,9,2,15,1536.63,0.5146,-0.1037,12,12,5,0,0,770,7,0
USR_07641,16,0.7273,22,2,6,2199.9,0.7582,-0.1783,13,16,5,0,0,929,0,0
USR_07642,19,0.6552,4,2,31,584.93,0.4225,-0.262,16,18,6,0,1,518,3,0
USR_07643,24,0.7059,0,3,34,581.79,0.8073,-0.5497,20,24,8,1,0,764,5,0
USR_07644,18,0.5806,15,2,24,2730.57,0.4905,-0.0432,15,16,6,1,0,155,5,0
USR_07645,9,0.4091,27,1,27,520.18,0.7874,0.039,8,11,3,0,0,659,1,0
USR_07646,16,0.8421,26,2,20,425.79,0.5841,0.2105,13,13,5,0,0,682,5,0
USR_07647,6,0.4615,5,0,198,76.78,0.2944,0.0685,5,5,2,0,0,66,2,0
USR_07648,19,0.5758,6,2,14,1631.49,0.7512,0.0112,16,18,6,1,1,671,2,0
USR_07649,4,0.25,11,0,114,493.36,0.7152,-0.3277,3,3,1,0,0,875,10,0
USR_07650,4,0.4,27,0,116,1244.24,0.7788,0.2771,3,7,1,0,0,460,3,0
USR_07651,12,1.0,25,1,5,591.27,0.7021,-0.1069,10,11,4,1,0,667,4,0
USR_07652,19,0.8636,27,2,10,1935.97,0.6099,0.0594,16,17,6,0,1,364,5,0
USR_07653,0,0.0,56,0,63,1998.43,0.4708,-0.2188,0,2,0,0,1,346,5,0
USR_07654,13,0.5652,2,1,33,299.96,0.7362,0.2627,11,15,4,0,0,181,1,0
USR_07655,18,0.6207,19,2,40,458.9,0.6167,0.3644,15,15,6,0,0,413,5,0
USR_07656,7,0.3889,27,0,141,1058.82,0.7966,-0.1761,6,7,2,1,0,969,2,0
USR_07657,12,0.8571,10,1,6,2050.39,0.1698,0.4823,10,10,4,0,0,1124,6,0
USR_07658,5,0.3846,7,0,100,728.06,0.4526,0.2993,4,8,1,0,0,773,0,0
USR_07659,6,0.375,16,0,144,789.51,0.9689,0.6167,5,8,2,0,0,760,13,0
USR_07660,20,0.9524,7,2,12,879.03,0.1165,0.4069,17,18,6,0,1,748,9,0
USR_07661,16,0.6957,25,2,28,330.1,0.4637,0.0093,13,16,5,1,0,586,3,0
USR_07662,11,0.7333,12,1,32,462.77,0.4219,-0.3637,9,11,3,0,1,524,2,0
USR_07663,4,0.2222,26,0,66,573.54,0.3047,0.1356,4,6,1,0,0,756,3,0
USR_07664,9,0.75,18,1,16,1481.39,0.5018,-0.4769,8,8,3,1,1,947,7,0
USR_07665,12,0.75,13,1,6,2795.98,0.707,0.3098,10,13,4,0,1,514,6,0
USR_07666,7,0.35,13,1,44,321.16,0.8523,0.0801,6,6,2,0,0,692,7,0
USR_07667,11,0.55,21,1,2,1184.71,0.7588,-0.1578,9,9,3,0,0,580,11,0
USR_07668,0,0.0,166,0,63,792.08,0.0477,-0.062,0,2,0,1,0,364,3,0
USR_07669,10,0.5882,14,1,34,445.25,0.8482,0.4068,8,9,3,0,0,369,6,0
USR_07670,10,0.8333,25,1,7,308.65,0.6284,0.1319,8,11,3,0,0,122,3,0
USR_07671,18,0.8571,28,2,11,798.64,0.2307,-0.0053,15,16,6,0,1,544,6,0
USR_07672,7,0.7778,1,1,24,416.56,0.8418,-0.1034,6,7,2,0,1,863,4,0
USR_07673,15,0.5556,21,2,25,896.41,0.716,0.0574,13,13,5,0,0,832,9,0
USR_07674,16,1.0,25,2,44,298.35,0.4697,0.253,13,15,5,0,0,1183,0,0
USR_07675,15,0.5769,12,2,38,275.05,0.4404,0.1623,12,15,5,0,0,76,1,0
USR_07676,13,0.6842,6,1,37,1572.1,0.4788,-0.2985,11,11,4,0,1,919,2,0
USR_07677,11,0.5789,14,1,40,777.64,0.3456,0.1623,9,11,3,1,0,960,12,0
USR_07678,15,0.5556,27,2,25,763.31,0.669,-0.2632,12,12,5,0,0,540,4,0
USR_07679,9,0.3913,5,1,37,443.72,0.8943,0.024,7,9,3,1,0,361,2,0
USR_07680,12,0.75,9,1,31,1220.04,0.5209,-0.5824,10,13,4,0,0,447,3,0
USR_07681,9,0.4091,28,1,22,574.71,0.4485,-0.0895,7,7,3,1,0,828,3,0
USR_07682,19,0.5938,19,2,42,1239.59,0.1171,-0.173,16,16,6,1,0,1038,10,0
USR_07683,18,0.6,7,2,6,462.77,0.3219,-0.3359,15,17,6,0,0,781,13,0
USR_07684,5,0.8333,20,0,161,284.32,0.3461,-0.0984,4,4,1,1,0,631,10,0
USR_07685,12,0.8571,5,1,15,371.91,0.7209,0.288,10,12,4,0,0,793,10,0
USR_07686,15,1.0,21,2,24,933.25,0.6998,-0.2054,13,15,5,0,0,112,1,0
USR_07687,19,0.5938,13,2,15,301.69,0.1242,-0.4148,16,18,6,1,0,741,1,0
USR_07688,17,0.5484,26,2,19,2833.87,0.4122,0.476,14,17,5,0,1,79,5,0
USR_07689,12,0.75,21,1,44,223.93,0.7193,-0.104,10,12,4,0,1,1152,6,0
USR_07690,5,0.4167,3,0,104,590.08,0.4949,0.39,4,4,1,0,0,1070,1,0
USR_07691,13,0.619,20,1,36,1724.62,0.8708,-0.2878,10,11,4,0,0,624,8,0
USR_07692,11,0.6875,19,1,15,835.86,0.5428,0.3293,9,10,3,0,0,467,1,0
USR_07693,11,0.44,7,1,14,501.57,0.6578,0.2659,9,9,3,1,0,886,1,0
USR_07694,18,0.5625,15,2,23,1669.71,0.4267,0.2619,15,19,6,1,1,775,2,0
USR_07695,16,0.8421,7,2,18,316.43,0.8887,0.1841,13,16,5,1,1,855,10,0
USR_07696,17,0.68,22,2,29,528.09,0.4603,0.3249,14,17,5,1,1,633,8,0
USR_07697,20,0.9091,7,2,12,182.39,0.4551,-0.0256,17,19,6,0,0,306,4,0
USR_07698,12,0.9231,12,1,6,1349.0,0.4077,-0.0511,10,14,4,0,0,115,10,0
USR_07699,12,0.5,18,1,18,1041.15,0.8422,0.2371,10,11,4,0,0,361,10,0
USR_07700,14,0.5385,1,1,36,1043.21,0.9311,0.5271,11,12,4,0,1,648,3,0
USR_07701,2,1.0,28,0,114,738.16,0.8229,0.896,2,2,0,0,0,526,9,0
USR_07702,13,0.619,1,1,3,709.83,0.4951,0.0688,11,13,4,1,0,622,1,0
USR_07703,8,0.8,26,1,37,725.21,0.3818,-0.2114,7,8,2,1,1,354,4,0
USR_07704,15,0.6522,19,2,17,848.89,0.8888,-0.0198,13,14,5,0,1,1127,0,0
USR_07705,19,0.8261,15,2,23,738.16,0.4205,-0.2059,16,20,6,0,0,459,3,0
USR_07706,13,0.619,14,1,34,315.69,0.3839,0.0021,11,11,4,0,1,1020,4,0
USR_07707,2,0.1538,11,0,107,109.23,0.5914,0.0056,1,3,0,0,0,487,0,0
USR_07708,26,0.963,21,3,43,3534.83,0.8793,0.1014,21,23,8,1,0,548,3,0
USR_07709,11,0.6111,11,1,8,395.94,0.3375,0.1302,9,11,3,0,0,736,6,0
USR_07710,18,0.7826,15,2,37,577.95,0.369,0.1093,15,17,6,1,0,337,5,0
USR_07711,18,0.7826,24,2,20,1620.98,0.6343,-0.4124,15,15,6,1,0,287,0,0
USR_07712,25,0.6579,19,3,5,870.89,0.5205,-0.2121,21,23,8,1,0,473,0,0
USR_07713,14,0.5185,19,1,20,211.81,0.1349,-0.2962,12,16,4,0,0,971,2,0
USR_07714,24,0.7273,17,3,22,261.95,0.5984,0.2087,20,20,8,0,0,199,10,0
USR_07715,11,0.5,1,1,4,1345.1,0.8589,-0.5658,9,11,3,1,0,541,10,0
USR_07716,1,0.1667,2,0,110,1072.28,0.948,0.3963,1,3,0,0,1,816,2,0
USR_07717,16,0.64,2,2,1,440.07,0.3152,0.201,14,14,5,0,0,856,7,0
USR_07718,25,0.7812,8,3,29,643.51,0.8387,0.0805,21,22,8,1,0,538,5,0
USR_07719,1,0.1667,14,0,189,685.94,0.4089,-0.3165,1,1,0,0,0,125,13,0
USR_07720,6,0.3529,7,0,123,810.82,0.8068,-0.0019,5,5,2,0,0,48,0,0
USR_07721,23,0.6571,15,3,25,931.37,0.3179,-0.4393,19,20,7,1,0,579,4,0
USR_07722,22,0.8148,26,3,11,487.32,0.2736,0.2718,18,19,7,0,0,977,5,0
USR_07723,5,0.625,28,0,105,1165.27,0.6369,0.017,4,4,1,0,1,63,2,0
USR_07724,19,0.76,19,2,10,1069.72,0.9497,0.4866,16,18,6,1,0,1068,0,0
USR_07725,15,0.5172,4,2,40,1336.05,0.7367,0.4596,13,15,5,0,0,820,0,0
USR_07726,10,0.4762,22,1,23,1232.21,0.2434,0.0872,8,11,3,1,1,39,3,0
USR_07727,13,0.8125,24,1,44,1207.43,0.846,0.2621,11,13,4,0,0,432,7,0
USR_07728,11,0.55,23,1,3,462.3,0.7188,0.5091,9,12,3,0,0,287,7,0
USR_07729,12,0.5,26,1,37,602.31,0.626,-0.434,10,14,4,1,1,1140,1,0
USR_07730,7,0.5833,0,1,2,336.6,0.4783,-0.0649,6,9,2,1,0,679,10,0
USR_07731,12,0.48,11,1,1,781.23,0.4725,-0.0223,10,11,4,1,1,409,3,0
USR_07732,19,0.5758,17,2,7,350.32,0.7286,0.2535,15,16,6,0,0,355,13,0
USR_07733,4,0.5714,4,0,39,968.67,0.5143,0.0871,3,4,1,0,0,689,0,0
USR_07734,7,0.4375,11,1,40,1736.43,0.8788,0.0663,6,7,2,0,0,35,10,0
USR_07735,4,0.5714,7,0,83,664.77,0.5746,-0.3931,3,4,1,0,0,331,12,0
USR_07736,11,0.5238,6,1,3,431.34,0.4031,-0.2062,9,13,3,1,0,223,10,0
USR_07737,5,0.8333,19,0,124,987.55,0.7288,0.2044,4,8,1,0,0,755,9,0
USR_07738,2,0.1818,19,0,39,1519.03,0.8025,0.0044,2,2,0,1,0,812,2,0
USR_07739,5,0.5,2,0,67,365.69,0.8041,-0.1032,4,8,1,1,0,576,7,0
USR_07740,18,0.72,20,2,9,729.56,0.8345,-0.0621,15,17,6,1,0,193,5,0
USR_07741,20,0.7407,26,2,30,854.81,0.382,0.2858,17,18,6,0,0,463,3,0
USR_07742,10,0.4167,1,1,28,532.5,0.6088,0.1547,8,12,3,0,1,1016,13,0
USR_07743,17,0.9444,22,2,38,1002.56,0.3324,-0.1719,14,17,5,1,0,268,2,0
USR_07744,2,0.2,21,0,104,179.45,0.8229,0.5978,2,3,0,0,0,221,3,0
USR_07745,6,0.75,23,0,133,875.76,0.633,0.0158,5,5,2,0,1,160,12,0
USR_07746,17,0.6538,28,2,44,2792.9,0.4241,-0.1981,14,16,5,0,0,985,2,0
USR_07747,6,0.5,22,0,53,1041.41,0.7928,-0.2158,5,8,2,0,0,170,0,0
USR_07748,11,0.8462,10,1,42,685.84,0.7644,0.1707,9,9,3,0,0,710,2,0
USR_07749,9,0.8182,3,1,3,251.41,0.6812,0.3006,7,11,3,1,1,1198,8,0
USR_07750,13,0.9286,27,1,40,505.5,0.8399,0.4067,10,12,4,0,0,780,10,0
USR_07751,6,0.3529,21,0,195,851.62,0.4269,0.2631,5,6,2,1,0,512,0,0
USR_07752,5,0.2778,13,0,72,716.7,0.6071,0.134,4,4,1,0,0,271,5,0
USR_07753,13,0.7647,17,1,34,247.82,0.6377,-0.2994,10,14,4,0,0,32,5,0
USR_07754,15,0.75,15,2,43,811.94,0.8005,0.2997,12,16,5,0,1,212,6,0
USR_07755,20,1.0,1,2,8,334.97,0.6063,0.0962,17,21,6,1,1,1144,6,0
USR_07756,7,0.7778,7,0,56,420.05,0.2573,0.2508,6,9,2,1,0,198,13,0
USR_07757,9,0.8182,8,1,33,1363.1,0.7993,0.0861,7,9,3,1,0,53,2,0
USR_07758,14,0.5,18,1,40,549.56,0.5237,-0.034,11,14,4,0,0,984,2,0
USR_07759,22,0.8462,12,2,34,396.64,0.7055,-0.0124,18,18,7,1,1,519,5,0
USR_07760,11,0.5,12,1,4,302.55,0.6698,0.1041,9,12,3,1,0,447,3,0
USR_07761,13,0.8667,16,1,39,375.33,0.4057,-0.0269,11,12,4,1,1,869,4,0
USR_07762,12,0.8571,26,1,12,431.98,0.5718,-0.4236,10,11,4,1,0,641,0,0
USR_07763,5,0.625,5,0,178,1321.33,0.605,0.6056,4,6,1,1,0,1100,0,0
USR_07764,8,0.8,3,1,34,648.32,0.746,-0.2503,7,10,2,1,1,577,12,0
USR_07765,17,0.85,15,2,33,1742.98,0.6918,-0.5393,14,18,5,1,0,864,0,0
USR_07766,14,0.7778,25,1,28,261.22,0.4888,-0.1404,12,13,4,1,1,1058,5,0
USR_07767,17,0.7391,28,2,30,1868.18,0.8208,-0.3295,14,16,5,0,0,572,8,0
USR_07768,20,0.9091,9,2,25,590.09,0.8263,0.8803,17,18,6,1,0,362,0,0
USR_07769,12,0.6316,10,1,35,555.1,0.818,-0.0478,10,10,4,1,1,1170,1,0
USR_07770,9,0.6429,24,1,41,550.03,0.3762,0.2879,7,9,3,0,1,295,3,0
USR_07771,8,0.4706,4,1,8,4054.88,0.4724,0.0446,6,7,2,0,0,76,4,0
USR_07772,21,0.7241,10,2,37,454.24,0.3596,-0.6561,18,22,7,0,0,706,2,0
USR_07773,7,0.35,14,1,33,3486.53,0.3884,0.3131,6,7,2,1,1,1184,6,0
USR_07774,8,0.4706,8,1,26,1327.15,0.8026,-0.3511,7,9,2,1,1,131,1,0
USR_07775,19,0.6552,13,2,40,274.75,0.3607,0.1437,16,19,6,1,1,1023,0,0
USR_07776,12,0.5,29,1,42,308.18,0.8452,-0.4398,10,14,4,0,1,1001,0,0
USR_07777,17,0.8947,27,2,20,775.59,0.1076,0.0611,14,15,5,1,1,1116,2,0
USR_07778,14,0.5185,11,1,3,722.73,0.4255,-0.041,12,16,4,0,0,523,2,0
USR_07779,3,0.3333,13,0,120,483.64,0.3333,-0.0649,3,3,1,0,0,328,12,0
USR_07780,10,0.5263,27,1,27,433.47,0.7621,-0.007,8,9,3,1,1,629,0,0
USR_07781,5,0.3333,7,0,122,2296.29,0.9111,-0.177,4,6,1,1,1,196,4,0
USR_07782,7,0.7,17,0,198,752.29,0.7584,-0.6992,6,9,2,0,1,1016,5,0
USR_07783,7,0.4667,6,0,62,968.95,0.5437,0.2262,6,9,2,0,0,806,7,0
USR_07784,4,0.5,19,0,133,730.6,0.5756,0.3419,4,8,1,1,1,595,6,0
USR_07785,22,0.9167,1,3,28,688.61,0.3871,0.0903,18,19,7,0,0,633,0,0
USR_07786,11,0.4583,6,1,35,3727.92,0.6479,-0.4441,9,12,3,1,0,863,6,0
USR_07787,21,0.6562,22,2,37,1052.04,0.8551,-0.128,17,19,7,0,0,642,2,0
USR_07788,10,0.8333,20,1,29,5000.0,0.14,0.0678,8,8,3,0,0,1012,9,0
USR_07789,19,0.9048,8,2,4,1239.78,0.2275,-0.3076,16,19,6,1,0,1111,1,0
USR_07790,2,0.6667,6,0,193,394.71,0.9035,0.1776,1,4,0,0,0,1141,7,0
USR_07791,2,0.2857,23,0,110,1799.08,0.6335,0.274,2,5,0,0,0,755,5,0
USR_07792,10,0.7692,29,1,5,625.5,0.4274,-0.2186,8,8,3,0,0,898,6,0
USR_07793,13,0.5417,16,1,30,2252.47,0.6831,0.3621,11,11,4,0,1,393,0,0
USR_07794,18,0.75,21,2,43,387.28,0.8779,-0.1661,15,15,6,0,1,74,6,0
USR_07795,12,0.4615,21,1,40,187.18,0.5849,-0.0535,10,10,4,0,1,498,8,0
USR_07796,10,0.5556,27,1,35,721.77,0.9525,-0.0049,8,8,3,0,0,1049,4,0
USR_07797,10,0.4348,6,1,9,2152.33,0.7508,0.3531,9,11,3,1,0,186,2,0
USR_07798,11,0.9167,17,1,22,401.62,0.8404,-0.0651,9,12,3,0,0,668,0,0
USR_07799,3,0.1765,4,0,179,1057.73,0.2248,0.4051,2,2,1,1,0,255,2,0
USR_07800,16,0.8,9,2,18,387.93,0.6185,-0.2557,13,15,5,0,0,532,8,0
USR_07801,21,0.8077,12,2,0,1415.65,0.8291,0.6917,17,21,7,0,0,197,3,0
USR_07802,6,0.4286,27,0,123,496.7,0.1447,-0.4127,5,5,2,1,0,889,7,0
USR_07803,13,0.6842,10,1,17,824.37,0.3251,0.1706,11,14,4,1,0,978,8,0
USR_07804,7,0.6364,0,0,131,509.53,0.2179,-0.1206,5,7,2,1,0,917,6,0
USR_07805,12,0.8571,15,1,15,364.93,0.6589,-0.6955,10,10,4,1,0,854,6,0
USR_07806,15,0.7143,12,2,33,142.86,0.9757,0.1302,12,13,5,1,0,305,5,0
USR_07807,16,0.6957,22,2,7,235.12,0.702,0.18,13,15,5,1,0,650,4,0
USR_07808,22,0.9565,0,2,24,532.34,0.6385,0.3081,18,18,7,0,0,152,1,0
USR_07809,11,0.5,27,1,6,952.43,0.7314,-0.1456,9,10,3,1,0,468,10,0
USR_07810,8,0.8,22,1,42,2931.29,0.6721,0.0382,7,11,2,0,1,621,13,0
USR_07811,12,0.9231,17,1,16,438.85,0.985,0.2387,10,10,4,1,0,812,3,0
USR_07812,11,0.7333,25,1,41,399.59,0.7342,-0.0554,9,12,3,0,0,143,12,0
USR_07813,10,0.7143,6,1,2,230.44,0.8646,-0.1606,8,12,3,1,1,981,13,0
USR_07814,11,0.7333,12,1,32,1318.76,0.2589,0.0543,9,13,3,0,1,566,4,0
USR_07815,2,0.1333,8,0,173,1050.66,0.9314,0.4743,2,2,0,0,0,1061,7,0
USR_07816,5,0.3846,8,0,98,951.43,0.5971,-0.161,4,4,1,1,1,647,6,0
USR_07817,9,0.8182,27,1,42,876.32,0.6526,-0.0625,8,12,3,1,0,670,1,0
USR_07818,7,0.5,27,0,188,493.44,0.8677,-0.3005,6,7,2,1,0,840,0,0
USR_07819,23,0.8519,6,3,38,1971.9,0.4027,0.04,19,22,7,0,1,989,3,0
USR_07820,14,0.5,7,1,32,357.33,0.7045,0.3106,11,11,4,0,1,214,9,0
USR_07821,17,0.5484,2,2,0,455.29,0.4616,-0.4753,14,16,5,1,1,628,2,0
USR_07822,9,0.5294,4,1,5,294.99,0.453,-0.0802,7,10,3,0,0,65,9,0
USR_07823,12,0.7059,27,1,15,599.98,0.664,0.3042,10,13,4,0,0,585,6,0
USR_07824,16,0.8889,5,2,35,357.7,0.8443,-0.1462,13,13,5,0,0,981,7,0
USR_07825,14,0.5385,0,1,19,402.02,0.7845,-0.1905,12,16,4,0,0,1042,2,0
USR_07826,0,0.5,158,0,122,254.71,0.923,-0.1733,0,0,0,0,1,361,4,0
USR_07827,5,0.5556,22,0,192,308.97,0.1757,0.1946,4,6,1,1,1,482,1,0
USR_07828,17,0.68,21,2,37,183.67,0.8107,0.0426,14,17,5,0,1,675,1,0
USR_07829,20,0.8696,4,2,36,885.77,0.7364,0.3359,16,16,6,0,1,493,0,0
USR_07830,7,0.4118,0,1,37,333.69,0.3474,-0.1283,6,6,2,0,0,238,0,0
USR_07831,18,0.9,19,2,30,2413.81,0.7557,0.0286,15,18,6,0,1,386,1,0
USR_07832,7,0.3684,16,0,191,1418.82,0.2854,-0.0242,6,9,2,0,1,502,5,0
USR_07833,8,1.0,5,1,8,703.27,0.621,0.1292,7,7,2,0,0,636,3,0
USR_07834,1,0.1667,13,0,162,1049.52,0.4729,-0.4707,1,1,0,0,0,1107,1,0
USR_07835,23,0.7931,26,3,3,1321.88,0.8325,0.013,19,19,7,0,0,667,10,0
USR_07836,6,0.3,27,0,40,447.66,0.492,0.1367,5,5,2,0,0,482,4,0
USR_07837,4,0.2857,1,0,164,565.23,0.5816,-0.9641,4,5,1,0,0,802,12,0
USR_07838,5,0.2632,1,0,100,1575.76,0.456,-0.1629,4,8,1,1,0,934,6,0
USR_07839,7,0.5,9,0,64,1659.42,0.6324,-0.0042,6,10,2,1,0,533,0,0
USR_07840,7,0.3333,22,1,40,358.88,0.7315,0.1498,6,8,2,0,1,602,12,0
USR_07841,20,0.7692,23,2,28,4174.56,0.9416,0.401,16,16,6,1,0,284,10,0
USR_07842,11,1.0,15,1,44,225.4,0.9029,0.6795,9,11,3,1,1,1041,6,0
USR_07843,7,0.7,17,1,11,106.87,0.5344,0.054,6,6,2,0,0,1044,4,0
USR_07844,16,0.7619,14,2,42,2638.68,0.5305,0.1969,13,16,5,1,0,234,3,0
USR_07845,12,0.5455,12,1,25,1191.49,0.2701,-0.0537,10,12,4,1,0,434,4,0
USR_07846,17,0.85,3,2,29,771.48,0.4709,0.2308,14,17,5,0,0,348,8,0
USR_07847,22,0.88,13,3,23,1271.63,0.8543,-0.0308,18,19,7,1,0,1109,4,0
USR_07848,4,0.3077,29,0,41,386.37,0.7537,0.6024,3,5,1,1,0,106,0,0
USR_07849,3,1.0,15,0,162,165.61,0.7998,0.445,2,3,1,0,0,272,0,0
USR_07850,7,0.35,17,1,36,464.17,0.5969,0.0561,6,8,2,0,0,398,0,0
USR_07851,7,0.3333,29,0,99,380.78,0.834,-0.0987,5,7,2,0,0,685,1,0
USR_07852,16,0.5714,0,2,42,301.64,0.6768,0.0642,13,15,5,1,1,321,2,0
USR_07853,13,0.4815,20,1,32,410.68,0.2498,-0.1224,11,11,4,0,0,657,11,0
USR_07854,12,0.8571,7,1,15,415.33,0.4005,0.0668,10,12,4,1,0,904,1,0
USR_07855,3,0.5,14,0,177,455.98,0.5966,-0.342,3,6,1,1,0,999,2,0
USR_07856,3,0.1875,0,0,174,902.23,0.5797,0.4354,2,5,1,0,0,145,1,0
USR_07857,14,0.8235,9,1,1,1039.27,0.8908,-0.1661,11,13,4,0,1,192,4,0
USR_07858,12,0.5455,16,1,40,845.24,0.6818,0.2043,10,10,4,0,0,141,5,0
USR_07859,5,0.3846,15,0,107,87.12,0.6713,-0.6726,4,6,1,0,0,1094,4,0
USR_07860,11,0.7333,11,1,25,294.75,0.4746,-0.2385,9,12,3,1,0,792,13,0
USR_07861,5,0.4545,27,0,78,297.97,0.579,0.5452,4,6,1,0,1,651,13,0
USR_07862,1,0.1429,6,0,167,1732.56,0.4421,0.1277,1,2,0,0,0,955,10,0
USR_07863,7,0.35,6,0,147,337.39,0.5946,0.5051,5,9,2,0,1,715,9,0
USR_07864,9,0.5294,17,1,6,145.79,0.3819,-0.0037,8,8,3,0,0,305,2,0
USR_07865,11,0.6471,10,1,33,1154.24,0.6811,-0.0878,9,10,3,1,0,626,5,0
USR_07866,15,0.6,8,2,9,715.51,0.8612,0.3026,12,16,5,1,0,852,2,0
USR_07867,5,0.7143,1,0,95,4971.73,0.851,0.0576,4,6,1,0,1,72,9,0
USR_07868,17,0.8095,15,2,15,220.32,0.7887,-0.032,14,14,5,1,0,739,0,0
USR_07869,13,0.619,18,1,16,558.72,0.7537,0.5312,11,12,4,1,0,611,1,0
USR_07870,16,0.64,17,2,11,290.13,0.6973,0.5166,14,15,5,1,0,111,0,0
USR_07871,18,0.9474,23,2,41,290.58,0.5479,0.4401,15,16,6,0,0,338,5,0
USR_07872,2,0.3333,19,0,127,344.41,0.9216,-0.1192,2,2,0,0,0,554,6,0
USR_07873,17,0.7391,18,2,21,276.24,0.5896,-0.9623,14,18,5,1,0,430,0,0
USR_07874,16,1.0,9,2,12,771.79,0.7275,-0.1929,13,15,5,1,0,369,4,0
USR_07875,10,0.5556,24,1,32,699.52,0.7908,-0.0504,8,11,3,0,0,789,3,0
USR_07876,15,0.5556,26,2,11,648.57,0.3981,-0.2438,13,16,5,1,0,503,9,0
USR_07877,20,0.5882,23,2,25,1834.67,0.7231,-0.1452,17,21,6,1,0,612,0,0
USR_07878,11,0.55,3,1,16,1039.49,0.5342,0.2421,9,10,3,1,0,964,0,0
USR_07879,8,0.6667,29,1,40,1297.72,0.2202,-0.3622,7,7,2,1,0,139,5,0
USR_07880,11,0.5238,16,1,13,756.83,0.8968,-0.296,9,12,3,1,0,451,5,0
USR_07881,14,0.6087,13,1,31,851.8,0.4966,-0.1129,12,15,4,1,0,115,10,0
USR_07882,10,1.0,6,1,8,1397.11,0.497,-0.0092,9,9,3,1,0,1114,5,0
USR_07883,10,1.0,2,1,13,266.52,0.495,0.5713,8,12,3,1,0,247,12,0
USR_07884,7,0.3333,25,0,64,394.15,0.4376,-0.129,5,8,2,0,0,989,2,0
USR_07885,10,0.4348,16,1,41,705.24,0.635,0.4243,8,10,3,0,0,253,3,0
USR_07886,3,0.3333,27,0,142,687.61,0.8934,0.0003,2,4,1,0,0,409,13,0
USR_07887,9,0.6923,23,1,7,213.37,0.4515,0.1638,8,9,3,0,0,741,0,0
USR_07888,11,0.9167,24,1,40,1223.7,0.7293,0.2887,9,10,3,1,1,1002,9,0
USR_07889,15,0.8333,12,2,9,2103.94,0.6193,0.7286,12,15,5,0,0,238,0,0
USR_07890,15,0.9375,11,2,9,1980.14,0.8732,-0.228,12,13,5,1,0,279,4,0
USR_07891,11,0.9167,13,1,16,381.99,0.8169,0.1363,9,9,3,0,1,1061,0,0
USR_07892,0,0.0,123,0,100,1312.83,0.8657,0.2397,0,3,0,0,0,406,5,0
USR_07893,7,0.3889,22,1,16,481.77,0.7377,-0.3777,6,6,2,1,1,275,9,0
USR_07894,18,0.6207,26,2,43,703.73,0.418,-0.4749,15,16,6,0,1,899,0,0
USR_07895,4,1.0,0,0,169,1606.22,0.5103,-0.5237,3,7,1,1,0,136,0,0
USR_07896,15,0.75,26,2,37,1944.01,0.6679,-0.6092,13,14,5,0,1,1044,2,0
USR_07897,12,0.5714,19,1,19,467.03,0.4363,-0.209,10,13,4,1,0,1054,1,0
USR_07898,2,0.2,16,0,51,439.03,0.8268,0.2193,1,4,0,0,0,1032,3,0
USR_07899,1,0.2,21,0,102,2205.38,0.7799,-0.1719,1,3,0,0,1,375,13,0
USR_07900,19,0.76,0,2,17,613.55,0.3353,-0.0716,15,17,6,1,0,163,0,0
USR_07901,5,0.3333,29,0,59,60.31,0.5327,-0.1196,4,8,1,0,0,527,3,0
USR_07902,6,0.3333,26,0,80,945.74,0.4685,0.2664,5,5,2,0,0,421,3,0
USR_07903,7,0.3333,21,1,17,350.34,0.4522,0.2071,6,7,2,0,0,1152,2,0
USR_07904,10,0.5,9,1,21,529.85,0.4126,0.1046,8,9,3,1,0,769,2,0
USR_07905,9,0.6923,3,1,34,1069.05,0.8797,0.4588,8,12,3,1,0,1134,7,0
USR_07906,13,0.5,9,1,24,151.54,0.5834,-0.0734,11,13,4,1,1,908,5,0
USR_07907,11,0.55,14,1,11,1225.86,0.5698,0.1807,9,9,3,1,0,866,10,0
USR_07908,21,0.6562,29,2,13,197.93,0.3574,-0.1223,18,20,7,1,1,160,3,0
USR_07909,8,0.6154,12,1,5,367.15,0.8312,-0.336,6,9,2,0,0,110,5,0
USR_07910,11,0.5789,21,1,9,857.94,0.5157,0.1585,9,13,3,0,0,84,11,0
USR_07911,20,0.7407,12,2,6,248.55,0.699,0.0078,17,17,6,1,1,724,10,0
USR_07912,16,0.6154,1,2,34,249.24,0.7253,-0.0604,13,14,5,1,0,266,12,0
USR_07913,10,0.9091,23,1,10,869.56,0.6348,0.0847,8,11,3,1,0,1187,1,0
USR_07914,8,0.5,10,1,2,1015.83,0.7443,0.058,6,7,2,0,1,185,13,0
USR_07915,15,0.8333,17,2,27,577.01,0.2733,-0.0437,12,16,5,1,0,1137,10,0
USR_07916,17,0.8947,10,2,24,1091.86,0.5157,-0.5818,14,15,5,1,1,811,9,0
USR_07917,22,0.6667,21,3,1,5000.0,0.6316,-0.2344,18,22,7,0,0,154,6,0
USR_07918,3,0.2727,24,0,191,201.97,0.3384,-0.0403,3,6,1,1,1,98,13,0
USR_07919,3,0.375,22,0,31,110.89,0.5203,0.0706,2,6,1,1,0,493,3,0
USR_07920,14,0.5833,26,1,43,1633.87,0.6648,0.072,11,11,4,0,0,426,8,0
USR_07921,16,1.0,20,2,34,258.25,0.8656,-0.3013,13,17,5,1,1,399,7,0
USR_07922,25,0.6579,15,3,35,893.94,0.5445,-0.094,20,22,8,0,0,648,8,0
USR_07923,19,0.8261,22,2,33,1081.08,0.6411,-0.9446,16,19,6,0,0,181,8,0
USR_07924,11,0.9167,20,1,29,646.95,0.2704,0.1058,9,11,3,0,0,181,1,0
USR_07925,10,0.5,6,1,28,830.71,0.7985,0.2756,8,9,3,0,0,842,2,0
USR_07926,6,0.3333,8,0,70,2610.88,0.6041,0.3838,5,7,2,1,0,1188,3,0
USR_07927,20,0.5882,2,2,19,407.58,0.7608,-0.3407,17,20,6,1,1,350,8,0
USR_07928,11,0.5,22,1,4,1847.19,0.4788,-0.323,9,12,3,1,0,1120,7,0
USR_07929,9,0.4286,4,1,44,233.23,0.4513,0.3069,7,11,3,0,0,433,10,0
USR_07930,11,0.7333,2,1,43,880.73,0.5144,0.3582,9,9,3,0,0,422,9,0
USR_07931,7,0.3889,24,1,4,981.85,0.4866,-0.0887,6,7,2,1,1,135,5,0
USR_07932,6,1.0,1,0,168,625.75,0.6319,0.046,5,7,2,0,1,525,0,0
USR_07933,15,0.5357,28,2,34,1445.44,0.6238,0.1735,13,13,5,1,0,612,6,0
USR_07934,13,0.52,6,1,11,688.58,0.7123,-0.3871,11,12,4,0,0,806,11,0
USR_07935,9,0.5,28,1,17,867.84,0.6767,0.1721,7,10,3,0,0,215,6,0
USR_07936,14,0.5185,19,1,34,378.13,0.7468,0.2969,11,12,4,0,0,250,11,0
USR_07937,6,0.4615,0,0,93,299.29,0.6274,-0.0677,5,9,2,0,0,535,13,0
USR_07938,10,0.7143,23,1,17,293.37,0.5897,0.5212,8,12,3,1,0,111,2,0
USR_07939,9,0.5294,29,1,28,407.31,0.628,-0.0959,8,8,3,1,0,197,7,0
USR_07940,7,1.0,27,0,170,238.66,0.7393,-0.5081,6,7,2,0,0,766,4,0
USR_07941,5,0.2632,26,0,161,2963.62,0.942,-0.029,4,6,1,0,0,1146,3,0
USR_07942,12,0.6316,7,1,7,519.87,0.3849,-0.4071,10,13,4,0,1,700,1,0
USR_07943,12,1.0,5,1,37,660.32,0.6114,0.1371,10,10,4,0,0,199,1,0
USR_07944,14,0.6087,9,1,0,265.55,0.5175,0.3224,12,14,4,0,1,1189,1,0
USR_07945,17,0.7083,16,2,3,3413.57,0.5773,-0.3469,14,16,5,0,0,640,6,0
USR_07946,5,0.2632,23,0,124,542.5,0.6058,0.2348,4,6,1,0,1,868,0,0
USR_07947,17,0.6071,29,2,36,415.16,0.7416,0.1858,14,14,5,1,0,260,3,0
USR_07948,15,0.7895,14,2,31,446.91,0.6133,-0.2204,13,14,5,0,1,706,4,0
USR_07949,5,1.0,14,0,70,561.83,0.7259,-0.0558,4,7,1,0,0,119,3,0
USR_07950,17,0.7391,25,2,28,521.63,0.8977,0.0415,14,17,5,0,1,762,10,0
USR_07951,20,0.625,28,2,6,226.61,0.7144,0.0429,17,18,6,0,0,266,3,0
USR_07952,8,0.4444,12,1,7,1323.67,0.5642,-0.1141,6,7,2,0,0,1094,0,0
USR_07953,14,0.5385,16,1,26,272.85,0.7348,-0.2015,12,15,4,0,0,94,13,0
USR_07954,16,0.5714,7,2,16,1270.99,0.6551,-0.3652,13,14,5,1,0,793,10,0
USR_07955,17,0.7083,10,2,24,229.45,0.3991,-0.283,14,17,5,0,0,193,6,0
USR_07956,20,0.625,22,2,28,764.02,0.5954,-0.1781,17,19,6,0,0,833,8,0
USR_07957,19,0.6129,4,2,14,293.1,0.4182,0.2513,16,20,6,0,1,607,0,0
USR_07958,13,0.9286,8,1,38,371.58,0.6594,-0.5326,11,15,4,1,0,1161,8,0
USR_07959,23,0.92,3,3,36,977.34,0.5771,-0.0317,19,22,7,0,0,792,1,0
USR_07960,21,0.875,7,2,4,1710.89,0.6407,0.4269,18,21,7,0,0,465,4,0
USR_07961,20,0.5882,21,2,5,2858.44,0.5087,-0.7165,17,18,6,1,1,132,0,0
USR_07962,14,0.5385,25,1,9,896.48,0.5165,0.096,11,13,4,1,0,727,8,0
USR_07963,23,1.0,9,3,6,662.25,0.5683,-0.1186,19,20,7,0,0,545,1,0
USR_07964,3,0.1875,26,0,123,307.77,0.3056,0.0053,3,6,1,1,1,91,1,0
USR_07965,6,1.0,12,0,43,158.94,0.456,-0.0253,5,8,2,1,0,710,0,0
USR_07966,9,0.45,7,1,29,1092.55,0.7146,0.37,7,10,3,0,0,275,7,0
USR_07967,4,0.3636,28,0,178,543.09,0.8304,-0.1317,3,5,1,0,0,304,2,0
USR_07968,8,0.4706,15,1,6,669.98,0.6216,-0.0843,6,9,2,1,0,40,4,0
USR_07969,14,0.56,5,1,7,483.69,0.4947,-0.1181,12,15,4,0,1,465,2,0
USR_07970,0,0.0,127,0,163,374.53,0.7249,0.1399,0,4,0,0,0,285,9,1
USR_07971,9,0.4737,11,1,36,1142.9,0.5437,-0.1013,7,11,3,0,0,114,1,0
USR_07972,27,0.7714,3,3,43,2601.77,0.5304,0.0745,22,23,9,1,0,538,12,0
USR_07973,9,0.5294,27,1,34,254.71,0.6116,0.2419,7,10,3,1,0,287,2,0
USR_07974,13,0.4815,18,1,30,148.53,0.5013,-0.038,11,11,4,1,0,186,0,0
USR_07975,24,0.6857,28,3,27,551.16,0.3196,-0.2523,20,20,8,0,0,576,1,0
USR_07976,13,0.5909,7,1,9,374.58,0.4507,-0.7197,11,14,4,1,0,103,0,0
USR_07977,5,0.3571,24,0,187,1714.61,0.6745,0.3957,4,7,1,1,1,1188,3,0
USR_07978,22,0.8462,20,2,40,997.1,0.6558,0.1961,18,21,7,0,0,581,1,0
USR_07979,12,0.5,11,1,16,3030.53,0.7714,-0.2893,10,13,4,1,0,1195,11,0
USR_07980,4,0.2857,10,0,132,1575.38,0.5303,-0.0713,3,7,1,0,1,1061,4,0
USR_07981,12,0.9231,3,1,9,723.31,0.4731,0.5807,10,10,4,0,0,1176,1,0
USR_07982,2,0.1538,23,0,82,748.49,0.723,-0.2631,2,2,0,0,1,664,3,0
USR_07983,1,0.0667,23,0,193,909.62,0.7813,0.3089,1,3,0,1,1,525,1,0
USR_07984,14,0.5833,16,1,19,321.15,0.4959,0.4974,12,12,4,0,0,872,0,0
USR_07985,5,0.2778,25,0,76,942.15,0.6588,-0.0991,4,5,1,0,0,124,2,0
USR_07986,21,0.6562,18,2,31,1991.18,0.3326,-0.3298,18,21,7,0,1,1013,0,0
USR_07987,12,0.48,21,1,12,401.23,0.4392,0.0696,10,13,4,0,0,408,1,0
USR_07988,8,0.5,29,1,35,548.14,0.5206,-0.0773,6,7,2,1,0,38,12,0
USR_07989,20,0.8,10,2,14,1124.81,0.3798,0.0757,16,16,6,1,0,308,6,0
USR_07990,6,0.4615,19,0,196,2206.36,0.9234,-0.1784,5,7,2,0,1,313,12,0
USR_07991,10,0.4167,19,1,6,367.3,0.6573,-0.1771,8,8,3,0,1,46,1,0
USR_07992,16,0.6154,27,2,16,808.86,0.8474,0.1746,13,13,5,0,0,812,10,0
USR_07993,18,0.9,21,2,2,648.69,0.475,-0.5964,15,17,6,1,0,141,2,0
USR_07994,21,0.8077,7,2,8,534.19,0.4407,0.0817,18,18,7,0,1,1020,0,0
USR_07995,20,0.9524,26,2,19,150.32,0.9499,-0.1851,16,19,6,0,0,560,9,0
USR_07996,5,0.2778,24,0,99,366.74,0.5128,0.0171,4,6,1,1,0,870,0,0
USR_07997,8,0.6154,4,1,43,249.13,0.6745,-0.4994,6,9,2,1,0,427,3,0
USR_07998,8,0.8889,22,1,34,597.31,0.542,0.5749,7,11,2,0,0,184,10,0
USR_07999,22,0.6286,7,2,42,462.93,0.5937,0.0552,18,22,7,1,0,241,5,0
