user_id,tx_success_rate,avg_response_time_ms,support_ticket_count_30d,complaint_count_90d,notification_read_rate,feature_adoption_score,session_frequency,tx_volume_30d,failed_tx_count_30d,days_since_last_complaint,onboarding_complete,account_age_days,nps_score
USR_00000,0.9287,327.2,1,0,0.1964,0.4695,5,3201.46,0,181,1,32,43
USR_00001,0.7398,748.1,0,0,0.5256,0.3274,8,3640.45,0,243,1,460,27
USR_00002,0.694,1587.7,1,1,0.7485,0.3638,3,3650.61,0,223,1,569,27
USR_00003,0.9258,435.6,1,0,0.6483,0.8686,9,922.28,0,42,1,125,52
USR_00004,0.8812,698.9,0,0,0.8132,0.3087,11,1439.62,0,181,1,384,38
USR_00005,0.9958,288.6,0,0,0.6773,0.1158,7,814.59,0,201,1,511,41
USR_00006,0.9011,1280.9,2,0,0.9524,0.4958,4,2252.85,1,292,1,920,28
USR_00007,0.9684,1130.7,0,0,0.8327,0.5265,9,608.88,0,80,1,306,40
USR_00008,0.9794,1133.6,1,0,0.5702,0.8143,13,2158.84,0,344,1,880,59
USR_00009,0.9115,476.2,0,1,0.8209,0.4374,9,2933.95,0,32,0,418,25
USR_00010,0.9727,476.2,1,1,0.7644,0.4265,7,2582.42,1,117,1,942,26
USR_00011,0.8048,842.1,0,0,0.3809,0.1259,9,3472.55,0,121,1,387,36
USR_00012,0.9103,985.1,0,0,0.3447,0.2458,6,478.24,0,8,1,773,49
USR_00013,0.7441,1285.2,0,0,0.6458,0.6581,9,4536.95,0,249,1,670,35
USR_00014,0.7263,758.8,0,1,0.7341,0.5404,11,1915.46,1,107,1,466,36
USR_00015,0.8201,445.0,0,0,0.8468,0.4345,9,3116.12,0,143,1,535,36
USR_00016,0.7625,704.3,0,0,0.3797,0.1688,12,2029.34,0,28,1,411,43
USR_00017,0.6718,823.8,1,0,0.7719,0.7016,10,3876.92,2,176,1,632,46
USR_00018,0.9703,487.4,0,0,0.4165,0.4417,9,2906.38,0,114,0,404,31
USR_00019,0.5866,1079.1,0,2,0.5134,0.5945,3,1131.18,1,259,0,418,16
USR_00020,0.6258,806.8,1,0,0.563,0.5284,8,3397.02,1,48,1,523,40
USR_00021,0.9924,508.5,0,0,0.2508,0.3323,6,2437.94,0,58,1,92,51
USR_00022,0.8804,1282.3,1,2,0.5517,0.7591,9,21567.77,0,240,1,190,18
USR_00023,0.8748,903.7,0,0,0.5351,0.6845,6,35647.01,1,256,1,119,40
USR_00024,0.9374,455.9,0,0,0.2196,0.6639,9,872.92,0,281,0,727,52
USR_00025,0.9218,527.9,0,2,0.6107,0.6569,6,4125.56,0,58,1,642,24
USR_00026,0.884,855.6,0,1,0.7447,0.1795,12,5540.39,0,176,1,640,36
USR_00027,0.9854,1160.7,0,0,0.4257,0.3088,9,699.84,0,334,1,791,33
USR_00028,0.9632,632.2,0,0,0.6332,0.4989,11,2978.35,1,333,1,519,41
USR_00029,0.7521,794.2,1,1,0.3009,0.3365,6,539.84,0,3,1,75,14
USR_00030,0.8415,632.4,1,0,0.4706,0.5332,8,611.87,0,240,0,769,38
USR_00031,0.7694,889.5,0,0,0.7723,0.8804,7,5314.9,0,178,1,376,46
USR_00032,0.9089,637.2,1,0,0.4737,0.4713,8,1979.36,0,1,1,887,39
USR_00033,0.9735,688.7,0,1,0.4938,0.4453,8,47211.7,0,113,1,737,33
USR_00034,0.8994,929.9,0,0,0.4676,0.4518,6,2570.75,0,334,1,104,35
USR_00035,0.9569,856.6,1,0,0.1426,0.5023,10,453.03,0,330,1,854,32
USR_00036,0.9431,593.2,2,0,0.7431,0.7856,6,6290.9,1,110,1,632,51
USR_00037,0.8981,417.5,0,0,0.4801,0.7702,7,741.13,0,357,1,404,50
USR_00038,0.6801,1073.0,2,0,0.3365,0.6521,4,3153.77,0,139,1,374,13
USR_00039,0.907,335.6,1,0,0.7058,0.4092,8,2955.41,1,173,0,188,41
USR_00040,0.9863,485.1,0,0,0.8942,0.2168,12,6475.45,1,24,1,883,37
USR_00041,0.8494,252.2,0,1,0.4796,0.5862,6,3257.17,2,288,1,446,24
USR_00042,0.8935,279.6,0,2,0.4457,0.4014,5,4610.19,0,137,1,848,20
USR_00043,0.8579,971.3,2,0,0.3009,0.514,4,1830.73,0,143,1,733,28
USR_00044,0.9734,872.9,0,0,0.8014,0.1558,6,4902.83,0,184,1,840,41
USR_00045,0.8695,1037.7,1,0,0.6909,0.1952,5,2496.61,0,259,1,288,34
USR_00046,0.984,676.2,0,0,0.5795,0.6418,8,4157.37,0,308,1,717,50
USR_00047,0.7857,636.9,1,0,0.5348,0.5303,11,3538.95,1,143,1,625,37
USR_00048,0.6052,348.8,0,0,0.5464,0.6762,6,4766.6,0,138,1,396,43
USR_00049,0.9087,614.9,0,0,0.6646,0.758,9,1714.14,0,154,0,561,51
USR_00050,0.9093,526.5,1,0,0.4752,0.6347,14,19808.52,0,144,1,765,54
USR_00051,0.9321,778.4,1,0,0.4768,0.2524,11,6269.33,0,356,1,198,39
USR_00052,0.8283,572.2,0,0,0.7734,0.21,7,1446.08,0,155,1,289,37
USR_00053,0.5589,606.2,0,1,0.6347,0.4008,11,1865.77,0,99,0,36,23
USR_00054,0.9168,1055.3,1,2,0.3176,0.559,5,3638.28,0,347,1,903,23
USR_00055,0.8246,923.0,0,0,0.6362,0.4312,8,9616.08,1,24,1,579,49
USR_00056,0.7134,907.2,0,2,0.9574,0.7395,4,1144.63,0,172,0,621,46
USR_00057,0.9892,601.9,0,0,0.7376,0.6039,8,6682.1,1,88,1,748,67
USR_00058,0.7914,869.4,0,0,0.2205,0.2913,7,2826.04,0,29,1,530,34
USR_00059,0.8273,780.0,0,1,0.6049,0.4303,7,4084.26,0,300,1,554,30
USR_00060,0.7991,1312.0,2,0,0.4019,0.3968,14,10767.52,0,15,1,729,38
USR_00061,0.7647,394.0,0,1,0.3789,0.3671,10,2903.43,0,183,1,425,37
USR_00062,0.7836,329.9,1,1,0.968,0.8055,6,2608.74,1,305,1,394,42
USR_00063,0.9064,1675.4,1,0,0.6931,0.3621,8,848.71,0,2,1,495,36
USR_00064,0.9654,354.9,0,0,0.5232,0.3282,16,849.0,0,38,0,540,49
USR_00065,0.8308,374.8,0,0,0.6046,0.6335,14,6212.83,0,33,1,894,38
USR_00066,0.8661,1154.4,0,0,0.9733,0.5315,7,23002.3,0,308,0,642,34
USR_00067,0.9739,430.8,1,0,0.8659,0.55,6,858.31,0,127,1,820,51
USR_00068,0.7592,343.3,0,0,0.7451,0.352,8,1189.21,1,112,1,133,48
USR_00069,0.7784,1748.8,1,0,0.389,0.5482,10,14756.42,0,182,1,734,37
USR_00070,0.7797,417.0,0,0,0.7474,0.4793,13,1261.16,0,178,1,959,42
USR_00071,0.933,970.0,3,0,0.73,0.5557,6,2476.55,0,362,1,641,42
USR_00072,0.9459,775.3,0,0,0.2796,0.0994,5,944.71,0,208,1,715,36
USR_00073,0.643,784.7,0,0,0.3159,0.1791,7,4571.31,1,227,1,374,36
USR_00074,0.688,754.1,1,1,0.3823,0.6205,3,1080.48,0,110,0,348,18
USR_00075,0.7946,1196.2,0,1,0.9704,0.433,9,10053.98,0,347,1,260,24
USR_00076,0.8125,671.1,0,1,0.6918,0.2886,7,18442.33,0,152,1,877,31
USR_00077,0.863,533.2,0,0,0.4342,0.1637,13,1185.5,0,143,1,906,29
USR_00078,0.7952,815.2,1,0,0.5529,0.4258,6,2198.32,0,67,1,394,42
USR_00079,0.7089,377.3,2,0,0.9857,0.1705,6,20893.05,0,138,1,404,36
USR_00080,0.739,748.8,1,0,0.531,0.4514,9,3352.99,0,198,1,320,41
USR_00081,0.9059,762.2,0,0,0.9025,0.5794,8,6707.8,0,224,1,829,53
USR_00082,0.9774,506.0,0,0,0.6366,0.5717,8,2671.25,2,211,0,448,37
USR_00083,0.4618,524.8,0,0,0.6524,0.4174,11,2731.53,0,102,1,785,36
USR_00084,0.9711,816.2,1,0,0.6187,0.4822,9,2381.7,1,134,1,743,30
USR_00085,0.7483,496.1,0,0,0.8553,0.2677,9,20640.84,0,361,1,960,30
USR_00086,0.6655,235.5,0,0,0.5816,0.444,10,17554.18,0,32,1,811,41
USR_00087,0.9011,655.1,2,1,0.3113,0.4714,6,1109.34,1,328,1,757,27
USR_00088,0.7877,715.6,0,0,0.0914,0.3036,10,3265.55,0,124,1,45,41
USR_00089,0.9757,487.1,1,0,0.3736,0.361,6,435.95,1,69,1,677,24
USR_00090,0.6535,1719.2,1,0,0.5085,0.684,5,3652.48,0,154,1,936,36
USR_00091,0.955,501.4,1,0,0.4462,0.1994,5,5372.06,0,35,1,244,38
USR_00092,0.9586,996.1,1,1,0.3881,0.2941,11,3127.14,0,87,0,317,25
USR_00093,0.9855,327.2,0,1,0.9065,0.7435,10,3637.36,0,124,1,594,39
USR_00094,0.7036,1367.6,0,0,0.8574,0.0964,11,9168.59,1,278,1,210,50
USR_00095,0.8399,266.7,1,0,0.4024,0.4963,3,4504.66,0,29,0,769,33
USR_00096,0.7321,234.5,0,0,0.6945,0.5115,12,2777.15,0,8,1,627,42
USR_00097,0.9883,673.9,0,0,0.464,0.3983,8,3606.31,0,36,1,153,49
USR_00098,0.5814,715.6,1,0,0.5459,0.4511,8,7619.74,0,334,1,364,18
USR_00099,0.9729,675.3,0,0,0.8109,0.56,11,867.17,0,363,0,931,60
USR_00100,0.889,735.8,0,1,0.7713,0.9305,5,7261.72,0,253,0,335,48
USR_00101,0.8223,916.2,2,1,0.4888,0.1412,8,374.02,2,10,1,896,0
USR_00102,0.553,436.8,0,0,0.7054,0.867,13,10401.95,0,94,1,769,48
USR_00103,0.8843,1154.9,0,0,0.4069,0.7655,7,1823.15,0,66,1,73,45
USR_00104,0.8516,498.4,0,1,0.1635,0.4336,16,5100.73,0,347,1,39,41
USR_00105,0.8245,318.6,1,1,0.4345,0.7434,10,28517.7,1,239,1,995,43
USR_00106,0.8898,677.0,0,1,0.6096,0.3687,7,2830.0,1,231,1,476,31
USR_00107,0.9852,481.0,0,0,0.6935,0.8258,8,703.55,1,13,1,88,54
USR_00108,0.9188,679.3,1,0,0.4267,0.6336,6,1586.71,1,278,1,997,53
USR_00109,0.9657,1665.8,1,1,0.9072,0.8205,9,6833.71,0,180,1,70,45
USR_00110,0.691,721.5,0,0,0.5849,0.2143,8,8731.35,0,268,1,669,36
USR_00111,0.9364,600.2,1,0,0.7882,0.5536,8,1326.9,0,292,1,323,41
USR_00112,0.5412,743.1,1,0,0.5913,0.0635,10,7286.19,2,142,1,659,24
USR_00113,0.9446,812.4,1,0,0.3439,0.5967,9,965.65,0,301,0,219,35
USR_00114,0.8073,462.1,0,0,0.5523,0.7108,17,788.86,0,326,1,212,39
USR_00115,0.7246,479.3,2,1,0.5893,0.2793,9,4036.13,0,348,1,654,19
USR_00116,0.5929,1162.8,0,0,0.8322,0.4409,4,1048.49,0,137,1,156,40
USR_00117,0.6543,1705.5,0,0,0.8531,0.3865,4,4285.34,0,79,1,954,41
USR_00118,0.7541,528.6,0,0,0.5947,0.5528,6,4068.74,1,152,1,590,35
USR_00119,0.809,168.1,0,0,0.8352,0.2853,4,3084.47,0,98,1,679,35
USR_00120,0.8245,705.9,0,0,0.4022,0.3587,13,3926.15,0,259,1,994,48
USR_00121,0.9564,585.3,1,1,0.7827,0.3685,11,792.11,0,233,1,693,27
USR_00122,0.9129,1150.2,1,1,0.5997,0.3694,7,4231.38,1,115,1,58,25
USR_00123,0.6789,965.9,0,0,0.709,0.3365,5,1848.04,0,258,1,477,30
USR_00124,0.9839,1211.3,1,0,0.7469,0.7492,7,1639.55,0,223,0,163,45
USR_00125,0.8903,616.2,0,1,0.9506,0.7192,6,3435.61,0,329,1,326,46
USR_00126,0.8601,352.5,0,0,0.9119,0.5438,10,8316.24,1,70,1,135,44
USR_00127,0.9379,414.4,0,0,0.3208,0.3288,12,1107.65,0,64,0,797,45
USR_00128,0.8336,555.9,0,0,0.8069,0.8385,6,9452.76,0,8,1,575,56
USR_00129,0.9433,1113.8,0,1,0.5546,0.7832,6,3311.95,1,116,1,100,45
USR_00130,0.9281,424.2,0,0,0.461,0.4774,7,841.39,0,252,1,629,40
USR_00131,0.7017,1914.3,0,0,0.4199,0.315,8,7338.6,1,310,1,300,30
USR_00132,0.6971,867.4,1,0,0.2561,0.4733,7,929.87,0,269,1,408,20
USR_00133,0.9872,218.4,0,0,0.9427,0.1091,11,3130.04,1,282,1,291,53
USR_00134,0.7448,1926.0,0,0,0.1638,0.3035,9,3911.96,0,188,1,349,39
USR_00135,0.8317,778.5,2,0,0.8805,0.7289,5,270.85,1,120,1,932,40
USR_00136,0.8423,1177.1,0,0,0.4994,0.5818,9,4868.18,0,184,1,330,51
USR_00137,0.6469,505.0,1,1,0.5016,0.569,8,5544.31,1,75,1,347,28
USR_00138,0.7301,369.2,0,0,0.7777,0.6548,8,2844.04,0,299,1,967,43
USR_00139,0.8754,601.2,1,0,0.8805,0.4002,9,824.64,0,269,1,348,39
USR_00140,0.7854,1310.9,0,0,0.7506,0.5081,5,956.1,0,44,1,134,47
USR_00141,0.8133,267.5,0,1,0.6001,0.8638,6,3118.68,0,268,1,326,42
USR_00142,0.9368,448.9,1,0,0.6879,0.5652,15,12485.73,0,256,1,104,52
USR_00143,0.6832,408.5,1,1,0.6544,0.5094,6,7116.29,1,60,1,607,43
USR_00144,0.9213,927.3,0,0,0.7865,0.4589,14,4932.88,0,135,1,105,38
USR_00145,0.8981,1162.6,0,0,0.4777,0.3305,10,6479.41,0,232,1,812,36
USR_00146,0.87,502.5,1,0,0.4099,0.5357,3,5665.79,1,32,1,214,29
USR_00147,0.6913,698.1,0,1,0.7713,0.6069,7,6094.44,0,14,1,592,37
USR_00148,0.8724,340.9,0,0,0.6225,0.2409,6,5121.45,0,256,0,633,21
USR_00149,0.8265,1027.2,0,0,0.3063,0.5069,12,1838.43,0,72,1,436,31
USR_00150,0.9037,253.5,0,0,0.6907,0.3837,10,5756.97,0,73,1,426,47
USR_00151,0.9506,448.6,1,0,0.8002,0.4296,10,2190.93,1,77,1,985,46
USR_00152,0.9577,575.2,1,0,0.7162,0.4755,8,2740.08,0,334,1,351,38
USR_00153,0.8202,659.0,0,0,0.4721,0.4726,9,1729.35,0,161,1,269,42
USR_00154,0.8934,2085.0,0,0,0.7202,0.6452,10,3657.99,2,89,1,569,61
USR_00155,0.9219,885.8,2,0,0.6632,0.8914,7,6067.85,0,355,1,546,51
USR_00156,0.7371,566.1,1,1,0.4334,0.0792,9,2020.61,0,293,1,662,23
USR_00157,0.9518,1336.9,0,0,0.5414,0.7105,5,3045.31,0,360,1,611,23
USR_00158,0.4773,1255.9,0,0,0.6021,0.5492,13,1020.53,1,350,1,51,42
USR_00159,0.8491,762.6,0,1,0.74,0.7481,10,444.18,1,12,1,53,40
USR_00160,0.4418,583.6,0,0,0.5761,0.4154,8,791.26,1,323,1,758,23
USR_00161,0.7533,2187.1,0,0,0.7905,0.7167,8,3462.45,0,231,1,527,48
USR_00162,0.5233,351.1,1,0,0.9209,0.5169,7,2619.08,1,171,1,640,30
USR_00163,0.9952,811.2,0,1,0.1801,0.8661,14,3810.46,0,3,1,467,34
USR_00164,0.8935,682.4,0,0,0.5673,0.8337,4,717.07,0,322,0,866,55
USR_00165,0.7474,571.5,1,1,0.5245,0.5095,8,8601.56,0,316,1,415,27
USR_00166,0.9061,669.5,1,1,0.3237,0.1813,4,3692.04,1,357,1,134,34
USR_00167,0.8751,436.5,0,1,0.604,0.5057,11,1441.08,1,262,0,355,18
USR_00168,0.9372,485.8,0,0,0.7809,0.4674,6,10659.88,0,308,1,32,54
USR_00169,0.7175,616.3,0,0,0.4388,0.3514,8,2386.94,0,272,0,842,29
USR_00170,0.6344,401.5,0,0,0.5761,0.6755,6,3122.95,1,146,0,124,42
USR_00171,0.8873,972.3,0,0,0.4439,0.5978,3,2866.6,0,232,1,307,44
USR_00172,0.5175,870.1,1,0,0.212,0.5029,6,7723.6,1,335,0,297,36
USR_00173,0.7179,478.0,0,0,0.4291,0.2302,10,1556.18,0,43,1,147,19
USR_00174,0.8054,427.5,1,1,0.5287,0.0293,7,3837.34,0,187,0,247,24
USR_00175,0.7045,573.6,0,0,0.6446,0.6772,8,702.97,1,26,1,855,42
USR_00176,0.9506,315.4,0,0,0.6299,0.5279,10,7775.66,0,202,1,318,49
USR_00177,0.8442,532.2,0,0,0.5712,0.6631,6,7753.9,0,27,1,254,39
USR_00178,0.9755,489.0,0,0,0.7624,0.1785,16,634.76,1,163,1,548,43
USR_00179,0.8515,762.2,0,1,0.445,0.6768,8,1934.27,1,234,1,979,25
USR_00180,0.9977,1047.2,0,1,0.4552,0.495,7,6617.1,0,107,1,456,38
USR_00181,0.9146,840.5,0,0,0.6378,0.2914,15,1503.33,0,186,1,517,33
USR_00182,0.9183,983.7,0,0,0.3813,0.2127,6,4026.6,0,135,1,558,49
USR_00183,0.8789,417.0,1,0,0.0983,0.5918,3,778.14,0,289,1,656,32
USR_00184,0.43,829.8,0,0,0.5475,0.715,3,1834.92,0,53,0,485,30
USR_00185,0.8284,268.6,0,0,0.8159,0.832,10,1965.08,0,206,0,789,48
USR_00186,0.921,377.6,1,0,0.7616,0.0595,7,7671.75,0,258,1,401,40
USR_00187,0.865,954.4,0,0,0.4478,0.8124,9,5569.55,0,198,1,982,49
USR_00188,0.7899,501.7,0,0,0.3007,0.3909,10,853.65,1,278,1,316,44
USR_00189,0.897,399.2,1,0,0.9518,0.677,9,1001.71,2,359,1,532,46
USR_00190,0.8626,373.8,0,0,0.8401,0.3585,8,1151.62,0,113,1,413,42
USR_00191,0.5885,474.8,0,0,0.5215,0.4572,11,1862.12,1,62,1,578,54
USR_00192,0.6939,637.1,0,1,0.2708,0.4462,14,3490.25,1,143,1,273,28
USR_00193,0.7263,1393.1,0,0,0.6263,0.7534,9,2316.84,0,154,1,766,29
USR_00194,0.9288,416.5,0,0,0.3274,0.3505,5,3238.59,1,357,1,768,40
USR_00195,0.9296,444.0,0,0,0.3815,0.4034,9,2928.69,0,46,1,477,48
USR_00196,0.625,988.0,0,0,0.5771,0.4449,7,2847.56,0,256,1,602,32
USR_00197,0.9443,556.4,0,0,0.65,0.1755,9,3008.18,0,327,1,799,58
USR_00198,0.8257,338.1,0,0,0.3909,0.4374,5,1581.62,0,64,1,614,45
USR_00199,0.9949,823.7,0,0,0.4858,0.5294,5,2521.69,2,326,0,284,30
USR_00200,0.9091,217.2,0,0,0.8167,0.6929,8,4943.9,0,41,0,161,60
USR_00201,0.7671,634.6,0,0,0.5052,0.1198,6,9819.43,0,338,1,379,44
USR_00202,0.7802,476.4,0,0,0.7943,0.406,7,4087.52,0,217,1,345,59
USR_00203,0.9198,1420.1,1,0,0.5444,0.4302,8,701.9,1,324,1,369,52
USR_00204,0.9726,1335.3,0,1,0.6052,0.3038,7,2590.19,1,360,0,405,34
USR_00205,0.886,535.5,0,1,0.4994,0.8584,8,2394.01,0,16,1,622,38
USR_00206,0.9373,325.8,0,0,0.7262,0.452,14,1120.02,0,320,1,351,43
USR_00207,0.9673,1043.8,0,0,0.8057,0.4815,12,3954.76,2,311,1,128,47
USR_00208,0.7652,545.6,1,0,0.2465,0.5068,8,4783.92,0,168,1,982,25
USR_00209,0.7157,677.0,0,1,0.8502,0.3761,6,5862.58,0,197,1,727,24
USR_00210,0.8363,696.3,2,0,0.5457,0.559,8,29679.37,0,35,0,428,15
USR_00211,0.9529,306.5,1,0,0.1659,0.4105,9,7557.05,1,107,1,813,42
USR_00212,0.7108,1090.5,0,1,0.1176,0.5604,9,4388.53,0,40,1,444,22
USR_00213,0.9182,1352.9,0,0,0.8132,0.3424,8,2647.76,0,96,0,73,32
USR_00214,0.9665,362.0,1,0,0.7005,0.4651,7,859.81,0,63,1,729,38
USR_00215,0.8853,582.8,1,0,0.5557,0.5163,10,2831.34,0,125,1,338,40
USR_00216,0.9287,497.1,1,1,0.3937,0.7727,9,21749.06,0,270,1,948,31
USR_00217,0.8112,881.4,0,0,0.7411,0.2556,10,6948.02,0,292,1,713,41
USR_00218,0.9721,431.8,0,0,0.3158,0.3807,5,4279.36,0,319,1,50,32
USR_00219,0.7194,688.0,0,0,0.6775,0.5122,10,30334.02,0,38,1,947,47
USR_00220,0.913,650.1,0,1,0.6328,0.2788,7,2679.85,1,68,1,156,30
USR_00221,0.9914,777.4,0,0,0.7812,0.2143,11,19747.72,0,123,0,312,27
USR_00222,0.998,948.6,0,0,0.514,0.6234,8,8181.32,0,139,1,322,42
USR_00223,0.8721,493.8,1,0,0.4683,0.8341,6,824.09,0,357,1,758,40
USR_00224,0.8186,478.8,0,2,0.4623,0.5245,9,7631.44,0,93,1,833,29
USR_00225,0.9226,490.5,1,0,0.313,0.4737,4,594.61,0,125,1,937,51
USR_00226,0.6305,776.0,0,0,0.4399,0.3597,8,11643.5,0,240,1,626,42
USR_00227,0.6386,1496.0,0,0,0.9114,0.5101,9,2079.97,1,336,1,506,41
USR_00228,0.6694,413.6,1,0,0.6456,0.6086,7,2550.86,0,111,1,477,36
USR_00229,0.9904,913.7,0,0,0.368,0.534,6,5310.18,0,58,0,509,38
USR_00230,0.7903,1550.0,1,0,0.775,0.6831,6,3402.25,0,238,0,919,22
USR_00231,0.9396,443.0,0,0,0.8549,0.3653,9,3523.17,0,247,0,438,53
USR_00232,0.9046,261.7,0,1,0.4606,0.634,3,2671.13,0,51,1,365,46
USR_00233,0.8942,881.8,1,1,0.3894,0.2689,5,1333.84,0,261,0,585,23
USR_00234,0.9346,1372.2,3,0,0.891,0.814,5,2581.18,1,161,1,926,32
USR_00235,0.7335,441.1,2,0,0.296,0.7407,9,16924.34,0,17,1,995,28
USR_00236,0.775,784.6,2,1,0.6662,0.3874,7,3008.13,2,207,0,667,3
USR_00237,0.9939,1008.7,1,0,0.2931,0.0944,8,8026.88,0,279,1,485,35
USR_00238,0.9064,525.4,0,0,0.5342,0.5722,12,2107.55,0,102,1,526,58
USR_00239,0.9298,375.3,0,1,0.4116,0.4122,10,12438.34,0,121,1,939,35
USR_00240,0.98,3172.9,0,0,0.6782,0.2629,8,1708.11,0,134,1,994,37
USR_00241,0.6567,190.6,0,1,0.3405,0.7978,9,14548.87,3,75,1,476,30
USR_00242,0.911,1004.5,0,2,0.3598,0.4507,7,4273.75,0,254,1,206,36
USR_00243,0.879,644.9,2,0,0.4269,0.5192,5,2058.14,1,269,1,420,43
USR_00244,0.927,443.5,1,0,0.44,0.4876,12,4094.32,1,217,1,608,53
USR_00245,0.9338,720.2,0,2,0.8014,0.6945,8,13086.33,0,274,0,801,27
USR_00246,0.8985,440.1,0,0,0.7775,0.6391,7,1772.44,0,341,1,681,51
USR_00247,0.6551,728.1,0,0,0.952,0.437,11,1209.56,0,99,0,906,44
USR_00248,0.9012,981.9,1,0,0.6735,0.6502,5,2817.09,0,334,1,899,52
USR_00249,0.9241,1174.7,0,1,0.6275,0.1682,11,1203.26,1,52,1,797,39
USR_00250,0.9009,472.8,1,0,0.9285,0.6393,2,1309.68,0,220,1,54,52
USR_00251,0.8336,1003.2,0,0,0.5259,0.2076,9,4140.09,0,59,1,879,44
USR_00252,0.7755,477.5,0,1,0.3018,0.7988,7,876.47,1,266,0,378,15
USR_00253,0.9635,682.7,0,0,0.725,0.6742,6,3309.66,0,302,1,360,48
USR_00254,0.8825,353.8,1,1,0.5279,0.85,6,2160.42,0,66,0,857,28
USR_00255,0.9444,667.5,0,2,0.573,0.716,4,13538.71,1,53,1,433,29
USR_00256,0.9788,273.7,1,0,0.8252,0.6125,10,3400.58,0,330,1,102,39
USR_00257,0.7952,582.7,0,1,0.7843,0.5019,6,3083.54,0,364,0,568,33
USR_00258,0.7371,424.1,0,0,0.8263,0.1178,7,5191.15,0,47,0,719,24
USR_00259,0.9665,664.7,0,1,0.7516,0.6278,7,1348.92,0,326,1,604,54
USR_00260,0.6277,391.8,0,0,0.7336,0.4726,9,4044.94,0,120,0,242,22
USR_00261,0.6076,927.4,1,0,0.4643,0.5907,7,7435.64,0,123,1,811,14
USR_00262,0.8801,1414.3,0,0,0.9176,0.5849,6,1849.2,0,294,1,466,44
USR_00263,0.8022,1199.6,0,1,0.623,0.4506,12,380.47,0,146,1,600,19
USR_00264,0.955,659.7,0,0,0.7976,0.867,15,2016.52,1,149,1,834,45
USR_00265,0.878,412.5,0,0,0.5095,0.5236,9,1031.01,1,89,1,822,43
USR_00266,0.7742,725.7,2,0,0.4575,0.6438,13,2514.39,0,297,1,544,37
USR_00267,0.9479,585.1,0,0,0.3293,0.4774,9,5743.32,0,25,0,890,36
USR_00268,0.6917,906.2,0,0,0.8706,0.2496,10,2071.45,1,99,1,179,38
USR_00269,0.8851,426.2,1,0,0.4947,0.9489,5,4817.99,0,319,1,938,27
USR_00270,0.9766,1289.3,0,0,0.6668,0.5702,4,1624.86,0,307,1,661,46
USR_00271,0.9531,2291.6,1,1,0.9016,0.616,8,3250.85,0,51,1,650,25
USR_00272,0.6702,654.4,0,0,0.8321,0.131,4,6844.69,0,178,0,68,34
USR_00273,0.932,2098.1,2,0,0.3056,0.679,8,1177.78,0,145,0,115,42
USR_00274,0.8259,664.6,0,0,0.1864,0.1578,6,2518.44,0,98,1,359,35
USR_00275,0.7562,455.5,3,0,0.8072,0.0951,11,7433.26,0,65,1,130,19
USR_00276,0.7456,784.1,1,1,0.7156,0.5306,8,1431.34,0,17,1,230,37
USR_00277,0.8718,1349.4,0,2,0.5353,0.5668,11,1881.77,0,284,1,694,34
USR_00278,0.9249,1565.7,1,0,0.8118,0.8908,8,3091.47,0,8,1,327,40
USR_00279,0.9075,161.5,0,0,0.7382,0.2221,10,2925.37,0,348,1,400,37
USR_00280,0.6158,414.1,0,0,0.5601,0.7462,7,776.9,0,69,1,476,23
USR_00281,0.6726,383.1,0,2,0.7293,0.5645,4,532.76,1,6,1,717,30
USR_00282,0.8922,281.9,0,0,0.2485,0.3703,5,1284.33,0,299,1,53,35
USR_00283,0.9362,427.6,0,0,0.6278,0.5138,13,2984.14,1,4,1,470,47
USR_00284,0.9213,573.6,0,1,0.5471,0.6354,12,5771.54,0,310,1,512,45
USR_00285,0.9042,358.9,1,0,0.7504,0.569,9,4011.13,1,21,1,860,62
USR_00286,0.8277,436.6,0,0,0.7875,0.9061,13,4377.2,0,238,1,900,51
USR_00287,0.9741,451.1,0,0,0.4835,0.7989,11,2777.92,0,170,1,797,48
USR_00288,0.8535,1259.7,2,0,0.2008,0.8403,14,15685.08,0,231,0,454,23
USR_00289,0.6505,666.3,1,1,0.5077,0.1635,5,2787.79,0,289,1,312,14
USR_00290,0.975,501.9,1,1,0.679,0.216,7,2906.04,0,72,0,722,15
USR_00291,0.8262,596.6,0,1,0.8415,0.4366,3,1020.88,0,287,1,218,47
USR_00292,0.9262,1388.7,0,0,0.6127,0.3898,14,1475.32,0,362,1,124,42
USR_00293,0.7455,723.2,1,2,0.8361,0.2972,13,2099.87,0,60,1,187,21
USR_00294,0.8847,1392.9,0,0,0.4489,0.5163,8,1617.04,0,278,0,797,46
USR_00295,0.8557,1097.8,0,0,0.3293,0.7289,12,8546.88,0,78,1,903,43
USR_00296,0.8878,157.5,3,0,0.7244,0.7021,6,601.15,0,119,1,76,42
USR_00297,0.9425,384.7,0,2,0.5096,0.4295,4,517.16,0,7,1,160,38
USR_00298,0.9397,359.7,3,1,0.6394,0.1637,11,16235.54,0,116,1,951,23
USR_00299,0.8873,1848.4,0,0,0.9833,0.5442,7,2044.53,1,35,1,836,45
USR_00300,0.8557,474.6,2,1,0.4763,0.5103,4,3242.29,2,300,1,736,19
USR_00301,0.9786,885.4,0,0,0.6817,0.8247,7,2130.73,1,89,0,606,47
USR_00302,0.8037,278.7,1,0,0.8678,0.6757,5,626.26,0,18,1,761,39
USR_00303,0.8823,669.0,1,0,0.973,0.3824,6,1838.44,0,42,1,760,35
USR_00304,0.9765,1603.9,0,1,0.4204,0.4955,9,3314.62,0,266,1,489,32
USR_00305,0.8567,224.7,0,1,0.6169,0.3743,8,8580.01,0,85,1,762,30
USR_00306,0.7657,1705.9,0,0,0.9427,0.5311,2,1362.67,1,197,0,507,43
USR_00307,0.7754,471.0,2,0,0.8709,0.1312,4,346.29,0,44,1,51,28
USR_00308,0.6922,712.3,0,0,0.8855,0.3181,6,6612.76,0,2,1,384,26
USR_00309,0.8472,975.3,1,2,0.3292,0.4886,12,2710.78,0,139,1,780,15
USR_00310,0.5406,361.9,1,2,0.671,0.1688,13,6082.54,0,100,1,228,11
USR_00311,0.8096,1288.8,0,1,0.9121,0.3469,10,470.01,0,216,1,183,37
USR_00312,0.7852,296.7,0,0,0.4494,0.0606,3,1665.64,0,238,1,811,44
USR_00313,0.8237,444.9,0,0,0.5485,0.6513,9,689.36,0,25,1,882,42
USR_00314,0.8835,871.8,0,0,0.7492,0.97,7,1462.93,0,226,1,732,60
USR_00315,0.828,442.2,0,1,0.3589,0.2406,6,1843.65,0,244,1,134,37
USR_00316,0.8478,1963.2,0,0,0.8555,0.4442,7,958.0,0,255,1,184,59
USR_00317,0.4085,521.0,0,0,0.3914,0.6689,5,5726.32,0,9,1,362,25
USR_00318,0.6743,334.6,2,0,0.5567,0.302,6,1445.11,0,40,1,384,37
USR_00319,0.9183,424.0,1,0,0.4063,0.5095,5,13072.84,1,182,1,373,28
USR_00320,0.6752,719.3,0,0,0.7886,0.1408,6,5992.34,0,351,1,513,44
USR_00321,0.9181,416.4,1,1,0.7968,0.4699,9,3330.37,1,2,0,294,23
USR_00322,0.6494,483.1,0,0,0.345,0.7672,4,2407.82,0,59,1,451,44
USR_00323,0.7039,1189.8,0,1,0.6787,0.2886,9,6634.47,3,351,1,620,25
USR_00324,0.9653,559.6,0,0,0.2844,0.0363,2,14999.96,0,263,1,585,44
USR_00325,0.7549,292.6,0,0,0.7279,0.4976,12,3314.31,1,225,1,365,43
USR_00326,0.9565,632.8,1,0,0.7893,0.4515,8,1534.56,0,345,1,998,36
USR_00327,0.9399,691.4,1,0,0.4687,0.5845,9,1466.11,0,87,1,341,52
USR_00328,0.8008,336.2,0,2,0.8307,0.7362,11,3616.14,0,193,1,920,25
USR_00329,0.7392,487.4,0,1,0.9169,0.9061,9,4520.24,0,280,1,733,29
USR_00330,0.5894,254.7,0,0,0.3253,0.398,14,810.97,0,265,1,803,37
USR_00331,0.8021,525.1,0,1,0.5739,0.2365,3,3984.83,3,135,1,134,22
USR_00332,0.7907,253.0,0,0,0.6888,0.4477,8,2985.15,0,188,1,592,27
USR_00333,0.9597,603.0,0,0,0.8456,0.9309,11,1893.46,0,190,1,653,57
USR_00334,0.9825,227.8,0,0,0.5466,0.7658,10,2351.1,0,270,1,581,51
USR_00335,0.7471,235.9,0,1,0.6843,0.2982,7,1064.31,0,15,1,977,35
USR_00336,0.6728,393.9,0,0,0.539,0.1846,9,892.09,1,239,1,439,38
USR_00337,0.8438,607.7,1,0,0.4439,0.2409,4,1193.16,0,232,1,408,31
USR_00338,0.7273,517.6,1,1,0.458,0.7367,7,1948.09,0,200,1,846,37
USR_00339,0.9581,661.9,1,0,0.4307,0.2275,8,614.7,0,203,1,204,46
USR_00340,0.9763,509.2,2,1,0.3379,0.291,10,2032.91,0,105,1,607,23
USR_00341,0.9873,557.5,0,0,0.5408,0.2904,4,3752.66,0,361,0,372,28
USR_00342,0.6836,542.7,1,0,0.3629,0.2048,11,1013.94,0,171,1,943,30
USR_00343,0.8892,597.3,1,0,0.4804,0.3496,6,33586.93,0,297,1,63,34
USR_00344,0.9181,710.0,0,0,0.5532,0.4529,9,3209.89,1,72,1,610,28
USR_00345,0.4451,370.0,0,0,0.4137,0.2197,13,9409.94,1,258,1,538,16
USR_00346,0.695,913.9,0,0,0.4754,0.5087,11,6101.54,0,320,0,475,50
USR_00347,0.7725,533.9,3,0,0.5892,0.6253,7,1702.12,0,164,0,250,35
USR_00348,0.9431,952.8,0,2,0.3375,0.1433,8,13992.29,0,165,1,755,12
USR_00349,0.724,302.2,1,0,0.2271,0.6437,3,3777.81,0,237,1,369,20
USR_00350,0.9704,281.9,0,0,0.7303,0.6151,5,14790.58,1,146,1,654,57
USR_00351,0.892,280.8,0,1,0.2976,0.4829,6,3983.79,1,151,1,562,49
USR_00352,0.8281,1484.7,0,0,0.5757,0.6546,11,1405.39,0,276,1,527,45
USR_00353,0.8156,1848.4,2,0,0.3366,0.1055,5,7166.63,0,168,1,988,13
USR_00354,0.9293,181.8,1,0,0.8586,0.1972,7,4753.55,0,193,1,585,35
USR_00355,0.825,485.5,0,0,0.8375,0.8111,13,2408.77,0,211,1,813,44
USR_00356,0.8288,691.7,0,0,0.7821,0.1854,8,1941.85,0,224,1,355,37
USR_00357,0.9846,1101.5,0,0,0.756,0.2123,10,904.43,0,342,1,975,36
USR_00358,0.8224,1323.0,0,1,0.7793,0.3883,9,1212.35,0,345,1,386,46
USR_00359,0.9278,701.6,0,1,0.4489,0.485,7,4085.25,2,246,1,764,48
USR_00360,0.7641,836.9,2,0,0.1454,0.2973,11,1323.48,0,101,1,298,14
USR_00361,0.8257,434.5,0,0,0.2956,0.0906,6,7126.79,0,90,1,940,44
USR_00362,0.8228,1300.0,0,0,0.3843,0.174,9,7197.03,0,55,1,293,35
USR_00363,0.9585,642.3,1,0,0.475,0.3161,12,6495.9,0,84,1,988,26
USR_00364,0.4523,1296.2,0,0,0.7092,0.5639,10,4078.37,0,129,1,232,19
USR_00365,0.8551,561.0,0,0,0.6645,0.4073,8,14678.54,0,316,1,162,50
USR_00366,0.6943,779.5,0,0,0.0859,0.7001,9,865.93,0,276,1,856,33
USR_00367,0.8563,522.7,1,0,0.76,0.3392,8,16266.05,0,321,1,415,37
USR_00368,0.7633,858.8,2,0,0.9588,0.5963,7,2016.85,2,140,1,803,25
USR_00369,0.9406,880.1,2,0,0.8364,0.7473,13,1966.99,0,87,1,297,38
USR_00370,0.7767,477.9,1,0,0.6788,0.7485,8,6168.3,0,229,1,906,49
USR_00371,0.7105,353.9,0,0,0.1077,0.6105,13,7658.7,0,4,1,36,28
USR_00372,0.878,714.7,1,1,0.6502,0.3337,6,1408.01,0,301,1,661,21
USR_00373,0.8505,963.3,1,1,0.8365,0.5273,10,6372.71,0,2,1,121,48
USR_00374,0.9091,561.4,0,0,0.2368,0.2156,9,7197.86,1,318,1,473,37
USR_00375,0.7082,273.5,0,1,0.6681,0.4479,6,2868.53,0,234,1,823,33
USR_00376,0.8669,448.4,0,0,0.306,0.8428,2,1809.48,0,60,0,717,56
USR_00377,0.5044,808.5,0,1,0.8925,0.0478,11,895.77,0,248,1,159,38
USR_00378,0.7953,766.4,1,0,0.1921,0.6746,7,9855.19,0,333,1,455,24
USR_00379,0.6179,450.2,0,1,0.2588,0.6741,12,2386.74,1,32,1,344,21
USR_00380,0.5162,824.7,0,1,0.2185,0.5187,7,10430.34,1,161,1,286,32
USR_00381,0.7831,992.0,0,0,0.4375,0.413,8,4935.88,1,323,1,916,46
USR_00382,0.8941,551.3,2,0,0.5235,0.4812,5,420.29,1,83,1,636,25
USR_00383,0.8893,489.9,1,0,0.7756,0.5657,9,1879.19,0,363,0,381,24
USR_00384,0.9121,559.1,0,0,0.6207,0.4039,6,3886.48,0,357,1,595,44
USR_00385,0.9804,585.2,0,0,0.6909,0.4809,10,26694.35,0,233,1,332,50
USR_00386,0.915,1689.6,0,1,0.4446,0.2898,13,3722.44,1,14,1,576,42
USR_00387,0.94,799.9,1,0,0.4156,0.4902,8,1103.41,0,174,1,599,32
USR_00388,0.8339,520.9,0,1,0.7328,0.5819,8,17257.72,0,14,1,348,47
USR_00389,0.8427,445.8,0,0,0.6412,0.7868,8,2172.79,0,8,0,312,37
USR_00390,0.9685,499.0,1,2,0.6328,0.916,13,6396.92,1,178,1,290,48
USR_00391,0.893,1225.5,1,0,0.3995,0.2865,8,3812.31,0,138,1,383,34
USR_00392,0.8278,685.6,1,0,0.3753,0.682,8,8804.44,0,208,1,781,36
USR_00393,0.8338,1142.9,0,2,0.604,0.4382,8,8229.1,0,90,1,441,31
USR_00394,0.5564,832.2,3,0,0.5615,0.6154,8,895.82,0,271,1,500,3
USR_00395,0.8753,546.5,0,1,0.705,0.7095,3,1673.29,0,361,1,753,35
USR_00396,0.8934,524.5,0,0,0.7466,0.3475,6,43323.74,2,167,1,287,39
USR_00397,0.8376,1539.1,1,0,0.7987,0.6438,11,15152.6,0,349,1,688,40
USR_00398,0.9064,543.6,0,0,0.5838,0.47,7,5740.62,0,170,1,296,37
USR_00399,0.713,780.7,1,0,0.4992,0.5267,6,9539.17,0,238,1,103,45
USR_00400,0.607,493.1,1,1,0.5471,0.7657,10,2727.33,0,35,1,762,32
USR_00401,0.9425,1635.9,1,0,0.4572,0.3313,9,1334.77,2,352,1,674,31
USR_00402,0.9962,1958.4,0,0,0.4559,0.8338,9,961.22,0,284,1,615,50
USR_00403,0.7697,540.2,0,1,0.4994,0.1025,12,14418.3,0,90,0,966,13
USR_00404,0.7993,1376.1,0,1,0.2258,0.6997,12,4904.32,1,75,1,96,30
USR_00405,0.7905,308.5,0,0,0.9733,0.7498,2,1346.03,0,88,1,723,50
USR_00406,0.8958,1114.0,1,0,0.8126,0.7001,11,6712.55,2,100,1,514,57
USR_00407,0.4713,1703.3,1,0,0.3664,0.3113,5,3961.09,0,284,1,570,10
USR_00408,0.8401,512.1,1,0,0.7557,0.7138,12,1990.91,0,141,1,161,52
USR_00409,0.9934,1103.1,1,0,0.7002,0.5068,17,7507.76,0,275,1,522,17
USR_00410,0.8929,587.0,0,2,0.3904,0.609,7,2029.74,0,104,1,915,36
USR_00411,0.9089,867.5,0,0,0.38,0.8444,7,2156.53,0,95,1,496,42
USR_00412,0.9741,1234.2,1,0,0.5699,0.713,8,7877.51,0,283,0,608,43
USR_00413,0.7971,735.7,2,1,0.8288,0.652,3,2238.8,1,62,1,596,19
USR_00414,0.6084,719.8,0,0,0.7453,0.6346,6,1297.13,0,327,1,73,35
USR_00415,0.9557,367.0,2,0,0.5858,0.4187,7,892.06,0,53,1,332,36
USR_00416,0.8782,1346.8,0,0,0.2973,0.121,8,3652.73,0,128,1,268,38
USR_00417,0.6798,1243.1,2,0,0.9073,0.1397,9,3374.18,0,274,1,612,17
USR_00418,0.8406,576.5,0,0,0.8641,0.6086,2,12771.47,1,133,1,374,33
USR_00419,0.9288,736.9,0,1,0.5699,0.6019,5,7171.38,0,44,1,729,35
USR_00420,0.8821,722.9,2,0,0.2539,0.6217,6,1836.27,0,291,0,371,34
USR_00421,0.9926,1062.3,0,0,0.6934,0.4549,7,4143.51,1,80,1,991,35
USR_00422,0.794,431.4,0,0,0.7059,0.8011,9,3893.52,1,213,1,361,37
USR_00423,0.9444,492.6,0,0,0.8294,0.6154,9,2820.75,0,65,0,493,37
USR_00424,0.8173,362.6,0,0,0.5951,0.3752,11,7093.69,1,219,1,387,47
USR_00425,0.8728,511.2,0,1,0.5245,0.6265,6,8387.1,0,12,1,571,40
USR_00426,0.9938,785.7,0,0,0.5217,0.6301,10,16621.47,0,176,1,889,53
USR_00427,0.6371,355.8,0,1,0.711,0.3244,9,6642.36,0,140,1,917,29
USR_00428,0.9919,1734.7,1,0,0.5671,0.5449,5,13560.58,0,18,1,982,36
USR_00429,0.9221,459.7,0,0,0.8438,0.5134,13,6033.89,1,314,1,293,50
USR_00430,0.8283,1115.4,0,0,0.9314,0.3459,8,2647.01,1,264,1,639,39
USR_00431,0.8529,605.4,0,1,0.7282,0.589,11,37625.92,0,165,1,613,44
USR_00432,0.4676,1345.2,1,0,0.7325,0.6797,12,1268.53,0,47,0,118,17
USR_00433,0.933,1147.8,1,0,0.3264,0.5406,8,2978.86,1,197,0,281,32
USR_00434,0.917,607.6,1,0,0.6053,0.4061,10,34581.4,0,306,0,844,35
USR_00435,0.8508,602.4,1,0,0.2679,0.2569,9,5607.14,0,274,1,85,50
USR_00436,0.5366,1027.5,0,0,0.7169,0.6154,6,2209.12,0,108,1,966,29
USR_00437,0.8419,635.5,0,1,0.3489,0.3658,11,8726.5,0,212,1,549,32
USR_00438,0.9958,521.3,0,0,0.8356,0.616,13,1347.22,0,252,1,752,57
USR_00439,0.8317,778.3,2,0,0.6319,0.5086,3,3306.39,0,48,1,265,40
USR_00440,0.9417,635.4,1,0,0.4936,0.4601,7,4058.28,0,168,1,130,48
USR_00441,0.8988,1247.1,1,0,0.4576,0.5638,5,29566.5,0,317,1,816,41
USR_00442,0.806,1143.4,2,0,0.9124,0.3525,9,744.41,0,38,0,64,30
USR_00443,0.7743,1117.4,0,0,0.3149,0.5165,4,1462.19,0,315,1,324,38
USR_00444,0.7559,786.1,1,0,0.7193,0.2621,12,10381.35,2,32,1,434,52
USR_00445,0.8649,695.5,0,0,0.667,0.412,12,8466.16,0,55,1,531,46
USR_00446,0.8638,855.5,0,0,0.2418,0.5183,5,2432.75,0,122,1,573,48
USR_00447,0.9539,698.6,0,0,0.4839,0.7056,12,5679.63,1,26,0,137,52
USR_00448,0.6021,883.0,1,0,0.4911,0.6274,4,1734.35,0,68,1,887,32
USR_00449,0.8317,395.0,0,0,0.5876,0.382,6,533.97,0,40,1,317,57
USR_00450,0.6981,316.8,0,0,0.3918,0.6292,9,1689.45,1,67,0,221,35
USR_00451,0.9498,802.8,0,0,0.8275,0.7097,6,3271.58,0,27,1,305,45
USR_00452,0.8707,381.6,2,0,0.7983,0.1873,6,4623.22,0,355,1,505,25
USR_00453,0.5227,444.0,0,0,0.0872,0.6635,8,12363.88,0,140,1,949,34
USR_00454,0.9682,522.3,0,0,0.3628,0.2573,4,2560.16,1,89,1,57,41
USR_00455,0.8899,1435.4,2,0,0.6178,0.7672,15,6452.46,0,9,1,635,32
USR_00456,0.9377,512.5,0,0,0.5953,0.5884,16,11019.37,0,331,1,310,58
USR_00457,0.8049,726.8,2,0,0.2888,0.8507,8,1260.12,0,84,0,733,16
USR_00458,0.8575,723.8,0,0,0.6491,0.589,10,2632.96,1,196,1,665,55
USR_00459,0.8146,688.3,2,1,0.2051,0.4019,11,2192.02,0,274,0,773,13
USR_00460,0.7444,418.3,0,0,0.6319,0.3909,6,2107.93,0,220,1,739,41
USR_00461,0.9511,520.8,0,1,0.6158,0.3292,9,2502.76,1,62,1,346,38
USR_00462,0.937,319.2,2,0,0.5379,0.277,7,11232.2,0,171,1,481,28
USR_00463,0.7385,382.3,0,0,0.3161,0.7345,4,10200.64,0,265,1,98,20
USR_00464,0.7226,384.7,0,0,0.8514,0.3935,10,9857.22,0,196,1,684,40
USR_00465,0.8716,734.2,1,0,0.8761,0.6462,5,3169.2,0,226,1,503,43
USR_00466,0.8027,277.2,0,0,0.7628,0.7244,6,766.57,0,56,0,598,49
USR_00467,0.8559,1041.8,1,0,0.595,0.5566,11,6413.72,1,283,1,749,40
USR_00468,0.6923,958.2,1,0,0.3095,0.2637,7,2480.64,0,48,1,691,18
USR_00469,0.9418,350.1,0,0,0.7437,0.6549,8,3525.77,1,79,1,260,52
USR_00470,0.7842,717.5,1,0,0.6346,0.695,10,16240.87,0,247,1,107,35
USR_00471,0.8811,322.8,1,0,0.6748,0.6882,7,10308.86,0,49,1,95,39
USR_00472,0.8435,917.4,0,1,0.8068,0.5586,10,2385.62,1,158,1,269,35
USR_00473,0.556,893.3,0,0,0.2475,0.7177,10,2250.03,0,208,0,307,28
USR_00474,0.9606,947.7,0,0,0.5558,0.1448,10,3997.7,0,261,1,969,37
USR_00475,0.958,553.0,1,1,0.8339,0.7892,12,2200.41,1,193,0,983,35
USR_00476,0.8052,842.6,0,1,0.6467,0.4443,10,2350.49,0,248,1,459,40
USR_00477,0.8531,655.0,0,0,0.7857,0.8979,8,2263.37,0,354,1,433,58
USR_00478,0.8004,1628.6,1,0,0.5448,0.6654,5,12416.9,1,191,1,788,33
USR_00479,0.9688,685.6,2,1,0.372,0.641,9,1167.8,1,150,1,386,20
USR_00480,0.8346,604.7,0,0,0.5719,0.6877,2,1977.2,0,243,1,580,37
USR_00481,0.9674,219.8,0,0,0.3085,0.3864,6,5944.09,0,165,0,48,22
USR_00482,0.7184,973.0,1,0,0.5555,0.4542,11,7266.88,1,262,1,477,36
USR_00483,0.8247,470.8,1,3,0.531,0.7461,6,11252.3,0,59,1,114,19
USR_00484,0.8109,951.9,0,0,0.5735,0.5109,7,2059.29,1,50,1,75,34
USR_00485,0.8276,402.8,0,0,0.4472,0.4325,11,4698.08,0,184,1,910,53
USR_00486,0.6798,510.4,1,0,0.8277,0.3982,5,4255.85,0,3,1,758,46
USR_00487,0.8308,1655.7,0,0,0.6552,0.7123,14,1516.71,0,320,1,270,37
USR_00488,0.9025,603.8,0,0,0.4525,0.272,11,5068.83,0,305,1,597,36
USR_00489,0.846,1203.1,0,0,0.699,0.4892,12,6858.97,2,100,1,780,45
USR_00490,0.7815,302.4,1,0,0.5055,0.7243,5,6159.17,1,151,1,590,42
USR_00491,0.9285,471.3,3,0,0.4561,0.0783,8,932.6,2,75,1,948,24
USR_00492,0.891,669.6,0,0,0.9734,0.9231,11,378.26,1,205,0,753,53
USR_00493,0.9392,496.8,0,0,0.2808,0.2574,7,10025.35,0,336,1,227,39
USR_00494,0.6007,2210.1,0,0,0.2795,0.2955,9,7360.35,1,161,1,235,20
USR_00495,0.8882,885.6,0,1,0.8479,0.5632,8,7774.57,1,293,1,487,34
USR_00496,0.6954,716.4,0,0,0.4281,0.5732,4,3617.6,1,58,1,455,43
USR_00497,0.7831,921.7,0,1,0.5957,0.1985,8,840.11,1,68,1,219,12
USR_00498,0.9284,523.2,0,0,0.4582,0.5368,11,14098.77,0,134,1,650,45
USR_00499,0.9329,650.8,1,0,0.4155,0.179,11,2620.29,0,63,1,642,21
USR_00500,0.9158,1016.4,1,1,0.618,0.7652,5,1198.68,1,45,1,549,34
USR_00501,0.8713,426.0,2,1,0.1723,0.788,11,629.3,0,79,1,682,28
USR_00502,0.8756,807.3,1,0,0.5849,0.522,6,1429.24,1,134,1,74,45
USR_00503,0.8358,1141.6,2,1,0.3686,0.2103,8,604.17,0,105,1,468,14
USR_00504,0.8846,832.0,2,1,0.5243,0.3902,9,704.05,0,116,1,434,24
USR_00505,0.8086,330.0,0,0,0.7942,0.6416,11,4772.89,0,246,1,962,51
USR_00506,0.9153,1051.4,0,0,0.6224,0.1879,5,418.88,0,158,0,486,38
USR_00507,0.4817,863.6,0,0,0.5838,0.8368,7,5034.68,0,4,1,58,42
USR_00508,0.9494,966.9,0,1,0.3561,0.4892,8,1345.35,0,210,1,168,37
USR_00509,0.9127,308.7,0,1,0.4858,0.1947,9,3049.76,0,91,1,202,37
USR_00510,0.9733,555.0,0,0,0.7108,0.7034,6,5176.08,0,213,0,172,34
USR_00511,0.9138,641.5,1,1,0.5641,0.4991,10,1081.69,0,350,1,664,35
USR_00512,0.9497,1103.7,0,0,0.2957,0.211,8,9785.02,1,90,1,994,40
USR_00513,0.8649,930.2,1,1,0.2329,0.097,9,2518.36,0,326,1,918,19
USR_00514,0.9985,406.1,0,0,0.24,0.7405,15,783.06,0,211,1,219,48
USR_00515,0.9449,488.1,1,0,0.8148,0.7134,7,6618.64,0,53,0,950,35
USR_00516,0.7858,861.1,0,1,0.5776,0.5333,9,5021.53,0,339,1,311,37
USR_00517,0.9976,856.8,0,0,0.5894,0.3901,9,2551.48,0,281,1,46,39
USR_00518,0.976,281.7,2,1,0.3096,0.64,18,787.78,0,174,0,875,31
USR_00519,0.6364,782.9,0,0,0.5884,0.5759,5,2127.89,0,189,1,163,36
USR_00520,0.8709,991.9,0,0,0.4166,0.3808,9,1090.76,0,268,1,564,42
USR_00521,0.9672,761.8,0,0,0.6748,0.8021,4,3143.15,0,164,0,774,52
USR_00522,0.7544,521.6,2,0,0.4632,0.4912,10,1299.15,0,271,1,108,24
USR_00523,0.7573,649.9,1,0,0.901,0.2097,6,1227.63,0,312,1,210,39
USR_00524,0.6088,1239.7,0,0,0.5452,0.0271,7,6079.68,0,268,1,585,25
USR_00525,0.9995,908.5,0,0,0.5511,0.7497,5,3817.57,0,15,1,695,51
USR_00526,0.811,675.2,0,0,0.7135,0.8545,11,312.62,0,195,1,342,47
USR_00527,0.9676,393.8,0,0,0.4346,0.7527,7,158.33,0,338,1,906,41
USR_00528,0.7955,378.2,3,0,0.494,0.2452,12,4682.89,0,56,1,209,34
USR_00529,0.4821,392.1,0,0,0.7744,0.5108,8,752.39,0,267,1,566,42
USR_00530,0.9697,585.0,2,0,0.3568,0.4533,12,1959.76,0,86,1,937,37
USR_00531,0.7343,755.2,1,0,0.6968,0.5602,7,415.45,1,326,1,389,51
USR_00532,0.8645,606.1,0,0,0.4104,0.588,13,8911.43,0,26,1,67,37
USR_00533,0.7136,545.4,0,0,0.292,0.7458,2,3882.52,1,42,1,413,37
USR_00534,0.8781,1086.9,0,0,0.6009,0.5916,10,1948.87,0,298,1,694,40
USR_00535,0.9123,776.6,1,0,0.6293,0.1615,8,2710.31,0,294,1,658,24
USR_00536,0.8857,425.6,0,0,0.5777,0.7422,10,430.76,0,322,1,520,32
USR_00537,0.9675,259.0,1,0,0.4391,0.2604,9,2439.39,0,225,0,422,38
USR_00538,0.7383,1106.0,0,2,0.5863,0.5701,11,1735.76,0,14,1,461,29
USR_00539,0.9311,704.9,0,2,0.6474,0.4928,7,4906.21,0,318,1,368,38
USR_00540,0.9179,1348.2,0,1,0.5877,0.6121,10,5588.0,0,252,1,34,49
USR_00541,0.9646,1216.4,1,1,0.6119,0.1959,5,744.5,0,356,0,205,22
USR_00542,0.9188,654.0,0,1,0.2336,0.6614,9,10040.2,0,159,1,561,41
USR_00543,0.513,1382.0,0,0,0.6014,0.4952,7,5069.38,0,49,1,278,23
USR_00544,0.876,182.0,0,0,0.669,0.5896,6,2830.2,0,68,1,38,49
USR_00545,0.9057,504.4,1,0,0.5449,0.6803,4,916.27,1,251,1,303,39
USR_00546,0.8705,341.2,2,0,0.4851,0.55,4,2626.42,0,85,1,157,41
USR_00547,0.7705,468.7,0,1,0.692,0.5063,3,5142.91,0,177,1,835,52
USR_00548,0.9919,715.8,0,0,0.8136,0.7211,7,4049.18,0,119,1,274,55
USR_00549,0.7852,803.1,1,0,0.4545,0.7563,4,987.38,1,145,1,181,36
USR_00550,0.9786,1289.9,1,0,0.7222,0.7581,8,438.04,0,111,1,240,37
USR_00551,0.9918,629.9,0,0,0.2031,0.6934,8,3301.88,0,279,0,823,46
USR_00552,0.784,1189.4,0,0,0.2323,0.8946,6,2131.37,0,284,1,158,28
USR_00553,0.8578,321.9,0,0,0.9005,0.4309,11,50000.0,0,48,1,539,44
USR_00554,0.6946,757.1,0,0,0.8904,0.4108,9,178.6,0,211,0,946,39
USR_00555,0.9838,983.0,0,0,0.3507,0.1609,15,7101.86,1,30,1,588,30
USR_00556,0.8462,599.2,1,0,0.5811,0.4607,7,6950.04,0,95,0,597,32
USR_00557,0.7971,709.1,1,0,0.914,0.678,11,3129.21,0,348,1,338,32
USR_00558,0.862,578.2,0,0,0.7624,0.7644,5,6552.25,0,78,0,546,50
USR_00559,0.8598,342.5,0,0,0.6127,0.7609,5,5920.09,0,137,0,448,54
USR_00560,0.8146,1141.6,0,0,0.5745,0.6356,10,4430.91,0,256,1,320,53
USR_00561,0.6825,680.3,0,0,0.7424,0.8955,3,2584.45,1,280,1,232,55
USR_00562,0.8189,353.6,1,0,0.6117,0.2643,8,3813.53,1,39,1,531,43
USR_00563,0.9,644.7,0,0,0.5325,0.9085,8,1811.63,0,285,0,527,50
USR_00564,0.9643,1019.6,0,0,0.5442,0.5754,17,829.03,1,341,1,122,47
USR_00565,0.9737,647.4,0,0,0.1223,0.9054,11,1237.21,1,46,1,204,47
USR_00566,0.9651,469.2,1,0,0.3942,0.4747,11,1054.11,1,276,0,254,31
USR_00567,0.887,434.6,0,0,0.5219,0.6225,5,2235.9,1,353,1,582,52
USR_00568,0.8265,414.2,1,1,0.5323,0.4025,9,1403.83,0,30,1,391,6
USR_00569,0.6733,1412.7,0,0,0.5346,0.5585,8,1091.36,2,60,1,798,43
USR_00570,0.927,293.3,0,1,0.4536,0.4053,9,3281.43,1,209,1,426,26
USR_00571,0.9109,802.0,0,0,0.5838,0.5131,9,1558.66,0,280,1,650,54
USR_00572,0.841,693.0,1,1,0.8725,0.4566,8,19014.99,1,226,1,273,33
USR_00573,0.9386,754.3,0,0,0.27,0.6335,5,3011.54,1,90,0,338,38
USR_00574,0.7964,486.7,0,0,0.6159,0.6066,2,1659.07,1,350,1,226,40
USR_00575,0.6246,1127.9,0,0,0.622,0.7009,9,4774.34,0,58,1,534,40
USR_00576,0.6865,1358.4,1,2,0.5487,0.2789,5,4044.86,0,229,0,510,6
USR_00577,0.9894,496.1,0,0,0.8367,0.9167,9,14130.37,0,23,1,358,51
USR_00578,0.8762,1042.3,0,2,0.512,0.7638,5,7105.6,1,160,1,544,36
USR_00579,0.9025,756.2,1,0,0.5647,0.6279,7,1803.31,0,164,0,987,39
USR_00580,0.6592,950.2,1,0,0.5784,0.7282,7,989.21,0,261,0,182,24
USR_00581,0.7667,535.3,0,0,0.5376,0.6339,7,15386.41,1,190,1,363,32
USR_00582,0.7171,634.6,0,1,0.3647,0.3973,9,4384.52,0,132,1,921,20
USR_00583,0.9641,613.0,1,1,0.4228,0.3598,9,958.56,1,179,1,625,34
USR_00584,0.6924,662.9,2,0,0.6306,0.4126,5,3507.12,0,222,1,352,34
USR_00585,0.8785,1009.3,0,0,0.6985,0.6344,7,1368.91,1,15,0,483,48
USR_00586,0.5474,652.6,0,0,0.524,0.682,9,15990.91,0,294,0,358,23
USR_00587,0.9681,949.0,1,0,0.3795,0.8144,8,5452.66,1,108,1,823,46
USR_00588,0.9365,1153.6,1,1,0.7614,0.2032,8,1365.43,0,235,1,516,27
USR_00589,0.8823,847.7,0,0,0.5081,0.7924,12,12776.17,0,267,1,466,37
USR_00590,0.8636,464.3,0,0,0.6045,0.5049,9,1196.36,0,210,1,396,38
USR_00591,0.7961,447.5,0,0,0.716,0.45,8,40901.71,0,173,1,667,35
USR_00592,0.7983,715.6,0,0,0.7042,0.4906,11,3317.7,1,117,1,423,49
USR_00593,0.8139,800.3,1,0,0.5825,0.2753,9,7739.12,0,267,1,81,26
USR_00594,0.9102,838.3,1,0,0.8544,0.4608,9,1960.26,0,151,0,949,37
USR_00595,0.8533,606.5,0,0,0.7555,0.4807,6,8848.29,0,173,0,917,47
USR_00596,0.8941,448.6,1,0,0.1744,0.5894,14,1363.89,0,296,1,62,48
USR_00597,0.6997,654.8,0,0,0.5866,0.798,15,5800.22,1,316,1,994,40
USR_00598,0.7252,521.4,0,0,0.6697,0.3631,8,1654.06,0,133,1,455,39
USR_00599,0.9055,461.7,0,0,0.828,0.4439,8,10526.53,0,63,1,295,34
USR_00600,0.7771,305.4,0,0,0.7363,0.3513,7,2481.26,1,227,1,902,41
USR_00601,0.7717,677.9,0,0,0.2989,0.256,9,6199.42,0,272,1,707,32
USR_00602,0.7277,1869.9,0,1,0.5149,0.4833,6,466.99,1,344,1,503,22
USR_00603,0.9852,958.4,0,1,0.3222,0.7048,8,885.83,1,301,1,118,29
USR_00604,0.6201,834.3,0,2,0.9309,0.7839,8,1879.89,0,241,1,700,23
USR_00605,0.899,645.4,0,1,0.3766,0.4786,6,1871.81,2,340,1,662,29
USR_00606,0.8885,364.7,1,0,0.7809,0.5651,11,1951.46,0,49,1,140,36
USR_00607,0.7211,1046.8,0,2,0.718,0.7523,9,5799.36,0,122,0,50,21
USR_00608,0.8803,217.6,1,0,0.7297,0.5447,12,2532.89,0,144,1,328,44
USR_00609,0.8034,1079.3,0,0,0.5628,0.6645,9,6556.63,0,319,0,200,29
USR_00610,0.7691,164.3,0,1,0.7848,0.6491,6,10095.62,1,311,1,977,40
USR_00611,0.6258,888.6,1,0,0.648,0.5096,5,2890.51,0,0,1,321,39
USR_00612,0.6907,519.3,0,0,0.1051,0.1041,5,1381.54,0,216,1,544,22
USR_00613,0.5928,1913.7,1,0,0.6377,0.8478,13,1381.94,0,19,0,948,26
USR_00614,0.9235,400.9,1,0,0.9647,0.8075,9,3291.07,0,143,1,221,57
USR_00615,0.9382,363.4,0,0,0.7832,0.5268,13,928.39,0,25,1,939,44
USR_00616,0.8988,432.2,0,0,0.8547,0.3587,8,25806.94,0,154,0,400,32
USR_00617,0.9276,1026.2,0,1,0.7544,0.7437,6,2410.55,0,215,1,420,29
USR_00618,0.9294,891.8,1,0,0.8594,0.6742,3,1219.5,2,299,1,452,59
USR_00619,0.823,449.9,0,1,0.4648,0.4335,15,2057.38,0,174,1,861,31
USR_00620,0.8989,1449.1,0,0,0.1863,0.5969,11,4910.02,0,148,1,367,35
USR_00621,0.4687,566.1,0,0,0.8952,0.6326,9,9190.97,0,287,1,417,44
USR_00622,0.8642,345.5,0,0,0.286,0.3697,5,4930.59,0,44,0,598,35
USR_00623,0.9606,565.2,1,0,0.5339,0.5506,3,6309.3,0,192,1,989,44
USR_00624,0.9336,1084.5,1,0,0.5435,0.6865,7,1560.06,0,40,1,878,47
USR_00625,0.9225,454.0,0,2,0.8097,0.5593,4,1430.66,0,322,1,973,44
USR_00626,0.9152,1491.2,0,0,0.9211,0.0863,4,15816.53,0,319,0,632,28
USR_00627,0.9381,920.0,1,1,0.7242,0.989,9,1118.65,0,269,1,624,43
USR_00628,0.9815,694.7,0,0,0.9385,0.6593,7,2602.14,0,162,1,265,56
USR_00629,0.6754,527.0,1,1,0.4964,0.781,4,2077.25,1,0,1,792,40
USR_00630,0.9303,1092.2,1,0,0.2226,0.5363,8,13938.26,0,191,0,507,30
USR_00631,0.8237,820.8,0,0,0.279,0.2573,11,3729.85,2,151,1,172,39
USR_00632,0.9014,2142.0,0,0,0.9534,0.5608,9,2332.97,0,329,1,63,41
USR_00633,0.7027,853.1,0,0,0.3267,0.5881,8,5696.02,0,264,0,424,31
USR_00634,0.656,278.9,2,0,0.6459,0.6407,11,3131.65,0,314,1,349,33
USR_00635,0.9227,198.3,1,1,0.5288,0.2391,8,4313.13,0,270,1,136,30
USR_00636,0.9688,724.6,0,1,0.57,0.286,8,2451.89,1,102,1,707,39
USR_00637,0.9879,646.5,3,0,0.4399,0.44,10,15434.78,1,43,1,323,22
USR_00638,0.8953,521.5,0,0,0.5899,0.6659,5,13180.84,0,235,1,981,62
USR_00639,0.7687,174.6,1,0,0.7642,0.4052,10,4472.98,1,264,1,647,51
USR_00640,0.9521,689.5,0,0,0.8155,0.4337,5,11823.75,0,233,1,452,40
USR_00641,0.9774,321.9,1,1,0.5897,0.6141,10,4582.59,1,296,1,545,42
USR_00642,0.9447,214.7,1,1,0.6238,0.5383,7,432.88,0,338,1,943,30
USR_00643,0.9529,351.3,0,0,0.8837,0.0544,8,32432.77,1,247,1,827,57
USR_00644,0.6365,855.2,0,0,0.5467,0.8975,7,11440.66,0,274,1,785,56
USR_00645,0.9807,571.8,1,0,0.7685,0.8763,8,6555.63,0,43,1,309,57
USR_00646,0.9379,569.4,0,0,0.6553,0.6542,6,18672.51,1,117,1,177,49
USR_00647,0.7517,475.4,0,1,0.4064,0.5352,4,524.27,0,159,1,942,42
USR_00648,0.8246,420.3,1,1,0.6485,0.5985,7,7790.56,2,132,1,309,27
USR_00649,0.8756,1413.1,0,0,0.7955,0.7834,6,5466.28,2,203,1,353,37
USR_00650,0.487,895.2,0,0,0.3601,0.3143,8,825.0,0,240,1,259,29
USR_00651,0.9857,566.0,0,0,0.3739,0.5369,9,8654.4,1,263,1,912,40
USR_00652,0.9564,338.0,1,0,0.9301,0.4625,13,1703.46,1,271,1,931,34
USR_00653,0.7211,391.1,1,0,0.887,0.3235,3,5411.04,0,360,1,142,27
USR_00654,0.9562,456.1,0,0,0.7482,0.695,11,585.92,0,154,1,979,46
USR_00655,0.8248,963.6,0,0,0.4263,0.9388,6,7683.79,0,17,1,568,49
USR_00656,0.8855,1391.7,0,0,0.629,0.4501,14,2933.58,0,141,1,861,38
USR_00657,0.9267,436.8,0,1,0.9766,0.4843,6,2310.62,1,116,1,372,38
USR_00658,0.976,892.4,0,0,0.8251,0.032,11,2029.8,1,25,1,169,36
USR_00659,0.889,731.3,1,0,0.7401,0.2838,10,5856.73,0,319,1,995,38
USR_00660,0.6491,797.6,1,0,0.4586,0.7396,6,2482.13,0,116,1,327,43
USR_00661,0.8837,785.3,2,0,0.8441,0.9242,6,1444.43,1,49,1,909,66
USR_00662,0.9822,336.8,0,1,0.4733,0.297,7,3382.97,1,107,1,605,24
USR_00663,0.896,720.6,0,0,0.4487,0.5471,6,1986.45,1,48,1,239,35
USR_00664,0.7794,427.7,1,1,0.637,0.3669,4,3396.48,1,13,1,275,42
USR_00665,0.7487,974.3,0,1,0.7454,0.334,8,988.63,0,359,1,58,27
USR_00666,0.9106,687.6,0,0,0.4295,0.3119,5,4218.06,0,117,1,850,40
USR_00667,0.8653,537.1,1,0,0.7895,0.5414,11,3600.34,0,320,1,430,48
USR_00668,0.9205,1103.7,0,1,0.4601,0.4792,11,4263.84,2,200,1,44,30
USR_00669,0.8641,398.4,1,1,0.652,0.5414,9,3050.42,0,310,1,486,29
USR_00670,0.9423,412.9,0,0,0.7564,0.3989,6,6763.08,0,1,1,666,40
USR_00671,0.8773,861.1,0,0,0.6826,0.0894,4,1745.48,1,331,0,878,43
USR_00672,0.8805,516.2,1,0,0.6726,0.0872,2,2978.57,0,37,1,201,39
USR_00673,0.6013,221.4,1,1,0.8122,0.3586,6,668.94,0,230,1,855,13
USR_00674,0.8782,442.1,0,0,0.2306,0.4579,11,1595.45,0,271,1,252,36
USR_00675,0.683,780.3,1,0,0.4771,0.4844,9,6049.44,0,238,0,797,11
USR_00676,0.8639,870.7,0,1,0.2089,0.4403,11,1408.02,0,340,1,485,35
USR_00677,0.7368,906.9,0,0,0.8931,0.1345,13,3288.25,1,117,1,419,31
USR_00678,0.8569,526.7,0,2,0.7414,0.4873,10,5107.68,0,267,1,59,33
USR_00679,0.9258,350.4,1,0,0.6323,0.5862,4,3793.03,1,332,1,717,33
USR_00680,0.9707,254.8,1,0,0.5016,0.4828,13,6292.24,1,273,0,680,48
USR_00681,0.7236,552.7,0,1,0.8728,0.5334,9,829.23,0,301,1,982,42
USR_00682,0.5254,916.1,1,0,0.9333,0.2284,7,2567.32,0,152,1,682,24
USR_00683,0.8519,1048.2,0,0,0.616,0.6765,7,3948.81,0,158,1,323,44
USR_00684,0.7427,289.0,0,1,0.8037,0.923,6,828.85,0,15,1,431,36
USR_00685,0.8355,1345.1,0,1,0.2,0.2938,10,2358.8,0,43,1,503,26
USR_00686,0.9861,1156.5,0,0,0.3208,0.938,2,4030.97,1,190,1,936,52
USR_00687,0.7796,701.9,0,1,0.7463,0.1426,11,1963.83,0,308,1,40,28
USR_00688,0.7194,595.2,1,0,0.8312,0.8873,9,6954.17,0,297,1,863,48
USR_00689,0.6897,1039.4,1,0,0.4859,0.5649,4,3617.35,0,63,1,520,35
USR_00690,0.6346,495.4,0,0,0.6316,0.3001,7,3864.3,0,277,0,168,36
USR_00691,0.6573,1524.7,0,0,0.8935,0.6246,5,32056.46,0,280,1,274,30
USR_00692,0.9158,896.0,1,1,0.842,0.5153,6,172.59,0,230,1,644,47
USR_00693,0.9056,1200.4,0,0,0.7344,0.4151,6,693.45,0,337,1,887,38
USR_00694,0.7844,449.0,0,1,0.8495,0.4175,8,5280.12,0,361,1,74,41
USR_00695,0.9075,807.0,1,0,0.4407,0.3454,11,1128.84,1,185,1,601,48
USR_00696,0.8161,1962.3,0,0,0.6486,0.8563,9,4376.64,0,54,1,89,51
USR_00697,0.9497,346.3,1,0,0.8442,0.4924,3,14922.71,0,93,1,805,56
USR_00698,0.9514,647.7,0,0,0.441,0.5933,10,1726.71,0,164,1,875,49
USR_00699,0.8666,1404.9,1,1,0.8644,0.1519,6,7895.72,0,171,1,408,28
USR_00700,0.9285,821.2,0,0,0.9302,0.554,6,2536.32,0,276,1,508,46
USR_00701,0.9222,705.9,1,0,0.5646,0.3147,6,4746.73,0,121,1,32,39
USR_00702,0.7134,534.1,0,0,0.8141,0.3555,10,21839.96,0,202,1,572,38
USR_00703,0.895,1020.2,0,0,0.4058,0.2832,5,2094.88,0,43,1,46,35
USR_00704,0.7507,1292.2,2,1,0.9197,0.5989,4,2669.71,1,40,1,491,35
USR_00705,0.8316,1112.3,0,0,0.6791,0.5405,5,1435.36,0,6,1,442,46
USR_00706,0.8354,796.0,0,0,0.5617,0.5839,8,3037.66,0,70,1,209,41
USR_00707,0.955,1104.3,0,0,0.3012,0.3643,8,868.41,0,85,1,669,39
USR_00708,0.9083,576.2,0,0,0.4715,0.7759,7,697.42,1,260,1,599,48
USR_00709,0.7965,864.3,1,1,0.5949,0.812,11,2151.13,0,90,1,410,35
USR_00710,0.8083,724.8,1,0,0.54,0.386,6,1968.24,0,210,1,111,18
USR_00711,0.8685,3218.2,1,0,0.6575,0.422,12,889.98,0,132,0,722,36
USR_00712,0.766,1424.1,1,0,0.5497,0.4558,4,7002.31,1,33,1,377,32
USR_00713,0.8989,568.1,0,0,0.6303,0.7374,12,8109.26,0,175,1,60,45
USR_00714,0.9702,1139.5,0,0,0.4382,0.2998,6,1761.49,0,264,1,61,49
USR_00715,0.7197,536.7,1,0,0.8322,0.1873,8,618.83,1,68,1,413,48
USR_00716,0.857,1238.2,1,1,0.4153,0.4711,7,1470.45,0,174,1,129,28
USR_00717,0.7646,896.6,2,1,0.692,0.3006,9,514.69,0,211,1,647,14
USR_00718,0.8895,678.8,0,0,0.6357,0.847,6,1227.14,0,230,1,315,52
USR_00719,0.9161,698.0,1,0,0.6423,0.644,10,5964.81,0,125,1,524,46
USR_00720,0.7831,929.3,1,1,0.8045,0.1188,7,5210.28,1,52,1,74,25
USR_00721,0.9224,1191.9,0,1,0.4283,0.6845,3,1052.51,0,206,0,337,25
USR_00722,0.7565,306.1,0,0,0.4916,0.5432,8,1313.24,0,19,0,81,27
USR_00723,0.9333,309.2,0,0,0.2564,0.5943,9,1516.19,0,259,1,789,44
USR_00724,0.8836,375.3,4,0,0.7015,0.0744,6,22708.25,0,174,1,825,26
USR_00725,0.8932,474.4,0,0,0.4565,0.8236,7,4450.2,0,264,1,612,48
USR_00726,0.9163,433.7,0,1,0.5269,0.742,8,1582.37,0,279,1,569,59
USR_00727,0.7176,978.0,0,0,0.4025,0.1074,5,1444.42,0,150,1,579,24
USR_00728,0.8817,615.9,0,0,0.6873,0.406,13,9211.27,0,129,1,791,41
USR_00729,0.9573,1236.7,0,0,0.4323,0.8399,13,912.66,0,286,1,561,57
USR_00730,0.8781,866.8,1,0,0.8637,0.1802,10,2488.53,0,43,1,675,28
USR_00731,0.8724,395.8,0,0,0.6265,0.5908,8,1957.11,2,147,1,834,42
USR_00732,0.9807,477.0,0,0,0.7694,0.907,4,11307.83,0,313,1,654,58
USR_00733,0.9237,267.2,2,1,0.8799,0.273,10,2224.1,0,88,1,101,37
USR_00734,0.9353,512.1,0,0,0.4435,0.6369,6,5850.92,1,214,0,878,35
USR_00735,0.7318,596.6,0,0,0.5105,0.0894,7,4067.02,0,133,0,625,10
USR_00736,0.9713,1573.4,1,0,0.5894,0.1955,7,4737.58,1,232,1,740,53
USR_00737,0.6784,851.0,1,1,0.8119,0.1304,7,1473.53,0,337,1,206,31
USR_00738,0.9293,789.3,0,1,0.5539,0.2504,6,6944.28,1,10,1,848,38
USR_00739,0.9909,565.1,0,0,0.6891,0.45,9,577.5,1,71,1,606,50
USR_00740,0.8908,652.7,0,0,0.1755,0.6116,6,5138.41,0,75,1,835,36
USR_00741,0.747,692.1,2,1,0.5316,0.4935,3,18018.99,0,248,1,915,16
USR_00742,0.8219,955.8,0,0,0.7297,0.9648,7,9901.72,0,355,1,636,52
USR_00743,0.9891,602.3,0,0,0.6503,0.6348,5,4980.12,0,225,0,243,39
USR_00744,0.744,557.3,0,1,0.6699,0.5058,14,2195.36,0,99,1,816,41
USR_00745,0.7004,1061.0,0,0,0.6014,0.5898,6,19126.8,0,342,1,659,34
USR_00746,0.716,596.9,0,0,0.5917,0.4758,8,3848.07,0,67,1,856,41
USR_00747,0.923,1263.1,1,0,0.7415,0.1824,5,39803.49,0,340,1,152,42
USR_00748,0.9202,2244.9,2,1,0.2517,0.3619,6,6325.8,1,143,1,426,20
USR_00749,0.9351,1348.8,0,0,0.6773,0.3759,11,16997.91,1,130,1,593,45
USR_00750,0.9246,824.4,0,0,0.2784,0.3404,6,1335.83,1,285,1,52,47
USR_00751,0.8343,948.7,0,0,0.3502,0.4395,5,50000.0,0,219,1,39,30
USR_00752,0.9247,187.3,1,0,0.6057,0.2913,6,5000.27,0,211,1,683,46
USR_00753,0.9406,521.2,0,1,0.496,0.1627,5,5145.65,0,222,1,853,24
USR_00754,0.852,643.0,1,0,0.7415,0.1825,8,6797.04,0,296,0,121,41
USR_00755,0.8363,955.2,1,1,0.7205,0.1617,10,3433.45,0,33,1,71,26
USR_00756,0.8509,435.3,0,0,0.543,0.6795,7,2033.04,0,30,1,305,50
USR_00757,0.9706,557.4,0,0,0.5097,0.2745,11,23478.7,0,23,1,952,47
USR_00758,0.9796,1223.3,0,0,0.5488,0.6798,8,10215.86,1,103,0,976,37
USR_00759,0.8712,920.5,0,0,0.4423,0.74,7,4909.08,0,232,1,42,51
USR_00760,0.9093,757.6,0,0,0.4334,0.8247,11,802.49,0,134,0,419,54
USR_00761,0.8481,627.8,0,1,0.2288,0.4463,9,1919.32,0,316,1,662,31
USR_00762,0.8538,903.1,0,0,0.6348,0.7992,6,3970.42,0,158,0,717,44
USR_00763,0.8469,1920.3,0,0,0.4178,0.4675,9,6057.27,0,266,1,595,37
USR_00764,0.7373,641.2,2,0,0.529,0.9025,7,1052.31,0,68,1,615,39
USR_00765,0.9328,818.7,0,1,0.7984,0.6523,9,9033.36,0,81,1,990,49
USR_00766,0.9712,1458.5,1,0,0.5442,0.4486,14,2464.42,1,270,1,747,39
USR_00767,0.9864,577.3,1,0,0.4141,0.4919,11,1911.9,0,153,0,129,48
USR_00768,0.9458,675.3,0,0,0.7579,0.5005,7,1236.27,0,298,1,200,61
USR_00769,0.9834,541.7,0,0,0.3904,0.4195,11,4399.2,1,305,1,496,41
USR_00770,0.8851,286.9,0,0,0.1903,0.2849,12,1726.57,1,278,0,589,37
USR_00771,0.9673,868.2,0,1,0.6233,0.8139,10,2031.82,0,266,1,42,46
USR_00772,0.6468,1906.6,2,0,0.394,0.6329,4,2017.17,0,61,1,311,29
USR_00773,0.822,470.3,0,0,0.8997,0.7318,10,2125.17,0,118,1,226,54
USR_00774,0.9075,901.5,0,0,0.4585,0.4987,8,5393.21,0,323,0,255,45
USR_00775,0.9014,705.1,0,0,0.295,0.4999,7,2249.15,0,148,1,486,45
USR_00776,0.9362,639.3,0,0,0.6345,0.4002,9,3702.49,1,81,1,794,44
USR_00777,0.7479,707.6,1,1,0.3989,0.7207,11,1071.58,0,333,1,598,27
USR_00778,0.8781,907.3,1,1,0.3994,0.4064,10,547.96,0,220,1,318,34
USR_00779,0.8143,327.4,0,0,0.5945,0.2956,9,13658.55,1,250,1,479,34
USR_00780,0.8845,1052.5,0,0,0.3606,0.2029,7,2869.46,0,37,1,275,46
USR_00781,0.945,1064.2,0,0,0.444,0.6996,14,24992.65,0,304,1,291,41
USR_00782,0.5971,795.1,0,1,0.6147,0.5568,12,1168.92,0,132,1,106,18
USR_00783,0.8329,948.0,0,0,0.6492,0.8699,6,814.1,0,263,1,143,43
USR_00784,0.8041,574.5,0,0,0.4986,0.2596,6,515.81,1,302,1,67,21
USR_00785,0.8,868.9,1,0,0.6763,0.854,4,2537.96,0,287,0,64,33
USR_00786,0.9235,515.0,1,0,0.7451,0.6707,5,1128.87,0,198,0,149,38
USR_00787,0.9338,686.5,0,0,0.6932,0.7188,7,23419.01,0,289,0,982,44
USR_00788,0.9682,573.1,1,1,0.6732,0.4385,6,4314.6,1,359,1,440,35
USR_00789,0.7239,587.3,0,0,0.6935,0.1739,7,1062.1,0,210,1,256,46
USR_00790,0.8384,612.7,0,0,0.7928,0.863,7,1104.55,0,184,0,363,49
USR_00791,0.9025,623.9,0,0,0.8599,0.3698,9,4358.17,0,190,1,695,51
USR_00792,0.802,1114.8,1,0,0.7385,0.185,11,1114.75,0,193,1,759,28
USR_00793,0.7745,302.2,0,0,0.7785,0.7501,12,2707.54,0,227,1,327,48
USR_00794,0.8484,322.9,0,0,0.9197,0.2567,5,1450.23,0,195,1,239,34
USR_00795,0.957,753.7,2,0,0.1931,0.634,8,1582.33,0,288,1,278,35
USR_00796,0.6647,1090.4,1,0,0.3237,0.6289,9,1481.3,0,234,1,99,32
USR_00797,0.7965,724.0,2,1,0.4664,0.3181,7,7467.6,0,293,1,450,24
USR_00798,0.7849,589.3,1,0,0.528,0.2992,7,3028.37,1,331,0,904,26
USR_00799,0.9218,1871.1,0,1,0.9141,0.2964,16,20164.69,0,31,1,826,44
USR_00800,0.9813,704.0,0,0,0.4771,0.1778,10,10366.48,0,302,1,734,45
USR_00801,0.9008,435.7,2,1,0.6876,0.3594,6,744.15,0,78,1,465,25
USR_00802,0.9012,605.4,0,0,0.6333,0.684,9,8941.78,2,149,1,723,46
USR_00803,0.8347,1003.0,1,1,0.9255,0.4228,8,11845.86,0,43,1,508,30
USR_00804,0.7845,653.9,0,0,0.5682,0.581,4,1566.36,1,131,1,449,45
USR_00805,0.9371,435.5,0,0,0.8271,0.5302,11,1540.58,1,287,1,290,50
USR_00806,0.9227,1041.3,0,0,0.333,0.2531,10,1018.35,0,138,1,741,33
USR_00807,0.8608,763.1,0,0,0.6173,0.5309,8,784.21,0,293,1,805,35
USR_00808,0.9,1081.9,1,0,0.4768,0.7531,11,3972.07,0,14,0,712,41
USR_00809,0.7409,653.0,2,0,0.1381,0.398,12,2720.59,0,331,1,736,29
USR_00810,0.8479,438.9,0,0,0.589,0.3533,6,11686.89,0,267,1,450,34
USR_00811,0.8951,856.7,0,0,0.2552,0.2756,8,2870.53,1,301,1,957,35
USR_00812,0.881,1018.2,0,0,0.2308,0.2858,10,892.46,0,232,0,347,39
USR_00813,0.5811,2037.5,1,1,0.6786,0.2288,11,20994.33,0,323,1,304,21
USR_00814,0.9185,1642.0,0,0,0.8764,0.6749,7,4044.29,1,222,1,592,61
USR_00815,0.8622,904.5,0,1,0.7288,0.5504,5,9171.08,0,289,1,889,31
USR_00816,0.9071,635.9,1,0,0.3498,0.3854,11,6864.01,0,278,1,290,33
USR_00817,0.898,251.9,0,1,0.7092,0.4108,4,2815.49,0,338,1,406,32
USR_00818,0.9593,727.1,0,1,0.5734,0.3232,8,755.29,0,33,1,729,41
USR_00819,0.7829,585.5,0,1,0.9206,0.8018,10,673.02,1,235,1,988,44
USR_00820,0.7699,644.5,0,1,0.7417,0.2715,4,1126.44,2,283,1,778,41
USR_00821,0.5703,483.5,1,0,0.5747,0.5547,7,187.92,0,121,1,411,29
USR_00822,0.7968,429.4,0,1,0.7226,0.7003,10,731.08,0,347,1,938,38
USR_00823,0.8192,258.7,0,0,0.3648,0.4336,9,2801.47,2,31,1,560,52
USR_00824,0.8931,550.5,0,0,0.6325,0.2991,7,7428.08,0,289,1,509,47
USR_00825,0.8006,476.2,0,0,0.4135,0.9292,10,4221.01,0,303,1,486,55
USR_00826,0.8424,1004.1,0,0,0.4709,0.8083,11,12061.83,0,197,0,416,44
USR_00827,0.9182,547.6,1,0,0.8424,0.3252,11,5413.47,0,294,1,472,39
USR_00828,0.9883,535.2,0,0,0.7753,0.8178,4,315.08,0,333,1,357,63
USR_00829,0.9356,567.2,1,0,0.6553,0.5728,9,3835.02,0,357,1,685,52
USR_00830,0.8676,723.4,0,0,0.8317,0.5776,11,5019.91,0,287,1,261,41
USR_00831,0.9211,717.4,1,0,0.8237,0.2754,15,1625.78,0,234,1,311,34
USR_00832,0.7955,1128.2,0,0,0.5542,0.4603,5,2845.06,0,310,1,773,35
USR_00833,0.8763,496.0,0,1,0.2166,0.5997,7,3684.3,0,67,1,40,26
USR_00834,0.5588,2109.4,0,1,0.8878,0.7982,6,577.04,0,143,1,151,44
USR_00835,0.7249,484.1,1,0,0.5115,0.6646,5,545.29,0,162,1,961,18
USR_00836,0.9392,505.2,1,0,0.2475,0.2965,4,2777.14,0,5,1,497,37
USR_00837,0.7778,1818.4,0,0,0.6562,0.2406,10,18655.73,0,143,1,867,43
USR_00838,0.8881,896.6,1,1,0.3017,0.2307,11,3855.0,0,118,1,450,26
USR_00839,0.866,416.6,1,0,0.3523,0.5656,6,6361.15,0,258,1,943,24
USR_00840,0.5525,531.5,1,1,0.865,0.5473,10,3391.15,0,112,1,675,33
USR_00841,0.6543,653.3,1,0,0.7315,0.5596,5,4449.53,1,136,1,256,24
USR_00842,0.8159,633.9,0,0,0.445,0.5936,9,9962.58,1,170,1,559,45
USR_00843,0.8665,986.4,0,0,0.2931,0.5736,7,1337.69,0,125,1,81,51
USR_00844,0.9096,489.8,1,0,0.8878,0.0578,6,10773.27,0,190,0,188,29
USR_00845,0.7243,622.9,2,1,0.9343,0.8209,9,1880.83,1,15,1,333,29
USR_00846,0.9494,554.9,1,1,0.8344,0.892,7,1488.49,0,237,0,996,16
USR_00847,0.7625,837.8,1,0,0.621,0.231,3,1455.81,1,355,1,591,29
USR_00848,0.852,1116.7,0,1,0.314,0.4687,6,164.69,0,69,1,991,33
USR_00849,0.9354,787.8,0,0,0.516,0.3934,6,4744.06,0,19,1,915,33
USR_00850,0.8347,500.5,2,0,0.6924,0.1695,7,4035.03,2,160,1,476,24
USR_00851,0.7855,566.5,1,0,0.3369,0.2768,4,2008.51,0,71,1,695,14
USR_00852,0.7929,1156.1,1,1,0.8371,0.3345,8,14652.26,0,40,1,779,33
USR_00853,0.8262,878.4,1,1,0.5996,0.2686,14,753.07,0,345,1,318,33
USR_00854,0.6191,331.3,0,0,0.6639,0.3233,10,2077.99,1,72,1,858,32
USR_00855,0.9146,362.4,0,0,0.3313,0.2103,6,2242.35,1,257,1,196,47
USR_00856,0.8431,294.8,2,0,0.8763,0.3498,14,6629.58,0,222,1,980,17
USR_00857,0.958,710.0,0,0,0.857,0.3204,9,13458.64,0,132,0,398,36
USR_00858,0.8666,638.0,0,0,0.6465,0.2458,9,3771.42,0,142,1,72,42
USR_00859,0.9592,591.0,0,0,0.8877,0.5022,8,7261.17,0,284,1,592,50
USR_00860,0.9096,588.7,1,2,0.3706,0.6563,8,10243.68,0,361,1,85,34
USR_00861,0.9586,1422.3,0,0,0.8674,0.2021,9,8875.62,0,265,1,570,41
USR_00862,0.7987,535.9,0,1,0.6301,0.5539,3,6169.46,1,264,0,855,22
USR_00863,0.8626,997.5,0,0,0.3153,0.6436,11,5554.85,0,276,1,832,54
USR_00864,0.9456,1126.3,0,0,0.8915,0.4433,10,14678.86,0,153,1,837,44
USR_00865,0.5657,866.1,0,0,0.4324,0.3261,10,973.08,1,227,0,295,20
USR_00866,0.7906,776.3,1,1,0.6684,0.5539,9,1052.33,0,188,1,886,37
USR_00867,0.9189,279.9,1,0,0.5556,0.466,2,445.59,0,295,1,574,46
USR_00868,0.6761,591.8,3,0,0.7718,0.9399,4,2857.66,2,180,1,57,13
USR_00869,0.8373,714.9,0,0,0.7313,0.3216,5,9502.33,0,66,1,487,50
USR_00870,0.8495,845.7,1,0,0.5973,0.2696,9,808.25,0,269,1,790,31
USR_00871,0.9928,682.5,0,1,0.3672,0.2782,7,511.34,0,335,1,230,28
USR_00872,0.7273,1343.1,1,2,0.519,0.3554,10,4334.22,1,191,1,175,10
USR_00873,0.8177,430.7,1,0,0.2469,0.5114,5,39178.26,0,55,1,400,27
USR_00874,0.6335,548.1,0,0,0.4098,0.3228,10,7949.63,0,17,1,408,43
USR_00875,0.6873,598.7,0,2,0.8562,0.602,6,2371.49,1,56,1,999,16
USR_00876,0.9817,1368.8,0,0,0.5719,0.807,6,2762.41,0,204,0,521,45
USR_00877,0.7778,586.1,0,0,0.2682,0.4711,6,722.74,1,72,1,661,29
USR_00878,0.9932,1183.2,1,0,0.8908,0.539,9,14583.14,0,11,1,434,44
USR_00879,0.9495,1436.8,0,0,0.7909,0.5519,9,1473.25,3,288,0,898,35
USR_00880,0.9216,1250.0,0,0,0.7912,0.7077,8,4058.25,0,154,1,429,56
USR_00881,0.8796,945.1,1,1,0.8122,0.4098,9,11022.84,0,167,1,327,28
USR_00882,0.8915,590.8,0,0,0.7555,0.4473,4,9395.1,1,93,1,731,43
USR_00883,0.8965,679.8,1,1,0.8209,0.4682,9,528.36,1,216,1,418,34
USR_00884,0.9371,869.3,0,0,0.7084,0.806,12,8316.82,1,158,0,805,54
USR_00885,0.9593,440.7,0,0,0.5308,0.1986,4,842.36,1,363,1,559,38
USR_00886,0.8874,1180.1,0,0,0.4796,0.6541,6,12688.94,0,18,1,302,47
USR_00887,0.8581,740.5,1,0,0.6512,0.6467,2,5100.95,1,303,1,378,59
USR_00888,0.889,1411.5,0,1,0.4662,0.3964,8,4786.68,0,155,1,508,35
USR_00889,0.8191,475.0,1,0,0.8547,0.547,7,2345.15,0,187,1,308,24
USR_00890,0.7649,358.1,1,0,0.7041,0.5593,4,492.11,0,332,1,766,24
USR_00891,0.8041,353.0,0,0,0.401,0.1133,5,10821.61,1,0,1,220,32
USR_00892,0.8816,679.0,1,0,0.7282,0.4632,9,4267.45,1,106,1,927,48
USR_00893,0.8789,1126.6,0,0,0.4187,0.724,13,4609.75,0,128,1,902,39
USR_00894,0.8323,154.4,0,0,0.5339,0.3988,11,1977.12,1,321,1,850,38
USR_00895,0.9314,501.7,0,0,0.4362,0.6721,11,794.45,0,282,1,394,58
USR_00896,0.8351,1134.7,1,2,0.6138,0.5505,13,7971.18,1,232,1,691,13
USR_00897,0.7199,1325.1,2,0,0.1657,0.7494,6,1549.89,0,235,1,495,35
USR_00898,0.9056,476.7,0,0,0.4274,0.3532,7,2627.0,0,206,1,60,50
USR_00899,0.9753,766.6,0,2,0.3826,0.4994,9,749.89,0,255,1,400,25
USR_00900,0.9228,854.5,1,0,0.8021,0.5102,8,6951.01,0,279,0,627,39
USR_00901,0.8807,369.7,0,0,0.3086,0.214,5,4364.59,0,251,1,493,43
USR_00902,0.9776,882.2,0,0,0.1788,0.6896,8,2868.31,1,21,1,376,54
USR_00903,0.9302,200.9,0,1,0.6635,0.6449,8,8725.58,0,241,1,293,38
USR_00904,0.5787,1031.0,2,1,0.8563,0.5015,6,2284.63,0,180,0,90,0
USR_00905,0.996,1633.7,1,0,0.4299,0.5345,8,6575.99,0,102,1,308,39
USR_00906,0.9888,989.8,0,0,0.5984,0.8006,5,2276.14,2,256,0,604,55
USR_00907,0.7322,959.2,0,1,0.4851,0.3839,7,12759.19,0,14,1,406,26
USR_00908,0.8837,945.8,0,0,0.295,0.2111,4,931.11,0,96,1,268,31
USR_00909,0.8668,476.4,0,0,0.6203,0.7759,14,10125.37,0,191,1,116,45
USR_00910,0.9167,610.6,0,0,0.6828,0.2613,9,5436.4,0,116,1,857,38
USR_00911,0.8219,928.8,2,0,0.5543,0.0968,5,2754.86,0,178,1,57,21
USR_00912,0.7249,784.4,0,0,0.9695,0.5372,7,3667.35,0,249,1,130,39
USR_00913,0.7973,747.2,1,0,0.2121,0.5846,6,1857.34,1,56,1,583,32
USR_00914,0.8238,475.2,3,0,0.7359,0.7716,10,917.33,1,50,1,496,30
USR_00915,0.9063,885.4,1,0,0.3396,0.2629,5,25656.01,1,143,1,697,17
USR_00916,0.7998,327.1,1,1,0.6733,0.5335,16,875.59,0,75,1,784,23
USR_00917,0.7325,1269.1,0,0,0.913,0.534,8,498.69,0,338,1,332,49
USR_00918,0.6565,427.4,0,0,0.3385,0.0733,5,478.24,0,53,1,805,28
USR_00919,0.743,1441.5,0,0,0.4236,0.3813,9,4485.8,0,74,1,391,47
USR_00920,0.8862,537.4,0,0,0.7041,0.3953,4,1927.25,0,54,0,245,41
USR_00921,0.9957,1003.9,1,1,0.3291,0.2451,8,1810.37,1,233,1,262,19
USR_00922,0.8312,689.8,1,0,0.761,0.4309,5,2571.44,0,245,1,256,47
USR_00923,0.9093,1256.4,0,0,0.245,0.0484,6,1036.66,0,65,0,348,28
USR_00924,0.733,414.2,1,1,0.3942,0.546,11,1782.55,0,51,0,465,27
USR_00925,0.6647,1376.0,0,0,0.4654,0.694,8,3330.18,0,1,0,369,34
USR_00926,0.8546,810.5,0,0,0.744,0.6418,11,7476.23,0,268,0,272,42
USR_00927,0.721,673.8,0,0,0.3653,0.4531,7,16154.52,2,276,1,87,24
USR_00928,0.5331,808.0,0,0,0.5575,0.446,11,3039.75,0,128,1,341,31
USR_00929,0.7666,756.4,1,1,0.7319,0.9824,11,2247.44,0,28,1,559,50
USR_00930,0.848,1296.3,0,0,0.7391,0.1971,3,5463.78,0,295,1,619,44
USR_00931,0.8622,1264.0,1,1,0.7484,0.6049,6,15392.28,0,115,1,322,47
USR_00932,0.9196,849.7,0,0,0.8971,0.8552,9,1504.45,1,117,1,997,49
USR_00933,0.741,1053.7,1,0,0.652,0.0404,9,3729.4,0,215,1,678,22
USR_00934,0.5844,623.1,0,0,0.2796,0.4118,6,5072.48,0,298,1,260,41
USR_00935,0.8647,923.8,0,1,0.6868,0.5422,12,1576.91,0,170,1,364,40
USR_00936,0.8071,1792.5,0,0,0.8199,0.6946,4,3148.71,0,104,1,903,42
USR_00937,0.2154,833.1,0,2,0.5213,0.8079,13,1528.35,0,346,1,237,0
USR_00938,0.9812,836.0,3,0,0.8479,0.3005,5,1033.96,2,184,0,30,24
USR_00939,0.834,570.8,0,0,0.3867,0.7277,8,778.12,0,138,1,62,58
USR_00940,0.9593,280.1,0,0,0.7224,0.32,8,1412.59,0,320,1,831,51
USR_00941,0.8937,521.0,1,1,0.5378,0.7676,4,487.81,0,296,1,264,40
USR_00942,0.6997,891.2,1,0,0.6764,0.1742,7,5191.88,0,33,1,238,14
USR_00943,0.9003,541.4,0,0,0.5816,0.6591,8,2774.98,1,40,1,726,21
USR_00944,0.9948,741.7,1,0,0.1684,0.3732,9,5159.02,1,23,1,218,46
USR_00945,0.9747,929.1,0,1,0.6278,0.4704,8,1966.63,0,338,1,773,37
USR_00946,0.9488,273.3,0,0,0.8235,0.5449,5,9403.55,0,255,1,329,38
USR_00947,0.5614,575.2,0,0,0.5834,0.335,3,3009.31,0,1,1,172,35
USR_00948,0.785,810.6,1,0,0.7565,0.5293,5,1120.89,1,135,1,714,33
USR_00949,0.7388,1053.1,0,0,0.2224,0.354,10,3251.46,0,167,0,806,32
USR_00950,0.9299,1195.3,0,0,0.7145,0.1082,12,4028.67,0,265,0,475,24
USR_00951,0.8576,853.0,0,0,0.6621,0.3992,9,1801.85,0,17,0,700,34
USR_00952,0.8533,905.1,0,1,0.3294,0.7702,7,1855.85,0,224,0,66,39
USR_00953,0.9536,774.4,3,0,0.9383,0.7122,7,5730.49,0,111,1,368,40
USR_00954,0.9044,874.2,0,0,0.7015,0.5847,7,2228.93,0,18,1,759,31
USR_00955,0.9165,779.8,0,0,0.487,0.3334,20,1449.49,0,189,1,370,20
USR_00956,0.7797,4300.1,2,0,0.3408,0.4597,11,1661.42,0,263,1,123,29
USR_00957,0.7495,676.1,1,0,0.7402,0.6122,10,5628.67,0,294,1,642,47
USR_00958,0.8686,542.3,0,1,0.6255,0.2206,9,1744.84,0,272,1,767,27
USR_00959,0.8771,931.8,0,0,0.3382,0.6347,8,9314.88,1,253,1,697,33
USR_00960,0.9443,454.6,0,1,0.6532,0.9185,4,1508.41,0,354,1,811,41
USR_00961,0.8502,909.0,0,0,0.3965,0.9511,8,8921.05,1,312,1,400,56
USR_00962,0.6465,481.9,0,1,0.5174,0.3822,10,3220.16,0,113,1,237,33
USR_00963,0.6983,269.7,0,0,0.7838,0.6253,13,2433.19,0,71,1,291,45
USR_00964,0.9347,492.2,3,0,0.5532,0.5973,9,3202.65,3,201,1,583,30
USR_00965,0.9491,1023.5,2,0,0.5767,0.2405,11,508.21,1,70,1,318,21
USR_00966,0.7339,693.9,0,0,0.4753,0.3384,7,1621.44,0,206,1,620,28
USR_00967,0.9334,887.1,1,0,0.623,0.4849,8,5723.99,1,324,1,197,48
USR_00968,0.9771,517.5,1,0,0.442,0.0708,4,3541.91,1,102,1,343,30
USR_00969,0.927,753.2,0,0,0.3102,0.7218,9,2698.41,0,118,1,674,53
USR_00970,0.6959,383.0,0,0,0.4174,0.8078,10,7162.96,0,12,1,122,36
USR_00971,0.8564,325.2,0,0,0.4048,0.5261,12,616.85,0,162,1,615,41
USR_00972,0.7992,618.1,1,0,0.6278,0.2286,8,3947.99,0,7,1,951,24
USR_00973,0.9539,502.9,2,0,0.7818,0.4795,9,11176.19,0,220,1,360,41
USR_00974,0.7535,1257.6,0,1,0.3384,0.5615,13,3854.05,1,3,1,967,43
USR_00975,0.9115,782.3,0,0,0.3125,0.1328,6,4131.1,0,274,0,64,31
USR_00976,0.951,747.2,0,0,0.4102,0.6057,10,2057.89,0,49,1,139,44
USR_00977,0.8081,440.6,1,1,0.5149,0.1897,9,2900.93,0,4,1,206,22
USR_00978,0.9529,751.2,0,0,0.527,0.642,11,2802.66,0,227,1,609,44
USR_00979,0.8309,1781.0,0,1,0.4408,0.4409,7,8485.77,0,96,1,81,41
USR_00980,0.98,972.7,0,0,0.7305,0.5805,8,8953.91,1,152,1,619,56
USR_00981,0.9489,1060.8,1,0,0.7535,0.78,12,6278.41,0,128,1,341,56
USR_00982,0.8847,589.7,1,2,0.1968,0.7457,6,3765.32,1,269,1,945,12
USR_00983,0.6587,684.2,1,0,0.7292,0.4989,9,3153.18,1,137,1,338,32
USR_00984,0.8192,769.1,0,2,0.3519,0.5901,8,7564.8,1,360,1,390,20
USR_00985,0.5919,413.4,2,0,0.5245,0.751,9,1137.24,0,77,1,383,26
USR_00986,0.6497,644.8,0,0,0.306,0.4693,7,3068.44,0,292,0,582,29
USR_00987,0.8756,540.7,0,0,0.4055,0.4943,8,1413.2,1,273,1,815,39
USR_00988,0.9353,507.2,1,0,0.741,0.1334,12,1073.27,0,344,1,135,40
USR_00989,0.9912,784.3,1,1,0.4011,0.4745,9,756.68,0,255,0,33,27
USR_00990,0.7042,524.3,0,0,0.8433,0.1104,8,27915.2,0,306,1,456,24
USR_00991,0.7408,453.3,0,0,0.4851,0.1819,9,614.02,1,284,1,339,29
USR_00992,0.9475,814.8,1,0,0.55,0.7424,9,1659.25,0,213,1,34,35
USR_00993,0.9445,860.0,2,0,0.8264,0.8855,7,2408.24,0,161,1,876,29
USR_00994,0.6667,827.1,0,0,0.8277,0.1014,8,1578.62,0,43,0,184,27
USR_00995,0.8434,711.2,2,0,0.984,0.3976,4,7918.26,0,294,0,137,26
USR_00996,0.772,523.0,1,0,0.5287,0.167,9,5354.44,0,269,1,691,36
USR_00997,0.939,414.8,0,0,0.8389,0.1987,2,871.44,0,208,1,187,53
USR_00998,0.7276,752.4,0,0,0.6697,0.6012,10,1394.35,0,212,1,361,42
USR_00999,0.8372,413.7,2,0,0.4598,0.4308,10,3598.33,1,128,1,65,35
USR_01000,0.8205,788.2,1,0,0.7752,0.7221,8,7787.32,0,307,1,658,43
USR_01001,0.6022,390.8,0,0,0.4139,0.1671,8,5922.6,0,92,1,411,32
USR_01002,0.7474,367.5,0,0,0.6744,0.6989,8,47209.88,0,162,1,390,47
USR_01003,0.9649,1062.4,0,0,0.5341,0.3863,15,6109.73,0,100,1,810,36
USR_01004,0.738,1173.2,0,2,0.5758,0.1485,16,2087.63,1,156,1,512,19
USR_01005,0.9774,322.1,0,0,0.4049,0.5312,11,7818.84,0,175,1,295,44
USR_01006,0.9253,623.8,1,0,0.8968,0.748,10,19184.24,0,159,1,672,51
USR_01007,0.8916,490.9,0,0,0.6224,0.4547,6,29642.47,0,46,0,509,55
USR_01008,0.9448,524.3,0,1,0.4981,0.885,5,6495.67,0,338,1,933,58
USR_01009,0.8417,754.0,1,0,0.762,0.5672,6,6119.09,0,262,1,850,51
USR_01010,0.7503,808.2,0,0,0.8765,0.1387,7,3875.87,1,128,1,419,25
USR_01011,0.7972,535.9,1,0,0.4021,0.3298,4,1221.39,0,362,1,223,35
USR_01012,0.9441,1106.3,1,0,0.6349,0.9041,7,5306.24,0,59,1,615,56
USR_01013,0.924,821.0,1,2,0.5851,0.3576,7,12627.06,1,48,1,761,11
USR_01014,0.8519,368.1,0,0,0.8037,0.8051,11,938.06,0,154,1,342,46
USR_01015,0.8859,745.2,0,0,0.6312,0.2685,7,1620.77,0,194,1,513,36
USR_01016,0.943,876.7,1,0,0.9339,0.433,6,1215.53,0,44,1,375,42
USR_01017,0.7928,560.7,0,0,0.6474,0.4778,3,2011.78,1,102,1,885,40
USR_01018,0.8098,415.4,0,0,0.7774,0.5826,6,2362.37,0,360,1,568,55
USR_01019,0.7936,473.2,0,1,0.9067,0.3627,8,8148.56,0,344,1,524,44
USR_01020,0.9279,528.3,0,0,0.6829,0.607,4,2148.79,0,313,1,813,41
USR_01021,0.9422,646.8,3,0,0.6438,0.6296,8,1445.63,0,184,0,713,26
USR_01022,0.9539,624.3,0,1,0.861,0.2345,9,4961.45,1,4,1,435,42
USR_01023,0.9669,330.9,0,0,0.9308,0.7479,8,3121.12,0,270,1,43,50
USR_01024,0.8784,820.2,1,0,0.5531,0.4361,11,2021.87,1,221,1,896,30
USR_01025,0.9765,518.8,0,0,0.8947,0.1366,5,3590.87,0,74,1,747,53
USR_01026,0.8786,501.6,1,0,0.7886,0.5282,8,1400.28,0,31,1,954,44
USR_01027,0.9458,422.3,0,0,0.8182,0.1047,6,933.73,0,117,1,108,47
USR_01028,0.7934,635.6,2,0,0.6321,0.7317,3,5596.01,0,116,1,572,38
USR_01029,0.8636,897.8,0,0,0.7873,0.8973,9,4565.26,0,169,1,468,33
USR_01030,0.9155,1297.3,0,1,0.6305,0.7417,7,917.48,1,316,0,925,40
USR_01031,0.9358,1358.9,0,0,0.4604,0.4865,13,5971.51,0,187,1,913,45
USR_01032,0.7716,880.2,0,0,0.585,0.4088,8,10070.05,1,144,1,36,42
USR_01033,0.8584,570.0,1,0,0.4708,0.8157,8,3435.11,0,349,1,565,48
USR_01034,0.9812,903.5,0,0,0.5793,0.5825,6,209.95,0,87,1,683,55
USR_01035,0.8326,315.3,0,0,0.6073,0.5751,7,3646.29,0,327,1,403,40
USR_01036,0.8728,634.3,0,0,0.6343,0.5831,12,3645.36,0,209,1,402,28
USR_01037,0.9821,964.6,1,0,0.5013,0.605,7,1609.36,0,345,1,350,35
USR_01038,0.8467,702.2,1,0,0.7252,0.3949,8,11583.48,1,342,1,822,33
USR_01039,0.9113,1724.6,2,0,0.4015,0.5014,7,4949.54,0,286,1,785,47
USR_01040,0.7664,1054.7,0,0,0.4544,0.7763,11,4495.26,0,225,1,505,39
USR_01041,0.9872,2102.5,1,0,0.5088,0.4244,8,848.99,1,338,1,341,35
USR_01042,0.7477,620.7,1,1,0.6651,0.4747,7,1296.62,0,60,1,403,35
USR_01043,0.7309,799.7,0,0,0.2957,0.4044,8,5135.74,0,307,1,862,39
USR_01044,0.683,549.7,0,1,0.4617,0.5993,13,9481.0,1,257,1,931,41
USR_01045,0.841,208.0,0,0,0.8187,0.3922,9,2506.85,0,231,1,850,51
USR_01046,0.834,293.1,0,0,0.2623,0.634,10,4054.66,0,268,1,770,39
USR_01047,0.9734,594.8,0,0,0.4018,0.3874,8,3114.0,1,224,1,298,49
USR_01048,0.9506,417.7,1,0,0.3894,0.2994,10,2507.95,0,96,1,236,42
USR_01049,0.8734,378.0,0,1,0.2121,0.3695,13,1365.82,1,224,1,624,24
USR_01050,0.9867,361.9,0,0,0.6753,0.304,6,1089.63,0,286,0,845,37
USR_01051,0.9805,541.0,1,0,0.6944,0.341,7,626.24,1,103,0,842,38
USR_01052,0.6988,976.0,0,0,0.5831,0.3836,5,3121.62,1,69,0,884,31
USR_01053,0.8505,791.3,0,0,0.7362,0.3683,8,1149.31,0,332,1,480,47
USR_01054,0.8066,744.2,1,0,0.4371,0.5444,3,4554.72,0,37,1,924,32
USR_01055,0.9812,598.5,0,0,0.7917,0.6244,6,3241.76,0,345,1,503,56
USR_01056,0.7715,803.8,0,0,0.48,0.3881,9,5010.14,1,21,1,282,42
USR_01057,0.9409,1222.5,1,0,0.4759,0.2669,11,4490.94,0,293,1,449,28
USR_01058,0.8114,386.2,1,1,0.7199,0.2299,11,3324.0,0,63,0,102,24
USR_01059,0.8083,1094.2,0,0,0.5467,0.0303,9,1782.89,0,269,1,241,28
USR_01060,0.8946,852.0,0,0,0.2505,0.7249,8,1474.13,2,345,1,157,36
USR_01061,0.6612,587.9,0,0,0.7814,0.3322,5,3133.86,0,87,1,508,27
USR_01062,0.8595,400.1,2,0,0.376,0.1782,9,8650.86,1,336,1,395,17
USR_01063,0.8388,1228.7,0,0,0.3293,0.4166,11,1832.97,0,173,1,439,41
USR_01064,0.803,931.1,2,1,0.6328,0.1795,5,17841.29,0,35,1,521,18
USR_01065,0.823,1395.8,1,0,0.7576,0.5707,7,1733.69,1,42,1,236,37
USR_01066,0.9294,621.5,0,0,0.6515,0.4529,5,2806.17,0,196,1,401,57
USR_01067,0.9183,412.6,1,0,0.3663,0.5486,9,1902.76,1,114,1,953,33
USR_01068,0.9009,809.3,0,1,0.6012,0.8996,6,1470.71,0,270,1,415,51
USR_01069,0.9788,635.2,0,0,0.4772,0.9149,9,6632.11,1,184,1,638,42
USR_01070,0.7193,713.1,0,0,0.6705,0.4757,5,18604.6,0,257,1,506,42
USR_01071,0.7308,865.7,2,0,0.5825,0.6112,6,4134.42,1,270,1,853,19
USR_01072,0.8904,508.8,2,0,0.8841,0.4351,11,910.49,0,129,1,474,52
USR_01073,0.9166,825.4,0,0,0.6205,0.3512,4,2761.56,0,326,1,694,50
USR_01074,0.9088,486.7,0,0,0.2013,0.4722,10,31663.14,0,96,1,236,38
USR_01075,0.8693,1205.0,0,0,0.3276,0.3821,9,16161.46,0,336,1,125,41
USR_01076,0.7461,874.2,0,0,0.6693,0.7101,9,963.6,0,14,1,129,27
USR_01077,0.9598,919.4,0,0,0.6327,0.5764,2,2166.78,0,254,1,122,57
USR_01078,0.8008,456.2,0,0,0.7046,0.4498,6,6092.68,0,127,1,396,59
USR_01079,0.8846,400.6,0,0,0.674,0.8204,4,6889.65,0,76,1,672,53
USR_01080,0.8402,1752.0,1,0,0.5654,0.3624,5,2726.63,0,319,1,399,28
USR_01081,0.8883,451.8,0,0,0.8148,0.47,8,8167.63,0,254,0,846,57
USR_01082,0.9789,761.8,0,0,0.4553,0.6499,7,2393.1,0,184,1,362,45
USR_01083,0.9091,310.6,0,0,0.7303,0.6262,7,2853.37,1,141,1,194,69
USR_01084,0.7092,422.2,0,0,0.8735,0.5616,8,2254.95,1,34,1,695,47
USR_01085,0.8657,1316.1,0,0,0.7955,0.31,4,767.26,0,93,0,553,49
USR_01086,0.8551,466.7,1,0,0.6309,0.5574,9,3313.82,0,359,1,900,43
USR_01087,0.7713,607.6,0,0,0.8641,0.4168,9,1184.21,0,37,0,641,27
USR_01088,0.7184,1185.8,0,1,0.5937,0.8687,11,1285.73,1,87,1,70,30
USR_01089,0.8799,796.1,0,0,0.9242,0.3774,6,2834.0,0,120,1,663,50
USR_01090,0.7744,917.5,1,0,0.7372,0.0594,9,3612.12,0,363,1,322,29
USR_01091,0.8792,1026.0,1,0,0.657,0.7007,12,1428.86,0,336,1,103,41
USR_01092,0.5,1880.1,0,0,0.4334,0.7943,8,13220.49,0,54,1,687,36
USR_01093,0.8748,366.4,1,0,0.6271,0.51,13,5410.85,0,242,1,447,41
USR_01094,0.7927,518.9,0,0,0.7463,0.2493,9,4164.46,0,1,1,39,38
USR_01095,0.9761,744.6,0,0,0.7943,0.3413,7,1791.45,0,245,1,511,38
USR_01096,0.8257,388.1,1,0,0.5739,0.4405,7,13373.99,0,304,1,223,30
USR_01097,0.8605,564.9,0,0,0.59,0.2613,9,2662.39,0,73,1,96,47
USR_01098,0.8875,867.8,0,0,0.7477,0.3843,9,374.38,0,221,1,743,48
USR_01099,0.7175,618.7,0,1,0.8001,0.5712,8,7682.5,1,27,1,441,22
USR_01100,0.5477,1396.5,0,0,0.3925,0.581,12,2145.35,0,82,1,422,27
USR_01101,0.6107,414.1,1,0,0.8677,0.7494,6,35599.44,2,72,1,762,43
USR_01102,0.9564,393.7,0,0,0.7529,0.4069,10,1667.31,0,251,1,43,53
USR_01103,0.8105,1897.2,0,0,0.8163,0.8767,7,3647.62,1,52,1,712,53
USR_01104,0.9153,757.6,0,2,0.6016,0.0241,4,13255.78,0,140,0,452,23
USR_01105,0.9252,492.6,0,0,0.4701,0.4777,14,1663.02,0,288,1,535,48
USR_01106,0.8494,1454.0,1,1,0.7469,0.0856,1,2117.51,2,351,1,713,30
USR_01107,0.7706,565.9,1,0,0.2046,0.4424,4,1943.66,0,309,1,368,26
USR_01108,0.8408,999.2,0,1,0.7192,0.5236,6,6537.03,0,326,1,976,38
USR_01109,0.8815,1230.3,0,0,0.6404,0.0219,6,1950.62,0,274,1,357,31
USR_01110,0.8319,522.0,0,0,0.5406,0.6251,6,12462.23,0,291,1,352,41
USR_01111,0.9404,599.2,0,0,0.351,0.6665,9,2692.08,0,137,1,162,32
USR_01112,0.981,600.9,0,0,0.4778,0.2697,8,27849.98,0,175,1,392,47
USR_01113,0.9732,743.5,0,0,0.8433,0.9065,9,2431.25,0,208,1,655,53
USR_01114,0.9808,367.4,0,0,0.6374,0.7339,9,825.27,1,218,1,283,53
USR_01115,0.9133,527.3,0,0,0.852,0.5654,6,23049.42,0,275,1,408,42
USR_01116,0.9548,549.2,2,0,0.9109,0.5477,6,2177.35,0,288,1,836,41
USR_01117,0.9942,540.7,0,0,0.3925,0.8456,8,4308.57,0,234,1,124,49
USR_01118,0.9294,1171.9,0,0,0.5039,0.7996,6,4785.26,0,126,1,474,57
USR_01119,0.9317,741.6,0,0,0.3803,0.0372,11,875.06,0,326,1,66,35
USR_01120,0.8779,808.7,0,0,0.5321,0.4725,10,1970.0,0,214,1,166,58
USR_01121,0.9661,672.3,0,0,0.3664,0.3081,6,2529.43,0,198,1,42,50
USR_01122,0.7279,922.6,0,0,0.8364,0.0564,9,20089.87,1,315,0,402,19
USR_01123,0.8352,1350.6,0,0,0.8333,0.4013,7,4840.72,0,300,1,934,45
USR_01124,0.844,465.9,1,0,0.3171,0.3528,1,991.32,0,186,1,252,41
USR_01125,0.7785,594.8,0,2,0.4099,0.3203,7,4522.02,0,350,1,592,28
USR_01126,0.7219,289.1,1,0,0.222,0.5484,8,937.73,0,101,1,367,24
USR_01127,0.765,663.9,0,0,0.5867,0.5805,9,2790.64,1,351,1,277,23
USR_01128,0.9078,819.9,0,0,0.7612,0.6023,5,6794.42,1,234,1,385,52
USR_01129,0.9129,839.4,0,0,0.7297,0.8215,12,3782.13,0,39,1,273,59
USR_01130,0.8069,844.7,2,1,0.569,0.3443,4,2070.42,1,136,1,955,24
USR_01131,0.7852,926.9,0,0,0.77,0.8238,14,1963.29,0,63,1,522,65
USR_01132,0.8999,838.3,1,0,0.6709,0.4577,10,50000.0,0,253,1,671,53
USR_01133,0.9793,795.6,2,0,0.7388,0.1931,13,1280.98,0,13,1,272,37
USR_01134,0.6967,485.7,0,0,0.5465,0.6419,10,1254.56,0,182,1,921,62
USR_01135,0.8476,519.0,0,0,0.917,0.1967,6,9394.96,1,175,1,280,48
USR_01136,0.8952,525.8,0,0,0.8709,0.2485,13,2510.63,0,31,0,111,49
USR_01137,0.988,655.7,0,0,0.859,0.5002,9,1801.64,0,268,1,336,52
USR_01138,0.8788,1007.7,0,0,0.287,0.2426,7,617.32,0,284,1,917,39
USR_01139,0.6464,212.2,1,0,0.8776,0.9601,9,1649.25,1,144,1,643,23
USR_01140,0.8953,398.0,2,1,0.5402,0.4524,7,8217.21,0,119,1,372,35
USR_01141,0.8409,630.4,0,0,0.8597,0.5071,7,4675.89,0,72,0,581,43
USR_01142,0.8974,1394.5,0,0,0.782,0.5062,9,2170.8,0,201,1,669,52
USR_01143,0.9969,1029.3,0,1,0.9272,0.5109,4,1327.42,0,123,1,803,42
USR_01144,0.9853,708.7,0,0,0.6893,0.5892,9,318.06,0,203,0,875,48
USR_01145,0.9949,687.1,0,1,0.7473,0.6003,5,3174.98,0,253,1,64,44
USR_01146,0.924,828.8,0,0,0.4798,0.6831,18,4163.58,0,356,1,938,47
USR_01147,0.9275,466.3,1,0,0.3245,0.6484,9,1346.31,0,157,0,303,8
USR_01148,0.8172,403.4,0,0,0.7852,0.8,7,2222.22,0,16,1,835,33
USR_01149,0.9647,657.9,0,0,0.457,0.5038,5,3203.49,0,103,0,496,47
USR_01150,0.8089,1234.0,0,1,0.9283,0.8294,13,2079.47,0,98,1,694,33
USR_01151,0.662,492.5,1,0,0.8968,0.5202,5,2276.69,0,343,1,40,40
USR_01152,0.8405,862.7,0,0,0.6722,0.5013,9,10342.82,1,188,0,231,30
USR_01153,0.7804,857.5,0,0,0.8723,0.7595,6,2913.18,0,241,1,84,41
USR_01154,0.5992,694.4,0,0,0.4275,0.5994,5,9702.91,1,238,1,496,37
USR_01155,0.936,323.6,0,0,0.322,0.7032,9,1705.43,0,96,0,450,41
USR_01156,0.8192,273.4,0,0,0.6067,0.5351,5,3407.32,1,346,1,131,46
USR_01157,0.9593,492.6,0,0,0.1683,0.6871,8,1218.28,0,112,1,661,29
USR_01158,0.7241,1101.3,0,0,0.7641,0.2367,8,8796.98,1,200,1,811,43
USR_01159,0.8689,736.8,1,0,0.5869,0.4221,9,1658.13,2,70,1,442,21
USR_01160,0.9879,411.0,1,1,0.8825,0.5165,8,1986.08,0,51,0,957,42
USR_01161,0.9911,948.6,0,0,0.6706,0.6755,9,5878.9,0,214,0,163,59
USR_01162,0.7882,298.0,0,0,0.2979,0.6648,3,4310.75,0,290,1,729,40
USR_01163,0.9606,774.1,2,0,0.8254,0.5363,7,5268.03,0,229,1,603,40
USR_01164,0.8195,144.6,0,0,0.7018,0.4357,5,1956.78,0,333,1,249,42
USR_01165,0.7409,568.8,1,1,0.5105,0.8855,6,1418.35,0,332,1,221,41
USR_01166,0.8553,267.2,1,0,0.4608,0.825,5,4991.18,0,305,0,564,50
USR_01167,0.7018,789.8,0,0,0.7054,0.7175,10,2178.76,0,4,1,252,34
USR_01168,0.4611,358.5,0,1,0.4483,0.3215,7,1851.5,0,220,1,732,19
USR_01169,0.7247,458.6,2,0,0.7776,0.5501,10,2300.55,1,204,1,262,33
USR_01170,0.8163,605.3,0,0,0.3961,0.8842,5,6790.49,0,175,1,625,38
USR_01171,0.8093,922.6,0,0,0.4495,0.3301,7,2490.38,0,3,1,557,29
USR_01172,0.9475,620.3,1,0,0.3773,0.0446,15,4060.72,0,19,1,193,35
USR_01173,0.6819,357.7,0,0,0.6074,0.7691,2,1463.82,0,65,0,294,39
USR_01174,0.7055,261.9,0,0,0.2346,0.46,9,3110.69,1,191,1,993,44
USR_01175,0.9599,355.6,0,2,0.8092,0.6729,7,935.14,0,79,1,232,39
USR_01176,0.8894,188.0,0,0,0.6757,0.4585,7,1162.54,1,53,1,823,38
USR_01177,0.6462,1018.2,0,0,0.7834,0.4552,2,363.68,0,355,1,799,41
USR_01178,0.8451,609.3,1,0,0.567,0.46,6,1384.79,1,124,1,176,37
USR_01179,0.9023,834.3,0,1,0.4905,0.2688,7,5954.97,0,177,1,56,19
USR_01180,0.8739,548.7,0,0,0.7965,0.5621,9,1856.59,0,104,1,818,39
USR_01181,0.6446,567.5,0,0,0.8151,0.0516,8,1077.35,0,289,1,229,40
USR_01182,0.946,1173.0,0,0,0.9755,0.3184,9,5526.36,0,307,1,462,53
USR_01183,0.9227,318.7,0,0,0.8472,0.6007,9,7272.14,0,158,1,965,57
USR_01184,0.8113,655.7,0,0,0.7649,0.1873,8,3142.18,0,225,1,66,48
USR_01185,0.8832,250.0,0,1,0.2729,0.6394,4,416.77,0,70,1,292,37
USR_01186,0.9243,1171.7,0,1,0.4471,0.1105,13,278.2,0,41,1,546,47
USR_01187,0.9267,834.0,0,0,0.7414,0.2298,7,19251.3,0,142,1,395,47
USR_01188,0.8783,715.3,1,0,0.349,0.7465,5,7957.98,0,339,1,99,28
USR_01189,0.7515,436.7,0,0,0.3786,0.7971,5,1172.04,1,121,1,511,42
USR_01190,0.9736,878.4,0,0,0.5013,0.5842,12,2603.95,0,46,1,232,38
USR_01191,0.8803,546.7,1,1,0.9219,0.4368,10,1114.34,0,204,1,240,23
USR_01192,0.9411,887.8,1,0,0.6567,0.6918,6,3650.17,0,134,1,198,50
USR_01193,0.955,742.9,1,0,0.7495,0.388,7,1628.49,0,92,1,874,48
USR_01194,0.8886,568.0,0,0,0.5995,0.4814,8,2957.04,0,244,1,90,42
USR_01195,0.9847,892.6,0,0,0.3661,0.5776,11,2514.39,0,173,0,825,43
USR_01196,0.7,392.4,0,0,0.8438,0.2037,4,2654.53,0,314,1,890,32
USR_01197,0.9241,1161.4,0,1,0.4023,0.6093,8,1239.63,0,56,1,997,33
USR_01198,0.9029,757.4,0,0,0.4359,0.6305,11,3593.01,0,134,1,71,44
USR_01199,0.9681,749.0,0,0,0.3051,0.819,8,2233.54,1,224,1,675,46
USR_01200,0.9116,473.7,0,0,0.5182,0.82,6,2193.13,0,115,1,490,39
USR_01201,0.7932,311.4,1,0,0.6395,0.8501,14,891.21,0,81,1,121,46
USR_01202,0.7416,516.5,1,0,0.9444,0.0978,7,9199.04,0,315,1,733,32
USR_01203,0.8985,759.8,1,1,0.6013,0.9537,6,2980.25,1,252,1,705,42
USR_01204,0.9131,478.0,0,0,0.2815,0.6951,8,1286.45,1,339,1,108,57
USR_01205,0.798,1149.2,0,1,0.2342,0.276,8,1247.78,0,269,1,338,28
USR_01206,0.7616,451.8,1,0,0.4905,0.8061,5,10261.57,0,361,1,263,45
USR_01207,0.9802,298.5,0,0,0.8454,0.1102,3,513.59,0,146,1,290,53
USR_01208,0.9703,840.5,2,0,0.9091,0.1515,7,2333.97,1,265,1,269,26
USR_01209,0.955,693.8,0,0,0.6003,0.6889,13,9740.11,0,265,1,296,44
USR_01210,0.9716,610.5,2,0,0.9907,0.5431,14,3451.15,0,142,1,475,37
USR_01211,0.907,1213.1,0,2,0.5351,0.7705,9,1048.73,0,75,1,713,35
USR_01212,0.9302,451.0,0,0,0.8295,0.2522,7,6438.91,0,252,1,181,35
USR_01213,0.9767,278.8,1,0,0.8168,0.7335,10,7123.95,0,197,1,609,48
USR_01214,0.7359,759.7,0,0,0.7494,0.1088,10,2172.86,0,143,1,452,41
USR_01215,0.953,684.7,0,0,0.5638,0.3401,6,804.12,0,258,1,763,57
USR_01216,0.596,427.0,0,0,0.476,0.2938,8,8168.79,1,40,0,87,9
USR_01217,0.8799,1361.3,2,0,0.179,0.5518,7,1355.25,0,340,1,978,33
USR_01218,0.8914,1044.8,0,0,0.7618,0.0951,10,1064.91,1,47,1,476,37
USR_01219,0.6224,1235.4,0,1,0.5444,0.4722,4,3876.13,0,329,1,694,22
USR_01220,0.7206,583.4,0,0,0.707,0.8099,7,1771.98,0,308,1,338,34
USR_01221,0.9863,893.1,0,0,0.6001,0.4942,7,21468.74,0,250,1,467,55
USR_01222,0.8888,304.8,0,1,0.8376,0.349,8,6987.77,0,143,1,327,36
USR_01223,0.8737,404.7,3,0,0.6688,0.9323,3,2511.78,0,39,1,604,38
USR_01224,0.991,706.6,0,0,0.4299,0.317,8,823.66,0,319,1,158,24
USR_01225,0.8608,345.9,2,1,0.6209,0.9136,12,829.09,0,141,1,606,32
USR_01226,0.9511,963.0,0,0,0.125,0.6359,6,1851.01,0,259,1,181,36
USR_01227,0.8073,959.8,0,0,0.3883,0.5746,7,4402.7,1,147,1,340,40
USR_01228,0.8798,716.0,0,0,0.3386,0.2455,8,2497.54,0,253,1,298,31
USR_01229,0.9646,880.5,0,0,0.4142,0.624,5,10321.18,0,359,0,246,47
USR_01230,0.9239,688.6,1,0,0.4171,0.6872,10,6163.77,1,192,1,759,35
USR_01231,0.8026,585.7,0,0,0.5029,0.7659,6,4896.3,0,302,1,336,29
USR_01232,0.9677,591.0,2,0,0.8639,0.6624,7,2069.91,0,172,1,418,46
USR_01233,0.9203,218.0,0,0,0.4717,0.6948,5,644.67,0,132,1,573,52
USR_01234,0.8908,526.3,1,0,0.8958,0.1957,0,2420.32,0,153,1,255,24
USR_01235,0.9666,418.3,0,2,0.7856,0.6955,8,8479.21,0,218,1,402,32
USR_01236,0.7227,949.0,2,0,0.2778,0.6085,14,1539.83,0,207,1,561,33
USR_01237,0.688,558.3,1,0,0.359,0.5347,14,13363.36,1,340,1,416,28
USR_01238,0.9602,544.9,0,1,0.2384,0.6079,9,6542.62,0,127,0,548,28
USR_01239,0.9196,1145.5,1,0,0.9276,0.2489,11,14613.7,0,159,1,361,41
USR_01240,0.7376,767.1,1,0,0.36,0.8304,7,4338.61,0,14,0,628,37
USR_01241,0.6841,818.0,1,0,0.6828,0.5981,4,3828.7,0,141,1,871,28
USR_01242,0.9281,1037.8,1,0,0.6396,0.8989,7,3164.98,0,294,1,76,51
USR_01243,0.7787,560.1,0,1,0.3271,0.2389,5,1271.61,2,37,1,291,19
USR_01244,0.8117,1508.1,0,1,0.8245,0.5985,6,7202.43,1,161,1,386,55
USR_01245,0.6921,394.6,2,1,0.8461,0.4691,5,7414.17,1,284,1,705,51
USR_01246,0.9161,1230.9,1,0,0.3771,0.2921,3,10500.51,0,34,1,563,33
USR_01247,0.9511,1457.1,0,2,0.4382,0.5925,5,2681.04,0,137,0,489,24
USR_01248,0.7965,1167.8,1,0,0.5717,0.9324,8,3028.13,0,177,1,167,42
USR_01249,0.9379,782.3,1,0,0.5168,0.1088,9,1054.07,1,258,1,362,51
USR_01250,0.7775,404.0,0,0,0.6479,0.3103,4,1869.88,0,293,1,194,37
USR_01251,0.9196,333.7,0,0,0.8237,0.606,5,14185.42,1,201,1,797,57
USR_01252,0.8836,994.4,2,0,0.7225,0.5011,8,3151.35,0,277,1,894,37
USR_01253,0.8734,799.3,1,1,0.9296,0.3248,9,3205.13,1,203,0,442,34
USR_01254,0.9716,800.2,0,0,0.4702,0.4572,5,8439.11,0,55,1,695,30
USR_01255,0.8608,601.9,0,0,0.6692,0.2471,9,3767.57,0,340,1,757,43
USR_01256,0.966,495.5,0,0,0.5875,0.7098,7,5714.73,0,319,1,237,47
USR_01257,0.8882,424.8,0,0,0.6272,0.4998,7,7098.07,0,346,1,622,50
USR_01258,0.8784,962.5,0,0,0.6712,0.5926,6,10662.78,0,316,0,568,34
USR_01259,0.5561,1143.8,0,0,0.5851,0.2684,7,7033.66,0,159,1,690,28
USR_01260,0.9383,944.0,0,1,0.917,0.3179,4,983.96,0,255,1,64,35
USR_01261,0.9262,980.0,0,0,0.9644,0.3285,9,17514.32,0,61,1,891,43
USR_01262,0.6223,1899.4,0,0,0.6998,0.5604,6,2462.26,1,363,1,784,29
USR_01263,0.9434,530.3,0,0,0.7019,0.2652,10,7974.66,0,180,1,572,53
USR_01264,0.8902,866.8,1,0,0.6556,0.2031,8,8559.86,0,334,1,879,23
USR_01265,0.8416,327.9,0,0,0.8446,0.1801,7,1427.78,0,343,1,799,33
USR_01266,0.8481,1030.9,0,2,0.9677,0.4347,9,5857.43,0,262,0,221,37
USR_01267,0.3108,446.7,0,0,0.172,0.4804,5,11903.82,3,290,1,572,22
USR_01268,0.7683,299.9,1,0,0.8136,0.4761,7,5710.91,0,271,1,66,29
USR_01269,0.8335,708.1,0,1,0.5965,0.2811,6,3749.64,0,118,1,158,27
USR_01270,0.9546,1273.8,0,0,0.8651,0.2113,4,1411.81,1,19,1,195,37
USR_01271,0.6666,340.5,0,0,0.1656,0.86,10,3960.39,0,211,1,175,26
USR_01272,0.8118,797.1,0,0,0.6345,0.5034,8,927.87,2,19,1,752,35
USR_01273,0.811,673.6,0,0,0.9885,0.401,10,1937.81,0,341,1,51,40
USR_01274,0.9655,315.1,0,0,0.3502,0.2871,9,9225.54,0,303,1,110,45
USR_01275,0.9096,335.7,0,0,0.4597,0.4166,8,1739.93,0,191,1,349,37
USR_01276,0.8375,691.7,1,0,0.7218,0.7096,12,2766.28,0,299,1,901,43
USR_01277,0.9916,683.3,0,0,0.5505,0.854,4,2091.87,0,347,1,588,43
USR_01278,0.7631,605.2,1,0,0.7496,0.5014,7,2644.32,0,269,1,88,25
USR_01279,0.7679,1042.9,1,0,0.6224,0.4809,9,3295.56,0,219,1,601,16
USR_01280,0.9691,514.5,0,1,0.3703,0.1071,8,1913.29,1,267,0,841,23
USR_01281,0.6721,2069.4,1,0,0.2936,0.3589,12,901.91,1,56,1,819,27
USR_01282,0.8219,969.8,1,0,0.4751,0.4281,12,2049.49,0,74,1,407,18
USR_01283,0.9705,473.8,0,0,0.2235,0.5234,10,2995.59,0,91,0,573,55
USR_01284,0.7747,541.1,0,0,0.6293,0.7943,8,1558.99,2,345,0,530,39
USR_01285,0.971,1004.4,0,0,0.8669,0.8314,6,9258.21,0,234,1,889,64
USR_01286,0.9734,513.3,1,0,0.814,0.3793,11,1657.38,0,164,1,119,49
USR_01287,0.893,603.5,0,0,0.6654,0.4143,7,7003.9,0,343,1,517,38
USR_01288,0.6714,426.2,1,0,0.2324,0.5158,12,4825.42,0,233,1,831,21
USR_01289,0.8153,702.7,1,1,0.7801,0.2668,5,5389.2,1,29,1,302,22
USR_01290,0.9785,698.8,0,0,0.8575,0.7917,5,1462.48,0,344,1,583,56
USR_01291,0.959,1804.8,0,1,0.9856,0.2987,5,567.15,1,206,1,725,34
USR_01292,0.9359,566.5,1,0,0.7433,0.7384,11,5722.22,0,316,0,109,41
USR_01293,0.7454,448.4,0,0,0.4516,0.7489,11,1882.19,1,133,1,358,37
USR_01294,0.9052,859.2,1,0,0.4418,0.8595,12,3208.94,0,190,1,390,60
USR_01295,0.9174,853.2,0,0,0.6382,0.354,8,2400.42,0,218,1,801,33
USR_01296,0.9897,682.1,0,1,0.9376,0.4367,7,6801.88,0,200,1,591,33
USR_01297,0.9637,953.7,0,2,0.6596,0.7769,4,3831.12,0,233,1,134,48
USR_01298,0.8464,431.3,0,1,0.7311,0.648,6,21467.18,0,192,1,216,42
USR_01299,0.8322,238.8,2,0,0.5634,0.9362,11,4006.9,2,27,1,458,44
USR_01300,0.8779,392.0,2,0,0.8256,0.421,7,2865.03,0,210,1,798,47
USR_01301,0.8419,1009.5,2,0,0.7183,0.6136,6,1455.36,0,288,1,765,41
USR_01302,0.9143,1266.1,1,1,0.6108,0.9568,10,5369.95,1,133,1,596,40
USR_01303,0.9414,564.0,1,0,0.4631,0.5003,4,6024.87,0,230,1,705,47
USR_01304,0.7266,468.2,0,0,0.8294,0.3246,5,5033.77,1,324,1,477,37
USR_01305,0.7961,509.4,1,0,0.8201,0.6776,7,2264.27,2,192,1,682,21
USR_01306,0.9398,279.6,0,0,0.8449,0.2995,14,2733.39,0,34,1,298,46
USR_01307,0.8173,597.5,2,0,0.4187,0.6558,11,277.53,0,165,1,641,34
USR_01308,0.7802,656.8,0,1,0.869,0.2504,4,2043.53,0,314,0,914,19
USR_01309,0.9885,1122.1,1,0,0.9286,0.08,9,2078.67,0,298,1,168,32
USR_01310,0.6161,976.2,0,1,0.661,0.7248,5,5974.32,1,124,1,869,34
USR_01311,0.8986,303.7,0,1,0.8434,0.2518,12,1081.48,0,223,1,638,47
USR_01312,0.8997,1112.0,1,0,0.7081,0.453,5,5751.99,1,130,1,586,49
USR_01313,0.8948,795.1,1,0,0.8603,0.8687,5,2428.72,0,339,1,615,48
USR_01314,0.9103,368.5,0,0,0.6671,0.1042,10,4408.92,0,306,1,840,30
USR_01315,0.9864,1354.1,0,0,0.7212,0.6198,10,2124.47,0,202,1,193,49
USR_01316,0.9321,790.5,0,0,0.3814,0.1807,5,1915.19,0,111,1,287,43
USR_01317,0.6715,690.0,0,0,0.2968,0.5879,3,701.05,0,183,1,600,46
USR_01318,0.7406,1493.5,0,0,0.501,0.4976,10,179.3,0,311,0,61,38
USR_01319,0.8984,555.3,0,1,0.7051,0.9104,8,6066.43,0,47,0,715,23
USR_01320,0.472,282.9,0,0,0.326,0.5728,6,9411.19,0,243,1,574,46
USR_01321,0.9236,633.3,0,0,0.7354,0.7401,7,2483.43,0,79,1,764,42
USR_01322,0.8429,2534.1,0,0,0.9051,0.1276,7,3383.93,0,69,1,389,42
USR_01323,0.8538,943.9,0,0,0.5472,0.4531,5,4522.89,0,218,1,428,45
USR_01324,0.8222,586.4,0,0,0.4238,0.662,5,9230.58,0,157,1,592,48
USR_01325,0.7016,875.6,0,0,0.7921,0.4406,6,1548.7,1,351,1,505,39
USR_01326,0.9927,549.5,0,0,0.5957,0.2707,8,10923.67,1,354,0,830,34
USR_01327,0.8424,716.3,0,1,0.8892,0.8634,7,6089.39,0,95,1,565,39
USR_01328,0.7653,559.7,0,1,0.8463,0.272,8,5112.6,0,87,1,396,27
USR_01329,0.9223,1618.0,1,1,0.4836,0.58,8,2548.89,0,265,1,593,40
USR_01330,0.9432,506.1,0,0,0.4681,0.47,6,4758.85,2,181,0,563,29
USR_01331,0.7781,701.8,0,0,0.4928,0.5869,8,3035.79,0,96,1,152,38
USR_01332,0.9677,401.0,0,0,0.204,0.6871,9,2235.53,1,42,0,216,42
USR_01333,0.9195,1041.1,0,0,0.5935,0.2708,6,487.85,0,96,0,697,53
USR_01334,0.7964,763.1,1,0,0.6142,0.5351,15,2316.97,1,114,1,447,46
USR_01335,0.8777,945.8,2,1,0.8264,0.6272,9,1064.2,1,183,1,842,30
USR_01336,0.891,327.7,1,0,0.5625,0.4797,9,6399.89,1,118,1,743,36
USR_01337,0.7795,822.5,1,1,0.7592,0.7513,5,8436.6,0,98,1,964,30
USR_01338,0.9858,728.7,0,0,0.2798,0.3281,8,23065.8,0,321,0,335,43
USR_01339,0.9603,509.6,0,0,0.8814,0.7934,4,1399.49,0,277,1,927,55
USR_01340,0.8755,833.0,1,0,0.1663,0.7444,5,1361.52,0,138,0,248,29
USR_01341,0.7889,273.8,1,0,0.6035,0.8317,9,2246.64,1,328,1,344,46
USR_01342,0.9626,757.0,0,0,0.5467,0.4415,7,1850.64,0,178,1,466,52
USR_01343,0.9659,923.3,1,0,0.4137,0.6825,13,4492.68,0,273,1,749,46
USR_01344,0.9827,526.2,0,0,0.3862,0.6742,4,1334.8,0,122,1,249,50
USR_01345,0.9398,549.2,0,0,0.8235,0.5213,12,1697.74,2,244,1,468,45
USR_01346,0.5107,727.4,1,0,0.5834,0.4847,12,10206.42,1,231,1,638,30
USR_01347,0.7968,1351.9,0,0,0.3467,0.5288,4,3605.34,1,292,1,110,40
USR_01348,0.8383,618.3,0,0,0.9213,0.2071,12,3455.6,1,101,1,297,46
USR_01349,0.6479,507.6,0,1,0.4486,0.3029,6,5115.68,0,163,1,860,12
USR_01350,0.8852,272.6,0,0,0.4187,0.1286,6,598.45,0,54,1,276,40
USR_01351,0.7272,483.4,0,0,0.6552,0.8486,10,923.88,0,67,1,277,48
USR_01352,0.7375,527.1,0,0,0.4913,0.3473,11,10247.77,0,24,1,67,46
USR_01353,0.8425,1041.8,0,1,0.6048,0.2047,9,720.97,0,346,1,160,44
USR_01354,0.7117,352.9,1,0,0.818,0.9222,7,15830.74,0,40,1,503,40
USR_01355,0.8529,188.0,0,0,0.4826,0.7793,7,5189.25,1,162,1,978,41
USR_01356,0.8007,446.8,0,0,0.378,0.1835,3,210.41,0,340,1,353,26
USR_01357,0.8237,1122.8,0,1,0.5228,0.3931,12,2053.46,2,57,1,572,33
USR_01358,0.6839,1009.8,0,0,0.3508,0.8722,5,979.97,0,52,0,339,43
USR_01359,0.8211,1034.6,0,1,0.2199,0.4636,6,13936.36,0,249,1,643,38
USR_01360,0.7859,182.2,0,0,0.9187,0.7182,6,9141.3,0,45,0,302,41
USR_01361,0.8072,2757.6,0,0,0.7061,0.5889,9,4175.18,0,145,1,756,49
USR_01362,0.7469,607.2,0,0,0.6091,0.6345,8,1768.72,1,20,1,315,36
USR_01363,0.919,2038.9,0,0,0.7301,0.4351,4,607.28,0,194,1,481,35
USR_01364,0.7431,641.9,0,0,0.6994,0.8105,7,31818.1,0,81,1,946,43
USR_01365,0.8825,891.3,0,1,0.8322,0.4845,7,4471.51,0,292,1,927,39
USR_01366,0.9652,1366.6,0,0,0.4388,0.3573,6,1162.74,0,124,1,354,51
USR_01367,0.8632,374.8,0,0,0.9259,0.7543,6,2241.32,1,93,0,658,43
USR_01368,0.4768,250.5,0,0,0.6633,0.6364,7,1340.16,0,14,1,812,45
USR_01369,0.9405,596.7,0,0,0.6518,0.3231,8,7155.08,0,252,1,892,29
USR_01370,0.9008,1986.1,0,1,0.8418,0.7746,8,5543.83,0,50,1,507,45
USR_01371,0.8282,493.8,0,0,0.3906,0.4227,7,5101.93,0,39,1,597,35
USR_01372,0.9376,882.2,0,0,0.5277,0.4756,8,5335.36,0,75,1,339,54
USR_01373,0.8319,702.0,0,2,0.7014,0.7617,10,6629.41,1,116,1,664,25
USR_01374,0.7347,620.1,1,0,0.572,0.5592,10,7098.54,0,45,1,233,22
USR_01375,0.8082,796.6,1,1,0.5958,0.5865,5,639.5,0,144,1,465,15
USR_01376,0.9753,467.3,0,0,0.9064,0.4972,11,10609.91,0,343,0,942,32
USR_01377,0.8261,563.2,0,2,0.5302,0.0808,3,9135.33,0,71,1,780,21
USR_01378,0.6421,354.6,0,1,0.5892,0.2205,11,2447.97,0,156,1,556,10
USR_01379,0.7672,427.0,0,0,0.497,0.8012,6,2756.98,0,105,1,569,46
USR_01380,0.7573,564.7,0,0,0.852,0.335,12,3627.08,0,351,0,740,47
USR_01381,0.733,371.8,1,0,0.6892,0.8027,3,783.24,0,275,1,771,41
USR_01382,0.9012,1002.2,0,1,0.6901,0.0755,7,420.55,0,143,0,796,23
USR_01383,0.6582,769.5,0,0,0.4485,0.6492,9,8420.02,0,81,1,877,36
USR_01384,0.9062,1989.2,0,0,0.3932,0.5543,14,2827.5,0,196,1,552,47
USR_01385,0.8185,1703.8,1,0,0.573,0.131,4,587.94,0,343,1,750,34
USR_01386,0.8497,1027.6,1,0,0.3489,0.6812,7,1177.75,1,277,1,960,41
USR_01387,0.8908,393.4,1,0,0.7192,0.8062,16,4752.14,1,113,1,702,47
USR_01388,0.3965,298.8,0,0,0.4337,0.5238,9,2193.18,0,339,1,752,44
USR_01389,0.9511,1018.0,0,0,0.7481,0.7494,7,2629.49,1,23,1,56,56
USR_01390,0.8674,998.0,0,2,0.5002,0.414,11,5385.9,0,360,0,957,24
USR_01391,0.9535,956.0,2,1,0.7751,0.253,9,1318.17,0,65,1,828,29
USR_01392,0.9645,559.1,0,0,0.7231,0.4979,7,1811.63,0,191,1,390,46
USR_01393,0.6438,1638.3,0,3,0.7482,0.8191,8,6272.03,1,67,1,893,19
USR_01394,0.963,394.1,1,1,0.592,0.3942,12,9399.98,0,135,0,732,28
USR_01395,0.8999,386.5,1,0,0.6867,0.2499,9,1459.32,1,307,1,776,41
USR_01396,0.9222,300.8,1,0,0.6033,0.7062,12,1280.61,0,70,1,794,45
USR_01397,0.8975,648.1,0,0,0.561,0.5827,10,2871.65,0,153,1,618,39
USR_01398,0.8776,1178.0,0,0,0.598,0.7389,11,6360.59,1,349,1,591,43
USR_01399,0.9184,312.6,0,0,0.9412,0.4805,8,2323.94,0,293,0,815,31
USR_01400,0.8788,888.3,0,0,0.9366,0.3849,5,2746.82,1,310,1,207,59
USR_01401,0.8068,1312.2,0,0,0.823,0.1484,5,1462.71,0,331,1,291,31
USR_01402,0.9204,796.9,0,1,0.4791,0.8206,7,5557.15,0,159,0,217,42
USR_01403,0.7441,1017.2,0,0,0.409,0.675,13,5877.68,0,268,1,757,53
USR_01404,0.9969,1620.6,1,0,0.503,0.6581,6,4900.63,1,29,1,538,46
USR_01405,0.8108,1101.7,1,1,0.5731,0.4314,3,9068.76,0,73,1,112,27
USR_01406,0.9216,1037.9,0,0,0.3057,0.5417,4,2421.22,1,167,1,331,68
USR_01407,0.8957,599.7,0,0,0.4188,0.55,7,4482.45,0,232,1,905,32
USR_01408,0.438,456.5,0,0,0.5414,0.8487,8,1586.05,0,88,1,601,31
USR_01409,0.9436,1498.6,1,0,0.3992,0.1648,11,6397.41,0,329,1,45,23
USR_01410,0.7651,879.2,0,0,0.377,0.7641,5,1883.4,0,134,1,541,39
USR_01411,0.9677,902.1,0,0,0.7323,0.2994,5,3847.32,0,250,1,159,44
USR_01412,0.9048,414.6,1,0,0.6518,0.352,8,1095.47,0,150,1,923,32
USR_01413,0.8476,1219.5,0,0,0.6778,0.6434,10,2469.4,0,324,1,539,40
USR_01414,0.9258,776.4,0,0,0.9079,0.6923,13,38206.11,1,247,1,817,46
USR_01415,0.969,415.7,1,0,0.1012,0.421,11,3427.96,0,30,1,752,30
USR_01416,0.9298,823.2,0,0,0.6643,0.8615,6,3208.47,0,281,1,662,48
USR_01417,0.7782,458.6,0,0,0.7327,0.2997,7,718.01,1,295,0,947,37
USR_01418,0.9393,730.6,2,0,0.4108,0.1777,6,336.02,1,78,1,764,28
USR_01419,0.7685,911.7,1,1,0.6086,0.4131,7,4641.47,0,338,1,905,19
USR_01420,0.6813,336.1,2,0,0.6189,0.5609,6,566.41,0,347,1,995,32
USR_01421,0.7467,1213.9,0,1,0.7444,0.6828,11,6187.16,1,127,0,525,28
USR_01422,0.8951,809.1,0,1,0.4987,0.5195,11,754.64,0,58,1,579,45
USR_01423,0.5326,246.9,0,0,0.5234,0.6342,9,1144.98,0,298,1,747,46
USR_01424,0.885,442.6,1,0,0.6737,0.3395,15,1904.07,1,167,0,372,41
USR_01425,0.8023,435.4,0,0,0.6138,0.8459,9,10613.96,0,94,1,363,43
USR_01426,0.8396,697.3,0,0,0.2762,0.1843,9,2739.57,0,341,0,522,29
USR_01427,0.689,532.7,0,0,0.5807,0.3969,4,1324.32,0,147,1,484,44
USR_01428,0.9775,1330.1,0,0,0.5047,0.3898,10,2234.36,0,268,0,523,39
USR_01429,0.9578,383.2,1,0,0.8407,0.6267,8,3305.27,0,302,1,632,46
USR_01430,0.8527,520.7,0,0,0.498,0.7978,8,908.42,0,74,1,949,44
USR_01431,0.9381,511.3,0,0,0.5869,0.8969,10,18368.37,0,120,0,255,44
USR_01432,0.8965,540.4,0,1,0.4541,0.6105,15,3345.01,2,105,1,493,35
USR_01433,0.7715,428.1,1,1,0.5911,0.7656,5,6534.9,0,87,1,193,29
USR_01434,0.7146,1588.6,0,2,0.646,0.1085,11,3416.73,0,341,1,428,17
USR_01435,0.7193,731.3,0,1,0.9284,0.2232,7,13867.6,0,143,1,163,25
USR_01436,0.7051,797.0,2,1,0.8147,0.8278,8,16479.53,1,210,0,400,15
USR_01437,0.7125,549.4,0,0,0.5429,0.7915,6,10641.14,0,361,1,499,47
USR_01438,0.9135,754.8,0,0,0.9601,0.5703,13,6757.99,0,86,0,523,44
USR_01439,0.9818,1205.9,1,1,0.7977,0.1668,7,2008.98,0,235,1,870,42
USR_01440,0.7374,505.2,0,0,0.9182,0.921,9,2285.26,0,94,1,451,60
USR_01441,0.924,2462.4,0,0,0.3584,0.051,6,1241.13,0,314,1,659,35
USR_01442,0.879,758.6,0,0,0.8297,0.4717,10,8862.05,1,64,1,81,54
USR_01443,0.9189,324.0,0,2,0.5353,0.7691,10,46216.21,0,79,1,159,35
USR_01444,0.7779,745.3,2,0,0.4974,0.2991,6,3892.1,0,281,1,287,40
USR_01445,0.7773,448.4,1,0,0.4284,0.7417,12,10497.65,0,233,1,849,28
USR_01446,0.6283,615.6,1,1,0.6341,0.3031,4,2210.64,0,151,1,250,37
USR_01447,0.7883,615.4,1,0,0.485,0.6309,11,1770.25,0,16,1,667,31
USR_01448,0.8355,681.9,1,0,0.6116,0.068,9,1618.7,0,150,1,502,21
USR_01449,0.8773,554.7,0,0,0.6426,0.4553,11,8598.65,0,272,1,86,55
USR_01450,0.756,806.6,0,0,0.4314,0.4037,12,2537.74,0,194,1,578,22
USR_01451,0.6174,303.1,0,0,0.2398,0.3709,4,1324.78,1,8,1,357,22
USR_01452,0.7606,2505.8,2,1,0.7743,0.321,7,3534.34,1,114,1,840,15
USR_01453,0.8269,615.8,0,0,0.6082,0.4496,10,6553.1,0,120,1,668,34
USR_01454,0.8035,429.8,0,0,0.6378,0.4383,6,6850.52,0,31,0,460,37
USR_01455,0.9397,1835.6,1,0,0.5687,0.8484,2,1847.88,1,137,1,896,49
USR_01456,0.7846,342.7,1,1,0.691,0.2528,3,694.29,0,347,1,568,39
USR_01457,0.8995,424.3,0,0,0.4169,0.3848,5,446.43,1,207,1,561,45
USR_01458,0.8927,275.9,0,0,0.3386,0.3273,5,3140.89,0,360,1,71,41
USR_01459,0.8218,290.2,0,0,0.9032,0.677,16,1265.67,0,83,1,250,49
USR_01460,0.681,483.9,2,0,0.5897,0.665,6,1543.27,1,247,1,851,32
USR_01461,0.8232,726.9,0,0,0.9539,0.6016,9,1131.61,0,355,1,955,49
USR_01462,0.7814,2176.3,0,0,0.6611,0.4614,12,2389.3,0,353,1,168,38
USR_01463,0.73,402.4,1,0,0.2894,0.9483,8,3294.63,0,98,1,850,38
USR_01464,0.9726,341.8,0,0,0.7457,0.5399,10,3591.49,0,104,1,439,53
USR_01465,0.9015,562.1,0,1,0.2601,0.0883,9,2178.36,0,147,1,859,26
USR_01466,0.8918,658.4,0,0,0.7769,0.7997,6,6589.57,0,296,1,283,46
USR_01467,0.868,641.2,1,1,0.8235,0.4172,13,2661.16,0,298,0,662,33
USR_01468,0.8203,449.4,0,0,0.3749,0.4025,6,1946.22,0,230,0,726,38
USR_01469,0.7989,1212.1,1,0,0.2862,0.0967,12,6530.37,0,236,1,477,33
USR_01470,0.8794,448.3,0,0,0.3475,0.8487,9,2218.24,1,126,1,581,30
USR_01471,0.7373,608.5,0,0,0.8875,0.7737,7,6808.02,0,360,1,728,56
USR_01472,0.9541,793.0,1,0,0.6967,0.5042,6,2579.27,0,12,1,996,45
USR_01473,0.9135,765.4,0,0,0.5878,0.4868,6,8783.86,1,96,1,628,51
USR_01474,0.8081,649.3,0,0,0.6242,0.9348,10,3001.08,1,1,1,821,42
USR_01475,0.7715,311.0,1,1,0.2964,0.262,8,1917.54,0,330,1,780,20
USR_01476,0.6313,1129.2,0,1,0.515,0.8143,11,1140.52,0,113,1,969,34
USR_01477,0.8678,535.2,0,1,0.4246,0.2705,8,4756.3,0,280,1,783,28
USR_01478,0.8756,282.3,0,0,0.3665,0.2955,8,19382.05,0,140,1,906,26
USR_01479,0.9804,866.2,0,1,0.448,0.6867,6,10443.48,1,248,1,364,42
USR_01480,0.967,1021.4,1,0,0.7957,0.7488,8,17959.41,1,197,1,622,61
USR_01481,0.9399,393.3,1,0,0.7719,0.0867,7,7850.07,0,336,1,934,51
USR_01482,0.6986,581.4,0,1,0.4807,0.7621,16,1682.61,0,194,1,238,42
USR_01483,0.9333,1061.7,0,0,0.3778,0.3016,14,6263.04,0,245,1,153,46
USR_01484,0.7883,282.3,0,0,0.3773,0.4645,11,4467.26,0,147,1,852,45
USR_01485,0.8083,315.0,0,0,0.3076,0.4436,6,4043.57,1,49,1,779,21
USR_01486,0.6691,953.2,1,0,0.664,0.1726,7,1290.79,0,273,1,118,18
USR_01487,0.9436,1210.0,0,1,0.66,0.7746,7,1162.4,1,93,1,284,44
USR_01488,0.9014,225.3,1,0,0.8105,0.6879,6,4114.48,0,84,1,840,43
USR_01489,0.8782,515.0,0,1,0.7336,0.6801,7,10398.2,1,37,0,153,47
USR_01490,0.9556,566.6,0,1,0.6591,0.6273,6,3916.26,0,58,1,905,55
USR_01491,0.9451,583.0,0,0,0.8325,0.4767,11,4418.85,0,40,1,392,45
USR_01492,0.9569,568.8,0,0,0.8142,0.8961,12,4357.29,0,194,1,833,57
USR_01493,0.9055,567.8,1,1,0.837,0.6329,7,223.34,0,301,1,46,35
USR_01494,0.6767,637.1,0,0,0.9354,0.0775,12,2054.51,0,310,0,883,28
USR_01495,0.7415,736.3,0,0,0.3657,0.1941,9,4770.97,0,342,1,791,33
USR_01496,0.5982,931.6,0,0,0.4727,0.9163,4,7398.27,0,170,1,370,38
USR_01497,0.5758,854.0,0,0,0.5632,0.2328,11,3540.55,0,281,1,277,46
USR_01498,0.8731,558.1,0,0,0.691,0.5354,8,1311.52,0,66,1,239,36
USR_01499,0.9981,510.6,0,1,0.3477,0.555,8,2336.01,0,17,1,358,45
USR_01500,0.8315,263.9,0,0,0.6042,0.7361,8,6873.7,0,127,0,407,53
USR_01501,0.8111,574.8,1,0,0.2607,0.3094,11,21220.9,1,318,1,374,35
USR_01502,0.5428,905.2,0,1,0.195,0.5266,12,222.43,0,320,1,816,41
USR_01503,0.7628,232.0,0,0,0.7408,0.1863,12,4429.45,0,289,1,999,40
USR_01504,0.867,842.2,1,2,0.5213,0.3841,6,8908.24,0,185,1,63,18
USR_01505,0.7228,481.5,0,1,0.6894,0.6425,8,1780.23,0,227,0,716,35
USR_01506,0.8555,416.6,0,0,0.5721,0.6821,7,311.12,0,4,1,291,50
USR_01507,0.8467,439.9,0,1,0.9157,0.4456,6,6497.66,0,210,1,306,37
USR_01508,0.9728,657.1,0,0,0.6062,0.488,7,1680.47,2,29,1,155,43
USR_01509,0.8451,602.8,0,0,0.6296,0.8288,13,2953.55,2,362,0,617,42
USR_01510,0.7924,882.9,0,1,0.6518,0.4882,6,1072.75,0,334,1,599,19
USR_01511,0.8983,949.7,0,0,0.2233,0.8342,6,5449.46,0,308,1,158,55
USR_01512,0.9128,941.0,0,0,0.4161,0.5983,10,1298.95,0,63,1,543,48
USR_01513,0.9504,1136.7,1,0,0.2707,0.759,9,6777.53,0,350,1,319,36
USR_01514,0.8779,493.8,0,0,0.5082,0.692,8,2921.53,0,159,1,530,43
USR_01515,0.6831,757.0,2,0,0.6579,0.626,7,4525.84,0,198,1,936,27
USR_01516,0.7421,624.6,0,0,0.4968,0.5764,4,10644.48,0,5,1,368,31
USR_01517,0.8726,338.8,1,0,0.8167,0.5319,7,897.58,0,299,1,617,40
USR_01518,0.7754,508.2,0,0,0.2866,0.7035,6,1333.83,1,292,1,185,38
USR_01519,0.7721,1056.1,2,0,0.701,0.4683,8,787.23,2,246,1,99,35
USR_01520,0.8957,422.2,1,0,0.772,0.281,12,2104.08,0,262,1,435,29
USR_01521,0.8679,452.9,0,0,0.2384,0.5655,12,14711.98,2,142,1,804,54
USR_01522,0.8292,594.9,0,2,0.5928,0.2508,3,1047.08,0,326,1,360,30
USR_01523,0.9645,968.6,1,0,0.3897,0.8099,9,3128.3,0,203,1,506,40
USR_01524,0.7245,1301.0,0,0,0.3949,0.1882,10,1357.31,0,24,1,715,18
USR_01525,0.7212,381.4,0,1,0.7238,0.4627,10,23961.71,0,245,1,421,31
USR_01526,0.946,333.4,2,0,0.4941,0.4577,4,1815.69,0,9,1,200,42
USR_01527,0.8853,538.0,0,0,0.8251,0.8855,6,5354.43,0,215,1,145,65
USR_01528,0.9233,855.9,1,0,0.5269,0.2392,12,442.38,0,364,1,404,37
USR_01529,0.853,502.6,1,0,0.6827,0.4806,10,1532.41,0,194,1,148,50
USR_01530,0.85,789.9,0,0,0.7784,0.4653,7,6004.75,0,174,1,313,51
USR_01531,0.8226,919.1,0,0,0.9158,0.5824,9,2661.38,0,121,0,212,33
USR_01532,0.825,889.0,0,1,0.4842,0.2859,5,2397.35,1,124,1,122,30
USR_01533,0.8147,793.1,1,0,0.9035,0.4246,6,10276.41,0,19,0,863,27
USR_01534,0.6806,385.3,0,1,0.6044,0.605,10,5164.75,1,101,1,688,42
USR_01535,0.8127,1295.2,1,0,0.1838,0.5392,9,444.39,0,245,1,628,27
USR_01536,0.9762,523.3,1,0,0.3345,0.6445,11,13352.87,1,51,1,527,44
USR_01537,0.8504,266.4,0,0,0.5849,0.1504,10,2277.42,0,82,1,508,23
USR_01538,0.9324,521.8,0,0,0.5979,0.7604,14,3504.95,1,316,1,204,54
USR_01539,0.6848,1943.2,0,0,0.8163,0.8402,9,1994.58,0,271,1,140,53
USR_01540,0.8332,643.7,0,1,0.761,0.9264,6,5102.95,1,140,1,423,40
USR_01541,0.9708,551.7,0,0,0.4076,0.4161,14,2361.84,0,141,0,419,37
USR_01542,0.8083,740.9,0,0,0.6834,0.8639,3,1623.49,0,347,1,118,38
USR_01543,0.9972,738.8,2,1,0.5077,0.5758,13,12600.6,0,205,1,401,38
USR_01544,0.9573,330.8,0,1,0.658,0.8466,6,3722.07,0,338,1,710,39
USR_01545,0.5968,812.1,1,1,0.7262,0.6826,5,1116.32,0,250,1,183,31
USR_01546,0.7353,401.5,1,0,0.4812,0.5224,11,2114.48,0,142,1,701,42
USR_01547,0.9687,1221.4,1,0,0.6284,0.2869,3,312.48,0,259,1,951,51
USR_01548,0.7348,1870.1,1,0,0.8595,0.5988,8,580.0,0,307,1,294,31
USR_01549,0.9585,573.2,0,0,0.4283,0.2227,7,1146.07,0,317,1,367,51
USR_01550,0.7509,350.9,0,0,0.737,0.461,10,8909.87,0,221,1,43,45
USR_01551,0.9553,449.6,2,0,0.4478,0.5703,9,2173.32,0,59,1,392,34
USR_01552,0.8842,844.9,0,1,0.8862,0.6174,5,1782.61,2,294,0,446,44
USR_01553,0.8791,553.4,0,0,0.4738,0.2186,10,13709.96,0,22,1,684,38
USR_01554,0.9124,866.4,0,1,0.8685,0.4057,5,2088.75,1,151,1,608,37
USR_01555,0.8056,558.0,0,0,0.5877,0.7463,5,5691.42,0,155,0,883,44
USR_01556,0.8703,1675.1,1,1,0.8607,0.4365,11,2179.46,0,86,0,55,20
USR_01557,0.8075,483.0,0,1,0.6276,0.1895,7,1184.03,0,89,1,161,28
USR_01558,0.7769,643.2,1,0,0.647,0.3859,8,1092.73,0,104,0,375,25
USR_01559,0.6538,299.3,1,1,0.1858,0.0681,10,2719.38,0,134,1,611,8
USR_01560,0.849,652.0,0,0,0.5913,0.8413,6,16954.1,0,167,1,914,56
USR_01561,0.8833,803.1,0,0,0.7378,0.4103,8,6067.15,0,91,1,905,60
USR_01562,0.9346,289.1,0,0,0.6664,0.697,8,6846.45,1,315,1,748,50
USR_01563,0.8411,631.0,2,0,0.5968,0.5666,10,965.29,0,84,1,44,30
USR_01564,0.6605,649.4,1,1,0.503,0.5521,7,5376.38,0,8,1,635,21
USR_01565,0.7342,1420.0,1,0,0.6058,0.6306,5,549.35,1,136,0,905,17
USR_01566,0.9254,612.6,1,0,0.2188,0.9328,12,869.11,0,184,1,643,37
USR_01567,0.7467,411.6,2,1,0.8164,0.2844,8,4173.7,0,205,1,327,27
USR_01568,0.901,803.7,0,0,0.4232,0.49,9,1403.04,0,13,1,367,53
USR_01569,0.9179,837.2,1,1,0.869,0.5202,2,2268.45,1,255,1,668,42
USR_01570,0.963,214.3,0,0,0.3342,0.6609,8,1276.46,0,245,1,930,32
USR_01571,0.8122,720.5,0,1,0.5343,0.5947,7,5489.76,2,78,1,975,29
USR_01572,0.8759,1094.0,0,0,0.4768,0.4825,7,8167.13,0,294,1,105,38
USR_01573,0.8891,1555.1,1,0,0.505,0.4025,6,5270.89,0,230,1,52,45
USR_01574,0.7238,654.8,0,0,0.9078,0.8184,9,448.52,0,264,0,982,36
USR_01575,0.8982,1016.6,0,0,0.475,0.493,11,4167.88,2,197,1,970,30
USR_01576,0.9345,432.4,0,0,0.3766,0.4029,12,941.21,1,180,1,166,49
USR_01577,0.962,434.8,0,1,0.843,0.6162,9,605.71,0,92,1,609,56
USR_01578,0.9824,1005.7,1,0,0.4022,0.3247,7,3546.17,0,74,1,557,32
USR_01579,0.986,304.0,0,0,0.1858,0.2353,9,9641.93,2,132,1,251,45
USR_01580,0.7893,369.0,0,0,0.6974,0.834,8,6752.86,1,195,0,558,31
USR_01581,0.838,743.1,0,2,0.3843,0.6624,12,2855.7,0,113,1,836,35
USR_01582,0.8076,505.7,0,1,0.6622,0.5237,4,2091.55,0,323,1,560,29
USR_01583,0.8955,506.6,0,0,0.6069,0.6387,5,9132.92,1,186,1,917,36
USR_01584,0.7406,574.2,0,0,0.393,0.573,8,2908.58,0,329,0,558,59
USR_01585,0.8229,824.9,0,0,0.6486,0.9004,8,1286.96,0,309,1,667,42
USR_01586,0.6876,451.7,0,0,0.195,0.314,7,4741.1,0,111,1,833,24
USR_01587,0.9093,374.9,0,1,0.9197,0.2055,8,3281.26,1,285,1,93,28
USR_01588,0.9076,371.0,0,0,0.3695,0.5895,3,16280.9,0,103,1,252,37
USR_01589,0.6913,1999.9,0,0,0.7257,0.2216,8,5841.33,0,84,1,772,42
USR_01590,0.9788,545.1,1,1,0.7016,0.674,14,2219.58,1,87,1,749,39
USR_01591,0.8826,2434.2,0,1,0.3824,0.6572,3,1633.33,0,4,1,150,32
USR_01592,0.5357,637.1,0,0,0.4046,0.4986,13,4466.61,0,268,1,337,39
USR_01593,0.8286,615.2,0,1,0.762,0.9513,6,3631.98,0,15,0,163,34
USR_01594,0.9135,895.3,1,0,0.46,0.4222,8,3960.53,0,208,1,664,45
USR_01595,0.9298,342.6,0,1,0.8123,0.485,10,6468.96,1,119,1,768,31
USR_01596,0.9514,491.8,1,0,0.6466,0.237,6,1056.77,1,32,1,315,39
USR_01597,0.7797,684.8,0,0,0.8481,0.6094,9,22226.87,1,238,1,321,56
USR_01598,0.9765,458.3,0,0,0.7771,0.6196,9,947.42,0,5,1,470,54
USR_01599,0.9638,877.2,0,0,0.8907,0.4771,4,5069.21,0,357,1,101,54
USR_01600,0.9238,737.4,0,0,0.5718,0.1276,7,2765.07,0,237,1,963,19
USR_01601,0.8079,846.1,0,0,0.5788,0.5893,11,9848.75,1,161,1,301,17
USR_01602,0.8334,560.1,0,1,0.393,0.1103,11,39880.37,1,99,1,347,25
USR_01603,0.6266,1295.8,0,0,0.8158,0.3945,4,7700.06,0,172,1,367,38
USR_01604,0.8141,453.4,0,0,0.2479,0.7043,6,5462.68,1,357,1,501,56
USR_01605,0.5913,788.3,0,0,0.7154,0.8934,4,5539.32,0,331,1,969,35
USR_01606,0.8248,763.6,0,0,0.9154,0.432,7,1294.44,0,285,1,633,43
USR_01607,0.8189,396.5,0,0,0.5869,0.5844,6,514.16,2,65,1,358,53
USR_01608,0.6865,615.6,0,1,0.8309,0.3946,3,772.58,2,174,1,250,24
USR_01609,0.8809,340.4,1,0,0.6642,0.7971,11,2153.51,0,5,0,404,31
USR_01610,0.8526,523.4,1,0,0.5027,0.49,7,2534.77,1,17,0,400,27
USR_01611,0.9218,515.7,0,0,0.3848,0.7677,8,2952.76,0,286,1,597,37
USR_01612,0.9144,450.4,1,0,0.5061,0.4235,4,4307.01,1,2,1,418,46
USR_01613,0.9664,729.2,0,1,0.4318,0.4207,5,1120.39,2,70,0,561,35
USR_01614,0.9413,1430.3,0,0,0.7645,0.2632,9,2078.53,0,129,1,707,45
USR_01615,0.8303,408.5,0,1,0.9122,0.7335,12,5249.45,0,145,1,760,34
USR_01616,0.9384,674.9,0,1,0.6255,0.7433,5,3246.4,0,247,1,415,56
USR_01617,0.933,895.6,1,2,0.394,0.5883,10,4674.68,0,273,0,769,32
USR_01618,0.9908,740.8,0,1,0.6783,0.5052,7,17017.72,0,46,1,419,39
USR_01619,0.9281,513.6,0,0,0.4807,0.5889,4,3446.16,0,187,1,572,58
USR_01620,0.8398,907.2,4,1,0.7186,0.3289,7,4418.38,0,182,1,595,4
USR_01621,0.8178,544.0,0,0,0.8432,0.672,7,5796.22,1,331,1,734,37
USR_01622,0.8413,1176.8,0,0,0.7104,0.8007,5,3203.06,1,157,1,728,40
USR_01623,0.8065,589.6,0,1,0.7776,0.3745,12,2401.65,0,134,1,228,30
USR_01624,0.8706,765.9,0,0,0.5486,0.3394,5,22238.2,0,284,1,55,53
USR_01625,0.6528,1292.0,1,3,0.7613,0.4006,8,14085.67,0,331,0,933,13
USR_01626,0.9013,664.5,2,0,0.8714,0.2373,10,1111.8,0,306,1,211,43
USR_01627,0.7238,459.5,1,0,0.8707,0.9088,15,437.69,0,114,1,422,43
USR_01628,0.8369,909.8,0,0,0.8462,0.6821,5,3841.9,1,87,1,921,54
USR_01629,0.8718,484.5,0,0,0.549,0.6191,7,1789.52,0,349,1,264,42
USR_01630,0.915,816.4,0,0,0.5532,0.4309,7,710.42,0,321,1,342,34
USR_01631,0.7405,296.0,0,1,0.6658,0.4843,6,545.13,0,257,0,613,35
USR_01632,0.8523,770.4,0,0,0.7404,0.7949,6,2028.6,0,270,1,990,47
USR_01633,0.7056,761.9,1,0,0.3629,0.4989,8,417.49,1,209,1,81,32
USR_01634,0.8844,286.9,0,0,0.5701,0.2748,7,1301.35,2,87,1,100,40
USR_01635,0.8585,242.4,0,0,0.7412,0.2591,8,6617.49,2,166,1,660,43
USR_01636,0.9862,419.1,2,0,0.711,0.5711,7,5694.16,0,3,1,940,55
USR_01637,0.8188,350.2,0,0,0.7981,0.1995,6,1121.06,0,152,1,858,30
USR_01638,0.848,361.4,1,0,0.628,0.8136,7,796.87,0,270,1,693,43
USR_01639,0.9051,614.3,0,0,0.4532,0.3163,6,16610.22,0,292,1,854,45
USR_01640,0.8674,461.8,1,0,0.7182,0.8003,7,1231.2,0,285,1,562,24
USR_01641,0.8089,507.3,2,0,0.8021,0.3885,7,11295.78,0,359,1,124,35
USR_01642,0.8751,966.3,0,0,0.8959,0.5716,7,1024.81,0,140,1,358,53
USR_01643,0.9376,737.9,0,1,0.3188,0.5265,5,923.32,0,75,0,859,39
USR_01644,0.9022,624.3,0,0,0.8161,0.2381,8,2442.91,0,302,1,767,31
USR_01645,0.9372,670.5,0,1,0.7881,0.3412,5,19570.29,0,246,1,979,36
USR_01646,0.9769,426.3,0,0,0.6337,0.376,7,815.89,0,217,1,252,45
USR_01647,0.9266,665.9,2,0,0.4857,0.803,8,1838.06,0,316,0,59,35
USR_01648,0.9633,719.5,0,0,0.8101,0.4562,6,320.1,0,147,1,965,39
USR_01649,0.8143,391.0,0,0,0.7099,0.1744,9,5503.47,0,253,1,532,34
USR_01650,0.8504,543.7,0,0,0.7138,0.8875,8,2751.84,0,181,1,832,54
USR_01651,0.8913,237.4,1,0,0.9593,0.2454,8,9536.18,0,205,1,796,32
USR_01652,0.9648,748.1,1,1,0.8831,0.6822,3,4340.11,0,86,1,227,52
USR_01653,0.8165,492.5,0,0,0.7086,0.2883,4,15602.73,0,5,1,30,23
USR_01654,0.8252,759.4,0,1,0.5487,0.7217,5,2387.44,0,338,1,586,41
USR_01655,0.8097,1050.9,1,0,0.9386,0.214,4,2475.07,0,1,1,450,43
USR_01656,0.8031,801.0,2,0,0.454,0.5954,9,8787.83,0,257,1,672,24
USR_01657,0.8988,1121.4,1,0,0.6068,0.6453,8,1625.66,2,344,0,342,36
USR_01658,0.6478,412.0,1,0,0.5987,0.7145,5,1729.97,0,199,1,885,30
USR_01659,0.8933,1959.2,0,0,0.3766,0.4263,6,1196.19,2,115,1,849,36
USR_01660,0.8906,474.1,1,0,0.6026,0.394,12,6290.95,1,127,1,244,34
USR_01661,0.8649,427.8,1,1,0.5973,0.8402,12,1047.68,0,225,1,545,41
USR_01662,0.9313,821.7,0,0,0.6284,0.5359,9,525.93,0,251,0,322,48
USR_01663,0.9201,866.5,1,3,0.7278,0.1941,10,1295.34,1,179,1,501,13
USR_01664,0.8861,463.8,0,1,0.581,0.535,10,2517.97,1,340,1,106,43
USR_01665,0.5593,1033.0,1,1,0.5305,0.3019,4,2256.47,0,195,0,220,16
USR_01666,0.98,808.3,0,0,0.5665,0.8756,6,3569.62,0,118,1,810,63
USR_01667,0.8507,791.4,0,0,0.2887,0.3167,7,5186.16,0,114,1,795,40
USR_01668,0.8314,309.1,0,0,0.7796,0.4096,4,3512.3,1,129,1,833,45
USR_01669,0.9681,356.6,4,0,0.644,0.477,13,613.48,0,229,1,256,21
USR_01670,0.9812,1237.5,2,0,0.7878,0.5548,7,7815.31,1,39,1,448,48
USR_01671,0.9612,1032.5,0,0,0.8141,0.5097,14,6825.52,0,205,1,751,50
USR_01672,0.6711,908.9,0,1,0.9302,0.5083,7,2827.48,0,242,1,944,31
USR_01673,0.8827,685.3,0,0,0.973,0.6985,10,4777.79,2,351,1,333,45
USR_01674,0.749,521.3,1,0,0.3343,0.5971,6,3712.06,0,237,1,196,32
USR_01675,0.9445,273.7,2,0,0.2149,0.5818,5,1359.01,0,207,1,680,21
USR_01676,0.8393,327.4,0,1,0.2915,0.836,7,3536.32,0,171,1,67,26
USR_01677,0.7197,296.0,0,1,0.7485,0.6581,8,5128.51,1,121,1,553,41
USR_01678,0.8013,836.6,0,0,0.349,0.6972,6,11043.87,2,277,1,440,52
USR_01679,0.9927,845.9,0,0,0.5621,0.7084,7,1062.81,0,330,1,177,55
USR_01680,0.8787,422.0,1,0,0.7298,0.2704,9,3757.88,0,106,1,179,28
USR_01681,0.6984,713.6,0,0,0.6465,0.4074,13,11177.31,0,272,1,929,36
USR_01682,0.9436,526.5,0,0,0.801,0.6442,13,610.27,1,322,1,179,61
USR_01683,0.7859,774.8,0,0,0.8507,0.6438,8,7437.8,0,44,1,56,43
USR_01684,0.7743,607.7,1,0,0.4985,0.2994,8,2213.49,0,104,1,925,26
USR_01685,0.9292,1101.9,0,0,0.5481,0.6793,9,3292.99,0,233,1,486,32
USR_01686,0.9454,1019.6,1,1,0.318,0.7044,6,3734.17,0,79,1,401,37
USR_01687,0.8886,522.7,0,0,0.2842,0.6225,6,5836.42,2,68,1,312,40
USR_01688,0.5921,2014.5,0,1,0.7472,0.7664,5,7194.78,1,264,1,760,32
USR_01689,0.8768,739.4,0,1,0.4576,0.4365,12,4434.22,0,143,1,874,38
USR_01690,0.9379,437.9,0,0,0.6846,0.2382,11,5676.41,0,364,0,976,31
USR_01691,0.7039,694.4,0,0,0.5201,0.7017,6,2220.06,1,45,0,857,26
USR_01692,0.7658,630.3,1,0,0.4879,0.6164,5,709.31,1,98,1,390,36
USR_01693,0.8647,692.4,0,0,0.2272,0.2606,6,4440.99,0,240,1,136,53
USR_01694,0.802,1106.3,0,0,0.6341,0.5641,14,4248.08,0,207,1,114,38
USR_01695,0.9696,478.7,1,0,0.8136,0.7307,8,7385.09,0,340,0,793,56
USR_01696,0.8211,461.8,0,0,0.4639,0.5412,11,9836.94,0,14,1,53,49
USR_01697,0.9112,261.5,2,0,0.632,0.7317,11,3802.2,0,95,1,347,49
USR_01698,0.8281,487.3,0,0,0.1196,0.6622,8,10995.75,0,343,1,998,33
USR_01699,0.9206,455.5,2,2,0.7811,0.5479,7,4009.37,1,230,1,553,15
USR_01700,0.9956,1360.0,0,1,0.5837,0.3125,8,860.19,0,359,1,328,47
USR_01701,0.8429,903.0,0,0,0.7067,0.6496,5,9541.41,0,331,0,934,43
USR_01702,0.8564,1487.0,1,0,0.8826,0.1718,10,2707.63,0,141,0,875,33
USR_01703,0.707,539.3,1,0,0.5702,0.7035,6,1638.55,0,352,1,69,39
USR_01704,0.8402,1765.6,1,0,0.4535,0.8641,5,3944.58,0,196,1,578,30
USR_01705,0.6622,333.2,0,0,0.1819,0.6186,10,5465.02,0,146,1,882,31
USR_01706,0.7807,607.2,0,0,0.1535,0.6452,12,1182.36,0,261,1,100,41
USR_01707,0.9444,938.5,0,0,0.6731,0.1016,5,6899.14,0,280,1,421,31
USR_01708,0.9583,302.5,0,0,0.3536,0.3979,8,1395.66,0,111,1,78,54
USR_01709,0.9277,414.0,1,0,0.45,0.2344,9,1765.77,0,67,1,736,30
USR_01710,0.912,1624.2,0,0,0.1439,0.8051,5,743.73,0,353,1,529,42
USR_01711,0.9655,820.1,1,0,0.399,0.3776,7,1675.6,0,326,0,471,29
USR_01712,0.7091,450.3,1,0,0.6881,0.3175,7,4351.51,0,25,1,106,23
USR_01713,0.8618,1770.2,0,0,0.1019,0.7171,8,4580.42,0,186,1,552,34
USR_01714,0.7301,410.6,0,0,0.8313,0.6164,10,6930.42,0,355,1,606,47
USR_01715,0.8439,759.4,0,0,0.5618,0.5849,10,3623.66,1,115,1,73,44
USR_01716,0.8865,606.6,1,1,0.7916,0.1905,5,1601.76,0,6,1,248,29
USR_01717,0.765,524.8,0,0,0.3954,0.3346,10,8239.55,1,10,1,90,35
USR_01718,0.975,511.4,0,0,0.6974,0.6732,3,1376.34,1,361,1,413,40
USR_01719,0.9844,1630.5,0,0,0.7524,0.6567,9,1568.98,1,341,1,766,47
USR_01720,0.8615,2671.9,0,1,0.9068,0.9102,5,9633.12,0,354,1,424,44
USR_01721,0.9663,501.7,2,0,0.5529,0.0835,6,4871.61,0,25,1,84,26
USR_01722,0.6984,1096.2,0,0,0.4808,0.4145,5,9602.97,1,17,1,544,43
USR_01723,0.754,1865.5,0,0,0.8102,0.5843,5,5623.9,0,73,1,545,30
USR_01724,0.9151,1040.0,1,0,0.4592,0.6136,4,905.1,0,43,1,589,26
USR_01725,0.7371,588.8,0,1,0.5814,0.4319,6,6500.81,0,21,1,855,20
USR_01726,0.8484,680.8,1,0,0.5917,0.7669,10,1734.92,2,189,1,499,47
USR_01727,0.7396,688.9,1,1,0.8259,0.4473,8,4537.01,0,304,1,337,26
USR_01728,0.874,2092.1,0,0,0.8505,0.1734,10,1575.47,0,260,1,674,57
USR_01729,0.7155,983.1,1,0,0.7793,0.3659,9,16026.1,0,152,1,589,20
USR_01730,0.9446,477.2,1,0,0.615,0.5101,9,2056.37,0,63,1,490,37
USR_01731,0.8535,572.1,1,0,0.8334,0.2493,10,4697.39,0,244,0,238,35
USR_01732,0.8496,340.6,0,1,0.8014,0.5521,11,1684.72,0,258,1,172,24
USR_01733,0.9013,1749.1,0,0,0.5755,0.0717,7,7631.56,1,285,1,832,28
USR_01734,0.8043,979.5,0,0,0.6148,0.253,5,653.01,0,328,1,769,35
USR_01735,0.9733,1115.2,0,1,0.2608,0.1292,8,706.7,1,233,1,686,33
USR_01736,0.7367,391.6,1,0,0.5067,0.6867,8,2339.78,0,216,1,981,39
USR_01737,0.7693,1414.7,0,0,0.3275,0.3681,5,776.79,0,349,1,74,32
USR_01738,0.8025,849.3,1,0,0.6898,0.2716,6,821.61,0,235,1,887,36
USR_01739,0.9825,880.0,0,0,0.9203,0.2731,8,12317.83,0,48,0,452,36
USR_01740,0.8996,1494.2,1,1,0.2467,0.2965,11,4226.54,0,48,1,186,24
USR_01741,0.8175,730.2,0,1,0.5899,0.7222,8,5978.56,0,293,1,472,52
USR_01742,0.8635,1144.8,0,0,0.6394,0.2376,7,667.76,0,20,1,385,43
USR_01743,0.7255,503.5,0,1,0.5043,0.6341,7,4507.55,0,175,1,310,38
USR_01744,0.6834,625.5,0,0,0.2156,0.1114,9,12474.15,0,98,1,49,32
USR_01745,0.7329,267.2,0,0,0.7613,0.55,9,9891.01,1,174,1,96,41
USR_01746,0.8938,495.5,0,0,0.6146,0.4024,4,3543.17,0,140,1,300,55
USR_01747,0.9134,844.4,0,0,0.6946,0.1392,6,12966.18,1,225,0,608,31
USR_01748,0.9736,931.8,0,0,0.7599,0.6142,7,4923.22,0,81,1,566,42
USR_01749,0.9089,1293.3,1,0,0.8061,0.9284,13,2239.53,0,117,1,214,44
USR_01750,0.9812,860.9,0,0,0.4083,0.2988,8,21389.96,1,244,1,753,50
USR_01751,0.8106,478.0,0,0,0.4291,0.3064,9,3872.34,0,262,1,986,27
USR_01752,0.9388,520.0,0,0,0.5832,0.509,11,11088.46,1,107,1,316,55
USR_01753,0.9514,803.7,1,1,0.32,0.5265,10,1956.93,0,183,1,958,40
USR_01754,0.758,726.1,0,0,0.6452,0.8647,6,33263.49,0,324,1,191,51
USR_01755,0.9616,1201.7,1,0,0.8291,0.7044,8,430.97,1,161,1,317,51
USR_01756,0.9513,291.8,2,1,0.7834,0.614,5,3967.46,0,39,1,591,44
USR_01757,0.8725,1511.8,0,0,0.8319,0.4276,6,2147.32,0,314,0,106,24
USR_01758,0.855,1946.3,1,1,0.4226,0.0964,10,2421.65,0,4,1,65,34
USR_01759,0.9279,1420.4,0,0,0.6754,0.6044,9,1883.77,1,289,1,355,36
USR_01760,0.8429,489.0,0,2,0.3124,0.0476,10,1925.42,0,23,1,123,19
USR_01761,0.6195,610.1,0,0,0.2515,0.4108,7,19840.31,0,112,1,716,25
USR_01762,0.9455,389.0,3,0,0.3188,0.7161,14,1083.44,1,60,1,832,31
USR_01763,0.8194,441.6,0,0,0.5838,0.1766,12,4201.84,0,80,1,421,35
USR_01764,0.6129,653.4,0,0,0.6525,0.6651,12,8605.25,1,116,1,397,29
USR_01765,0.9383,1223.2,0,0,0.3846,0.1845,8,5942.26,0,150,1,897,34
USR_01766,0.3048,1497.1,1,0,0.6204,0.2507,7,2019.83,0,184,1,638,26
USR_01767,0.6582,226.0,0,0,0.6281,0.7567,9,698.02,0,143,1,736,38
USR_01768,0.9969,253.9,1,2,0.9109,0.0734,10,167.73,0,204,1,127,24
USR_01769,0.8293,533.6,0,0,0.463,0.1479,3,2888.65,1,232,1,38,49
USR_01770,0.8588,453.7,1,0,0.7354,0.306,5,2509.5,0,106,0,111,58
USR_01771,0.8606,959.8,0,0,0.7275,0.4877,8,9546.07,0,332,1,876,46
USR_01772,0.9232,755.3,0,1,0.889,0.8466,5,10629.78,0,284,1,424,32
USR_01773,0.7688,978.1,1,0,0.7546,0.4813,7,3881.49,0,280,0,757,21
USR_01774,0.8422,583.7,1,0,0.7919,0.8143,16,10988.02,0,79,1,199,52
USR_01775,0.7811,872.5,0,0,0.7407,0.7566,10,5646.88,0,8,0,939,24
USR_01776,0.6467,203.3,0,0,0.5719,0.7534,9,894.18,0,139,0,970,37
USR_01777,0.8985,622.9,0,0,0.5973,0.6188,9,2833.7,0,350,1,81,63
USR_01778,0.9476,528.4,0,0,0.7381,0.5863,13,135.42,0,263,1,694,37
USR_01779,0.7875,983.2,0,1,0.6898,0.2396,6,1178.52,0,153,1,503,18
USR_01780,0.7408,1251.4,0,0,0.4886,0.4233,8,825.0,0,298,1,391,34
USR_01781,0.9646,729.4,1,0,0.5898,0.3721,5,2326.95,0,74,0,577,39
USR_01782,0.6542,659.3,0,1,0.7328,0.4484,3,7774.17,3,223,1,250,20
USR_01783,0.8847,704.3,0,0,0.4659,0.5677,10,2873.87,0,350,1,209,57
USR_01784,0.8877,462.9,0,0,0.7816,0.4532,9,1032.29,0,90,1,470,45
USR_01785,0.7004,372.8,0,0,0.4887,0.729,14,1339.04,0,70,1,39,58
USR_01786,0.7879,776.4,1,0,0.6482,0.6971,7,2319.51,2,136,1,365,52
USR_01787,0.6759,1121.5,2,0,0.7223,0.8969,7,2489.84,1,278,1,161,40
USR_01788,0.7738,325.6,0,0,0.5562,0.8061,4,4112.62,2,162,0,473,29
USR_01789,0.8766,924.4,0,0,0.3573,0.7929,11,2497.62,1,213,1,270,39
USR_01790,0.6477,376.1,0,0,0.6363,0.6565,3,2724.02,0,300,1,735,33
USR_01791,0.9922,795.8,0,0,0.5525,0.3132,4,10856.22,2,203,0,362,45
USR_01792,0.9186,1708.7,0,0,0.3958,0.6391,7,17790.31,1,138,0,799,43
USR_01793,0.8852,513.7,0,0,0.7042,0.7999,10,10860.2,0,97,1,388,30
USR_01794,0.8432,398.3,1,0,0.3088,0.7746,7,751.11,0,226,1,60,47
USR_01795,0.714,444.0,0,1,0.737,0.753,5,1340.15,0,341,1,758,34
USR_01796,0.894,747.9,1,1,0.928,0.1425,7,984.59,1,36,1,727,14
USR_01797,0.911,809.6,0,1,0.5494,0.483,9,5982.05,0,237,1,371,32
USR_01798,0.7981,1110.4,0,0,0.6479,0.4119,6,4152.23,1,326,1,305,38
USR_01799,0.9873,649.1,0,0,0.7164,0.4306,11,1701.37,0,183,1,92,63
USR_01800,0.8711,872.7,0,0,0.8162,0.3658,7,4935.51,1,95,1,773,45
USR_01801,0.7746,1149.2,2,0,0.6818,0.7425,6,4441.59,0,67,1,861,34
USR_01802,0.8169,1262.5,0,0,0.7076,0.2536,8,2431.46,0,77,1,78,49
USR_01803,0.8749,665.5,0,0,0.8387,0.178,5,5459.01,1,299,1,694,30
USR_01804,0.794,375.3,0,1,0.8738,0.4893,5,319.01,1,50,1,274,35
USR_01805,0.9724,1632.7,1,0,0.6633,0.3764,8,12420.69,0,56,1,677,27
USR_01806,0.9555,525.4,0,0,0.3638,0.6243,5,1772.44,1,268,1,310,67
USR_01807,0.9894,392.7,1,1,0.2199,0.9721,4,3343.46,0,130,1,461,40
USR_01808,0.7195,747.5,0,1,0.7611,0.7435,5,1409.34,0,213,1,350,35
USR_01809,0.8883,266.8,0,1,0.5609,0.6616,5,6645.82,0,273,1,672,47
USR_01810,0.9227,718.8,1,0,0.481,0.6269,6,3254.94,1,265,0,148,33
USR_01811,0.7569,340.5,0,0,0.6286,0.6675,9,2082.79,0,207,1,431,41
USR_01812,0.7851,1575.6,1,1,0.8479,0.1822,11,37271.15,0,185,0,307,11
USR_01813,0.8189,694.2,1,0,0.3683,0.3426,20,578.65,1,53,1,965,12
USR_01814,0.6739,445.1,0,1,0.4888,0.3929,9,919.22,1,295,1,406,32
USR_01815,0.8163,647.2,0,1,0.9162,0.4818,11,628.91,0,341,1,499,42
USR_01816,0.8944,289.8,2,0,0.7661,0.7436,6,7387.35,0,281,1,563,42
USR_01817,0.6942,590.8,2,0,0.8106,0.6827,4,36089.19,1,218,1,807,37
USR_01818,0.938,356.2,1,0,0.4024,0.281,6,883.94,2,218,1,584,36
USR_01819,0.9519,570.3,0,0,0.7375,0.6432,10,1605.34,0,114,1,194,50
USR_01820,0.8631,704.5,0,1,0.6927,0.7889,6,2916.67,0,319,1,781,41
USR_01821,0.8268,754.0,0,1,0.3308,0.4289,9,1263.81,1,118,1,517,45
USR_01822,0.9459,453.4,1,1,0.4661,0.6952,4,2155.31,0,286,0,545,42
USR_01823,0.9307,732.9,0,0,0.5597,0.4132,7,420.16,1,330,1,852,30
USR_01824,0.6906,433.2,0,0,0.3976,0.1895,8,8611.01,0,180,1,419,28
USR_01825,0.9874,629.9,1,0,0.3024,0.3791,3,1162.76,0,338,1,894,49
USR_01826,0.8546,331.2,1,0,0.3488,0.0763,6,1298.92,1,160,1,575,36
USR_01827,0.8392,765.3,1,0,0.7867,0.3724,5,5718.65,0,183,1,900,37
USR_01828,0.8347,783.0,0,0,0.6842,0.787,6,1343.76,0,274,1,309,57
USR_01829,0.9257,859.6,0,0,0.8037,0.4924,7,3398.09,0,81,1,697,48
USR_01830,0.9677,718.0,1,0,0.6321,0.9327,5,708.55,0,309,1,339,42
USR_01831,0.6011,835.4,0,0,0.3578,0.2667,10,8696.03,0,318,1,438,47
USR_01832,0.9623,2263.9,0,0,0.7886,0.8185,8,4613.03,0,155,1,309,57
USR_01833,0.9618,688.6,1,0,0.7661,0.5743,9,1615.23,0,112,1,676,42
USR_01834,0.9307,2117.4,0,0,0.9725,0.2631,11,1718.9,1,136,1,487,42
USR_01835,0.7082,1310.6,0,0,0.4714,0.4645,7,2718.44,1,350,1,369,42
USR_01836,0.8927,1117.6,0,0,0.8246,0.5517,6,738.86,0,78,1,980,45
USR_01837,0.5326,834.9,0,1,0.8025,0.5638,8,5201.99,0,274,0,331,32
USR_01838,0.8064,783.1,0,0,0.3627,0.3813,6,3608.26,2,22,1,751,38
USR_01839,0.844,533.7,1,0,0.6465,0.2293,10,2436.41,0,327,0,153,23
USR_01840,0.9177,804.8,0,0,0.7048,0.5981,10,4234.73,0,51,0,685,52
USR_01841,0.6557,347.1,1,0,0.364,0.6459,16,3855.12,0,133,0,374,33
USR_01842,0.9832,326.6,0,0,0.4711,0.5665,10,300.56,1,6,1,554,42
USR_01843,0.8185,1183.8,2,0,0.6774,0.4162,5,1289.84,1,15,1,357,34
USR_01844,0.9186,1186.0,0,0,0.7309,0.3953,14,7057.94,0,276,0,917,41
USR_01845,0.8015,1174.4,0,0,0.5773,0.3846,9,2198.92,1,26,1,230,29
USR_01846,0.9014,1322.3,0,0,0.3718,0.449,12,3244.3,0,134,1,580,45
USR_01847,0.8491,277.0,1,0,0.5525,0.6517,7,1780.74,0,126,1,778,43
USR_01848,0.8472,509.8,1,0,0.6324,0.4126,6,2678.63,1,361,1,50,18
USR_01849,0.8365,975.0,2,1,0.8657,0.4636,7,1465.43,0,187,1,691,33
USR_01850,0.9931,374.4,0,1,0.8869,0.4526,8,1838.53,0,334,0,387,29
USR_01851,0.5111,885.4,0,0,0.468,0.3285,14,1034.88,1,149,1,58,41
USR_01852,0.9009,1882.0,0,0,0.7378,0.2666,8,9479.65,0,200,1,317,58
USR_01853,0.8814,925.8,0,0,0.5484,0.7347,6,3924.3,0,307,0,797,39
USR_01854,0.661,605.6,0,0,0.576,0.5583,9,2187.37,0,182,1,167,34
USR_01855,0.8507,406.0,0,0,0.2523,0.4154,8,5372.38,1,16,1,371,37
USR_01856,0.9584,1981.8,0,1,0.2238,0.954,8,12829.29,0,160,1,116,53
USR_01857,0.9101,287.4,0,0,0.6793,0.3055,10,448.34,0,96,1,581,27
USR_01858,0.8039,787.7,1,0,0.8224,0.7362,9,2857.67,0,245,1,841,59
USR_01859,0.8797,744.8,0,0,0.6824,0.3825,5,6361.73,0,179,1,987,38
USR_01860,0.9481,459.1,0,0,0.1455,0.259,8,16253.83,0,332,1,571,40
USR_01861,0.9206,642.3,1,0,0.8597,0.7955,9,12411.15,0,9,1,641,39
USR_01862,0.6791,1488.1,0,0,0.6858,0.6192,8,4977.58,1,162,1,894,41
USR_01863,0.7896,667.5,0,0,0.947,0.6165,14,1139.43,0,290,0,333,52
USR_01864,0.9701,420.5,0,1,0.9539,0.8562,8,710.71,0,284,1,789,45
USR_01865,0.9108,488.0,0,2,0.579,0.5622,10,1773.66,1,100,1,551,34
USR_01866,0.9923,700.3,0,1,0.4779,0.6526,6,2997.02,0,10,1,163,36
USR_01867,0.8705,571.8,0,0,0.4982,0.529,6,1000.77,0,306,1,429,42
USR_01868,0.7882,427.1,0,0,0.5703,0.7987,5,22714.08,0,300,0,743,41
USR_01869,0.8046,358.6,0,1,0.6904,0.6627,3,7470.15,1,118,1,445,27
USR_01870,0.8684,1245.3,1,0,0.4182,0.4202,9,2081.73,0,226,1,624,38
USR_01871,0.7782,409.4,0,1,0.8016,0.4022,4,2434.87,0,336,1,534,36
USR_01872,0.5708,587.0,0,0,0.526,0.5445,9,5968.61,0,55,0,981,32
USR_01873,0.7953,1569.3,0,0,0.2798,0.7868,11,974.23,0,196,1,292,27
USR_01874,0.968,900.3,1,0,0.5572,0.5611,6,12750.17,0,235,0,729,48
USR_01875,0.9555,911.5,1,1,0.6162,0.2425,3,6791.58,0,261,1,75,33
USR_01876,0.7298,1613.0,0,0,0.3482,0.3693,8,39770.58,0,182,0,386,25
USR_01877,0.9587,1168.0,1,0,0.3137,0.3649,9,21118.31,1,333,1,899,49
USR_01878,0.9628,681.8,0,0,0.3691,0.6562,9,2181.71,0,348,0,103,50
USR_01879,0.6935,995.8,0,0,0.7198,0.2823,6,4099.65,0,129,1,667,44
USR_01880,0.7381,652.7,0,0,0.5449,0.4772,6,7436.13,0,299,1,228,43
USR_01881,0.98,362.8,1,0,0.436,0.5889,10,1538.57,0,148,1,367,40
USR_01882,0.9138,472.5,0,0,0.1277,0.5568,10,182.61,0,174,1,645,36
USR_01883,0.8732,521.9,0,0,0.4463,0.4778,9,1968.93,0,260,1,633,48
USR_01884,0.8855,842.5,1,1,0.8441,0.2021,10,14682.55,0,15,1,525,37
USR_01885,0.7857,387.2,0,0,0.3646,0.7492,8,4808.22,0,89,1,131,38
USR_01886,0.8548,579.8,0,0,0.6932,0.3742,9,2445.31,0,245,1,158,54
USR_01887,0.7996,543.5,0,0,0.4457,0.2825,5,3383.17,0,229,1,882,27
USR_01888,0.5129,1141.0,1,0,0.5028,0.7252,11,855.5,0,293,1,853,24
USR_01889,0.7363,346.4,0,0,0.5196,0.6019,7,1931.27,0,298,1,69,39
USR_01890,0.7733,741.8,0,0,0.5399,0.9378,9,916.9,0,173,1,330,31
USR_01891,0.9297,545.6,0,1,0.8528,0.2419,6,2442.37,1,298,1,154,34
USR_01892,0.8923,1038.7,0,1,0.4989,0.3876,8,2306.7,1,294,1,83,38
USR_01893,0.7517,1001.5,0,0,0.6018,0.682,7,5937.04,1,80,1,177,47
USR_01894,0.8028,942.0,0,1,0.9769,0.8957,8,2040.01,1,166,1,420,48
USR_01895,0.6595,925.4,1,0,0.381,0.2019,11,3845.91,2,19,1,414,42
USR_01896,0.6376,555.2,1,0,0.9277,0.6154,10,9827.83,0,99,1,160,44
USR_01897,0.6453,465.1,0,0,0.9507,0.6738,4,14599.43,0,69,1,836,48
USR_01898,0.823,1296.9,1,0,0.6637,0.2605,5,3398.57,1,21,1,159,29
USR_01899,0.9486,521.4,2,0,0.2329,0.499,13,5706.92,0,105,1,688,32
USR_01900,0.9777,441.7,1,0,0.5563,0.3495,7,2167.51,1,5,1,368,23
USR_01901,0.7886,1068.7,0,0,0.3229,0.7737,10,3408.21,0,186,1,980,46
USR_01902,0.8032,491.1,0,0,0.6624,0.4956,3,2116.72,1,69,1,566,49
USR_01903,0.8278,1215.0,0,2,0.7282,0.8671,7,724.13,0,203,1,764,35
USR_01904,0.9361,738.8,0,2,0.2306,0.4235,10,810.12,1,210,1,967,24
USR_01905,0.8649,1177.7,1,0,0.6456,0.1007,9,1078.4,0,124,1,313,32
USR_01906,0.7036,948.5,2,0,0.4605,0.3838,10,9116.21,0,194,1,195,27
USR_01907,0.8633,529.8,1,0,0.5722,0.4826,9,4674.53,0,313,1,740,37
USR_01908,0.9116,952.6,1,0,0.5494,0.4367,7,8582.3,1,300,1,929,33
USR_01909,0.7075,689.6,1,1,0.8181,0.5791,6,1172.54,0,3,1,464,31
USR_01910,0.8468,897.1,0,0,0.4202,0.8596,10,697.72,0,119,1,664,57
USR_01911,0.8874,395.7,0,0,0.8126,0.8538,8,29112.21,0,74,1,42,58
USR_01912,0.8975,810.0,0,1,0.7482,0.4503,10,3823.47,0,254,1,163,39
USR_01913,0.9016,983.9,1,0,0.717,0.5076,6,13971.95,0,209,1,896,40
USR_01914,0.7763,1552.0,0,1,0.7604,0.4026,14,2305.47,1,230,1,795,33
USR_01915,0.7466,847.7,0,0,0.408,0.4439,7,1339.08,0,300,1,38,36
USR_01916,0.8125,1330.7,0,1,0.7156,0.346,6,3116.55,0,228,1,755,43
USR_01917,0.9449,654.0,0,1,0.7366,0.2589,12,1941.35,0,115,1,543,40
USR_01918,0.9072,438.1,1,0,0.887,0.6677,10,1098.52,1,16,0,938,45
USR_01919,0.7883,354.0,1,0,0.7566,0.5668,9,1081.97,1,48,1,38,47
USR_01920,0.8259,564.3,0,0,0.7714,0.1946,11,4589.53,0,305,1,987,45
USR_01921,0.773,496.5,0,0,0.84,0.6522,5,758.01,0,32,1,192,50
USR_01922,0.6171,1220.4,1,0,0.5871,0.5869,10,15135.62,1,316,1,639,20
USR_01923,0.9167,316.8,2,0,0.6162,0.6844,7,1104.3,0,350,1,703,52
USR_01924,0.8615,632.1,0,0,0.8006,0.4862,5,2536.29,0,215,1,839,67
USR_01925,0.8984,962.9,1,1,0.6889,0.4783,6,5610.41,1,329,0,228,27
USR_01926,0.7111,566.0,1,1,0.8707,0.6033,8,3618.64,0,350,1,968,45
USR_01927,0.92,1150.7,0,0,0.7146,0.8866,8,16107.59,0,138,1,975,55
USR_01928,0.8318,272.2,0,0,0.7603,0.6757,7,3023.16,0,204,1,342,46
USR_01929,0.9037,1220.8,1,0,0.3237,0.7626,9,6814.5,0,305,1,964,29
USR_01930,0.9611,508.3,0,1,0.7291,0.6898,6,3198.77,0,163,1,949,58
USR_01931,0.9977,516.4,0,0,0.9649,0.6084,6,7068.9,0,46,1,47,46
USR_01932,0.8499,1486.3,0,1,0.6638,0.5243,6,5799.73,0,135,0,756,25
USR_01933,0.7669,405.7,0,0,0.6569,0.2969,5,3388.67,0,0,1,430,35
USR_01934,0.9827,743.1,0,0,0.4953,0.3802,6,1917.19,0,1,1,965,45
USR_01935,0.9035,627.0,1,1,0.9179,0.025,7,27972.32,0,252,1,93,39
USR_01936,0.9675,214.8,0,0,0.5683,0.4459,8,4792.3,0,62,1,820,49
USR_01937,0.8864,1054.9,1,0,0.9625,0.6806,9,1619.09,0,213,1,836,46
USR_01938,0.9344,1095.5,0,3,0.3548,0.5941,6,3245.51,0,10,1,83,12
USR_01939,0.9842,389.4,0,1,0.4513,0.2345,8,7323.21,1,298,1,157,49
USR_01940,0.9802,620.2,0,0,0.6107,0.1132,13,3140.57,0,113,1,830,28
USR_01941,0.8443,533.5,1,1,0.8932,0.721,10,6617.7,0,253,1,650,28
USR_01942,0.9027,489.0,0,0,0.6191,0.1664,6,3439.1,2,166,1,575,45
USR_01943,0.9529,408.0,1,1,0.4319,0.576,9,346.7,0,17,1,882,28
USR_01944,0.9603,976.9,1,0,0.6914,0.6899,12,5009.07,0,307,1,217,45
USR_01945,0.9773,647.8,0,0,0.67,0.2857,11,5388.09,1,138,1,707,50
USR_01946,0.9472,795.5,0,1,0.4886,0.9591,8,12903.96,1,217,1,724,27
USR_01947,0.9727,660.5,0,1,0.467,0.5469,13,1303.53,0,137,1,260,29
USR_01948,0.9349,675.8,1,0,0.4497,0.4096,4,4019.59,0,188,1,604,46
USR_01949,0.9246,359.9,1,0,0.6951,0.6874,14,3356.51,0,123,1,866,50
USR_01950,0.9559,541.3,0,0,0.9262,0.3468,14,6227.75,0,253,1,125,52
USR_01951,0.871,1040.2,0,2,0.279,0.5335,9,1234.98,0,345,1,756,28
USR_01952,0.9908,1629.6,1,0,0.5386,0.3872,7,3487.0,0,252,1,865,35
USR_01953,0.9297,754.9,1,1,0.6815,0.3331,1,1721.36,0,231,1,583,34
USR_01954,0.8415,1002.8,1,0,0.7539,0.5772,12,1285.02,1,227,1,574,46
USR_01955,0.8731,461.8,1,1,0.6685,0.3473,8,3368.3,0,356,1,511,35
USR_01956,0.8969,546.4,1,0,0.3934,0.5417,12,2103.59,0,332,1,917,39
USR_01957,0.8063,573.2,0,1,0.9177,0.4642,11,1030.72,0,23,1,358,32
USR_01958,0.7874,369.1,0,0,0.8746,0.6512,10,2393.14,0,82,1,888,51
USR_01959,0.6253,591.4,0,1,0.7269,0.4572,7,1789.1,0,262,1,88,46
USR_01960,0.8022,500.1,1,1,0.688,0.3395,10,1469.45,0,321,1,554,25
USR_01961,0.9846,858.9,0,0,0.5229,0.4409,5,1876.31,0,139,1,54,46
USR_01962,0.9747,589.5,0,0,0.6499,0.8058,4,353.07,0,202,1,998,70
USR_01963,0.9784,373.3,1,2,0.599,0.7385,6,8325.41,2,4,1,249,30
USR_01964,0.9023,745.9,0,0,0.6851,0.4429,7,952.99,0,149,1,862,48
USR_01965,0.5733,731.7,1,0,0.4807,0.1827,6,2343.51,0,146,1,409,12
USR_01966,0.9579,1081.5,0,1,0.3237,0.1566,7,3924.52,0,112,1,151,35
USR_01967,0.7965,560.1,0,0,0.5702,0.6328,8,13118.19,0,305,1,254,35
USR_01968,0.9446,1077.9,0,0,0.5378,0.653,6,3828.03,0,168,1,499,39
USR_01969,0.6162,403.1,0,0,0.3384,0.7306,11,1696.63,0,208,1,612,49
USR_01970,0.8408,811.6,0,0,0.8595,0.7148,9,2964.62,1,307,1,620,59
USR_01971,0.904,670.6,1,0,0.6656,0.1866,8,946.4,0,71,0,317,46
USR_01972,0.8177,594.7,2,0,0.5281,0.2603,7,10822.03,0,55,0,85,26
USR_01973,0.9188,570.7,0,0,0.774,0.4688,5,6860.39,2,182,1,388,50
USR_01974,0.5458,792.9,1,0,0.5827,0.4459,9,4971.02,0,175,1,344,20
USR_01975,0.9726,571.0,0,0,0.6696,0.5728,11,939.48,0,316,1,398,37
USR_01976,0.9359,561.0,0,0,0.6411,0.1832,9,1382.88,0,326,1,801,44
USR_01977,0.7834,205.6,0,0,0.4781,0.1972,11,1851.16,0,362,1,92,28
USR_01978,0.7418,601.1,2,0,0.7024,0.4039,6,1025.48,0,284,0,298,19
USR_01979,0.9559,1337.8,0,0,0.5525,0.6517,10,7131.86,1,59,0,355,38
USR_01980,0.9903,445.5,1,0,0.0776,0.575,6,1947.87,1,22,1,785,41
USR_01981,0.9037,576.0,0,0,0.8523,0.2489,9,7082.05,0,228,1,521,48
USR_01982,0.892,738.7,1,0,0.1499,0.4799,10,1313.14,1,31,1,356,38
USR_01983,0.8914,615.5,0,0,0.2584,0.3434,6,4255.37,0,190,1,499,36
USR_01984,0.8489,597.6,1,0,0.7118,0.4346,11,5062.95,0,194,0,419,36
USR_01985,0.6736,629.8,2,0,0.8911,0.2355,6,5926.34,0,1,1,875,29
USR_01986,0.7756,895.4,0,1,0.6764,0.3964,4,7564.41,0,343,1,416,28
USR_01987,0.9035,1370.5,0,0,0.5227,0.294,7,2299.8,0,177,1,60,43
USR_01988,0.809,928.6,3,0,0.4803,0.4841,5,3831.88,1,151,1,729,31
USR_01989,0.9024,628.0,0,0,0.4463,0.2922,7,1077.2,0,27,1,981,38
USR_01990,0.791,531.4,1,0,0.9212,0.3024,9,8628.61,0,32,1,103,36
USR_01991,0.9487,498.5,0,0,0.4887,0.3307,6,1823.36,0,301,1,700,45
USR_01992,0.9126,311.2,0,0,0.8111,0.334,12,1147.38,0,105,1,784,45
USR_01993,0.9071,801.8,0,1,0.2345,0.4192,8,1066.87,0,244,1,629,40
USR_01994,0.9725,1418.1,0,0,0.7425,0.5605,12,1559.23,0,282,0,863,46
USR_01995,0.9051,533.5,0,1,0.7594,0.9393,10,11316.05,2,24,1,910,46
USR_01996,0.8207,509.2,0,0,0.8504,0.8088,5,1474.56,0,356,1,101,56
USR_01997,0.7779,799.7,0,2,0.8203,0.7412,6,268.46,0,111,0,98,29
USR_01998,0.9945,783.1,0,0,0.4094,0.8396,7,3854.75,0,172,1,631,50
USR_01999,0.7771,1574.8,1,0,0.1864,0.5779,6,3478.11,1,16,1,817,30
USR_02000,0.9686,777.6,0,0,0.2992,0.0959,2,2118.36,0,60,1,382,32
USR_02001,0.8086,494.7,2,0,0.3166,0.2089,11,1692.12,2,362,1,174,44
USR_02002,0.8377,303.6,1,0,0.2844,0.5738,5,550.22,0,266,1,441,40
USR_02003,0.7427,927.0,0,0,0.8916,0.3863,8,4134.73,0,32,0,803,20
USR_02004,0.7495,642.9,1,1,0.9373,0.6191,5,11707.68,0,137,1,611,27
USR_02005,0.9286,708.0,0,0,0.4327,0.4346,14,1398.83,0,291,1,75,51
USR_02006,0.8986,267.9,0,0,0.3379,0.2154,9,1891.42,1,41,1,257,35
USR_02007,0.8533,1259.9,0,1,0.5842,0.7273,11,2808.96,1,226,0,200,26
USR_02008,0.9135,510.9,1,0,0.7996,0.4448,6,731.71,0,182,1,134,51
USR_02009,0.8925,533.3,0,0,0.7985,0.4732,6,3755.2,1,275,1,492,42
USR_02010,0.962,629.0,1,0,0.1481,0.325,9,2332.99,2,331,1,899,32
USR_02011,0.8955,977.2,0,0,0.3038,0.5118,5,4693.46,0,159,0,705,31
USR_02012,0.7587,764.3,0,1,0.8193,0.4627,10,15075.08,0,277,1,514,28
USR_02013,0.6304,1412.6,0,0,0.5351,0.6016,9,1475.67,0,75,1,220,38
USR_02014,0.8791,638.4,0,0,0.4158,0.809,12,1933.54,0,0,1,508,49
USR_02015,0.5275,482.5,1,0,0.1576,0.4416,5,2707.78,0,345,0,837,9
USR_02016,0.8771,426.3,2,0,0.3042,0.6399,2,2954.49,0,81,1,821,37
USR_02017,0.8151,692.4,0,2,0.6046,0.6033,4,1448.41,0,43,0,862,14
USR_02018,0.984,1477.9,0,1,0.4714,0.3713,8,12219.82,0,151,1,319,34
USR_02019,0.875,1729.6,0,0,0.8035,0.861,4,1463.31,0,60,1,201,57
USR_02020,0.938,1011.2,0,0,0.2361,0.4362,9,2754.96,0,263,0,965,31
USR_02021,0.6938,747.2,0,0,0.7464,0.6311,7,891.6,1,142,1,233,52
USR_02022,0.6447,589.4,0,0,0.4136,0.2388,17,2095.35,0,65,1,451,23
USR_02023,0.9766,1048.7,0,0,0.6207,0.721,9,2039.96,0,190,1,233,63
USR_02024,0.8814,1454.1,0,1,0.5463,0.2829,6,16288.35,0,65,1,188,40
USR_02025,0.9183,957.4,1,0,0.7362,0.136,8,1404.54,0,249,1,951,34
USR_02026,0.9918,236.6,0,0,0.2514,0.5226,7,12905.09,0,153,1,654,32
USR_02027,0.9175,494.7,0,0,0.9603,0.2656,10,12739.03,0,293,1,387,53
USR_02028,0.7762,647.1,0,0,0.3717,0.4473,5,1102.38,1,347,0,413,27
USR_02029,0.886,416.1,0,0,0.2152,0.3252,5,15495.81,0,362,1,772,34
USR_02030,0.9425,367.1,0,0,0.8052,0.6016,7,6876.44,1,42,1,111,39
USR_02031,0.7965,181.7,0,0,0.5046,0.269,6,1012.64,1,314,1,720,44
USR_02032,0.7692,675.4,1,0,0.8515,0.7917,7,1664.34,0,121,1,797,38
USR_02033,0.7936,774.7,0,1,0.5506,0.6217,4,3221.33,1,223,1,101,44
USR_02034,0.9583,587.9,1,0,0.858,0.2652,9,2049.07,0,134,1,204,42
USR_02035,0.5816,787.7,0,0,0.6984,0.5571,11,646.24,0,304,1,553,41
USR_02036,0.7845,823.7,1,0,0.8865,0.3282,5,6319.21,0,74,1,563,32
USR_02037,0.7503,889.5,2,0,0.8703,0.6162,6,1316.6,1,31,1,660,40
USR_02038,0.9622,893.4,2,2,0.209,0.6254,6,4107.66,0,209,1,675,25
USR_02039,0.7861,715.7,0,0,0.7234,0.5389,9,15609.31,0,54,1,698,41
USR_02040,0.8423,460.0,0,0,0.3728,0.7649,13,3168.46,0,267,1,364,30
USR_02041,0.5953,132.8,1,3,0.7219,0.9598,7,285.33,0,128,0,720,7
USR_02042,0.8973,765.9,0,1,0.7858,0.0967,8,5249.87,0,150,1,444,41
USR_02043,0.8363,1469.0,0,1,0.8957,0.5574,8,1019.89,0,216,1,149,45
USR_02044,0.9584,1210.5,0,0,0.7955,0.8323,7,27399.16,0,118,0,408,43
USR_02045,0.9777,608.6,1,0,0.6226,0.7516,16,3766.01,0,361,1,152,37
USR_02046,0.9472,376.3,1,1,0.5184,0.2404,10,807.02,1,135,1,256,19
USR_02047,0.8659,1381.1,0,0,0.4591,0.7704,7,3761.72,1,185,1,844,32
USR_02048,0.9672,825.8,0,0,0.5937,0.4097,3,9188.08,0,13,1,91,35
USR_02049,0.9201,355.2,0,0,0.2822,0.39,7,162.16,0,314,1,790,32
USR_02050,0.9693,472.9,0,0,0.6114,0.4993,8,2197.69,0,227,1,374,52
USR_02051,0.798,1820.9,0,0,0.4882,0.255,10,997.63,0,13,1,340,25
USR_02052,0.7218,797.4,1,0,0.3334,0.5317,6,30121.74,0,74,1,906,21
USR_02053,0.906,829.3,2,1,0.5327,0.0853,12,5105.23,2,76,1,935,0
USR_02054,0.8561,308.5,1,0,0.6601,0.3108,11,12812.1,1,36,1,636,44
USR_02055,0.7551,438.3,0,1,0.2308,0.6428,8,1761.74,0,97,1,631,39
USR_02056,0.9197,680.3,0,0,0.5052,0.8846,7,6501.88,2,261,1,478,52
USR_02057,0.7934,502.1,2,1,0.7729,0.402,8,1357.32,0,157,0,987,15
USR_02058,0.8921,422.1,1,0,0.8343,0.834,12,1956.45,0,147,1,380,40
USR_02059,0.7147,1154.9,1,0,0.818,0.9074,9,2426.98,0,286,1,818,32
USR_02060,0.9268,343.8,0,1,0.5969,0.3233,6,2173.45,0,53,1,497,37
USR_02061,0.9487,499.3,1,0,0.5756,0.4897,9,608.7,0,32,1,719,36
USR_02062,0.8641,608.5,0,0,0.5122,0.1591,9,2499.27,0,310,1,255,31
USR_02063,0.6079,928.8,0,0,0.3418,0.7669,7,1175.02,1,14,0,302,36
USR_02064,0.7361,424.9,1,0,0.4597,0.2389,7,17450.62,0,228,0,381,25
USR_02065,0.8357,991.4,1,0,0.9411,0.3602,8,958.16,0,277,1,67,27
USR_02066,0.9446,1787.9,0,0,0.5698,0.2826,12,3818.38,0,344,1,202,53
USR_02067,0.7384,641.4,1,0,0.5721,0.5774,10,612.27,1,268,1,697,48
USR_02068,0.902,483.7,1,1,0.209,0.1854,14,848.19,0,299,1,162,21
USR_02069,0.8631,954.9,0,0,0.5938,0.3638,12,6017.68,0,92,1,110,54
USR_02070,0.7856,701.4,0,0,0.7463,0.9037,10,3340.61,0,46,1,165,64
USR_02071,0.8282,830.5,0,0,0.6581,0.3873,7,6418.29,0,275,1,104,56
USR_02072,0.9071,479.8,0,0,0.9427,0.3728,9,28147.97,0,94,0,550,40
USR_02073,0.8393,758.0,0,0,0.5023,0.395,9,1330.13,0,116,1,245,32
USR_02074,0.9,1040.3,1,0,0.6002,0.4692,9,372.55,1,266,1,237,32
USR_02075,0.8912,972.8,0,0,0.6879,0.1456,8,8035.63,1,74,1,107,45
USR_02076,0.7434,443.3,0,0,0.2952,0.5241,9,752.92,1,352,1,79,41
USR_02077,0.8168,357.2,0,0,0.4699,0.5594,3,4356.29,1,175,1,465,45
USR_02078,0.8257,691.8,0,0,0.2538,0.6032,7,6742.86,0,74,1,34,48
USR_02079,0.9858,1186.4,0,0,0.5356,0.4159,10,1649.49,0,20,1,708,45
USR_02080,0.6705,362.3,1,0,0.5698,0.1919,12,805.43,0,216,0,634,15
USR_02081,0.8369,219.9,1,0,0.6034,0.3715,6,5482.94,0,119,0,743,27
USR_02082,0.8344,920.4,1,0,0.6802,0.673,5,3730.28,0,318,1,533,36
USR_02083,0.7475,412.4,0,0,0.2891,0.8018,13,3040.63,0,279,1,811,26
USR_02084,0.9333,911.5,1,0,0.5884,0.3637,5,1046.0,0,203,1,632,34
USR_02085,0.5658,714.2,0,0,0.6044,0.514,8,1424.51,1,264,1,436,39
USR_02086,0.8907,3246.7,0,1,0.3011,0.6127,5,7754.77,0,61,1,147,24
USR_02087,0.8712,1787.1,0,1,0.7009,0.059,8,3708.94,0,332,1,348,26
USR_02088,0.8099,786.9,0,1,0.811,0.4983,5,2669.48,0,230,0,484,46
USR_02089,0.8804,1017.8,1,1,0.3635,0.6468,8,7808.56,0,356,1,421,36
USR_02090,0.5451,904.0,0,1,0.5979,0.5932,10,984.03,0,112,1,309,22
USR_02091,0.7099,412.3,1,1,0.5979,0.2145,8,4225.21,0,16,1,559,27
USR_02092,0.9037,1169.7,1,0,0.4446,0.1883,11,1823.92,1,356,1,341,49
USR_02093,0.7821,222.6,1,0,0.843,0.5822,13,923.6,0,199,1,232,34
USR_02094,0.7112,857.2,2,0,0.956,0.6248,13,34616.65,0,326,1,364,41
USR_02095,0.9863,595.3,1,0,0.1272,0.5935,9,1930.61,0,285,0,279,29
USR_02096,0.8915,976.7,0,1,0.8351,0.2968,3,575.37,0,267,1,806,38
USR_02097,0.6909,243.1,1,0,0.4961,0.6684,11,6339.45,1,69,1,684,30
USR_02098,0.8507,518.0,0,1,0.4466,0.1535,10,4759.46,1,99,1,751,33
USR_02099,0.8711,306.9,1,0,0.5821,0.4772,3,1816.63,0,65,1,816,30
USR_02100,0.9189,571.3,0,0,0.6949,0.3246,11,8867.86,0,98,1,924,37
USR_02101,0.9674,769.6,0,0,0.772,0.6638,7,2749.55,0,24,1,880,53
USR_02102,0.9225,595.7,1,1,0.7412,0.5841,10,1880.39,0,101,1,753,34
USR_02103,0.9816,418.2,0,1,0.4476,0.2078,9,1752.25,0,92,1,114,22
USR_02104,0.8723,817.2,1,0,0.5048,0.6635,13,3547.01,1,125,1,671,45
USR_02105,0.9547,966.8,0,0,0.1769,0.3828,11,2348.74,0,305,1,804,47
USR_02106,0.9099,574.5,2,0,0.5849,0.4605,8,1218.38,0,222,0,678,27
USR_02107,0.822,392.0,1,1,0.5908,0.6742,7,7614.54,0,87,1,214,14
USR_02108,0.8024,546.1,0,0,0.7473,0.3636,6,6097.19,0,205,1,320,35
USR_02109,0.7433,767.8,0,0,0.6034,0.5309,10,11204.0,0,343,1,845,36
USR_02110,0.6716,460.5,0,0,0.4663,0.43,10,3958.08,0,63,1,702,38
USR_02111,0.8721,457.9,0,0,0.4597,0.7403,4,3539.6,0,199,1,151,45
USR_02112,0.742,614.2,0,1,0.8683,0.7935,3,8170.15,1,291,0,92,20
USR_02113,0.7862,506.2,0,0,0.7384,0.8243,8,3782.75,0,215,1,206,44
USR_02114,0.8431,844.7,1,0,0.6796,0.2173,6,8080.01,0,60,1,523,40
USR_02115,0.7395,400.8,0,0,0.576,0.7111,8,5983.96,2,196,1,153,43
USR_02116,0.9303,355.9,0,0,0.6829,0.5766,14,5211.02,0,178,0,309,37
USR_02117,0.9804,573.0,0,0,0.3731,0.7428,6,8940.62,0,79,1,434,49
USR_02118,0.8991,770.2,0,0,0.4352,0.3461,6,1069.35,0,181,1,602,41
USR_02119,0.8676,833.1,0,2,0.8623,0.5731,13,3771.02,0,252,1,532,52
USR_02120,0.5604,524.7,0,0,0.3818,0.2561,9,12179.08,3,357,1,104,22
USR_02121,0.698,1039.4,1,0,0.8058,0.6922,11,4143.8,2,320,1,758,42
USR_02122,0.8696,4303.4,0,0,0.571,0.3936,6,9095.33,0,72,1,173,46
USR_02123,0.917,1642.1,0,0,0.296,0.6224,6,1457.14,0,290,1,709,42
USR_02124,0.8842,1679.9,1,0,0.5395,0.2344,7,2880.78,0,121,1,371,35
USR_02125,0.9647,713.1,0,1,0.4568,0.8662,14,2089.07,0,3,1,296,44
USR_02126,0.9215,531.3,1,0,0.6557,0.6154,8,2185.53,0,83,1,41,44
USR_02127,0.8564,798.7,0,2,0.6537,0.5586,8,2233.45,0,128,1,792,28
USR_02128,0.7597,1143.8,0,0,0.669,0.5743,8,15351.72,0,230,1,814,36
USR_02129,0.8918,334.7,0,0,0.2517,0.627,8,1048.2,1,131,0,768,38
USR_02130,0.8187,343.3,0,1,0.5402,0.7513,13,866.15,0,144,1,241,52
USR_02131,0.9753,267.5,1,2,0.9127,0.3564,10,14109.58,1,38,1,868,17
USR_02132,0.9826,932.3,1,0,0.4749,0.3728,9,1390.27,0,229,1,788,44
USR_02133,0.8422,727.4,0,0,0.6358,0.3198,4,9998.49,0,199,0,575,33
USR_02134,0.8608,566.2,0,0,0.5446,0.6812,7,1819.28,0,332,1,77,52
USR_02135,0.9283,514.1,2,0,0.5622,0.5607,4,1248.66,0,331,1,975,41
USR_02136,0.6974,401.3,0,0,0.8464,0.9397,9,1900.63,1,290,1,922,50
USR_02137,0.907,654.0,0,0,0.7471,0.429,8,2102.94,0,113,1,574,54
USR_02138,0.9625,1799.2,1,0,0.4833,0.3888,8,4911.99,0,123,1,801,45
USR_02139,0.7108,1859.0,1,0,0.5078,0.3746,8,1647.62,0,101,0,419,14
USR_02140,0.9089,778.1,1,0,0.8841,0.7033,7,4589.64,0,35,1,374,48
USR_02141,0.9188,464.9,1,0,0.6087,0.6033,7,570.54,0,346,0,413,37
USR_02142,0.9555,676.7,1,0,0.2544,0.4619,5,1912.49,1,69,1,94,35
USR_02143,0.7983,625.5,0,0,0.8358,0.6503,10,4574.47,0,205,1,133,41
USR_02144,0.7032,1125.6,1,0,0.8398,0.4353,6,506.0,0,97,1,340,34
USR_02145,0.467,703.8,1,0,0.2984,0.3956,6,2046.65,0,124,1,557,18
USR_02146,0.8669,376.0,0,0,0.6386,0.5084,4,2637.62,0,134,0,547,50
USR_02147,0.8826,818.3,0,0,0.5802,0.4348,11,365.38,0,240,1,342,53
USR_02148,0.9332,1034.3,0,0,0.6855,0.7154,8,2177.16,0,42,1,302,30
USR_02149,0.7794,420.2,0,0,0.5225,0.4025,8,2122.32,0,27,1,939,43
USR_02150,0.7453,680.7,0,0,0.6973,0.2877,8,1859.59,0,255,1,473,28
USR_02151,0.9435,446.6,0,0,0.3645,0.2532,4,2145.66,0,148,1,999,35
USR_02152,0.7686,1572.1,0,1,0.5535,0.7414,9,1980.71,1,217,1,742,32
USR_02153,0.8293,1081.8,1,2,0.1611,0.5918,4,4097.15,0,314,1,944,1
USR_02154,0.8462,343.9,1,0,0.8251,0.3484,13,7372.58,0,269,1,117,26
USR_02155,0.7737,653.1,1,0,0.8326,0.2854,9,866.99,0,137,1,582,52
USR_02156,0.8888,726.0,0,1,0.2865,0.0533,5,1539.02,0,177,1,881,15
USR_02157,0.6783,579.1,0,0,0.7192,0.7122,7,2158.1,0,169,1,568,35
USR_02158,0.9277,844.9,1,1,0.1356,0.6657,11,1944.17,0,64,1,749,21
USR_02159,0.6914,494.6,0,0,0.8096,0.4489,3,450.38,0,66,0,150,23
USR_02160,0.861,426.5,0,0,0.8324,0.2414,8,5446.37,1,71,0,107,35
USR_02161,0.8471,699.7,0,0,0.7071,0.5895,5,4173.29,0,172,1,703,45
USR_02162,0.9229,1198.0,0,2,0.5774,0.714,8,1994.19,0,340,0,176,26
USR_02163,0.9582,539.6,1,0,0.8428,0.8282,14,1722.52,0,226,1,591,50
USR_02164,0.8485,2833.3,0,0,0.6144,0.7293,10,1228.41,0,108,1,962,40
USR_02165,0.9558,1706.4,0,0,0.833,0.3572,11,629.02,0,185,1,248,46
USR_02166,0.8989,1140.1,1,0,0.843,0.1982,10,6264.96,0,66,1,960,30
USR_02167,0.8603,564.8,0,0,0.3757,0.497,9,2598.69,0,258,1,540,46
USR_02168,0.9405,673.3,1,0,0.6923,0.5099,7,4961.7,0,193,1,238,39
USR_02169,0.505,1080.9,0,0,0.8765,0.4694,5,1757.13,0,235,1,431,45
USR_02170,0.8753,884.5,0,1,0.5713,0.5952,8,1012.6,0,332,1,446,31
USR_02171,0.629,240.5,0,1,0.4563,0.4455,14,2826.89,0,175,1,279,33
USR_02172,0.5097,296.9,1,0,0.5946,0.4141,8,4066.03,1,250,1,640,24
USR_02173,0.9603,524.6,0,0,0.8242,0.5931,12,463.13,2,54,1,995,35
USR_02174,0.8517,546.4,1,1,0.8391,0.7102,6,1066.21,0,115,0,573,32
USR_02175,0.9896,769.9,1,1,0.3537,0.5951,4,10261.69,0,264,0,454,11
USR_02176,0.9572,347.5,0,0,0.3361,0.4759,8,24498.68,1,300,1,980,39
USR_02177,0.8982,317.7,0,0,0.8431,0.7863,7,7838.31,0,196,1,317,46
USR_02178,0.9335,739.7,1,0,0.6636,0.6646,6,2972.42,1,193,1,199,31
USR_02179,0.8496,874.2,0,0,0.7338,0.7729,6,5042.7,0,43,1,307,47
USR_02180,0.8504,191.0,1,0,0.5523,0.3198,7,6284.36,0,99,1,866,38
USR_02181,0.5857,556.1,1,1,0.584,0.2732,9,1420.59,0,258,0,541,10
USR_02182,0.6244,279.0,0,2,0.6669,0.7929,5,594.17,0,84,1,166,20
USR_02183,0.906,1170.8,1,0,0.7086,0.7093,7,2508.34,0,242,1,54,58
USR_02184,0.8667,509.4,2,1,0.811,0.8273,4,2381.15,1,144,0,485,11
USR_02185,0.7478,511.7,0,0,0.3731,0.6358,7,9151.9,0,273,1,505,55
USR_02186,0.9239,577.3,0,0,0.8326,0.6327,9,1850.05,1,128,1,635,49
USR_02187,0.7811,479.2,0,1,0.7879,0.5724,14,3607.53,0,92,1,185,34
USR_02188,0.8087,1327.7,1,0,0.384,0.3088,6,3578.7,0,13,1,581,22
USR_02189,0.894,430.8,0,0,0.4194,0.7086,8,1429.57,0,101,1,914,52
USR_02190,0.8943,724.4,1,0,0.8478,0.4266,8,4055.24,0,255,1,651,52
USR_02191,0.7978,390.6,0,0,0.1179,0.7172,7,4881.2,1,316,1,294,30
USR_02192,0.9707,651.2,1,0,0.6072,0.6247,5,1445.35,1,350,1,657,41
USR_02193,0.8066,347.6,1,0,0.3939,0.3732,7,7426.45,0,238,1,500,45
USR_02194,0.977,377.7,0,1,0.8383,0.8962,6,5849.68,0,333,1,446,53
USR_02195,0.9092,354.2,0,0,0.5731,0.6778,9,14466.42,0,95,1,296,54
USR_02196,0.9398,854.7,1,0,0.2292,0.3338,10,2714.18,0,348,1,632,20
USR_02197,0.9794,591.5,0,0,0.411,0.195,8,4989.08,0,100,0,629,29
USR_02198,0.9556,648.5,0,0,0.7622,0.4859,11,797.6,1,7,0,928,42
USR_02199,0.9215,1115.8,0,1,0.5132,0.5927,1,889.92,0,330,0,942,34
USR_02200,0.751,745.0,2,0,0.6394,0.3451,9,980.09,0,330,1,101,40
USR_02201,0.8321,695.7,0,0,0.7052,0.3056,7,18454.84,0,181,0,95,10
USR_02202,0.6672,478.3,1,0,0.9297,0.3477,9,6289.21,0,293,1,176,43
USR_02203,0.788,579.6,0,0,0.3639,0.7316,8,1579.24,0,55,1,817,53
USR_02204,0.9926,821.3,0,0,0.5773,0.6387,14,7360.51,0,194,1,546,52
USR_02205,0.7782,454.8,0,0,0.8642,0.8217,10,21836.81,0,99,1,297,47
USR_02206,0.9047,387.2,0,1,0.6571,0.5864,9,8508.88,1,355,1,590,32
USR_02207,0.9527,439.4,0,1,0.5252,0.1289,5,1857.68,0,66,1,210,34
USR_02208,0.8309,928.9,0,1,0.9601,0.1133,11,500.9,0,146,1,643,18
USR_02209,0.9323,1396.7,0,0,0.8231,0.4327,11,1191.75,0,308,1,896,49
USR_02210,0.9498,1103.8,0,0,0.7262,0.4333,15,10162.61,0,300,1,904,41
USR_02211,0.9846,476.0,0,2,0.9243,0.4569,12,1161.35,0,111,1,35,39
USR_02212,0.9259,611.5,1,0,0.7145,0.6295,13,4646.22,0,188,1,150,41
USR_02213,0.9535,764.3,1,0,0.6167,0.477,7,2069.74,0,22,1,920,30
USR_02214,0.78,1084.5,1,0,0.4577,0.5089,11,2164.24,0,150,1,539,22
USR_02215,0.7692,301.0,0,2,0.2998,0.3305,7,42913.21,0,296,1,52,13
USR_02216,0.7348,656.2,0,0,0.646,0.6664,8,3076.09,0,222,1,445,35
USR_02217,0.7487,1297.6,0,0,0.6463,0.0599,10,7441.89,1,357,1,440,27
USR_02218,0.8622,311.9,2,0,0.7494,0.2647,10,3018.75,0,180,1,644,38
USR_02219,0.9345,266.3,0,0,0.5035,0.6342,10,6375.49,0,94,1,724,53
USR_02220,0.8985,508.1,0,1,0.3799,0.4368,6,3196.41,0,126,1,360,35
USR_02221,0.8545,713.2,0,0,0.4569,0.313,7,7854.16,1,337,1,150,30
USR_02222,0.8863,447.0,0,1,0.72,0.391,10,2255.55,1,76,1,241,20
USR_02223,0.734,439.5,0,0,0.4481,0.1172,4,5441.77,0,314,0,208,15
USR_02224,0.7905,506.3,2,0,0.6908,0.5424,9,2865.21,0,150,1,231,41
USR_02225,0.6717,1983.9,1,1,0.2894,0.4364,6,6462.79,0,133,1,610,38
USR_02226,0.6434,247.3,3,0,0.4582,0.8985,6,899.92,0,326,1,596,26
USR_02227,0.8151,807.9,0,1,0.4128,0.5305,9,3071.93,0,162,1,77,42
USR_02228,0.9185,776.0,0,0,0.8673,0.512,14,933.31,0,252,0,164,47
USR_02229,0.533,762.9,0,0,0.8486,0.4553,6,4704.94,0,73,1,415,31
USR_02230,0.9621,928.4,0,1,0.4815,0.3864,4,851.18,2,182,1,267,25
USR_02231,0.9365,1160.1,2,0,0.4958,0.5381,6,1461.1,0,227,1,784,37
USR_02232,0.9613,298.3,1,0,0.7599,0.6575,12,640.11,0,301,1,83,44
USR_02233,0.9126,1037.6,1,0,0.2732,0.6934,9,5718.77,1,349,0,744,36
USR_02234,0.7456,785.0,0,0,0.5342,0.2059,9,468.4,0,325,1,314,39
USR_02235,0.8216,747.4,0,0,0.789,0.1865,7,5824.99,0,179,1,457,49
USR_02236,0.9584,726.1,0,0,0.3041,0.3027,6,13447.47,0,172,1,424,52
USR_02237,0.87,614.5,2,0,0.8669,0.947,7,3134.45,2,350,1,879,41
USR_02238,0.827,403.4,2,0,0.8163,0.5257,8,5525.41,0,335,1,782,26
USR_02239,0.9698,1279.2,1,1,0.4833,0.5503,8,2705.48,1,283,1,137,29
USR_02240,0.9109,286.9,0,0,0.5453,0.6715,8,2969.35,1,241,1,38,40
USR_02241,0.9982,580.7,0,0,0.786,0.2713,9,9495.99,0,360,1,623,35
USR_02242,0.9851,295.2,0,1,0.4651,0.7104,5,8521.51,0,320,1,667,35
USR_02243,0.897,1770.0,0,1,0.7701,0.5451,5,4905.04,1,229,1,230,33
USR_02244,0.823,794.7,0,0,0.5473,0.2871,9,207.56,1,361,1,636,42
USR_02245,0.7535,344.7,0,0,0.3429,0.5704,6,620.78,1,36,0,244,37
USR_02246,0.7666,642.6,0,0,0.6344,0.1975,11,2550.21,0,311,1,509,45
USR_02247,0.78,461.2,1,3,0.6986,0.7354,9,6010.16,0,219,1,899,4
USR_02248,0.9452,744.1,1,0,0.4627,0.4379,13,4474.99,0,247,1,853,48
USR_02249,0.9204,329.2,0,0,0.4884,0.7855,8,16638.0,0,216,1,197,61
USR_02250,0.7485,287.6,0,0,0.8673,0.2306,11,3759.0,0,270,1,547,35
USR_02251,0.6055,808.9,0,0,0.6256,0.8267,7,3932.16,0,147,1,184,50
USR_02252,0.888,1018.1,1,1,0.7318,0.2708,6,2441.35,0,112,1,754,40
USR_02253,0.9222,593.3,1,0,0.8523,0.3403,8,2493.09,0,76,0,289,46
USR_02254,0.7408,699.7,0,1,0.8578,0.263,7,3922.22,0,76,0,117,24
USR_02255,0.5434,290.3,1,0,0.8681,0.5829,3,482.88,0,85,1,560,35
USR_02256,0.9246,415.7,0,0,0.7295,0.3879,8,434.88,1,219,0,384,40
USR_02257,0.935,1434.9,1,0,0.9548,0.2283,10,2473.82,0,34,1,161,29
USR_02258,0.9921,813.9,0,0,0.7826,0.5257,6,3408.25,0,7,0,687,41
USR_02259,0.8555,237.4,2,1,0.8115,0.1872,5,1557.58,0,349,0,285,25
USR_02260,0.6641,610.0,0,0,0.5668,0.6119,8,2940.8,0,145,0,112,29
USR_02261,0.8075,590.9,1,0,0.3261,0.5625,11,11173.58,0,218,1,946,30
USR_02262,0.8431,851.9,0,0,0.5404,0.3081,11,1637.42,1,338,1,750,34
USR_02263,0.9635,805.1,0,0,0.7232,0.7605,6,4086.39,0,146,1,945,67
USR_02264,0.94,763.5,0,0,0.8025,0.445,13,1636.86,0,73,1,518,57
USR_02265,0.7947,466.3,0,0,0.742,0.711,9,5600.91,0,64,1,993,48
USR_02266,0.9319,890.6,1,0,0.5336,0.6257,5,1134.69,0,306,1,644,37
USR_02267,0.8381,1014.3,0,1,0.6543,0.8,5,1420.32,1,296,1,785,52
USR_02268,0.9296,213.1,2,0,0.8254,0.1262,5,861.54,0,65,1,602,27
USR_02269,0.647,873.7,1,0,0.6878,0.1011,3,1762.63,1,323,1,975,37
USR_02270,0.7552,589.3,0,0,0.2573,0.2634,9,2466.6,0,22,1,102,34
USR_02271,0.7402,798.8,1,0,0.5555,0.6771,4,1737.82,0,249,1,672,36
USR_02272,0.9371,3308.8,0,0,0.7903,0.1751,9,3637.93,0,103,1,834,37
USR_02273,0.9376,403.2,0,0,0.2149,0.4184,5,4734.15,0,169,1,728,33
USR_02274,0.6376,726.0,0,0,0.7018,0.4222,10,1558.01,0,109,1,889,36
USR_02275,0.9335,489.5,1,0,0.8612,0.3657,6,2948.65,0,155,0,823,37
USR_02276,0.7444,350.4,1,1,0.7203,0.5003,5,1840.14,0,94,1,437,53
USR_02277,0.865,253.1,1,0,0.7448,0.2569,14,7207.63,0,221,1,802,42
USR_02278,0.5237,424.1,1,0,0.5637,0.4478,4,418.03,1,245,1,338,22
USR_02279,0.7792,1168.1,2,0,0.8146,0.3928,5,6550.97,0,232,1,175,46
USR_02280,0.9255,495.3,1,2,0.5912,0.5559,6,7872.55,1,199,1,279,42
USR_02281,0.6833,1882.2,0,0,0.3759,0.7536,7,2158.06,0,106,1,149,53
USR_02282,0.7169,667.0,2,0,0.5635,0.5853,11,1223.72,1,109,1,763,29
USR_02283,0.915,418.8,1,1,0.6227,0.6575,10,4457.77,0,107,1,246,32
USR_02284,0.9467,519.3,0,0,0.2584,0.4651,5,1537.88,0,318,1,121,41
USR_02285,0.9667,480.9,0,0,0.8034,0.4719,7,3376.75,0,79,1,534,49
USR_02286,0.919,829.2,1,0,0.2978,0.3645,8,28387.62,0,12,1,610,37
USR_02287,0.8975,269.5,0,1,0.3615,0.4291,5,2233.58,0,157,0,972,32
USR_02288,0.7549,413.6,0,1,0.6214,0.6662,2,724.29,1,129,0,802,13
USR_02289,0.9836,685.3,2,0,0.6781,0.228,9,141.13,2,14,1,255,21
USR_02290,0.9085,568.1,0,1,0.8973,0.5881,9,17619.45,0,233,1,369,47
USR_02291,0.9574,884.2,2,0,0.7252,0.9631,8,2710.07,0,174,1,898,49
USR_02292,0.9109,221.9,0,0,0.5805,0.804,8,1191.73,0,1,1,122,48
USR_02293,0.7879,346.4,0,0,0.2366,0.2842,7,23148.44,0,309,1,215,39
USR_02294,0.9633,715.6,0,0,0.2553,0.0407,7,1428.27,0,192,1,979,29
USR_02295,0.9125,1312.0,0,0,0.7046,0.6537,14,2742.02,0,38,0,977,41
USR_02296,0.7907,945.4,0,0,0.6764,0.7202,8,1640.2,0,109,1,326,61
USR_02297,0.7163,848.3,0,0,0.7386,0.2919,8,3052.69,0,202,1,489,50
USR_02298,0.8172,310.8,0,0,0.6079,0.2644,7,22707.77,0,60,1,327,44
USR_02299,0.8699,238.8,0,0,0.5118,0.7849,4,549.44,0,206,1,413,46
USR_02300,0.9671,499.5,0,0,0.2895,0.4539,3,6950.62,0,267,1,833,56
USR_02301,0.8241,287.9,0,0,0.848,0.6489,9,26958.07,0,157,1,283,62
USR_02302,0.748,1235.4,0,0,0.7163,0.3452,10,1918.07,0,225,1,375,42
USR_02303,0.8237,1088.5,0,0,0.5937,0.2354,5,5214.22,0,334,1,676,47
USR_02304,0.6775,500.7,0,0,0.955,0.6839,12,5723.0,0,267,1,366,33
USR_02305,0.8438,711.4,1,0,0.5462,0.4723,4,20330.68,0,343,1,952,28
USR_02306,0.9047,320.9,0,0,0.9175,0.3195,6,3680.85,0,115,1,955,35
USR_02307,0.7983,675.8,0,0,0.6411,0.4493,7,2385.53,0,188,1,402,44
USR_02308,0.5727,737.2,0,1,0.8239,0.1934,10,1080.15,0,258,1,565,15
USR_02309,0.7746,613.6,1,1,0.7956,0.7104,9,15296.18,1,138,0,763,24
USR_02310,0.8009,786.7,0,1,0.7005,0.6066,8,10131.47,0,287,1,273,35
USR_02311,0.8542,551.7,0,0,0.6093,0.6532,4,5550.48,0,131,0,329,34
USR_02312,0.8658,914.9,1,0,0.3946,0.6908,5,5975.94,0,201,1,117,42
USR_02313,0.9363,373.8,0,1,0.802,0.2622,10,1166.45,0,85,0,876,43
USR_02314,0.9392,667.9,1,1,0.5781,0.6043,8,1788.67,0,71,1,613,39
USR_02315,0.9535,406.1,0,1,0.7034,0.5696,17,20253.62,0,297,0,531,52
USR_02316,0.606,1317.9,0,0,0.8549,0.1305,13,262.3,1,220,1,743,33
USR_02317,0.9104,779.3,0,0,0.4746,0.2439,12,4262.42,0,79,1,906,41
USR_02318,0.6859,905.6,0,0,0.5896,0.7944,9,1225.51,0,174,1,409,43
USR_02319,0.8701,1292.3,0,0,0.7527,0.8376,10,1984.22,0,55,1,785,52
USR_02320,0.8239,187.3,0,0,0.8344,0.363,9,1231.72,0,110,1,734,44
USR_02321,0.9103,441.4,0,0,0.452,0.3534,13,4201.03,0,22,1,697,52
USR_02322,0.6121,388.4,0,0,0.3859,0.1068,5,1591.49,0,59,1,484,30
USR_02323,0.8077,595.6,0,0,0.4226,0.4603,9,5289.13,0,286,0,422,37
USR_02324,0.8414,1187.2,0,0,0.8935,0.8603,5,31507.63,1,27,0,278,59
USR_02325,0.9147,521.8,0,0,0.8221,0.7647,8,4288.17,0,342,1,227,75
USR_02326,0.9157,1550.8,2,0,0.5246,0.6961,9,994.02,1,150,1,944,54
USR_02327,0.9311,344.4,0,0,0.3584,0.2405,5,7265.85,1,243,1,248,39
USR_02328,0.7652,1497.1,1,0,0.9349,0.3754,7,22854.7,0,332,1,167,43
USR_02329,0.8824,907.6,1,0,0.4874,0.4365,11,3749.69,0,150,1,112,31
USR_02330,0.6961,606.4,0,0,0.8305,0.4616,10,1647.73,2,346,0,656,41
USR_02331,0.9184,892.9,1,0,0.4295,0.4901,7,1305.54,0,198,1,98,38
USR_02332,0.8511,1043.1,1,0,0.4625,0.2587,7,1323.24,0,333,1,354,36
USR_02333,0.869,751.1,1,0,0.176,0.3415,4,1208.1,0,107,1,554,19
USR_02334,0.9139,348.5,3,0,0.0832,0.3727,6,2860.66,0,156,1,147,28
USR_02335,0.9629,1140.8,2,0,0.7141,0.3445,9,1150.81,1,357,1,815,26
USR_02336,0.9309,1863.9,1,0,0.5943,0.5119,8,6395.45,0,359,1,44,52
USR_02337,0.9548,479.8,0,0,0.4101,0.295,8,1096.78,0,128,0,730,35
USR_02338,0.9591,652.4,1,1,0.1631,0.7801,6,11189.44,0,35,1,883,36
USR_02339,0.8076,1114.8,1,2,0.7202,0.7805,5,1228.98,0,210,0,998,11
USR_02340,0.6777,740.4,0,0,0.6112,0.6837,9,439.06,0,315,1,388,51
USR_02341,0.9137,461.8,0,1,0.3797,0.1077,7,3364.54,1,39,1,654,31
USR_02342,0.9186,636.3,0,0,0.4087,0.5546,2,2270.65,1,359,1,129,57
USR_02343,0.8682,914.5,0,1,0.6338,0.4745,6,4806.71,0,195,1,79,35
USR_02344,0.9776,416.9,1,1,0.4012,0.3861,12,2015.72,0,187,1,503,26
USR_02345,0.9056,657.6,2,0,0.6485,0.5516,10,703.06,2,355,1,969,17
USR_02346,0.8205,1024.7,1,0,0.7292,0.7287,6,33862.9,0,354,1,286,32
USR_02347,0.9893,879.1,0,0,0.5588,0.8754,10,5277.54,0,134,1,649,36
USR_02348,0.4894,408.2,0,0,0.2801,0.0668,9,3543.93,1,219,1,772,32
USR_02349,0.9378,457.0,1,0,0.5676,0.3766,7,15547.01,1,264,1,757,40
USR_02350,0.9655,1019.5,2,0,0.5062,0.5015,10,5270.24,0,169,1,123,25
USR_02351,0.8946,599.6,1,1,0.6116,0.1567,6,1419.93,0,123,1,272,29
USR_02352,0.9343,616.9,0,0,0.5934,0.7232,15,1662.75,0,297,1,665,36
USR_02353,0.8904,927.7,0,0,0.6743,0.2752,6,8310.66,0,313,1,136,34
USR_02354,0.9599,459.0,0,1,0.6952,0.4918,8,715.17,0,257,1,723,43
USR_02355,0.7372,852.0,2,0,0.8459,0.7525,2,960.46,0,202,1,282,40
USR_02356,0.7668,554.8,1,1,0.586,0.6272,8,5481.41,0,281,1,456,25
USR_02357,0.8978,279.2,0,0,0.3853,0.5869,12,9050.4,0,312,1,813,45
USR_02358,0.6915,1168.4,0,1,0.7186,0.6708,10,2241.61,0,8,1,686,31
USR_02359,0.8559,922.4,1,1,0.64,0.8772,15,20617.8,0,343,1,798,14
USR_02360,0.6864,831.2,0,0,0.7615,0.4793,10,1804.62,0,57,1,756,43
USR_02361,0.629,580.2,0,0,0.7276,0.547,8,688.94,1,65,1,174,19
USR_02362,0.957,452.2,0,1,0.5478,0.7869,7,8257.26,2,327,1,108,48
USR_02363,0.9367,619.5,0,2,0.7659,0.6063,10,12689.74,0,148,1,52,35
USR_02364,0.606,1336.0,0,0,0.8741,0.6626,13,1377.24,0,120,1,374,45
USR_02365,0.6978,405.0,1,1,0.4355,0.7353,11,2094.54,1,325,0,156,22
USR_02366,0.931,974.2,0,0,0.3212,0.3958,10,812.02,0,97,1,302,41
USR_02367,0.961,325.9,2,1,0.7553,0.3997,7,2155.35,0,259,1,249,30
USR_02368,0.8138,359.5,0,1,0.3495,0.3811,11,2998.28,0,53,1,316,29
USR_02369,0.9301,773.2,0,0,0.6729,0.3665,6,2134.64,0,165,1,575,49
USR_02370,0.9553,833.1,1,0,0.9105,0.4486,11,3506.42,0,275,1,575,41
USR_02371,0.8902,1554.7,0,1,0.8689,0.6616,12,1267.35,0,111,1,947,51
USR_02372,0.6968,553.0,0,0,0.7752,0.2496,5,6980.73,0,47,1,306,27
USR_02373,0.9307,764.1,0,1,0.4738,0.6546,3,1906.48,0,163,1,193,41
USR_02374,0.7405,662.8,0,0,0.9022,0.5576,12,913.54,0,133,1,576,38
USR_02375,0.9808,830.9,0,0,0.2303,0.8986,6,649.59,1,11,1,188,58
USR_02376,0.8667,334.1,0,0,0.646,0.4792,2,1375.27,1,196,1,234,37
USR_02377,0.7766,619.8,0,0,0.8896,0.487,7,1944.58,0,84,1,969,52
USR_02378,0.8678,625.3,1,0,0.6772,0.5595,7,4888.47,0,98,1,345,42
USR_02379,0.9244,871.6,0,0,0.6202,0.3053,6,4121.49,0,24,1,247,44
USR_02380,0.6436,1015.2,1,0,0.5474,0.4908,13,650.39,0,258,1,724,26
USR_02381,0.764,126.6,0,1,0.4191,0.6477,5,4094.22,0,345,1,37,38
USR_02382,0.8421,308.5,0,0,0.6763,0.421,6,5856.44,0,151,1,666,28
USR_02383,0.5925,589.2,0,0,0.446,0.7347,4,4170.03,0,25,1,364,20
USR_02384,0.9513,790.9,1,0,0.6447,0.2924,11,13985.17,0,327,0,724,35
USR_02385,0.8919,661.6,1,0,0.2512,0.2114,7,3044.15,0,8,1,992,18
USR_02386,0.7017,251.9,1,0,0.7108,0.6146,12,3237.67,0,324,1,248,43
USR_02387,0.7187,650.3,2,0,0.908,0.8511,7,8244.94,0,38,1,98,37
USR_02388,0.9527,459.6,1,0,0.8777,0.1982,10,2094.43,0,265,1,748,36
USR_02389,0.8564,519.2,1,0,0.793,0.6336,7,963.64,1,191,1,514,37
USR_02390,0.8633,697.5,0,0,0.5929,0.9557,4,1813.59,0,41,0,162,51
USR_02391,0.9382,343.5,1,0,0.4886,0.4361,5,3644.1,0,219,0,370,42
USR_02392,0.897,1186.3,0,0,0.5887,0.7657,9,4508.34,0,86,1,792,62
USR_02393,0.8932,608.9,0,0,0.2609,0.5078,4,689.37,0,267,1,500,28
USR_02394,0.7851,1052.6,0,0,0.6841,0.3546,9,8247.97,0,171,1,312,35
USR_02395,0.7103,1200.7,0,0,0.8749,0.4711,14,2472.37,1,194,0,87,32
USR_02396,0.6789,653.2,0,0,0.7349,0.9692,7,7361.18,0,276,0,818,35
USR_02397,0.9575,736.7,0,0,0.5051,0.3121,10,3550.43,0,162,0,684,37
USR_02398,0.9233,383.8,1,0,0.7424,0.3503,6,9920.57,0,81,1,894,28
USR_02399,0.8964,504.0,1,0,0.7215,0.8464,3,2607.66,1,230,0,140,43
USR_02400,0.8727,724.2,0,0,0.4541,0.8774,7,4023.68,1,313,0,349,47
USR_02401,0.7554,253.4,1,0,0.2383,0.7731,4,1292.24,0,172,1,714,50
USR_02402,0.9352,275.8,0,1,0.3987,0.3976,3,5490.23,0,75,1,465,37
USR_02403,0.804,1321.6,0,1,0.7768,0.3855,10,788.44,0,307,1,795,33
USR_02404,0.9795,878.6,0,0,0.5295,0.4808,9,1895.14,0,330,0,198,33
USR_02405,0.8143,689.9,0,1,0.5421,0.5265,4,517.0,0,330,0,418,33
USR_02406,0.6421,789.7,0,1,0.3764,0.787,4,3153.23,1,304,1,301,27
USR_02407,0.9367,308.7,0,0,0.8396,0.5062,9,5968.17,0,347,1,363,56
USR_02408,0.8093,808.5,1,0,0.4051,0.8109,8,4592.18,0,191,0,620,45
USR_02409,0.7844,695.1,0,0,0.7218,0.4225,8,6937.81,0,5,1,594,40
USR_02410,0.7916,667.9,0,1,0.3069,0.4655,8,2223.46,0,127,0,302,20
USR_02411,0.9438,602.9,0,0,0.5653,0.6046,13,1155.34,0,124,1,886,56
USR_02412,0.7834,438.0,0,0,0.6908,0.6601,3,17490.18,3,89,1,285,49
USR_02413,0.8383,691.5,1,1,0.5583,0.3091,9,2228.61,0,39,1,58,22
USR_02414,0.9035,900.5,0,0,0.6602,0.7545,4,613.51,0,180,1,928,44
USR_02415,0.8272,1248.6,1,1,0.0918,0.6163,9,2370.41,0,326,1,786,33
USR_02416,0.8215,590.5,0,0,0.3599,0.4198,6,523.32,1,147,1,563,42
USR_02417,0.7388,374.0,0,0,0.8919,0.52,7,16317.28,0,236,1,802,61
USR_02418,0.9593,761.2,2,0,0.6801,0.6514,8,772.53,0,259,1,673,44
USR_02419,0.9608,412.3,0,0,0.7901,0.1009,8,1856.76,1,47,1,897,41
USR_02420,0.4903,412.3,0,0,0.6846,0.8421,7,7377.67,0,156,1,360,34
USR_02421,0.9507,1136.7,1,1,0.6086,0.1987,3,2092.72,0,258,1,381,31
USR_02422,0.728,517.1,1,1,0.4043,0.2672,10,3727.25,2,65,1,608,12
USR_02423,0.9744,804.2,0,1,0.4794,0.9331,8,7919.5,0,133,1,366,36
USR_02424,0.9882,986.0,0,1,0.5758,0.0213,3,5553.83,1,165,1,32,30
USR_02425,0.9666,3210.2,1,0,0.7603,0.9348,4,1180.33,0,341,1,115,59
USR_02426,0.863,786.1,1,1,0.5796,0.0747,10,6391.39,0,284,0,378,14
USR_02427,0.6741,1081.3,0,0,0.4358,0.6034,2,16634.66,1,191,1,922,35
USR_02428,0.866,1592.1,1,0,0.5788,0.4417,9,790.06,1,101,1,742,41
USR_02429,0.8378,625.5,0,0,0.7191,0.8402,3,581.49,0,362,0,547,48
USR_02430,0.8522,595.7,0,1,0.4293,0.4377,13,2982.4,0,335,1,714,26
USR_02431,0.8143,620.7,1,1,0.748,0.7572,10,341.46,0,189,1,280,48
USR_02432,0.952,903.6,0,0,0.7451,0.6627,8,11224.9,1,302,1,644,57
USR_02433,0.7071,794.8,0,0,0.8974,0.4665,5,829.76,0,19,0,308,17
USR_02434,0.7921,685.2,1,0,0.8245,0.3373,17,6016.78,0,306,1,342,36
USR_02435,0.6634,1373.0,0,0,0.543,0.8088,13,1845.55,1,321,1,983,42
USR_02436,0.902,692.2,1,0,0.625,0.2658,8,10579.62,1,13,1,790,36
USR_02437,0.9476,701.3,1,0,0.3229,0.7044,8,2828.83,1,235,1,646,47
USR_02438,0.9558,577.1,0,0,0.2314,0.297,6,753.37,1,311,1,762,42
USR_02439,0.7355,440.7,0,0,0.491,0.7277,8,2516.05,0,26,1,322,45
USR_02440,0.8693,485.9,0,1,0.4688,0.5027,7,995.81,0,156,1,517,24
USR_02441,0.945,500.6,1,0,0.7871,0.2673,10,9935.81,1,219,1,978,42
USR_02442,0.8032,758.1,2,0,0.9032,0.4387,5,500.51,0,64,1,254,28
USR_02443,0.7936,1211.1,0,0,0.8509,0.7792,12,3252.78,0,62,1,545,45
USR_02444,0.9468,520.6,0,0,0.8284,0.3372,10,10898.19,0,308,0,752,31
USR_02445,0.8634,546.1,0,0,0.6587,0.5488,17,2394.44,0,86,1,311,47
USR_02446,0.9879,646.8,1,0,0.7686,0.7041,3,5367.24,0,40,1,880,50
USR_02447,0.9346,321.7,1,0,0.6857,0.3674,9,5517.23,1,312,1,705,39
USR_02448,0.8121,489.6,1,0,0.5789,0.6089,10,752.41,1,56,0,539,44
USR_02449,0.9746,351.8,0,1,0.3133,0.7768,13,1700.58,0,323,1,284,34
USR_02450,0.7969,365.3,0,0,0.4541,0.586,6,8722.48,0,271,1,172,45
USR_02451,0.9368,625.3,1,0,0.7095,0.5149,7,3933.64,0,235,1,77,40
USR_02452,0.9238,739.7,0,1,0.678,0.331,9,9108.82,1,317,1,342,37
USR_02453,0.8561,534.9,0,0,0.5584,0.5633,10,1810.24,0,18,1,291,50
USR_02454,0.8755,288.6,1,2,0.5699,0.2818,9,44506.16,2,183,0,36,5
USR_02455,0.8614,1015.2,1,1,0.4031,0.3896,2,698.6,0,138,1,339,20
USR_02456,0.8911,832.9,0,0,0.3639,0.4475,6,5012.76,0,153,1,607,33
USR_02457,0.906,825.3,1,0,0.9214,0.4302,6,4552.71,1,243,0,882,42
USR_02458,0.9042,695.0,1,1,0.5223,0.6321,11,9836.35,0,188,0,353,30
USR_02459,0.8001,656.1,1,0,0.5794,0.2009,11,4947.36,0,156,1,256,27
USR_02460,0.5568,1237.9,2,0,0.8706,0.7879,5,2175.74,0,216,1,555,21
USR_02461,0.939,725.5,0,0,0.665,0.7024,3,1411.19,0,360,1,752,43
USR_02462,0.8874,665.2,0,1,0.4708,0.4751,5,2545.26,0,262,1,239,45
USR_02463,0.8237,388.2,2,1,0.7977,0.2717,5,2635.75,0,245,1,820,37
USR_02464,0.8992,433.1,1,0,0.7363,0.4261,6,1717.79,0,19,1,486,29
USR_02465,0.7152,788.3,0,0,0.6959,0.892,9,3184.11,0,123,1,242,47
USR_02466,0.8154,700.4,0,0,0.3724,0.8133,9,1337.81,0,237,1,994,52
USR_02467,0.9262,332.5,0,0,0.7961,0.184,6,1277.0,0,362,1,375,42
USR_02468,0.9257,1088.9,1,0,0.1491,0.1747,11,206.41,0,140,1,685,30
USR_02469,0.8874,568.8,1,0,0.9074,0.4551,5,3908.74,0,72,1,434,41
USR_02470,0.8883,538.0,1,0,0.7007,0.4652,5,1683.94,0,31,1,290,30
USR_02471,0.9178,654.5,0,0,0.6679,0.5576,8,4225.26,0,239,1,717,49
USR_02472,0.7189,870.4,1,1,0.6378,0.7047,4,6003.88,1,280,1,408,32
USR_02473,0.8495,425.1,1,0,0.8916,0.6216,10,10572.29,0,202,1,304,48
USR_02474,0.658,517.4,0,0,0.4862,0.3864,8,5928.82,0,267,0,837,21
USR_02475,0.8681,491.9,0,1,0.8441,0.4611,9,9870.61,1,364,1,809,41
USR_02476,0.5768,485.0,1,1,0.2968,0.5975,8,932.49,0,47,1,588,21
USR_02477,0.5916,432.7,1,0,0.375,0.7485,6,5180.89,0,143,1,323,40
USR_02478,0.8739,818.0,1,0,0.5922,0.097,6,549.67,0,178,1,949,38
USR_02479,0.8854,1043.5,0,2,0.3425,0.6115,9,724.22,0,164,0,870,22
USR_02480,0.9313,723.9,0,0,0.716,0.4792,9,1657.71,0,129,1,799,40
USR_02481,0.8344,613.6,2,0,0.7097,0.5439,6,5326.13,0,357,1,786,38
USR_02482,0.7964,707.6,1,0,0.8456,0.2251,10,3705.91,0,107,1,257,31
USR_02483,0.596,214.3,0,0,0.9414,0.4476,5,4688.68,0,209,1,345,27
USR_02484,0.7481,495.2,1,2,0.3654,0.0353,10,6726.82,0,354,0,257,4
USR_02485,0.9006,1221.3,0,0,0.7007,0.6411,6,2656.96,0,28,1,998,40
USR_02486,0.9202,1115.9,0,0,0.4211,0.6022,5,856.2,0,26,1,638,46
USR_02487,0.8473,827.7,0,1,0.8025,0.5638,7,1377.68,0,334,1,188,32
USR_02488,0.9257,382.1,0,1,0.395,0.6014,2,11554.61,0,304,1,846,45
USR_02489,0.9818,884.9,0,1,0.4724,0.7641,10,9103.43,0,351,1,491,50
USR_02490,0.6469,344.9,2,0,0.6085,0.774,6,12754.98,0,128,0,197,33
USR_02491,0.9679,708.5,1,0,0.6729,0.3427,12,1644.5,1,5,1,190,47
USR_02492,0.7488,673.3,1,1,0.8496,0.5472,7,1538.47,0,92,1,578,17
USR_02493,0.9417,1061.2,1,0,0.7265,0.4916,10,4769.85,0,173,1,743,16
USR_02494,0.8202,590.3,0,0,0.8803,0.1733,7,1421.55,0,323,0,716,43
USR_02495,0.9929,575.6,0,0,0.709,0.7081,16,1168.15,1,26,1,153,44
USR_02496,0.7479,2135.4,0,0,0.8197,0.4766,6,8141.61,0,68,1,391,46
USR_02497,0.8421,508.4,0,0,0.3289,0.2218,3,936.09,0,152,1,234,32
USR_02498,0.6726,409.8,2,1,0.4331,0.4101,9,4737.63,0,111,1,406,19
USR_02499,0.7654,1256.2,1,0,0.7615,0.6829,6,1500.77,0,97,1,176,45
USR_02500,0.8538,1775.6,0,0,0.5353,0.6398,9,831.71,0,216,1,829,51
USR_02501,0.8517,674.1,2,0,0.6461,0.4367,7,415.35,0,355,1,132,21
USR_02502,0.7715,1292.7,0,0,0.4681,0.7553,4,2455.46,0,218,1,997,46
USR_02503,0.8379,1549.6,0,0,0.4599,0.8562,7,2650.79,0,202,1,927,35
USR_02504,0.9715,1002.6,0,0,0.7393,0.2367,5,689.25,0,22,1,667,45
USR_02505,0.7584,912.6,0,0,0.834,0.5081,11,7380.26,0,364,1,886,48
USR_02506,0.8275,708.1,0,0,0.7988,0.8678,12,1267.68,1,280,1,315,55
USR_02507,0.8941,752.6,0,1,0.5308,0.5665,9,430.9,0,70,1,869,28
USR_02508,0.652,347.7,1,0,0.6221,0.8925,9,4025.73,1,225,1,377,31
USR_02509,0.8983,675.0,0,0,0.6587,0.1962,10,2353.1,1,212,1,189,24
USR_02510,0.7826,676.1,0,0,0.4554,0.25,4,1562.39,0,55,0,698,32
USR_02511,0.935,542.3,0,1,0.9297,0.1933,11,368.65,0,218,1,647,28
USR_02512,0.7665,1244.9,1,0,0.4359,0.199,13,767.96,1,55,1,500,20
USR_02513,0.7931,465.9,0,0,0.4942,0.6023,4,2469.59,0,56,1,45,46
USR_02514,0.9307,485.4,0,0,0.5323,0.5066,11,700.02,1,228,1,212,39
USR_02515,0.9535,1162.6,1,0,0.417,0.74,7,45118.51,0,271,1,413,48
USR_02516,0.7821,493.4,2,0,0.4611,0.6546,8,23773.18,0,18,1,384,27
USR_02517,0.697,607.9,0,0,0.5963,0.3845,11,2709.59,0,34,1,883,29
USR_02518,0.8909,497.0,1,0,0.5604,0.6262,6,37248.1,0,126,1,785,26
USR_02519,0.6749,872.8,0,0,0.6458,0.222,6,7455.79,0,157,1,535,20
USR_02520,0.759,915.9,3,2,0.6844,0.6345,8,3348.21,0,95,1,230,11
USR_02521,0.6958,1109.3,1,0,0.9234,0.7668,9,499.33,0,6,1,370,35
USR_02522,0.9627,598.5,0,0,0.6026,0.1933,4,1953.68,0,104,1,126,36
USR_02523,0.8329,648.7,1,1,0.5631,0.5873,11,6607.17,0,88,1,854,24
USR_02524,0.9127,2051.6,0,1,0.8886,0.8377,5,2981.06,0,22,1,333,47
USR_02525,0.9749,424.5,0,0,0.6662,0.2974,7,1476.2,0,21,1,262,52
USR_02526,0.7787,645.4,0,0,0.8784,0.6708,9,3016.72,2,140,1,448,50
USR_02527,0.8436,1071.8,1,0,0.9178,0.0901,5,4657.46,0,150,1,786,39
USR_02528,0.797,506.8,0,0,0.6174,0.3023,6,2480.66,0,247,1,765,40
USR_02529,0.8849,1458.1,0,0,0.6138,0.3087,11,2291.75,1,111,1,914,35
USR_02530,0.9839,699.9,0,1,0.5724,0.584,10,3254.53,0,25,0,664,45
USR_02531,0.9581,662.3,1,0,0.9166,0.5124,11,4209.34,0,57,1,65,41
USR_02532,0.8986,492.0,1,0,0.3475,0.6538,6,3888.85,0,115,1,295,39
USR_02533,0.8932,833.5,0,0,0.4107,0.6492,10,1479.81,1,5,1,153,52
USR_02534,0.9249,400.6,0,0,0.3966,0.8219,12,2558.12,0,342,1,754,48
USR_02535,0.7641,368.0,1,0,0.3522,0.6463,3,2790.44,0,273,1,216,35
USR_02536,0.7562,444.5,1,0,0.49,0.7968,14,3789.6,0,188,1,860,34
USR_02537,0.627,1085.9,0,0,0.412,0.5919,5,1672.31,0,255,1,671,51
USR_02538,0.8362,948.4,1,1,0.8021,0.5563,3,2093.16,0,246,1,534,31
USR_02539,0.9745,1051.1,1,0,0.4357,0.3812,6,12601.93,0,312,0,894,27
USR_02540,0.874,618.8,0,0,0.5025,0.5722,13,1095.67,0,21,1,117,36
USR_02541,0.8682,1135.0,0,0,0.8936,0.227,7,2471.89,0,94,1,603,34
USR_02542,0.6555,750.6,0,0,0.523,0.5824,9,663.82,0,349,1,403,37
USR_02543,0.7585,1670.0,0,0,0.3873,0.4779,5,3700.28,0,123,1,643,23
USR_02544,0.9878,341.4,1,0,0.9321,0.6208,10,2985.08,0,74,1,892,64
USR_02545,0.8001,798.2,0,1,0.8605,0.4841,5,2072.18,0,248,1,409,38
USR_02546,0.9034,243.3,1,0,0.7784,0.7878,6,5665.29,1,331,1,952,68
USR_02547,0.8987,1124.1,0,0,0.3584,0.4416,5,1351.2,1,318,1,284,43
USR_02548,0.9392,442.6,0,1,0.7058,0.5546,13,7265.75,0,187,1,748,47
USR_02549,0.7587,1153.7,0,0,0.6395,0.5983,4,3887.85,0,32,1,739,19
USR_02550,0.8545,493.7,2,0,0.4052,0.3053,8,5680.04,0,187,1,331,25
USR_02551,0.7696,679.8,3,0,0.6041,0.9238,10,951.54,0,199,1,757,34
USR_02552,0.6104,691.6,0,0,0.7448,0.303,11,10708.41,0,16,1,531,48
USR_02553,0.8572,936.6,0,0,0.5469,0.3067,10,6817.56,0,210,1,846,43
USR_02554,0.9571,726.8,0,0,0.2629,0.3542,11,553.91,1,270,1,90,44
USR_02555,0.9956,487.4,1,0,0.4302,0.8538,17,2793.49,0,7,1,414,32
USR_02556,0.9706,730.3,0,1,0.4502,0.3864,4,1394.86,1,328,1,559,26
USR_02557,0.711,823.4,0,0,0.8575,0.2563,9,962.86,0,29,1,346,43
USR_02558,0.8946,845.8,0,0,0.3956,0.6454,9,1589.88,0,45,1,272,50
USR_02559,0.9179,620.3,1,0,0.2331,0.8961,11,2711.43,0,69,1,306,34
USR_02560,0.6254,162.0,0,1,0.7389,0.1031,5,6580.83,0,353,1,949,13
USR_02561,0.795,728.2,3,0,0.8831,0.9127,10,2402.82,0,333,1,354,34
USR_02562,0.9371,275.8,0,0,0.3569,0.4258,6,7300.08,0,241,1,611,42
USR_02563,0.9685,614.6,1,0,0.4361,0.6608,8,42848.6,0,49,1,160,64
USR_02564,0.9788,732.8,0,0,0.7321,0.7057,3,30573.38,2,52,1,213,42
USR_02565,0.9468,280.3,0,1,0.4646,0.3049,14,3124.66,0,179,0,628,15
USR_02566,0.7763,759.8,0,1,0.7433,0.4656,7,18391.6,0,303,1,306,30
USR_02567,0.8161,476.8,1,0,0.8596,0.7345,9,5301.25,0,37,1,571,36
USR_02568,0.9252,384.0,0,0,0.7934,0.1631,6,1788.41,1,67,1,60,37
USR_02569,0.8885,221.4,0,0,0.9128,0.5809,12,25914.99,0,266,1,236,51
USR_02570,0.8062,348.3,3,0,0.5547,0.4916,11,797.69,0,42,1,843,22
USR_02571,0.9325,609.4,0,0,0.3086,0.4593,8,1743.61,0,224,1,164,44
USR_02572,0.6914,823.8,0,1,0.7878,0.7044,6,4624.35,0,259,0,427,19
USR_02573,0.8245,831.0,0,0,0.8629,0.5617,13,7731.92,1,236,1,986,47
USR_02574,0.8655,371.7,0,1,0.5789,0.4187,6,11243.85,0,363,1,237,33
USR_02575,0.936,536.2,3,0,0.6206,0.6895,6,5271.74,1,232,1,81,18
USR_02576,0.829,493.0,1,0,0.5916,0.3041,3,3351.38,0,240,1,47,45
USR_02577,0.6072,770.6,1,0,0.3804,0.3375,7,3184.25,0,21,1,534,24
USR_02578,0.9953,1331.2,1,1,0.4869,0.8186,1,549.13,2,116,1,741,51
USR_02579,0.8979,797.0,0,2,0.6689,0.9163,6,5115.39,0,253,1,943,28
USR_02580,0.9631,429.2,2,1,0.3518,0.302,5,7432.11,0,218,1,231,20
USR_02581,0.7937,440.4,0,0,0.8318,0.6455,9,6162.96,0,233,1,364,47
USR_02582,0.9699,1072.5,0,0,0.5172,0.2772,7,6526.03,0,34,1,539,47
USR_02583,0.7449,295.0,0,0,0.6338,0.6624,6,1906.84,0,324,1,831,50
USR_02584,0.6915,315.5,0,0,0.7677,0.3345,6,7284.01,0,325,1,50,46
USR_02585,0.9139,684.9,0,0,0.7268,0.576,4,3656.92,0,239,1,667,50
USR_02586,0.9501,563.1,1,0,0.3597,0.9505,4,2081.34,1,335,1,135,30
USR_02587,0.7495,575.0,0,0,0.8485,0.2311,11,10087.58,0,342,1,697,41
USR_02588,0.7778,451.9,0,0,0.4433,0.7765,7,2747.31,0,267,1,327,43
USR_02589,0.8993,424.3,1,0,0.4906,0.3567,8,4817.89,2,234,1,463,47
USR_02590,0.6809,912.4,0,0,0.8805,0.3541,3,3062.2,0,302,1,116,45
USR_02591,0.9126,1413.7,2,0,0.4951,0.1946,5,2822.47,0,287,1,756,40
USR_02592,0.8767,432.5,0,1,0.6416,0.3942,9,7553.41,0,329,0,885,38
USR_02593,0.951,898.1,0,0,0.8648,0.264,6,1483.86,0,341,1,595,49
USR_02594,0.9749,1218.6,0,1,0.4453,0.4399,8,790.8,0,255,1,426,39
USR_02595,0.9051,1053.7,0,1,0.5105,0.6984,7,417.38,1,76,1,916,42
USR_02596,0.987,655.6,0,0,0.1666,0.6311,7,5087.04,0,96,1,124,48
USR_02597,0.6818,282.4,0,1,0.7773,0.2814,10,13801.61,0,154,1,216,28
USR_02598,0.9406,438.2,0,1,0.7548,0.8614,7,2893.63,0,315,1,91,39
USR_02599,0.5494,511.2,1,0,0.8159,0.3553,7,50000.0,0,13,0,198,18
USR_02600,0.9255,1883.7,0,0,0.6344,0.7978,11,2443.14,0,99,1,420,44
USR_02601,0.8249,422.9,1,0,0.7785,0.2516,12,5596.46,0,317,1,715,29
USR_02602,0.5808,961.5,0,0,0.3329,0.1145,4,1404.25,2,154,1,290,31
USR_02603,0.7953,343.3,0,0,0.9159,0.549,18,1266.34,0,27,1,714,37
USR_02604,0.8567,720.9,0,0,0.4901,0.4995,9,2795.97,1,134,1,817,45
USR_02605,0.9266,634.6,0,0,0.654,0.9211,10,1163.64,0,303,1,564,50
USR_02606,0.9253,308.9,0,0,0.7146,0.7502,10,1851.29,0,86,1,847,55
USR_02607,0.6991,299.7,0,1,0.9196,0.2108,3,949.56,1,11,1,322,29
USR_02608,0.9658,624.8,1,0,0.4346,0.1769,7,16528.58,0,340,1,63,37
USR_02609,0.8088,582.3,1,0,0.3665,0.0865,3,3186.36,0,197,1,482,18
USR_02610,0.94,822.9,1,1,0.8651,0.5719,9,702.81,0,335,1,384,35
USR_02611,0.668,363.4,1,0,0.7275,0.238,9,16029.5,0,34,1,629,29
USR_02612,0.7535,242.7,0,0,0.7808,0.5538,7,1382.74,0,56,1,618,38
USR_02613,0.8352,983.4,0,0,0.2051,0.9261,5,8875.55,0,301,1,116,46
USR_02614,0.9509,961.3,1,1,0.4801,0.556,6,919.59,0,90,1,73,37
USR_02615,0.9589,1032.1,0,1,0.9471,0.6497,5,699.44,0,315,1,701,47
USR_02616,0.8132,485.7,0,0,0.8581,0.8365,5,7027.37,1,26,1,213,55
USR_02617,0.6974,309.3,0,0,0.6734,0.3621,9,4577.52,0,111,1,951,36
USR_02618,0.7251,376.5,2,0,0.5138,0.8542,4,6273.6,0,50,1,589,40
USR_02619,0.8677,915.0,1,0,0.4993,0.1621,14,4564.78,0,266,1,81,42
USR_02620,0.8394,1138.7,0,0,0.585,0.6172,11,977.78,1,26,1,141,44
USR_02621,0.9374,1385.9,1,0,0.3515,0.2541,10,8036.63,1,83,1,285,30
USR_02622,0.7678,828.7,1,0,0.4022,0.8944,13,4084.29,0,320,1,69,41
USR_02623,0.9177,373.3,0,0,0.8323,0.7103,10,1301.62,1,59,1,264,41
USR_02624,0.9341,526.8,0,0,0.6562,0.4595,6,577.56,0,361,1,786,47
USR_02625,0.9965,547.8,0,0,0.4573,0.5152,6,522.1,1,170,1,469,43
USR_02626,0.7637,705.6,1,1,0.9066,0.8471,6,3777.26,0,218,1,200,31
USR_02627,0.8517,626.5,2,0,0.1493,0.1363,10,708.86,1,275,1,45,38
USR_02628,0.8333,653.4,1,0,0.7653,0.4452,6,10284.39,0,179,0,669,35
USR_02629,0.8489,696.2,0,0,0.3055,0.4971,8,5046.36,0,134,1,730,33
USR_02630,0.8082,480.4,2,0,0.9003,0.3076,6,2478.5,0,47,1,519,47
USR_02631,0.8829,538.2,0,2,0.6191,0.678,2,2604.69,0,221,1,76,26
USR_02632,0.8371,1250.2,1,0,0.3768,0.8865,10,3991.92,1,322,0,161,36
USR_02633,0.8897,735.4,0,0,0.7142,0.7546,6,4216.82,1,217,1,914,52
USR_02634,0.9589,367.9,1,0,0.3599,0.7268,7,8177.2,0,203,1,653,49
USR_02635,0.984,273.4,0,0,0.7216,0.3913,3,858.54,0,206,1,462,49
USR_02636,0.7208,662.9,2,0,0.8183,0.5942,8,3408.04,1,9,0,679,33
USR_02637,0.8994,616.5,1,0,0.796,0.1559,10,8101.01,0,319,0,767,29
USR_02638,0.6687,747.3,1,0,0.5134,0.144,6,849.08,0,17,1,296,35
USR_02639,0.7487,241.4,0,0,0.6097,0.1762,5,2105.12,0,234,1,813,33
USR_02640,0.8278,381.6,1,0,0.8101,0.7581,5,316.46,2,53,1,722,56
USR_02641,0.6828,544.2,1,0,0.646,0.8021,5,399.05,0,232,1,618,25
USR_02642,0.6762,439.9,1,0,0.8561,0.4047,8,1180.01,0,227,1,485,31
USR_02643,0.9326,260.0,0,0,0.3591,0.8615,11,4668.25,1,299,1,622,47
USR_02644,0.8526,786.2,0,0,0.2426,0.5259,8,1053.03,0,313,1,97,35
USR_02645,0.8839,601.8,2,0,0.5952,0.5522,5,4047.91,0,350,0,283,26
USR_02646,0.7214,575.6,1,0,0.6845,0.6673,8,2243.52,1,312,1,253,33
USR_02647,0.9427,324.5,0,0,0.1781,0.6302,4,8467.88,0,319,1,183,42
USR_02648,0.833,1207.6,2,1,0.4174,0.1657,5,1605.11,0,5,0,895,21
USR_02649,0.9718,522.8,1,0,0.6913,0.5949,8,1769.13,1,362,1,662,40
USR_02650,0.8483,747.0,0,0,0.6263,0.1691,11,10940.2,0,145,1,186,32
USR_02651,0.9507,790.6,0,0,0.9453,0.8478,8,1650.71,0,361,1,445,55
USR_02652,0.9747,1685.0,0,0,0.8999,0.7136,9,1237.34,1,42,1,165,62
USR_02653,0.9777,730.5,0,0,0.7474,0.7343,4,4067.27,1,33,1,621,49
USR_02654,0.9421,728.9,1,0,0.7997,0.1329,5,1967.2,0,251,1,551,29
USR_02655,0.91,513.1,1,0,0.3996,0.3288,10,545.65,1,328,1,393,18
USR_02656,0.9413,258.7,0,0,0.2872,0.076,12,957.02,0,247,1,782,35
USR_02657,0.7534,505.3,0,1,0.1269,0.4994,5,1280.38,0,289,0,950,19
USR_02658,0.8699,616.1,0,0,0.8573,0.4323,5,6148.11,0,129,1,439,47
USR_02659,0.8902,657.9,1,0,0.842,0.7828,9,3096.91,0,173,0,573,34
USR_02660,0.905,507.6,0,0,0.5526,0.7176,6,662.85,0,357,1,351,61
USR_02661,0.9266,820.1,1,1,0.4128,0.7374,4,972.22,1,51,1,125,27
USR_02662,0.6532,387.6,0,1,0.2014,0.3393,4,4024.7,0,144,1,492,25
USR_02663,0.9661,575.8,1,0,0.8206,0.5886,3,1655.37,1,228,0,580,51
USR_02664,0.5973,2002.4,0,0,0.7007,0.831,9,1201.58,0,36,1,404,30
USR_02665,0.8452,748.8,1,0,0.5557,0.4943,11,8752.08,0,193,1,499,17
USR_02666,0.7568,495.5,0,0,0.2781,0.6514,6,2482.84,0,193,1,991,40
USR_02667,0.9608,696.7,0,0,0.8947,0.7793,8,3928.53,1,273,1,784,52
USR_02668,0.9373,409.9,0,0,0.7915,0.2841,7,615.96,0,354,1,156,61
USR_02669,0.9914,1068.2,1,0,0.8464,0.7698,7,5714.99,1,49,1,627,67
USR_02670,0.7919,410.9,1,0,0.6997,0.6306,4,1276.37,1,174,0,386,33
USR_02671,0.6991,1743.6,0,0,0.5549,0.3086,12,3172.51,1,19,0,891,37
USR_02672,0.7853,346.1,2,1,0.1574,0.5662,6,709.5,0,190,1,896,27
USR_02673,0.8745,776.6,0,0,0.6893,0.2223,7,509.54,0,277,1,932,49
USR_02674,0.8898,488.5,1,0,0.7454,0.8124,6,4101.81,1,228,1,256,59
USR_02675,0.6566,2201.3,0,0,0.4731,0.4935,4,2354.77,0,68,1,768,38
USR_02676,0.8784,461.7,2,2,0.7623,0.6999,9,4625.72,0,244,1,343,35
USR_02677,0.7772,711.6,0,0,0.1215,0.3345,5,11059.68,0,161,1,544,29
USR_02678,0.8231,261.9,1,0,0.3668,0.256,10,971.07,2,92,1,446,29
USR_02679,0.8787,922.3,0,0,0.361,0.8763,6,1634.97,0,274,1,651,44
USR_02680,0.8845,1157.8,0,1,0.7711,0.3838,12,3443.31,0,199,1,461,31
USR_02681,0.7181,547.4,0,0,0.4907,0.5136,6,1656.6,3,55,1,440,44
USR_02682,0.8942,358.9,1,1,0.397,0.0388,8,3905.35,1,25,0,200,22
USR_02683,0.7882,514.5,0,0,0.282,0.5261,8,6614.44,0,324,1,422,49
USR_02684,0.8809,603.3,0,0,0.531,0.8247,8,2899.85,0,146,0,445,38
USR_02685,0.9176,706.1,0,1,0.2116,0.4004,6,3680.54,0,159,1,768,29
USR_02686,0.9289,706.8,0,0,0.5325,0.2951,12,1173.26,1,93,1,651,46
USR_02687,0.977,688.3,0,0,0.18,0.6602,11,2931.98,0,5,1,687,44
USR_02688,0.9724,638.7,0,0,0.5331,0.7213,5,2879.66,1,230,1,911,41
USR_02689,0.7383,282.0,0,0,0.6784,0.7312,4,2100.37,1,31,1,229,47
USR_02690,0.9001,639.1,1,0,0.1651,0.4276,7,8657.51,0,321,1,453,30
USR_02691,0.9617,1044.4,0,1,0.3153,0.653,8,7008.01,1,362,0,869,25
USR_02692,0.8578,763.6,0,1,0.8884,0.5181,12,11063.67,0,148,0,341,26
USR_02693,0.8138,872.9,0,0,0.4833,0.5736,6,3086.93,0,211,1,293,44
USR_02694,0.9635,665.1,0,0,0.7312,0.4335,9,8636.68,0,292,1,997,48
USR_02695,0.7035,369.9,2,1,0.8309,0.8267,6,1340.43,0,190,1,536,29
USR_02696,0.898,786.9,2,0,0.5454,0.4198,5,10783.34,2,62,1,999,27
USR_02697,0.8371,462.4,0,0,0.3902,0.5101,10,1598.28,0,353,0,663,25
USR_02698,0.7499,1124.9,0,0,0.6776,0.822,9,897.37,0,293,1,194,57
USR_02699,0.8071,927.7,1,0,0.701,0.5762,8,1307.82,0,257,0,122,27
USR_02700,0.903,306.4,1,0,0.5189,0.3519,8,6172.61,1,179,1,127,23
USR_02701,0.8635,552.0,2,0,0.8513,0.7551,7,1461.86,0,46,0,720,46
USR_02702,0.896,362.0,0,1,0.7294,0.7481,9,4778.87,0,36,1,732,53
USR_02703,0.7007,920.6,0,0,0.658,0.3852,7,3406.28,0,357,1,714,42
USR_02704,0.7267,1149.0,0,0,0.3729,0.7797,7,8433.44,1,106,1,193,40
USR_02705,0.7781,606.0,0,0,0.6496,0.416,7,1229.64,0,116,1,524,42
USR_02706,0.862,678.1,0,1,0.7231,0.3205,6,2987.72,1,281,0,842,20
USR_02707,0.8106,646.8,2,0,0.2343,0.2635,5,7226.26,0,218,1,346,29
USR_02708,0.9283,1028.3,2,0,0.783,0.1838,8,1340.28,0,82,1,387,36
USR_02709,0.8758,525.6,0,0,0.2239,0.6156,7,9085.73,0,264,1,387,50
USR_02710,0.8039,687.7,0,0,0.6266,0.6878,5,26171.23,1,251,1,467,43
USR_02711,0.6564,1131.7,2,0,0.1638,0.8774,5,4294.27,0,243,1,154,24
USR_02712,0.991,457.6,1,0,0.8227,0.8921,7,13443.77,0,301,1,424,28
USR_02713,0.9537,340.9,1,1,0.6018,0.2495,13,19167.26,1,144,0,172,28
USR_02714,0.7919,898.0,0,0,0.5288,0.4907,10,616.52,1,70,1,389,27
USR_02715,0.8484,1135.8,0,0,0.6176,0.5536,8,2884.57,0,352,1,728,48
USR_02716,0.7917,620.4,0,0,0.5556,0.7446,11,2805.72,0,168,1,257,47
USR_02717,0.8501,289.2,0,0,0.748,0.7046,9,3638.64,1,288,1,858,41
USR_02718,0.839,631.1,1,0,0.7284,0.3179,4,4860.38,0,74,0,162,38
USR_02719,0.8037,1156.8,1,0,0.5579,0.463,10,2728.88,1,330,1,861,32
USR_02720,0.635,377.2,0,0,0.8264,0.3687,7,946.32,0,356,1,766,39
USR_02721,0.9408,431.1,0,0,0.6862,0.6011,5,2011.02,0,290,1,777,60
USR_02722,0.906,479.2,0,1,0.3238,0.7552,7,8667.83,0,7,1,33,38
USR_02723,0.8203,970.6,0,1,0.3325,0.8125,10,9708.71,0,362,1,953,32
USR_02724,0.8909,749.0,1,0,0.6704,0.5271,8,3746.41,1,349,1,658,43
USR_02725,0.7559,647.5,1,0,0.4878,0.1811,4,10309.71,0,8,1,525,35
USR_02726,0.9705,587.3,2,0,0.5848,0.2689,7,1392.17,0,70,1,548,36
USR_02727,0.9908,237.7,0,0,0.562,0.0044,14,4932.76,0,170,1,215,37
USR_02728,0.682,554.4,1,0,0.615,0.6065,7,2720.08,0,354,1,916,37
USR_02729,0.8667,475.5,0,1,0.6206,0.4977,10,835.71,0,267,1,551,42
USR_02730,0.8249,718.2,0,1,0.3089,0.3347,7,9666.03,0,303,1,482,22
USR_02731,0.9415,512.6,0,0,0.2872,0.7339,5,3474.0,0,175,1,989,49
USR_02732,0.7882,371.7,0,0,0.8749,0.4425,11,1949.54,0,152,1,753,54
USR_02733,0.9393,549.4,0,0,0.4034,0.8557,5,2832.57,0,1,1,893,44
USR_02734,0.9855,1364.8,0,0,0.5729,0.1119,13,6432.78,0,101,1,401,33
USR_02735,0.859,638.9,0,0,0.4376,0.6138,9,1032.37,0,332,1,597,44
USR_02736,0.9954,351.6,0,0,0.5562,0.2818,4,3275.74,0,273,1,882,44
USR_02737,0.7305,991.6,1,0,0.8556,0.7659,6,2558.38,0,32,1,426,38
USR_02738,0.8228,279.5,1,0,0.4419,0.1336,3,1416.24,1,227,1,618,11
USR_02739,0.8602,577.6,0,0,0.51,0.7435,12,8429.37,0,110,1,79,59
USR_02740,0.8112,612.5,4,0,0.6828,0.4268,11,2933.1,0,154,1,106,16
USR_02741,0.9098,1075.5,0,0,0.5076,0.2194,13,7487.54,1,353,1,986,52
USR_02742,0.8361,1455.7,1,0,0.8787,0.8038,3,3008.46,1,306,0,264,44
USR_02743,0.9258,955.7,0,1,0.4896,0.233,9,6291.72,0,237,1,893,36
USR_02744,0.9791,1141.8,0,0,0.6287,0.8426,11,50000.0,0,160,1,275,61
USR_02745,0.8846,943.3,0,0,0.8412,0.4881,5,2889.83,0,98,1,40,45
USR_02746,0.7062,264.8,1,0,0.4505,0.2859,8,936.41,1,328,1,855,31
USR_02747,0.5679,773.5,1,0,0.6949,0.3781,8,7784.88,1,173,1,753,28
USR_02748,0.7285,616.4,0,2,0.1661,0.7521,9,8861.21,2,69,1,766,26
USR_02749,0.6702,331.0,0,1,0.7331,0.7883,7,3204.17,0,6,1,959,37
USR_02750,0.9722,1594.8,0,1,0.8464,0.2609,6,2149.75,0,330,1,385,24
USR_02751,0.6502,782.2,1,0,0.568,0.641,13,6197.66,0,40,1,925,19
USR_02752,0.9415,923.2,0,1,0.7669,0.0746,12,3862.31,0,351,1,692,20
USR_02753,0.8188,799.6,0,0,0.5361,0.6664,7,2125.65,0,240,1,707,45
USR_02754,0.794,1018.2,0,0,0.401,0.3242,10,5346.21,0,231,1,909,28
USR_02755,0.9575,1034.5,0,0,0.8484,0.4049,7,1618.45,0,55,1,852,39
USR_02756,0.9897,373.9,1,0,0.6288,0.3779,13,3617.51,0,216,1,827,38
USR_02757,0.9318,1441.7,1,0,0.6046,0.9314,5,3110.83,1,248,1,336,42
USR_02758,0.8602,638.6,0,0,0.4291,0.5121,7,2710.23,0,135,1,387,54
USR_02759,0.9814,737.7,0,0,0.7402,0.1042,9,9274.1,0,75,1,617,41
USR_02760,0.8992,1095.1,1,0,0.6587,0.6949,11,1198.51,0,193,0,70,37
USR_02761,0.8673,445.7,0,0,0.5059,0.5429,7,10425.84,0,261,1,302,33
USR_02762,0.5913,629.2,0,0,0.7984,0.4819,9,2458.69,0,182,1,978,25
USR_02763,0.8301,428.9,0,0,0.6495,0.8739,10,2432.39,0,36,1,35,43
USR_02764,0.8406,911.8,1,0,0.4357,0.5077,11,3920.61,0,23,1,972,35
USR_02765,0.9685,611.6,1,0,0.3554,0.5062,4,1109.2,0,342,1,86,32
USR_02766,0.6448,566.3,3,0,0.3389,0.7582,7,3852.11,0,238,1,182,21
USR_02767,0.9369,705.8,1,0,0.7329,0.682,10,19257.24,0,96,1,899,49
USR_02768,0.8562,1249.2,0,1,0.3785,0.085,10,2492.72,1,9,0,784,22
USR_02769,0.7752,1067.5,0,0,0.6868,0.7759,12,27219.4,0,198,1,882,39
USR_02770,0.8661,824.6,0,0,0.8254,0.9312,7,4990.03,0,295,1,363,42
USR_02771,0.8454,798.3,0,0,0.1553,0.4692,11,1671.45,1,173,1,281,36
USR_02772,0.7713,540.3,0,0,0.5368,0.1324,5,3220.45,0,253,0,723,36
USR_02773,0.9407,1097.5,1,0,0.4275,0.5876,13,2202.56,0,216,1,808,52
USR_02774,0.8526,1675.3,0,0,0.7422,0.2603,7,23259.99,0,138,1,342,30
USR_02775,0.9509,823.2,2,2,0.7417,0.4277,17,2733.23,0,241,1,474,22
USR_02776,0.5198,626.9,0,0,0.7954,0.3596,11,4890.01,2,324,1,315,28
USR_02777,0.8238,511.0,0,1,0.5822,0.3438,8,5421.45,1,30,1,261,41
USR_02778,0.822,780.2,0,0,0.4241,0.8701,9,250.49,0,163,1,946,44
USR_02779,0.6415,1192.9,0,0,0.8864,0.541,10,10018.5,0,106,1,935,40
USR_02780,0.7169,354.6,0,0,0.6909,0.5029,5,1399.05,1,7,1,974,47
USR_02781,0.7147,958.1,0,0,0.8824,0.3306,14,2078.86,0,315,1,211,42
USR_02782,0.7914,283.0,0,0,0.8158,0.4826,7,600.96,0,265,1,523,41
USR_02783,0.9655,340.0,1,0,0.5775,0.7335,7,29967.98,0,149,0,388,43
USR_02784,0.6856,128.5,2,1,0.4909,0.7383,9,4310.67,0,246,1,115,33
USR_02785,0.9621,2456.4,1,0,0.7631,0.519,11,1212.96,0,125,0,658,49
USR_02786,0.9773,320.9,2,0,0.4336,0.2071,7,1760.81,0,273,1,50,16
USR_02787,0.9608,617.6,0,0,0.5433,0.4903,10,1286.18,0,90,1,399,40
USR_02788,0.7776,878.7,0,0,0.7284,0.493,7,2001.73,2,252,1,150,45
USR_02789,0.7359,737.8,1,0,0.8368,0.0239,5,874.14,0,275,1,92,20
USR_02790,0.815,473.6,0,0,0.5851,0.7086,8,7084.72,0,283,1,345,43
USR_02791,0.736,590.0,0,0,0.5321,0.8908,10,8321.72,0,149,1,260,35
USR_02792,0.9376,1262.2,0,0,0.5662,0.8997,5,917.35,0,296,1,313,53
USR_02793,0.6631,309.7,1,0,0.5781,0.7561,9,4901.66,0,206,1,361,42
USR_02794,0.9612,1082.2,0,0,0.2898,0.6791,4,1494.72,0,74,1,621,57
USR_02795,0.9513,1015.8,1,2,0.6852,0.6153,9,1655.72,0,285,1,293,28
USR_02796,0.8751,295.5,0,0,0.3902,0.6731,8,3637.17,0,279,1,802,48
USR_02797,0.9303,171.1,0,0,0.7052,0.7336,7,3117.57,2,299,1,837,47
USR_02798,0.8478,1314.0,2,0,0.6388,0.8071,11,1075.24,1,116,1,166,40
USR_02799,0.9912,324.8,0,0,0.3533,0.1019,3,6409.6,1,235,1,94,27
USR_02800,0.9762,1174.0,0,1,0.6931,0.8469,6,897.59,2,287,1,154,38
USR_02801,0.9417,1922.9,0,1,0.8955,0.7569,5,1107.73,0,26,1,390,53
USR_02802,0.9396,1116.5,2,0,0.94,0.5272,5,894.14,0,257,1,634,36
USR_02803,0.7904,871.4,0,0,0.8523,0.5241,8,8819.54,0,221,1,113,36
USR_02804,0.749,843.2,0,0,0.4559,0.8168,5,4682.79,0,249,1,966,63
USR_02805,0.8489,470.7,1,0,0.5239,0.238,6,2072.77,0,318,1,853,36
USR_02806,0.5759,1437.9,1,0,0.8401,0.6764,12,1836.32,0,101,0,293,24
USR_02807,0.8383,573.4,1,0,0.8884,0.5558,8,4605.73,0,344,1,144,39
USR_02808,0.937,216.3,1,0,0.5531,0.6241,8,7154.0,0,224,0,792,30
USR_02809,0.8506,509.3,1,0,0.3845,0.4132,6,1691.65,0,174,1,477,39
USR_02810,0.7376,227.4,2,0,0.7907,0.2563,11,1879.99,0,293,0,79,27
USR_02811,0.9329,1281.7,3,1,0.8956,0.1576,5,4746.25,0,130,1,183,10
USR_02812,0.8055,1399.5,1,0,0.6874,0.1457,6,6268.96,0,71,1,271,34
USR_02813,0.403,2070.5,0,0,0.3587,0.6599,4,2869.16,2,344,1,987,43
USR_02814,0.9039,449.8,1,0,0.4896,0.5607,14,5773.48,0,6,0,677,36
USR_02815,0.6492,390.2,0,0,0.4256,0.3207,9,1809.62,0,111,1,526,49
USR_02816,0.6292,458.5,0,0,0.7562,0.8003,11,3811.71,0,316,1,834,47
USR_02817,0.9001,978.8,0,0,0.4604,0.5738,9,9219.2,0,48,1,506,48
USR_02818,0.9747,1591.9,0,1,0.7778,0.3511,6,951.87,0,246,0,625,39
USR_02819,0.9338,1341.0,0,1,0.5768,0.2851,4,6754.31,0,107,1,460,32
USR_02820,0.8173,1251.2,0,1,0.4092,0.1748,6,679.9,1,301,1,843,34
USR_02821,0.8978,1221.7,1,0,0.5803,0.2302,3,5298.89,0,220,1,475,34
USR_02822,0.95,444.9,1,0,0.6137,0.75,10,3398.59,0,253,1,589,29
USR_02823,0.9518,821.1,0,1,0.9216,0.3983,10,1414.22,1,163,1,916,46
USR_02824,0.5909,444.6,2,0,0.4315,0.4739,6,3465.69,1,149,1,779,32
USR_02825,0.8699,277.3,0,0,0.6167,0.0913,9,198.15,0,355,1,640,38
USR_02826,0.6534,890.7,0,0,0.4903,0.2273,6,642.73,0,233,1,176,35
USR_02827,0.9731,606.5,0,1,0.31,0.2327,11,2320.91,0,357,1,84,25
USR_02828,0.8884,1353.0,0,0,0.588,0.5697,6,14723.04,1,95,1,260,44
USR_02829,0.8031,349.8,0,0,0.5475,0.1979,9,996.45,2,140,1,606,30
USR_02830,0.957,489.9,0,0,0.747,0.363,9,14499.79,0,145,1,865,54
USR_02831,0.9049,999.6,0,0,0.7971,0.293,11,1780.64,1,14,0,109,31
USR_02832,0.9853,1195.6,0,1,0.6991,0.0738,6,481.36,0,328,1,38,31
USR_02833,0.8271,308.9,0,2,0.511,0.6991,8,6406.4,0,197,1,33,44
USR_02834,0.8637,607.2,0,0,0.312,0.7315,11,10899.25,0,4,1,977,48
USR_02835,0.9474,417.9,0,0,0.845,0.3976,8,18306.44,0,342,1,223,40
USR_02836,0.9281,707.0,0,0,0.3944,0.6937,12,3308.27,1,335,0,218,39
USR_02837,0.6548,1462.8,0,0,0.6011,0.3503,6,1100.84,0,175,1,378,40
USR_02838,0.9648,870.5,1,1,0.6454,0.813,8,6556.19,0,104,1,343,49
USR_02839,0.9132,1885.4,0,0,0.7044,0.8142,8,1655.68,0,211,1,433,51
USR_02840,0.7891,610.1,0,0,0.6029,0.3204,13,8304.63,0,218,1,781,40
USR_02841,0.5075,2553.1,0,0,0.5265,0.2745,12,2225.05,0,334,1,155,37
USR_02842,0.8281,258.4,0,0,0.4827,0.1947,6,1806.05,0,279,1,886,26
USR_02843,0.7511,710.2,0,0,0.7276,0.6741,3,5437.14,0,29,1,479,55
USR_02844,0.7991,755.4,0,0,0.6164,0.2618,13,2812.36,1,66,1,992,18
USR_02845,0.7723,1187.4,0,0,0.8876,0.4821,6,4161.79,1,87,0,837,45
USR_02846,0.943,1376.8,1,0,0.8842,0.4953,7,2258.95,0,1,1,708,42
USR_02847,0.8253,1208.7,0,0,0.9138,0.1786,6,5053.43,0,185,1,975,30
USR_02848,0.4922,415.2,1,0,0.7363,0.7349,10,681.78,2,1,1,418,17
USR_02849,0.7688,295.8,0,1,0.6743,0.2683,5,2441.24,0,29,1,358,33
USR_02850,0.8839,546.2,0,1,0.5475,0.6983,6,855.75,0,248,1,282,49
USR_02851,0.8178,496.1,0,0,0.2656,0.7026,10,21162.99,0,139,1,739,25
USR_02852,0.8741,457.4,1,0,0.8423,0.4791,6,1634.1,1,54,1,85,31
USR_02853,0.8595,647.2,1,0,0.7269,0.5947,12,1084.79,0,350,1,591,32
USR_02854,0.8133,551.7,0,0,0.1896,0.3891,9,3324.23,0,241,1,610,42
USR_02855,0.5587,297.5,1,0,0.4166,0.6284,11,1062.95,0,228,1,33,22
USR_02856,0.9521,477.5,1,0,0.6295,0.3606,8,6969.54,0,304,1,217,37
USR_02857,0.9197,1052.3,0,0,0.6329,0.2862,11,2369.46,0,125,1,215,54
USR_02858,0.758,1336.9,0,0,0.2489,0.1581,9,3590.72,1,124,1,587,40
USR_02859,0.9108,1005.6,0,0,0.3384,0.4811,9,643.99,0,336,0,936,37
USR_02860,0.9887,308.7,0,0,0.3684,0.6295,12,6939.47,1,214,1,237,52
USR_02861,0.9612,406.3,0,0,0.237,0.6384,13,1166.23,0,297,1,984,42
USR_02862,0.8649,784.9,0,0,0.746,0.3986,5,1990.37,1,225,1,713,40
USR_02863,0.7407,282.2,2,0,0.5211,0.5034,10,812.93,0,2,1,820,29
USR_02864,0.5362,532.8,0,0,0.6847,0.3554,10,3825.95,0,210,0,890,34
USR_02865,0.8562,597.6,1,1,0.613,0.3973,11,2757.33,0,69,1,614,7
USR_02866,0.9563,242.3,0,0,0.528,0.5973,5,742.28,0,24,1,311,37
USR_02867,0.767,815.4,1,0,0.2743,0.3389,6,7278.77,0,190,1,120,23
USR_02868,0.5514,1065.2,0,0,0.667,0.7272,7,1616.4,0,132,0,766,33
USR_02869,0.5986,1117.9,0,0,0.5661,0.7537,7,3557.26,0,31,1,574,34
USR_02870,0.8356,327.6,1,1,0.4708,0.3663,11,3699.1,2,39,1,928,27
USR_02871,0.9326,807.6,0,0,0.6253,0.7265,11,6330.43,1,61,1,915,50
USR_02872,0.9532,989.4,1,1,0.6073,0.878,10,892.38,0,331,1,181,63
USR_02873,0.89,823.1,0,0,0.5249,0.2668,8,5713.27,0,230,1,46,41
USR_02874,0.8189,1897.5,1,0,0.2147,0.7038,8,13531.08,1,332,1,649,35
USR_02875,0.923,1015.5,2,1,0.2906,0.9323,9,1194.85,0,108,1,789,29
USR_02876,0.9007,1044.7,1,0,0.5735,0.7224,10,1501.36,1,91,1,728,51
USR_02877,0.8208,1404.2,0,0,0.537,0.4092,9,8721.89,0,236,1,103,38
USR_02878,0.9279,550.2,2,0,0.695,0.5395,3,6010.9,0,295,1,964,34
USR_02879,0.9056,676.2,0,0,0.4337,0.3432,5,3514.03,0,352,0,46,44
USR_02880,0.8272,623.2,1,0,0.2221,0.548,8,1904.06,0,216,1,458,28
USR_02881,0.9582,513.0,0,0,0.1953,0.536,2,1096.3,0,170,1,376,47
USR_02882,0.9455,549.2,3,0,0.8009,0.4844,17,1245.52,1,118,1,755,34
USR_02883,0.6712,346.1,1,0,0.7742,0.0429,8,8684.54,0,261,1,89,26
USR_02884,0.7919,631.7,0,0,0.9585,0.6839,8,4751.28,0,328,1,537,38
USR_02885,0.8469,509.4,2,0,0.4915,0.1592,5,4175.09,0,39,1,894,10
USR_02886,0.9488,2948.7,0,0,0.8683,0.7441,16,5511.21,0,231,1,589,42
USR_02887,0.9398,1167.8,1,0,0.6412,0.7752,7,8337.82,0,309,0,715,46
USR_02888,0.8381,378.3,1,0,0.5908,0.4044,8,4243.79,0,337,1,445,37
USR_02889,0.8105,507.9,0,0,0.5764,0.1957,9,10453.44,0,361,1,397,45
USR_02890,0.6966,470.2,0,0,0.8535,0.261,4,1491.44,0,236,1,221,33
USR_02891,0.9272,425.0,1,0,0.6839,0.7331,9,1267.41,0,124,0,325,40
USR_02892,0.9666,301.2,1,0,0.6202,0.3547,10,1615.21,0,216,1,331,46
USR_02893,0.8785,1424.5,1,0,0.6261,0.5722,6,1661.84,1,210,1,586,38
USR_02894,0.7168,864.3,0,0,0.4046,0.3725,7,10340.75,1,261,1,745,25
USR_02895,0.936,450.6,1,1,0.5438,0.3785,10,1591.41,1,123,1,983,28
USR_02896,0.9083,569.3,0,0,0.8644,0.5258,7,36907.41,0,134,1,740,67
USR_02897,0.9267,717.9,0,0,0.6554,0.1454,5,8429.59,0,51,1,681,31
USR_02898,0.9423,574.0,1,0,0.48,0.4377,7,2074.06,0,360,1,380,42
USR_02899,0.9034,438.4,0,0,0.6755,0.7208,8,6650.76,0,253,1,691,55
USR_02900,0.9449,1137.1,1,1,0.7645,0.4486,9,2270.83,1,246,0,329,26
USR_02901,0.857,565.2,0,0,0.7004,0.4643,7,3342.7,2,260,1,733,46
USR_02902,0.765,469.5,1,0,0.5801,0.1075,10,9698.32,0,288,1,880,40
USR_02903,0.7629,601.7,0,1,0.826,0.3401,6,797.41,0,306,1,621,20
USR_02904,0.8571,233.4,0,0,0.4972,0.8333,6,2691.3,0,186,1,808,54
USR_02905,0.7441,876.6,0,0,0.5542,0.3196,14,1941.48,0,84,1,999,52
USR_02906,0.9666,464.3,0,0,0.703,0.6357,5,541.56,0,32,0,525,51
USR_02907,0.971,488.8,1,2,0.952,0.4595,5,3991.67,1,290,1,945,22
USR_02908,0.9025,1026.9,0,0,0.3828,0.7791,9,795.81,0,115,1,405,47
USR_02909,0.7694,955.2,0,1,0.453,0.383,10,1131.59,0,74,1,718,19
USR_02910,0.9523,1032.3,2,0,0.4132,0.4131,4,640.91,0,180,0,509,34
USR_02911,0.8432,767.4,1,0,0.7012,0.1523,7,3875.95,0,349,1,506,28
USR_02912,0.9239,670.3,0,1,0.6851,0.5631,9,8584.62,0,223,0,786,37
USR_02913,0.854,821.9,1,0,0.7584,0.3504,10,1455.71,0,92,1,147,28
USR_02914,0.8728,923.0,1,0,0.3763,0.5013,2,4637.39,2,354,1,773,39
USR_02915,0.9334,474.0,0,0,0.7571,0.5486,4,997.18,1,124,1,543,48
USR_02916,0.9455,1060.1,0,0,0.7467,0.6569,3,2085.58,1,11,1,260,50
USR_02917,0.7314,1303.1,0,0,0.7524,0.5181,7,2692.52,0,15,1,280,48
USR_02918,0.9183,900.5,2,0,0.8808,0.3395,8,20968.26,0,129,1,203,23
USR_02919,0.9249,760.5,2,1,0.5483,0.1154,8,4293.66,0,106,1,416,27
USR_02920,0.7789,769.6,0,0,0.3851,0.5565,7,5552.62,0,126,0,492,18
USR_02921,0.8304,333.2,0,0,0.8097,0.6032,9,4720.21,1,84,1,128,57
USR_02922,0.8906,1177.3,0,0,0.6057,0.2945,8,609.46,0,56,0,944,37
USR_02923,0.902,706.9,0,1,0.5204,0.2002,14,1818.19,0,301,1,587,32
USR_02924,0.8644,287.4,0,1,0.2473,0.6416,5,3503.87,0,185,1,661,32
USR_02925,0.8639,747.9,0,1,0.8236,0.1308,7,7578.23,0,345,0,448,24
USR_02926,0.9013,978.8,0,0,0.7824,0.1069,13,19686.12,0,46,1,325,49
USR_02927,0.8397,357.3,1,0,0.3749,0.6452,4,1815.23,1,124,1,432,32
USR_02928,0.9524,1738.4,0,1,0.5684,0.4008,7,378.28,1,281,1,697,26
USR_02929,0.9492,703.6,0,1,0.9029,0.6594,11,517.47,0,27,1,299,32
USR_02930,0.8907,762.3,1,0,0.6667,0.3202,7,438.95,0,71,0,175,40
USR_02931,0.8362,575.5,0,0,0.548,0.4939,6,1052.61,0,93,1,82,47
USR_02932,0.7521,668.4,1,0,0.5368,0.5117,5,11360.31,0,265,1,132,44
USR_02933,0.8375,715.5,1,0,0.4032,0.5154,8,4130.09,0,75,0,588,44
USR_02934,0.8002,656.8,1,1,0.6168,0.5738,11,4919.88,0,293,1,223,48
USR_02935,0.948,336.9,2,1,0.1347,0.6876,6,4003.71,0,153,1,738,17
USR_02936,0.5536,620.4,1,0,0.5315,0.5872,1,2996.79,0,233,1,186,27
USR_02937,0.6178,2379.8,1,0,0.3377,0.9082,9,4987.34,1,126,1,937,23
USR_02938,0.9709,653.4,1,1,0.728,0.3404,6,4375.33,0,207,1,535,29
USR_02939,0.8596,453.5,0,0,0.3101,0.8867,9,439.81,0,5,1,398,58
USR_02940,0.9664,1094.6,0,0,0.4927,0.2608,7,5318.43,0,22,0,693,35
USR_02941,0.6888,768.3,0,0,0.6063,0.614,4,1153.42,1,22,1,639,44
USR_02942,0.972,302.9,0,0,0.3967,0.6981,9,2019.04,0,272,1,158,40
USR_02943,0.9072,649.1,0,0,0.8159,0.6432,4,5157.28,0,182,1,981,28
USR_02944,0.9016,720.2,1,0,0.8892,0.5565,6,7377.08,0,69,1,891,37
USR_02945,0.8614,783.6,0,0,0.3127,0.4187,5,2225.77,0,186,1,74,42
USR_02946,0.9345,415.3,2,0,0.8845,0.3589,13,1898.73,1,193,0,555,29
USR_02947,0.8764,327.7,0,0,0.8537,0.4952,10,12997.25,0,296,0,803,34
USR_02948,0.8471,469.0,0,0,0.3568,0.537,12,549.79,0,304,1,199,39
USR_02949,0.8058,1009.5,2,1,0.4133,0.347,14,2105.71,0,78,1,543,21
USR_02950,0.6333,389.7,0,1,0.3663,0.3978,6,7409.66,0,211,1,225,20
USR_02951,0.9715,302.9,0,1,0.57,0.5712,6,3890.97,0,131,1,672,49
USR_02952,0.8847,1574.0,0,0,0.6238,0.812,16,1280.74,0,221,1,275,50
USR_02953,0.8585,731.7,1,1,0.4966,0.7406,10,3311.92,0,169,1,927,34
USR_02954,0.5814,613.2,1,0,0.6685,0.2116,4,541.93,0,252,1,545,20
USR_02955,0.5835,472.4,1,0,0.6942,0.6118,7,4487.21,0,3,1,679,35
USR_02956,0.856,667.2,0,0,0.565,0.2962,10,2378.71,0,330,1,857,36
USR_02957,0.9619,1035.3,0,1,0.4101,0.6829,14,3101.51,0,11,1,276,38
USR_02958,0.858,754.4,1,1,0.5706,0.1107,6,645.48,0,359,1,227,11
USR_02959,0.8421,384.6,0,0,0.6293,0.6971,7,1082.78,0,349,0,432,40
USR_02960,0.965,785.2,1,0,0.947,0.3184,8,1870.17,0,198,1,648,35
USR_02961,0.6702,589.0,0,0,0.5929,0.6943,4,850.26,0,86,0,104,28
USR_02962,0.7416,1872.4,0,1,0.8379,0.6501,12,8228.22,0,301,1,382,45
USR_02963,0.97,425.8,0,0,0.519,0.351,5,2502.91,0,117,1,311,55
USR_02964,0.89,893.6,1,0,0.3547,0.2938,10,3265.72,0,257,1,550,36
USR_02965,0.6951,535.9,2,0,0.8211,0.6793,8,1989.04,1,251,1,520,34
USR_02966,0.8573,599.5,0,0,0.6305,0.1164,6,3992.97,0,126,1,190,26
USR_02967,0.8949,1474.4,0,1,0.8125,0.4199,6,4159.71,1,5,1,798,47
USR_02968,0.9452,806.0,3,0,0.5027,0.1616,9,4198.03,0,227,1,633,29
USR_02969,0.8691,1151.0,0,0,0.5104,0.1432,10,4084.88,0,250,1,102,31
USR_02970,0.9723,719.2,1,0,0.8078,0.1847,8,6381.69,1,310,1,50,40
USR_02971,0.9362,802.4,1,0,0.3818,0.3504,6,2224.97,0,192,1,499,22
USR_02972,0.9426,1304.4,0,1,0.5422,0.3745,4,6220.06,0,33,1,835,41
USR_02973,0.9331,2093.6,0,0,0.4779,0.5408,8,10163.85,0,5,1,101,45
USR_02974,0.9051,606.8,1,0,0.7419,0.3085,11,1700.53,0,161,1,677,24
USR_02975,0.9087,420.4,1,0,0.7713,0.6205,2,1022.77,1,189,0,72,34
USR_02976,0.682,674.8,2,0,0.6534,0.5355,10,5325.64,0,43,1,788,36
USR_02977,0.7821,1084.0,0,0,0.4003,0.5408,7,601.57,0,264,1,356,42
USR_02978,0.6055,584.1,0,0,0.5072,0.3127,11,1569.6,0,188,0,627,32
USR_02979,0.9808,1329.5,1,0,0.2035,0.4484,7,31597.71,1,342,1,234,42
USR_02980,0.8394,541.8,0,0,0.8452,0.1034,13,769.84,0,184,1,963,42
USR_02981,0.8506,691.0,0,0,0.742,0.4461,7,21448.88,0,132,1,33,51
USR_02982,0.9632,531.0,0,0,0.7617,0.3208,12,5845.53,0,127,1,533,42
USR_02983,0.8132,1990.7,0,1,0.4905,0.282,12,6541.82,1,89,1,182,17
USR_02984,0.953,823.5,2,1,0.3483,0.8319,9,5493.2,0,299,1,238,43
USR_02985,0.7206,436.4,1,1,0.7833,0.4235,11,6858.01,0,90,1,439,26
USR_02986,0.8766,353.5,0,0,0.5427,0.2411,14,26799.16,0,154,1,686,31
USR_02987,0.8115,262.2,0,1,0.5378,0.1322,6,1851.93,1,218,1,420,35
USR_02988,0.7048,547.2,0,0,0.579,0.5026,3,1656.36,1,356,1,724,40
USR_02989,0.9466,778.6,0,1,0.7631,0.3738,9,4437.18,1,19,1,845,36
USR_02990,0.8816,888.0,0,0,0.9774,0.2501,10,3716.82,0,103,1,920,51
USR_02991,0.728,246.7,0,0,0.831,0.5629,3,1872.94,1,182,1,609,38
USR_02992,0.8629,542.3,1,0,0.5328,0.4401,7,1208.01,0,261,0,980,27
USR_02993,0.8801,646.3,0,0,0.9263,0.523,8,6617.0,2,156,1,259,30
USR_02994,0.9974,940.6,0,0,0.2371,0.4572,12,29567.2,0,312,1,579,36
USR_02995,0.8893,1050.9,0,0,0.8156,0.2229,6,1408.63,0,329,1,815,44
USR_02996,0.7176,479.9,1,1,0.3594,0.3397,7,1385.28,0,184,0,466,19
USR_02997,0.9233,496.4,0,0,0.1429,0.6401,7,3156.44,0,70,1,156,57
USR_02998,0.8723,742.0,0,0,0.519,0.3025,8,1493.4,1,36,1,160,39
USR_02999,0.9276,681.9,1,0,0.5587,0.6459,5,6154.41,0,358,1,341,43
USR_03000,0.8217,655.5,0,0,0.4483,0.842,8,1100.63,0,158,1,851,59
USR_03001,0.9112,883.2,2,1,0.2656,0.4328,6,2525.78,0,43,1,498,12
USR_03002,0.8751,277.7,0,0,0.7606,0.9387,10,3052.46,0,20,1,135,50
USR_03003,0.8571,791.1,1,0,0.8484,0.3331,7,501.01,0,12,0,513,42
USR_03004,0.9643,494.5,0,2,0.6788,0.7454,7,7440.13,0,236,1,313,29
USR_03005,0.7854,821.2,0,1,0.8095,0.4911,10,460.55,0,11,1,782,37
USR_03006,0.8355,767.3,0,0,0.2918,0.3452,10,941.74,1,246,1,301,37
USR_03007,0.7198,1336.9,0,2,0.7479,0.869,9,7580.67,0,15,1,889,25
USR_03008,0.9089,831.5,0,0,0.1717,0.6884,8,1038.86,0,319,0,152,46
USR_03009,0.9243,578.1,1,0,0.396,0.9018,8,26210.6,0,53,1,353,38
USR_03010,0.8662,887.6,0,0,0.2379,0.6405,9,2912.98,1,96,0,344,29
USR_03011,0.775,781.6,0,0,0.7184,0.6392,7,4661.94,0,334,1,991,40
USR_03012,0.8539,917.3,0,1,0.4016,0.7893,16,653.94,1,64,1,365,33
USR_03013,0.9018,2018.4,0,0,0.6626,0.8576,8,13795.98,0,301,1,111,55
USR_03014,0.9605,905.6,0,0,0.6167,0.7331,6,1744.51,0,160,0,233,43
USR_03015,0.9778,1972.7,1,0,0.7078,0.6142,8,695.14,0,315,1,492,37
USR_03016,0.8864,901.2,1,1,0.9854,0.6801,8,5268.58,1,238,0,67,32
USR_03017,0.7385,660.9,0,0,0.6675,0.3853,8,6325.26,1,22,0,427,27
USR_03018,0.6912,321.5,0,0,0.9621,0.7356,7,4027.59,1,86,1,595,47
USR_03019,0.9464,1511.3,0,0,0.323,0.2035,10,1945.07,1,363,1,310,30
USR_03020,0.6733,604.7,0,0,0.36,0.4926,11,6151.59,0,132,0,957,16
USR_03021,0.8054,337.7,1,0,0.7796,0.4712,12,8069.68,0,347,1,666,52
USR_03022,0.9178,1142.6,0,0,0.6054,0.4205,9,7930.61,1,240,0,836,36
USR_03023,0.9867,450.1,1,0,0.8523,0.31,6,1432.81,0,262,0,360,50
USR_03024,0.8402,339.9,0,0,0.4734,0.1889,3,1931.21,0,263,1,230,25
USR_03025,0.8376,550.2,0,0,0.4575,0.2606,7,3531.93,0,67,1,96,29
USR_03026,0.9285,1411.1,0,1,0.7173,0.2564,8,3198.32,0,319,1,289,28
USR_03027,0.745,1312.3,1,0,0.557,0.7574,10,3114.39,0,1,1,822,50
USR_03028,0.956,285.6,0,0,0.8124,0.36,6,10336.04,0,310,1,974,54
USR_03029,0.9541,364.8,1,0,0.8747,0.2677,6,1816.66,1,71,1,441,43
USR_03030,0.908,441.4,0,0,0.8434,0.3775,16,579.72,1,95,1,991,47
USR_03031,0.857,315.4,1,0,0.5235,0.1456,8,1142.91,0,293,1,557,30
USR_03032,0.787,609.1,1,1,0.8102,0.4706,9,269.98,0,196,1,275,32
USR_03033,0.6927,567.0,0,0,0.5796,0.1775,8,4282.83,0,360,1,626,30
USR_03034,0.8378,509.7,1,0,0.4156,0.6342,11,3060.67,0,227,0,472,37
USR_03035,0.68,814.2,1,0,0.6991,0.5696,7,1041.58,0,28,1,865,18
USR_03036,0.8548,350.4,1,1,0.1232,0.8002,14,1758.24,0,305,1,923,25
USR_03037,0.8457,552.4,1,0,0.6211,0.4788,7,2314.44,0,126,1,982,47
USR_03038,0.6605,360.0,0,1,0.8395,0.6104,12,6673.71,0,18,1,791,34
USR_03039,0.7892,300.8,0,0,0.4102,0.5733,5,6906.72,0,292,1,543,47
USR_03040,0.7618,465.1,1,2,0.5123,0.7078,8,1749.82,0,260,1,972,17
USR_03041,0.7411,2491.8,0,1,0.4099,0.8224,11,42857.97,0,245,1,360,43
USR_03042,0.956,787.9,0,1,0.4991,0.6052,7,2125.81,0,19,1,722,37
USR_03043,0.8499,860.0,0,1,0.8984,0.3388,8,257.55,1,109,1,836,36
USR_03044,0.9799,424.4,0,0,0.8889,0.2478,11,4179.11,0,31,0,929,62
USR_03045,0.729,1820.1,1,0,0.207,0.0926,6,850.97,0,168,1,641,31
USR_03046,0.7388,345.1,0,0,0.4583,0.6902,8,6150.72,0,323,0,313,42
USR_03047,0.8013,1235.2,1,0,0.6414,0.3963,8,2040.95,0,172,1,401,31
USR_03048,0.8097,321.5,0,0,0.5094,0.5622,11,1959.52,1,61,1,880,51
USR_03049,0.9292,1014.0,0,0,0.8504,0.4462,6,521.37,1,102,0,267,47
USR_03050,0.9296,764.5,1,0,0.2844,0.1798,2,5432.97,0,122,1,508,57
USR_03051,0.8825,678.4,1,0,0.9356,0.6443,6,1515.31,0,234,1,178,53
USR_03052,0.7665,879.4,1,2,0.9095,0.2508,5,10988.53,0,205,1,454,9
USR_03053,0.9446,412.9,1,1,0.1179,0.3592,10,1585.93,0,305,1,165,31
USR_03054,0.8665,1100.4,1,1,0.6454,0.7016,5,4851.0,0,336,1,877,24
USR_03055,0.816,773.4,0,0,0.7171,0.3502,5,2203.61,0,101,1,837,47
USR_03056,0.8918,658.6,0,0,0.5458,0.5739,6,337.73,1,216,1,231,40
USR_03057,0.8821,431.5,1,0,0.4539,0.4479,10,1187.98,0,73,1,406,41
USR_03058,0.9481,872.4,1,0,0.548,0.4318,7,15330.36,0,98,1,402,41
USR_03059,0.9494,323.9,2,1,0.4468,0.5005,4,1823.89,0,218,1,696,33
USR_03060,0.9129,948.8,0,0,0.5671,0.6008,9,3948.27,0,192,1,865,51
USR_03061,0.8856,799.4,1,1,0.3373,0.4495,6,2221.87,0,72,1,328,12
USR_03062,0.9632,586.3,1,0,0.5675,0.6016,2,2299.96,1,90,1,400,53
USR_03063,0.8246,664.9,0,0,0.5188,0.1688,5,941.53,0,359,1,280,39
USR_03064,0.7752,236.3,0,0,0.9335,0.7353,10,533.14,1,326,1,496,40
USR_03065,0.9398,710.3,0,1,0.6464,0.3367,6,2282.47,1,172,1,217,34
USR_03066,0.7981,786.3,0,0,0.4803,0.4867,8,10476.5,0,63,1,142,40
USR_03067,0.7137,1021.6,0,1,0.3661,0.6788,5,7859.75,1,284,1,109,31
USR_03068,0.8345,727.0,0,0,0.664,0.8005,5,2632.13,0,209,1,355,54
USR_03069,0.9758,1081.8,0,0,0.4263,0.4423,7,2305.33,0,118,1,976,40
USR_03070,0.7722,359.6,1,2,0.5462,0.7291,10,3679.21,0,147,1,167,17
USR_03071,0.993,1011.6,0,0,0.8388,0.1106,9,3491.96,0,42,1,875,52
USR_03072,0.9243,793.1,0,0,0.8475,0.2689,10,859.47,0,111,1,108,35
USR_03073,0.8146,358.7,0,0,0.717,0.2317,7,4826.53,0,12,1,514,34
USR_03074,0.7478,520.2,0,0,0.6578,0.6732,7,7087.88,0,178,1,338,42
USR_03075,0.9062,552.3,0,0,0.7966,0.3945,4,2386.26,2,270,1,137,26
USR_03076,0.9376,1280.8,0,0,0.8141,0.4049,9,2322.93,0,193,0,327,49
USR_03077,0.9394,515.0,1,0,0.4753,0.6776,9,2221.16,0,170,1,77,38
USR_03078,0.8779,670.3,0,1,0.7879,0.5546,9,7171.43,1,125,1,332,41
USR_03079,0.618,722.7,1,1,0.9293,0.7843,10,1137.93,0,32,0,729,22
USR_03080,0.7352,969.4,0,0,0.4321,0.5407,9,1239.27,0,245,1,613,47
USR_03081,0.9669,642.5,1,0,0.7479,0.4803,9,1142.1,1,117,1,848,38
USR_03082,0.8654,507.7,1,0,0.7579,0.5676,8,4355.42,0,139,1,676,43
USR_03083,0.9727,955.1,0,1,0.7946,0.2304,7,3853.38,0,291,1,479,42
USR_03084,0.7537,2211.4,0,0,0.6729,0.3104,7,2485.31,1,224,1,532,40
USR_03085,0.5744,461.1,1,0,0.6628,0.4489,9,14086.05,2,284,1,165,44
USR_03086,0.9918,910.5,0,0,0.5061,0.6003,4,7491.98,0,84,1,956,48
USR_03087,0.8799,1182.2,2,0,0.4754,0.4053,9,25767.61,0,199,1,95,31
USR_03088,0.8358,695.4,0,1,0.7313,0.6357,8,822.85,0,208,1,550,35
USR_03089,0.9804,688.5,0,1,0.5357,0.1872,11,18738.71,0,285,0,660,30
USR_03090,0.7781,1095.4,0,0,0.8425,0.472,4,4144.68,0,22,1,465,59
USR_03091,0.8658,453.3,1,0,0.6016,0.4504,6,2337.74,0,5,1,623,40
USR_03092,0.9147,731.1,1,0,0.3098,0.1078,13,2854.49,0,358,1,82,20
USR_03093,0.8649,884.2,1,1,0.728,0.579,11,2538.25,0,302,1,266,41
USR_03094,0.9648,514.9,0,0,0.6357,0.6805,5,45553.15,2,269,1,832,47
USR_03095,0.8901,1380.3,1,0,0.5659,0.8563,3,1426.33,1,14,0,461,44
USR_03096,0.9403,450.5,0,0,0.2593,0.274,8,12189.42,0,60,1,994,41
USR_03097,0.6581,746.8,0,0,0.9342,0.1727,7,779.91,0,173,1,452,34
USR_03098,0.7795,517.8,0,0,0.2354,0.5935,7,6300.71,1,332,0,647,37
USR_03099,0.7814,755.3,1,1,0.722,0.3801,10,3940.79,1,121,1,620,22
USR_03100,0.8495,247.6,2,0,0.8059,0.4687,4,6555.05,0,152,0,953,27
USR_03101,0.9902,582.2,0,0,0.766,0.4672,12,6618.15,1,61,1,212,54
USR_03102,0.6514,920.5,2,1,0.3128,0.7534,6,11319.36,0,192,1,587,27
USR_03103,0.9748,801.2,0,0,0.8769,0.3542,2,3318.59,0,136,1,480,41
USR_03104,0.8827,509.3,0,0,0.2788,0.5222,10,582.13,0,181,1,589,30
USR_03105,0.9146,297.9,1,0,0.6391,0.2238,8,7018.67,1,206,1,252,22
USR_03106,0.7698,573.4,0,2,0.9089,0.5486,2,1798.07,1,266,1,578,43
USR_03107,0.8085,391.2,0,1,0.7837,0.6482,5,2588.46,0,129,1,533,47
USR_03108,0.7531,683.9,1,0,0.664,0.4402,10,2375.85,0,209,1,727,38
USR_03109,0.9426,1547.9,0,0,0.6925,0.8396,3,511.66,0,304,1,423,53
USR_03110,0.8844,715.2,1,0,0.4058,0.8065,10,9605.39,1,71,1,820,39
USR_03111,0.779,594.7,3,1,0.4193,0.7188,5,2719.45,0,225,0,914,25
USR_03112,0.7127,542.7,1,0,0.8378,0.4051,5,3500.32,0,71,1,461,39
USR_03113,0.7466,1332.0,1,0,0.3088,0.9175,10,321.09,0,211,1,726,43
USR_03114,0.7493,1375.3,0,1,0.7752,0.3997,10,708.04,0,18,0,853,28
USR_03115,0.9901,422.8,1,0,0.344,0.3834,10,2748.95,1,124,1,39,41
USR_03116,0.9835,521.7,1,0,0.3582,0.1901,7,2925.91,0,63,1,684,30
USR_03117,0.8025,2235.6,1,1,0.2672,0.1124,8,2324.47,1,62,1,212,21
USR_03118,0.878,320.6,2,0,0.8822,0.6692,1,550.47,0,93,1,230,49
USR_03119,0.826,632.2,0,1,0.501,0.0921,3,4587.32,0,117,1,676,30
USR_03120,0.6746,355.5,0,0,0.4638,0.695,10,6419.94,0,226,1,982,32
USR_03121,0.9078,555.3,0,0,0.4112,0.2106,4,3750.51,0,347,0,232,28
USR_03122,0.8194,1097.8,1,0,0.7026,0.4417,11,865.2,0,180,1,158,50
USR_03123,0.6551,509.5,0,0,0.7375,0.3789,6,9570.73,0,69,1,172,45
USR_03124,0.9721,587.7,2,1,0.5138,0.3753,5,823.1,0,97,1,480,40
USR_03125,0.9062,803.8,0,0,0.9351,0.246,6,2095.74,0,127,1,253,59
USR_03126,0.6412,1565.0,0,0,0.7951,0.1885,11,1083.49,1,254,1,552,35
USR_03127,0.857,302.9,0,0,0.5234,0.4733,7,2130.81,0,260,1,775,34
USR_03128,0.9845,743.2,0,1,0.6307,0.0997,9,13782.47,1,0,1,716,41
USR_03129,0.5287,850.2,2,0,0.46,0.2879,17,5130.17,0,251,1,848,29
USR_03130,0.8371,1292.2,3,0,0.5806,0.9116,7,2007.71,1,16,0,750,46
USR_03131,0.7083,180.7,0,1,0.4614,0.3526,12,1504.35,0,100,1,304,23
USR_03132,0.9464,485.3,2,0,0.6372,0.4582,6,1703.01,0,34,1,460,29
USR_03133,0.9455,675.8,0,0,0.7917,0.4839,5,1980.69,1,225,1,472,48
USR_03134,0.8269,1035.9,0,0,0.4387,0.4131,11,4657.37,0,223,1,480,36
USR_03135,0.9307,1008.9,1,0,0.7552,0.7743,7,1863.58,1,197,0,307,30
USR_03136,0.877,885.7,1,0,0.8759,0.3543,12,3682.51,0,331,1,814,57
USR_03137,0.9309,1956.2,0,0,0.6221,0.7624,12,2073.56,0,14,1,695,52
USR_03138,0.9332,594.0,0,1,0.7253,0.7678,7,755.19,0,37,1,359,46
USR_03139,0.9183,1836.9,0,0,0.7853,0.3949,6,1451.06,0,94,1,533,56
USR_03140,0.7579,1231.4,0,1,0.4101,0.2443,11,1355.83,0,165,1,45,6
USR_03141,0.9857,386.4,0,1,0.8418,0.0601,8,2774.38,0,359,1,306,41
USR_03142,0.7055,466.2,1,2,0.3681,0.2192,6,17692.97,1,201,1,288,18
USR_03143,0.8651,2851.7,2,0,0.6067,0.5641,10,2821.06,1,102,1,81,32
USR_03144,0.8444,641.9,0,0,0.5582,0.5834,9,884.8,0,66,1,62,41
USR_03145,0.7662,462.3,1,0,0.652,0.531,8,4592.1,0,41,1,315,35
USR_03146,0.8905,854.6,1,1,0.4248,0.4475,7,6224.28,0,152,0,292,28
USR_03147,0.8052,541.0,0,1,0.573,0.8363,5,2605.41,0,112,0,906,24
USR_03148,0.9623,442.2,0,0,0.1593,0.6077,6,6672.86,0,44,0,489,40
USR_03149,0.727,549.8,0,0,0.7083,0.5792,12,2590.95,1,23,1,807,53
USR_03150,0.9931,295.0,1,1,0.3963,0.0919,7,2181.92,1,254,1,269,23
USR_03151,0.9104,939.4,0,0,0.7286,0.6037,10,2190.6,0,129,1,143,46
USR_03152,0.8134,380.1,2,0,0.1827,0.8757,8,1630.65,0,118,1,673,27
USR_03153,0.7604,546.6,1,0,0.2976,0.8713,8,819.16,0,110,1,359,20
USR_03154,0.9658,908.6,0,0,0.295,0.9302,10,4570.87,0,28,1,80,43
USR_03155,0.8307,486.5,1,1,0.706,0.54,12,8191.48,1,339,1,920,29
USR_03156,0.9464,353.2,1,0,0.6116,0.2804,8,18457.26,0,82,1,509,44
USR_03157,0.8587,630.1,0,0,0.7545,0.8199,12,3369.01,0,67,1,426,33
USR_03158,0.9744,843.5,1,0,0.5957,0.5491,9,1368.66,0,209,1,200,35
USR_03159,0.9206,643.9,1,0,0.6405,0.2008,8,50000.0,0,96,1,833,45
USR_03160,0.9484,1279.7,1,1,0.4551,0.6894,6,1559.57,0,262,1,227,37
USR_03161,0.7962,562.2,0,0,0.4857,0.7304,5,5300.45,0,339,1,285,38
USR_03162,0.8682,1526.4,0,1,0.7947,0.8555,6,2538.8,0,215,1,638,45
USR_03163,0.8192,775.1,0,0,0.4597,0.7166,7,23694.44,2,184,1,457,47
USR_03164,0.611,1018.0,1,1,0.8514,0.5092,13,5045.16,1,203,1,737,18
USR_03165,0.9227,783.4,0,0,0.6078,0.446,10,590.4,0,103,1,932,39
USR_03166,0.92,857.7,4,1,0.2633,0.2496,10,4461.05,0,252,1,606,9
USR_03167,0.7703,223.9,0,0,0.7094,0.4219,7,2787.09,1,277,1,66,32
USR_03168,0.8514,544.0,0,0,0.4635,0.5072,11,1888.41,0,310,0,661,30
USR_03169,0.8292,225.4,1,1,0.7258,0.5789,7,4666.74,0,197,1,540,21
USR_03170,0.7651,1123.1,2,1,0.1994,0.6401,8,5363.58,1,273,1,753,28
USR_03171,0.9075,317.3,1,1,0.5678,0.4916,10,2068.28,0,188,1,164,28
USR_03172,0.7236,767.8,0,0,0.8647,0.8026,7,4675.22,0,305,1,684,49
USR_03173,0.9309,722.6,1,0,0.4759,0.4163,9,3539.38,1,134,1,808,27
USR_03174,0.8141,864.3,0,0,0.7786,0.3089,8,1806.46,0,42,1,713,49
USR_03175,0.9352,1017.7,1,0,0.6327,0.3453,7,3280.38,0,201,1,232,42
USR_03176,0.9578,726.8,0,0,0.4953,0.4654,6,3613.6,0,93,0,645,34
USR_03177,0.8288,1189.3,0,0,0.2112,0.5634,7,7636.42,0,353,1,828,42
USR_03178,0.9304,351.1,0,0,0.5278,0.6962,6,4413.36,0,30,1,874,31
USR_03179,0.9132,371.1,2,1,0.0867,0.6589,4,821.27,0,11,1,864,29
USR_03180,0.9635,492.5,0,0,0.7647,0.4349,4,2691.81,0,330,1,102,38
USR_03181,0.5088,694.4,1,0,0.7458,0.2368,3,9894.25,3,334,1,740,4
USR_03182,0.9792,307.3,3,0,0.6226,0.6774,3,13675.08,1,139,1,830,45
USR_03183,0.961,613.8,0,0,0.4775,0.7851,5,4141.39,0,131,1,236,51
USR_03184,0.973,822.6,1,0,0.7194,0.221,8,5291.58,0,292,1,806,43
USR_03185,0.6972,1132.4,1,0,0.6262,0.1765,6,7353.85,1,344,1,930,22
USR_03186,0.9166,755.9,0,0,0.8736,0.3439,4,745.57,0,340,1,436,55
USR_03187,0.885,736.9,0,0,0.6364,0.6631,9,2329.42,1,297,1,258,51
USR_03188,0.8905,828.4,1,0,0.8912,0.1895,5,6990.75,0,85,0,139,39
USR_03189,0.8842,677.1,0,0,0.8799,0.4014,4,23932.48,1,145,1,694,50
USR_03190,0.9189,1562.0,1,1,0.576,0.842,7,2044.58,1,359,0,170,39
USR_03191,0.9132,367.7,0,0,0.3313,0.6122,6,658.12,0,170,1,163,47
USR_03192,0.9509,994.4,0,0,0.9455,0.0646,7,10598.32,0,271,1,900,37
USR_03193,0.9096,317.4,0,0,0.5048,0.2592,10,5486.93,0,89,1,382,29
USR_03194,0.8388,429.4,0,0,0.8396,0.2868,10,3245.51,0,214,1,673,39
USR_03195,0.8297,429.3,0,0,0.6441,0.5096,10,3824.14,0,237,1,226,39
USR_03196,0.8397,776.5,2,1,0.4609,0.6169,8,1248.4,1,73,1,593,20
USR_03197,0.9086,1246.2,1,0,0.6223,0.5401,8,2229.7,0,276,1,784,50
USR_03198,0.8153,1490.6,0,0,0.3908,0.6903,11,3468.53,0,141,1,539,52
USR_03199,0.7769,636.7,1,0,0.842,0.1469,7,1633.34,0,80,0,253,36
USR_03200,0.9513,1157.0,0,2,0.4617,0.1203,10,3498.21,0,71,1,771,37
USR_03201,0.8129,359.1,0,0,0.3453,0.4813,7,3224.6,0,61,1,115,40
USR_03202,0.7486,374.7,2,0,0.6335,0.7703,13,4299.34,0,352,1,86,31
USR_03203,0.9245,733.8,2,0,0.84,0.3877,13,1875.35,0,242,1,622,25
USR_03204,0.8517,458.9,0,0,0.3348,0.7657,11,1244.62,0,281,1,360,60
USR_03205,0.7557,371.5,0,0,0.5311,0.2411,7,18601.64,0,144,1,146,41
USR_03206,0.9971,632.1,1,0,0.3644,0.8753,9,342.78,1,3,1,647,40
USR_03207,0.7908,592.1,1,0,0.2091,0.6684,10,2120.86,0,13,1,151,29
USR_03208,0.7994,827.2,1,0,0.2156,0.4299,5,3665.83,0,284,0,944,16
USR_03209,0.671,676.5,0,1,0.6711,0.4085,8,1121.02,0,164,1,208,23
USR_03210,0.8007,1013.3,0,0,0.3673,0.1941,9,637.9,0,164,0,341,23
USR_03211,0.6036,661.0,1,0,0.5979,0.1233,5,956.04,0,115,1,81,34
USR_03212,0.8913,488.6,0,0,0.2669,0.2797,8,1680.06,0,312,1,593,32
USR_03213,0.7761,350.2,1,0,0.741,0.9038,9,9778.54,0,186,0,752,19
USR_03214,0.729,407.2,0,0,0.6668,0.0762,6,2765.02,1,12,1,671,29
USR_03215,0.8589,667.8,0,0,0.5724,0.0558,3,3185.51,1,287,0,614,31
USR_03216,0.7063,398.4,3,0,0.1938,0.5222,8,4837.95,1,123,1,948,28
USR_03217,0.9426,220.4,2,0,0.3126,0.2107,5,1239.41,0,175,1,195,40
USR_03218,0.8483,1257.5,1,0,0.3349,0.1206,8,702.85,0,40,1,743,22
USR_03219,0.7922,648.1,0,0,0.5094,0.2905,10,43409.19,0,42,1,76,35
USR_03220,0.7913,525.8,0,0,0.5255,0.1949,8,9658.15,0,148,1,459,33
USR_03221,0.9851,535.3,0,0,0.5028,0.8193,9,671.91,0,324,1,577,60
USR_03222,0.6775,265.8,1,0,0.8596,0.8348,9,1556.38,1,78,1,329,55
USR_03223,0.9617,771.4,1,0,0.3491,0.22,12,3175.74,3,327,0,33,20
USR_03224,0.8533,692.6,0,0,0.6757,0.0783,8,1071.86,0,10,1,587,44
USR_03225,0.9187,267.4,0,0,0.2966,0.6871,9,2158.33,0,71,1,421,54
USR_03226,0.8724,765.8,0,1,0.171,0.9043,11,904.71,2,141,0,974,33
USR_03227,0.767,423.4,0,0,0.4615,0.4062,7,6194.34,0,272,1,885,35
USR_03228,0.9225,165.2,0,0,0.4597,0.1026,3,6298.09,0,131,1,936,41
USR_03229,0.9639,595.2,1,0,0.7806,0.8052,6,2225.17,2,212,1,569,55
USR_03230,0.7177,583.3,0,0,0.619,0.0939,8,576.16,0,103,1,729,32
USR_03231,0.5922,660.1,0,0,0.3411,0.2491,8,5377.67,0,141,1,944,30
USR_03232,0.9381,1186.4,0,0,0.8273,0.3808,6,20804.03,0,351,1,118,38
USR_03233,0.9606,1799.7,1,1,0.3693,0.7675,4,969.64,1,92,0,381,38
USR_03234,0.7546,1651.3,0,1,0.4888,0.3764,6,2922.11,0,227,1,183,25
USR_03235,0.8677,635.8,0,0,0.5826,0.8396,10,7469.97,1,168,1,399,35
USR_03236,0.9143,1153.3,0,0,0.5456,0.4148,8,1326.34,1,95,1,797,42
USR_03237,0.9657,455.9,0,0,0.7745,0.3378,5,5156.25,0,54,1,32,50
USR_03238,0.9051,586.6,1,0,0.9778,0.1142,11,1149.45,1,234,1,807,39
USR_03239,0.7623,902.2,0,0,0.9414,0.8071,7,2675.75,0,144,1,505,48
USR_03240,0.8949,818.5,1,0,0.6542,0.9538,5,3320.98,1,297,1,146,45
USR_03241,0.8092,672.9,1,0,0.5661,0.2457,9,2647.13,2,156,0,300,19
USR_03242,0.9708,485.9,0,0,0.4652,0.4472,6,6643.06,1,0,1,184,41
USR_03243,0.8369,744.6,1,0,0.6985,0.7337,10,20394.01,0,178,1,104,31
USR_03244,0.7217,763.6,0,0,0.7283,0.9801,10,285.07,0,234,1,238,62
USR_03245,0.939,492.3,1,1,0.8617,0.9342,10,1990.3,1,101,1,405,36
USR_03246,0.9603,673.1,0,0,0.7622,0.639,6,6999.36,0,296,1,219,72
USR_03247,0.8596,386.0,0,1,0.6964,0.3503,10,1508.72,0,72,1,280,28
USR_03248,0.9053,358.8,1,0,0.3005,0.1806,13,11005.42,0,211,1,717,42
USR_03249,0.8402,930.8,0,0,0.8298,0.4543,15,3199.06,0,264,1,80,50
USR_03250,0.7634,373.1,1,0,0.7701,0.5084,10,3295.87,0,215,1,609,43
USR_03251,0.8326,1060.5,1,1,0.6656,0.7135,3,2369.24,0,269,1,386,32
USR_03252,0.648,363.9,1,1,0.5874,0.5017,4,5223.88,0,231,1,152,13
USR_03253,0.8389,1291.9,1,0,0.648,0.8791,7,3284.31,0,84,1,102,39
USR_03254,0.8598,769.9,0,0,0.8098,0.6925,5,34876.02,0,235,0,145,50
USR_03255,0.6958,1101.2,0,0,0.1843,0.6761,7,2583.71,1,65,1,734,27
USR_03256,0.926,1463.2,1,1,0.6056,0.2404,6,3268.02,0,142,1,718,33
USR_03257,0.5489,1358.9,0,0,0.4602,0.78,12,3386.9,2,150,0,261,19
USR_03258,0.8692,320.0,1,0,0.2565,0.3946,12,9118.71,0,29,1,774,20
USR_03259,0.8007,886.0,0,1,0.9175,0.2104,7,1946.56,0,247,0,309,22
USR_03260,0.6688,1070.8,0,0,0.6797,0.1294,5,498.93,0,225,1,89,15
USR_03261,0.9373,865.6,0,0,0.8435,0.6741,12,9546.3,0,127,1,410,53
USR_03262,0.9499,1770.8,1,0,0.5708,0.6389,7,881.82,0,118,1,946,33
USR_03263,0.8803,1349.3,1,1,0.7601,0.3627,7,5011.55,0,71,1,893,26
USR_03264,0.8824,763.9,2,0,0.4425,0.4611,10,459.47,0,165,0,457,25
USR_03265,0.8388,647.7,0,0,0.8783,0.5838,4,11260.19,1,87,1,739,41
USR_03266,0.8685,312.9,1,0,0.8116,0.4108,7,2533.45,0,343,1,537,44
USR_03267,0.7737,970.3,0,0,0.735,0.5016,9,2772.22,0,159,0,221,40
USR_03268,0.9,532.0,2,0,0.399,0.6479,9,492.84,1,165,1,97,44
USR_03269,0.6494,375.7,0,0,0.4422,0.3993,5,3621.37,1,131,0,330,46
USR_03270,0.8479,603.9,1,0,0.9055,0.7593,6,5073.59,0,104,1,613,39
USR_03271,0.8969,320.6,2,0,0.4425,0.4526,10,3289.4,0,62,1,327,36
USR_03272,0.7234,2328.4,1,0,0.4869,0.5622,9,7601.01,1,221,1,221,39
USR_03273,0.9605,579.2,0,0,0.6168,0.6229,4,4074.95,0,154,1,513,61
USR_03274,0.8806,793.1,0,0,0.7261,0.7827,8,11365.37,2,108,1,963,50
USR_03275,0.9682,335.5,0,0,0.4307,0.582,10,2284.34,0,18,1,450,38
USR_03276,0.9795,899.5,2,0,0.5413,0.9281,13,548.27,0,66,1,474,35
USR_03277,0.8384,1137.6,0,2,0.7565,0.5399,11,1311.75,0,337,1,440,25
USR_03278,0.5765,370.9,2,0,0.3105,0.5651,13,743.15,0,137,0,900,30
USR_03279,0.7995,1099.9,0,1,0.3603,0.6655,11,2377.62,0,114,1,711,27
USR_03280,0.9176,397.6,0,1,0.6727,0.2557,8,3180.29,1,237,1,960,22
USR_03281,0.9701,670.1,0,1,0.755,0.4829,9,4377.03,1,299,1,283,40
USR_03282,0.9783,327.1,0,0,0.7268,0.537,6,3738.64,0,74,1,249,56
USR_03283,0.8376,642.9,0,0,0.9206,0.2873,7,532.98,0,11,1,736,42
USR_03284,0.906,310.1,0,0,0.5243,0.4361,11,8485.59,1,296,1,368,45
USR_03285,0.7169,773.4,2,0,0.4458,0.5761,7,9327.84,1,341,1,159,25
USR_03286,0.8352,530.2,0,0,0.4118,0.4673,9,1927.71,1,338,0,184,18
USR_03287,0.9728,943.8,1,0,0.828,0.1501,8,2174.31,0,194,1,186,30
USR_03288,0.9346,959.0,0,0,0.5154,0.3895,10,8693.8,1,33,0,583,38
USR_03289,0.8421,659.6,2,0,0.8429,0.2588,8,15848.4,0,280,1,96,34
USR_03290,0.8385,598.0,1,2,0.3158,0.405,13,4299.77,0,45,1,485,25
USR_03291,0.7727,351.1,0,0,0.833,0.3963,12,5273.87,0,200,1,932,51
USR_03292,0.8752,824.4,0,0,0.1815,0.318,7,1822.68,1,168,1,832,29
USR_03293,0.8764,1431.3,1,0,0.3939,0.7356,5,2362.07,0,262,1,894,43
USR_03294,0.8946,599.7,1,0,0.7707,0.8199,5,5707.8,0,8,0,630,33
USR_03295,0.6938,885.5,0,0,0.6468,0.4331,7,3311.44,0,228,1,647,32
USR_03296,0.8175,283.0,0,1,0.4708,0.5586,6,2272.41,0,203,1,921,43
USR_03297,0.8379,460.9,2,0,0.7536,0.7617,10,225.26,0,29,1,140,20
USR_03298,0.8099,483.6,0,0,0.7547,0.689,4,1119.68,2,262,1,776,48
USR_03299,0.8065,621.1,0,1,0.7688,0.3325,12,13705.38,0,120,1,778,35
USR_03300,0.5875,672.5,0,0,0.5362,0.2051,13,763.1,0,143,1,806,47
USR_03301,0.9253,304.7,1,0,0.5811,0.2277,5,3101.53,0,344,1,553,37
USR_03302,0.8217,1265.4,1,0,0.8882,0.9217,5,22364.36,0,210,1,533,45
USR_03303,0.9585,510.1,0,1,0.2989,0.4135,10,1089.55,0,111,1,780,32
USR_03304,0.8711,1813.5,0,0,0.6657,0.5533,3,8631.93,0,187,1,192,38
USR_03305,0.8217,598.2,1,0,0.8202,0.4647,5,1339.23,1,13,1,955,39
USR_03306,0.759,486.2,0,0,0.8538,0.4964,7,1461.14,1,202,1,905,27
USR_03307,0.7764,1537.1,1,0,0.5667,0.976,5,1789.41,1,168,1,984,54
USR_03308,0.6826,931.3,0,0,0.2965,0.335,7,2772.21,0,71,1,154,20
USR_03309,0.5407,627.2,0,0,0.9165,0.829,6,15065.31,1,11,1,453,31
USR_03310,0.5079,825.0,0,0,0.674,0.6646,7,6055.69,0,118,1,771,39
USR_03311,0.8406,1184.9,0,1,0.6832,0.7987,6,9825.49,0,179,1,278,39
USR_03312,0.9376,1088.9,0,0,0.691,0.2111,6,1306.03,0,88,1,113,41
USR_03313,0.8763,580.6,1,1,0.2755,0.5811,5,1864.92,0,301,1,734,21
USR_03314,0.9613,874.7,0,0,0.6221,0.7753,10,5240.82,0,261,0,918,50
USR_03315,0.7333,404.0,0,0,0.7369,0.9184,6,7732.65,1,66,1,949,37
USR_03316,0.9755,1547.1,0,0,0.4252,0.5724,9,1617.68,0,19,1,45,38
USR_03317,0.9754,1260.8,1,0,0.7257,0.6597,6,1242.22,1,168,1,468,38
USR_03318,0.8765,672.5,0,0,0.5073,0.2511,9,3548.17,0,126,1,515,26
USR_03319,0.9318,806.1,1,0,0.8953,0.34,7,5515.13,0,60,1,363,35
USR_03320,0.9006,821.2,0,1,0.6884,0.3923,7,19208.7,0,102,1,833,26
USR_03321,0.979,431.7,0,1,0.8552,0.2231,6,9908.38,0,350,1,459,36
USR_03322,0.9035,2207.2,1,0,0.7076,0.2388,7,1213.8,2,364,1,763,31
USR_03323,0.663,1040.0,0,0,0.6018,0.7769,3,1386.4,0,220,0,384,38
USR_03324,0.7052,711.6,1,1,0.6338,0.5887,11,1701.93,1,255,1,529,13
USR_03325,0.6294,1642.3,1,0,0.3219,0.1473,11,2063.62,0,130,0,819,14
USR_03326,0.7506,731.7,0,0,0.5183,0.1246,9,1317.37,0,1,1,73,34
USR_03327,0.9506,845.8,0,0,0.3141,0.8439,5,1609.41,0,81,1,199,51
USR_03328,0.9731,547.8,0,0,0.7073,0.8385,12,29293.52,0,47,1,79,64
USR_03329,0.8529,526.5,0,0,0.7755,0.4793,4,10582.91,0,294,1,169,50
USR_03330,0.869,862.2,0,2,0.7771,0.3786,8,4587.27,0,253,0,158,19
USR_03331,0.5881,596.1,0,0,0.3882,0.3924,11,2655.78,0,227,1,272,39
USR_03332,0.883,942.4,0,0,0.5958,0.4577,9,9491.69,1,269,1,170,39
USR_03333,0.8193,344.0,0,0,0.4174,0.0553,7,685.4,0,126,1,30,39
USR_03334,0.9465,949.6,1,2,0.2503,0.2684,8,635.47,0,145,1,931,25
USR_03335,0.8873,560.3,0,0,0.5315,0.2339,5,668.06,0,352,1,255,31
USR_03336,0.8228,650.0,0,0,0.4059,0.4523,9,1794.13,1,334,1,262,42
USR_03337,0.9517,325.0,1,0,0.6527,0.5534,7,3109.16,0,82,1,686,34
USR_03338,0.6943,560.3,1,0,0.5488,0.6901,4,2416.77,1,193,1,713,29
USR_03339,0.7649,1563.4,1,0,0.6116,0.4928,5,10491.22,1,239,1,761,29
USR_03340,0.6831,272.3,1,0,0.8547,0.579,10,445.49,1,203,1,902,32
USR_03341,0.8286,261.6,0,1,0.8763,0.2856,18,13514.93,0,24,1,754,38
USR_03342,0.8485,501.9,0,1,0.9545,0.7377,4,34734.84,0,98,1,257,49
USR_03343,0.9804,885.2,1,0,0.7017,0.3618,9,11366.54,0,223,0,818,27
USR_03344,0.8261,603.8,1,0,0.7969,0.6195,11,34094.46,1,204,1,635,30
USR_03345,0.8617,822.6,0,0,0.715,0.3336,10,721.63,0,340,1,161,31
USR_03346,0.8982,891.7,0,0,0.6605,0.6404,10,5973.29,1,3,1,743,27
USR_03347,0.8838,731.2,2,0,0.3057,0.382,9,30589.74,0,39,1,319,24
USR_03348,0.6399,515.9,2,0,0.3081,0.4798,5,776.29,1,281,1,575,9
USR_03349,0.7337,626.4,1,0,0.3518,0.6802,12,27856.96,0,61,0,845,32
USR_03350,0.7174,672.9,0,0,0.5238,0.6142,8,4630.91,0,227,1,949,25
USR_03351,0.8528,1155.3,0,0,0.6834,0.3359,9,13185.0,0,331,1,614,32
USR_03352,0.8906,544.2,0,0,0.5791,0.4782,12,7114.41,0,34,1,889,48
USR_03353,0.7815,556.6,2,1,0.4307,0.0706,13,1774.28,0,64,1,804,19
USR_03354,0.9507,698.5,1,1,0.4597,0.2308,11,10128.21,1,275,1,400,29
USR_03355,0.9803,454.0,0,2,0.5569,0.5469,15,739.45,0,258,1,483,26
USR_03356,0.8967,2246.2,1,1,0.7297,0.4957,11,901.81,0,18,1,396,29
USR_03357,0.8812,352.2,1,1,0.2941,0.5497,8,751.06,0,37,1,115,32
USR_03358,0.8699,527.1,0,2,0.6562,0.62,7,6267.27,0,43,1,745,32
USR_03359,0.8164,938.1,0,0,0.5939,0.5392,5,5880.02,0,90,1,581,43
USR_03360,0.7651,541.6,0,1,0.819,0.369,12,3563.26,0,190,1,810,30
USR_03361,0.7279,286.5,0,0,0.7529,0.8787,2,2505.27,0,80,1,257,50
USR_03362,0.9105,907.5,0,0,0.5663,0.1831,7,2022.38,1,349,1,755,12
USR_03363,0.7083,939.1,0,1,0.7184,0.7713,7,8124.16,0,252,1,298,36
USR_03364,0.7176,681.1,0,0,0.7016,0.6397,11,2409.24,0,55,1,375,46
USR_03365,0.8703,1420.6,0,0,0.8679,0.6705,11,3336.0,0,1,1,820,54
USR_03366,0.738,859.4,1,0,0.5154,0.4863,9,3791.8,0,290,1,433,35
USR_03367,0.7483,447.5,1,1,0.8613,0.7132,9,1077.58,0,214,1,252,40
USR_03368,0.3028,498.8,0,1,0.9137,0.4378,9,2269.62,0,78,1,991,22
USR_03369,0.8833,258.8,0,2,0.3943,0.7669,8,3178.48,0,224,0,172,30
USR_03370,0.8909,600.8,0,0,0.8575,0.6653,13,3672.9,0,233,1,96,46
USR_03371,0.7822,862.8,0,0,0.2876,0.4755,9,2021.88,0,274,1,204,23
USR_03372,0.8517,1276.6,0,0,0.2314,0.4809,8,6869.5,0,322,1,263,44
USR_03373,0.8358,572.1,1,1,0.9483,0.034,11,961.5,0,160,1,380,24
USR_03374,0.6702,371.4,0,0,0.5556,0.5031,6,2055.36,1,112,1,752,44
USR_03375,0.9186,1061.6,0,0,0.5118,0.6361,5,6593.0,0,69,1,488,53
USR_03376,0.8995,711.8,0,0,0.6916,0.1925,6,2286.46,0,127,1,384,32
USR_03377,0.9491,813.5,1,0,0.9485,0.1715,12,3063.87,1,245,1,825,37
USR_03378,0.6148,451.0,0,0,0.922,0.579,11,3666.99,0,162,1,871,31
USR_03379,0.9834,792.7,0,0,0.7821,0.4003,6,740.41,0,303,1,161,53
USR_03380,0.8446,830.1,2,0,0.4213,0.0744,13,3408.34,0,155,1,461,30
USR_03381,0.9192,1484.6,1,1,0.4165,0.6473,8,6936.93,0,205,0,130,27
USR_03382,0.8011,734.6,0,0,0.8534,0.6024,8,5056.55,1,27,1,362,30
USR_03383,0.59,625.0,0,1,0.7638,0.6164,9,5304.6,1,245,1,814,20
USR_03384,0.6079,1036.8,0,0,0.5442,0.5662,9,4724.81,0,113,0,508,36
USR_03385,0.9543,896.9,0,0,0.273,0.2374,9,2263.81,0,58,0,642,32
USR_03386,0.9362,1106.8,1,0,0.7038,0.6708,11,4098.0,0,176,1,772,46
USR_03387,0.6603,687.8,0,0,0.865,0.4692,7,2700.94,0,341,1,98,29
USR_03388,0.5932,916.7,0,1,0.5985,0.821,13,3297.05,0,38,1,106,25
USR_03389,0.602,445.0,1,0,0.7164,0.4791,7,4964.72,1,2,1,106,24
USR_03390,0.9112,186.6,0,0,0.3918,0.6473,7,3444.74,0,7,1,779,45
USR_03391,0.5368,499.8,1,0,0.5274,0.3901,8,11847.36,0,336,1,62,30
USR_03392,0.8876,1017.7,0,0,0.5593,0.0853,10,2529.7,0,286,1,565,49
USR_03393,0.8368,695.1,0,0,0.947,0.2979,4,2855.7,0,146,1,421,38
USR_03394,0.9592,302.4,0,0,0.7168,0.6704,3,514.35,0,177,1,579,42
USR_03395,0.7097,1256.5,0,0,0.911,0.5294,8,2347.05,0,96,1,901,43
USR_03396,0.8755,1691.6,0,2,0.8423,0.4123,10,1506.53,0,34,1,425,23
USR_03397,0.9083,617.3,0,0,0.6648,0.2023,9,865.83,0,140,1,457,27
USR_03398,0.9194,1858.9,0,0,0.1814,0.2418,7,1974.43,0,141,1,806,42
USR_03399,0.8342,503.8,1,0,0.8819,0.5636,9,10019.54,0,204,1,202,46
USR_03400,0.9296,1317.6,0,0,0.8287,0.7228,9,3972.89,0,261,1,694,57
USR_03401,0.8993,311.4,0,0,0.9426,0.7787,7,1030.14,1,110,1,773,45
USR_03402,0.5753,234.3,0,1,0.7622,0.1634,6,4757.57,0,75,1,635,34
USR_03403,0.8853,442.1,1,0,0.723,0.3206,7,3615.11,3,8,1,514,24
USR_03404,0.8583,848.2,2,0,0.4724,0.7515,7,3723.78,0,246,1,638,32
USR_03405,0.4857,617.7,0,1,0.6848,0.3639,6,2118.59,0,263,1,141,23
USR_03406,0.7588,1165.6,1,0,0.5348,0.7723,7,11012.34,0,17,1,471,40
USR_03407,0.8811,1018.3,0,0,0.2816,0.462,10,1772.68,0,340,1,499,43
USR_03408,0.9288,1224.7,1,0,0.6184,0.144,3,2353.93,0,267,1,583,30
USR_03409,0.9552,872.6,0,0,0.3188,0.2747,8,3595.08,0,239,1,695,28
USR_03410,0.9119,817.1,1,2,0.5718,0.4868,9,115.98,1,238,1,680,29
USR_03411,0.6343,309.3,0,0,0.6409,0.3639,5,5982.26,1,175,1,823,19
USR_03412,0.9543,1208.3,0,0,0.7364,0.573,5,3880.39,0,45,1,959,51
USR_03413,0.9064,771.4,1,1,0.5929,0.6968,12,4761.74,0,164,1,834,49
USR_03414,0.8812,537.0,2,0,0.7142,0.0268,5,2423.03,1,133,1,444,14
USR_03415,0.8371,333.8,0,0,0.8098,0.2617,9,3311.45,0,234,1,891,43
USR_03416,0.7206,1429.0,0,0,0.92,0.8132,9,11515.66,1,5,0,925,40
USR_03417,0.7427,1178.1,1,0,0.9763,0.0885,14,1230.99,0,194,1,546,36
USR_03418,0.8876,482.9,0,0,0.7618,0.4284,4,2622.94,0,120,1,503,42
USR_03419,0.8599,1096.9,0,0,0.8726,0.4692,8,24183.43,1,31,1,194,46
USR_03420,0.8344,1136.3,0,0,0.5822,0.2621,8,977.0,0,239,1,813,23
USR_03421,0.7305,874.8,1,0,0.7802,0.3103,9,5214.78,0,108,1,503,47
USR_03422,0.9826,1613.6,0,0,0.6024,0.1376,9,5775.46,1,287,1,450,37
USR_03423,0.9549,310.7,0,1,0.8026,0.5552,12,7410.11,0,248,1,35,33
USR_03424,0.924,482.9,0,0,0.7873,0.8235,7,9073.43,0,204,1,209,50
USR_03425,0.8847,1508.3,2,0,0.9705,0.3459,11,4099.42,1,21,1,570,40
USR_03426,0.7627,1246.8,0,0,0.7931,0.6919,6,2115.37,0,234,0,588,49
USR_03427,0.5839,552.8,0,1,0.2605,0.467,12,1721.43,1,248,1,175,32
USR_03428,0.8915,2565.9,1,0,0.4379,0.4723,6,1312.05,0,343,1,993,42
USR_03429,0.9078,931.3,0,0,0.8599,0.8627,5,8864.33,2,118,1,824,53
USR_03430,0.9193,1345.7,0,1,0.3752,0.4861,5,19942.77,0,265,1,242,30
USR_03431,0.8876,482.6,1,0,0.5122,0.6207,7,773.8,0,30,1,355,33
USR_03432,0.8811,1208.9,1,0,0.6572,0.4686,5,1889.5,0,234,1,912,41
USR_03433,0.9002,435.8,1,0,0.417,0.3421,9,1683.68,0,259,1,97,31
USR_03434,0.8234,621.8,1,2,0.8259,0.3192,10,3374.91,0,194,1,69,23
USR_03435,0.8489,1481.3,0,0,0.498,0.2748,12,699.08,0,194,1,128,38
USR_03436,0.968,1088.2,3,0,0.5809,0.4063,11,1637.88,0,252,1,618,34
USR_03437,0.9127,316.6,1,0,0.2138,0.2405,7,1274.75,0,80,1,199,22
USR_03438,0.892,552.8,0,0,0.8615,0.8448,8,5061.18,1,139,1,511,43
USR_03439,0.856,966.4,0,1,0.6812,0.3213,10,9059.47,1,147,1,154,35
USR_03440,0.9375,744.9,1,1,0.7507,0.7929,5,4730.2,0,142,1,424,40
USR_03441,0.9788,505.1,0,0,0.7308,0.2546,6,1569.82,2,160,1,720,38
USR_03442,0.8901,974.3,0,1,0.621,0.3208,6,7852.47,0,13,1,466,22
USR_03443,0.9263,989.4,0,0,0.8118,0.3592,2,3569.6,0,253,1,577,54
USR_03444,0.6163,747.4,0,0,0.6816,0.4367,8,5029.12,0,352,1,632,34
USR_03445,0.75,760.0,0,0,0.2858,0.4226,6,5279.29,0,117,1,623,31
USR_03446,0.8655,150.2,0,0,0.4659,0.6458,5,4112.16,1,42,1,404,52
USR_03447,0.885,972.4,2,0,0.9355,0.6461,7,2533.36,0,322,1,647,57
USR_03448,0.8683,410.0,2,1,0.253,0.4928,5,10285.13,1,69,1,996,21
USR_03449,0.9253,412.5,0,0,0.4157,0.404,6,12777.9,0,348,1,977,49
USR_03450,0.9153,436.2,0,0,0.528,0.7487,7,4702.98,1,295,0,406,36
USR_03451,0.9481,1584.7,1,0,0.8193,0.3944,8,1042.58,0,65,1,346,35
USR_03452,0.5921,544.0,0,1,0.3551,0.6141,9,3560.67,0,258,1,47,11
USR_03453,0.9585,715.4,1,0,0.6112,0.7201,8,8274.75,0,232,1,509,43
USR_03454,0.9716,1016.4,1,0,0.7906,0.2322,9,8598.88,0,226,1,201,23
USR_03455,0.5154,857.0,0,0,0.1697,0.701,10,2770.95,0,364,1,960,34
USR_03456,0.7747,309.1,1,0,0.3518,0.265,3,5713.76,0,240,1,651,39
USR_03457,0.7348,874.4,0,0,0.4954,0.2023,8,1451.77,1,32,1,37,34
USR_03458,0.7705,741.3,0,0,0.5642,0.5311,9,5153.34,0,106,1,355,42
USR_03459,0.9402,671.8,3,0,0.236,0.6404,6,6354.7,2,210,1,146,15
USR_03460,0.9511,304.4,0,0,0.9005,0.5329,13,10441.53,0,18,1,261,38
USR_03461,0.7183,1151.7,1,0,0.6799,0.499,14,5406.75,0,70,1,507,40
USR_03462,0.8652,358.5,0,1,0.2833,0.2946,10,1873.41,1,320,0,881,19
USR_03463,0.8872,263.5,0,0,0.5204,0.3839,6,1307.96,1,32,1,497,40
USR_03464,0.9342,409.0,0,0,0.5151,0.4671,5,18129.83,1,44,0,157,37
USR_03465,0.8997,671.2,1,0,0.6295,0.2487,8,2749.74,0,317,0,763,30
USR_03466,0.6086,1713.6,0,0,0.2287,0.621,7,5203.2,0,34,0,657,35
USR_03467,0.8624,339.2,0,0,0.4577,0.4091,5,1593.54,1,345,0,526,32
USR_03468,0.7613,766.2,1,1,0.3407,0.6247,8,3187.57,0,190,1,913,16
USR_03469,0.9064,500.4,1,0,0.77,0.819,12,7775.76,0,147,0,833,29
USR_03470,0.9394,459.5,0,1,0.1073,0.7783,9,6866.79,1,232,0,666,25
USR_03471,0.8814,508.2,0,0,0.3285,0.5923,2,2297.96,0,249,1,148,30
USR_03472,0.6105,359.4,1,0,0.7172,0.3559,5,2444.54,1,178,1,44,30
USR_03473,0.8922,386.8,1,0,0.4689,0.2167,7,2114.46,0,302,1,692,36
USR_03474,0.8763,800.0,0,2,0.9913,0.5494,10,871.33,3,256,1,378,26
USR_03475,0.9922,455.8,1,0,0.6427,0.3658,7,2526.97,0,250,1,697,29
USR_03476,0.9279,621.1,1,0,0.4622,0.2145,10,6628.32,1,165,1,463,37
USR_03477,0.7888,194.4,0,0,0.9428,0.9586,7,20031.54,1,183,1,293,42
USR_03478,0.7369,454.5,1,0,0.5223,0.3317,8,17129.84,0,121,1,358,30
USR_03479,0.844,1612.3,0,0,0.8345,0.4441,7,868.08,0,50,1,86,41
USR_03480,0.963,964.0,1,0,0.3307,0.4982,13,5791.26,0,299,1,166,33
USR_03481,0.6686,674.1,1,0,0.2702,0.6568,13,4159.72,0,140,1,934,33
USR_03482,0.8418,2126.2,1,0,0.851,0.6377,5,4199.75,0,93,0,227,43
USR_03483,0.8626,947.3,0,1,0.4028,0.653,10,1658.63,0,319,0,354,32
USR_03484,0.9137,374.3,0,0,0.6379,0.7753,7,7506.63,0,145,0,191,41
USR_03485,0.7011,1437.5,1,1,0.7221,0.6752,8,10505.92,1,304,1,719,31
USR_03486,0.5019,718.2,0,0,0.3014,0.8,10,1025.47,0,109,0,842,37
USR_03487,0.7087,783.1,1,0,0.7339,0.1987,8,3207.56,0,209,1,713,37
USR_03488,0.9195,594.0,0,1,0.4583,0.296,8,1803.2,0,291,1,195,30
USR_03489,0.7079,981.3,0,0,0.7106,0.709,5,10020.28,1,114,1,520,49
USR_03490,0.854,1560.3,2,0,0.5342,0.8602,7,490.06,0,187,1,176,28
USR_03491,0.9106,492.8,0,0,0.2174,0.7144,8,2786.09,0,6,1,715,47
USR_03492,0.9045,343.4,0,2,0.8699,0.5247,7,2576.96,0,25,1,367,42
USR_03493,0.7735,714.8,2,0,0.7525,0.5357,10,1585.94,1,47,0,962,33
USR_03494,0.9077,860.9,0,0,0.7583,0.0871,8,792.1,0,169,1,503,27
USR_03495,0.9327,759.4,0,0,0.756,0.1792,9,791.56,0,63,1,128,41
USR_03496,0.9891,597.7,1,0,0.8642,0.776,7,1271.06,0,201,1,949,44
USR_03497,0.9139,472.5,0,0,0.5154,0.1223,11,3643.08,1,271,1,796,52
USR_03498,0.9681,1186.8,0,0,0.7213,0.6498,12,734.58,1,7,1,152,69
USR_03499,0.9116,464.7,1,0,0.3466,0.9025,7,253.46,0,74,1,199,42
USR_03500,0.8268,707.2,1,0,0.5618,0.6362,7,982.96,0,236,1,972,42
USR_03501,0.8243,1351.2,0,1,0.4474,0.4219,8,1872.0,0,214,1,60,18
USR_03502,0.9607,2065.8,0,0,0.5933,0.4906,9,4582.37,0,325,1,886,35
USR_03503,0.583,850.7,0,0,0.9723,0.7951,10,3954.1,0,331,1,601,52
USR_03504,0.8475,2255.2,0,0,0.229,0.0831,13,8591.18,2,56,1,655,20
USR_03505,0.927,1377.7,2,0,0.471,0.2819,9,3572.59,1,357,1,227,22
USR_03506,0.6939,285.9,1,0,0.7349,0.1649,4,5819.38,0,231,1,906,37
USR_03507,0.9498,780.9,0,1,0.2282,0.6172,8,1569.06,0,99,1,44,38
USR_03508,0.8923,651.6,0,0,0.1584,0.6803,5,187.6,2,69,1,890,39
USR_03509,0.8784,510.2,0,1,0.782,0.1767,7,3916.9,2,340,1,825,28
USR_03510,0.8837,583.6,0,0,0.3949,0.7082,5,1441.36,0,204,1,149,41
USR_03511,0.9135,448.5,0,0,0.8201,0.7608,5,8441.55,1,298,1,608,59
USR_03512,0.7145,402.6,0,0,0.765,0.7224,4,6530.9,0,13,1,915,30
USR_03513,0.7834,1124.4,0,0,0.6707,0.5131,6,2535.59,0,177,1,218,39
USR_03514,0.9638,490.1,0,2,0.4276,0.4718,12,1625.46,0,263,1,949,38
USR_03515,0.9142,878.5,1,0,0.739,0.9019,5,6124.9,0,298,1,116,46
USR_03516,0.8708,376.9,1,0,0.4079,0.5268,10,1197.72,0,145,1,61,37
USR_03517,0.8609,510.2,1,0,0.6531,0.3017,6,9304.11,0,362,0,231,37
USR_03518,0.9323,699.3,0,0,0.7859,0.4834,2,14036.28,0,209,1,522,48
USR_03519,0.9293,707.1,1,0,0.4082,0.29,5,2831.45,0,213,1,289,22
USR_03520,0.775,751.1,1,1,0.4796,0.756,5,187.76,0,50,1,884,53
USR_03521,0.8469,1056.5,0,0,0.794,0.3916,12,1738.25,0,183,1,144,39
USR_03522,0.5251,462.4,2,0,0.5362,0.4392,10,4898.77,0,362,1,347,27
USR_03523,0.9362,360.5,0,0,0.8614,0.6397,6,2654.95,0,10,0,818,48
USR_03524,0.9961,610.7,1,0,0.7825,0.6975,11,830.93,0,280,1,441,35
USR_03525,0.9237,411.7,0,2,0.7097,0.9433,9,3242.81,0,1,1,631,31
USR_03526,0.7229,748.1,0,0,0.9714,0.761,10,2894.19,2,176,1,147,40
USR_03527,0.9481,1441.7,0,2,0.7104,0.5819,8,13636.79,0,89,1,159,27
USR_03528,0.6355,505.0,0,1,0.5812,0.4807,7,3926.63,0,146,1,788,7
USR_03529,0.6845,593.9,1,0,0.3825,0.7131,9,1214.07,0,49,1,306,18
USR_03530,0.9298,834.5,1,1,0.7536,0.201,8,1627.63,0,146,0,444,6
USR_03531,0.9479,371.4,0,0,0.5674,0.4693,5,3202.22,0,337,1,178,43
USR_03532,0.9357,597.9,0,0,0.46,0.3635,5,177.62,0,173,1,819,45
USR_03533,0.9265,944.0,1,0,0.9601,0.5847,5,11370.3,1,88,1,367,54
USR_03534,0.8606,1486.7,1,0,0.388,0.7247,8,2441.22,0,261,0,128,31
USR_03535,0.7993,1738.2,1,0,0.1725,0.574,11,5007.08,1,30,1,254,30
USR_03536,0.9844,372.3,0,0,0.8455,0.459,4,2279.49,0,89,1,924,47
USR_03537,0.8338,375.6,0,0,0.5104,0.8017,10,1924.73,0,14,0,78,26
USR_03538,0.9988,981.8,1,0,0.4809,0.7601,9,2011.67,0,85,1,557,45
USR_03539,0.9634,664.4,0,0,0.5496,0.4278,10,6190.24,0,209,1,279,54
USR_03540,0.9473,722.7,0,2,0.5121,0.2383,6,5028.34,0,105,0,773,10
USR_03541,0.9724,1097.5,0,1,0.4268,0.6597,5,2268.68,0,165,1,383,62
USR_03542,0.7514,1055.8,0,0,0.9522,0.3816,9,2543.89,0,146,1,159,38
USR_03543,0.5059,621.0,0,1,0.913,0.4207,9,1532.45,0,106,1,250,18
USR_03544,0.8714,582.5,0,1,0.8457,0.3363,6,2340.23,1,129,1,95,32
USR_03545,0.9391,636.7,1,1,0.8272,0.3772,6,8112.13,1,141,0,752,17
USR_03546,0.7317,591.9,0,0,0.2998,0.8669,4,2608.6,0,77,0,768,31
USR_03547,0.9739,979.1,0,1,0.262,0.0463,2,3228.73,0,292,1,433,25
USR_03548,0.9047,1146.1,0,0,0.6783,0.1684,13,4322.15,0,291,1,780,38
USR_03549,0.8244,314.3,1,1,0.6658,0.6406,5,3137.41,0,266,1,139,34
USR_03550,0.9749,261.1,0,0,0.3494,0.4048,8,730.62,0,330,0,230,47
USR_03551,0.9223,1072.6,0,1,0.5539,0.7518,9,9529.85,0,254,1,572,42
USR_03552,0.4209,663.7,1,0,0.6722,0.4051,8,6352.94,0,39,0,835,8
USR_03553,0.8057,690.7,0,0,0.829,0.7228,11,1927.29,1,1,1,204,56
USR_03554,0.9475,651.1,1,1,0.1595,0.9819,4,16705.87,1,18,1,362,39
USR_03555,0.7176,427.4,1,1,0.684,0.2752,11,2450.31,0,0,0,503,35
USR_03556,0.869,432.1,1,0,0.9508,0.6173,6,1847.43,1,138,0,509,41
USR_03557,0.8865,553.8,0,0,0.9205,0.2061,11,1115.75,1,325,1,578,39
USR_03558,0.6635,1677.9,0,1,0.5707,0.6871,6,1586.16,1,333,1,789,34
USR_03559,0.771,644.6,1,0,0.3865,0.4063,17,1770.29,0,88,1,929,37
USR_03560,0.7609,832.1,1,0,0.4544,0.5695,10,33311.94,0,201,0,63,31
USR_03561,0.6925,459.0,2,0,0.6972,0.2153,12,4796.27,0,272,1,36,19
USR_03562,0.6577,773.3,1,0,0.3776,0.4686,7,8262.17,0,323,1,659,38
USR_03563,0.8309,1531.6,3,1,0.432,0.6339,7,1226.83,0,134,1,87,33
USR_03564,0.6576,971.4,1,1,0.6035,0.2667,6,3883.38,0,324,1,203,38
USR_03565,0.7162,837.6,0,0,0.6404,0.9255,9,838.72,0,162,1,445,44
USR_03566,0.8357,584.5,0,0,0.3336,0.3105,1,7026.3,1,119,1,830,41
USR_03567,0.7414,409.0,0,0,0.512,0.208,9,7278.13,0,301,1,500,34
USR_03568,0.8955,488.1,0,0,0.3041,0.4522,8,8299.69,0,297,0,715,45
USR_03569,0.6796,877.7,0,1,0.4206,0.1797,11,3250.84,0,194,1,919,19
USR_03570,0.8605,1371.4,1,0,0.726,0.3463,9,5550.38,0,251,1,129,43
USR_03571,0.9148,848.8,0,0,0.6756,0.2777,9,1158.5,1,235,1,624,36
USR_03572,0.9503,288.2,0,0,0.5501,0.1485,10,1358.96,0,145,1,605,30
USR_03573,0.9258,262.8,1,1,0.5413,0.4237,9,1047.3,1,238,1,293,22
USR_03574,0.6063,668.7,1,0,0.9146,0.476,6,1779.83,0,18,0,730,34
USR_03575,0.9864,526.3,0,0,0.7409,0.5175,10,932.6,1,186,1,593,75
USR_03576,0.7152,1610.1,1,1,0.7339,0.5364,7,1021.68,0,172,1,293,14
USR_03577,0.8269,1191.5,3,1,0.4417,0.7258,2,15990.11,0,160,1,53,18
USR_03578,0.7933,535.6,0,0,0.8234,0.1767,10,861.57,3,216,1,939,44
USR_03579,0.9103,409.1,0,1,0.5906,0.3459,8,220.0,0,181,1,241,29
USR_03580,0.9832,199.5,1,0,0.6795,0.5289,17,393.92,1,199,1,416,38
USR_03581,0.9689,703.6,0,1,0.7491,0.8304,8,4477.71,0,8,1,560,52
USR_03582,0.9554,439.2,1,1,0.3789,0.3696,5,670.02,0,46,1,752,28
USR_03583,0.8656,757.4,0,0,0.1442,0.6789,7,8614.53,1,145,1,425,43
USR_03584,0.9249,434.7,0,0,0.318,0.6789,11,6869.01,1,269,0,860,39
USR_03585,0.8427,793.8,0,3,0.6806,0.2851,10,2485.54,1,139,1,988,18
USR_03586,0.6868,318.0,0,0,0.6678,0.8435,13,2413.04,0,16,1,945,52
USR_03587,0.9407,740.6,0,0,0.6949,0.4512,10,1003.25,1,94,1,973,42
USR_03588,0.7593,902.7,0,1,0.7128,0.6258,9,25378.75,0,16,1,655,30
USR_03589,0.521,457.2,0,1,0.399,0.754,9,982.4,1,144,1,472,40
USR_03590,0.9901,429.9,1,0,0.4022,0.7773,5,12113.96,0,230,1,805,42
USR_03591,0.9179,608.4,1,1,0.5116,0.4701,6,957.42,1,338,1,569,17
USR_03592,0.7737,579.6,0,0,0.3371,0.3132,10,8216.37,1,228,1,420,30
USR_03593,0.8516,996.7,0,0,0.5216,0.5987,15,2277.58,0,302,1,293,54
USR_03594,0.9698,848.0,0,0,0.721,0.6745,11,8062.67,0,347,1,160,44
USR_03595,0.9915,1281.0,1,0,0.8854,0.566,11,559.54,0,177,1,893,33
USR_03596,0.8458,1363.4,1,0,0.4723,0.6265,6,583.08,1,225,1,232,25
USR_03597,0.6135,731.1,0,0,0.6413,0.1784,8,4666.73,0,180,1,625,34
USR_03598,0.7819,1001.7,1,0,0.6408,0.601,8,10478.54,0,226,1,711,31
USR_03599,0.9053,961.9,2,1,0.5579,0.3504,6,863.06,0,218,1,736,31
USR_03600,0.6533,510.5,1,1,0.3185,0.6876,3,11338.93,0,28,0,543,7
USR_03601,0.9025,1956.3,0,0,0.746,0.3505,14,721.68,1,154,1,913,33
USR_03602,0.6253,489.5,0,0,0.7529,0.6495,1,1276.55,0,250,1,634,26
USR_03603,0.9556,447.7,0,0,0.5262,0.8979,10,505.94,1,313,1,255,52
USR_03604,0.9636,468.5,0,1,0.8866,0.6994,9,3328.87,0,358,0,739,32
USR_03605,0.808,771.4,2,0,0.7072,0.5357,6,10075.22,0,21,1,33,31
USR_03606,0.9686,748.2,1,0,0.737,0.9398,9,12211.72,0,296,1,978,33
USR_03607,0.8993,1040.3,0,0,0.7461,0.6272,7,990.29,2,56,1,783,52
USR_03608,0.9221,526.6,0,0,0.6957,0.6406,11,1118.85,0,179,1,417,55
USR_03609,0.5628,1201.6,1,0,0.3028,0.5563,10,6630.43,0,100,1,483,24
USR_03610,0.9747,1621.2,0,0,0.7936,0.6178,8,4992.16,0,227,0,276,52
USR_03611,0.6343,391.2,1,0,0.5761,0.2743,6,1612.08,0,75,1,446,42
USR_03612,0.8816,968.0,1,0,0.2755,0.9464,5,737.2,0,314,1,597,36
USR_03613,0.954,854.7,0,2,0.7337,0.6726,11,4300.78,0,291,1,325,30
USR_03614,0.9266,559.1,0,1,0.3729,0.9,5,2504.23,0,76,1,861,54
USR_03615,0.7212,788.6,0,0,0.2741,0.6012,11,3980.48,0,158,1,67,27
USR_03616,0.7997,577.1,1,0,0.481,0.8193,7,1154.89,0,82,1,785,42
USR_03617,0.8839,450.9,1,0,0.9503,0.9361,10,2766.88,1,263,1,847,51
USR_03618,0.9685,1885.1,1,0,0.6869,0.5241,6,604.9,0,162,1,552,21
USR_03619,0.6946,1281.3,1,0,0.448,0.3651,7,2593.44,0,79,1,218,31
USR_03620,0.9087,1269.3,1,1,0.3818,0.8778,7,3271.13,0,194,0,112,52
USR_03621,0.8333,587.8,1,0,0.7277,0.2105,7,5880.62,0,228,1,199,34
USR_03622,0.8738,1277.2,0,0,0.3995,0.7987,5,37277.49,0,337,1,109,46
USR_03623,0.9371,504.8,1,2,0.5072,0.1419,8,7815.6,0,286,0,341,14
USR_03624,0.8209,683.3,1,0,0.304,0.4646,6,1594.9,1,248,1,899,29
USR_03625,0.9887,390.4,1,1,0.6006,0.5676,8,805.24,0,271,1,723,21
USR_03626,0.7005,323.8,1,0,0.8262,0.5731,5,1753.36,1,198,1,483,47
USR_03627,0.8545,858.4,0,0,0.3508,0.2649,8,2353.28,1,72,1,98,35
USR_03628,0.9535,826.9,0,0,0.773,0.5203,6,1436.1,0,244,1,699,41
USR_03629,0.8805,347.3,1,1,0.5401,0.2151,8,1832.28,1,94,0,654,36
USR_03630,0.985,614.9,0,0,0.8136,0.4611,9,29112.08,0,192,1,173,45
USR_03631,0.9785,676.9,0,1,0.6736,0.9216,7,4788.38,1,212,1,905,36
USR_03632,0.7529,1583.1,0,2,0.6472,0.4252,6,8362.11,0,65,1,931,29
USR_03633,0.7641,273.1,0,0,0.7606,0.6294,8,6247.85,0,292,1,883,41
USR_03634,0.8986,1113.8,0,0,0.8256,0.4123,9,1218.61,0,239,1,654,41
USR_03635,0.7439,1127.5,0,0,0.8932,0.3359,8,3208.86,2,202,1,278,34
USR_03636,0.9196,989.3,1,0,0.6035,0.1776,9,2423.91,0,163,1,309,49
USR_03637,0.7252,346.0,0,0,0.1828,0.8217,13,3237.34,0,15,1,960,36
USR_03638,0.9206,1373.4,0,0,0.7345,0.8827,6,1024.92,0,336,1,566,51
USR_03639,0.7342,493.1,1,1,0.8,0.4446,8,609.33,0,124,0,106,30
USR_03640,0.7269,812.2,0,0,0.5179,0.4982,7,1181.12,0,179,1,223,42
USR_03641,0.7311,824.6,1,0,0.8069,0.9548,4,2156.88,0,85,0,596,33
USR_03642,0.9605,1017.4,0,0,0.6258,0.7129,7,8153.12,0,331,1,344,62
USR_03643,0.9585,492.5,1,0,0.3221,0.6068,9,9085.95,1,64,1,380,49
USR_03644,0.9508,1288.4,1,0,0.8817,0.6813,10,5460.22,0,216,1,882,29
USR_03645,0.99,342.9,0,1,0.692,0.9131,5,885.78,0,335,1,473,56
USR_03646,0.7081,673.9,2,0,0.8145,0.7463,8,2968.8,0,162,0,899,35
USR_03647,0.8674,816.1,1,0,0.392,0.4891,2,1410.59,1,23,0,707,35
USR_03648,0.7023,1085.7,2,0,0.6944,0.6251,9,1152.01,1,109,1,506,27
USR_03649,0.8409,389.2,2,0,0.5376,0.3939,5,2457.63,0,356,1,297,35
USR_03650,0.7732,340.2,0,0,0.3656,0.6336,7,9335.67,0,133,1,528,32
USR_03651,0.8872,252.9,0,2,0.7112,0.5009,10,3153.67,0,361,1,555,20
USR_03652,0.9392,975.4,1,0,0.8201,0.5417,8,616.52,1,221,1,778,52
USR_03653,0.724,380.5,0,0,0.5037,0.5303,10,3015.48,1,110,1,336,41
USR_03654,0.794,417.0,1,1,0.642,0.3326,6,3593.85,0,263,0,719,25
USR_03655,0.8089,857.7,1,1,0.525,0.562,6,23347.09,0,294,1,216,26
USR_03656,0.6913,384.1,0,0,0.6841,0.6139,8,559.8,0,277,1,530,42
USR_03657,0.7772,633.2,0,0,0.5228,0.8045,4,11734.02,0,254,1,702,42
USR_03658,0.9156,553.7,0,0,0.9584,0.1883,10,2343.17,0,280,1,766,44
USR_03659,0.6137,691.2,1,0,0.6701,0.4529,8,8718.44,0,177,1,971,11
USR_03660,0.9154,2115.7,0,0,0.6824,0.4987,11,474.84,0,328,1,218,65
USR_03661,0.8943,1489.4,0,0,0.3434,0.5447,11,6408.22,1,118,1,626,32
USR_03662,0.922,3334.3,1,1,0.6862,0.4234,7,945.11,0,240,1,284,42
USR_03663,0.6777,321.1,0,0,0.7713,0.8802,6,14247.55,0,334,0,788,49
USR_03664,0.9476,582.4,0,0,0.8251,0.1904,7,3956.51,0,345,1,125,30
USR_03665,0.5472,808.3,0,0,0.5772,0.3206,13,3075.77,0,213,0,83,27
USR_03666,0.8906,726.6,0,1,0.6654,0.4577,7,1164.0,0,251,1,783,40
USR_03667,0.8876,473.2,0,0,0.8067,0.2925,8,16155.24,0,15,1,30,45
USR_03668,0.9234,599.0,0,0,0.6025,0.4132,7,429.9,0,327,1,68,52
USR_03669,0.7946,508.4,1,1,0.3904,0.5476,4,933.25,2,279,0,493,9
USR_03670,0.8358,543.0,0,0,0.4776,0.5585,6,10240.39,0,146,1,542,54
USR_03671,0.8746,549.0,1,0,0.7557,0.2554,8,375.32,0,299,1,697,34
USR_03672,0.8397,475.5,2,0,0.2989,0.2493,8,1870.56,2,134,1,965,44
USR_03673,0.7103,286.4,0,2,0.7949,0.604,4,1562.36,0,319,1,636,31
USR_03674,0.8135,469.1,0,0,0.3963,0.763,8,1612.6,0,36,1,976,46
USR_03675,0.8843,925.3,1,0,0.8644,0.809,12,1217.1,0,169,1,163,42
USR_03676,0.7914,458.2,0,0,0.6906,0.4282,9,912.96,0,260,1,781,39
USR_03677,0.8785,392.8,0,0,0.2245,0.4548,0,1702.32,1,321,0,752,39
USR_03678,0.8662,728.1,0,0,0.8489,0.4284,5,899.42,1,108,1,74,70
USR_03679,0.9052,325.7,0,1,0.6209,0.8137,16,2629.31,0,242,0,771,45
USR_03680,0.5926,744.0,1,1,0.58,0.3408,10,386.67,2,233,1,126,27
USR_03681,0.7588,1663.2,0,0,0.3138,0.6138,11,2672.26,0,182,1,186,45
USR_03682,0.9209,759.9,1,0,0.7318,0.0306,9,779.03,1,260,1,999,34
USR_03683,0.8605,418.0,0,0,0.5325,0.2985,8,4249.18,1,86,1,898,43
USR_03684,0.885,341.3,1,0,0.9642,0.3428,7,8796.57,1,40,1,314,37
USR_03685,0.8864,964.7,0,0,0.8151,0.5126,10,1513.17,0,330,1,414,40
USR_03686,0.7935,1031.3,0,0,0.6539,0.4675,11,970.08,0,150,1,125,41
USR_03687,0.9659,545.1,1,1,0.3494,0.3249,4,2102.51,1,29,1,204,23
USR_03688,0.644,323.0,0,0,0.8647,0.098,6,5806.18,0,325,0,574,22
USR_03689,0.7703,358.8,1,1,0.943,0.5517,11,2692.42,0,25,0,680,19
USR_03690,0.8324,451.4,2,0,0.1755,0.6681,10,12621.18,0,97,1,900,35
USR_03691,0.7892,2771.6,1,1,0.8287,0.4725,3,867.06,2,207,1,984,18
USR_03692,0.4156,494.4,0,1,0.7209,0.7441,8,10007.9,0,221,1,753,8
USR_03693,0.8819,467.0,2,0,0.4791,0.5297,8,1912.79,0,48,1,585,44
USR_03694,0.8386,1198.3,0,0,0.4323,0.7803,7,11286.0,0,21,1,478,38
USR_03695,0.8871,1363.0,0,0,0.8604,0.6003,9,865.32,0,130,0,254,59
USR_03696,0.8243,301.7,0,2,0.4728,0.5533,12,4725.48,1,75,1,497,29
USR_03697,0.8221,1103.5,1,1,0.1737,0.3503,7,1490.43,0,287,0,586,10
USR_03698,0.9066,432.5,1,2,0.9044,0.1749,8,1683.47,1,142,1,870,23
USR_03699,0.8626,713.2,0,0,0.7437,0.3792,6,10104.1,0,264,1,289,47
USR_03700,0.9337,398.4,0,0,0.4263,0.3078,7,7836.14,0,132,1,815,40
USR_03701,0.7932,1502.1,0,1,0.7746,0.7012,11,276.02,1,194,1,960,39
USR_03702,0.9158,775.3,3,1,0.7229,0.4621,9,2241.45,0,122,1,88,34
USR_03703,0.801,1046.1,0,0,0.5679,0.4214,11,3616.67,0,120,1,39,39
USR_03704,0.7639,807.1,2,1,0.8614,0.5712,5,2032.45,0,263,1,765,12
USR_03705,0.8539,1146.9,1,0,0.6166,0.5745,6,2789.68,0,333,1,747,50
USR_03706,0.7931,794.6,0,0,0.4957,0.1873,10,10885.03,0,363,1,215,24
USR_03707,0.8578,496.3,0,1,0.4027,0.2471,9,16378.89,0,338,1,514,25
USR_03708,0.7092,1460.9,0,0,0.6755,0.3145,9,16402.71,0,13,1,166,29
USR_03709,0.6558,1893.9,1,0,0.9246,0.2902,8,2118.8,1,40,0,701,17
USR_03710,0.782,954.9,2,1,0.3945,0.7437,5,4660.55,1,348,1,89,25
USR_03711,0.5759,662.8,2,0,0.5897,0.6731,4,2003.31,0,264,1,675,37
USR_03712,0.9187,283.8,1,0,0.5652,0.3856,14,9507.53,0,114,1,299,32
USR_03713,0.876,548.9,1,0,0.4166,0.6772,5,2474.19,0,50,1,297,43
USR_03714,0.8832,264.0,1,0,0.4462,0.4768,5,9332.6,0,86,1,184,31
USR_03715,0.8738,438.0,2,0,0.3698,0.6559,8,9207.7,0,184,1,170,39
USR_03716,0.8211,1385.9,0,0,0.3062,0.3811,8,6897.03,1,260,1,48,49
USR_03717,0.6636,599.9,0,0,0.3938,0.4638,4,2311.59,0,335,1,593,46
USR_03718,0.9061,655.9,1,1,0.4934,0.6642,9,3215.13,0,130,1,626,32
USR_03719,0.7823,527.5,0,2,0.5639,0.6439,8,3005.76,0,24,1,558,35
USR_03720,0.8544,262.9,0,0,0.665,0.0918,6,1765.69,0,335,1,948,52
USR_03721,0.9658,1214.4,1,0,0.6302,0.1084,12,15731.7,0,161,1,845,24
USR_03722,0.8726,1154.4,0,1,0.274,0.5776,8,212.97,0,222,1,231,27
USR_03723,0.9402,339.2,0,0,0.5845,0.1156,11,665.25,0,322,0,893,42
USR_03724,0.5017,720.0,1,0,0.3854,0.5742,7,13794.8,0,14,1,788,18
USR_03725,0.9651,1022.8,1,0,0.2766,0.615,11,880.8,0,191,1,53,33
USR_03726,0.9899,226.0,0,0,0.6567,0.1964,11,672.51,0,262,1,768,48
USR_03727,0.9447,344.3,0,0,0.6468,0.0854,8,2779.73,1,337,1,770,51
USR_03728,0.9852,205.8,0,1,0.7047,0.3535,10,2345.83,0,218,1,886,32
USR_03729,0.9382,834.4,1,0,0.7185,0.3323,11,3160.55,1,164,1,583,40
USR_03730,0.9359,845.4,0,1,0.7196,0.5618,7,537.37,0,147,1,42,30
USR_03731,0.7471,1186.5,1,1,0.6631,0.5947,9,6564.68,1,117,1,824,45
USR_03732,0.9646,758.1,0,0,0.5238,0.3585,7,2702.96,0,143,1,487,33
USR_03733,0.969,355.1,0,0,0.362,0.7293,15,1723.77,0,301,1,555,57
USR_03734,0.9865,399.1,0,0,0.4546,0.3721,6,2054.24,0,262,1,762,45
USR_03735,0.8749,1627.3,1,0,0.5405,0.658,7,3463.93,0,90,1,39,24
USR_03736,0.9288,570.2,2,0,0.4156,0.4508,9,1460.7,0,353,1,898,32
USR_03737,0.8181,383.4,2,1,0.6177,0.1892,5,4739.39,0,261,1,276,12
USR_03738,0.8095,816.3,0,2,0.3736,0.8887,9,7148.04,0,258,1,511,27
USR_03739,0.9102,768.2,0,0,0.4563,0.8584,8,2106.2,0,117,1,552,36
USR_03740,0.7912,716.5,1,0,0.6298,0.7112,11,733.57,0,69,1,451,38
USR_03741,0.7079,652.6,1,1,0.2421,0.7566,8,14866.62,0,128,0,962,18
USR_03742,0.8816,318.5,0,0,0.7863,0.3031,7,8989.17,0,226,1,298,65
USR_03743,0.9106,646.6,0,0,0.4074,0.3231,5,6015.9,0,40,1,769,46
USR_03744,0.8691,1006.1,1,0,0.8093,0.335,10,478.32,1,98,1,434,51
USR_03745,0.9048,949.9,3,1,0.7123,0.4052,6,13035.9,1,291,1,633,20
USR_03746,0.8641,536.5,0,1,0.8199,0.8049,8,3794.81,1,129,1,817,51
USR_03747,0.8589,391.6,2,0,0.2719,0.3257,7,1926.27,0,27,1,491,42
USR_03748,0.8122,623.3,0,0,0.6002,0.7225,12,733.2,0,35,1,788,28
USR_03749,0.9603,537.1,0,0,0.1431,0.056,11,2621.3,1,115,1,582,27
USR_03750,0.6657,1185.9,1,0,0.6229,0.0728,10,4003.03,0,249,1,334,38
USR_03751,0.6972,374.4,0,0,0.4993,0.8709,9,785.12,0,337,1,279,30
USR_03752,0.8452,789.9,0,1,0.445,0.7051,8,8391.09,0,270,1,513,52
USR_03753,0.805,299.2,0,0,0.4908,0.9001,5,1527.74,0,281,1,938,42
USR_03754,0.6096,343.6,0,0,0.6083,0.1819,8,496.76,0,222,1,597,21
USR_03755,0.9663,859.3,0,0,0.8829,0.595,11,1503.74,0,270,1,198,53
USR_03756,0.9713,812.3,2,0,0.7641,0.853,9,4534.87,0,13,1,66,41
USR_03757,0.9476,571.8,0,0,0.6387,0.213,4,8616.74,0,111,1,903,38
USR_03758,0.7837,1012.5,0,0,0.6473,0.6231,7,449.69,1,38,1,149,46
USR_03759,0.9221,944.0,2,0,0.5025,0.5771,10,1978.48,0,340,1,293,19
USR_03760,0.7598,737.3,1,2,0.7121,0.7847,14,1527.7,1,308,1,173,35
USR_03761,0.9786,1084.1,0,0,0.6475,0.3021,9,2894.0,1,101,1,430,37
USR_03762,0.9626,491.0,0,0,0.2234,0.6728,11,2059.59,0,339,1,848,55
USR_03763,0.9763,267.0,2,0,0.4936,0.3055,5,860.36,0,222,1,878,33
USR_03764,0.7065,429.4,0,0,0.8389,0.9849,4,1332.09,2,300,0,636,51
USR_03765,0.8624,1115.4,0,0,0.5917,0.4453,7,9008.84,0,183,1,52,41
USR_03766,0.9235,286.9,0,0,0.2693,0.736,10,778.55,0,87,1,414,49
USR_03767,0.7781,608.8,0,0,0.7206,0.5183,7,2004.35,0,302,1,881,59
USR_03768,0.76,556.4,1,0,0.3907,0.6253,6,3880.97,0,65,1,583,27
USR_03769,0.9812,1661.6,0,0,0.5712,0.3209,10,1794.59,0,267,1,952,39
USR_03770,0.7002,1241.5,1,1,0.5174,0.1163,12,5518.35,0,25,1,595,24
USR_03771,0.7915,446.7,1,0,0.841,0.5837,9,4316.06,0,31,1,602,35
USR_03772,0.859,545.5,0,0,0.6523,0.5619,10,33835.5,2,12,1,783,58
USR_03773,0.9256,590.3,2,1,0.3694,0.1266,4,1713.21,0,158,1,148,28
USR_03774,0.804,812.8,1,1,0.8108,0.2993,8,7122.51,0,157,1,571,33
USR_03775,0.8831,487.0,0,0,0.4354,0.4986,6,11564.41,0,123,1,264,43
USR_03776,0.7094,862.7,1,0,0.4574,0.7263,7,1975.51,0,82,1,624,45
USR_03777,0.8798,289.7,1,0,0.4979,0.5079,4,2896.52,0,56,1,123,39
USR_03778,0.7725,422.5,1,0,0.7917,0.6215,9,906.64,0,189,1,490,43
USR_03779,0.9665,907.7,0,1,0.4863,0.9269,5,3111.72,0,192,0,686,51
USR_03780,0.8763,192.8,0,0,0.6765,0.1775,2,2073.8,0,277,1,821,39
USR_03781,0.8351,185.7,1,0,0.7283,0.7822,5,38038.44,0,58,1,362,42
USR_03782,0.9894,839.0,0,0,0.7685,0.3318,7,1103.9,0,351,0,127,38
USR_03783,0.7755,684.4,0,0,0.7617,0.5067,6,3018.49,0,290,1,162,38
USR_03784,0.9882,655.7,0,1,0.5926,0.2634,10,18531.69,1,318,1,219,31
USR_03785,0.8445,799.7,0,0,0.4051,0.6993,14,1189.54,0,0,1,885,52
USR_03786,0.9066,429.9,0,0,0.9909,0.6646,9,6695.61,0,57,1,750,63
USR_03787,0.9125,526.9,0,0,0.821,0.2967,5,31982.22,0,41,1,905,46
USR_03788,0.8488,1186.8,1,1,0.5386,0.3549,6,6279.12,1,95,1,971,21
USR_03789,0.7133,902.2,0,2,0.4874,0.0723,5,387.42,1,357,1,378,14
USR_03790,0.8268,1233.2,0,1,0.1727,0.5219,8,4266.42,0,4,1,540,39
USR_03791,0.7252,403.0,0,0,0.6677,0.5775,8,1752.09,0,343,0,433,36
USR_03792,0.9341,811.4,1,0,0.303,0.5322,3,933.56,0,304,1,255,25
USR_03793,0.8812,1571.3,4,1,0.5786,0.5257,7,22530.31,0,204,1,863,9
USR_03794,0.7565,408.5,0,0,0.3712,0.5879,8,15043.11,0,130,0,941,26
USR_03795,0.9124,559.9,2,0,0.4044,0.2214,8,3559.51,0,85,1,922,32
USR_03796,0.9097,984.6,1,0,0.6032,0.7693,6,2694.21,0,91,1,375,44
USR_03797,0.7421,545.2,1,0,0.8198,0.4264,8,414.24,2,266,1,927,15
USR_03798,0.7757,778.0,1,1,0.325,0.673,8,6137.46,0,13,1,964,28
USR_03799,0.8663,427.4,1,1,0.4494,0.4756,6,1433.66,0,185,1,499,36
USR_03800,0.6819,723.6,0,0,0.7238,0.4398,10,2679.22,0,237,1,866,37
USR_03801,0.7755,335.1,1,0,0.7842,0.326,7,4962.91,1,86,0,470,41
USR_03802,0.875,228.3,0,0,0.4939,0.6681,4,1615.89,0,110,1,179,36
USR_03803,0.9852,939.8,0,2,0.6747,0.6557,8,4719.16,1,15,1,466,26
USR_03804,0.6376,381.0,0,1,0.7916,0.7942,8,259.15,0,162,1,747,27
USR_03805,0.6938,480.8,0,0,0.7704,0.9253,6,4426.11,1,13,1,54,31
USR_03806,0.7216,1054.6,0,1,0.4205,0.5563,8,1265.77,0,142,1,626,31
USR_03807,0.9382,641.2,0,0,0.4051,0.1366,4,1924.35,1,136,1,199,46
USR_03808,0.9418,430.5,1,0,0.3617,0.2722,6,4973.16,1,341,1,991,44
USR_03809,0.9427,1250.0,0,0,0.5905,0.8757,8,476.3,3,329,1,329,57
USR_03810,0.9932,559.7,1,0,0.6137,0.7969,6,8117.16,1,345,1,512,60
USR_03811,0.9145,667.7,0,1,0.5913,0.5214,9,3799.47,0,250,1,137,32
USR_03812,0.8214,683.9,2,0,0.4994,0.7077,11,12825.0,0,51,1,258,45
USR_03813,0.9483,475.7,0,0,0.8971,0.6109,12,754.44,0,188,1,217,57
USR_03814,0.9232,589.8,1,1,0.7333,0.7683,10,2531.33,0,174,1,65,38
USR_03815,0.932,802.6,0,0,0.7681,0.6064,9,1823.96,0,170,1,50,62
USR_03816,0.9678,511.9,0,0,0.5938,0.8358,7,3118.83,0,123,1,168,58
USR_03817,0.9748,1022.9,0,0,0.6661,0.7531,12,7554.77,1,113,1,856,53
USR_03818,0.7066,900.8,0,0,0.8473,0.3491,5,3847.62,1,314,1,930,46
USR_03819,0.778,916.7,0,0,0.8445,0.3282,4,867.93,0,7,1,392,43
USR_03820,0.9378,761.2,1,1,0.889,0.4808,12,19057.09,0,110,1,979,38
USR_03821,0.6411,521.6,1,1,0.4859,0.6352,7,1370.18,0,233,1,397,19
USR_03822,0.9408,553.8,1,0,0.697,0.4411,10,3380.45,0,242,0,851,35
USR_03823,0.7859,1628.9,1,0,0.6025,0.1813,6,1592.88,2,96,1,163,37
USR_03824,0.9892,862.4,0,0,0.2412,0.1685,4,5604.19,1,144,1,767,41
USR_03825,0.9891,694.6,1,1,0.7539,0.226,5,3915.38,0,108,1,446,25
USR_03826,0.7256,914.8,1,0,0.7983,0.2735,8,519.22,0,355,1,988,23
USR_03827,0.9059,744.9,0,0,0.8218,0.6055,11,513.69,1,277,1,521,52
USR_03828,0.8665,413.4,0,1,0.6676,0.2725,12,3652.46,0,139,1,66,39
USR_03829,0.9287,609.4,0,0,0.3214,0.3985,8,10415.6,0,337,1,519,31
USR_03830,0.6617,607.5,0,0,0.2709,0.3715,9,557.22,1,123,1,989,43
USR_03831,0.8805,467.2,0,0,0.3643,0.3451,10,1920.69,0,220,1,770,34
USR_03832,0.955,1388.6,0,0,0.1516,0.3909,9,16364.21,0,244,1,883,50
USR_03833,0.7955,249.2,3,0,0.7801,0.6434,11,3522.19,0,79,1,846,29
USR_03834,0.9739,867.0,1,0,0.8954,0.6741,8,8774.77,2,246,0,64,30
USR_03835,0.7786,371.9,0,0,0.5827,0.3918,9,700.57,1,287,0,51,29
USR_03836,0.6993,747.9,0,1,0.4919,0.5698,8,2373.3,0,80,0,714,23
USR_03837,0.802,765.3,0,0,0.3932,0.7557,5,2320.91,1,47,1,84,50
USR_03838,0.8236,554.7,0,0,0.6691,0.2701,8,10206.9,0,3,0,958,34
USR_03839,0.788,972.0,0,1,0.8449,0.1629,7,299.91,0,34,1,944,26
USR_03840,0.8414,425.9,1,0,0.4714,0.1226,7,8037.95,1,49,1,815,51
USR_03841,0.8558,438.7,2,1,0.3295,0.1985,10,3081.62,0,358,1,898,31
USR_03842,0.8884,410.5,0,0,0.9653,0.6774,11,1753.25,0,174,1,176,60
USR_03843,0.9237,740.2,0,0,0.6109,0.4382,12,4153.09,0,277,1,770,48
USR_03844,0.9036,423.6,0,0,0.7744,0.3064,3,381.62,2,27,0,98,14
USR_03845,0.9859,819.4,0,0,0.3425,0.4259,7,1078.68,1,271,1,896,40
USR_03846,0.9526,614.9,0,0,0.6579,0.3179,6,2389.72,1,122,1,991,46
USR_03847,0.8631,753.0,0,0,0.5514,0.4833,7,4058.62,0,355,1,102,48
USR_03848,0.9058,1005.1,1,0,0.4811,0.2406,10,6730.77,1,47,1,591,30
USR_03849,0.8416,1026.9,0,0,0.5876,0.4499,7,948.38,0,64,1,752,53
USR_03850,0.5165,394.2,2,1,0.5726,0.3147,7,3654.66,0,68,1,863,0
USR_03851,0.98,907.4,0,1,0.8868,0.7088,10,6924.86,0,265,1,78,47
USR_03852,0.851,403.6,0,1,0.4252,0.0892,7,5687.51,0,80,1,480,21
USR_03853,0.9523,600.1,0,0,0.413,0.9191,9,2370.71,0,278,1,164,57
USR_03854,0.9071,640.4,0,0,0.3686,0.1249,5,2374.12,1,202,1,759,46
USR_03855,0.8402,313.4,1,0,0.406,0.3025,5,1908.08,0,36,1,312,34
USR_03856,0.9264,510.6,1,1,0.7418,0.3509,9,4284.33,0,268,1,101,38
USR_03857,0.8384,419.0,0,1,0.8255,0.7616,10,2197.33,1,322,0,279,31
USR_03858,0.8209,959.4,0,1,0.8036,0.8587,11,12195.79,2,185,1,96,38
USR_03859,0.7517,408.0,0,0,0.8022,0.0821,7,2541.72,0,39,1,257,19
USR_03860,0.9372,782.4,0,0,0.6628,0.6921,10,6758.4,0,14,1,707,52
USR_03861,0.8481,293.9,0,0,0.2758,0.5747,8,1876.8,0,59,1,393,36
USR_03862,0.7057,586.4,0,0,0.5227,0.3416,7,8248.56,0,89,1,121,39
USR_03863,0.8012,694.1,1,2,0.2831,0.164,1,2120.46,2,323,1,969,17
USR_03864,0.9806,354.3,0,0,0.9121,0.2548,6,800.22,1,184,1,253,57
USR_03865,0.9347,605.5,0,0,0.6929,0.2691,5,1190.05,0,308,0,664,35
USR_03866,0.9728,412.1,1,0,0.3841,0.3216,6,1520.52,0,42,1,371,31
USR_03867,0.9624,967.5,0,0,0.5139,0.6567,3,3243.97,0,123,0,299,22
USR_03868,0.9648,1046.0,1,0,0.411,0.3624,10,1511.31,0,140,1,742,46
USR_03869,0.9455,1646.5,0,0,0.2434,0.4431,6,4216.47,1,215,1,157,57
USR_03870,0.733,563.6,1,0,0.5083,0.6999,7,807.82,0,307,0,164,30
USR_03871,0.9888,742.6,1,0,0.1373,0.6689,4,1581.51,0,174,1,139,55
USR_03872,0.8463,562.8,1,0,0.698,0.4676,11,4388.85,0,119,1,296,37
USR_03873,0.8313,631.5,0,0,0.8586,0.4187,8,2584.6,0,157,0,541,39
USR_03874,0.9575,893.0,0,1,0.5396,0.3006,9,2429.39,0,227,1,242,34
USR_03875,0.9404,579.8,0,0,0.3258,0.561,6,2700.26,1,74,1,392,41
USR_03876,0.8097,1439.7,0,0,0.6446,0.5942,4,4048.14,1,209,0,94,49
USR_03877,0.7315,894.3,1,0,0.8739,0.3543,7,7328.82,1,364,1,771,32
USR_03878,0.9036,580.8,0,1,0.8243,0.7797,8,1058.91,0,352,1,156,43
USR_03879,0.8876,1534.9,0,0,0.2598,0.5669,7,9028.76,0,207,1,320,49
USR_03880,0.8573,459.5,0,1,0.6626,0.8723,5,1973.82,0,353,1,512,46
USR_03881,0.9581,881.6,2,0,0.8533,0.6736,5,27001.87,0,123,1,272,47
USR_03882,0.7907,507.7,1,0,0.6633,0.7837,4,3084.93,0,247,1,116,49
USR_03883,0.7175,594.5,0,0,0.5572,0.2761,9,3341.23,0,49,1,265,25
USR_03884,0.7323,745.4,0,0,0.3272,0.3139,11,1510.55,1,344,1,151,26
USR_03885,0.7231,2040.8,0,0,0.3638,0.3271,8,10847.24,1,32,1,588,38
USR_03886,0.9086,539.6,1,0,0.5828,0.8139,9,10635.03,1,199,1,940,50
USR_03887,0.9759,978.4,0,0,0.533,0.9024,4,388.93,0,180,1,372,43
USR_03888,0.9465,446.2,0,1,0.3341,0.7778,8,1296.87,0,88,1,709,36
USR_03889,0.7999,772.5,0,1,0.9089,0.2591,7,2427.53,0,34,0,948,23
USR_03890,0.9761,1003.4,0,0,0.6748,0.2085,10,1734.74,1,233,0,177,42
USR_03891,0.7208,866.0,0,0,0.7971,0.6247,6,7034.0,0,134,0,447,38
USR_03892,0.5475,510.7,0,0,0.6771,0.8119,8,484.27,1,201,1,837,48
USR_03893,0.625,269.9,0,0,0.4987,0.4407,10,4924.37,1,345,1,666,22
USR_03894,0.7454,205.5,1,0,0.6687,0.7254,9,7551.19,0,9,1,140,42
USR_03895,0.8638,1567.6,0,0,0.5528,0.3154,7,1076.31,0,241,1,160,43
USR_03896,0.7695,544.7,0,1,0.7423,0.5964,7,2851.7,0,48,1,188,43
USR_03897,0.6229,850.4,0,1,0.7275,0.8082,7,5642.42,0,238,1,339,31
USR_03898,0.8239,250.8,0,0,0.2204,0.4698,6,11297.61,0,81,0,900,26
USR_03899,0.9661,408.4,0,0,0.3556,0.2436,8,4013.04,0,22,1,501,47
USR_03900,0.8375,1026.2,0,2,0.8574,0.2595,8,10862.08,0,54,0,767,20
USR_03901,0.8516,484.4,0,0,0.2218,0.656,15,13381.56,1,228,1,693,44
USR_03902,0.8971,827.2,1,0,0.6342,0.2231,5,1963.53,0,222,1,421,47
USR_03903,0.6074,497.0,0,0,0.7705,0.3163,7,50000.0,0,77,1,626,33
USR_03904,0.5956,521.2,1,1,0.885,0.7552,8,1298.67,1,220,1,814,33
USR_03905,0.9667,496.9,1,0,0.8293,0.6947,6,7018.54,0,162,1,690,47
USR_03906,0.9395,803.4,0,0,0.8584,0.3627,14,1791.1,1,186,1,151,35
USR_03907,0.9417,1299.9,1,0,0.4765,0.42,9,700.82,2,180,1,214,34
USR_03908,0.8436,638.1,1,1,0.3528,0.4221,8,4350.5,1,170,0,199,29
USR_03909,0.9432,321.3,1,0,0.5022,0.6414,7,1955.89,1,282,1,163,23
USR_03910,0.9196,454.7,0,0,0.6987,0.0644,5,4267.81,0,280,1,231,32
USR_03911,0.9586,924.9,2,0,0.5445,0.5122,3,2468.53,1,79,1,648,44
USR_03912,0.6299,564.0,1,0,0.941,0.7855,6,781.37,1,304,1,989,24
USR_03913,0.8698,515.6,0,0,0.5386,0.4532,8,4742.56,0,69,1,741,52
USR_03914,0.8979,286.3,0,0,0.6629,0.587,9,6656.96,0,35,0,660,34
USR_03915,0.9158,244.8,0,0,0.2085,0.5538,9,10928.89,1,328,1,829,45
USR_03916,0.9104,356.7,1,0,0.7665,0.3518,5,686.62,1,210,1,844,29
USR_03917,0.8382,757.0,1,1,0.608,0.4313,2,637.25,1,49,1,94,41
USR_03918,0.8243,818.6,0,0,0.6856,0.541,3,3052.03,0,28,1,720,35
USR_03919,0.7603,460.9,0,0,0.4815,0.5066,9,3352.03,0,285,1,91,58
USR_03920,0.5091,602.5,0,1,0.4707,0.4387,10,12036.02,0,56,1,774,20
USR_03921,0.8143,385.5,2,0,0.5977,0.806,6,3044.11,1,192,1,625,19
USR_03922,0.8813,1154.0,1,0,0.589,0.4514,10,562.6,0,322,1,957,47
USR_03923,0.9329,368.4,0,0,0.7495,0.4234,5,1991.96,0,330,1,897,48
USR_03924,0.7392,816.9,0,0,0.6735,0.307,8,4054.34,1,193,1,191,28
USR_03925,0.8841,482.4,1,0,0.5931,0.5556,5,9651.9,0,251,1,93,44
USR_03926,0.8668,913.0,1,0,0.3389,0.6819,8,951.01,1,245,1,804,35
USR_03927,0.6953,960.1,0,1,0.5896,0.0631,8,3656.36,1,348,1,954,33
USR_03928,0.5903,359.7,2,0,0.61,0.8201,13,3774.43,1,57,1,977,28
USR_03929,0.9424,249.2,1,0,0.2133,0.4638,8,8183.85,0,269,1,335,31
USR_03930,0.8249,454.1,0,0,0.39,0.6222,5,22850.3,0,313,1,329,34
USR_03931,0.846,894.3,0,1,0.3924,0.4702,5,4505.65,2,116,1,905,27
USR_03932,0.7598,478.6,0,0,0.6971,0.515,13,2693.87,0,236,1,191,23
USR_03933,0.9166,716.6,0,0,0.4331,0.1898,4,1755.88,0,226,1,590,42
USR_03934,0.9016,427.1,0,0,0.46,0.8476,8,6939.23,1,34,1,510,56
USR_03935,0.812,268.9,1,1,0.7735,0.8427,11,12596.95,0,176,1,124,35
USR_03936,0.8769,392.8,2,0,0.8034,0.9031,5,632.96,0,95,1,163,43
USR_03937,0.9411,834.9,0,1,0.6679,0.4982,10,751.53,0,356,0,430,21
USR_03938,0.8699,1041.6,2,1,0.6421,0.5653,7,6696.95,0,156,1,48,28
USR_03939,0.9429,578.6,0,0,0.3319,0.485,6,6388.88,0,258,1,39,52
USR_03940,0.8598,529.6,0,0,0.5526,0.2864,7,5536.14,0,175,0,686,39
USR_03941,0.6438,520.5,0,0,0.5138,0.3825,10,1255.6,1,363,1,873,29
USR_03942,0.8196,505.9,1,0,0.7758,0.7907,6,1247.86,0,91,1,936,46
USR_03943,0.8831,1384.1,0,0,0.294,0.1302,6,8483.68,0,44,1,55,32
USR_03944,0.9199,714.3,0,0,0.6641,0.4441,11,9662.43,0,269,1,517,46
USR_03945,0.9586,1247.6,0,0,0.3719,0.8628,7,1869.88,1,5,1,885,40
USR_03946,0.871,502.9,0,0,0.9021,0.6019,8,2652.92,0,54,1,99,51
USR_03947,0.7976,817.0,0,0,0.3713,0.7046,8,623.02,0,185,1,994,41
USR_03948,0.7373,553.3,0,0,0.9352,0.909,7,1665.82,0,299,1,677,43
USR_03949,0.6628,819.9,0,1,0.2999,0.4073,11,2583.59,0,272,1,325,23
USR_03950,0.5028,1227.3,0,0,0.5928,0.7217,9,2354.52,0,257,0,963,28
USR_03951,0.7736,914.5,1,1,0.3062,0.3203,6,2628.67,0,186,1,207,15
USR_03952,0.9269,264.3,0,0,0.5537,0.7915,11,2242.44,0,102,1,602,45
USR_03953,0.825,424.6,3,1,0.8126,0.5396,7,1260.85,0,153,1,519,19
USR_03954,0.9243,501.1,0,2,0.6088,0.6565,4,4175.1,0,108,1,63,34
USR_03955,0.5266,659.3,1,2,0.3899,0.3807,12,2147.89,0,150,1,827,5
USR_03956,0.813,227.2,2,0,0.494,0.4299,7,1887.66,0,259,1,640,16
USR_03957,0.7651,1654.8,0,0,0.5616,0.7664,9,2720.36,0,234,0,980,45
USR_03958,0.821,411.0,0,0,0.5791,0.4059,6,12776.6,0,60,1,361,39
USR_03959,0.8258,336.9,0,1,0.5713,0.6705,7,10031.66,0,351,1,314,28
USR_03960,0.8849,1484.5,0,0,0.0593,0.4935,10,33371.5,0,328,1,120,35
USR_03961,0.9509,691.9,1,0,0.6261,0.4721,10,2495.19,1,188,1,438,35
USR_03962,0.8874,417.8,1,1,0.8667,0.3027,13,2019.0,1,43,1,805,34
USR_03963,0.5154,833.1,1,0,0.6669,0.1368,6,6225.4,1,323,0,608,22
USR_03964,0.9464,829.9,0,0,0.665,0.6412,8,100.07,0,32,1,370,47
USR_03965,0.8837,596.3,0,0,0.6152,0.8761,11,3370.6,0,6,0,694,33
USR_03966,0.5818,855.7,1,0,0.4691,0.7009,8,16085.83,0,173,0,757,33
USR_03967,0.5096,926.8,3,1,0.646,0.32,10,9308.72,0,320,1,92,11
USR_03968,0.8417,1524.5,1,1,0.8649,0.3414,11,3495.64,0,36,1,150,34
USR_03969,0.9371,561.2,2,1,0.7614,0.4744,10,13693.18,0,215,0,86,20
USR_03970,0.4627,1053.4,0,1,0.8055,0.6816,5,593.67,0,253,1,34,27
USR_03971,0.8419,818.4,1,1,0.78,0.6051,8,4464.01,0,307,1,414,31
USR_03972,0.7953,580.6,2,1,0.6409,0.8308,9,708.02,0,311,1,725,31
USR_03973,0.9078,893.0,1,0,0.9783,0.1402,7,3018.07,0,61,1,194,33
USR_03974,0.9821,949.6,0,0,0.7136,0.5069,8,1146.22,1,325,1,418,55
USR_03975,0.8858,752.4,1,0,0.2686,0.1604,8,4057.97,0,14,1,761,18
USR_03976,0.7956,835.4,1,0,0.5347,0.7573,8,11480.13,0,307,1,169,50
USR_03977,0.7225,1187.3,0,0,0.8583,0.6317,10,11003.44,0,126,1,544,49
USR_03978,0.9047,1434.7,1,0,0.6273,0.5662,10,2348.27,0,178,0,317,31
USR_03979,0.6782,145.1,1,0,0.7183,0.825,9,6126.2,0,61,1,724,37
USR_03980,0.9803,855.6,1,0,0.6272,0.557,6,2525.42,1,66,1,388,52
USR_03981,0.9227,662.5,2,0,0.5692,0.3475,10,4228.28,0,226,0,344,24
USR_03982,0.863,990.7,0,1,0.7062,0.6775,6,1037.33,1,242,1,189,48
USR_03983,0.6193,385.7,0,0,0.3104,0.5382,9,24882.89,0,154,0,600,26
USR_03984,0.8889,718.0,0,0,0.6988,0.1882,13,11347.56,1,213,1,165,46
USR_03985,0.7915,992.2,2,2,0.6796,0.1287,8,18779.3,0,79,1,256,20
USR_03986,0.919,1235.8,0,0,0.7685,0.3052,9,6064.73,0,149,1,979,55
USR_03987,0.7933,873.2,0,0,0.5091,0.6219,8,1373.94,0,59,1,710,47
USR_03988,0.8435,263.5,1,0,0.8943,0.4665,8,1514.39,0,43,1,64,43
USR_03989,0.9794,748.0,0,1,0.5174,0.5907,7,6081.81,0,169,0,33,33
USR_03990,0.8833,877.9,0,0,0.6009,0.0713,6,6042.42,0,86,1,472,24
USR_03991,0.7504,304.5,0,0,0.8105,0.4867,10,964.29,1,175,1,883,35
USR_03992,0.84,493.6,1,0,0.7833,0.3249,6,11958.51,1,66,1,992,31
USR_03993,0.6116,806.7,0,3,0.6615,0.4513,8,1754.11,1,52,1,821,9
USR_03994,0.8795,1564.3,0,0,0.6828,0.1849,8,10354.31,0,43,1,263,33
USR_03995,0.9597,1661.0,1,2,0.3996,0.38,7,2371.92,0,361,0,955,9
USR_03996,0.9308,846.5,0,0,0.7652,0.5244,12,7016.78,1,352,1,947,57
USR_03997,0.857,582.9,1,0,0.4151,0.8525,9,7686.03,0,274,0,319,37
USR_03998,0.7924,338.1,0,0,0.3528,0.6045,8,9276.6,0,282,1,737,47
USR_03999,0.9031,367.1,2,1,0.3523,0.4209,10,5835.23,0,307,1,557,3
USR_04000,0.9028,845.4,0,0,0.4176,0.649,4,2597.66,1,222,1,595,48
USR_04001,0.8487,531.2,0,0,0.8309,0.6789,8,1495.57,0,139,1,74,69
USR_04002,0.9459,422.8,1,0,0.2582,0.679,8,1993.94,0,296,1,244,46
USR_04003,0.9223,686.8,1,0,0.2873,0.5194,6,339.03,0,128,1,491,32
USR_04004,0.8146,835.2,0,0,0.7318,0.8439,11,2112.7,0,50,1,258,60
USR_04005,0.6273,467.3,1,0,0.7203,0.361,9,4856.96,0,97,1,959,29
USR_04006,0.8106,547.0,0,0,0.432,0.3226,11,8407.82,0,148,1,918,32
USR_04007,0.9074,602.5,1,0,0.6485,0.3527,8,10224.69,0,256,1,655,43
USR_04008,0.9181,450.4,1,0,0.8111,0.2287,5,5671.49,1,225,1,349,34
USR_04009,0.7786,396.0,0,0,0.4532,0.1476,9,6019.59,0,341,0,72,29
USR_04010,0.9582,1834.7,0,0,0.5309,0.6741,5,7766.6,0,257,1,436,51
USR_04011,0.9208,404.0,0,0,0.5252,0.1522,6,1227.93,1,155,1,973,29
USR_04012,0.8657,395.1,0,1,0.7024,0.2425,6,721.35,0,34,1,346,44
USR_04013,0.7865,386.6,1,0,0.3995,0.4164,7,344.43,1,173,1,251,40
USR_04014,0.9905,746.1,0,0,0.776,0.8897,5,1255.12,1,16,1,456,48
USR_04015,0.9286,828.6,0,0,0.732,0.2494,6,18971.0,0,153,1,991,27
USR_04016,0.9449,1072.0,0,0,0.5889,0.4303,11,3526.34,0,12,1,972,41
USR_04017,0.6887,578.9,0,0,0.846,0.3195,4,1666.77,0,221,1,268,27
USR_04018,0.9368,604.3,0,1,0.8882,0.7934,9,777.8,1,5,1,344,40
USR_04019,0.9872,371.9,1,0,0.6177,0.5611,6,4729.94,0,223,1,426,50
USR_04020,0.7395,414.7,0,0,0.9001,0.7359,7,2768.3,0,53,1,859,48
USR_04021,0.9745,1358.3,1,0,0.4946,0.801,12,3162.06,0,301,1,717,53
USR_04022,0.9287,557.8,1,0,0.3861,0.706,8,2800.91,1,232,1,643,41
USR_04023,0.5267,570.8,1,0,0.6287,0.7186,8,530.31,1,362,1,377,28
USR_04024,0.8969,797.2,0,0,0.4639,0.6262,5,603.9,0,181,1,836,44
USR_04025,0.8203,1225.1,0,1,0.8291,0.5236,9,728.13,0,260,1,438,38
USR_04026,0.4033,876.7,0,1,0.4726,0.28,9,3225.44,0,121,1,666,13
USR_04027,0.6855,394.8,0,0,0.3322,0.4121,10,1735.89,0,139,1,314,33
USR_04028,0.958,1040.1,0,0,0.5,0.7209,6,905.65,0,153,1,364,47
USR_04029,0.7869,366.5,0,1,0.3445,0.8209,5,2680.51,0,232,1,898,36
USR_04030,0.8644,758.8,1,0,0.7104,0.0936,4,17176.52,0,185,1,927,32
USR_04031,0.6665,613.5,1,1,0.8669,0.5747,4,2830.54,1,178,1,395,24
USR_04032,0.8123,414.3,0,0,0.4865,0.7379,6,9917.85,0,225,0,384,28
USR_04033,0.9544,321.9,0,1,0.7181,0.5379,5,288.59,0,19,1,439,47
USR_04034,0.9178,452.9,3,0,0.6174,0.4775,10,2378.78,0,17,1,847,33
USR_04035,0.7432,1182.3,2,0,0.3832,0.8484,7,601.84,0,96,1,649,31
USR_04036,0.7362,351.9,1,0,0.7906,0.3961,8,11972.71,0,230,1,167,39
USR_04037,0.9486,586.1,1,0,0.8406,0.0812,9,3407.74,0,52,1,878,45
USR_04038,0.675,778.8,0,0,0.4157,0.2955,12,4329.55,0,60,0,501,22
USR_04039,0.9392,525.1,1,0,0.5167,0.2266,7,1399.28,1,210,1,735,37
USR_04040,0.9251,520.8,0,0,0.5883,0.4855,11,1229.83,0,191,1,678,40
USR_04041,0.884,272.9,2,0,0.974,0.5454,12,1578.23,0,45,1,779,34
USR_04042,0.9085,703.2,2,0,0.5161,0.1124,7,8852.08,0,343,1,512,27
USR_04043,0.8916,1421.4,2,0,0.5456,0.5983,4,2543.89,1,215,1,856,30
USR_04044,0.8779,1534.8,2,0,0.5437,0.0722,2,30344.75,1,196,1,96,21
USR_04045,0.9573,423.5,0,1,0.8849,0.6496,8,1720.55,0,110,1,194,44
USR_04046,0.8021,919.9,0,0,0.7807,0.7518,10,754.87,0,363,1,883,39
USR_04047,0.9371,1069.2,0,0,0.75,0.2878,6,6668.61,1,242,0,222,37
USR_04048,0.81,742.1,2,0,0.4011,0.8121,7,762.25,0,149,1,121,35
USR_04049,0.9122,1130.0,0,0,0.2869,0.6467,7,178.33,0,333,1,565,44
USR_04050,0.9419,645.6,2,0,0.8159,0.8803,7,1296.66,0,181,0,290,43
USR_04051,0.8595,895.8,1,0,0.8113,0.3552,8,6324.19,0,101,1,457,33
USR_04052,0.852,724.2,0,0,0.1965,0.6154,7,1594.91,0,329,0,509,31
USR_04053,0.8248,603.5,1,0,0.354,0.3182,11,4796.77,0,331,1,269,28
USR_04054,0.9712,535.8,0,0,0.1293,0.3818,10,5668.35,1,169,1,107,42
USR_04055,0.9692,499.8,0,0,0.3419,0.1965,7,1581.84,0,306,1,530,45
USR_04056,0.7696,368.5,1,1,0.4953,0.3648,4,945.69,0,268,1,833,18
USR_04057,0.8904,455.1,0,0,0.7674,0.2785,6,4669.37,0,73,1,410,43
USR_04058,0.9618,406.6,0,1,0.394,0.5647,5,1087.64,0,65,1,600,19
USR_04059,0.9454,525.5,0,0,0.565,0.6045,6,1139.06,0,240,1,348,49
USR_04060,0.9206,1095.4,1,0,0.7902,0.6336,5,8882.11,1,187,1,870,41
USR_04061,0.9134,454.8,0,1,0.3818,0.5171,7,6748.75,0,36,1,190,23
USR_04062,0.8381,989.5,0,0,0.3317,0.3864,6,12389.33,1,44,1,97,28
USR_04063,0.9123,668.0,0,0,0.4425,0.5227,12,11452.13,1,329,0,595,34
USR_04064,0.8098,487.1,0,0,0.8826,0.7036,10,3598.49,0,270,1,350,44
USR_04065,0.9188,1248.5,0,0,0.4544,0.2455,7,2953.62,0,84,1,676,35
USR_04066,0.9639,1218.3,0,0,0.7455,0.9124,9,573.74,0,56,1,679,57
USR_04067,0.9807,192.6,3,0,0.5065,0.1928,13,2165.8,0,177,1,621,26
USR_04068,0.8869,562.4,0,0,0.9871,0.2723,3,658.35,0,114,0,741,40
USR_04069,0.7369,580.7,0,0,0.4614,0.4071,8,10678.77,0,272,0,916,25
USR_04070,0.8011,307.6,0,0,0.4377,0.3729,6,3345.4,0,54,1,696,46
USR_04071,0.9994,587.4,1,0,0.2638,0.8388,6,884.82,0,30,1,943,46
USR_04072,0.8899,1124.4,0,0,0.7362,0.5974,3,11780.6,0,81,1,763,49
USR_04073,0.7272,1195.1,3,0,0.883,0.1979,6,4235.47,0,285,1,187,11
USR_04074,0.5246,412.5,0,0,0.7547,0.3891,4,3453.55,0,153,1,834,25
USR_04075,0.6768,1192.8,0,0,0.3934,0.3022,6,432.4,0,327,1,282,28
USR_04076,0.9235,630.5,0,0,0.5576,0.52,10,2233.72,0,47,1,297,50
USR_04077,0.9832,923.3,0,0,0.6233,0.602,6,12668.33,0,286,1,297,43
USR_04078,0.8639,560.4,1,0,0.5725,0.6419,17,1883.77,0,283,1,249,57
USR_04079,0.9321,473.6,0,2,0.0541,0.5191,15,690.46,1,225,0,575,23
USR_04080,0.8613,450.4,0,0,0.4263,0.6156,14,10997.38,0,133,1,884,54
USR_04081,0.86,518.1,0,0,0.7356,0.3813,4,1206.29,0,145,1,365,38
USR_04082,0.6739,569.6,0,0,0.3997,0.1064,6,360.49,0,262,1,738,32
USR_04083,0.8277,335.6,0,0,0.3759,0.6883,9,460.29,1,108,1,665,32
USR_04084,0.9366,1038.7,1,0,0.6369,0.3351,9,4512.33,0,10,1,555,30
USR_04085,0.799,800.2,2,1,0.6556,0.3119,7,2589.54,1,19,0,418,14
USR_04086,0.7262,351.7,0,0,0.8866,0.6358,9,12380.23,0,46,1,892,30
USR_04087,0.6385,1231.0,1,0,0.689,0.3005,4,973.07,0,346,1,790,27
USR_04088,0.7202,294.7,0,2,0.2938,0.863,6,6752.87,0,261,1,866,34
USR_04089,0.5911,1870.3,0,0,0.2452,0.3859,6,2071.19,1,21,1,467,26
USR_04090,0.8267,361.7,0,1,0.5577,0.5113,7,2636.46,0,68,1,367,29
USR_04091,0.8711,609.2,0,1,0.8679,0.4518,10,692.95,0,92,1,378,41
USR_04092,0.8107,321.8,0,0,0.6223,0.6756,8,6089.3,2,337,1,320,49
USR_04093,0.7423,656.7,0,0,0.2713,0.5771,8,1403.54,0,248,1,571,39
USR_04094,0.8927,1112.8,0,0,0.576,0.8789,7,9791.1,2,168,1,739,56
USR_04095,0.9313,915.4,0,0,0.309,0.4687,6,1949.67,1,80,0,149,39
USR_04096,0.6474,1478.3,0,0,0.5305,0.9558,13,509.05,0,195,1,502,40
USR_04097,0.7215,483.0,1,0,0.649,0.639,7,1880.79,0,18,0,300,28
USR_04098,0.6806,308.1,0,0,0.563,0.4639,6,3099.75,1,101,1,181,32
USR_04099,0.897,596.7,1,1,0.7722,0.5561,6,1112.18,0,194,1,774,24
USR_04100,0.6655,641.1,0,0,0.4768,0.6434,6,4243.56,0,51,1,856,38
USR_04101,0.7834,506.8,0,0,0.7509,0.6671,9,1219.6,0,5,0,516,43
USR_04102,0.9356,1156.3,1,1,0.5795,0.7775,6,3783.7,0,309,0,486,31
USR_04103,0.9185,466.4,0,0,0.3634,0.683,6,2841.62,0,196,1,962,33
USR_04104,0.9437,636.1,2,1,0.7618,0.5505,5,50000.0,0,240,1,650,26
USR_04105,0.9269,821.1,0,0,0.7674,0.3666,7,571.74,0,1,1,468,50
USR_04106,0.6897,801.3,0,0,0.6435,0.4786,8,6324.66,1,362,1,134,32
USR_04107,0.8414,705.4,1,0,0.4137,0.6824,9,5189.81,0,98,1,934,38
USR_04108,0.6,1423.9,2,0,0.4576,0.1652,10,5339.74,0,277,1,836,6
USR_04109,0.6811,636.3,0,0,0.6064,0.2804,1,2110.34,0,55,0,905,29
USR_04110,0.6503,811.2,0,0,0.8365,0.1896,8,15495.17,0,43,1,950,32
USR_04111,0.8827,1288.6,2,0,0.795,0.6222,5,1620.37,0,68,1,647,42
USR_04112,0.7962,697.9,0,0,0.573,0.7203,9,12737.71,0,312,1,140,47
USR_04113,0.893,1514.4,0,0,0.429,0.2306,9,2001.35,0,305,1,359,37
USR_04114,0.8615,565.2,1,0,0.792,0.684,6,15400.83,0,104,1,704,38
USR_04115,0.7054,455.2,1,1,0.2272,0.572,8,730.15,0,361,1,235,21
USR_04116,0.804,904.9,0,0,0.597,0.7303,9,6066.93,2,184,1,440,48
USR_04117,0.8926,663.9,1,0,0.6217,0.4922,8,2337.66,0,118,1,184,33
USR_04118,0.9105,1398.0,0,0,0.6598,0.596,8,4370.05,1,203,1,270,42
USR_04119,0.9633,583.2,0,0,0.2946,0.9647,6,1974.99,0,106,1,221,46
USR_04120,0.9439,522.5,2,0,0.4661,0.6595,7,9870.16,1,95,1,913,39
USR_04121,0.8386,1139.2,1,0,0.3122,0.6416,8,2310.17,0,147,1,624,39
USR_04122,0.6852,1534.3,0,0,0.3328,0.2531,7,7104.42,0,348,1,820,34
USR_04123,0.8195,301.4,1,0,0.8406,0.4056,8,687.1,0,121,1,323,29
USR_04124,0.9576,1721.7,1,0,0.8969,0.0706,4,2871.88,0,4,1,350,50
USR_04125,0.8848,569.0,0,0,0.9204,0.5072,7,6260.15,1,251,1,81,38
USR_04126,0.7962,498.3,2,2,0.2895,0.4811,8,1852.66,1,109,1,152,16
USR_04127,0.9527,1551.5,1,0,0.5439,0.0947,8,2175.19,0,221,1,433,29
USR_04128,0.89,982.3,0,1,0.6664,0.3459,5,1495.01,0,301,1,771,33
USR_04129,0.6908,935.5,2,0,0.8638,0.1719,13,1603.83,0,331,1,972,31
USR_04130,0.8378,561.1,0,0,0.7471,0.406,10,4059.07,0,101,1,663,55
USR_04131,0.8344,957.1,3,0,0.9367,0.545,4,8657.95,0,327,0,306,21
USR_04132,0.6051,554.4,0,0,0.2463,0.866,12,1922.59,0,82,1,51,23
USR_04133,0.9629,543.9,1,1,0.8063,0.4947,7,936.15,0,192,1,529,25
USR_04134,0.8485,558.5,0,0,0.6276,0.683,11,1290.09,1,331,1,731,56
USR_04135,0.7544,556.4,0,2,0.727,0.3594,10,2802.58,0,9,1,912,15
USR_04136,0.9513,630.1,0,0,0.7866,0.8634,9,4185.77,0,66,1,730,66
USR_04137,0.9175,474.9,1,1,0.8569,0.6841,9,4399.11,0,45,1,361,38
USR_04138,0.8195,1622.2,0,0,0.5696,0.604,10,2486.94,0,243,1,320,39
USR_04139,0.9453,565.3,1,1,0.486,0.8225,14,4394.47,0,105,1,996,29
USR_04140,0.9516,1070.0,1,0,0.6516,0.9474,9,2174.79,0,44,1,443,50
USR_04141,0.5743,883.5,0,2,0.6565,0.7366,6,910.46,1,203,1,413,21
USR_04142,0.9329,591.2,0,1,0.4444,0.2485,2,907.61,0,15,0,589,23
USR_04143,0.9225,812.9,1,0,0.1199,0.5406,4,3416.52,1,259,0,803,29
USR_04144,0.6528,432.0,2,0,0.5874,0.9218,4,4404.07,0,102,1,410,43
USR_04145,0.681,624.9,1,0,0.1196,0.8604,3,1365.01,0,66,1,457,32
USR_04146,0.9559,555.2,1,1,0.6896,0.3637,9,6687.21,0,286,1,74,26
USR_04147,0.6642,469.9,0,0,0.4455,0.5371,7,240.33,0,192,1,47,34
USR_04148,0.8204,389.1,1,0,0.6741,0.7342,10,2112.88,0,336,0,271,35
USR_04149,0.9729,523.1,0,0,0.8365,0.8926,7,11374.24,0,230,1,256,51
USR_04150,0.9066,887.5,1,0,0.5827,0.1898,4,1185.59,1,221,1,177,34
USR_04151,0.8386,1148.1,0,0,0.7687,0.4014,6,4926.34,1,62,1,467,50
USR_04152,0.7033,923.0,2,0,0.8347,0.1851,5,2666.4,0,357,1,590,33
USR_04153,0.7362,1142.5,1,0,0.5452,0.3447,5,6906.96,0,175,1,228,30
USR_04154,0.9294,1237.1,0,0,0.5509,0.518,4,1660.03,1,83,1,92,53
USR_04155,0.6391,412.5,1,0,0.8425,0.6409,6,15124.34,0,254,1,964,33
USR_04156,0.8412,651.0,0,0,0.5394,0.8281,6,15169.07,0,62,1,446,44
USR_04157,0.7674,772.3,0,2,0.7058,0.3562,7,12467.94,0,347,1,833,27
USR_04158,0.9064,797.4,0,0,0.9547,0.2939,4,2948.0,1,169,1,666,38
USR_04159,0.8601,505.0,0,0,0.5947,0.1936,5,3005.57,0,28,1,381,48
USR_04160,0.9426,1046.8,0,0,0.7907,0.8802,7,2073.91,0,248,1,851,41
USR_04161,0.8779,593.1,0,0,0.3712,0.7654,2,1180.12,1,351,1,364,53
USR_04162,0.8776,958.0,0,0,0.7671,0.2212,9,460.21,0,177,1,549,40
USR_04163,0.9411,279.2,1,0,0.825,0.1096,10,3602.11,0,202,1,394,28
USR_04164,0.8994,360.5,1,0,0.6502,0.8901,10,11106.4,0,6,1,779,42
USR_04165,0.6429,1989.8,0,0,0.8723,0.1133,7,3922.71,3,230,1,345,31
USR_04166,0.8951,192.8,0,0,0.3507,0.231,5,4126.56,0,165,1,261,55
USR_04167,0.9628,421.6,1,0,0.5383,0.2091,5,551.14,0,198,1,185,37
USR_04168,0.8431,673.7,1,0,0.8084,0.2789,8,3898.31,0,133,1,869,30
USR_04169,0.9481,1130.4,1,0,0.574,0.7646,14,2690.76,0,15,1,356,50
USR_04170,0.9556,291.0,0,0,0.9436,0.3786,9,2244.95,0,26,0,543,29
USR_04171,0.9166,883.7,0,0,0.5493,0.7988,6,2694.98,0,147,1,313,51
USR_04172,0.987,341.4,0,0,0.8368,0.6534,12,34913.2,0,274,1,105,42
USR_04173,0.5766,370.5,1,0,0.7741,0.5657,5,1427.08,0,217,1,849,39
USR_04174,0.9514,468.3,0,0,0.7556,0.241,7,3232.27,0,90,1,502,38
USR_04175,0.8701,655.6,0,0,0.5766,0.2734,4,1958.42,0,85,1,283,35
USR_04176,0.8435,764.9,0,0,0.3507,0.6714,8,2861.34,0,307,1,152,34
USR_04177,0.9932,436.7,0,0,0.6019,0.3653,7,1384.01,0,257,0,728,37
USR_04178,0.7106,841.2,0,1,0.7093,0.4657,12,3355.09,0,339,1,172,37
USR_04179,0.9954,1019.4,2,0,0.7316,0.8246,3,4520.29,1,101,1,930,43
USR_04180,0.939,1752.7,1,0,0.9825,0.6702,8,1851.89,1,258,1,639,39
USR_04181,0.9072,830.6,0,1,0.4928,0.238,9,4458.22,1,360,1,35,22
USR_04182,0.9266,636.5,0,0,0.7245,0.7527,8,2786.5,0,59,1,683,39
USR_04183,0.6923,587.4,0,0,0.4861,0.0462,3,211.96,0,349,1,501,42
USR_04184,0.5907,622.3,0,1,0.7576,0.3523,7,1037.93,2,176,1,900,17
USR_04185,0.8378,561.8,2,0,0.5207,0.5661,11,4949.63,0,316,1,946,39
USR_04186,0.9661,968.6,1,0,0.6614,0.7311,6,8119.91,0,181,0,891,38
USR_04187,0.5647,676.2,0,1,0.8121,0.8744,7,6403.66,2,307,1,415,34
USR_04188,0.9432,452.8,1,0,0.3278,0.1295,9,5334.0,0,120,1,370,27
USR_04189,0.9742,1663.8,0,0,0.2988,0.4386,9,5583.71,0,91,1,767,45
USR_04190,0.8952,706.7,0,1,0.883,0.0314,6,11231.02,2,94,1,280,27
USR_04191,0.8762,451.6,0,0,0.6549,0.6409,11,1512.37,1,290,1,732,37
USR_04192,0.9175,622.8,0,1,0.9234,0.2129,6,1300.62,0,175,1,868,40
USR_04193,0.9847,840.4,1,0,0.7272,0.7351,12,3139.83,0,4,1,829,46
USR_04194,0.9207,367.8,2,0,0.8202,0.4717,10,598.52,2,170,1,616,42
USR_04195,0.91,1013.9,0,0,0.4873,0.5508,7,8866.18,0,315,1,775,46
USR_04196,0.8103,437.1,0,1,0.5511,0.0593,5,2025.23,0,123,1,459,38
USR_04197,0.8534,503.2,0,0,0.4089,0.712,10,1523.65,3,19,1,561,27
USR_04198,0.6325,453.0,1,0,0.6896,0.0525,3,1619.7,1,93,1,489,44
USR_04199,0.8175,820.1,0,0,0.6169,0.5455,8,122.89,0,66,1,723,38
USR_04200,0.9019,352.2,1,0,0.9673,0.2865,8,3961.82,0,240,1,155,47
USR_04201,0.718,421.1,1,1,0.5299,0.7197,6,21735.71,0,280,1,311,42
USR_04202,0.8254,228.3,2,0,0.4023,0.2434,9,659.52,0,121,1,586,16
USR_04203,0.6384,847.2,1,0,0.7079,0.4739,8,3894.21,1,103,1,283,28
USR_04204,0.877,775.1,0,0,0.845,0.1066,13,5271.34,0,333,1,962,34
USR_04205,0.8222,276.9,0,0,0.2161,0.648,7,1179.87,0,199,1,879,32
USR_04206,0.9275,811.7,1,0,0.7987,0.7477,8,1394.91,0,324,0,735,26
USR_04207,0.8297,735.7,2,0,0.6292,0.8603,5,3333.34,1,3,1,720,40
USR_04208,0.7695,687.4,1,0,0.2506,0.6675,10,1687.36,0,55,1,459,39
USR_04209,0.6836,733.4,0,0,0.4837,0.2333,6,644.93,0,331,1,412,44
USR_04210,0.7978,560.1,2,0,0.4591,0.5152,6,10118.36,1,209,1,384,33
USR_04211,0.9425,459.7,0,0,0.6269,0.181,13,4636.43,0,205,1,775,36
USR_04212,0.9721,553.4,2,0,0.3792,0.8613,6,4282.59,0,264,1,697,56
USR_04213,0.5818,1026.2,1,0,0.4401,0.0086,2,18808.74,0,145,1,242,26
USR_04214,0.8207,583.3,3,0,0.4818,0.7868,6,1859.16,1,224,1,30,35
USR_04215,0.6464,734.6,1,0,0.5215,0.1035,9,667.49,0,282,1,308,16
USR_04216,0.8847,1024.7,0,0,0.5999,0.8025,7,1269.79,0,290,1,638,49
USR_04217,0.8581,540.1,0,0,0.5573,0.4165,7,6978.48,0,128,1,265,35
USR_04218,0.7287,1064.5,0,0,0.577,0.5026,18,4287.17,1,178,0,199,31
USR_04219,0.9042,675.3,0,0,0.4017,0.3984,8,1467.86,0,356,0,538,18
USR_04220,0.9346,244.9,0,0,0.2094,0.3436,8,9481.11,0,145,1,134,50
USR_04221,0.8217,783.0,1,1,0.8508,0.6425,10,4295.06,0,349,1,130,43
USR_04222,0.9185,471.2,0,1,0.5312,0.2947,4,2299.33,0,334,1,885,27
USR_04223,0.9531,2022.6,0,0,0.6485,0.5461,7,1128.18,0,281,1,982,62
USR_04224,0.8114,740.7,1,1,0.5302,0.5568,9,1588.37,0,222,1,540,7
USR_04225,0.9673,667.8,0,0,0.8564,0.5367,8,1197.35,0,41,1,604,51
USR_04226,0.8959,513.0,1,0,0.719,0.2311,11,2896.44,0,264,1,369,40
USR_04227,0.9121,1823.2,0,1,0.6859,0.6076,6,6223.91,0,219,1,994,44
USR_04228,0.6796,987.5,0,0,0.7214,0.6032,13,974.35,0,140,1,891,32
USR_04229,0.6088,705.5,0,0,0.8253,0.7035,9,3066.7,0,163,1,210,37
USR_04230,0.902,897.0,1,0,0.7023,0.5012,8,3248.71,3,247,1,311,48
USR_04231,0.8925,511.7,0,0,0.4186,0.5704,6,4056.88,0,190,1,201,45
USR_04232,0.6776,717.2,0,0,0.7093,0.2669,10,5579.55,0,73,1,939,34
USR_04233,0.9014,555.2,0,1,0.3284,0.3288,9,5156.34,1,174,1,772,32
USR_04234,0.6914,958.0,0,0,0.5867,0.2926,4,3541.0,1,325,0,918,21
USR_04235,0.7629,607.1,0,0,0.7875,0.8099,12,3348.23,0,111,1,981,47
USR_04236,0.8328,951.2,0,0,0.8253,0.6605,3,5408.53,0,318,1,672,43
USR_04237,0.6422,731.5,0,0,0.3514,0.6186,7,6437.1,0,89,1,58,41
USR_04238,0.9032,400.5,0,0,0.6046,0.8765,12,12474.65,0,236,1,938,48
USR_04239,0.6798,617.1,0,0,0.4271,0.391,5,1967.57,0,86,0,96,13
USR_04240,0.8437,1192.3,0,1,0.7582,0.1998,9,1475.85,0,245,1,884,46
USR_04241,0.9255,827.2,0,0,0.6019,0.5528,12,8342.77,0,214,1,652,46
USR_04242,0.6899,993.5,0,0,0.4465,0.7506,11,3850.31,0,324,1,34,48
USR_04243,0.7781,315.7,0,0,0.8017,0.6713,9,2914.92,0,61,0,832,45
USR_04244,0.8756,612.1,2,0,0.6793,0.6862,7,11269.84,0,79,1,240,41
USR_04245,0.7887,2104.6,1,0,0.4425,0.6858,9,5049.21,1,15,1,353,34
USR_04246,0.941,1240.8,1,0,0.7672,0.8939,5,1428.56,0,354,1,105,47
USR_04247,0.918,964.5,0,0,0.511,0.5089,7,12010.12,0,115,1,405,44
USR_04248,0.554,703.9,0,0,0.5507,0.5517,9,572.84,0,40,1,485,30
USR_04249,0.8249,1130.8,1,1,0.7879,0.4988,13,722.67,0,31,0,686,20
USR_04250,0.9889,724.3,0,1,0.4897,0.3264,8,1940.92,0,18,1,237,46
USR_04251,0.8578,1069.5,0,1,0.3949,0.0384,7,984.57,0,250,1,623,29
USR_04252,0.9688,1172.0,2,0,0.9167,0.9076,13,6048.88,0,189,0,533,28
USR_04253,0.82,873.8,0,0,0.9713,0.4707,10,5049.21,0,270,1,889,41
USR_04254,0.7569,1740.2,0,1,0.6168,0.4272,10,460.43,0,271,1,641,29
USR_04255,0.8085,529.7,1,0,0.9743,0.1839,5,3460.47,1,66,1,541,54
USR_04256,0.9562,1403.0,0,0,0.6381,0.457,6,4094.43,0,309,1,41,49
USR_04257,0.651,1002.2,1,1,0.7449,0.5098,10,3586.6,0,45,0,74,20
USR_04258,0.7563,682.8,0,0,0.5016,0.7465,9,29720.51,0,157,1,886,48
USR_04259,0.6555,425.9,1,1,0.9197,0.3853,11,3685.43,0,251,1,82,17
USR_04260,0.7919,743.9,0,0,0.864,0.604,9,1366.4,0,53,1,622,56
USR_04261,0.9231,849.8,1,1,0.9828,0.1262,11,1196.95,0,244,1,214,36
USR_04262,0.7744,320.5,1,1,0.5471,0.5757,7,763.12,1,305,1,478,24
USR_04263,0.8057,862.4,0,1,0.5854,0.0497,6,1008.96,1,328,1,561,30
USR_04264,0.7127,451.1,1,1,0.4868,0.1445,16,2325.69,0,160,1,192,19
USR_04265,0.7385,499.5,1,0,0.6775,0.6089,9,264.36,0,12,1,985,21
USR_04266,0.9801,798.1,1,0,0.8012,0.4211,4,2165.21,0,266,1,564,56
USR_04267,0.6154,810.2,1,1,0.5868,0.3471,6,2502.82,1,38,1,957,28
USR_04268,0.7575,391.3,0,0,0.3055,0.2228,7,11190.25,0,257,1,147,27
USR_04269,0.8397,1587.5,1,0,0.5565,0.4281,10,10817.79,0,128,1,194,37
USR_04270,0.9439,431.0,1,0,0.5623,0.6137,6,6336.06,0,219,1,467,49
USR_04271,0.891,458.5,0,0,0.8669,0.5941,9,6159.85,0,270,1,799,34
USR_04272,0.863,273.1,3,0,0.9033,0.3383,8,10218.99,0,141,1,267,25
USR_04273,0.8666,328.9,0,0,0.2741,0.8124,6,7988.44,1,115,1,480,55
USR_04274,0.8705,947.2,1,1,0.8585,0.6687,10,2051.35,0,360,1,45,33
USR_04275,0.9513,669.2,1,0,0.343,0.1683,14,6884.68,0,80,1,881,26
USR_04276,0.765,455.9,0,0,0.4131,0.6604,8,6971.53,1,158,1,244,40
USR_04277,0.7474,512.5,0,1,0.1565,0.7864,7,5046.65,0,199,1,232,30
USR_04278,0.8743,333.2,0,0,0.5799,0.8539,11,50000.0,0,17,1,316,43
USR_04279,0.9565,309.6,0,0,0.8141,0.3915,7,4573.6,0,35,0,392,45
USR_04280,0.7739,545.2,0,0,0.5645,0.8565,9,5250.42,0,86,1,982,48
USR_04281,0.5778,866.0,0,0,0.7195,0.8915,3,2975.82,0,236,1,579,35
USR_04282,0.6572,1211.6,0,0,0.9345,0.3267,10,765.61,1,319,0,123,29
USR_04283,0.9863,632.3,0,0,0.9453,0.7315,15,11955.59,0,346,1,988,50
USR_04284,0.9046,626.2,1,0,0.6767,0.3092,6,5142.1,0,187,1,923,46
USR_04285,0.7626,846.2,1,0,0.2323,0.5858,14,2909.09,0,15,1,429,25
USR_04286,0.9081,272.6,1,0,0.4834,0.2003,4,2605.88,0,67,1,560,37
USR_04287,0.8654,359.3,0,0,0.9488,0.6016,7,1956.45,1,281,1,103,54
USR_04288,0.9653,628.6,0,2,0.4382,0.3689,4,4508.03,1,312,1,43,10
USR_04289,0.594,798.1,0,0,0.9667,0.8767,9,3874.05,0,294,1,155,37
USR_04290,0.9079,371.1,0,0,0.3678,0.3088,4,503.05,0,85,1,904,32
USR_04291,0.7951,672.0,0,0,0.5635,0.6815,13,1749.5,0,305,1,738,47
USR_04292,0.7082,346.8,0,0,0.7122,0.522,12,5639.16,0,163,1,786,37
USR_04293,0.9558,388.9,3,0,0.1489,0.8623,10,1761.3,0,333,1,647,21
USR_04294,0.6567,686.3,0,1,0.6202,0.3345,12,3252.86,0,129,1,121,27
USR_04295,0.9589,1118.5,1,0,0.6999,0.5003,9,1446.79,0,315,1,580,36
USR_04296,0.9344,1520.8,0,0,0.3675,0.3888,15,5462.21,0,155,0,466,39
USR_04297,0.911,692.0,0,1,0.5347,0.7187,5,3882.58,1,66,1,501,37
USR_04298,0.8163,1036.1,0,1,0.5621,0.7127,5,22371.83,0,361,1,179,44
USR_04299,0.82,909.8,0,1,0.3446,0.696,7,712.37,0,304,0,433,27
USR_04300,0.8452,972.4,0,1,0.0486,0.6751,9,1215.96,1,198,1,900,24
USR_04301,0.8166,912.0,0,1,0.4096,0.4603,4,6292.41,0,271,1,451,30
USR_04302,0.8803,542.6,0,2,0.3085,0.3373,11,554.38,1,63,1,193,32
USR_04303,0.9389,1005.0,1,1,0.5059,0.7666,8,1105.33,0,30,1,796,30
USR_04304,0.6888,550.4,1,0,0.8344,0.7368,7,14473.61,0,40,1,727,49
USR_04305,0.759,229.8,0,0,0.3225,0.6472,4,6785.69,1,250,1,378,37
USR_04306,0.8801,614.7,1,1,0.5578,0.5746,4,5700.58,0,297,1,367,35
USR_04307,0.9458,1202.5,1,0,0.3865,0.1905,10,3543.52,0,260,1,928,34
USR_04308,0.9102,487.6,1,0,0.706,0.4359,12,10450.29,0,46,1,644,38
USR_04309,0.8952,879.9,2,0,0.8532,0.7692,8,5588.38,0,202,1,989,45
USR_04310,0.9163,873.9,1,0,0.2723,0.6469,6,6362.24,1,107,1,648,53
USR_04311,0.9147,1499.4,2,1,0.3428,0.5027,13,1955.32,0,150,1,648,20
USR_04312,0.6487,794.3,1,0,0.6546,0.8404,8,3080.73,0,194,1,111,24
USR_04313,0.9631,278.0,1,0,0.5762,0.3321,5,2688.12,1,150,1,409,31
USR_04314,0.9547,368.6,0,0,0.6016,0.6796,5,6728.9,0,258,1,707,38
USR_04315,0.8338,500.5,1,0,0.6524,0.7381,11,2824.74,0,130,1,224,53
USR_04316,0.9964,891.2,0,0,0.5023,0.0952,4,1371.37,0,282,0,941,39
USR_04317,0.9973,737.0,2,0,0.4911,0.133,12,1719.46,1,177,1,558,23
USR_04318,0.9049,406.8,0,1,0.6865,0.2124,5,10597.13,1,134,1,547,37
USR_04319,0.9226,612.4,1,2,0.6336,0.7822,7,1938.47,0,59,1,990,46
USR_04320,0.7848,868.0,0,0,0.742,0.9235,4,4154.03,1,246,1,286,40
USR_04321,0.861,667.0,1,0,0.5206,0.1184,7,1849.33,0,162,1,190,23
USR_04322,0.9063,409.4,1,0,0.1729,0.3635,5,5119.7,0,1,1,468,26
USR_04323,0.7546,444.1,0,0,0.4936,0.9511,10,8332.68,1,195,0,498,37
USR_04324,0.9596,747.7,1,0,0.8715,0.4106,9,13925.53,0,329,1,208,30
USR_04325,0.8074,379.8,1,1,0.5431,0.3587,6,3079.16,2,40,1,442,35
USR_04326,0.6018,512.3,1,0,0.3947,0.493,9,18147.32,0,298,1,252,23
USR_04327,0.9631,421.0,0,0,0.6377,0.5815,4,3803.45,1,145,1,619,47
USR_04328,0.8948,515.2,0,1,0.4119,0.389,9,855.01,0,244,0,110,25
USR_04329,0.9827,447.9,0,1,0.4902,0.7945,12,15756.64,1,288,1,223,46
USR_04330,0.7387,744.9,1,0,0.599,0.8496,6,1420.61,2,7,1,806,42
USR_04331,0.9823,921.9,2,0,0.4121,0.2402,9,998.05,0,292,0,972,29
USR_04332,0.7432,996.5,1,0,0.8052,0.5703,7,2392.17,0,37,1,622,28
USR_04333,0.881,480.2,0,0,0.756,0.4266,13,4046.33,0,1,1,162,53
USR_04334,0.934,2398.1,0,0,0.3802,0.8475,13,6636.35,1,120,1,230,48
USR_04335,0.628,944.9,0,2,0.3208,0.633,12,2982.79,1,42,1,294,7
USR_04336,0.777,806.9,0,0,0.9617,0.6351,9,707.46,1,16,1,808,46
USR_04337,0.9211,367.0,1,0,0.6439,0.4265,6,2513.86,1,30,1,604,36
USR_04338,0.9404,725.2,1,0,0.8326,0.6092,8,16581.96,0,341,1,154,47
USR_04339,0.7164,268.4,0,0,0.6556,0.6111,15,13447.56,0,304,1,261,46
USR_04340,0.7591,780.9,0,0,0.7929,0.2275,6,1610.37,2,362,1,259,38
USR_04341,0.6619,712.6,0,1,0.6171,0.1524,11,2197.17,0,28,1,961,38
USR_04342,0.797,1334.6,1,0,0.8175,0.6386,11,25292.34,1,293,1,118,35
USR_04343,0.8807,1396.5,0,0,0.7414,0.7599,6,2168.47,3,232,1,724,49
USR_04344,0.505,292.0,0,0,0.5088,0.1589,6,4501.84,0,75,0,804,3
USR_04345,0.7443,692.8,0,0,0.3476,0.6534,14,8788.45,0,90,1,193,39
USR_04346,0.9895,816.8,1,2,0.6898,0.156,4,474.38,2,139,1,265,19
USR_04347,0.9123,1382.6,0,0,0.7571,0.4774,6,2602.12,1,216,1,38,40
USR_04348,0.9795,994.6,0,1,0.2654,0.1536,12,992.69,0,269,1,322,29
USR_04349,0.9399,589.1,1,0,0.1934,0.1959,10,10964.04,1,287,0,735,37
USR_04350,0.8639,870.6,2,0,0.6172,0.1451,9,2287.76,1,341,1,647,40
USR_04351,0.5992,516.0,0,1,0.6384,0.4834,17,3392.28,1,57,0,325,23
USR_04352,0.9317,405.2,4,1,0.6461,0.2271,18,7567.75,0,17,1,200,24
USR_04353,0.6354,851.0,0,2,0.8436,0.3523,4,2812.71,0,1,1,356,21
USR_04354,0.664,596.4,1,1,0.289,0.6803,10,13230.77,1,13,1,36,26
USR_04355,0.786,277.7,0,1,0.8827,0.0608,7,6956.34,1,96,1,290,32
USR_04356,0.8011,562.7,0,0,0.6339,0.3359,7,646.21,1,136,1,987,31
USR_04357,0.863,930.1,0,0,0.8125,0.6271,9,8129.77,0,126,1,609,50
USR_04358,0.9159,1024.8,1,0,0.5385,0.8424,13,3539.81,1,132,1,230,50
USR_04359,0.7222,1019.3,1,1,0.4077,0.5722,4,6260.18,0,260,1,301,25
USR_04360,0.6053,630.0,0,1,0.6678,0.5535,7,12956.38,0,299,1,671,52
USR_04361,0.8287,1435.9,1,0,0.7274,0.6355,9,2533.53,0,332,1,900,43
USR_04362,0.8911,607.4,2,0,0.5768,0.6994,13,1717.36,0,247,1,769,20
USR_04363,0.7905,966.5,0,0,0.573,0.1082,8,5003.84,0,67,1,927,45
USR_04364,0.8728,767.8,2,0,0.6135,0.2284,10,3465.08,0,288,1,863,29
USR_04365,0.9445,800.3,0,1,0.4677,0.1502,7,3651.7,0,141,1,990,35
USR_04366,0.9411,551.2,0,0,0.5443,0.172,7,3549.17,1,57,1,340,40
USR_04367,0.905,197.3,0,0,0.7687,0.778,4,639.5,0,164,1,923,52
USR_04368,0.865,815.7,0,0,0.9495,0.1771,9,3023.41,1,190,1,223,45
USR_04369,0.7568,1302.3,0,0,0.3686,0.2852,12,2207.48,0,120,1,436,39
USR_04370,0.9509,920.9,0,1,0.6715,0.2189,9,9352.13,0,31,1,405,33
USR_04371,0.7574,485.1,0,0,0.7406,0.4063,11,5053.21,0,24,1,576,40
USR_04372,0.9692,564.4,1,1,0.4435,0.2168,15,658.15,0,18,1,35,29
USR_04373,0.7999,577.3,1,1,0.8222,0.8914,4,42716.89,0,3,1,996,33
USR_04374,0.8125,584.5,1,0,0.1709,0.4566,8,2992.07,0,327,1,679,37
USR_04375,0.7075,1384.4,0,0,0.4039,0.6989,6,4704.74,2,171,1,795,39
USR_04376,0.9912,696.2,1,0,0.3165,0.1758,9,996.2,0,2,1,868,27
USR_04377,0.9059,1842.5,0,1,0.2397,0.6106,6,923.21,1,215,1,927,35
USR_04378,0.9833,785.9,0,0,0.6405,0.473,8,311.09,0,229,0,590,38
USR_04379,0.8925,507.1,0,1,0.6186,0.6111,8,2378.39,1,153,1,92,44
USR_04380,0.6936,1248.2,0,0,0.3234,0.2731,10,9180.68,0,169,0,179,24
USR_04381,0.9036,1470.0,0,0,0.7194,0.7882,11,704.17,1,293,0,320,22
USR_04382,0.8183,1131.0,0,0,0.5531,0.09,9,25630.65,0,295,0,298,30
USR_04383,0.9509,431.1,0,0,0.7837,0.7564,10,6428.61,0,52,1,294,49
USR_04384,0.8999,839.4,1,0,0.4832,0.4667,10,2492.33,1,64,1,683,50
USR_04385,0.8052,1352.7,0,0,0.4109,0.8869,8,29742.66,0,336,1,403,50
USR_04386,0.9217,1884.7,1,0,0.3809,0.665,6,9302.96,1,327,1,69,30
USR_04387,0.8711,429.9,1,2,0.6805,0.2711,7,3099.71,0,112,0,485,5
USR_04388,0.7167,832.8,1,1,0.6157,0.5584,10,8146.3,0,255,1,538,32
USR_04389,0.9181,675.7,0,0,0.6481,0.1284,11,2045.13,0,208,1,297,45
USR_04390,0.8998,366.6,0,0,0.6887,0.6464,5,478.36,0,32,1,726,61
USR_04391,0.8079,537.4,1,0,0.6539,0.4736,8,9581.39,0,11,1,877,38
USR_04392,0.6199,711.6,0,1,0.8978,0.9672,5,14204.1,0,194,1,742,27
USR_04393,0.9602,1356.0,1,0,0.3592,0.4366,10,3362.44,1,341,0,292,29
USR_04394,0.7336,223.6,0,0,0.6379,0.2092,11,7856.45,0,111,1,937,43
USR_04395,0.5005,482.4,0,0,0.8707,0.486,11,10071.29,0,153,1,809,37
USR_04396,0.8095,1326.4,1,2,0.5458,0.6357,11,771.29,0,23,0,132,14
USR_04397,0.8848,565.8,0,0,0.6858,0.4708,16,1450.97,0,45,1,504,54
USR_04398,0.9551,217.6,0,0,0.2415,0.9713,4,26927.44,0,305,1,419,62
USR_04399,0.7613,826.4,1,0,0.9042,0.6834,11,6872.18,0,18,1,767,39
USR_04400,0.9342,620.0,3,1,0.375,0.513,13,4729.29,0,95,1,215,20
USR_04401,0.9789,619.7,0,0,0.7221,0.2619,2,2094.0,0,328,1,371,43
USR_04402,0.7894,589.7,2,0,0.8052,0.5173,9,3757.43,0,170,1,417,19
USR_04403,0.9333,1328.2,2,0,0.2642,0.6757,12,1609.86,0,320,1,45,31
USR_04404,0.8512,1029.9,1,0,0.2128,0.8039,6,1487.75,0,63,1,897,29
USR_04405,0.9106,537.0,0,3,0.3436,0.8231,9,3636.05,0,311,1,404,14
USR_04406,0.9423,487.2,1,0,0.9728,0.4073,6,1089.42,0,88,1,126,45
USR_04407,0.9625,817.2,0,0,0.6603,0.3622,7,9675.87,0,145,1,676,49
USR_04408,0.9697,786.4,1,1,0.1829,0.5373,6,1954.1,0,167,1,663,35
USR_04409,0.4528,930.2,1,0,0.6704,0.2517,6,4601.55,1,180,0,947,16
USR_04410,0.823,1579.1,2,2,0.795,0.5875,2,2333.37,0,63,1,922,31
USR_04411,0.8621,409.4,0,1,0.5043,0.4017,7,4826.79,0,200,1,898,30
USR_04412,0.8804,252.7,0,0,0.9314,0.7423,6,4780.88,0,154,1,524,63
USR_04413,0.944,1198.4,0,1,0.6867,0.4156,11,2520.9,0,305,1,557,34
USR_04414,0.6405,738.9,0,1,0.8569,0.8838,8,8322.42,0,257,0,275,25
USR_04415,0.9337,972.1,0,1,0.3663,0.3694,13,3752.96,0,250,1,353,23
USR_04416,0.8456,903.8,0,1,0.4343,0.295,5,4284.83,0,233,0,264,24
USR_04417,0.7432,599.0,0,0,0.7336,0.474,3,1328.97,0,285,1,481,43
USR_04418,0.8458,1520.3,1,0,0.2814,0.5674,9,1311.55,0,100,0,637,27
USR_04419,0.6485,647.8,0,0,0.3751,0.3677,10,2023.73,0,42,1,244,30
USR_04420,0.4739,2322.2,1,0,0.4497,0.1563,5,3544.22,1,147,1,994,23
USR_04421,0.8894,776.7,0,0,0.5278,0.1643,5,16762.36,0,330,1,232,32
USR_04422,0.6926,1986.4,0,1,0.4545,0.1464,11,492.86,1,67,1,69,24
USR_04423,0.9521,541.7,0,0,0.8867,0.8852,5,1331.49,0,215,1,415,67
USR_04424,0.9239,794.5,1,1,0.7229,0.2718,11,678.35,0,219,1,494,27
USR_04425,0.9375,1739.4,0,1,0.3557,0.4543,7,817.49,1,246,1,825,28
USR_04426,0.873,294.9,1,0,0.3689,0.7285,9,3903.54,0,24,1,359,39
USR_04427,0.7392,235.1,0,1,0.7006,0.8793,7,5712.92,2,38,1,660,30
USR_04428,0.8587,1002.7,2,0,0.679,0.716,13,5317.45,0,339,1,39,41
USR_04429,0.7614,504.2,0,0,0.2761,0.1955,6,3050.61,0,191,0,503,34
USR_04430,0.8324,684.4,2,0,0.8329,0.7102,11,1502.5,0,31,1,524,31
USR_04431,0.6453,524.6,2,1,0.4278,0.8144,6,3477.3,1,171,1,198,24
USR_04432,0.9227,670.6,1,1,0.8776,0.4416,3,3402.68,0,28,1,833,48
USR_04433,0.8079,737.0,0,0,0.5722,0.7683,5,1468.63,0,139,1,197,41
USR_04434,0.7226,326.3,1,1,0.8959,0.8008,7,3785.7,0,47,1,392,35
USR_04435,0.6004,468.6,1,0,0.4913,0.9404,7,4369.01,0,128,1,923,51
USR_04436,0.771,841.0,0,0,0.6258,0.383,5,914.52,0,92,1,250,35
USR_04437,0.6465,1054.1,1,0,0.8929,0.5791,7,9547.9,0,283,1,531,38
USR_04438,0.5491,562.9,0,0,0.336,0.9399,4,975.86,0,265,0,285,24
USR_04439,0.8639,601.4,1,1,0.9042,0.6093,11,1336.66,0,71,0,625,42
USR_04440,0.9581,239.6,1,0,0.5488,0.9376,12,571.89,1,326,1,761,41
USR_04441,0.7443,575.3,0,0,0.6698,0.6768,9,734.11,0,117,1,184,45
USR_04442,0.9304,190.6,0,2,0.4887,0.7724,8,14831.23,2,15,1,879,22
USR_04443,0.7249,498.8,0,0,0.4813,0.602,7,1542.2,0,4,1,58,51
USR_04444,0.9416,538.4,0,2,0.3846,0.7028,6,5341.92,0,24,1,390,22
USR_04445,0.9984,909.6,2,1,0.3652,0.4615,4,1080.33,0,175,1,128,22
USR_04446,0.8287,1181.8,0,0,0.4291,0.1768,3,5084.8,0,358,1,364,19
USR_04447,0.9644,1140.0,0,0,0.587,0.2229,7,2819.45,0,117,1,803,51
USR_04448,0.7138,465.9,1,0,0.3346,0.3578,7,435.77,0,83,1,317,20
USR_04449,0.911,372.3,0,1,0.6305,0.3025,8,2347.43,0,290,1,882,34
USR_04450,0.769,848.6,0,0,0.6086,0.7359,11,2462.5,0,152,1,79,50
USR_04451,0.7929,464.4,1,0,0.5276,0.6996,11,6232.14,1,251,1,602,45
USR_04452,0.9575,950.1,0,0,0.7671,0.3889,7,4108.46,1,191,1,899,46
USR_04453,0.8915,1355.4,0,1,0.5252,0.6971,9,10589.35,0,240,1,813,38
USR_04454,0.8291,986.0,1,0,0.3409,0.3526,8,1428.66,0,10,1,892,48
USR_04455,0.8872,485.0,0,0,0.618,0.1921,6,2303.73,0,326,1,526,45
USR_04456,0.8798,490.8,1,0,0.295,0.4448,9,18781.8,0,236,1,416,37
USR_04457,0.8794,365.1,0,0,0.9069,0.7856,15,1765.08,0,106,1,632,53
USR_04458,0.8945,975.8,0,1,0.5192,0.636,9,424.71,0,319,1,958,44
USR_04459,0.9463,295.2,0,0,0.5479,0.8013,9,2062.87,0,101,1,754,53
USR_04460,0.856,581.6,1,0,0.5572,0.2279,6,2245.77,0,281,1,332,35
USR_04461,0.8191,361.8,0,0,0.6342,0.1266,5,3130.66,0,230,0,237,45
USR_04462,0.8058,744.7,0,0,0.5302,0.4233,6,5377.78,0,339,1,218,51
USR_04463,0.9807,590.3,1,0,0.5481,0.7155,7,871.42,0,302,1,171,48
USR_04464,0.9956,976.6,0,0,0.8865,0.5614,4,2080.56,1,81,1,279,53
USR_04465,0.9447,823.7,0,1,0.7259,0.4916,11,1848.71,1,44,0,194,41
USR_04466,0.5569,484.7,0,0,0.6469,0.0974,12,1193.62,0,144,1,432,38
USR_04467,0.9554,605.7,1,0,0.827,0.2309,5,2608.05,0,209,1,176,58
USR_04468,0.8059,476.1,0,1,0.2301,0.8573,12,4170.54,1,61,1,158,37
USR_04469,0.7257,1237.0,1,0,0.7804,0.4163,10,1335.43,0,347,1,250,32
USR_04470,0.85,684.3,0,0,0.4398,0.2424,8,5571.74,0,228,1,381,45
USR_04471,0.69,826.4,1,0,0.5631,0.3535,7,3676.94,0,40,1,985,36
USR_04472,0.813,1231.5,0,0,0.8764,0.9058,4,3689.57,0,299,1,637,59
USR_04473,0.8181,635.8,0,0,0.6193,0.112,10,3819.73,0,120,1,402,43
USR_04474,0.8506,487.3,0,0,0.3871,0.8155,7,9609.93,1,41,0,287,35
USR_04475,0.7988,503.1,1,2,0.8076,0.54,2,2899.22,0,319,1,713,19
USR_04476,0.8903,691.3,1,0,0.6542,0.3225,10,1863.13,1,110,1,882,38
USR_04477,0.7295,399.0,0,1,0.4849,0.4284,10,4873.91,0,276,1,502,29
USR_04478,0.901,656.1,1,0,0.3182,0.4746,5,752.97,0,180,1,91,37
USR_04479,0.7976,355.9,0,1,0.8194,0.9139,7,1995.09,1,83,1,226,28
USR_04480,0.9542,386.4,0,1,0.5306,0.3932,14,3437.79,0,325,1,130,28
USR_04481,0.8252,330.4,0,0,0.4524,0.5068,11,3920.96,1,97,1,688,33
USR_04482,0.8161,551.4,1,1,0.5468,0.9748,7,691.2,0,240,1,139,31
USR_04483,0.6456,1540.6,1,0,0.4594,0.4659,4,5704.9,0,241,1,359,24
USR_04484,0.649,902.7,0,0,0.6187,0.6103,6,6332.13,0,114,1,339,47
USR_04485,0.9637,215.6,0,0,0.7194,0.8305,16,1848.45,1,311,1,450,68
USR_04486,0.9502,565.2,2,0,0.5105,0.8804,10,2009.06,0,120,1,40,38
USR_04487,0.9805,919.1,2,1,0.7471,0.7566,4,28894.24,1,352,1,900,29
USR_04488,0.8143,363.0,0,0,0.8152,0.3994,18,425.43,0,110,1,134,49
USR_04489,0.754,1461.3,1,0,0.8101,0.1403,7,10549.46,0,167,1,660,33
USR_04490,0.7303,411.5,1,0,0.4249,0.1782,6,36312.6,0,37,1,931,23
USR_04491,0.9569,882.4,0,0,0.2945,0.764,5,1610.86,1,140,1,428,34
USR_04492,0.9222,791.8,0,0,0.6153,0.6058,9,3524.18,0,156,1,300,28
USR_04493,0.9687,566.6,1,0,0.1909,0.2693,5,553.5,0,12,1,559,38
USR_04494,0.7069,956.5,0,1,0.7645,0.8659,6,204.43,0,333,0,896,28
USR_04495,0.9574,1390.2,0,1,0.5746,0.2019,9,6648.94,0,115,1,839,35
USR_04496,0.7227,753.4,0,1,0.1026,0.6319,12,2051.42,0,240,0,218,23
USR_04497,0.7299,886.7,0,0,0.8785,0.2048,9,6645.23,1,220,1,782,38
USR_04498,0.9226,217.2,1,0,0.2704,0.5579,6,1982.73,0,312,1,35,35
USR_04499,0.977,553.2,0,1,0.2964,0.3131,11,7610.26,0,117,1,68,31
USR_04500,0.8093,678.1,1,0,0.647,0.4969,2,8850.56,0,242,1,786,40
USR_04501,0.8414,1271.2,0,0,0.5747,0.3755,5,3504.05,1,347,1,796,42
USR_04502,0.7879,495.1,0,0,0.4026,0.2884,6,4780.16,0,186,1,372,54
USR_04503,0.7889,1162.3,0,0,0.7755,0.3072,8,2352.61,0,319,1,175,30
USR_04504,0.8631,1175.9,0,0,0.6673,0.9246,6,2209.33,0,333,1,897,56
USR_04505,0.6961,436.0,1,0,0.6953,0.3823,7,15639.09,0,333,1,851,30
USR_04506,0.7734,518.2,0,0,0.558,0.4757,12,3084.65,0,214,1,276,35
USR_04507,0.8079,1494.4,0,0,0.5881,0.4681,9,7025.13,0,198,1,596,34
USR_04508,0.9819,2265.3,1,0,0.1382,0.6007,9,15227.19,1,75,1,856,36
USR_04509,0.86,878.0,0,0,0.8254,0.3583,12,2356.9,0,265,1,568,32
USR_04510,0.8786,765.7,0,0,0.5851,0.3368,6,1122.15,1,156,0,183,39
USR_04511,0.9926,1362.0,0,0,0.5196,0.6168,11,449.99,0,210,1,721,60
USR_04512,0.8877,1375.8,1,0,0.6797,0.5189,7,848.51,0,169,1,510,32
USR_04513,0.9879,640.3,1,0,0.4601,0.6174,5,2915.35,0,53,1,160,44
USR_04514,0.785,876.8,0,0,0.4637,0.3342,14,1379.19,2,196,1,792,29
USR_04515,0.8707,1362.9,1,1,0.9027,0.6319,5,1954.39,0,47,1,491,38
USR_04516,0.7033,669.6,1,0,0.5309,0.3342,10,8680.5,1,200,0,327,24
USR_04517,0.8874,240.2,0,0,0.5702,0.1721,8,8185.96,1,136,1,291,31
USR_04518,0.5547,740.7,0,0,0.6487,0.3913,6,6380.45,1,333,1,330,39
USR_04519,0.9643,525.3,0,0,0.4839,0.5371,6,770.14,0,144,1,607,37
USR_04520,0.9805,943.2,1,0,0.6144,0.7196,7,316.16,0,273,1,149,47
USR_04521,0.9528,1163.2,2,0,0.5748,0.8232,8,2642.87,0,78,1,275,36
USR_04522,0.7075,383.6,1,2,0.773,0.7429,15,1221.5,0,337,1,56,30
USR_04523,0.8097,1422.3,1,0,0.5855,0.7258,4,1118.17,1,169,1,225,43
USR_04524,0.6582,897.0,0,1,0.6333,0.6124,8,6947.29,1,130,1,166,30
USR_04525,0.9143,805.6,2,0,0.8646,0.7609,9,553.38,0,146,1,493,59
USR_04526,0.9982,331.7,0,0,0.8688,0.5139,8,16715.28,0,204,1,291,49
USR_04527,0.6943,259.2,0,1,0.4876,0.5883,5,2295.59,0,246,1,302,34
USR_04528,0.6345,864.5,1,0,0.4316,0.287,6,1667.3,0,262,1,823,37
USR_04529,0.8777,761.4,0,2,0.7387,0.4103,6,1216.65,0,247,1,97,24
USR_04530,0.8809,269.2,0,0,0.6629,0.5079,7,364.42,1,47,1,147,44
USR_04531,0.6981,583.7,1,0,0.5351,0.7955,2,1006.68,0,233,1,841,45
USR_04532,0.8995,256.8,1,0,0.6914,0.3685,7,9758.92,0,244,1,68,49
USR_04533,0.9157,812.4,0,0,0.8952,0.21,5,5701.63,0,124,1,765,41
USR_04534,0.6941,760.4,1,0,0.9676,0.449,4,1974.44,0,313,1,109,32
USR_04535,0.847,405.6,2,0,0.6832,0.4391,7,2999.55,1,72,1,676,29
USR_04536,0.6546,595.6,0,0,0.6682,0.8492,9,12037.35,0,206,1,333,62
USR_04537,0.9901,1105.5,0,0,0.6021,0.8477,9,425.13,0,290,1,694,48
USR_04538,0.9572,831.8,0,0,0.1893,0.4624,13,1593.75,0,64,1,365,37
USR_04539,0.8791,746.5,0,0,0.8101,0.3787,10,2942.21,1,320,0,252,41
USR_04540,0.798,1274.8,0,0,0.3324,0.5606,7,2657.89,0,112,1,469,38
USR_04541,0.8164,827.3,0,0,0.8368,0.4334,7,3116.12,0,196,1,999,48
USR_04542,0.8479,432.8,0,1,0.8349,0.2964,6,5603.65,0,80,1,178,24
USR_04543,0.9317,779.1,0,0,0.7122,0.8793,8,1838.81,0,110,1,684,44
USR_04544,0.8952,652.5,1,0,0.6794,0.8157,9,26114.04,0,184,1,846,32
USR_04545,0.7596,1793.4,0,0,0.0654,0.718,2,1879.45,1,295,1,266,39
USR_04546,0.8486,604.8,1,0,0.3361,0.4604,2,949.84,0,133,1,613,27
USR_04547,0.7837,917.7,1,1,0.7777,0.4613,4,676.79,0,134,0,504,20
USR_04548,0.5978,1094.4,0,0,0.6917,0.7275,8,4744.46,0,119,0,170,47
USR_04549,0.9929,421.4,1,0,0.7967,0.6054,7,887.75,1,281,0,936,34
USR_04550,0.9351,824.8,0,1,0.7802,0.6916,6,9272.52,0,54,1,716,43
USR_04551,0.939,393.1,0,1,0.6069,0.3173,7,23287.29,0,166,1,228,29
USR_04552,0.9105,762.7,0,0,0.6481,0.291,6,1036.81,0,73,0,321,28
USR_04553,0.7759,841.9,0,0,0.182,0.1122,6,7835.44,1,320,1,779,29
USR_04554,0.9445,969.1,1,1,0.4572,0.4227,10,969.36,0,126,1,147,32
USR_04555,0.7012,1388.5,4,1,0.4703,0.6415,9,2317.14,1,204,1,375,6
USR_04556,0.8065,624.0,0,0,0.3674,0.3448,7,5934.47,0,263,1,213,44
USR_04557,0.9464,987.1,0,1,0.2087,0.5954,10,4068.46,0,147,0,734,24
USR_04558,0.8381,895.8,0,0,0.5305,0.2506,4,5131.76,0,176,0,503,43
USR_04559,0.4993,638.6,0,1,0.3312,0.2849,9,3813.5,0,54,1,85,16
USR_04560,0.825,375.4,1,1,0.7209,0.8962,5,1811.6,1,120,1,188,39
USR_04561,0.9519,1241.2,0,0,0.3004,0.5078,7,6453.88,1,182,1,299,42
USR_04562,0.6048,487.8,0,0,0.9542,0.4481,11,1552.09,1,183,1,523,35
USR_04563,0.7606,512.7,1,1,0.8407,0.463,6,6220.37,0,317,1,396,36
USR_04564,0.7312,501.0,0,0,0.2921,0.8673,6,543.31,0,227,1,139,54
USR_04565,0.9436,366.9,1,0,0.6852,0.472,11,5777.14,0,259,1,689,33
USR_04566,0.974,960.3,0,0,0.5849,0.2981,10,1340.87,0,6,0,232,53
USR_04567,0.7285,270.0,1,0,0.7875,0.6066,11,14309.4,0,181,0,186,34
USR_04568,0.789,223.6,1,0,0.4374,0.7034,10,9059.41,0,221,1,339,48
USR_04569,0.8382,1431.0,1,0,0.7561,0.4671,9,12478.79,1,234,1,878,37
USR_04570,0.8422,613.2,0,0,0.2255,0.7744,8,3218.31,0,225,1,909,45
USR_04571,0.9222,645.3,0,0,0.7833,0.3882,7,5323.49,0,281,1,844,40
USR_04572,0.8932,449.8,0,1,0.4632,0.2702,4,2330.1,1,10,1,772,38
USR_04573,0.7797,434.2,0,1,0.5614,0.7746,6,3963.19,0,199,1,996,33
USR_04574,0.7346,699.9,0,1,0.9149,0.8962,9,5038.42,2,307,1,36,31
USR_04575,0.916,992.6,0,1,0.4856,0.5978,7,2847.1,0,103,1,622,37
USR_04576,0.9219,334.2,0,0,0.8215,0.5299,7,613.65,0,254,1,705,46
USR_04577,0.8327,1987.8,0,0,0.6574,0.4328,7,2114.54,0,201,0,259,37
USR_04578,0.6969,429.6,0,0,0.6974,0.3917,8,4742.32,0,12,1,509,27
USR_04579,0.9604,416.1,0,0,0.6517,0.3688,10,15686.03,0,196,0,665,42
USR_04580,0.9075,887.1,0,0,0.8019,0.6605,7,1196.38,1,247,0,847,41
USR_04581,0.7932,899.0,2,1,0.2653,0.0571,8,4248.69,0,140,0,129,4
USR_04582,0.9994,930.5,1,0,0.5035,0.4215,4,2913.74,0,274,1,300,36
USR_04583,0.9279,921.7,0,0,0.4217,0.7277,6,2697.67,2,239,1,280,55
USR_04584,0.7527,268.3,0,0,0.3322,0.6526,10,3787.96,0,253,1,742,50
USR_04585,0.9679,665.3,0,0,0.2921,0.3048,6,2322.26,1,58,0,231,45
USR_04586,0.862,650.7,0,0,0.3907,0.3036,8,1009.43,0,104,0,624,35
USR_04587,0.7355,336.3,2,1,0.3896,0.545,10,11538.24,0,201,1,486,23
USR_04588,0.7173,1441.9,2,0,0.7346,0.2962,8,4401.34,0,122,1,417,37
USR_04589,0.4736,707.1,0,0,0.3278,0.5941,8,647.23,0,324,1,408,44
USR_04590,0.9457,1052.9,1,1,0.2671,0.5019,5,14619.7,0,145,1,466,29
USR_04591,0.8406,501.8,1,1,0.7301,0.9233,16,3372.03,0,337,0,526,44
USR_04592,0.8744,929.9,1,1,0.7075,0.5814,8,7104.43,1,141,1,162,35
USR_04593,0.9376,715.8,0,0,0.7686,0.6762,8,13852.79,0,263,1,175,46
USR_04594,0.8493,388.1,1,0,0.3824,0.2955,11,17373.81,0,216,1,188,24
USR_04595,0.8876,977.0,0,0,0.8912,0.876,7,13317.27,0,360,1,236,41
USR_04596,0.9557,976.0,2,0,0.263,0.6,4,1142.28,1,88,1,971,24
USR_04597,0.7813,800.7,1,0,0.2288,0.3208,6,22425.06,2,43,1,150,31
USR_04598,0.7627,688.3,1,1,0.2611,0.5462,8,3367.14,2,116,1,813,36
USR_04599,0.9521,1640.2,0,0,0.8345,0.4014,6,727.52,0,282,1,80,49
USR_04600,0.8198,412.1,0,0,0.321,0.9402,7,681.21,0,364,1,203,56
USR_04601,0.7505,351.6,1,0,0.8686,0.6028,7,4659.05,0,121,1,372,32
USR_04602,0.8784,555.1,0,0,0.5513,0.6796,12,864.86,0,15,1,638,43
USR_04603,0.9478,474.7,0,0,0.7268,0.3717,6,3830.98,0,160,0,957,41
USR_04604,0.7189,1185.2,0,0,0.3778,0.4095,7,2185.56,1,59,1,396,38
USR_04605,0.6873,519.7,1,1,0.6535,0.4127,7,1144.63,1,278,1,168,26
USR_04606,0.9485,748.6,1,1,0.1624,0.1358,9,1401.8,0,51,1,847,33
USR_04607,0.9808,680.5,0,0,0.9614,0.1383,4,5203.72,0,155,1,630,49
USR_04608,0.8988,1670.5,2,0,0.7487,0.2289,7,9001.14,0,36,1,51,53
USR_04609,0.974,427.3,0,0,0.7372,0.7013,6,10006.29,0,87,1,872,38
USR_04610,0.9749,789.5,0,2,0.4634,0.4592,9,1632.28,0,114,1,515,21
USR_04611,0.8198,478.8,1,1,0.1736,0.4445,6,2617.43,0,197,1,654,19
USR_04612,0.9434,159.0,1,0,0.6653,0.5481,9,9125.08,1,93,1,109,36
USR_04613,0.7868,1159.0,1,0,0.9098,0.6317,4,1140.83,0,300,1,481,68
USR_04614,0.5615,322.6,0,0,0.4714,0.3247,5,4026.22,1,261,1,244,30
USR_04615,0.9942,970.2,0,0,0.871,0.4797,5,10365.37,0,220,1,614,34
USR_04616,0.8257,368.8,1,0,0.3581,0.6285,10,4504.33,0,5,1,392,27
USR_04617,0.7687,952.3,1,0,0.6096,0.4426,6,2289.14,1,67,0,707,32
USR_04618,0.8333,557.5,1,0,0.2383,0.7015,13,471.89,0,66,1,369,43
USR_04619,0.9409,279.3,1,0,0.768,0.8029,8,4351.53,0,149,1,631,45
USR_04620,0.9776,530.6,1,0,0.6227,0.6186,5,14715.16,1,18,1,603,42
USR_04621,0.7774,470.1,0,0,0.4995,0.8668,7,2477.41,0,182,1,583,59
USR_04622,0.9094,516.2,0,0,0.4899,0.5968,6,1933.76,0,123,1,845,57
USR_04623,0.8931,618.2,2,0,0.1903,0.5003,5,2807.29,0,187,1,370,39
USR_04624,0.7171,1186.8,1,0,0.5784,0.9708,5,1310.43,0,132,1,901,38
USR_04625,0.8121,745.2,0,0,0.8319,0.823,6,2656.83,0,162,1,385,47
USR_04626,0.8327,821.5,2,1,0.3287,0.3027,9,6115.1,2,327,0,562,26
USR_04627,0.8483,501.9,2,2,0.4811,0.5769,6,14432.6,1,241,1,956,16
USR_04628,0.992,322.4,2,0,0.3841,0.6059,8,5288.97,0,2,0,999,34
USR_04629,0.8816,595.0,1,1,0.5979,0.2043,9,984.86,0,285,0,139,35
USR_04630,0.733,1125.3,0,0,0.2359,0.1872,10,2179.32,0,314,1,601,24
USR_04631,0.9739,570.1,3,0,0.6946,0.2878,5,2454.72,0,205,1,632,39
USR_04632,0.9896,352.0,1,0,0.6171,0.1756,7,4534.48,1,122,1,77,38
USR_04633,0.9495,687.3,0,0,0.3853,0.6903,10,8141.99,0,216,1,846,49
USR_04634,0.9155,1239.6,0,0,0.5055,0.453,5,1529.27,0,146,1,438,49
USR_04635,0.9469,480.1,1,0,0.7173,0.7782,10,2526.98,0,346,1,961,40
USR_04636,0.6773,613.6,0,1,0.3614,0.305,8,1228.22,0,210,1,993,29
USR_04637,0.9176,604.5,0,0,0.4576,0.6476,6,1753.17,0,215,0,793,47
USR_04638,0.9552,569.5,1,1,0.4749,0.5703,5,3857.07,1,162,1,829,35
USR_04639,0.7644,2316.8,0,0,0.6592,0.3341,8,3264.47,2,47,1,206,44
USR_04640,0.5841,673.4,0,2,0.7967,0.4185,6,14551.31,0,161,0,253,17
USR_04641,0.7419,341.6,0,0,0.7431,0.3146,6,1835.33,1,105,1,341,40
USR_04642,0.6653,570.9,1,0,0.588,0.7053,10,1498.99,1,89,1,255,45
USR_04643,0.8367,833.6,2,0,0.8208,0.5381,7,12939.03,0,248,1,420,34
USR_04644,0.8648,1569.8,1,0,0.6532,0.3196,7,2992.52,0,275,1,43,39
USR_04645,0.9766,1123.9,0,1,0.5394,0.5311,7,5840.15,0,259,1,534,33
USR_04646,0.9217,1147.3,0,0,0.5724,0.5208,10,6189.57,0,98,1,672,39
USR_04647,0.8529,427.6,0,0,0.469,0.2425,10,14047.53,0,59,1,492,35
USR_04648,0.9077,1391.8,0,1,0.6321,0.2356,5,6355.33,0,200,1,186,32
USR_04649,0.9068,272.4,1,0,0.2694,0.8345,8,5966.33,0,311,1,568,47
USR_04650,0.7602,635.7,0,0,0.3713,0.3081,8,3903.77,0,161,1,999,28
USR_04651,0.6224,259.4,1,0,0.733,0.6573,8,3857.76,0,319,1,132,41
USR_04652,0.947,473.9,0,1,0.6726,0.3745,11,5003.66,0,253,0,730,28
USR_04653,0.8819,354.6,0,0,0.336,0.4083,12,1755.55,0,255,1,536,59
USR_04654,0.9003,688.7,1,0,0.6388,0.1312,8,1109.09,0,273,1,35,25
USR_04655,0.7456,1095.2,1,0,0.56,0.4242,10,5711.89,0,93,1,377,28
USR_04656,0.9032,466.4,1,0,0.3784,0.855,5,3471.7,1,48,1,251,54
USR_04657,0.9579,747.3,0,0,0.6248,0.571,7,6882.91,2,83,1,154,54
USR_04658,0.7399,1331.7,0,0,0.6124,0.2226,6,1735.09,1,80,1,564,31
USR_04659,0.8594,433.5,0,2,0.8293,0.7857,6,1974.59,0,210,1,734,26
USR_04660,0.967,904.5,2,0,0.5673,0.7958,11,12175.57,1,191,1,798,49
USR_04661,0.8871,671.1,0,0,0.5929,0.5953,8,4662.89,0,214,1,907,41
USR_04662,0.9097,658.4,0,0,0.8299,0.6423,9,2040.25,0,69,1,273,55
USR_04663,0.8564,516.9,0,0,0.5355,0.2795,16,3327.61,0,190,1,159,46
USR_04664,0.938,642.6,1,0,0.3979,0.4658,8,2356.49,1,121,1,58,40
USR_04665,0.9303,503.7,0,0,0.9042,0.2373,7,5119.09,0,167,1,405,48
USR_04666,0.846,1402.4,1,0,0.3442,0.5606,11,880.25,0,66,1,581,43
USR_04667,0.9795,641.7,2,1,0.5491,0.6943,11,2874.37,0,244,0,249,13
USR_04668,0.9719,889.0,0,2,0.2547,0.255,3,2222.05,0,75,1,554,23
USR_04669,0.962,410.8,0,0,0.9132,0.4821,12,8730.56,0,346,1,462,54
USR_04670,0.8966,1217.9,0,0,0.8375,0.619,9,1383.22,0,222,1,477,55
USR_04671,0.9322,453.8,0,0,0.5282,0.214,4,1646.56,1,186,1,327,43
USR_04672,0.9544,844.3,0,1,0.9045,0.8443,11,7190.0,0,76,1,272,51
USR_04673,0.7411,976.6,0,0,0.7046,0.1054,8,177.5,0,194,1,50,32
USR_04674,0.7808,1286.0,0,1,0.5425,0.5035,7,5924.19,0,94,1,353,19
USR_04675,0.9683,1251.0,0,1,0.7929,0.4855,9,3957.21,0,242,1,767,41
USR_04676,0.9058,395.0,1,0,0.4608,0.7045,8,3914.33,1,69,1,565,35
USR_04677,0.5635,635.8,2,0,0.278,0.6308,6,5028.56,1,343,1,55,28
USR_04678,0.9393,497.4,0,0,0.3708,0.1407,4,852.52,0,142,1,841,34
USR_04679,0.6995,597.9,1,1,0.6551,0.5203,13,2553.62,1,334,0,113,17
USR_04680,0.9261,527.2,0,0,0.4673,0.4511,9,1762.83,0,171,1,315,40
USR_04681,0.7868,363.3,1,0,0.2965,0.4508,13,1002.01,0,59,1,511,27
USR_04682,0.5705,783.0,0,1,0.9049,0.5035,9,22312.93,1,20,1,856,28
USR_04683,0.8936,487.0,1,0,0.6877,0.4645,9,7243.14,0,161,1,246,32
USR_04684,0.8065,710.7,0,0,0.1973,0.5812,5,10045.12,0,318,1,294,27
USR_04685,0.6793,803.6,0,0,0.4229,0.9316,5,12640.15,0,187,1,794,50
USR_04686,0.9702,568.2,0,0,0.6485,0.3701,7,2913.91,0,107,1,882,50
USR_04687,0.8457,661.1,0,2,0.7606,0.6084,7,7651.62,1,73,1,343,24
USR_04688,0.9547,635.7,1,0,0.7827,0.3552,11,17564.65,1,113,1,219,46
USR_04689,0.8764,390.9,0,0,0.7722,0.554,7,20762.59,1,129,1,931,33
USR_04690,0.9171,1000.5,0,0,0.4922,0.2472,4,2260.42,0,98,1,377,41
USR_04691,0.7833,326.5,0,0,0.8749,0.4987,9,9037.37,2,73,1,407,59
USR_04692,0.8613,316.6,0,2,0.6321,0.1134,10,1495.39,0,339,1,442,28
USR_04693,0.9349,1034.0,1,0,0.4468,0.7858,10,303.88,1,46,1,44,68
USR_04694,0.8355,644.9,2,1,0.8709,0.6213,7,225.14,0,81,1,372,34
USR_04695,0.6739,429.1,0,0,0.9269,0.4209,5,8311.93,0,218,1,106,47
USR_04696,0.5973,661.5,1,0,0.6064,0.5607,5,4617.25,0,94,1,769,32
USR_04697,0.7969,519.8,1,0,0.8688,0.5203,11,1506.94,0,97,0,724,25
USR_04698,0.8395,1652.6,0,0,0.7036,0.7354,2,7490.55,1,217,1,246,34
USR_04699,0.9367,659.5,0,0,0.9344,0.4063,5,1143.57,0,253,1,887,51
USR_04700,0.8147,762.3,0,0,0.9075,0.7261,12,1582.26,1,291,1,658,59
USR_04701,0.6233,566.5,1,0,0.4091,0.8629,9,1342.44,1,220,1,38,33
USR_04702,0.8507,740.2,0,1,0.8194,0.6954,5,1092.74,0,237,1,197,39
USR_04703,0.9453,969.0,1,1,0.5031,0.3903,11,17718.68,0,329,1,739,26
USR_04704,0.8826,336.0,0,0,0.9754,0.3505,10,6767.37,1,350,1,196,36
USR_04705,0.7565,1021.0,2,0,0.707,0.228,7,506.62,0,229,0,631,25
USR_04706,0.9769,477.3,0,0,0.5707,0.6756,10,1562.81,1,364,1,792,43
USR_04707,0.8873,204.1,1,1,0.8058,0.8959,7,2570.78,0,187,1,839,39
USR_04708,0.9717,632.6,0,0,0.5784,0.3982,6,1258.72,0,342,1,948,51
USR_04709,0.8195,367.8,1,0,0.731,0.8642,6,4748.09,0,54,1,813,36
USR_04710,0.9605,647.5,0,0,0.8093,0.4425,11,3404.93,1,137,1,616,52
USR_04711,0.9044,847.9,1,0,0.4514,0.2714,9,418.95,0,149,1,559,47
USR_04712,0.8834,594.5,2,1,0.5255,0.4823,5,3565.46,0,198,1,958,10
USR_04713,0.6011,740.2,0,1,0.6891,0.4056,6,2041.98,0,282,1,248,22
USR_04714,0.7522,855.8,1,0,0.9221,0.4953,8,3848.66,0,15,0,743,32
USR_04715,0.7295,479.0,0,1,0.5687,0.4986,4,6594.69,1,349,1,884,30
USR_04716,0.6383,741.9,0,0,0.3779,0.5263,9,1445.5,0,293,1,746,44
USR_04717,0.5787,716.5,0,1,0.3624,0.5195,9,2520.94,0,269,0,119,22
USR_04718,0.8916,293.3,1,1,0.754,0.6333,8,5768.05,0,246,1,103,34
USR_04719,0.9052,303.1,1,1,0.2203,0.4747,9,2740.28,0,181,1,539,18
USR_04720,0.8732,1296.5,0,0,0.3695,0.4596,9,1702.77,0,276,1,304,26
USR_04721,0.4901,637.6,1,0,0.6469,0.2663,8,5009.09,3,7,1,323,22
USR_04722,0.9688,744.8,1,0,0.5727,0.3682,6,5103.83,0,28,1,161,42
USR_04723,0.9646,451.0,0,0,0.6993,0.4459,14,6095.48,1,300,1,833,37
USR_04724,0.6644,441.6,0,0,0.4331,0.3246,5,7068.11,1,252,1,294,30
USR_04725,0.9832,960.1,0,0,0.5401,0.3134,5,1296.3,0,356,0,828,33
USR_04726,0.7277,645.6,0,0,0.4553,0.631,9,1864.33,0,108,0,991,44
USR_04727,0.6632,1736.0,0,0,0.556,0.1255,6,885.4,0,362,1,880,46
USR_04728,0.9236,1697.3,1,0,0.928,0.5303,8,392.39,0,61,1,950,55
USR_04729,0.9466,772.5,0,0,0.6894,0.0698,13,245.75,0,225,1,890,36
USR_04730,0.8113,1196.0,1,0,0.7824,0.5568,8,8694.5,1,177,0,363,33
USR_04731,0.8663,382.2,0,0,0.6239,0.8331,10,4751.87,0,320,0,151,52
USR_04732,0.7757,490.6,0,1,0.3441,0.7404,11,3412.37,0,348,1,788,42
USR_04733,0.8885,352.4,0,0,0.7646,0.823,6,2483.46,1,233,1,192,35
USR_04734,0.9121,559.4,0,1,0.1935,0.439,8,1845.5,0,35,1,230,28
USR_04735,0.8318,1179.6,0,0,0.4145,0.3356,11,1820.93,2,96,1,922,33
USR_04736,0.803,267.7,0,0,0.8177,0.3215,6,2718.47,0,63,1,226,44
USR_04737,0.9491,619.1,0,0,0.5812,0.6011,14,3858.46,0,346,1,117,51
USR_04738,0.9317,254.2,0,0,0.8184,0.5197,6,3430.2,0,307,1,956,53
USR_04739,0.9322,570.3,1,0,0.5707,0.3397,8,4309.6,0,90,0,804,30
USR_04740,0.9208,381.6,1,1,0.6811,0.3169,8,3224.93,0,139,1,86,26
USR_04741,0.9628,387.8,0,0,0.7994,0.5337,6,3608.6,0,285,1,578,55
USR_04742,0.9133,841.5,0,1,0.8077,0.547,11,1432.09,1,80,1,218,39
USR_04743,0.8686,775.1,2,1,0.5827,0.0813,6,3675.0,0,292,1,240,23
USR_04744,0.7188,312.3,1,1,0.7287,0.6471,9,1428.42,0,324,1,242,43
USR_04745,0.9187,401.4,0,0,0.5072,0.5727,7,7357.5,1,35,1,897,61
USR_04746,0.8047,529.6,0,0,0.8176,0.8466,4,50000.0,0,85,1,115,43
USR_04747,0.9873,1421.2,1,0,0.6747,0.1671,7,988.65,0,98,1,870,32
USR_04748,0.4381,785.8,0,2,0.1167,0.3194,10,16046.64,0,68,1,100,17
USR_04749,0.803,341.7,2,0,0.7047,0.7123,6,1791.15,0,183,1,768,39
USR_04750,0.9932,362.4,0,2,0.4195,0.3991,7,2389.06,0,223,1,818,31
USR_04751,0.8756,794.4,0,0,0.2598,0.7984,5,2409.12,1,179,0,253,48
USR_04752,0.8735,482.4,0,0,0.835,0.8811,6,2319.17,0,271,1,411,61
USR_04753,0.6112,1432.0,0,0,0.7474,0.454,10,682.18,0,81,1,683,22
USR_04754,0.8866,1222.5,1,0,0.4272,0.3616,9,5826.4,1,111,1,925,39
USR_04755,0.8107,1157.5,0,0,0.494,0.1394,8,9306.27,2,226,1,60,23
USR_04756,0.8603,1165.9,0,0,0.4993,0.4591,13,217.26,0,346,1,135,49
USR_04757,0.7768,335.3,0,0,0.8654,0.3994,6,1708.23,0,262,0,75,40
USR_04758,0.897,259.5,0,2,0.3733,0.1494,5,3601.98,0,262,1,716,20
USR_04759,0.8871,1134.5,1,0,0.5802,0.5937,9,1520.87,1,232,1,750,59
USR_04760,0.7056,1542.1,0,0,0.5392,0.6007,11,817.3,0,7,1,145,55
USR_04761,0.8569,804.3,1,0,0.6611,0.4405,13,1499.14,0,264,1,751,46
USR_04762,0.9686,1210.3,1,0,0.6147,0.5702,8,3938.19,0,3,0,578,38
USR_04763,0.8681,1467.2,0,0,0.4884,0.3541,6,2076.64,0,50,1,798,40
USR_04764,0.8932,752.3,0,0,0.7168,0.4297,12,6326.11,1,129,1,930,45
USR_04765,0.588,827.1,1,1,0.7739,0.2602,10,2246.38,0,32,1,471,16
USR_04766,0.8556,1431.9,1,0,0.3173,0.4619,4,9008.82,0,268,1,747,16
USR_04767,0.7744,981.5,1,1,0.6572,0.5942,15,2195.04,1,144,1,640,40
USR_04768,0.8878,368.5,1,0,0.1536,0.9206,10,8610.07,0,201,1,408,38
USR_04769,0.8775,691.9,1,0,0.6625,0.3014,12,12978.66,0,131,1,580,54
USR_04770,0.8192,906.1,1,0,0.4356,0.7426,9,3050.12,0,42,1,229,39
USR_04771,0.9678,1035.6,0,0,0.9347,0.2121,4,5470.78,0,203,1,261,38
USR_04772,0.8349,547.8,0,0,0.5003,0.6334,5,1321.07,1,310,1,363,47
USR_04773,0.993,236.9,0,1,0.585,0.3131,9,25723.57,0,325,1,834,26
USR_04774,0.9766,318.1,0,0,0.3865,0.1661,17,8594.93,0,82,1,328,47
USR_04775,0.7791,2220.2,1,0,0.4682,0.5969,9,1479.0,0,106,1,152,30
USR_04776,0.9684,1218.0,0,1,0.4544,0.5767,5,2659.45,1,235,0,110,21
USR_04777,0.9356,814.9,0,0,0.9516,0.6117,12,2623.99,0,231,0,420,46
USR_04778,0.8797,508.7,0,0,0.6571,0.4235,7,1938.7,1,227,1,263,34
USR_04779,0.9346,1313.9,0,1,0.5782,0.469,5,1418.16,0,300,1,166,21
USR_04780,0.8303,804.2,1,0,0.4499,0.7969,7,4663.92,1,159,1,751,31
USR_04781,0.7067,1199.7,0,0,0.6334,0.39,6,3817.91,0,171,1,137,36
USR_04782,0.8662,712.1,0,1,0.3519,0.5911,9,1303.04,0,193,1,256,26
USR_04783,0.749,1196.1,1,1,0.6975,0.3729,9,5984.17,0,169,0,587,18
USR_04784,0.9289,910.5,1,0,0.6224,0.3916,15,3913.57,0,35,1,256,41
USR_04785,0.8374,364.6,0,0,0.7879,0.7307,9,12977.12,0,15,1,125,38
USR_04786,0.6778,423.6,2,1,0.6183,0.3552,8,4270.19,2,360,0,221,12
USR_04787,0.8253,545.3,2,0,0.547,0.1733,7,4009.68,0,217,1,325,30
USR_04788,0.9797,1560.0,1,0,0.4906,0.9135,9,6197.46,0,356,1,997,59
USR_04789,0.6484,833.4,0,2,0.6966,0.1984,7,1506.14,0,150,1,751,22
USR_04790,0.9734,873.0,0,0,0.2597,0.5416,12,3106.89,0,270,1,275,48
USR_04791,0.7675,839.5,0,0,0.5585,0.5398,7,22032.03,0,288,0,504,42
USR_04792,0.9072,423.8,1,0,0.69,0.2471,6,3097.73,1,329,1,450,13
USR_04793,0.9726,851.0,2,0,0.9102,0.7088,8,3999.28,1,48,1,848,49
USR_04794,0.958,648.5,0,0,0.4002,0.3556,5,2079.91,0,327,1,548,42
USR_04795,0.7252,574.3,0,1,0.8631,0.8155,7,2151.02,0,47,1,552,48
USR_04796,0.8336,429.6,1,0,0.6111,0.5646,5,1545.0,0,107,1,274,41
USR_04797,0.831,625.9,0,1,0.9305,0.5209,7,4850.78,0,251,1,984,39
USR_04798,0.8892,954.0,1,0,0.3821,0.488,8,4233.38,0,170,1,841,36
USR_04799,0.9358,419.7,0,0,0.6594,0.4609,6,787.36,0,114,1,573,36
USR_04800,0.9941,416.0,1,0,0.7676,0.6642,7,6877.89,0,185,1,922,35
USR_04801,0.761,459.0,1,0,0.8992,0.6902,9,1591.38,0,212,0,31,42
USR_04802,0.6907,462.5,0,0,0.8332,0.6829,4,4675.52,0,236,0,623,50
USR_04803,0.9177,347.5,0,1,0.6082,0.5987,5,3774.6,1,53,1,725,44
USR_04804,0.6638,1626.8,0,1,0.4351,0.7503,6,5266.3,2,351,0,449,19
USR_04805,0.7794,349.5,2,1,0.9638,0.4418,7,1639.26,0,202,1,216,23
USR_04806,0.9591,494.0,0,0,0.3466,0.6046,4,13386.85,0,302,0,311,44
USR_04807,0.8671,907.2,1,0,0.3629,0.2613,10,1163.37,0,48,1,422,17
USR_04808,0.8229,1348.2,1,1,0.1699,0.1401,11,7341.76,0,325,1,575,20
USR_04809,0.8758,450.3,4,0,0.6275,0.631,4,2262.85,2,128,1,165,30
USR_04810,0.7456,325.8,2,2,0.476,0.3022,9,28499.32,1,17,0,269,26
USR_04811,0.9161,388.4,1,0,0.4815,0.6301,7,5750.38,0,153,1,341,22
USR_04812,0.7958,1182.1,0,0,0.8955,0.5106,9,3148.84,0,245,0,395,40
USR_04813,0.9579,1562.6,0,0,0.3397,0.5331,7,2213.77,1,199,1,174,50
USR_04814,0.6232,606.5,1,1,0.358,0.5879,6,2864.34,1,65,1,364,20
USR_04815,0.7935,821.2,1,0,0.7627,0.4395,9,3064.15,0,251,1,807,44
USR_04816,0.6521,1749.0,0,0,0.8001,0.6434,8,16178.2,0,349,1,787,59
USR_04817,0.8297,373.4,2,0,0.6096,0.0607,9,3286.21,0,70,0,812,19
USR_04818,0.766,1032.8,0,0,0.4733,0.5878,4,4374.33,0,227,1,297,42
USR_04819,0.7073,642.1,0,0,0.629,0.5047,8,4228.46,0,11,1,145,42
USR_04820,0.8656,855.0,0,0,0.4467,0.1906,3,2089.73,0,235,1,67,49
USR_04821,0.7282,606.0,0,1,0.6725,0.704,8,9694.33,0,331,1,214,25
USR_04822,0.68,368.3,1,0,0.7832,0.5599,13,5855.09,1,239,1,511,34
USR_04823,0.906,306.7,0,0,0.8304,0.4281,9,5464.78,0,213,1,808,50
USR_04824,0.8255,438.7,1,0,0.5736,0.6334,9,606.08,1,361,1,675,37
USR_04825,0.9429,655.8,0,0,0.7491,0.2265,7,775.7,0,23,1,748,38
USR_04826,0.9334,867.7,1,0,0.702,0.7874,7,5928.5,0,298,1,314,53
USR_04827,0.8198,1308.6,1,0,0.4558,0.9377,9,1471.89,0,175,0,472,45
USR_04828,0.81,703.7,0,1,0.6947,0.2004,11,9285.64,0,14,1,729,32
USR_04829,0.9061,436.3,0,1,0.7091,0.5303,11,7033.52,1,156,1,244,45
USR_04830,0.9728,1557.6,1,1,0.6198,0.6591,11,23997.41,0,158,1,577,41
USR_04831,0.7913,754.4,1,1,0.636,0.3928,9,884.16,0,357,1,434,18
USR_04832,0.7189,800.0,1,0,0.5928,0.3456,10,2940.49,0,194,1,789,27
USR_04833,0.8845,379.1,0,0,0.8863,0.4254,9,501.78,0,249,1,979,45
USR_04834,0.5789,677.3,1,0,0.6623,0.5614,8,840.71,0,77,1,978,38
USR_04835,0.765,512.8,1,0,0.6751,0.6369,9,646.46,0,171,1,358,42
USR_04836,0.6997,1116.2,0,0,0.855,0.6783,6,4138.3,0,99,1,112,45
USR_04837,0.8786,650.7,1,0,0.8296,0.8919,16,508.55,0,31,0,373,40
USR_04838,0.9008,355.7,1,0,0.5125,0.7934,10,1399.42,0,84,1,505,40
USR_04839,0.7917,364.9,0,1,0.646,0.3877,11,12372.8,0,66,1,737,38
USR_04840,0.8361,1059.8,0,0,0.6957,0.487,7,1864.88,2,37,1,244,30
USR_04841,0.9267,600.1,0,0,0.2361,0.508,4,1270.16,0,199,1,132,39
USR_04842,0.9301,1106.4,0,0,0.7453,0.4441,6,17629.16,1,229,1,65,47
USR_04843,0.8712,419.8,0,1,0.6248,0.2409,8,3043.59,0,140,1,418,27
USR_04844,0.9867,516.4,0,1,0.8989,0.7707,9,24700.04,0,73,0,483,38
USR_04845,0.7109,1297.1,1,0,0.7326,0.5927,8,1109.39,0,99,1,866,44
USR_04846,0.9123,439.7,1,0,0.4305,0.394,9,547.34,0,46,0,779,22
USR_04847,0.7747,600.5,0,1,0.573,0.6121,6,894.98,0,51,1,849,42
USR_04848,0.7516,637.3,0,1,0.3713,0.6412,4,6479.52,0,307,0,401,44
USR_04849,0.8353,498.3,1,0,0.7959,0.9425,11,3052.78,1,143,1,976,55
USR_04850,0.9284,664.2,1,1,0.9335,0.5405,6,564.31,0,103,1,717,25
USR_04851,0.9658,980.2,0,1,0.6244,0.9256,7,1046.19,0,89,1,999,57
USR_04852,0.9737,404.6,0,0,0.6181,0.2708,15,2635.57,0,141,1,79,49
USR_04853,0.5219,392.0,1,0,0.5917,0.4102,5,1244.91,0,86,1,277,43
USR_04854,0.8642,353.9,0,0,0.3541,0.693,11,1382.39,0,317,0,569,25
USR_04855,0.889,486.9,1,0,0.7503,0.0751,12,28544.0,1,224,1,388,26
USR_04856,0.6949,465.6,1,1,0.5543,0.6437,6,768.61,0,60,0,952,38
USR_04857,0.966,460.4,2,0,0.7042,0.9313,3,1711.62,0,179,1,437,37
USR_04858,0.9143,1019.1,0,0,0.6928,0.863,5,4537.63,1,34,1,198,36
USR_04859,0.9826,1502.1,0,0,0.5781,0.7654,9,780.55,0,231,1,593,50
USR_04860,0.8897,496.5,1,0,0.6576,0.6409,9,759.38,0,102,1,480,50
USR_04861,0.9185,432.9,0,1,0.6039,0.6944,9,10629.64,1,182,1,876,46
USR_04862,0.7853,369.5,0,0,0.9473,0.3912,8,1649.96,0,90,1,43,30
USR_04863,0.8151,649.1,0,0,0.8077,0.4443,5,2370.85,0,157,1,769,48
USR_04864,0.9087,425.9,0,0,0.955,0.4253,9,2484.73,0,45,1,415,55
USR_04865,0.7798,732.8,1,0,0.6723,0.4344,4,3267.23,1,69,1,287,30
USR_04866,0.737,1246.5,0,0,0.9206,0.2484,13,2377.35,0,359,1,297,48
USR_04867,0.8763,555.2,0,0,0.1461,0.6256,10,1779.77,0,305,1,428,43
USR_04868,0.9888,536.8,0,0,0.4312,0.8342,8,622.46,0,308,1,745,42
USR_04869,0.9305,614.9,2,0,0.601,0.4227,8,2412.04,0,203,1,787,35
USR_04870,0.8062,630.9,0,0,0.5594,0.2566,7,10403.58,0,283,1,279,45
USR_04871,0.9075,1350.9,0,1,0.7859,0.8027,7,797.52,1,262,1,427,34
USR_04872,0.8504,683.5,0,0,0.9562,0.3602,6,13349.85,0,114,1,293,51
USR_04873,0.8416,682.6,2,0,0.6776,0.8982,10,1338.81,0,56,1,522,40
USR_04874,0.8204,305.0,0,0,0.6631,0.3697,3,3528.25,1,167,1,994,42
USR_04875,0.9392,520.4,1,0,0.4032,0.6097,9,13664.1,0,80,1,922,54
USR_04876,0.9578,478.2,1,0,0.7437,0.3608,8,8409.9,1,273,1,609,40
USR_04877,0.9508,620.8,2,0,0.4366,0.7856,8,3486.54,0,187,1,676,32
USR_04878,0.8284,348.2,1,0,0.5144,0.3805,9,814.45,0,230,0,361,33
USR_04879,0.8262,627.3,0,0,0.1131,0.1651,10,4231.9,0,121,1,165,29
USR_04880,0.6412,682.3,4,0,0.813,0.5612,7,5361.89,0,171,1,987,33
USR_04881,0.8381,559.9,1,0,0.8241,0.5713,11,2143.17,0,357,1,461,38
USR_04882,0.9724,1286.9,2,1,0.472,0.5139,6,3974.12,0,284,1,115,27
USR_04883,0.7441,472.1,0,1,0.3862,0.3321,8,4187.17,0,241,1,663,26
USR_04884,0.9736,1599.5,1,0,0.5347,0.3652,4,1394.48,0,147,1,650,38
USR_04885,0.7229,769.2,1,0,0.5272,0.4389,7,584.62,0,263,0,537,27
USR_04886,0.8169,223.5,0,1,0.6402,0.3653,11,24290.29,0,134,1,476,29
USR_04887,0.7281,624.5,0,1,0.3853,0.8634,9,19699.77,0,296,0,451,30
USR_04888,0.876,941.3,0,1,0.5989,0.9028,9,1905.34,1,6,1,615,41
USR_04889,0.8801,552.8,0,2,0.7383,0.6637,11,8758.0,1,203,1,808,30
USR_04890,0.9616,763.1,0,0,0.689,0.4232,4,1336.42,0,341,0,959,39
USR_04891,0.7286,491.9,0,0,0.4855,0.6685,9,2475.52,2,109,1,472,47
USR_04892,0.7478,630.1,0,0,0.6284,0.5698,6,1983.99,0,185,0,568,28
USR_04893,0.9257,510.9,0,0,0.2394,0.5801,8,2214.48,0,185,1,883,45
USR_04894,0.7726,467.4,1,0,0.8287,0.6046,7,2122.44,0,256,1,767,43
USR_04895,0.955,348.0,2,0,0.252,0.3786,3,1349.24,0,14,1,683,22
USR_04896,0.9134,568.3,0,0,0.6039,0.5569,7,4629.17,0,334,1,610,54
USR_04897,0.8386,427.9,0,0,0.2197,0.5382,9,1036.05,0,116,1,331,30
USR_04898,0.6533,857.9,0,0,0.6812,0.3367,7,2087.26,0,263,1,670,29
USR_04899,0.7265,483.5,0,1,0.8886,0.3746,5,1035.7,0,20,1,589,32
USR_04900,0.7529,1092.2,2,0,0.8738,0.4222,4,34455.71,0,127,1,957,30
USR_04901,0.6713,479.6,1,0,0.7587,0.9119,9,5053.73,0,21,0,212,35
USR_04902,0.8798,542.5,1,1,0.4856,0.6162,8,1337.89,0,357,0,972,36
USR_04903,0.9315,1418.6,1,0,0.5185,0.4258,8,6141.79,0,108,1,881,50
USR_04904,0.8718,956.3,0,0,0.639,0.1238,7,23252.94,0,206,0,35,24
USR_04905,0.7195,580.9,1,0,0.61,0.5684,7,9421.61,0,87,1,238,35
USR_04906,0.9368,601.3,0,0,0.6806,0.5911,8,3036.14,1,151,1,919,52
USR_04907,0.8998,510.6,0,1,0.9095,0.4626,9,2277.98,1,237,1,30,29
USR_04908,0.9867,640.4,0,1,0.6137,0.5358,6,4230.57,2,264,0,208,38
USR_04909,0.7723,1078.7,0,0,0.2279,0.4639,5,2679.58,0,351,1,325,45
USR_04910,0.717,433.0,1,0,0.5688,0.6591,6,2006.78,0,167,1,48,34
USR_04911,0.8173,518.0,0,0,0.6494,0.5396,7,633.99,0,90,1,84,51
USR_04912,0.6407,1543.6,0,1,0.7936,0.3714,5,593.26,0,228,1,613,25
USR_04913,0.9427,644.1,0,0,0.2871,0.5259,9,5737.65,0,293,1,276,47
USR_04914,0.9576,864.6,3,1,0.2313,0.7842,8,3588.2,0,82,1,641,19
USR_04915,0.7681,1141.2,0,0,0.6634,0.6627,7,28204.38,0,51,0,784,40
USR_04916,0.9702,989.6,2,1,0.9237,0.2005,7,239.59,0,196,1,597,16
USR_04917,0.7938,542.0,0,0,0.615,0.7727,9,625.5,1,198,1,997,38
USR_04918,0.9189,556.8,1,1,0.726,0.2413,6,1008.79,1,59,1,397,22
USR_04919,0.8058,604.5,2,0,0.4588,0.819,9,4443.44,1,180,1,298,29
USR_04920,0.9435,583.3,1,0,0.5458,0.6175,14,4547.94,0,132,0,355,40
USR_04921,0.7455,465.4,2,0,0.5264,0.3031,8,2610.23,1,227,1,232,27
USR_04922,0.7591,691.6,0,0,0.4011,0.3059,2,924.7,0,195,1,785,36
USR_04923,0.5825,253.5,0,0,0.3883,0.7677,10,1617.0,1,156,1,491,16
USR_04924,0.9131,289.5,0,0,0.7436,0.8555,6,2142.37,0,330,1,955,53
USR_04925,0.7968,417.0,2,1,0.8288,0.1522,9,398.92,1,17,1,173,13
USR_04926,0.7588,975.8,1,1,0.6614,0.8047,7,12713.19,0,210,1,289,23
USR_04927,0.8308,1339.3,1,1,0.4591,0.5365,5,606.36,0,123,1,661,16
USR_04928,0.955,382.8,0,0,0.8723,0.7276,10,7872.65,2,220,1,38,41
USR_04929,0.848,826.4,0,0,0.9072,0.5659,10,8411.93,0,259,1,606,47
USR_04930,0.8996,304.0,0,0,0.6331,0.4238,11,12158.21,0,78,0,491,38
USR_04931,0.7133,745.1,0,0,0.5249,0.5279,10,6648.05,0,153,1,502,37
USR_04932,0.9536,319.0,0,0,0.7513,0.6319,11,1649.86,0,360,1,944,48
USR_04933,0.7768,880.8,1,0,0.715,0.5405,7,4254.79,0,284,1,121,48
USR_04934,0.8716,435.1,0,0,0.2691,0.6199,8,1476.51,0,17,1,749,37
USR_04935,0.7699,657.8,0,2,0.7156,0.6139,10,18893.51,0,362,1,877,21
USR_04936,0.9052,340.6,0,0,0.5812,0.4403,7,6292.62,0,285,0,437,37
USR_04937,0.7979,1067.5,0,0,0.4374,0.401,9,3310.38,1,95,0,180,27
USR_04938,0.703,418.6,0,0,0.8534,0.0658,6,4886.33,1,66,1,339,19
USR_04939,0.9735,1602.7,0,0,0.6651,0.5872,8,680.89,0,329,1,609,46
USR_04940,0.838,635.0,0,0,0.5445,0.5372,10,4759.04,0,273,1,170,35
USR_04941,0.9348,760.4,1,1,0.4267,0.5838,12,4462.05,1,183,1,946,33
USR_04942,0.8858,397.2,0,0,0.242,0.5389,6,14745.66,0,108,1,684,27
USR_04943,0.4753,517.5,1,1,0.4968,0.5732,11,3287.48,0,93,1,835,32
USR_04944,0.9485,1629.7,0,1,0.5928,0.4199,10,3174.43,0,156,1,993,32
USR_04945,0.7544,985.4,1,0,0.3394,0.5356,10,2864.23,0,38,1,309,29
USR_04946,0.7852,971.0,0,0,0.8161,0.1647,3,3194.46,0,243,1,563,43
USR_04947,0.6066,687.6,1,0,0.6027,0.8606,10,3538.43,0,259,0,50,20
USR_04948,0.8517,824.3,0,0,0.6018,0.3901,6,1689.18,0,293,1,79,59
USR_04949,0.9237,556.4,0,0,0.7288,0.0599,7,17252.5,0,282,1,972,45
USR_04950,0.845,708.0,0,1,0.1222,0.3584,9,13326.09,2,173,1,660,32
USR_04951,0.7974,1149.1,1,1,0.6319,0.3516,9,3951.92,0,152,1,828,18
USR_04952,0.7511,610.9,1,0,0.5947,0.9348,6,2520.2,1,138,1,794,33
USR_04953,0.8731,1078.2,1,1,0.7337,0.3812,5,606.0,0,326,1,514,37
USR_04954,0.9608,1025.7,0,1,0.6985,0.6309,9,4104.25,1,275,1,243,46
USR_04955,0.7225,365.0,0,0,0.5446,0.8297,13,3202.44,0,205,1,986,49
USR_04956,0.8187,520.1,2,0,0.6555,0.2781,9,3730.6,0,184,1,967,20
USR_04957,0.841,523.4,0,0,0.6497,0.0598,4,3818.93,0,356,1,899,34
USR_04958,0.8943,1199.9,0,0,0.4622,0.5553,4,6583.86,0,238,1,423,51
USR_04959,0.898,501.9,0,0,0.4012,0.2352,10,2785.31,1,240,1,928,43
USR_04960,0.9676,1243.4,0,0,0.7672,0.7594,7,1297.56,0,32,0,537,43
USR_04961,0.7564,825.0,0,2,0.7152,0.6122,4,741.77,0,202,1,423,32
USR_04962,0.8501,518.0,1,0,0.6217,0.6972,12,2068.26,1,327,1,598,37
USR_04963,0.9162,306.8,1,2,0.8626,0.5824,9,3813.41,1,33,1,564,33
USR_04964,0.9924,1044.6,1,0,0.6049,0.5161,8,2707.09,0,90,1,119,44
USR_04965,0.8411,441.0,2,0,0.4982,0.5436,10,3296.12,0,84,1,399,32
USR_04966,0.694,688.4,2,1,0.7398,0.7416,9,2118.24,0,358,1,285,34
USR_04967,0.869,1163.4,1,1,0.5136,0.8599,12,33352.02,0,300,0,80,29
USR_04968,0.9487,790.5,0,0,0.6336,0.4838,5,2702.96,1,306,1,49,42
USR_04969,0.7803,583.0,1,1,0.4129,0.5088,8,5902.1,0,50,1,136,21
USR_04970,0.8243,635.5,1,0,0.7069,0.2161,7,840.82,0,36,1,304,24
USR_04971,0.8498,891.7,1,0,0.5197,0.6108,5,1162.67,0,137,1,59,42
USR_04972,0.6391,759.5,0,1,0.7989,0.3127,8,4525.43,0,52,1,395,25
USR_04973,0.8568,957.7,0,0,0.801,0.3089,8,7411.33,0,282,1,686,50
USR_04974,0.7524,336.5,1,1,0.7374,0.7882,7,2591.36,0,25,1,582,34
USR_04975,0.8804,782.3,0,1,0.6473,0.5345,5,1274.12,0,349,1,962,29
USR_04976,0.9119,272.4,0,0,0.2797,0.3095,6,6369.77,0,295,1,955,29
USR_04977,0.8489,585.1,0,0,0.6567,0.4322,6,1144.87,1,273,1,364,40
USR_04978,0.9763,692.7,0,0,0.6082,0.7139,6,6503.37,0,45,0,400,55
USR_04979,0.8291,2212.3,0,0,0.9259,0.4917,8,5825.79,0,361,1,662,58
USR_04980,0.9254,1163.8,0,0,0.7275,0.5587,6,1765.94,0,62,1,325,53
USR_04981,0.7346,969.8,1,0,0.8127,0.4559,8,11931.67,0,265,1,704,31
USR_04982,0.7428,597.7,1,1,0.7593,0.2061,11,1023.48,0,13,1,394,38
USR_04983,0.8157,884.1,1,0,0.4493,0.8819,11,2933.97,0,168,1,935,42
USR_04984,0.8794,413.0,0,0,0.6437,0.3544,7,765.15,0,345,1,584,39
USR_04985,0.9581,354.8,0,0,0.1597,0.8444,11,6916.18,1,305,0,310,33
USR_04986,0.951,260.1,2,1,0.6363,0.2635,7,5938.14,0,272,1,812,14
USR_04987,0.696,1315.5,0,0,0.6987,0.8055,9,643.73,0,191,1,426,44
USR_04988,0.9593,710.4,0,0,0.9503,0.9686,6,1237.59,0,293,1,497,61
USR_04989,0.9172,619.4,2,0,0.8899,0.308,13,343.48,0,290,1,618,37
USR_04990,0.797,436.8,2,0,0.5919,0.2532,7,2998.33,0,323,1,341,17
USR_04991,0.9642,454.7,0,0,0.5616,0.6904,4,3634.69,1,161,1,907,28
USR_04992,0.9593,1002.0,1,1,0.8019,0.3298,12,16679.42,0,187,1,107,33
USR_04993,0.8697,351.3,0,2,0.8834,0.5346,12,23343.69,0,43,1,175,32
USR_04994,0.8034,366.1,0,1,0.9594,0.7677,7,890.13,0,340,0,261,27
USR_04995,0.9318,550.5,0,0,0.6185,0.5623,6,10746.83,0,286,1,243,52
USR_04996,0.8163,670.9,1,0,0.5335,0.6306,12,4007.71,0,144,1,845,48
USR_04997,0.777,1122.9,1,1,0.6134,0.4707,17,7656.38,0,253,1,677,34
USR_04998,0.9823,444.7,0,0,0.3309,0.5728,9,1112.83,0,53,0,817,27
USR_04999,0.9622,1405.2,1,0,0.3386,0.5125,3,8098.53,0,347,1,120,36
