voucher_id,days_since_issue,grant_type_encoded,amount_normalized,region_encoded,beneficiary_segment,day_of_week_issued,day_of_month_issued,is_payday_week,historical_avg_days_to_redeem,preferred_channel_encoded,nearby_agent_count,days_to_redeem,redemption_channel
VCH_00000,46,1,1.0,12,2,1,3,1,2.4,0,6,4,wallet
VCH_00001,51,1,1.0,0,2,3,1,1,5.07,3,3,3,merchant_payment
VCH_00002,22,2,0.2143,2,1,6,3,1,2.25,2,2,3,bank_transfer
VCH_00003,11,0,1.0,5,4,0,3,1,4.69,0,5,6,wallet
VCH_00004,26,0,1.0,12,1,4,1,1,5.68,2,4,9,bank_transfer
VCH_00005,45,3,0.2143,0,1,2,1,1,5.45,1,2,7,cash_out
VCH_00006,31,3,0.2143,5,5,0,1,1,3.44,2,0,5,bank_transfer
VCH_00007,47,1,1.0,9,0,2,2,1,4.33,1,8,7,cash_out
VCH_00008,44,0,1.0,4,3,0,29,0,3.35,0,1,8,wallet
VCH_00009,49,4,1.0,8,2,1,30,0,3.48,1,4,8,cash_out
VCH_00010,13,2,0.2143,11,0,3,1,1,6.53,3,6,6,merchant_payment
VCH_00011,27,1,1.0,4,0,1,15,0,5.06,1,7,9,cash_out
VCH_00012,34,3,0.2143,9,4,5,1,1,3.3,3,2,5,merchant_payment
VCH_00013,53,4,1.0,0,3,6,1,1,2.78,0,3,6,wallet
VCH_00014,11,0,1.0,8,0,4,2,1,4.52,1,1,5,cash_out
VCH_00015,5,0,1.0,9,2,6,1,1,3.41,0,3,7,wallet
VCH_00016,23,0,1.0,0,4,3,15,0,6.32,2,3,6,bank_transfer
VCH_00017,5,2,0.2143,0,3,5,30,0,2.28,1,1,4,cash_out
VCH_00018,38,1,1.0,3,1,4,1,1,2.97,0,2,4,wallet
VCH_00019,29,1,1.0,2,0,5,2,1,4.29,0,4,6,wallet
VCH_00020,51,4,1.0,1,2,6,15,0,3.94,0,3,4,wallet
VCH_00021,34,4,1.0,10,4,6,1,1,2.78,0,4,10,wallet
VCH_00022,41,0,1.0,0,0,1,1,1,2.92,2,1,4,bank_transfer
VCH_00023,6,3,0.2143,1,3,0,15,0,4.05,4,4,6,cash_at_till
VCH_00024,40,3,0.2143,6,3,4,28,0,3.23,0,4,12,wallet
VCH_00025,27,2,0.2143,4,1,1,1,1,3.44,1,3,6,cash_out
VCH_00026,47,2,0.2143,4,3,1,28,0,12.55,0,1,16,wallet
VCH_00027,34,4,1.0,6,2,4,15,0,3.55,0,4,7,wallet
VCH_00028,26,0,1.0,0,0,6,30,0,2.97,1,4,4,cash_out
VCH_00029,25,3,0.2143,8,1,5,3,1,4.3,3,2,6,merchant_payment
VCH_00030,27,2,0.2143,6,0,3,29,0,9.53,1,1,12,cash_out
VCH_00031,57,0,1.0,12,5,0,28,0,2.62,0,4,7,wallet
VCH_00032,45,0,1.0,5,5,6,28,0,5.29,2,4,9,bank_transfer
VCH_00033,28,2,0.2143,13,2,2,1,1,1.21,0,6,4,wallet
VCH_00034,5,1,1.0,4,1,5,28,0,15.99,3,4,16,merchant_payment
VCH_00035,22,0,1.0,7,1,4,28,0,10.99,0,4,14,wallet
VCH_00036,14,3,0.2143,0,4,2,3,1,2.06,2,2,4,bank_transfer
VCH_00037,59,0,1.0,1,3,1,3,1,4.06,0,5,4,wallet
VCH_00038,18,0,1.0,0,3,0,2,1,12.51,1,3,7,cash_out
VCH_00039,50,2,0.2143,4,1,1,15,0,4.76,2,3,8,bank_transfer
VCH_00040,53,3,0.2143,3,4,5,2,1,2.92,3,2,7,merchant_payment
VCH_00041,26,3,0.2143,1,4,3,30,0,3.33,0,1,4,wallet
VCH_00042,55,1,1.0,3,4,5,1,1,2.94,3,2,7,merchant_payment
VCH_00043,7,1,1.0,0,0,1,2,1,2.08,1,1,2,cash_out
VCH_00044,41,0,1.0,3,0,5,1,1,2.97,3,1,7,merchant_payment
VCH_00045,12,2,0.2143,13,3,6,30,0,11.34,0,6,14,wallet
VCH_00046,36,1,1.0,4,2,4,1,1,4.59,3,1,13,merchant_payment
VCH_00047,27,0,1.0,3,2,4,28,0,2.29,0,3,8,wallet
VCH_00048,42,0,1.0,4,3,6,29,0,6.55,4,2,11,cash_at_till
VCH_00049,31,1,1.0,1,1,4,28,0,4.93,0,1,8,wallet
VCH_00050,43,4,1.0,5,5,0,2,1,13.43,1,1,15,cash_out
VCH_00051,54,1,1.0,0,3,1,30,0,3.41,3,8,18,merchant_payment
VCH_00052,0,2,0.2143,0,4,1,3,1,2.03,1,6,4,cash_out
VCH_00053,3,1,1.0,4,2,0,1,1,5.6,1,2,8,cash_out
VCH_00054,27,0,1.0,0,1,3,1,1,3.81,2,2,6,bank_transfer
VCH_00055,39,3,0.2143,6,3,1,2,1,5.22,0,2,8,wallet
VCH_00056,33,1,1.0,5,5,4,1,1,1.97,1,4,4,cash_out
VCH_00057,37,1,1.0,3,4,3,16,0,4.94,3,4,9,merchant_payment
VCH_00058,13,1,1.0,1,0,1,15,0,5.46,2,4,7,bank_transfer
VCH_00059,19,0,1.0,3,2,1,29,0,1.0,3,5,10,merchant_payment
VCH_00060,54,1,1.0,12,1,5,15,0,8.54,1,1,12,cash_out
VCH_00061,33,1,1.0,6,0,6,30,0,7.66,1,7,11,cash_out
VCH_00062,21,0,1.0,10,3,2,3,1,8.87,0,2,12,wallet
VCH_00063,55,2,0.2143,0,0,3,1,1,3.05,1,2,5,cash_out
VCH_00064,3,2,0.2143,13,3,3,1,1,3.23,1,2,7,cash_out
VCH_00065,10,1,1.0,2,3,4,28,0,10.52,4,5,10,cash_at_till
VCH_00066,51,0,1.0,3,4,5,30,0,2.92,3,0,7,merchant_payment
VCH_00067,12,2,0.2143,3,0,2,1,1,3.0,0,1,5,wallet
VCH_00068,14,0,1.0,0,0,3,30,0,2.05,0,4,4,wallet
VCH_00069,46,3,0.2143,8,5,5,1,1,3.59,3,5,8,merchant_payment
VCH_00070,9,1,1.0,1,3,5,29,0,6.99,1,5,6,cash_out
VCH_00071,55,0,1.0,4,3,6,1,1,4.59,1,1,6,cash_out
VCH_00072,29,1,1.0,12,3,3,1,1,1.42,2,2,3,bank_transfer
VCH_00073,6,4,1.0,5,3,3,1,1,3.88,0,4,9,wallet
VCH_00074,5,1,1.0,12,4,0,16,0,18.7,1,2,16,cash_out
VCH_00075,30,0,1.0,1,4,4,1,1,3.9,0,2,4,wallet
VCH_00076,37,0,1.0,3,5,0,29,0,4.57,0,6,9,wallet
VCH_00077,56,0,1.0,6,1,0,1,1,2.21,0,3,4,wallet
VCH_00078,6,2,0.2143,2,1,1,30,0,3.63,4,6,4,cash_at_till
VCH_00079,56,1,1.0,4,2,2,2,1,2.5,0,1,6,wallet
VCH_00080,55,0,1.0,0,3,5,2,1,2.1,4,5,5,cash_at_till
VCH_00081,22,2,0.2143,5,3,3,3,1,4.99,0,6,6,wallet
VCH_00082,25,0,1.0,3,2,5,28,0,6.19,1,4,10,cash_out
VCH_00083,22,1,1.0,12,1,3,15,0,8.32,0,0,12,wallet
VCH_00084,29,1,1.0,3,5,4,28,0,4.49,0,3,9,wallet
VCH_00085,53,2,0.2143,4,2,1,15,0,5.1,0,2,8,wallet
VCH_00086,31,0,1.0,5,4,0,30,0,2.23,0,3,11,wallet
VCH_00087,31,2,0.2143,7,3,3,3,1,5.4,0,1,6,wallet
VCH_00088,49,2,0.2143,2,0,0,29,0,2.4,1,2,5,cash_out
VCH_00089,59,2,0.2143,5,3,2,29,0,1.4,0,3,6,wallet
VCH_00090,52,4,1.0,2,5,4,15,0,3.43,3,5,7,merchant_payment
VCH_00091,13,0,1.0,0,1,2,2,1,11.41,0,1,9,wallet
VCH_00092,21,3,0.2143,12,3,5,30,0,1.08,1,3,8,cash_out
VCH_00093,59,2,0.2143,9,1,2,1,1,2.12,1,4,5,cash_out
VCH_00094,46,0,1.0,2,1,3,1,1,6.39,2,5,5,bank_transfer
VCH_00095,21,0,1.0,0,4,3,30,0,4.26,1,3,12,cash_out
VCH_00096,5,1,1.0,4,3,0,1,1,4.69,1,4,7,cash_out
VCH_00097,56,2,0.2143,3,5,6,30,0,7.68,0,3,15,wallet
VCH_00098,24,2,0.2143,5,3,3,2,1,4.0,2,6,5,bank_transfer
VCH_00099,35,0,1.0,2,2,6,2,1,8.64,0,2,7,wallet
VCH_00100,23,3,0.2143,8,1,0,16,0,6.19,0,2,9,wallet
VCH_00101,2,2,0.2143,6,4,1,2,1,5.08,4,2,7,cash_at_till
VCH_00102,25,1,1.0,4,2,2,3,1,2.82,0,1,5,wallet
VCH_00103,5,0,1.0,1,0,1,1,1,5.8,3,5,5,merchant_payment
VCH_00104,42,0,1.0,0,5,6,1,1,7.13,0,5,4,wallet
VCH_00105,32,4,1.0,3,1,1,28,0,5.38,4,3,9,cash_at_till
VCH_00106,49,4,1.0,10,5,1,16,0,7.97,0,4,16,wallet
VCH_00107,42,1,1.0,3,1,5,1,1,6.81,0,0,7,wallet
VCH_00108,4,2,0.2143,2,5,2,2,1,4.41,2,4,7,bank_transfer
VCH_00109,22,4,1.0,3,5,1,28,0,1.59,1,5,6,cash_out
VCH_00110,17,4,1.0,5,5,6,1,1,1.3,3,2,4,merchant_payment
VCH_00111,17,2,0.2143,1,3,2,15,0,10.08,3,1,8,merchant_payment
VCH_00112,25,0,1.0,8,1,0,1,1,7.56,0,5,13,wallet
VCH_00113,47,0,1.0,0,0,0,1,1,4.39,2,2,3,bank_transfer
VCH_00114,22,0,1.0,11,5,2,16,0,3.34,3,3,12,merchant_payment
VCH_00115,5,0,1.0,0,2,0,2,1,9.34,1,3,7,cash_out
VCH_00116,40,0,1.0,0,2,0,16,0,3.83,2,3,6,bank_transfer
VCH_00117,19,3,0.2143,3,0,4,29,0,6.29,2,6,11,bank_transfer
VCH_00118,36,2,0.2143,4,2,3,1,1,2.49,3,4,8,merchant_payment
VCH_00119,4,0,1.0,4,0,2,1,1,1.82,0,5,4,wallet
VCH_00120,42,0,1.0,3,2,6,1,1,2.39,2,2,5,bank_transfer
VCH_00121,5,2,0.2143,0,5,1,2,1,3.12,3,1,2,merchant_payment
VCH_00122,9,2,0.2143,1,5,1,1,1,4.38,0,1,11,wallet
VCH_00123,55,4,1.0,5,4,4,2,1,2.02,3,6,9,merchant_payment
VCH_00124,31,2,0.2143,4,3,0,15,0,1.0,0,4,6,wallet
VCH_00125,18,0,1.0,7,0,3,30,0,7.03,1,7,9,cash_out
VCH_00126,49,1,1.0,2,4,4,1,1,1.5,2,5,1,bank_transfer
VCH_00127,8,0,1.0,1,1,4,1,1,2.75,0,5,1,wallet
VCH_00128,18,0,1.0,7,0,0,29,0,5.32,4,3,11,cash_at_till
VCH_00129,46,2,0.2143,0,3,3,1,1,7.17,3,3,10,merchant_payment
VCH_00130,24,2,0.2143,8,2,1,28,0,2.37,0,1,10,wallet
VCH_00131,19,1,1.0,6,2,1,2,1,1.97,0,4,4,wallet
VCH_00132,16,0,1.0,9,2,5,1,1,2.32,4,3,9,cash_at_till
VCH_00133,50,0,1.0,9,4,4,16,0,8.67,1,3,15,cash_out
VCH_00134,11,2,0.2143,3,5,3,15,0,3.43,1,4,9,cash_out
VCH_00135,52,0,1.0,1,2,6,29,0,4.91,0,1,6,wallet
VCH_00136,42,4,1.0,3,2,2,15,0,4.08,3,2,8,merchant_payment
VCH_00137,51,2,0.2143,0,5,3,1,1,1.31,0,4,4,wallet
VCH_00138,8,0,1.0,0,1,5,1,1,1.98,1,2,7,cash_out
VCH_00139,12,0,1.0,5,2,3,3,1,6.26,3,3,6,merchant_payment
VCH_00140,0,1,1.0,0,1,2,30,0,2.87,1,4,5,cash_out
VCH_00141,4,2,0.2143,0,0,0,1,1,9.47,2,4,5,bank_transfer
VCH_00142,45,4,1.0,1,1,5,3,1,3.52,1,2,2,cash_out
VCH_00143,37,0,1.0,2,3,3,2,1,9.62,0,3,16,wallet
VCH_00144,33,0,1.0,13,4,3,1,1,1.7,1,2,4,cash_out
VCH_00145,32,0,1.0,6,0,0,3,1,6.0,4,1,12,cash_at_till
VCH_00146,30,4,1.0,1,4,5,3,1,2.72,3,2,2,merchant_payment
VCH_00147,23,4,1.0,0,4,0,1,1,4.53,4,3,7,cash_at_till
VCH_00148,9,0,1.0,8,1,4,30,0,3.39,2,0,9,bank_transfer
VCH_00149,19,1,1.0,0,0,6,15,0,3.65,3,2,8,merchant_payment
VCH_00150,53,2,0.2143,13,2,0,1,1,8.78,3,8,8,merchant_payment
VCH_00151,52,2,0.2143,7,2,3,30,0,9.96,4,4,12,cash_at_till
VCH_00152,56,4,1.0,1,4,1,28,0,1.31,2,1,5,bank_transfer
VCH_00153,39,2,0.2143,0,5,0,2,1,4.22,4,6,3,cash_at_till
VCH_00154,10,0,1.0,8,2,1,15,0,3.45,0,2,7,wallet
VCH_00155,39,0,1.0,2,5,6,1,1,4.18,0,5,9,wallet
VCH_00156,31,0,1.0,6,1,6,3,1,4.97,1,4,7,cash_out
VCH_00157,38,0,1.0,9,3,2,30,0,3.08,3,2,8,merchant_payment
VCH_00158,57,2,0.2143,9,1,2,1,1,2.94,1,4,11,cash_out
VCH_00159,3,0,1.0,0,1,6,2,1,4.16,0,2,4,wallet
VCH_00160,3,0,1.0,4,3,5,1,1,4.03,0,3,5,wallet
VCH_00161,38,3,0.2143,0,4,0,1,1,7.68,2,5,4,bank_transfer
VCH_00162,55,3,0.2143,1,1,3,3,1,5.18,0,2,9,wallet
VCH_00163,16,2,0.2143,4,4,4,1,1,12.53,4,2,10,cash_at_till
VCH_00164,31,0,1.0,13,4,0,1,1,4.08,1,5,12,cash_out
VCH_00165,2,4,1.0,2,4,6,29,0,3.4,0,3,4,wallet
VCH_00166,27,0,1.0,7,1,5,2,1,3.82,2,6,12,bank_transfer
VCH_00167,14,4,1.0,12,3,4,1,1,4.57,4,6,9,cash_at_till
VCH_00168,20,0,1.0,1,4,5,2,1,6.77,1,3,6,cash_out
VCH_00169,27,2,0.2143,0,5,2,1,1,1.39,0,2,2,wallet
VCH_00170,34,1,1.0,7,2,0,3,1,8.15,4,1,7,cash_at_till
VCH_00171,11,2,0.2143,5,1,4,30,0,6.72,1,2,12,cash_out
VCH_00172,9,1,1.0,0,2,3,28,0,4.02,1,3,4,cash_out
VCH_00173,40,1,1.0,2,4,2,28,0,8.9,0,1,8,wallet
VCH_00174,3,2,0.2143,0,1,6,30,0,16.39,1,5,14,cash_out
VCH_00175,55,0,1.0,2,5,6,29,0,2.5,3,2,4,merchant_payment
VCH_00176,26,1,1.0,0,1,5,16,0,9.38,0,2,8,wallet
VCH_00177,32,3,0.2143,2,0,1,1,1,7.02,1,5,4,cash_out
VCH_00178,2,1,1.0,5,5,1,2,1,10.34,3,2,9,merchant_payment
VCH_00179,31,0,1.0,5,2,4,1,1,6.73,1,3,7,cash_out
VCH_00180,46,0,1.0,3,0,0,29,0,3.43,0,4,9,wallet
VCH_00181,42,2,0.2143,4,4,3,1,1,6.75,4,4,7,cash_at_till
VCH_00182,11,2,0.2143,0,0,1,1,1,13.42,3,1,9,merchant_payment
VCH_00183,19,2,0.2143,4,4,5,30,0,2.18,4,2,7,cash_at_till
VCH_00184,4,1,1.0,2,1,2,29,0,6.03,4,4,6,cash_at_till
VCH_00185,10,4,1.0,3,3,6,2,1,7.42,1,3,8,cash_out
VCH_00186,16,0,1.0,5,5,0,28,0,8.87,0,7,10,wallet
VCH_00187,53,3,0.2143,6,1,2,15,0,2.19,0,3,7,wallet
VCH_00188,55,2,0.2143,10,4,4,1,1,3.27,4,4,9,cash_at_till
VCH_00189,38,0,1.0,6,5,4,15,0,5.2,1,2,11,cash_out
VCH_00190,14,1,1.0,1,0,4,1,1,3.67,1,4,2,cash_out
VCH_00191,43,0,1.0,3,3,6,29,0,8.24,1,2,12,cash_out
VCH_00192,55,0,1.0,8,5,2,15,0,6.08,4,3,9,cash_at_till
VCH_00193,35,4,1.0,6,2,0,1,1,8.73,2,3,9,bank_transfer
VCH_00194,24,0,1.0,11,3,2,29,0,3.81,0,0,8,wallet
VCH_00195,28,0,1.0,5,0,0,3,1,1.47,1,6,9,cash_out
VCH_00196,26,3,0.2143,13,1,4,1,1,3.48,0,3,6,wallet
VCH_00197,18,3,0.2143,1,5,6,1,1,3.03,0,1,2,wallet
VCH_00198,47,0,1.0,0,0,6,3,1,2.85,0,0,5,wallet
VCH_00199,6,0,1.0,3,3,5,16,0,4.23,1,3,14,cash_out
VCH_00200,5,0,1.0,0,5,4,16,0,3.39,4,4,8,cash_at_till
VCH_00201,39,2,0.2143,0,3,4,1,1,3.19,2,3,3,bank_transfer
VCH_00202,33,2,0.2143,0,1,6,1,1,5.65,0,4,14,wallet
VCH_00203,28,1,1.0,0,5,6,30,0,9.25,0,2,10,wallet
VCH_00204,47,1,1.0,6,5,2,3,1,7.15,1,5,8,cash_out
VCH_00205,16,4,1.0,0,1,4,29,0,8.82,3,2,12,merchant_payment
VCH_00206,24,1,1.0,12,1,1,16,0,4.07,0,0,8,wallet
VCH_00207,3,4,1.0,4,0,6,1,1,9.09,4,3,8,cash_at_till
VCH_00208,38,4,1.0,2,0,4,16,0,6.19,0,3,7,wallet
VCH_00209,49,2,0.2143,4,3,2,15,0,16.76,4,2,15,cash_at_till
VCH_00210,57,2,0.2143,1,1,4,1,1,3.64,2,2,5,bank_transfer
VCH_00211,54,2,0.2143,12,2,1,2,1,5.96,3,1,7,merchant_payment
VCH_00212,21,2,0.2143,0,5,4,28,0,4.4,3,3,5,merchant_payment
VCH_00213,30,0,1.0,3,5,1,2,1,9.28,4,2,9,cash_at_till
VCH_00214,47,3,0.2143,2,2,3,30,0,5.78,3,1,9,merchant_payment
VCH_00215,6,2,0.2143,0,3,3,29,0,9.94,0,3,9,wallet
VCH_00216,0,2,0.2143,2,2,1,1,1,2.25,1,3,6,cash_out
VCH_00217,49,2,0.2143,4,2,1,1,1,4.03,1,2,9,cash_out
VCH_00218,15,2,0.2143,2,3,0,28,0,7.16,4,1,6,cash_at_till
VCH_00219,4,0,1.0,11,5,3,3,1,5.77,4,2,7,cash_at_till
VCH_00220,19,0,1.0,10,4,1,1,1,2.93,1,4,4,cash_out
VCH_00221,25,2,0.2143,0,3,5,1,1,2.93,3,3,2,merchant_payment
VCH_00222,5,1,1.0,3,2,0,1,1,2.55,1,4,4,cash_out
VCH_00223,20,0,1.0,13,2,1,2,1,13.18,0,4,11,wallet
VCH_00224,43,0,1.0,0,4,0,15,0,4.72,3,2,6,merchant_payment
VCH_00225,48,0,1.0,1,4,0,1,1,2.55,0,6,2,wallet
VCH_00226,38,0,1.0,5,5,0,1,1,6.93,1,2,9,cash_out
VCH_00227,15,2,0.2143,0,1,1,15,0,3.62,0,3,8,wallet
VCH_00228,0,1,1.0,4,4,2,2,1,4.54,1,1,9,cash_out
VCH_00229,37,0,1.0,1,4,1,1,1,1.42,2,4,2,bank_transfer
VCH_00230,59,2,0.2143,7,5,5,1,1,2.76,1,3,5,cash_out
VCH_00231,11,2,0.2143,2,3,5,1,1,3.93,0,0,2,wallet
VCH_00232,37,3,0.2143,8,5,4,15,0,4.51,0,3,7,wallet
VCH_00233,21,2,0.2143,1,5,0,1,1,8.29,0,2,7,wallet
VCH_00234,46,2,0.2143,7,3,1,29,0,4.45,1,2,7,cash_out
VCH_00235,45,1,1.0,0,0,4,15,0,2.71,1,3,4,cash_out
VCH_00236,33,1,1.0,4,2,1,2,1,9.27,1,6,8,cash_out
VCH_00237,39,3,0.2143,0,1,0,15,0,4.16,2,5,5,bank_transfer
VCH_00238,25,3,0.2143,1,5,0,30,0,1.9,4,4,3,cash_at_till
VCH_00239,53,0,1.0,5,2,5,29,0,9.41,2,1,12,bank_transfer
VCH_00240,10,1,1.0,8,5,2,3,1,3.6,1,1,13,cash_out
VCH_00241,8,0,1.0,0,2,4,2,1,3.17,3,7,3,merchant_payment
VCH_00242,47,4,1.0,4,3,0,1,1,2.47,0,4,6,wallet
VCH_00243,36,0,1.0,12,4,5,1,1,2.73,1,0,10,cash_out
VCH_00244,10,3,0.2143,4,4,2,1,1,5.95,0,2,10,wallet
VCH_00245,50,2,0.2143,7,4,4,30,0,11.19,3,1,12,merchant_payment
VCH_00246,37,0,1.0,13,5,6,30,0,2.41,3,7,6,merchant_payment
VCH_00247,56,3,0.2143,1,5,1,2,1,2.34,0,3,2,wallet
VCH_00248,21,0,1.0,1,2,1,29,0,4.64,1,4,5,cash_out
VCH_00249,44,2,0.2143,2,1,6,1,1,3.99,3,3,2,merchant_payment
VCH_00250,18,0,1.0,12,3,5,1,1,6.88,1,3,8,cash_out
VCH_00251,44,3,0.2143,2,3,2,30,0,9.47,0,4,9,wallet
VCH_00252,53,4,1.0,2,2,6,3,1,4.25,4,5,6,cash_at_till
VCH_00253,31,0,1.0,9,3,4,1,1,4.08,2,2,6,bank_transfer
VCH_00254,47,2,0.2143,2,2,0,3,1,2.79,1,1,2,cash_out
VCH_00255,44,2,0.2143,2,1,1,2,1,2.72,1,4,2,cash_out
VCH_00256,18,0,1.0,8,3,5,3,1,5.16,0,3,6,wallet
VCH_00257,50,1,1.0,12,1,6,2,1,7.53,0,3,7,wallet
VCH_00258,35,2,0.2143,3,3,4,1,1,3.33,2,0,7,bank_transfer
VCH_00259,22,0,1.0,4,5,6,1,1,5.45,1,4,7,cash_out
VCH_00260,39,0,1.0,4,4,0,3,1,6.32,1,6,7,cash_out
VCH_00261,5,0,1.0,3,4,0,1,1,4.41,0,3,6,wallet
VCH_00262,9,0,1.0,2,4,0,2,1,9.0,0,2,10,wallet
VCH_00263,57,0,1.0,0,4,5,30,0,6.27,3,5,6,merchant_payment
VCH_00264,2,2,0.2143,5,4,5,28,0,7.07,3,3,9,merchant_payment
VCH_00265,47,1,1.0,0,2,6,1,1,4.23,1,1,4,cash_out
VCH_00266,3,3,0.2143,10,0,3,1,1,2.93,1,3,5,cash_out
VCH_00267,22,1,1.0,6,2,3,1,1,4.38,3,5,9,merchant_payment
VCH_00268,29,2,0.2143,3,5,3,3,1,3.28,0,2,5,wallet
VCH_00269,40,2,0.2143,7,1,0,16,0,6.28,0,6,9,wallet
VCH_00270,10,2,0.2143,10,5,2,1,1,7.88,0,2,8,wallet
VCH_00271,41,3,0.2143,1,4,3,2,1,1.7,1,2,8,cash_out
VCH_00272,8,0,1.0,10,5,2,1,1,3.07,1,6,6,cash_out
VCH_00273,0,2,0.2143,5,3,4,1,1,4.14,1,6,6,cash_out
VCH_00274,47,0,1.0,2,1,5,15,0,4.32,0,1,5,wallet
VCH_00275,47,2,0.2143,1,3,4,1,1,14.93,1,1,11,cash_out
VCH_00276,47,4,1.0,11,3,0,3,1,2.6,3,5,6,merchant_payment
VCH_00277,56,0,1.0,3,3,6,2,1,7.85,0,2,8,wallet
VCH_00278,5,0,1.0,11,2,1,1,1,6.07,3,2,7,merchant_payment
VCH_00279,56,2,0.2143,0,2,3,15,0,4.02,3,5,4,merchant_payment
VCH_00280,11,4,1.0,7,2,0,28,0,3.53,0,5,7,wallet
VCH_00281,12,4,1.0,9,0,6,1,1,3.6,3,2,6,merchant_payment
VCH_00282,26,1,1.0,0,1,4,1,1,3.1,2,5,2,bank_transfer
VCH_00283,35,3,0.2143,3,5,2,29,0,3.18,2,3,7,bank_transfer
VCH_00284,24,0,1.0,0,5,2,3,1,4.27,0,3,3,wallet
VCH_00285,19,1,1.0,1,4,6,28,0,3.54,0,2,6,wallet
VCH_00286,3,1,1.0,2,5,5,28,0,1.42,1,3,7,cash_out
VCH_00287,6,2,0.2143,4,5,5,1,1,3.29,1,1,6,cash_out
VCH_00288,59,0,1.0,2,0,0,3,1,3.14,2,4,2,bank_transfer
VCH_00289,18,4,1.0,1,1,5,3,1,8.44,1,1,5,cash_out
VCH_00290,23,2,0.2143,5,5,4,3,1,4.13,2,3,7,bank_transfer
VCH_00291,11,3,0.2143,6,2,6,30,0,5.2,1,1,8,cash_out
VCH_00292,5,1,1.0,6,0,3,2,1,1.36,1,1,8,cash_out
VCH_00293,41,2,0.2143,12,0,3,1,1,3.9,4,4,5,cash_at_till
VCH_00294,1,0,1.0,4,5,5,29,0,2.92,0,2,11,wallet
VCH_00295,2,0,1.0,2,5,2,28,0,4.07,4,2,5,cash_at_till
VCH_00296,22,2,0.2143,3,1,2,2,1,5.08,1,3,7,cash_out
VCH_00297,14,0,1.0,2,5,4,3,1,2.64,0,2,2,wallet
VCH_00298,21,0,1.0,1,4,5,2,1,5.1,0,0,3,wallet
VCH_00299,18,0,1.0,6,0,2,15,0,10.97,2,0,12,bank_transfer
VCH_00300,16,3,0.2143,2,0,2,1,1,5.48,1,3,4,cash_out
VCH_00301,52,3,0.2143,11,1,4,30,0,3.77,0,2,7,wallet
VCH_00302,20,3,0.2143,12,0,6,29,0,8.14,3,3,11,merchant_payment
VCH_00303,33,2,0.2143,3,1,4,1,1,4.96,4,1,6,cash_at_till
VCH_00304,38,4,1.0,4,2,1,28,0,9.41,4,4,16,cash_at_till
VCH_00305,59,0,1.0,0,1,6,29,0,4.89,0,3,9,wallet
VCH_00306,35,1,1.0,8,2,6,2,1,1.17,0,6,4,wallet
VCH_00307,1,1,1.0,10,3,5,15,0,4.65,1,2,16,cash_out
VCH_00308,16,4,1.0,2,3,4,1,1,4.18,3,2,5,merchant_payment
VCH_00309,53,0,1.0,0,5,5,2,1,3.12,3,4,5,merchant_payment
VCH_00310,33,3,0.2143,0,3,4,29,0,3.91,0,2,7,wallet
VCH_00311,1,0,1.0,1,1,1,2,1,2.54,0,4,1,wallet
VCH_00312,6,2,0.2143,3,2,2,30,0,7.63,0,4,11,wallet
VCH_00313,21,0,1.0,7,2,1,29,0,4.55,0,3,8,wallet
VCH_00314,57,0,1.0,5,0,2,15,0,1.7,0,2,10,wallet
VCH_00315,41,0,1.0,1,2,4,15,0,4.78,0,3,5,wallet
VCH_00316,46,2,0.2143,1,4,6,1,1,5.06,0,3,5,wallet
VCH_00317,53,0,1.0,13,4,4,2,1,1.0,0,2,6,wallet
VCH_00318,49,3,0.2143,7,4,6,2,1,1.26,0,5,5,wallet
VCH_00319,12,0,1.0,8,1,5,15,0,9.97,0,1,13,wallet
VCH_00320,0,0,1.0,6,3,2,1,1,5.87,0,0,8,wallet
VCH_00321,54,2,0.2143,0,2,4,30,0,2.47,0,4,8,wallet
VCH_00322,58,0,1.0,4,5,5,2,1,3.34,0,2,6,wallet
VCH_00323,17,0,1.0,8,0,3,30,0,3.75,1,1,9,cash_out
VCH_00324,40,0,1.0,1,4,4,1,1,9.89,3,4,8,merchant_payment
VCH_00325,32,2,0.2143,11,4,3,29,0,7.89,2,3,10,bank_transfer
VCH_00326,27,4,1.0,0,4,5,29,0,4.81,1,5,4,cash_out
VCH_00327,43,1,1.0,10,0,4,1,1,3.29,0,2,5,wallet
VCH_00328,58,1,1.0,12,3,4,30,0,7.36,1,1,9,cash_out
VCH_00329,51,2,0.2143,2,5,3,29,0,1.98,2,2,7,bank_transfer
VCH_00330,41,2,0.2143,12,0,6,15,0,4.43,3,3,8,merchant_payment
VCH_00331,13,1,1.0,13,2,2,28,0,5.47,0,2,13,wallet
VCH_00332,49,3,0.2143,0,1,4,30,0,3.37,1,4,5,cash_out
VCH_00333,19,0,1.0,3,3,0,30,0,5.78,3,2,15,merchant_payment
VCH_00334,36,0,1.0,4,4,2,3,1,4.29,1,3,7,cash_out
VCH_00335,53,3,0.2143,11,3,5,1,1,2.52,4,4,5,cash_at_till
VCH_00336,29,2,0.2143,0,4,5,29,0,4.31,0,6,5,wallet
VCH_00337,13,1,1.0,3,4,4,2,1,1.67,2,3,4,bank_transfer
VCH_00338,20,2,0.2143,3,2,5,28,0,4.38,1,2,8,cash_out
VCH_00339,29,0,1.0,13,0,2,3,1,3.87,2,5,7,bank_transfer
VCH_00340,12,3,0.2143,0,2,6,2,1,9.82,2,4,9,bank_transfer
VCH_00341,58,3,0.2143,4,4,0,30,0,11.49,0,1,13,wallet
VCH_00342,34,1,1.0,0,5,5,1,1,3.55,1,3,3,cash_out
VCH_00343,5,2,0.2143,3,5,5,1,1,2.66,2,3,6,bank_transfer
VCH_00344,3,1,1.0,5,5,2,2,1,11.35,1,2,13,cash_out
VCH_00345,14,3,0.2143,0,1,3,1,1,6.45,1,6,5,cash_out
VCH_00346,38,3,0.2143,12,4,4,1,1,3.58,0,3,5,wallet
VCH_00347,59,2,0.2143,5,0,2,16,0,5.59,1,3,9,cash_out
VCH_00348,46,0,1.0,8,4,4,29,0,4.02,1,4,10,cash_out
VCH_00349,56,0,1.0,12,5,6,28,0,8.17,0,2,10,wallet
VCH_00350,12,1,1.0,0,5,2,2,1,4.2,1,4,6,cash_out
VCH_00351,8,0,1.0,8,1,5,30,0,3.56,3,7,7,merchant_payment
VCH_00352,44,2,0.2143,6,5,4,30,0,6.67,2,3,9,bank_transfer
VCH_00353,29,1,1.0,2,0,5,15,0,5.24,0,3,10,wallet
VCH_00354,45,0,1.0,11,3,5,3,1,3.15,0,2,10,wallet
VCH_00355,25,0,1.0,3,3,6,15,0,4.12,0,5,7,wallet
VCH_00356,0,0,1.0,9,0,0,29,0,5.2,2,7,8,bank_transfer
VCH_00357,49,0,1.0,0,2,0,2,1,3.16,4,3,3,cash_at_till
VCH_00358,38,4,1.0,6,1,0,2,1,8.87,3,2,10,merchant_payment
VCH_00359,48,2,0.2143,6,5,0,2,1,2.38,3,3,4,merchant_payment
VCH_00360,28,2,0.2143,10,3,6,1,1,3.26,0,1,6,wallet
VCH_00361,5,2,0.2143,12,3,5,3,1,2.25,0,1,5,wallet
VCH_00362,12,2,0.2143,3,3,1,3,1,8.1,1,1,9,cash_out
VCH_00363,7,1,1.0,9,3,0,1,1,3.48,2,2,7,bank_transfer
VCH_00364,21,0,1.0,0,0,4,1,1,6.95,0,6,4,wallet
VCH_00365,55,1,1.0,4,1,2,1,1,6.33,3,1,7,merchant_payment
VCH_00366,46,2,0.2143,8,2,2,1,1,2.54,1,4,5,cash_out
VCH_00367,46,2,0.2143,0,2,3,28,0,2.44,0,3,9,wallet
VCH_00368,27,2,0.2143,7,5,1,2,1,15.25,1,4,13,cash_out
VCH_00369,50,4,1.0,0,4,0,3,1,6.76,0,2,4,wallet
VCH_00370,45,0,1.0,2,3,4,1,1,4.28,0,4,4,wallet
VCH_00371,25,2,0.2143,5,2,4,28,0,5.36,1,2,9,cash_out
VCH_00372,53,4,1.0,1,3,2,16,0,1.82,0,2,5,wallet
VCH_00373,54,1,1.0,3,4,4,29,0,4.21,2,1,7,bank_transfer
VCH_00374,12,2,0.2143,12,5,1,1,1,4.93,0,1,8,wallet
VCH_00375,59,4,1.0,1,3,2,30,0,2.58,1,4,4,cash_out
VCH_00376,53,0,1.0,11,2,3,1,1,1.72,3,3,5,merchant_payment
VCH_00377,28,2,0.2143,0,5,2,1,1,3.07,1,2,1,cash_out
VCH_00378,59,1,1.0,0,3,0,15,0,4.06,0,3,4,wallet
VCH_00379,16,3,0.2143,6,2,6,1,1,6.46,2,4,7,bank_transfer
VCH_00380,26,1,1.0,4,3,2,2,1,5.5,0,1,8,wallet
VCH_00381,0,2,0.2143,0,3,5,15,0,1.75,0,1,9,wallet
VCH_00382,0,1,1.0,7,0,3,16,0,3.18,2,3,9,bank_transfer
VCH_00383,7,1,1.0,0,5,1,15,0,8.65,1,5,7,cash_out
VCH_00384,54,2,0.2143,2,1,3,28,0,5.81,0,3,5,wallet
VCH_00385,12,2,0.2143,1,3,2,1,1,1.72,1,2,2,cash_out
VCH_00386,52,1,1.0,6,2,4,28,0,2.74,2,3,7,bank_transfer
VCH_00387,4,2,0.2143,3,3,5,30,0,4.28,0,1,10,wallet
VCH_00388,32,1,1.0,10,0,1,28,0,13.87,0,3,15,wallet
VCH_00389,26,0,1.0,5,5,1,29,0,1.64,2,4,7,bank_transfer
VCH_00390,12,0,1.0,1,3,2,29,0,2.93,0,4,5,wallet
VCH_00391,28,0,1.0,1,0,3,29,0,7.41,3,4,8,merchant_payment
VCH_00392,8,0,1.0,11,2,5,1,1,5.58,0,2,14,wallet
VCH_00393,31,1,1.0,13,2,1,28,0,7.66,3,2,10,merchant_payment
VCH_00394,10,2,0.2143,1,4,1,29,0,4.77,0,2,5,wallet
VCH_00395,59,0,1.0,3,1,6,2,1,1.05,3,3,3,merchant_payment
VCH_00396,53,3,0.2143,0,3,2,2,1,7.42,1,1,5,cash_out
VCH_00397,16,0,1.0,7,4,5,29,0,5.63,0,8,8,wallet
VCH_00398,11,2,0.2143,2,3,2,2,1,5.0,0,4,3,wallet
VCH_00399,51,4,1.0,10,5,4,1,1,7.07,0,1,7,wallet
VCH_00400,26,2,0.2143,1,0,3,1,1,6.47,2,2,4,bank_transfer
VCH_00401,48,4,1.0,1,3,0,28,0,3.36,0,2,4,wallet
VCH_00402,21,0,1.0,0,5,0,30,0,3.77,0,0,6,wallet
VCH_00403,5,3,0.2143,10,2,1,2,1,2.73,4,1,7,cash_at_till
VCH_00404,26,2,0.2143,0,2,0,30,0,7.3,3,2,7,merchant_payment
VCH_00405,49,1,1.0,9,4,3,3,1,2.77,3,4,7,merchant_payment
VCH_00406,53,0,1.0,2,2,5,1,1,1.67,0,2,3,wallet
VCH_00407,54,4,1.0,4,4,3,15,0,8.9,2,2,11,bank_transfer
VCH_00408,53,1,1.0,1,0,2,30,0,5.3,0,4,5,wallet
VCH_00409,15,2,0.2143,4,4,5,3,1,2.2,3,1,7,merchant_payment
VCH_00410,22,0,1.0,4,0,0,1,1,12.26,3,1,11,merchant_payment
VCH_00411,4,0,1.0,6,0,0,3,1,4.49,0,2,13,wallet
VCH_00412,58,3,0.2143,10,5,0,30,0,1.37,3,4,6,merchant_payment
VCH_00413,16,2,0.2143,13,5,6,3,1,9.03,1,1,8,cash_out
VCH_00414,57,0,1.0,0,5,1,15,0,1.24,0,7,3,wallet
VCH_00415,11,1,1.0,0,3,6,28,0,3.89,3,0,4,merchant_payment
VCH_00416,39,1,1.0,3,1,6,16,0,4.83,1,0,10,cash_out
VCH_00417,14,2,0.2143,2,5,0,3,1,3.16,3,3,4,merchant_payment
VCH_00418,27,4,1.0,5,1,6,1,1,5.87,0,6,7,wallet
VCH_00419,42,0,1.0,12,0,4,3,1,4.02,1,1,8,cash_out
VCH_00420,9,1,1.0,0,1,5,1,1,4.99,3,1,3,merchant_payment
VCH_00421,54,0,1.0,8,0,4,2,1,2.25,0,3,4,wallet
VCH_00422,13,0,1.0,12,3,0,2,1,3.55,3,5,8,merchant_payment
VCH_00423,49,0,1.0,9,4,4,15,0,8.1,0,3,10,wallet
VCH_00424,12,3,0.2143,13,4,3,16,0,6.52,3,1,9,merchant_payment
VCH_00425,34,4,1.0,1,4,1,2,1,3.19,2,5,4,bank_transfer
VCH_00426,48,2,0.2143,10,1,0,29,0,1.31,1,6,5,cash_out
VCH_00427,44,0,1.0,4,1,4,1,1,4.96,1,1,6,cash_out
VCH_00428,39,3,0.2143,4,5,6,1,1,3.87,3,2,5,merchant_payment
VCH_00429,50,0,1.0,7,4,6,3,1,9.09,2,6,8,bank_transfer
VCH_00430,7,0,1.0,9,3,2,1,1,14.47,3,0,12,merchant_payment
VCH_00431,26,0,1.0,5,0,5,2,1,3.63,0,3,5,wallet
VCH_00432,59,2,0.2143,12,0,6,1,1,6.48,1,0,8,cash_out
VCH_00433,14,2,0.2143,2,0,0,15,0,2.41,3,5,8,merchant_payment
VCH_00434,42,0,1.0,1,0,4,15,0,3.53,3,4,10,merchant_payment
VCH_00435,45,0,1.0,9,5,0,3,1,4.07,1,6,5,cash_out
VCH_00436,46,2,0.2143,0,2,0,29,0,17.72,3,3,14,merchant_payment
VCH_00437,57,0,1.0,2,3,6,16,0,10.11,3,3,8,merchant_payment
VCH_00438,5,0,1.0,0,4,3,28,0,8.08,3,3,7,merchant_payment
VCH_00439,32,0,1.0,5,1,6,30,0,3.28,0,4,18,wallet
VCH_00440,35,3,0.2143,4,5,5,3,1,5.2,0,2,6,wallet
VCH_00441,28,0,1.0,13,4,5,1,1,2.93,1,3,7,cash_out
VCH_00442,49,1,1.0,0,0,4,16,0,6.59,0,1,8,wallet
VCH_00443,55,1,1.0,0,4,4,30,0,2.54,0,3,3,wallet
VCH_00444,37,4,1.0,9,3,0,1,1,5.72,1,0,13,cash_out
VCH_00445,29,1,1.0,11,3,0,2,1,7.68,2,2,8,bank_transfer
VCH_00446,10,0,1.0,5,4,6,1,1,1.79,4,6,4,cash_at_till
VCH_00447,20,0,1.0,10,2,3,1,1,4.49,1,2,8,cash_out
VCH_00448,54,1,1.0,0,2,5,1,1,2.59,2,2,2,bank_transfer
VCH_00449,31,1,1.0,12,2,4,30,0,2.82,3,3,7,merchant_payment
VCH_00450,6,1,1.0,3,2,5,1,1,5.32,1,0,9,cash_out
VCH_00451,47,0,1.0,12,0,4,16,0,2.05,1,5,6,cash_out
VCH_00452,52,3,0.2143,7,3,3,15,0,9.62,0,3,11,wallet
VCH_00453,41,0,1.0,11,3,2,29,0,2.24,2,4,7,bank_transfer
VCH_00454,47,0,1.0,13,4,5,3,1,5.01,3,0,6,merchant_payment
VCH_00455,43,1,1.0,1,3,6,1,1,5.48,4,3,4,cash_at_till
VCH_00456,32,1,1.0,1,5,4,2,1,6.47,1,4,5,cash_out
VCH_00457,7,2,0.2143,0,1,2,2,1,2.72,0,4,1,wallet
VCH_00458,35,0,1.0,12,2,5,30,0,5.04,1,7,9,cash_out
VCH_00459,32,2,0.2143,12,5,5,1,1,7.23,1,8,14,cash_out
VCH_00460,50,0,1.0,3,1,6,28,0,5.24,0,0,12,wallet
VCH_00461,8,2,0.2143,0,2,6,1,1,3.8,0,2,3,wallet
VCH_00462,43,2,0.2143,1,0,6,28,0,6.41,0,5,6,wallet
VCH_00463,18,2,0.2143,8,1,0,2,1,3.64,0,2,6,wallet
VCH_00464,6,1,1.0,4,5,5,29,0,1.7,0,8,7,wallet
VCH_00465,43,1,1.0,0,3,3,28,0,7.19,0,2,11,wallet
VCH_00466,28,0,1.0,13,4,5,30,0,1.63,0,1,10,wallet
VCH_00467,55,1,1.0,1,5,1,2,1,5.96,0,1,6,wallet
VCH_00468,2,0,1.0,13,0,4,2,1,2.92,1,5,4,cash_out
VCH_00469,46,3,0.2143,8,4,0,1,1,1.81,3,2,5,merchant_payment
VCH_00470,39,4,1.0,5,3,0,28,0,10.57,1,1,11,cash_out
VCH_00471,24,4,1.0,6,5,1,1,1,6.18,0,4,10,wallet
VCH_00472,45,1,1.0,5,4,2,3,1,5.75,4,3,6,cash_at_till
VCH_00473,22,0,1.0,9,0,3,1,1,3.74,0,5,7,wallet
VCH_00474,4,2,0.2143,0,1,3,1,1,8.97,1,4,5,cash_out
VCH_00475,37,3,0.2143,0,1,0,30,0,3.41,1,1,4,cash_out
VCH_00476,59,2,0.2143,0,2,2,29,0,10.1,2,3,10,bank_transfer
VCH_00477,30,3,0.2143,1,2,0,3,1,5.62,2,2,5,bank_transfer
VCH_00478,28,0,1.0,0,0,2,1,1,1.06,4,3,3,cash_at_till
VCH_00479,21,2,0.2143,6,4,4,29,0,4.0,3,1,8,merchant_payment
VCH_00480,34,4,1.0,0,2,1,1,1,2.13,0,3,1,wallet
VCH_00481,30,2,0.2143,4,5,2,15,0,23.19,0,2,22,wallet
VCH_00482,4,0,1.0,1,1,2,2,1,1.49,1,5,1,cash_out
VCH_00483,55,3,0.2143,12,0,6,16,0,1.48,3,3,6,merchant_payment
VCH_00484,58,3,0.2143,8,5,1,2,1,2.66,0,3,9,wallet
VCH_00485,1,1,1.0,5,0,4,1,1,8.29,0,4,13,wallet
VCH_00486,7,2,0.2143,1,0,2,30,0,4.1,3,1,7,merchant_payment
VCH_00487,57,1,1.0,9,3,5,30,0,2.3,3,2,8,merchant_payment
VCH_00488,29,2,0.2143,4,3,6,2,1,5.1,1,2,8,cash_out
VCH_00489,39,2,0.2143,1,5,3,15,0,1.93,1,3,8,cash_out
VCH_00490,16,3,0.2143,0,5,4,29,0,7.36,2,3,6,bank_transfer
VCH_00491,31,2,0.2143,0,0,4,29,0,8.44,3,5,7,merchant_payment
VCH_00492,9,3,0.2143,3,3,1,29,0,2.77,3,4,9,merchant_payment
VCH_00493,27,2,0.2143,3,4,3,29,0,10.3,3,3,12,merchant_payment
VCH_00494,43,2,0.2143,3,5,3,1,1,8.28,4,4,8,cash_at_till
VCH_00495,31,3,0.2143,12,4,4,3,1,7.01,0,3,8,wallet
VCH_00496,41,2,0.2143,0,4,4,15,0,2.82,4,6,5,cash_at_till
VCH_00497,40,4,1.0,1,5,3,1,1,6.32,3,2,5,merchant_payment
VCH_00498,16,2,0.2143,2,5,6,1,1,7.06,0,1,4,wallet
VCH_00499,24,2,0.2143,6,2,2,2,1,5.61,1,1,6,cash_out
VCH_00500,29,0,1.0,5,5,3,1,1,4.97,2,3,7,bank_transfer
VCH_00501,36,1,1.0,6,4,3,1,1,6.61,4,7,7,cash_at_till
VCH_00502,56,2,0.2143,3,3,2,28,0,2.63,3,3,9,merchant_payment
VCH_00503,34,1,1.0,12,4,2,28,0,4.46,0,5,11,wallet
VCH_00504,7,0,1.0,0,2,0,15,0,2.87,3,2,4,merchant_payment
VCH_00505,19,1,1.0,1,4,6,3,1,6.91,1,2,6,cash_out
VCH_00506,23,0,1.0,12,5,3,1,1,3.42,3,2,5,merchant_payment
VCH_00507,18,4,1.0,2,5,0,1,1,15.75,3,2,11,merchant_payment
VCH_00508,36,1,1.0,0,1,6,29,0,3.45,3,6,6,merchant_payment
VCH_00509,29,2,0.2143,1,4,4,3,1,7.06,3,1,5,merchant_payment
VCH_00510,11,4,1.0,4,3,1,2,1,6.61,2,2,18,bank_transfer
VCH_00511,31,2,0.2143,13,1,2,15,0,2.25,2,5,7,bank_transfer
VCH_00512,30,2,0.2143,11,1,1,28,0,1.9,2,4,8,bank_transfer
VCH_00513,8,4,1.0,1,0,5,28,0,9.2,2,4,9,bank_transfer
VCH_00514,50,3,0.2143,9,4,6,30,0,6.33,1,3,12,cash_out
VCH_00515,2,3,0.2143,0,2,4,30,0,16.48,4,1,14,cash_at_till
VCH_00516,46,0,1.0,5,4,6,30,0,3.3,4,1,18,cash_at_till
VCH_00517,20,0,1.0,10,3,2,29,0,5.8,2,4,10,bank_transfer
VCH_00518,9,0,1.0,1,3,2,28,0,2.46,1,3,4,cash_out
VCH_00519,36,1,1.0,4,5,6,1,1,8.02,0,2,9,wallet
VCH_00520,56,0,1.0,1,3,0,30,0,11.49,0,5,12,wallet
VCH_00521,58,0,1.0,2,5,3,29,0,4.54,1,4,4,cash_out
VCH_00522,29,2,0.2143,10,0,4,1,1,2.72,3,1,7,merchant_payment
VCH_00523,34,2,0.2143,2,3,5,30,0,3.24,0,2,6,wallet
VCH_00524,57,3,0.2143,2,5,6,30,0,1.64,4,3,4,cash_at_till
VCH_00525,9,0,1.0,0,2,5,15,0,6.57,0,1,6,wallet
VCH_00526,38,0,1.0,8,2,0,2,1,6.02,0,1,9,wallet
VCH_00527,16,0,1.0,10,5,2,15,0,4.32,1,3,9,cash_out
VCH_00528,56,0,1.0,2,4,0,2,1,3.99,1,2,3,cash_out
VCH_00529,28,0,1.0,0,2,5,1,1,4.05,0,0,6,wallet
VCH_00530,45,3,0.2143,4,0,5,30,0,6.17,1,4,9,cash_out
VCH_00531,13,3,0.2143,10,5,5,2,1,7.24,1,3,10,cash_out
VCH_00532,30,3,0.2143,0,5,2,28,0,10.04,3,4,8,merchant_payment
VCH_00533,43,3,0.2143,1,1,0,30,0,4.74,2,8,6,bank_transfer
VCH_00534,38,0,1.0,4,1,1,30,0,4.06,4,2,9,cash_at_till
VCH_00535,2,0,1.0,10,4,0,2,1,1.51,1,3,10,cash_out
VCH_00536,10,1,1.0,11,1,3,1,1,6.31,3,2,8,merchant_payment
VCH_00537,9,4,1.0,4,4,4,15,0,2.47,1,1,7,cash_out
VCH_00538,42,0,1.0,0,5,6,1,1,3.84,0,5,6,wallet
VCH_00539,50,2,0.2143,1,3,1,15,0,1.92,3,2,10,merchant_payment
VCH_00540,38,3,0.2143,11,1,3,1,1,5.35,2,1,15,bank_transfer
VCH_00541,35,0,1.0,13,1,1,1,1,5.08,2,1,6,bank_transfer
VCH_00542,25,0,1.0,3,1,6,1,1,2.58,0,3,6,wallet
VCH_00543,29,0,1.0,12,1,5,1,1,4.36,4,3,7,cash_at_till
VCH_00544,42,1,1.0,1,0,5,1,1,2.08,1,4,1,cash_out
VCH_00545,10,3,0.2143,9,5,0,2,1,1.13,4,1,6,cash_at_till
VCH_00546,18,1,1.0,10,0,4,2,1,12.28,0,3,10,wallet
VCH_00547,54,0,1.0,4,3,2,29,0,4.09,0,0,7,wallet
VCH_00548,37,3,0.2143,0,1,2,1,1,1.93,2,3,1,bank_transfer
VCH_00549,30,2,0.2143,11,3,5,29,0,2.0,1,3,8,cash_out
VCH_00550,19,2,0.2143,1,3,1,30,0,19.18,4,1,14,cash_at_till
VCH_00551,9,2,0.2143,3,0,1,1,1,7.65,0,3,7,wallet
VCH_00552,40,3,0.2143,4,4,2,28,0,5.69,2,5,12,bank_transfer
VCH_00553,41,4,1.0,6,5,1,1,1,12.01,0,3,11,wallet
VCH_00554,56,1,1.0,11,5,3,28,0,8.99,0,5,13,wallet
VCH_00555,37,1,1.0,12,2,1,1,1,4.29,1,2,5,cash_out
VCH_00556,8,0,1.0,2,4,2,3,1,6.59,2,4,4,bank_transfer
VCH_00557,3,0,1.0,1,4,1,15,0,6.27,3,3,6,merchant_payment
VCH_00558,26,1,1.0,7,5,6,16,0,3.89,3,3,10,merchant_payment
VCH_00559,25,2,0.2143,4,4,1,30,0,2.71,0,3,6,wallet
VCH_00560,54,1,1.0,12,1,6,1,1,6.12,3,2,6,merchant_payment
VCH_00561,15,2,0.2143,2,2,4,1,1,1.79,3,4,1,merchant_payment
VCH_00562,4,0,1.0,2,0,1,16,0,6.6,1,1,6,cash_out
VCH_00563,7,0,1.0,11,4,0,3,1,4.17,0,3,8,wallet
VCH_00564,0,0,1.0,3,3,4,30,0,2.44,2,6,8,bank_transfer
VCH_00565,36,2,0.2143,5,0,1,29,0,4.57,2,5,10,bank_transfer
VCH_00566,4,0,1.0,3,0,3,1,1,4.2,0,2,8,wallet
VCH_00567,35,3,0.2143,2,1,6,3,1,12.93,2,4,9,bank_transfer
VCH_00568,20,0,1.0,0,2,0,3,1,5.74,0,4,7,wallet
VCH_00569,32,4,1.0,0,5,3,30,0,1.86,0,1,5,wallet
VCH_00570,41,0,1.0,10,1,6,29,0,1.71,0,1,7,wallet
VCH_00571,19,2,0.2143,5,4,0,1,1,8.24,2,3,8,bank_transfer
VCH_00572,4,0,1.0,0,1,0,30,0,9.24,2,4,9,bank_transfer
VCH_00573,12,0,1.0,4,4,0,15,0,9.33,1,6,10,cash_out
VCH_00574,50,1,1.0,9,1,3,16,0,1.87,1,3,6,cash_out
VCH_00575,57,2,0.2143,1,4,0,3,1,6.16,3,3,5,merchant_payment
VCH_00576,12,4,1.0,0,4,5,2,1,4.48,3,0,4,merchant_payment
VCH_00577,36,0,1.0,2,4,6,2,1,4.99,1,2,5,cash_out
VCH_00578,30,1,1.0,0,2,2,30,0,3.84,3,4,6,merchant_payment
VCH_00579,59,0,1.0,10,3,6,15,0,1.85,3,2,6,merchant_payment
VCH_00580,1,0,1.0,0,0,2,28,0,2.33,1,4,4,cash_out
VCH_00581,9,1,1.0,13,3,5,3,1,6.28,3,2,7,merchant_payment
VCH_00582,21,2,0.2143,4,2,5,30,0,3.96,3,3,11,merchant_payment
VCH_00583,46,0,1.0,9,3,5,1,1,3.6,0,1,5,wallet
VCH_00584,40,1,1.0,10,3,1,1,1,6.01,3,0,9,merchant_payment
VCH_00585,58,2,0.2143,6,0,6,29,0,2.88,3,3,7,merchant_payment
VCH_00586,4,1,1.0,8,3,6,1,1,5.87,4,2,11,cash_at_till
VCH_00587,11,2,0.2143,0,1,2,3,1,4.65,1,3,5,cash_out
VCH_00588,28,0,1.0,0,3,1,1,1,9.74,0,3,5,wallet
VCH_00589,5,1,1.0,4,3,1,1,1,3.55,0,1,5,wallet
VCH_00590,1,1,1.0,1,2,0,1,1,4.58,0,2,2,wallet
VCH_00591,49,0,1.0,13,4,2,15,0,11.28,0,4,12,wallet
VCH_00592,36,0,1.0,3,5,2,30,0,1.71,1,2,6,cash_out
VCH_00593,49,0,1.0,11,3,2,2,1,8.55,3,2,8,merchant_payment
VCH_00594,33,1,1.0,11,0,5,30,0,2.81,1,2,9,cash_out
VCH_00595,18,1,1.0,0,2,6,1,1,3.23,1,0,9,cash_out
VCH_00596,51,2,0.2143,4,2,4,30,0,3.09,0,6,7,wallet
VCH_00597,44,0,1.0,6,5,4,28,0,7.12,2,2,10,bank_transfer
VCH_00598,6,1,1.0,2,1,2,28,0,5.24,2,1,7,bank_transfer
VCH_00599,38,0,1.0,2,1,5,2,1,5.71,3,0,5,merchant_payment
VCH_00600,10,4,1.0,1,5,1,1,1,6.31,0,2,3,wallet
VCH_00601,55,0,1.0,10,3,2,30,0,9.78,2,2,10,bank_transfer
VCH_00602,47,2,0.2143,0,5,6,1,1,4.84,3,8,3,merchant_payment
VCH_00603,54,4,1.0,3,5,0,2,1,6.04,1,3,6,cash_out
VCH_00604,55,4,1.0,10,3,3,1,1,1.66,3,4,17,merchant_payment
VCH_00605,7,2,0.2143,13,2,3,1,1,5.85,1,1,7,cash_out
VCH_00606,29,0,1.0,6,0,5,3,1,7.47,2,2,9,bank_transfer
VCH_00607,14,3,0.2143,0,2,1,29,0,1.0,1,3,3,cash_out
VCH_00608,32,0,1.0,5,0,2,30,0,1.0,0,1,14,wallet
VCH_00609,38,1,1.0,9,4,5,15,0,5.48,1,3,11,cash_out
VCH_00610,19,1,1.0,7,1,4,29,0,6.44,1,1,9,cash_out
VCH_00611,25,1,1.0,5,1,3,1,1,3.07,0,4,7,wallet
VCH_00612,33,0,1.0,12,0,2,1,1,9.81,3,5,11,merchant_payment
VCH_00613,33,3,0.2143,4,3,5,16,0,1.36,3,2,5,merchant_payment
VCH_00614,31,3,0.2143,11,2,3,2,1,12.13,3,1,12,merchant_payment
VCH_00615,41,1,1.0,1,2,0,2,1,1.21,0,5,3,wallet
VCH_00616,31,0,1.0,3,1,0,28,0,3.49,3,4,10,merchant_payment
VCH_00617,45,2,0.2143,1,0,2,28,0,4.39,0,2,5,wallet
VCH_00618,42,2,0.2143,0,5,5,3,1,3.47,3,0,5,merchant_payment
VCH_00619,31,1,1.0,2,3,0,1,1,4.53,0,2,4,wallet
VCH_00620,44,2,0.2143,13,0,1,30,0,4.09,2,2,7,bank_transfer
VCH_00621,51,2,0.2143,12,3,3,2,1,3.58,3,4,6,merchant_payment
VCH_00622,27,0,1.0,8,5,0,15,0,4.01,3,6,10,merchant_payment
VCH_00623,56,1,1.0,12,1,1,1,1,1.92,3,2,4,merchant_payment
VCH_00624,49,4,1.0,8,1,0,3,1,4.76,2,5,10,bank_transfer
VCH_00625,33,0,1.0,13,2,0,2,1,8.17,1,0,8,cash_out
VCH_00626,6,1,1.0,1,5,5,1,1,5.42,4,0,3,cash_at_till
VCH_00627,34,0,1.0,11,3,3,1,1,5.3,2,4,7,bank_transfer
VCH_00628,33,1,1.0,2,5,2,1,1,4.08,3,5,4,merchant_payment
VCH_00629,20,1,1.0,9,5,2,28,0,2.62,1,3,7,cash_out
VCH_00630,49,0,1.0,5,0,5,30,0,3.8,1,4,9,cash_out
VCH_00631,6,2,0.2143,1,1,6,1,1,2.22,3,6,1,merchant_payment
VCH_00632,6,0,1.0,5,4,2,1,1,3.91,2,3,5,bank_transfer
VCH_00633,51,0,1.0,10,4,5,30,0,3.68,3,2,8,merchant_payment
VCH_00634,42,4,1.0,7,2,1,28,0,3.84,0,1,9,wallet
VCH_00635,15,2,0.2143,8,0,3,15,0,3.81,3,2,7,merchant_payment
VCH_00636,28,0,1.0,3,3,0,28,0,3.51,1,2,9,cash_out
VCH_00637,29,1,1.0,8,5,5,2,1,10.58,3,2,14,merchant_payment
VCH_00638,8,1,1.0,5,5,1,3,1,4.43,0,2,7,wallet
VCH_00639,29,3,0.2143,10,3,4,28,0,3.79,0,5,13,wallet
VCH_00640,19,0,1.0,3,0,6,1,1,2.56,2,2,4,bank_transfer
VCH_00641,5,4,1.0,0,5,1,29,0,8.51,0,1,7,wallet
VCH_00642,26,1,1.0,8,2,5,29,0,2.67,0,1,12,wallet
VCH_00643,28,2,0.2143,6,1,6,3,1,10.09,3,6,10,merchant_payment
VCH_00644,53,0,1.0,5,4,1,1,1,10.97,3,3,17,merchant_payment
VCH_00645,35,1,1.0,2,1,6,28,0,3.85,4,4,5,cash_at_till
VCH_00646,55,1,1.0,11,2,6,1,1,2.68,3,4,5,merchant_payment
VCH_00647,43,2,0.2143,3,2,3,16,0,7.17,1,3,10,cash_out
VCH_00648,39,2,0.2143,1,1,6,29,0,5.22,1,2,6,cash_out
VCH_00649,15,0,1.0,0,5,3,29,0,5.96,0,3,7,wallet
VCH_00650,47,3,0.2143,4,4,5,1,1,1.44,1,2,4,cash_out
VCH_00651,44,3,0.2143,10,0,2,29,0,2.86,1,5,7,cash_out
VCH_00652,14,4,1.0,4,0,1,1,1,2.61,2,1,4,bank_transfer
VCH_00653,15,3,0.2143,11,3,3,16,0,3.29,1,3,9,cash_out
VCH_00654,21,1,1.0,2,2,3,1,1,6.01,0,3,5,wallet
VCH_00655,57,0,1.0,7,4,6,29,0,7.36,0,3,9,wallet
VCH_00656,59,2,0.2143,3,2,5,28,0,7.0,0,2,10,wallet
VCH_00657,44,0,1.0,4,3,5,1,1,3.95,3,6,7,merchant_payment
VCH_00658,19,0,1.0,0,2,3,1,1,2.0,3,4,2,merchant_payment
VCH_00659,48,0,1.0,4,0,6,3,1,4.24,0,3,6,wallet
VCH_00660,7,2,0.2143,10,5,6,28,0,8.84,2,3,10,bank_transfer
VCH_00661,15,0,1.0,2,4,0,30,0,3.16,2,2,17,bank_transfer
VCH_00662,32,1,1.0,4,0,0,3,1,8.68,0,4,8,wallet
VCH_00663,32,0,1.0,0,5,1,30,0,13.45,3,1,10,merchant_payment
VCH_00664,7,0,1.0,11,0,2,1,1,4.93,3,2,13,merchant_payment
VCH_00665,35,3,0.2143,1,5,4,28,0,10.47,4,5,8,cash_at_till
VCH_00666,20,0,1.0,1,2,6,28,0,18.93,0,3,18,wallet
VCH_00667,35,0,1.0,5,5,5,2,1,3.1,4,4,5,cash_at_till
VCH_00668,40,3,0.2143,6,4,0,1,1,1.62,4,2,4,cash_at_till
VCH_00669,24,2,0.2143,0,1,3,28,0,14.38,1,0,14,cash_out
VCH_00670,29,3,0.2143,3,5,5,30,0,2.06,2,2,8,bank_transfer
VCH_00671,34,2,0.2143,10,1,3,15,0,5.72,1,1,9,cash_out
VCH_00672,32,0,1.0,2,2,6,1,1,11.98,4,4,8,cash_at_till
VCH_00673,6,0,1.0,10,5,3,15,0,11.47,0,3,12,wallet
VCH_00674,32,3,0.2143,7,4,2,29,0,3.01,2,4,9,bank_transfer
VCH_00675,45,1,1.0,1,3,0,1,1,4.0,0,1,6,wallet
VCH_00676,12,2,0.2143,2,1,0,29,0,4.77,1,1,5,cash_out
VCH_00677,15,0,1.0,9,0,0,3,1,5.21,3,4,9,merchant_payment
VCH_00678,17,2,0.2143,5,0,6,15,0,7.43,0,6,9,wallet
VCH_00679,4,1,1.0,0,2,0,30,0,2.3,1,2,4,cash_out
VCH_00680,16,0,1.0,5,3,6,1,1,5.24,3,3,7,merchant_payment
VCH_00681,12,3,0.2143,1,1,3,1,1,5.0,4,4,3,cash_at_till
VCH_00682,17,2,0.2143,5,0,4,1,1,2.61,4,3,6,cash_at_till
VCH_00683,44,1,1.0,0,3,1,1,1,1.81,1,3,1,cash_out
VCH_00684,5,2,0.2143,9,3,3,1,1,3.65,0,3,7,wallet
VCH_00685,2,0,1.0,0,0,2,1,1,7.34,1,4,6,cash_out
VCH_00686,21,2,0.2143,7,4,0,1,1,6.66,0,5,9,wallet
VCH_00687,19,4,1.0,0,5,1,30,0,2.16,0,3,3,wallet
VCH_00688,11,0,1.0,4,2,4,3,1,13.05,3,4,11,merchant_payment
VCH_00689,42,0,1.0,1,3,6,29,0,3.84,4,1,6,cash_at_till
VCH_00690,8,1,1.0,3,5,1,28,0,2.91,1,2,8,cash_out
VCH_00691,15,3,0.2143,9,5,0,15,0,4.0,4,5,9,cash_at_till
VCH_00692,47,0,1.0,3,1,3,1,1,18.49,0,4,16,wallet
VCH_00693,37,1,1.0,2,3,5,28,0,2.41,0,0,5,wallet
VCH_00694,59,0,1.0,6,4,6,2,1,4.27,0,7,6,wallet
VCH_00695,8,1,1.0,8,3,0,3,1,3.04,3,2,5,merchant_payment
VCH_00696,16,2,0.2143,0,5,3,2,1,7.93,1,3,5,cash_out
VCH_00697,32,2,0.2143,10,0,4,2,1,8.4,2,3,8,bank_transfer
VCH_00698,9,2,0.2143,10,3,3,1,1,5.06,1,6,7,cash_out
VCH_00699,18,1,1.0,0,3,2,1,1,2.4,4,3,4,cash_at_till
VCH_00700,24,2,0.2143,3,4,2,15,0,10.28,1,5,17,cash_out
VCH_00701,26,0,1.0,13,2,3,2,1,1.96,2,4,8,bank_transfer
VCH_00702,12,4,1.0,7,0,5,1,1,9.07,0,2,8,wallet
VCH_00703,36,0,1.0,2,5,5,1,1,5.97,4,4,3,cash_at_till
VCH_00704,28,0,1.0,11,3,6,3,1,8.2,2,2,8,bank_transfer
VCH_00705,57,1,1.0,12,1,4,1,1,4.57,3,3,7,merchant_payment
VCH_00706,45,1,1.0,0,4,5,2,1,6.2,3,2,4,merchant_payment
VCH_00707,6,2,0.2143,13,0,4,1,1,12.48,2,5,10,bank_transfer
VCH_00708,22,1,1.0,12,0,4,15,0,3.74,0,5,9,wallet
VCH_00709,19,0,1.0,3,2,5,30,0,6.84,3,6,10,merchant_payment
VCH_00710,28,3,0.2143,3,5,2,30,0,4.49,3,2,12,merchant_payment
VCH_00711,28,4,1.0,3,5,5,29,0,8.28,3,4,10,merchant_payment
VCH_00712,50,2,0.2143,0,4,1,30,0,1.15,2,4,3,bank_transfer
VCH_00713,24,0,1.0,0,4,0,16,0,5.38,1,2,9,cash_out
VCH_00714,3,3,0.2143,3,4,5,2,1,4.02,0,4,7,wallet
VCH_00715,20,4,1.0,3,3,0,1,1,3.85,4,5,6,cash_at_till
VCH_00716,46,2,0.2143,5,0,2,30,0,4.33,2,1,12,bank_transfer
VCH_00717,49,2,0.2143,8,0,6,30,0,1.57,0,3,5,wallet
VCH_00718,55,4,1.0,11,5,1,1,1,5.01,1,3,6,cash_out
VCH_00719,47,2,0.2143,5,5,5,30,0,2.58,0,2,11,wallet
VCH_00720,29,0,1.0,8,3,1,3,1,4.88,4,3,10,cash_at_till
VCH_00721,16,1,1.0,0,1,0,1,1,7.92,2,3,4,bank_transfer
VCH_00722,12,2,0.2143,0,1,4,1,1,3.45,1,3,3,cash_out
VCH_00723,12,0,1.0,7,5,3,1,1,3.19,4,2,9,cash_at_till
VCH_00724,7,1,1.0,3,5,3,1,1,3.08,1,2,5,cash_out
VCH_00725,54,1,1.0,5,5,0,29,0,5.63,4,3,9,cash_at_till
VCH_00726,12,2,0.2143,0,3,1,2,1,3.57,1,4,5,cash_out
VCH_00727,54,2,0.2143,3,0,0,29,0,9.63,3,3,11,merchant_payment
VCH_00728,16,1,1.0,3,5,4,1,1,2.65,0,6,4,wallet
VCH_00729,57,2,0.2143,8,1,3,28,0,4.68,2,2,7,bank_transfer
VCH_00730,44,2,0.2143,10,3,5,29,0,3.18,1,2,8,cash_out
VCH_00731,59,1,1.0,4,2,3,2,1,4.6,4,4,7,cash_at_till
VCH_00732,22,1,1.0,10,2,0,28,0,12.31,0,1,14,wallet
VCH_00733,33,0,1.0,3,3,2,28,0,1.6,4,1,8,cash_at_till
VCH_00734,23,0,1.0,5,0,2,28,0,5.31,3,6,10,merchant_payment
VCH_00735,6,0,1.0,4,4,4,1,1,10.58,3,4,16,merchant_payment
VCH_00736,4,0,1.0,4,2,4,29,0,5.06,0,4,11,wallet
VCH_00737,29,2,0.2143,0,0,3,1,1,2.82,1,2,2,cash_out
VCH_00738,36,2,0.2143,12,1,2,30,0,9.73,1,3,11,cash_out
VCH_00739,59,3,0.2143,0,0,0,3,1,5.16,1,3,16,cash_out
VCH_00740,35,1,1.0,13,5,0,15,0,1.48,0,2,6,wallet
VCH_00741,3,4,1.0,6,3,0,15,0,4.18,0,1,9,wallet
VCH_00742,41,1,1.0,0,5,5,30,0,7.48,3,3,7,merchant_payment
VCH_00743,40,0,1.0,13,0,0,2,1,1.74,2,3,6,bank_transfer
VCH_00744,1,1,1.0,3,5,1,1,1,6.19,1,6,7,cash_out
VCH_00745,13,2,0.2143,1,4,6,28,0,2.19,0,2,5,wallet
VCH_00746,25,0,1.0,3,1,3,1,1,4.0,3,1,7,merchant_payment
VCH_00747,27,0,1.0,1,4,5,2,1,7.22,0,1,11,wallet
VCH_00748,12,0,1.0,6,1,1,15,0,4.1,0,5,8,wallet
VCH_00749,48,0,1.0,12,5,0,2,1,2.86,3,5,13,merchant_payment
VCH_00750,27,0,1.0,4,5,6,2,1,6.87,3,0,12,merchant_payment
VCH_00751,41,0,1.0,0,2,2,1,1,1.97,0,5,5,wallet
VCH_00752,37,2,0.2143,10,1,2,29,0,2.72,0,5,7,wallet
VCH_00753,3,0,1.0,12,1,6,30,0,3.89,1,4,10,cash_out
VCH_00754,11,2,0.2143,0,2,1,28,0,6.93,1,1,10,cash_out
VCH_00755,36,2,0.2143,13,3,5,28,0,1.9,3,1,9,merchant_payment
VCH_00756,12,1,1.0,5,5,1,29,0,16.25,3,6,16,merchant_payment
VCH_00757,56,0,1.0,6,3,3,15,0,4.82,3,3,17,merchant_payment
VCH_00758,55,0,1.0,0,2,2,1,1,6.97,2,5,7,bank_transfer
VCH_00759,2,0,1.0,0,1,4,1,1,2.62,2,6,1,bank_transfer
VCH_00760,53,0,1.0,3,3,2,2,1,7.78,3,3,7,merchant_payment
VCH_00761,35,1,1.0,8,2,5,28,0,1.66,0,1,8,wallet
VCH_00762,4,4,1.0,3,4,0,28,0,5.55,2,4,12,bank_transfer
VCH_00763,12,4,1.0,12,5,5,15,0,8.1,0,0,9,wallet
VCH_00764,53,0,1.0,0,4,2,3,1,2.14,0,4,1,wallet
VCH_00765,12,1,1.0,12,0,1,30,0,6.87,3,2,12,merchant_payment
VCH_00766,49,2,0.2143,0,3,0,28,0,2.82,2,3,6,bank_transfer
VCH_00767,8,1,1.0,0,4,2,30,0,3.03,2,2,7,bank_transfer
VCH_00768,19,0,1.0,9,1,5,1,1,5.43,3,4,9,merchant_payment
VCH_00769,20,0,1.0,3,0,5,15,0,3.71,0,7,7,wallet
VCH_00770,33,1,1.0,10,5,0,1,1,6.27,0,3,7,wallet
VCH_00771,58,4,1.0,6,4,5,29,0,3.22,3,2,7,merchant_payment
VCH_00772,35,0,1.0,2,2,1,3,1,3.78,3,4,2,merchant_payment
VCH_00773,17,0,1.0,13,3,5,29,0,3.11,0,2,16,wallet
VCH_00774,1,0,1.0,4,1,4,1,1,3.41,0,1,6,wallet
VCH_00775,31,2,0.2143,10,1,6,28,0,4.9,0,4,8,wallet
VCH_00776,10,0,1.0,0,5,2,2,1,3.61,2,1,2,bank_transfer
VCH_00777,43,2,0.2143,4,1,1,29,0,5.75,4,1,8,cash_at_till
VCH_00778,26,0,1.0,5,1,1,1,1,15.29,1,4,13,cash_out
VCH_00779,35,1,1.0,4,0,1,2,1,4.45,3,2,8,merchant_payment
VCH_00780,56,1,1.0,10,3,0,1,1,4.05,3,1,6,merchant_payment
VCH_00781,50,1,1.0,0,5,2,28,0,4.77,3,0,5,merchant_payment
VCH_00782,19,2,0.2143,13,1,0,29,0,6.68,3,1,9,merchant_payment
VCH_00783,10,3,0.2143,0,5,1,2,1,5.73,0,3,3,wallet
VCH_00784,23,0,1.0,4,0,6,2,1,5.32,2,4,10,bank_transfer
VCH_00785,30,0,1.0,2,1,4,15,0,4.08,3,7,4,merchant_payment
VCH_00786,21,2,0.2143,12,5,2,1,1,7.02,2,0,7,bank_transfer
VCH_00787,8,3,0.2143,0,3,4,1,1,11.74,1,5,12,cash_out
VCH_00788,33,0,1.0,4,0,2,30,0,12.81,1,4,13,cash_out
VCH_00789,25,2,0.2143,0,0,3,28,0,12.56,2,4,9,bank_transfer
VCH_00790,30,0,1.0,1,1,1,29,0,4.3,1,3,6,cash_out
VCH_00791,24,2,0.2143,7,1,2,1,1,3.7,1,4,6,cash_out
VCH_00792,47,1,1.0,10,5,6,28,0,4.59,0,4,8,wallet
VCH_00793,53,4,1.0,2,2,0,28,0,2.33,0,1,7,wallet
VCH_00794,28,3,0.2143,1,5,6,2,1,6.36,3,2,5,merchant_payment
VCH_00795,55,2,0.2143,7,2,4,1,1,3.46,1,6,10,cash_out
VCH_00796,53,2,0.2143,12,5,0,30,0,3.44,3,7,8,merchant_payment
VCH_00797,59,2,0.2143,12,2,0,2,1,13.9,1,2,14,cash_out
VCH_00798,44,0,1.0,11,0,5,2,1,7.96,1,3,10,cash_out
VCH_00799,33,1,1.0,3,1,5,1,1,3.73,1,4,6,cash_out
VCH_00800,0,0,1.0,2,2,1,1,1,2.58,1,2,1,cash_out
VCH_00801,42,1,1.0,12,2,0,16,0,3.77,0,4,13,wallet
VCH_00802,0,2,0.2143,6,5,6,1,1,5.02,0,7,8,wallet
VCH_00803,34,4,1.0,3,2,3,1,1,2.58,1,3,4,cash_out
VCH_00804,19,2,0.2143,10,1,0,15,0,4.84,0,2,8,wallet
VCH_00805,30,0,1.0,9,4,3,28,0,1.58,0,1,6,wallet
VCH_00806,54,2,0.2143,1,0,3,16,0,3.69,4,3,4,cash_at_till
VCH_00807,51,2,0.2143,5,1,4,2,1,3.93,0,3,7,wallet
VCH_00808,14,1,1.0,2,1,6,29,0,1.84,3,1,3,merchant_payment
VCH_00809,48,0,1.0,3,0,1,28,0,4.02,4,2,9,cash_at_till
VCH_00810,31,0,1.0,12,3,1,30,0,2.69,3,5,8,merchant_payment
VCH_00811,12,2,0.2143,10,1,3,2,1,1.63,0,4,5,wallet
VCH_00812,6,0,1.0,1,1,0,16,0,3.98,0,2,10,wallet
VCH_00813,15,1,1.0,3,4,4,30,0,4.32,0,4,8,wallet
VCH_00814,29,2,0.2143,0,3,2,15,0,1.71,2,1,4,bank_transfer
VCH_00815,16,4,1.0,10,5,4,2,1,9.97,3,4,9,merchant_payment
VCH_00816,45,2,0.2143,13,5,4,30,0,1.43,2,5,7,bank_transfer
VCH_00817,54,1,1.0,11,4,4,30,0,5.39,0,10,10,wallet
VCH_00818,20,1,1.0,0,1,5,2,1,2.72,0,3,2,wallet
VCH_00819,45,1,1.0,8,0,1,28,0,2.86,3,5,6,merchant_payment
VCH_00820,47,2,0.2143,4,0,5,1,1,6.2,0,3,8,wallet
VCH_00821,40,1,1.0,3,1,6,30,0,8.75,1,6,10,cash_out
VCH_00822,2,1,1.0,13,0,5,2,1,5.32,1,4,6,cash_out
VCH_00823,38,2,0.2143,5,0,3,1,1,4.08,2,1,10,bank_transfer
VCH_00824,7,2,0.2143,13,2,3,15,0,3.58,2,3,9,bank_transfer
VCH_00825,4,0,1.0,10,1,2,3,1,3.83,2,3,5,bank_transfer
VCH_00826,9,0,1.0,3,0,6,16,0,13.65,3,4,15,merchant_payment
VCH_00827,36,2,0.2143,2,3,0,2,1,1.35,0,9,2,wallet
VCH_00828,57,1,1.0,7,2,5,28,0,5.15,0,4,8,wallet
VCH_00829,33,0,1.0,0,5,5,2,1,9.47,1,2,9,cash_out
VCH_00830,50,2,0.2143,5,0,1,28,0,8.62,3,5,10,merchant_payment
VCH_00831,27,0,1.0,0,0,1,2,1,3.83,0,1,11,wallet
VCH_00832,6,2,0.2143,12,2,6,30,0,2.76,0,6,8,wallet
VCH_00833,21,0,1.0,7,4,5,1,1,2.03,0,4,5,wallet
VCH_00834,22,3,0.2143,0,5,1,15,0,9.5,1,3,8,cash_out
VCH_00835,23,0,1.0,0,4,4,30,0,4.38,3,1,7,merchant_payment
VCH_00836,37,1,1.0,1,3,5,30,0,7.72,2,2,8,bank_transfer
VCH_00837,11,4,1.0,5,0,1,3,1,5.64,0,3,7,wallet
VCH_00838,29,2,0.2143,1,1,0,2,1,3.24,3,4,3,merchant_payment
VCH_00839,21,1,1.0,4,3,1,28,0,5.6,0,2,12,wallet
VCH_00840,0,3,0.2143,2,1,3,2,1,2.6,1,2,5,cash_out
VCH_00841,3,3,0.2143,4,5,4,15,0,9.59,4,6,11,cash_at_till
VCH_00842,52,0,1.0,9,3,5,28,0,2.65,4,5,7,cash_at_till
VCH_00843,14,0,1.0,1,5,3,15,0,6.07,0,4,9,wallet
VCH_00844,9,0,1.0,2,5,4,1,1,4.52,2,4,7,bank_transfer
VCH_00845,55,1,1.0,0,3,1,2,1,5.02,2,3,10,bank_transfer
VCH_00846,49,1,1.0,10,2,0,30,0,2.83,0,7,10,wallet
VCH_00847,56,1,1.0,11,4,1,28,0,4.81,3,1,11,merchant_payment
VCH_00848,18,2,0.2143,2,3,6,2,1,7.35,4,4,4,cash_at_till
VCH_00849,34,4,1.0,2,1,1,1,1,2.08,3,4,1,merchant_payment
VCH_00850,16,2,0.2143,3,0,6,28,0,3.45,0,4,9,wallet
VCH_00851,6,1,1.0,7,1,2,1,1,2.27,2,2,5,bank_transfer
VCH_00852,12,2,0.2143,5,0,3,1,1,6.84,0,8,8,wallet
VCH_00853,29,1,1.0,0,5,1,2,1,7.59,1,6,5,cash_out
VCH_00854,20,2,0.2143,11,4,0,15,0,1.84,1,4,11,cash_out
VCH_00855,20,0,1.0,3,5,6,1,1,7.03,3,2,7,merchant_payment
VCH_00856,15,2,0.2143,0,5,2,29,0,19.79,1,2,15,cash_out
VCH_00857,7,3,0.2143,1,0,2,16,0,1.21,3,4,3,merchant_payment
VCH_00858,9,2,0.2143,7,5,1,1,1,1.3,0,3,6,wallet
VCH_00859,2,0,1.0,0,2,3,2,1,4.36,0,1,3,wallet
VCH_00860,54,0,1.0,4,4,3,2,1,7.04,1,2,8,cash_out
VCH_00861,20,1,1.0,13,2,1,1,1,5.07,3,2,11,merchant_payment
VCH_00862,20,1,1.0,4,0,6,30,0,2.04,4,5,7,cash_at_till
VCH_00863,54,2,0.2143,3,2,2,3,1,3.47,0,3,5,wallet
VCH_00864,11,0,1.0,5,4,1,29,0,1.91,0,3,9,wallet
VCH_00865,29,0,1.0,4,2,6,30,0,2.55,4,1,13,cash_at_till
VCH_00866,48,1,1.0,0,4,2,3,1,16.2,1,7,13,cash_out
VCH_00867,25,2,0.2143,5,2,3,28,0,1.07,0,2,6,wallet
VCH_00868,30,1,1.0,5,3,5,28,0,3.18,4,2,7,cash_at_till
VCH_00869,47,2,0.2143,9,5,0,1,1,6.66,2,2,7,bank_transfer
VCH_00870,42,1,1.0,8,0,0,15,0,3.62,1,2,9,cash_out
VCH_00871,55,1,1.0,11,4,6,28,0,6.19,3,2,9,merchant_payment
VCH_00872,17,1,1.0,8,5,2,16,0,5.08,3,1,9,merchant_payment
VCH_00873,36,0,1.0,1,2,1,1,1,3.23,2,3,3,bank_transfer
VCH_00874,54,3,0.2143,6,3,3,3,1,4.68,0,3,5,wallet
VCH_00875,52,0,1.0,13,0,3,1,1,1.98,1,1,5,cash_out
VCH_00876,43,0,1.0,7,2,4,2,1,5.47,1,6,7,cash_out
VCH_00877,41,0,1.0,1,5,1,1,1,3.15,1,3,3,cash_out
VCH_00878,51,2,0.2143,1,1,3,3,1,1.95,1,2,6,cash_out
VCH_00879,23,0,1.0,9,0,4,30,0,18.85,0,4,19,wallet
VCH_00880,6,2,0.2143,13,0,6,15,0,6.15,1,5,8,cash_out
VCH_00881,38,1,1.0,10,0,5,2,1,3.81,2,2,7,bank_transfer
VCH_00882,11,1,1.0,3,0,2,29,0,5.5,1,1,9,cash_out
VCH_00883,43,2,0.2143,1,0,4,1,1,9.61,1,4,6,cash_out
VCH_00884,57,4,1.0,4,4,5,16,0,6.78,3,4,9,merchant_payment
VCH_00885,1,4,1.0,1,4,3,30,0,3.97,2,0,7,bank_transfer
VCH_00886,7,3,0.2143,11,1,4,1,1,6.22,1,2,8,cash_out
VCH_00887,20,1,1.0,8,5,3,28,0,4.24,0,3,9,wallet
VCH_00888,27,1,1.0,3,5,6,2,1,4.56,2,7,11,bank_transfer
VCH_00889,10,1,1.0,9,3,6,29,0,5.45,0,1,10,wallet
VCH_00890,50,1,1.0,5,1,2,1,1,3.17,2,2,12,bank_transfer
VCH_00891,27,3,0.2143,0,0,1,1,1,11.95,4,1,10,cash_at_till
VCH_00892,1,1,1.0,10,3,6,2,1,1.0,3,3,4,merchant_payment
VCH_00893,33,4,1.0,3,3,1,3,1,3.66,0,3,9,wallet
VCH_00894,16,0,1.0,0,3,3,1,1,9.25,3,4,7,merchant_payment
VCH_00895,24,0,1.0,0,3,3,28,0,5.09,1,2,8,cash_out
VCH_00896,58,2,0.2143,10,5,4,1,1,4.74,0,4,6,wallet
VCH_00897,0,0,1.0,11,3,4,30,0,2.88,1,1,6,cash_out
VCH_00898,34,0,1.0,1,2,1,1,1,16.7,0,3,12,wallet
VCH_00899,29,2,0.2143,4,2,2,29,0,10.65,0,4,12,wallet
VCH_00900,21,4,1.0,3,4,6,1,1,2.95,3,4,8,merchant_payment
VCH_00901,31,0,1.0,1,0,6,3,1,4.38,1,3,8,cash_out
VCH_00902,11,0,1.0,0,2,3,29,0,14.72,1,3,11,cash_out
VCH_00903,2,4,1.0,3,1,1,28,0,6.65,2,4,11,bank_transfer
VCH_00904,32,2,0.2143,10,0,6,28,0,5.6,3,4,9,merchant_payment
VCH_00905,15,0,1.0,9,4,6,15,0,7.04,1,1,11,cash_out
VCH_00906,8,0,1.0,11,4,4,1,1,2.56,0,2,5,wallet
VCH_00907,36,0,1.0,12,0,5,2,1,8.31,0,8,9,wallet
VCH_00908,43,0,1.0,8,1,0,3,1,13.59,0,4,12,wallet
VCH_00909,33,4,1.0,2,3,4,2,1,7.23,0,2,5,wallet
VCH_00910,43,0,1.0,0,5,5,15,0,4.73,0,2,8,wallet
VCH_00911,3,4,1.0,6,5,2,2,1,9.03,0,4,9,wallet
VCH_00912,22,0,1.0,4,4,2,30,0,3.92,0,5,11,wallet
VCH_00913,28,0,1.0,2,3,6,3,1,4.04,3,2,5,merchant_payment
VCH_00914,22,2,0.2143,8,1,3,1,1,7.36,3,5,8,merchant_payment
VCH_00915,39,2,0.2143,4,2,2,30,0,4.12,4,3,13,cash_at_till
VCH_00916,57,0,1.0,0,5,4,2,1,8.1,2,0,5,bank_transfer
VCH_00917,57,0,1.0,7,3,0,16,0,6.68,1,2,15,cash_out
VCH_00918,49,0,1.0,1,4,4,2,1,3.72,0,2,3,wallet
VCH_00919,50,1,1.0,0,1,1,28,0,5.93,2,2,6,bank_transfer
VCH_00920,24,0,1.0,1,0,1,28,0,5.67,4,5,5,cash_at_till
VCH_00921,16,2,0.2143,13,5,2,1,1,5.89,0,2,10,wallet
VCH_00922,39,0,1.0,0,3,5,30,0,5.57,0,2,6,wallet
VCH_00923,9,0,1.0,5,3,6,28,0,2.78,2,1,10,bank_transfer
VCH_00924,38,1,1.0,11,4,2,29,0,2.6,1,3,13,cash_out
VCH_00925,12,0,1.0,2,5,5,30,0,14.82,3,6,14,merchant_payment
VCH_00926,26,1,1.0,0,2,1,1,1,3.02,0,2,2,wallet
VCH_00927,28,0,1.0,3,3,1,28,0,3.79,0,1,14,wallet
VCH_00928,48,0,1.0,0,5,2,28,0,3.1,2,1,4,bank_transfer
VCH_00929,17,1,1.0,10,4,2,2,1,2.36,0,2,6,wallet
VCH_00930,50,0,1.0,10,5,3,3,1,11.09,0,2,10,wallet
VCH_00931,17,1,1.0,1,3,5,2,1,5.94,2,1,7,bank_transfer
VCH_00932,20,0,1.0,0,4,0,29,0,11.66,4,2,12,cash_at_till
VCH_00933,10,0,1.0,0,3,1,28,0,4.88,3,4,6,merchant_payment
VCH_00934,46,2,0.2143,6,1,2,28,0,3.96,0,3,7,wallet
VCH_00935,10,2,0.2143,12,2,5,3,1,6.48,3,6,14,merchant_payment
VCH_00936,7,2,0.2143,4,2,5,15,0,5.56,0,5,9,wallet
VCH_00937,34,0,1.0,0,0,0,2,1,12.63,1,3,8,cash_out
VCH_00938,37,2,0.2143,9,5,1,1,1,9.72,2,3,9,bank_transfer
VCH_00939,10,0,1.0,1,1,0,15,0,9.68,4,3,7,cash_at_till
VCH_00940,51,2,0.2143,11,1,2,2,1,4.94,3,3,6,merchant_payment
VCH_00941,45,3,0.2143,0,3,1,1,1,3.14,1,2,3,cash_out
VCH_00942,11,4,1.0,0,2,4,2,1,10.47,0,2,6,wallet
VCH_00943,47,1,1.0,1,0,4,29,0,1.08,4,1,8,cash_at_till
VCH_00944,24,3,0.2143,12,0,0,2,1,8.4,2,5,8,bank_transfer
VCH_00945,11,0,1.0,11,4,0,2,1,7.18,2,2,9,bank_transfer
VCH_00946,53,0,1.0,0,2,0,30,0,2.35,0,2,3,wallet
VCH_00947,48,0,1.0,0,3,4,28,0,2.9,3,3,5,merchant_payment
VCH_00948,7,2,0.2143,0,3,0,2,1,5.26,0,1,4,wallet
VCH_00949,24,2,0.2143,9,1,3,28,0,7.55,0,3,11,wallet
VCH_00950,10,0,1.0,6,1,3,1,1,7.21,0,4,9,wallet
VCH_00951,7,2,0.2143,3,4,2,30,0,3.95,1,6,11,cash_out
VCH_00952,16,2,0.2143,3,5,5,3,1,7.56,0,5,8,wallet
VCH_00953,45,0,1.0,0,0,5,2,1,8.64,1,5,5,cash_out
VCH_00954,59,1,1.0,3,4,3,29,0,3.76,2,1,7,bank_transfer
VCH_00955,19,0,1.0,2,4,4,1,1,4.87,1,2,6,cash_out
VCH_00956,38,4,1.0,3,4,3,1,1,5.55,0,1,9,wallet
VCH_00957,4,0,1.0,0,3,3,15,0,3.25,4,2,4,cash_at_till
VCH_00958,45,2,0.2143,0,2,2,16,0,2.8,2,5,4,bank_transfer
VCH_00959,15,1,1.0,10,1,3,1,1,4.7,2,4,9,bank_transfer
VCH_00960,51,0,1.0,2,1,6,3,1,2.92,1,3,2,cash_out
VCH_00961,22,2,0.2143,10,2,6,1,1,9.27,0,3,11,wallet
VCH_00962,48,1,1.0,1,4,0,1,1,11.95,2,2,7,bank_transfer
VCH_00963,39,1,1.0,12,3,1,30,0,5.38,0,6,10,wallet
VCH_00964,34,0,1.0,3,4,6,28,0,4.02,1,1,17,cash_out
VCH_00965,32,0,1.0,4,5,6,3,1,6.72,2,3,7,bank_transfer
VCH_00966,58,0,1.0,2,5,5,28,0,7.71,3,3,7,merchant_payment
VCH_00967,24,1,1.0,13,0,5,1,1,7.9,0,5,8,wallet
VCH_00968,56,1,1.0,13,0,5,15,0,8.95,1,2,10,cash_out
VCH_00969,43,2,0.2143,0,3,1,2,1,4.67,3,6,3,merchant_payment
VCH_00970,53,1,1.0,1,2,0,15,0,8.75,0,3,8,wallet
VCH_00971,46,1,1.0,0,0,1,29,0,2.43,0,2,5,wallet
VCH_00972,20,4,1.0,1,1,2,30,0,8.39,0,3,8,wallet
VCH_00973,11,1,1.0,4,1,0,30,0,10.14,1,2,12,cash_out
VCH_00974,9,3,0.2143,6,5,2,1,1,3.22,2,7,8,bank_transfer
VCH_00975,22,2,0.2143,6,1,1,30,0,6.16,4,1,9,cash_at_till
VCH_00976,47,2,0.2143,0,0,3,1,1,7.83,1,1,6,cash_out
VCH_00977,40,0,1.0,0,0,1,1,1,5.21,4,3,4,cash_at_till
VCH_00978,46,2,0.2143,3,1,2,29,0,2.08,2,2,16,bank_transfer
VCH_00979,52,1,1.0,3,2,0,1,1,2.17,3,5,7,merchant_payment
VCH_00980,42,0,1.0,12,2,1,3,1,11.69,0,1,13,wallet
VCH_00981,5,0,1.0,1,3,6,1,1,18.88,0,1,11,wallet
VCH_00982,15,0,1.0,12,4,4,15,0,4.84,1,2,10,cash_out
VCH_00983,49,1,1.0,0,5,4,3,1,2.3,1,4,4,cash_out
VCH_00984,2,0,1.0,6,0,1,1,1,3.26,4,2,5,cash_at_till
VCH_00985,25,0,1.0,5,1,0,29,0,5.37,1,2,15,cash_out
VCH_00986,49,0,1.0,12,2,4,1,1,5.89,0,3,9,wallet
VCH_00987,39,4,1.0,11,0,2,3,1,1.95,1,2,12,cash_out
VCH_00988,2,2,0.2143,1,0,4,3,1,4.48,2,5,2,bank_transfer
VCH_00989,46,1,1.0,10,1,4,15,0,2.85,0,1,8,wallet
VCH_00990,33,3,0.2143,0,0,2,1,1,3.37,3,4,2,merchant_payment
VCH_00991,23,0,1.0,4,5,2,1,1,3.39,1,1,5,cash_out
VCH_00992,2,1,1.0,0,5,0,3,1,4.1,1,6,5,cash_out
VCH_00993,23,2,0.2143,2,1,1,16,0,2.61,1,4,3,cash_out
VCH_00994,49,4,1.0,0,1,3,29,0,2.32,1,2,4,cash_out
VCH_00995,39,3,0.2143,9,0,5,29,0,6.27,2,2,9,bank_transfer
VCH_00996,44,4,1.0,6,0,5,3,1,12.37,0,2,11,wallet
VCH_00997,30,1,1.0,4,1,1,1,1,6.02,0,3,12,wallet
VCH_00998,29,3,0.2143,0,0,2,30,0,1.75,1,5,4,cash_out
VCH_00999,41,0,1.0,11,3,3,1,1,3.99,0,0,7,wallet
VCH_01000,27,3,0.2143,4,1,6,29,0,3.39,0,2,9,wallet
VCH_01001,2,0,1.0,4,4,4,15,0,16.09,3,5,16,merchant_payment
VCH_01002,46,1,1.0,3,2,3,16,0,3.14,4,1,6,cash_at_till
VCH_01003,47,0,1.0,9,3,2,28,0,14.34,1,6,15,cash_out
VCH_01004,29,2,0.2143,4,2,0,1,1,3.31,2,2,8,bank_transfer
VCH_01005,19,3,0.2143,5,3,5,3,1,13.39,3,2,11,merchant_payment
VCH_01006,33,1,1.0,6,1,3,1,1,2.59,2,3,4,bank_transfer
VCH_01007,42,1,1.0,3,5,2,29,0,8.1,0,2,12,wallet
VCH_01008,49,2,0.2143,2,3,5,28,0,4.29,4,2,6,cash_at_till
VCH_01009,38,0,1.0,2,4,5,29,0,7.07,2,1,7,bank_transfer
VCH_01010,59,3,0.2143,3,4,2,30,0,4.08,4,1,7,cash_at_till
VCH_01011,54,2,0.2143,1,3,1,15,0,2.91,1,2,4,cash_out
VCH_01012,7,0,1.0,1,1,0,1,1,3.26,4,2,2,cash_at_till
VCH_01013,44,0,1.0,6,5,6,2,1,9.57,2,4,8,bank_transfer
VCH_01014,50,0,1.0,12,0,1,1,1,4.71,0,4,8,wallet
VCH_01015,3,1,1.0,9,0,2,30,0,8.6,0,2,10,wallet
VCH_01016,13,0,1.0,2,1,4,29,0,5.1,0,2,9,wallet
VCH_01017,25,4,1.0,7,1,0,29,0,9.17,1,3,11,cash_out
VCH_01018,36,0,1.0,10,0,6,15,0,2.83,0,3,15,wallet
VCH_01019,19,4,1.0,6,5,6,1,1,2.29,1,1,4,cash_out
VCH_01020,52,1,1.0,1,4,0,1,1,3.07,0,4,2,wallet
VCH_01021,57,4,1.0,4,1,5,30,0,4.46,0,6,7,wallet
VCH_01022,7,0,1.0,13,1,0,16,0,3.46,0,5,10,wallet
VCH_01023,1,4,1.0,2,3,2,29,0,3.51,1,2,9,cash_out
VCH_01024,38,1,1.0,0,0,1,1,1,4.99,1,6,4,cash_out
VCH_01025,12,2,0.2143,13,4,3,1,1,1.47,1,3,4,cash_out
VCH_01026,18,2,0.2143,3,2,5,28,0,1.79,1,2,6,cash_out
VCH_01027,23,0,1.0,0,5,0,2,1,5.35,1,0,3,cash_out
VCH_01028,35,2,0.2143,3,5,2,1,1,1.78,2,3,8,bank_transfer
VCH_01029,44,2,0.2143,2,3,1,15,0,3.23,2,1,5,bank_transfer
VCH_01030,28,0,1.0,0,2,3,1,1,9.32,0,1,6,wallet
VCH_01031,4,0,1.0,8,0,4,16,0,2.65,0,4,8,wallet
VCH_01032,51,2,0.2143,4,3,2,1,1,2.72,1,5,5,cash_out
VCH_01033,8,0,1.0,4,2,1,15,0,2.58,1,7,7,cash_out
VCH_01034,21,2,0.2143,4,3,1,1,1,4.64,0,3,6,wallet
VCH_01035,33,1,1.0,2,3,6,2,1,2.47,0,5,1,wallet
VCH_01036,47,1,1.0,0,1,0,16,0,6.9,1,1,8,cash_out
VCH_01037,43,4,1.0,1,2,6,2,1,3.28,0,5,5,wallet
VCH_01038,42,0,1.0,0,1,4,1,1,8.72,1,5,6,cash_out
VCH_01039,16,4,1.0,0,2,3,1,1,5.38,3,3,3,merchant_payment
VCH_01040,45,0,1.0,1,4,1,1,1,5.28,3,5,6,merchant_payment
VCH_01041,18,1,1.0,4,0,0,1,1,7.64,1,3,8,cash_out
VCH_01042,29,4,1.0,10,2,2,16,0,7.81,1,1,10,cash_out
VCH_01043,41,1,1.0,2,5,3,1,1,4.28,3,2,3,merchant_payment
VCH_01044,3,4,1.0,7,5,3,29,0,2.49,4,2,6,cash_at_till
VCH_01045,25,4,1.0,10,1,6,28,0,4.89,2,2,13,bank_transfer
VCH_01046,19,1,1.0,4,0,5,1,1,6.45,4,5,7,cash_at_till
VCH_01047,12,0,1.0,8,1,5,1,1,6.57,3,3,7,merchant_payment
VCH_01048,8,0,1.0,2,3,6,16,0,4.81,2,4,5,bank_transfer
VCH_01049,39,2,0.2143,7,4,2,1,1,8.32,1,3,8,cash_out
VCH_01050,6,2,0.2143,0,3,5,29,0,2.86,3,2,6,merchant_payment
VCH_01051,34,0,1.0,4,1,6,15,0,2.45,1,2,8,cash_out
VCH_01052,41,4,1.0,1,4,0,1,1,5.86,3,2,5,merchant_payment
VCH_01053,23,1,1.0,6,5,3,3,1,15.46,0,5,12,wallet
VCH_01054,38,3,0.2143,6,3,3,1,1,3.55,0,0,6,wallet
VCH_01055,24,1,1.0,0,5,5,1,1,1.81,0,3,1,wallet
VCH_01056,26,0,1.0,7,4,3,28,0,10.43,0,2,12,wallet
VCH_01057,45,0,1.0,0,3,5,30,0,8.16,1,3,14,cash_out
VCH_01058,46,2,0.2143,0,5,3,2,1,2.92,0,3,2,wallet
VCH_01059,21,3,0.2143,3,2,5,2,1,1.31,3,2,3,merchant_payment
VCH_01060,27,0,1.0,11,5,6,30,0,4.4,2,5,8,bank_transfer
VCH_01061,2,2,0.2143,7,5,1,1,1,5.51,1,3,8,cash_out
VCH_01062,41,0,1.0,3,4,0,30,0,2.04,1,1,7,cash_out
VCH_01063,21,4,1.0,9,1,5,28,0,2.89,2,3,10,bank_transfer
VCH_01064,26,4,1.0,8,3,4,3,1,2.19,0,2,8,wallet
VCH_01065,51,2,0.2143,6,1,1,3,1,5.02,0,3,6,wallet
VCH_01066,32,2,0.2143,2,3,5,1,1,4.38,0,1,3,wallet
VCH_01067,1,0,1.0,0,5,1,2,1,1.0,0,2,9,wallet
VCH_01068,24,0,1.0,0,1,0,1,1,4.07,1,4,3,cash_out
VCH_01069,21,2,0.2143,3,2,3,15,0,13.8,1,4,13,cash_out
VCH_01070,38,0,1.0,0,5,4,3,1,8.29,0,2,5,wallet
VCH_01071,25,0,1.0,13,5,1,16,0,5.9,0,7,10,wallet
VCH_01072,37,1,1.0,10,0,6,1,1,7.36,3,2,9,merchant_payment
VCH_01073,1,3,0.2143,0,1,5,1,1,2.25,0,3,3,wallet
VCH_01074,31,4,1.0,3,5,0,2,1,9.65,3,4,14,merchant_payment
VCH_01075,24,1,1.0,10,0,2,3,1,3.07,1,4,6,cash_out
VCH_01076,59,2,0.2143,0,4,0,1,1,2.49,3,3,8,merchant_payment
VCH_01077,47,0,1.0,13,3,6,15,0,6.03,0,3,9,wallet
VCH_01078,16,3,0.2143,1,3,5,15,0,5.98,0,0,6,wallet
VCH_01079,37,0,1.0,4,3,1,29,0,2.98,3,1,10,merchant_payment
VCH_01080,4,3,0.2143,4,5,4,28,0,7.33,2,3,11,bank_transfer
VCH_01081,26,2,0.2143,0,5,3,3,1,7.82,1,2,6,cash_out
VCH_01082,29,0,1.0,2,1,4,29,0,5.16,4,5,5,cash_at_till
VCH_01083,54,4,1.0,12,1,6,2,1,7.59,0,3,10,wallet
VCH_01084,45,0,1.0,1,0,0,1,1,2.01,2,0,3,bank_transfer
VCH_01085,32,0,1.0,1,3,1,15,0,3.0,1,3,4,cash_out
VCH_01086,59,1,1.0,3,0,2,1,1,6.19,4,3,8,cash_at_till
VCH_01087,15,1,1.0,1,3,1,15,0,7.61,2,3,8,bank_transfer
VCH_01088,28,4,1.0,10,1,6,2,1,2.79,1,5,8,cash_out
VCH_01089,18,4,1.0,0,1,3,30,0,7.01,3,0,6,merchant_payment
VCH_01090,17,3,0.2143,11,4,4,1,1,3.15,1,3,6,cash_out
VCH_01091,23,3,0.2143,1,1,0,29,0,5.03,0,4,5,wallet
VCH_01092,48,4,1.0,3,0,6,16,0,2.29,0,2,8,wallet
VCH_01093,22,0,1.0,3,4,0,15,0,9.65,0,3,12,wallet
VCH_01094,43,1,1.0,3,3,6,1,1,4.59,0,2,6,wallet
VCH_01095,0,3,0.2143,0,2,2,29,0,1.76,4,4,3,cash_at_till
VCH_01096,58,2,0.2143,0,4,5,3,1,3.32,1,1,2,cash_out
VCH_01097,11,1,1.0,3,2,5,15,0,8.06,0,3,10,wallet
VCH_01098,50,0,1.0,10,3,4,15,0,2.49,0,4,7,wallet
VCH_01099,43,0,1.0,9,5,5,1,1,1.94,2,4,4,bank_transfer
VCH_01100,2,3,0.2143,3,4,2,29,0,6.44,1,4,11,cash_out
VCH_01101,14,2,0.2143,1,2,5,28,0,1.92,1,7,3,cash_out
VCH_01102,48,1,1.0,10,3,6,29,0,5.61,3,1,9,merchant_payment
VCH_01103,9,1,1.0,2,4,3,30,0,4.44,3,3,7,merchant_payment
VCH_01104,37,3,0.2143,0,4,3,1,1,3.49,0,4,4,wallet
VCH_01105,6,0,1.0,6,4,6,2,1,3.04,2,2,5,bank_transfer
VCH_01106,19,0,1.0,6,0,0,2,1,5.74,1,3,9,cash_out
VCH_01107,6,1,1.0,4,3,3,2,1,4.44,1,4,9,cash_out
VCH_01108,38,0,1.0,5,0,6,2,1,7.32,2,0,9,bank_transfer
VCH_01109,29,1,1.0,0,3,1,1,1,3.11,1,1,5,cash_out
VCH_01110,22,0,1.0,6,3,6,30,0,2.29,0,2,8,wallet
VCH_01111,4,1,1.0,2,3,6,16,0,2.87,1,2,4,cash_out
VCH_01112,13,3,0.2143,0,4,4,28,0,7.59,1,4,12,cash_out
VCH_01113,8,1,1.0,2,4,3,1,1,4.86,4,3,3,cash_at_till
VCH_01114,36,0,1.0,13,5,5,16,0,4.15,1,3,8,cash_out
VCH_01115,17,3,0.2143,4,1,2,3,1,6.69,1,3,7,cash_out
VCH_01116,21,2,0.2143,0,3,0,2,1,3.21,1,4,4,cash_out
VCH_01117,45,1,1.0,2,4,6,1,1,6.65,1,4,5,cash_out
VCH_01118,31,0,1.0,3,1,4,1,1,2.64,3,2,6,merchant_payment
VCH_01119,53,0,1.0,10,0,6,2,1,5.04,0,2,10,wallet
VCH_01120,9,2,0.2143,1,2,5,29,0,8.0,0,3,9,wallet
VCH_01121,0,0,1.0,13,2,0,1,1,6.67,1,3,7,cash_out
VCH_01122,35,1,1.0,6,0,5,1,1,2.1,0,3,6,wallet
VCH_01123,56,0,1.0,13,4,1,30,0,4.28,0,3,14,wallet
VCH_01124,9,0,1.0,7,3,0,2,1,7.44,3,2,8,merchant_payment
VCH_01125,49,2,0.2143,2,3,3,28,0,3.43,3,5,6,merchant_payment
VCH_01126,33,2,0.2143,12,0,0,1,1,5.98,1,7,12,cash_out
VCH_01127,49,0,1.0,0,0,5,1,1,7.24,0,5,6,wallet
VCH_01128,26,2,0.2143,7,2,0,29,0,4.29,3,2,16,merchant_payment
VCH_01129,39,2,0.2143,3,5,6,1,1,7.74,1,3,7,cash_out
VCH_01130,3,1,1.0,8,0,5,30,0,2.36,4,4,11,cash_at_till
VCH_01131,41,2,0.2143,6,3,0,3,1,1.49,2,7,5,bank_transfer
VCH_01132,38,2,0.2143,2,0,1,1,1,11.6,0,4,8,wallet
VCH_01133,9,4,1.0,0,0,0,2,1,5.43,3,2,3,merchant_payment
VCH_01134,42,0,1.0,3,1,0,1,1,1.89,3,3,4,merchant_payment
VCH_01135,39,1,1.0,6,5,6,29,0,6.74,0,2,14,wallet
VCH_01136,34,4,1.0,10,5,4,29,0,3.13,1,4,8,cash_out
VCH_01137,35,0,1.0,6,4,6,2,1,9.98,0,2,11,wallet
VCH_01138,58,2,0.2143,13,5,2,1,1,4.9,1,1,6,cash_out
VCH_01139,52,0,1.0,1,5,5,30,0,2.3,1,2,14,cash_out
VCH_01140,16,2,0.2143,10,0,6,1,1,3.34,4,2,5,cash_at_till
VCH_01141,20,2,0.2143,0,3,4,1,1,6.01,4,2,4,cash_at_till
VCH_01142,48,4,1.0,3,5,3,30,0,5.35,0,0,10,wallet
VCH_01143,21,1,1.0,1,4,0,3,1,10.95,4,3,7,cash_at_till
VCH_01144,17,3,0.2143,7,4,1,2,1,2.83,4,3,7,cash_at_till
VCH_01145,39,2,0.2143,9,4,4,29,0,4.56,0,2,14,wallet
VCH_01146,32,3,0.2143,7,0,4,15,0,5.21,1,5,9,cash_out
VCH_01147,4,0,1.0,4,1,2,16,0,4.84,0,5,9,wallet
VCH_01148,7,3,0.2143,13,4,0,1,1,7.76,0,3,8,wallet
VCH_01149,21,2,0.2143,3,5,3,1,1,4.79,2,4,8,bank_transfer
VCH_01150,43,0,1.0,0,5,1,28,0,3.8,2,2,6,bank_transfer
VCH_01151,10,4,1.0,6,0,1,30,0,6.21,2,3,9,bank_transfer
VCH_01152,1,0,1.0,1,1,2,2,1,5.16,4,4,3,cash_at_till
VCH_01153,52,0,1.0,10,1,1,16,0,1.68,3,2,8,merchant_payment
VCH_01154,18,0,1.0,7,1,4,29,0,6.47,1,2,11,cash_out
VCH_01155,55,0,1.0,8,4,3,1,1,5.24,4,1,7,cash_at_till
VCH_01156,3,2,0.2143,1,3,4,2,1,3.25,3,3,3,merchant_payment
VCH_01157,23,0,1.0,6,0,3,1,1,8.73,4,2,8,cash_at_till
VCH_01158,59,2,0.2143,2,2,4,3,1,4.44,3,2,3,merchant_payment
VCH_01159,19,3,0.2143,2,3,6,2,1,7.46,2,3,6,bank_transfer
VCH_01160,45,3,0.2143,2,4,0,1,1,5.06,1,5,5,cash_out
VCH_01161,48,1,1.0,0,4,6,30,0,8.78,2,2,9,bank_transfer
VCH_01162,46,0,1.0,0,2,0,1,1,6.53,0,4,5,wallet
VCH_01163,48,0,1.0,5,0,6,1,1,7.85,0,2,8,wallet
VCH_01164,5,0,1.0,10,5,2,3,1,2.19,0,3,5,wallet
VCH_01165,54,0,1.0,5,3,3,29,0,6.19,2,3,11,bank_transfer
VCH_01166,37,0,1.0,13,2,6,3,1,4.77,1,2,8,cash_out
VCH_01167,40,2,0.2143,13,1,0,3,1,2.69,1,2,10,cash_out
VCH_01168,54,2,0.2143,10,0,2,30,0,2.22,2,4,6,bank_transfer
VCH_01169,21,1,1.0,0,4,5,2,1,3.19,3,2,3,merchant_payment
VCH_01170,59,4,1.0,8,2,6,29,0,2.3,2,5,10,bank_transfer
VCH_01171,48,2,0.2143,10,5,0,1,1,1.5,2,2,6,bank_transfer
VCH_01172,3,0,1.0,0,0,6,1,1,5.09,0,2,3,wallet
VCH_01173,46,0,1.0,6,1,3,1,1,8.09,0,2,11,wallet
VCH_01174,44,0,1.0,5,0,2,29,0,3.86,2,4,7,bank_transfer
VCH_01175,49,0,1.0,13,4,0,15,0,5.39,0,2,8,wallet
VCH_01176,39,0,1.0,2,4,4,29,0,7.44,3,3,6,merchant_payment
VCH_01177,24,0,1.0,8,0,4,30,0,5.01,4,4,10,cash_at_till
VCH_01178,18,0,1.0,10,2,3,28,0,5.07,1,5,8,cash_out
VCH_01179,24,0,1.0,2,2,3,15,0,2.68,0,3,5,wallet
VCH_01180,50,1,1.0,1,2,4,16,0,8.56,0,2,9,wallet
VCH_01181,23,4,1.0,12,3,3,3,1,3.79,4,2,8,cash_at_till
VCH_01182,25,1,1.0,13,5,3,1,1,7.05,0,3,7,wallet
VCH_01183,50,1,1.0,5,0,1,1,1,1.99,2,6,9,bank_transfer
VCH_01184,42,2,0.2143,4,2,0,2,1,8.19,3,6,10,merchant_payment
VCH_01185,50,1,1.0,12,3,3,30,0,7.01,0,2,9,wallet
VCH_01186,54,0,1.0,10,2,2,3,1,4.66,1,2,9,cash_out
VCH_01187,5,0,1.0,1,4,1,15,0,5.22,0,6,7,wallet
VCH_01188,47,0,1.0,0,3,0,1,1,5.71,0,3,7,wallet
VCH_01189,59,1,1.0,10,3,3,30,0,9.25,3,1,14,merchant_payment
VCH_01190,15,0,1.0,0,1,3,29,0,3.13,0,5,4,wallet
VCH_01191,37,1,1.0,0,4,1,30,0,2.81,3,3,7,merchant_payment
VCH_01192,43,2,0.2143,8,4,0,1,1,1.16,0,2,3,wallet
VCH_01193,17,4,1.0,12,3,3,1,1,2.66,1,1,5,cash_out
VCH_01194,35,0,1.0,0,4,6,28,0,3.85,2,3,7,bank_transfer
VCH_01195,8,4,1.0,2,5,3,3,1,2.9,1,2,2,cash_out
VCH_01196,31,0,1.0,6,2,4,1,1,3.42,2,0,10,bank_transfer
VCH_01197,26,2,0.2143,4,2,4,1,1,1.21,3,1,7,merchant_payment
VCH_01198,50,3,0.2143,0,5,4,1,1,8.94,2,3,10,bank_transfer
VCH_01199,30,0,1.0,6,5,4,2,1,14.04,0,3,14,wallet
VCH_01200,23,3,0.2143,3,0,6,1,1,6.71,4,1,9,cash_at_till
VCH_01201,8,0,1.0,0,0,4,29,0,4.86,1,4,5,cash_out
VCH_01202,5,0,1.0,12,2,0,1,1,2.15,1,5,7,cash_out
VCH_01203,15,1,1.0,10,4,5,28,0,12.47,1,3,19,cash_out
VCH_01204,32,0,1.0,4,4,0,15,0,10.83,1,5,12,cash_out
VCH_01205,46,3,0.2143,7,0,4,1,1,6.03,1,3,7,cash_out
VCH_01206,28,2,0.2143,13,0,3,28,0,10.53,4,3,12,cash_at_till
VCH_01207,22,3,0.2143,0,1,0,1,1,4.65,0,2,9,wallet
VCH_01208,12,1,1.0,4,3,2,1,1,2.12,3,2,5,merchant_payment
VCH_01209,23,0,1.0,5,1,6,1,1,1.37,3,2,5,merchant_payment
VCH_01210,6,4,1.0,2,3,3,15,0,3.64,3,2,10,merchant_payment
VCH_01211,56,4,1.0,5,0,5,1,1,4.71,0,2,8,wallet
VCH_01212,41,0,1.0,9,5,2,2,1,2.66,1,5,6,cash_out
VCH_01213,3,1,1.0,13,0,4,28,0,8.79,4,3,10,cash_at_till
VCH_01214,49,3,0.2143,2,0,6,1,1,6.25,0,4,6,wallet
VCH_01215,44,1,1.0,8,5,4,2,1,2.44,0,4,4,wallet
VCH_01216,49,0,1.0,9,1,2,15,0,6.29,2,3,17,bank_transfer
VCH_01217,1,2,0.2143,2,1,6,2,1,3.72,0,4,3,wallet
VCH_01218,46,0,1.0,7,0,4,28,0,4.53,4,2,13,cash_at_till
VCH_01219,54,0,1.0,6,5,0,16,0,12.43,1,3,14,cash_out
VCH_01220,12,0,1.0,7,0,3,1,1,4.92,0,3,6,wallet
VCH_01221,44,0,1.0,2,5,1,2,1,2.24,0,5,12,wallet
VCH_01222,59,0,1.0,1,3,0,29,0,1.92,2,4,5,bank_transfer
VCH_01223,28,3,0.2143,5,5,4,2,1,6.71,1,1,9,cash_out
VCH_01224,24,2,0.2143,0,3,0,2,1,6.88,1,2,4,cash_out
VCH_01225,42,0,1.0,2,3,5,16,0,5.32,1,4,8,cash_out
VCH_01226,14,2,0.2143,6,2,4,16,0,10.9,1,2,11,cash_out
VCH_01227,26,0,1.0,9,2,6,28,0,5.6,3,8,10,merchant_payment
VCH_01228,38,0,1.0,1,4,0,16,0,3.73,0,2,6,wallet
VCH_01229,42,3,0.2143,0,3,2,1,1,17.66,0,3,12,wallet
VCH_01230,28,4,1.0,5,1,6,30,0,2.27,0,4,7,wallet
VCH_01231,16,0,1.0,3,5,1,1,1,11.45,4,3,10,cash_at_till
VCH_01232,56,1,1.0,12,1,4,2,1,2.59,2,3,4,bank_transfer
VCH_01233,32,0,1.0,10,5,3,30,0,2.45,2,2,6,bank_transfer
VCH_01234,38,0,1.0,6,5,3,28,0,4.87,0,3,10,wallet
VCH_01235,19,3,0.2143,0,4,0,28,0,7.22,0,3,11,wallet
VCH_01236,8,1,1.0,3,2,6,30,0,3.98,0,5,13,wallet
VCH_01237,54,2,0.2143,0,1,2,1,1,1.49,0,2,2,wallet
VCH_01238,10,0,1.0,2,1,5,16,0,11.25,1,3,13,cash_out
VCH_01239,21,3,0.2143,10,5,4,1,1,2.28,2,3,6,bank_transfer
VCH_01240,40,0,1.0,6,0,5,3,1,4.8,4,3,7,cash_at_till
VCH_01241,13,2,0.2143,0,0,2,2,1,5.18,3,5,6,merchant_payment
VCH_01242,40,4,1.0,3,3,1,1,1,2.41,0,1,5,wallet
VCH_01243,49,3,0.2143,7,4,0,30,0,3.69,3,1,7,merchant_payment
VCH_01244,14,1,1.0,10,5,3,2,1,10.51,0,2,10,wallet
VCH_01245,13,0,1.0,1,5,3,15,0,3.94,0,5,8,wallet
VCH_01246,7,4,1.0,0,2,4,29,0,2.65,0,2,3,wallet
VCH_01247,36,0,1.0,13,0,3,1,1,2.86,4,6,5,cash_at_till
VCH_01248,35,0,1.0,0,0,6,28,0,6.67,0,5,8,wallet
VCH_01249,4,0,1.0,0,1,2,1,1,4.15,0,3,4,wallet
VCH_01250,35,0,1.0,10,3,3,30,0,3.37,2,5,10,bank_transfer
VCH_01251,4,1,1.0,7,5,6,29,0,4.65,0,5,8,wallet
VCH_01252,38,0,1.0,10,5,0,1,1,2.61,0,2,9,wallet
VCH_01253,41,2,0.2143,1,5,6,15,0,3.35,0,3,5,wallet
VCH_01254,58,0,1.0,10,4,3,3,1,1.96,2,5,4,bank_transfer
VCH_01255,40,4,1.0,0,1,2,28,0,2.29,3,5,4,merchant_payment
VCH_01256,1,2,0.2143,0,4,1,29,0,3.96,1,0,4,cash_out
VCH_01257,12,0,1.0,13,0,3,29,0,3.09,0,3,7,wallet
VCH_01258,31,2,0.2143,0,5,2,1,1,5.73,3,2,15,merchant_payment
VCH_01259,19,2,0.2143,8,1,1,1,1,7.26,4,1,10,cash_at_till
VCH_01260,8,1,1.0,9,5,4,1,1,4.97,3,3,7,merchant_payment
VCH_01261,27,2,0.2143,11,0,6,2,1,4.71,1,4,8,cash_out
VCH_01262,12,2,0.2143,0,4,1,2,1,4.95,0,0,5,wallet
VCH_01263,43,0,1.0,12,2,4,3,1,1.49,0,1,12,wallet
VCH_01264,16,1,1.0,1,4,1,15,0,1.39,3,1,5,merchant_payment
VCH_01265,9,0,1.0,3,5,4,28,0,3.8,2,2,10,bank_transfer
VCH_01266,40,0,1.0,13,3,4,2,1,6.38,3,2,6,merchant_payment
VCH_01267,33,2,0.2143,4,3,0,2,1,9.61,3,5,9,merchant_payment
VCH_01268,24,3,0.2143,1,1,3,2,1,1.42,4,2,2,cash_at_till
VCH_01269,22,0,1.0,0,4,0,3,1,1.55,0,4,2,wallet
VCH_01270,57,2,0.2143,0,1,3,15,0,3.25,2,4,4,bank_transfer
VCH_01271,35,0,1.0,3,3,2,28,0,8.27,1,4,12,cash_out
VCH_01272,10,4,1.0,4,5,1,1,1,3.56,1,1,13,cash_out
VCH_01273,49,0,1.0,1,0,3,1,1,7.88,1,3,5,cash_out
VCH_01274,59,2,0.2143,1,2,4,1,1,24.22,2,1,15,bank_transfer
VCH_01275,0,2,0.2143,6,5,4,2,1,7.84,1,5,10,cash_out
VCH_01276,13,3,0.2143,0,2,6,30,0,1.15,3,5,4,merchant_payment
VCH_01277,18,4,1.0,0,3,3,1,1,5.79,0,2,5,wallet
VCH_01278,14,1,1.0,0,1,3,1,1,6.72,2,6,5,bank_transfer
VCH_01279,45,1,1.0,0,3,1,1,1,3.58,2,3,4,bank_transfer
VCH_01280,24,1,1.0,4,2,3,30,0,3.49,1,2,7,cash_out
VCH_01281,36,0,1.0,9,3,6,16,0,5.03,2,3,9,bank_transfer
VCH_01282,8,1,1.0,6,1,5,1,1,1.63,2,5,5,bank_transfer
VCH_01283,51,0,1.0,4,1,4,3,1,5.75,0,4,7,wallet
VCH_01284,20,1,1.0,3,3,4,28,0,5.71,2,3,8,bank_transfer
VCH_01285,15,1,1.0,12,5,6,28,0,2.18,2,3,7,bank_transfer
VCH_01286,35,0,1.0,0,0,1,29,0,1.31,0,4,3,wallet
VCH_01287,1,1,1.0,8,0,1,15,0,6.69,4,2,9,cash_at_till
VCH_01288,1,0,1.0,0,0,6,29,0,3.71,4,4,8,cash_at_till
VCH_01289,3,0,1.0,10,4,1,3,1,1.51,1,4,6,cash_out
VCH_01290,45,4,1.0,1,0,0,30,0,6.54,0,4,7,wallet
VCH_01291,39,4,1.0,3,3,5,29,0,3.96,3,2,8,merchant_payment
VCH_01292,39,1,1.0,13,1,6,1,1,9.36,4,2,8,cash_at_till
VCH_01293,55,0,1.0,12,5,0,1,1,4.53,1,7,7,cash_out
VCH_01294,19,4,1.0,9,0,3,3,1,5.46,1,3,11,cash_out
VCH_01295,36,0,1.0,6,4,5,29,0,8.25,4,2,10,cash_at_till
VCH_01296,44,0,1.0,0,0,3,29,0,11.67,3,2,9,merchant_payment
VCH_01297,0,0,1.0,5,3,4,16,0,7.48,4,0,9,cash_at_till
VCH_01298,10,4,1.0,6,0,0,1,1,3.38,0,0,6,wallet
VCH_01299,25,2,0.2143,12,3,5,29,0,3.53,3,4,8,merchant_payment
VCH_01300,47,1,1.0,3,3,0,1,1,2.11,3,6,8,merchant_payment
VCH_01301,35,2,0.2143,0,5,2,2,1,5.36,0,2,6,wallet
VCH_01302,30,2,0.2143,6,4,2,30,0,3.52,3,3,9,merchant_payment
VCH_01303,30,2,0.2143,4,2,4,29,0,3.26,0,1,7,wallet
VCH_01304,0,0,1.0,0,0,2,1,1,4.68,0,2,6,wallet
VCH_01305,40,0,1.0,0,1,1,1,1,2.09,1,3,4,cash_out
VCH_01306,12,4,1.0,2,4,3,2,1,1.0,2,3,2,bank_transfer
VCH_01307,35,0,1.0,10,2,0,28,0,5.69,1,1,12,cash_out
VCH_01308,28,0,1.0,6,0,2,2,1,10.36,0,3,10,wallet
VCH_01309,44,1,1.0,2,4,5,29,0,10.07,2,4,8,bank_transfer
VCH_01310,39,2,0.2143,3,2,1,30,0,3.11,0,2,13,wallet
VCH_01311,41,4,1.0,6,4,3,15,0,2.71,0,4,7,wallet
VCH_01312,34,2,0.2143,12,5,5,28,0,4.14,2,3,10,bank_transfer
VCH_01313,17,2,0.2143,5,5,3,1,1,6.65,0,5,7,wallet
VCH_01314,25,3,0.2143,3,5,5,15,0,1.52,2,0,10,bank_transfer
VCH_01315,45,2,0.2143,4,5,4,1,1,3.45,0,4,11,wallet
VCH_01316,45,4,1.0,4,2,0,16,0,2.24,0,3,9,wallet
VCH_01317,2,1,1.0,3,2,2,28,0,3.89,1,2,8,cash_out
VCH_01318,34,4,1.0,0,4,0,2,1,8.7,0,4,6,wallet
VCH_01319,43,1,1.0,4,5,0,30,0,2.07,1,4,6,cash_out
VCH_01320,33,4,1.0,13,1,6,15,0,8.58,0,1,13,wallet
VCH_01321,42,2,0.2143,11,3,0,28,0,2.76,2,4,14,bank_transfer
VCH_01322,48,2,0.2143,0,2,1,30,0,1.71,0,5,3,wallet
VCH_01323,6,0,1.0,0,2,6,1,1,6.07,1,3,6,cash_out
VCH_01324,58,2,0.2143,5,1,5,30,0,6.56,1,3,9,cash_out
VCH_01325,16,0,1.0,12,1,1,1,1,2.59,3,3,4,merchant_payment
VCH_01326,46,2,0.2143,1,0,4,29,0,12.95,0,3,10,wallet
VCH_01327,19,2,0.2143,1,2,5,30,0,6.88,1,5,6,cash_out
VCH_01328,42,0,1.0,11,1,6,1,1,11.71,0,6,14,wallet
VCH_01329,48,4,1.0,12,1,5,1,1,7.61,0,4,7,wallet
VCH_01330,8,0,1.0,4,3,1,1,1,3.4,0,2,9,wallet
VCH_01331,47,4,1.0,3,4,6,1,1,7.76,1,3,8,cash_out
VCH_01332,57,0,1.0,3,4,5,28,0,3.45,1,3,8,cash_out
VCH_01333,2,2,0.2143,4,4,4,29,0,14.11,2,1,13,bank_transfer
VCH_01334,43,0,1.0,9,4,3,2,1,13.98,0,4,13,wallet
VCH_01335,45,0,1.0,1,3,5,1,1,7.05,3,1,4,merchant_payment
VCH_01336,14,0,1.0,13,5,6,30,0,2.3,2,1,7,bank_transfer
VCH_01337,12,2,0.2143,5,1,0,1,1,3.06,3,1,8,merchant_payment
VCH_01338,55,3,0.2143,3,5,0,2,1,4.8,0,3,9,wallet
VCH_01339,47,4,1.0,0,2,0,16,0,2.76,3,1,12,merchant_payment
VCH_01340,46,0,1.0,4,5,5,2,1,7.69,0,0,10,wallet
VCH_01341,2,2,0.2143,2,0,6,2,1,2.4,3,2,3,merchant_payment
VCH_01342,17,2,0.2143,0,0,3,2,1,1.43,2,3,2,bank_transfer
VCH_01343,55,1,1.0,11,4,4,28,0,10.63,3,4,12,merchant_payment
VCH_01344,26,2,0.2143,9,1,0,1,1,8.3,0,5,8,wallet
VCH_01345,6,2,0.2143,0,4,5,1,1,3.39,3,4,2,merchant_payment
VCH_01346,18,2,0.2143,6,4,2,30,0,4.26,0,4,7,wallet
VCH_01347,45,1,1.0,13,0,0,3,1,5.82,0,3,6,wallet
VCH_01348,47,4,1.0,0,3,2,3,1,4.59,1,5,4,cash_out
VCH_01349,5,3,0.2143,12,1,6,29,0,3.55,1,4,7,cash_out
VCH_01350,56,3,0.2143,3,1,1,30,0,1.84,3,1,10,merchant_payment
VCH_01351,54,0,1.0,4,3,1,15,0,6.52,0,1,10,wallet
VCH_01352,48,2,0.2143,3,0,5,29,0,6.07,2,6,11,bank_transfer
VCH_01353,51,1,1.0,12,4,6,1,1,1.34,2,1,6,bank_transfer
VCH_01354,36,2,0.2143,12,2,0,29,0,31.95,1,2,29,cash_out
VCH_01355,19,1,1.0,3,2,2,1,1,2.58,0,0,5,wallet
VCH_01356,17,0,1.0,13,4,5,1,1,3.07,1,2,10,cash_out
VCH_01357,21,0,1.0,2,1,3,2,1,4.99,1,4,9,cash_out
VCH_01358,29,1,1.0,2,4,4,30,0,1.59,3,3,3,merchant_payment
VCH_01359,55,2,0.2143,12,4,2,16,0,5.72,0,3,12,wallet
VCH_01360,6,1,1.0,4,3,1,1,1,7.64,3,2,9,merchant_payment
VCH_01361,35,2,0.2143,3,0,4,28,0,5.31,2,2,8,bank_transfer
VCH_01362,33,1,1.0,0,5,1,15,0,7.0,1,3,7,cash_out
VCH_01363,48,4,1.0,0,1,4,1,1,1.96,3,3,5,merchant_payment
VCH_01364,19,2,0.2143,5,3,3,29,0,5.8,1,1,9,cash_out
VCH_01365,50,1,1.0,4,2,1,2,1,2.82,0,4,5,wallet
VCH_01366,15,3,0.2143,1,2,4,16,0,2.58,1,6,5,cash_out
VCH_01367,27,0,1.0,8,0,5,3,1,5.9,0,5,7,wallet
VCH_01368,9,3,0.2143,2,4,4,1,1,6.63,2,2,6,bank_transfer
VCH_01369,57,2,0.2143,10,5,6,30,0,2.73,3,2,7,merchant_payment
VCH_01370,12,2,0.2143,1,5,3,1,1,2.48,2,2,3,bank_transfer
VCH_01371,18,0,1.0,0,5,1,15,0,4.52,1,4,5,cash_out
VCH_01372,32,2,0.2143,6,3,3,2,1,10.5,4,0,9,cash_at_till
VCH_01373,3,4,1.0,3,3,3,1,1,3.18,3,5,4,merchant_payment
VCH_01374,52,0,1.0,2,3,3,2,1,4.8,1,4,4,cash_out
VCH_01375,39,1,1.0,0,2,2,16,0,2.34,2,8,4,bank_transfer
VCH_01376,22,2,0.2143,5,4,3,30,0,4.78,1,2,9,cash_out
VCH_01377,20,3,0.2143,9,1,4,30,0,6.31,4,4,13,cash_at_till
VCH_01378,40,0,1.0,0,0,3,15,0,6.23,3,6,6,merchant_payment
VCH_01379,47,2,0.2143,11,1,3,1,1,6.09,0,2,7,wallet
VCH_01380,3,2,0.2143,1,5,0,2,1,2.12,0,2,1,wallet
VCH_01381,32,1,1.0,3,4,4,30,0,5.07,0,3,9,wallet
VCH_01382,55,0,1.0,1,0,1,28,0,3.25,3,2,5,merchant_payment
VCH_01383,43,0,1.0,6,5,6,2,1,3.85,1,1,7,cash_out
VCH_01384,53,1,1.0,3,0,2,1,1,3.76,0,1,6,wallet
VCH_01385,57,1,1.0,7,5,0,1,1,8.64,0,2,9,wallet
VCH_01386,9,0,1.0,3,3,1,28,0,4.52,2,3,9,bank_transfer
VCH_01387,41,2,0.2143,7,3,6,3,1,4.2,2,4,6,bank_transfer
VCH_01388,42,0,1.0,7,0,2,30,0,2.41,1,4,6,cash_out
VCH_01389,44,3,0.2143,3,3,3,1,1,7.64,1,2,9,cash_out
VCH_01390,12,1,1.0,2,0,0,28,0,7.3,1,5,8,cash_out
VCH_01391,59,0,1.0,0,5,0,30,0,5.89,0,1,6,wallet
VCH_01392,33,2,0.2143,0,1,6,1,1,2.13,3,2,5,merchant_payment
VCH_01393,57,0,1.0,1,4,2,15,0,9.64,0,9,8,wallet
VCH_01394,6,0,1.0,4,4,4,2,1,1.32,0,3,8,wallet
VCH_01395,21,0,1.0,13,0,2,2,1,4.58,0,2,5,wallet
VCH_01396,17,0,1.0,12,1,4,2,1,3.02,0,5,5,wallet
VCH_01397,32,2,0.2143,3,0,6,28,0,7.89,0,3,10,wallet
VCH_01398,59,2,0.2143,4,4,2,3,1,2.4,1,4,4,cash_out
VCH_01399,15,1,1.0,13,1,2,1,1,2.86,1,3,8,cash_out
VCH_01400,48,0,1.0,0,4,1,1,1,5.61,4,2,4,cash_at_till
VCH_01401,12,0,1.0,1,3,5,30,0,1.12,3,1,5,merchant_payment
VCH_01402,52,2,0.2143,7,0,4,28,0,4.23,1,2,13,cash_out
VCH_01403,5,2,0.2143,1,5,1,1,1,7.52,1,1,5,cash_out
VCH_01404,31,0,1.0,2,1,4,2,1,3.0,1,6,2,cash_out
VCH_01405,33,4,1.0,3,4,4,30,0,3.53,0,3,8,wallet
VCH_01406,45,3,0.2143,3,1,4,2,1,3.96,1,2,5,cash_out
VCH_01407,3,4,1.0,5,0,5,3,1,3.08,0,3,5,wallet
VCH_01408,52,2,0.2143,12,4,2,30,0,3.66,1,2,7,cash_out
VCH_01409,58,3,0.2143,9,4,4,28,0,8.38,0,2,10,wallet
VCH_01410,43,4,1.0,4,5,4,1,1,2.66,1,6,6,cash_out
VCH_01411,37,2,0.2143,5,2,5,1,1,8.56,3,4,8,merchant_payment
VCH_01412,27,2,0.2143,1,5,4,28,0,3.09,0,6,7,wallet
VCH_01413,31,0,1.0,3,1,1,28,0,4.87,0,3,8,wallet
VCH_01414,27,0,1.0,9,2,2,16,0,7.71,4,4,11,cash_at_till
VCH_01415,55,0,1.0,10,5,3,15,0,3.05,3,3,8,merchant_payment
VCH_01416,13,2,0.2143,9,3,5,30,0,2.91,0,4,8,wallet
VCH_01417,7,3,0.2143,4,4,0,1,1,6.28,1,4,7,cash_out
VCH_01418,55,2,0.2143,2,4,2,1,1,2.28,1,5,2,cash_out
VCH_01419,47,2,0.2143,1,5,2,3,1,1.0,4,3,5,cash_at_till
VCH_01420,21,1,1.0,1,2,5,30,0,5.33,0,5,5,wallet
VCH_01421,19,0,1.0,2,2,4,30,0,8.73,0,4,9,wallet
VCH_01422,47,0,1.0,6,3,1,3,1,3.46,0,4,8,wallet
VCH_01423,34,0,1.0,1,5,1,29,0,12.23,2,3,9,bank_transfer
VCH_01424,14,0,1.0,13,0,5,30,0,5.07,3,4,9,merchant_payment
VCH_01425,5,2,0.2143,6,0,3,15,0,6.06,1,4,8,cash_out
VCH_01426,52,0,1.0,10,5,1,30,0,8.26,0,4,11,wallet
VCH_01427,52,4,1.0,4,5,2,28,0,1.78,3,1,6,merchant_payment
VCH_01428,7,3,0.2143,8,3,1,2,1,9.55,0,2,9,wallet
VCH_01429,1,1,1.0,1,5,3,1,1,3.79,1,4,10,cash_out
VCH_01430,1,0,1.0,7,0,2,1,1,7.61,4,1,8,cash_at_till
VCH_01431,41,1,1.0,2,0,2,28,0,4.78,2,7,9,bank_transfer
VCH_01432,7,0,1.0,6,0,3,1,1,3.79,3,4,5,merchant_payment
VCH_01433,2,0,1.0,0,0,4,3,1,5.44,0,3,3,wallet
VCH_01434,21,1,1.0,12,3,2,2,1,2.59,1,4,6,cash_out
VCH_01435,34,2,0.2143,2,1,3,2,1,5.41,1,4,6,cash_out
VCH_01436,57,2,0.2143,5,5,6,1,1,6.05,0,2,10,wallet
VCH_01437,25,0,1.0,0,0,6,3,1,7.13,3,1,4,merchant_payment
VCH_01438,17,2,0.2143,12,5,6,1,1,4.03,1,2,7,cash_out
VCH_01439,8,2,0.2143,4,2,0,2,1,4.34,0,4,9,wallet
VCH_01440,1,0,1.0,2,2,0,28,0,6.2,0,5,6,wallet
VCH_01441,51,1,1.0,0,4,5,1,1,3.38,1,1,2,cash_out
VCH_01442,47,2,0.2143,10,0,4,15,0,2.92,1,3,12,cash_out
VCH_01443,50,1,1.0,6,4,1,28,0,1.43,1,1,8,cash_out
VCH_01444,19,0,1.0,1,1,3,1,1,4.76,4,2,3,cash_at_till
VCH_01445,14,2,0.2143,10,3,4,1,1,6.61,0,7,13,wallet
VCH_01446,1,1,1.0,7,3,4,1,1,5.23,3,0,6,merchant_payment
VCH_01447,22,2,0.2143,8,4,6,1,1,5.77,2,2,6,bank_transfer
VCH_01448,57,4,1.0,0,2,2,15,0,3.62,0,5,5,wallet
VCH_01449,47,0,1.0,6,1,1,1,1,2.86,1,3,7,cash_out
VCH_01450,47,3,0.2143,5,4,2,1,1,3.88,1,6,6,cash_out
VCH_01451,14,0,1.0,0,1,3,1,1,6.83,3,6,9,merchant_payment
VCH_01452,4,1,1.0,5,0,3,29,0,4.25,4,4,18,cash_at_till
VCH_01453,39,0,1.0,0,4,4,28,0,3.15,2,2,5,bank_transfer
VCH_01454,11,0,1.0,11,0,5,29,0,2.96,2,7,8,bank_transfer
VCH_01455,4,2,0.2143,0,4,3,3,1,4.56,0,3,4,wallet
VCH_01456,27,0,1.0,0,0,5,28,0,4.81,1,4,7,cash_out
VCH_01457,33,2,0.2143,0,0,2,3,1,5.04,2,2,4,bank_transfer
VCH_01458,53,0,1.0,0,4,2,1,1,5.7,1,2,3,cash_out
VCH_01459,2,1,1.0,2,1,3,1,1,2.0,3,0,2,merchant_payment
VCH_01460,50,0,1.0,2,2,2,15,0,3.22,2,5,4,bank_transfer
VCH_01461,6,0,1.0,1,0,3,28,0,4.43,0,1,5,wallet
VCH_01462,7,2,0.2143,1,4,4,1,1,3.59,0,4,5,wallet
VCH_01463,28,4,1.0,3,4,5,15,0,4.41,0,2,8,wallet
VCH_01464,0,0,1.0,0,1,3,3,1,5.12,1,3,4,cash_out
VCH_01465,7,1,1.0,12,0,2,3,1,2.53,2,4,6,bank_transfer
VCH_01466,50,2,0.2143,13,4,0,1,1,5.97,2,1,12,bank_transfer
VCH_01467,5,2,0.2143,0,5,6,29,0,2.02,3,5,4,merchant_payment
VCH_01468,23,2,0.2143,7,3,5,16,0,2.72,2,1,11,bank_transfer
VCH_01469,1,0,1.0,3,1,0,1,1,8.51,1,2,10,cash_out
VCH_01470,3,4,1.0,6,4,4,1,1,3.38,1,8,6,cash_out
VCH_01471,48,1,1.0,5,0,6,1,1,4.19,1,2,6,cash_out
VCH_01472,13,4,1.0,9,1,6,2,1,1.5,2,5,4,bank_transfer
VCH_01473,39,2,0.2143,6,3,5,1,1,8.79,2,3,10,bank_transfer
VCH_01474,6,0,1.0,2,0,3,30,0,5.98,1,3,6,cash_out
VCH_01475,33,4,1.0,9,0,3,1,1,8.14,0,3,8,wallet
VCH_01476,16,0,1.0,12,2,0,1,1,7.86,2,6,8,bank_transfer
VCH_01477,18,2,0.2143,5,1,2,29,0,6.18,0,5,8,wallet
VCH_01478,29,0,1.0,9,0,6,2,1,5.59,1,0,7,cash_out
VCH_01479,18,2,0.2143,1,1,6,3,1,4.5,3,3,6,merchant_payment
VCH_01480,26,1,1.0,3,3,4,1,1,2.42,0,3,5,wallet
VCH_01481,37,3,0.2143,8,5,5,30,0,1.09,1,1,14,cash_out
VCH_01482,55,3,0.2143,13,2,2,3,1,3.61,3,5,5,merchant_payment
VCH_01483,4,1,1.0,2,4,5,1,1,2.48,1,3,3,cash_out
VCH_01484,46,3,0.2143,3,3,1,28,0,3.51,1,2,7,cash_out
VCH_01485,56,4,1.0,2,3,6,29,0,2.52,4,1,9,cash_at_till
VCH_01486,34,1,1.0,2,0,1,1,1,7.64,1,3,4,cash_out
VCH_01487,57,0,1.0,2,3,0,1,1,6.47,1,4,4,cash_out
VCH_01488,4,0,1.0,5,1,1,16,0,3.13,3,2,6,merchant_payment
VCH_01489,45,1,1.0,0,0,0,2,1,10.44,0,6,10,wallet
VCH_01490,31,0,1.0,4,1,2,28,0,9.7,2,5,11,bank_transfer
VCH_01491,45,2,0.2143,0,3,2,16,0,7.74,0,1,8,wallet
VCH_01492,6,2,0.2143,5,0,6,15,0,3.36,2,3,13,bank_transfer
VCH_01493,7,4,1.0,2,5,6,2,1,2.05,0,3,2,wallet
VCH_01494,5,0,1.0,3,0,1,16,0,6.24,0,2,9,wallet
VCH_01495,53,2,0.2143,8,1,4,29,0,1.78,3,2,6,merchant_payment
VCH_01496,18,1,1.0,5,0,2,3,1,10.21,4,1,15,cash_at_till
VCH_01497,52,1,1.0,0,1,3,15,0,3.87,4,2,7,cash_at_till
VCH_01498,43,0,1.0,2,3,6,28,0,2.42,0,4,3,wallet
VCH_01499,4,3,0.2143,4,0,3,2,1,5.81,3,5,8,merchant_payment
VCH_01500,38,0,1.0,12,1,0,2,1,6.02,3,0,10,merchant_payment
VCH_01501,17,4,1.0,0,0,5,2,1,14.56,1,1,10,cash_out
VCH_01502,3,2,0.2143,1,3,0,1,1,6.26,2,1,5,bank_transfer
VCH_01503,54,3,0.2143,9,5,5,3,1,13.29,3,2,12,merchant_payment
VCH_01504,20,0,1.0,0,0,2,15,0,9.27,3,7,8,merchant_payment
VCH_01505,36,0,1.0,0,0,5,30,0,6.02,1,2,5,cash_out
VCH_01506,42,3,0.2143,0,3,2,28,0,4.24,1,3,4,cash_out
VCH_01507,20,1,1.0,12,2,5,2,1,3.91,1,1,6,cash_out
VCH_01508,56,0,1.0,1,1,6,1,1,3.6,3,3,5,merchant_payment
VCH_01509,41,1,1.0,1,2,3,1,1,3.38,0,1,2,wallet
VCH_01510,29,1,1.0,5,2,0,2,1,3.33,0,5,8,wallet
VCH_01511,54,0,1.0,10,2,5,15,0,3.27,1,3,7,cash_out
VCH_01512,3,3,0.2143,9,3,2,1,1,6.2,1,6,9,cash_out
VCH_01513,49,0,1.0,3,4,3,1,1,12.3,0,6,13,wallet
VCH_01514,43,2,0.2143,6,0,3,2,1,3.97,3,1,8,merchant_payment
VCH_01515,3,3,0.2143,0,0,0,1,1,4.98,1,3,3,cash_out
VCH_01516,25,0,1.0,12,1,0,30,0,8.58,3,5,10,merchant_payment
VCH_01517,5,4,1.0,1,3,6,1,1,6.78,0,6,5,wallet
VCH_01518,15,2,0.2143,3,2,5,1,1,7.66,2,5,7,bank_transfer
VCH_01519,39,2,0.2143,9,3,1,2,1,3.42,4,3,6,cash_at_till
VCH_01520,57,2,0.2143,2,3,2,1,1,3.39,4,8,2,cash_at_till
VCH_01521,9,3,0.2143,1,5,3,1,1,7.07,1,2,7,cash_out
VCH_01522,11,2,0.2143,0,5,4,1,1,6.03,1,2,5,cash_out
VCH_01523,43,1,1.0,13,2,0,28,0,2.83,4,5,10,cash_at_till
VCH_01524,10,4,1.0,2,0,2,1,1,13.21,3,1,9,merchant_payment
VCH_01525,51,0,1.0,13,3,4,1,1,6.01,0,2,7,wallet
VCH_01526,41,1,1.0,6,4,2,30,0,3.59,0,3,10,wallet
VCH_01527,37,1,1.0,1,5,0,30,0,6.18,3,4,6,merchant_payment
VCH_01528,38,0,1.0,1,5,4,29,0,5.01,4,2,6,cash_at_till
VCH_01529,19,4,1.0,0,0,5,3,1,7.83,3,3,8,merchant_payment
VCH_01530,40,2,0.2143,1,3,0,1,1,6.69,1,6,6,cash_out
VCH_01531,41,0,1.0,0,0,3,30,0,1.82,0,3,6,wallet
VCH_01532,1,1,1.0,7,2,6,30,0,1.65,4,6,6,cash_at_till
VCH_01533,25,2,0.2143,12,1,0,2,1,5.8,0,5,8,wallet
VCH_01534,33,0,1.0,7,0,4,15,0,6.47,3,3,9,merchant_payment
VCH_01535,6,0,1.0,2,1,3,28,0,7.64,0,2,10,wallet
VCH_01536,11,0,1.0,9,2,4,15,0,6.82,0,2,10,wallet
VCH_01537,53,1,1.0,13,5,4,3,1,4.95,1,4,7,cash_out
VCH_01538,41,1,1.0,10,4,4,3,1,2.66,3,3,7,merchant_payment
VCH_01539,51,2,0.2143,0,0,3,16,0,4.26,0,4,5,wallet
VCH_01540,52,0,1.0,8,4,2,3,1,5.17,1,4,6,cash_out
VCH_01541,28,0,1.0,4,0,3,1,1,6.2,2,1,8,bank_transfer
VCH_01542,55,1,1.0,13,2,6,3,1,9.73,4,2,9,cash_at_till
VCH_01543,6,2,0.2143,10,4,4,3,1,9.31,3,2,10,merchant_payment
VCH_01544,37,0,1.0,5,2,4,30,0,2.8,0,0,8,wallet
VCH_01545,5,3,0.2143,1,3,2,15,0,2.84,3,2,4,merchant_payment
VCH_01546,1,2,0.2143,12,0,3,30,0,1.75,1,2,6,cash_out
VCH_01547,4,2,0.2143,2,4,0,1,1,7.29,0,3,4,wallet
VCH_01548,7,4,1.0,3,3,3,15,0,2.46,0,1,8,wallet
VCH_01549,12,0,1.0,5,0,4,15,0,3.46,1,4,13,cash_out
VCH_01550,59,1,1.0,0,3,5,15,0,1.16,1,7,3,cash_out
VCH_01551,58,2,0.2143,0,4,0,1,1,3.35,3,0,3,merchant_payment
VCH_01552,7,3,0.2143,1,1,3,1,1,5.44,4,1,4,cash_at_till
VCH_01553,13,1,1.0,11,1,6,15,0,1.64,1,3,11,cash_out
VCH_01554,44,2,0.2143,13,2,5,29,0,2.48,0,2,11,wallet
VCH_01555,53,0,1.0,0,5,1,1,1,11.77,0,4,9,wallet
VCH_01556,19,3,0.2143,3,3,4,30,0,4.57,0,2,8,wallet
VCH_01557,55,2,0.2143,2,4,0,1,1,2.37,0,4,1,wallet
VCH_01558,58,0,1.0,1,5,6,2,1,6.56,1,3,5,cash_out
VCH_01559,8,2,0.2143,13,1,6,28,0,7.14,1,1,9,cash_out
VCH_01560,28,2,0.2143,1,5,5,15,0,10.27,0,5,8,wallet
VCH_01561,40,3,0.2143,13,0,5,1,1,7.43,1,2,7,cash_out
VCH_01562,33,0,1.0,13,0,6,29,0,5.18,1,2,13,cash_out
VCH_01563,14,0,1.0,8,5,1,1,1,1.75,4,3,4,cash_at_till
VCH_01564,48,3,0.2143,1,0,5,3,1,2.82,1,2,5,cash_out
VCH_01565,5,3,0.2143,13,4,2,1,1,7.16,0,3,7,wallet
VCH_01566,1,2,0.2143,13,4,5,1,1,6.95,0,3,14,wallet
VCH_01567,2,3,0.2143,11,2,1,1,1,3.97,0,1,8,wallet
VCH_01568,58,4,1.0,6,3,1,2,1,2.85,0,3,7,wallet
VCH_01569,21,0,1.0,1,1,0,30,0,1.63,1,4,3,cash_out
VCH_01570,12,4,1.0,0,0,2,28,0,5.2,0,5,5,wallet
VCH_01571,37,2,0.2143,6,1,0,28,0,5.01,0,2,8,wallet
VCH_01572,57,3,0.2143,0,1,2,28,0,2.32,1,2,3,cash_out
VCH_01573,5,0,1.0,3,2,1,30,0,6.34,1,1,9,cash_out
VCH_01574,57,0,1.0,6,4,3,16,0,4.41,3,0,8,merchant_payment
VCH_01575,0,0,1.0,0,3,3,1,1,12.48,1,3,8,cash_out
VCH_01576,2,2,0.2143,6,3,0,3,1,1.89,0,2,6,wallet
VCH_01577,53,2,0.2143,5,4,0,3,1,3.91,2,2,5,bank_transfer
VCH_01578,44,2,0.2143,10,5,2,28,0,2.0,0,4,7,wallet
VCH_01579,28,1,1.0,0,0,1,29,0,6.44,1,1,7,cash_out
VCH_01580,13,0,1.0,8,5,3,3,1,5.98,1,3,9,cash_out
VCH_01581,42,0,1.0,9,1,3,1,1,7.39,0,5,13,wallet
VCH_01582,26,0,1.0,2,2,2,15,0,4.03,3,3,4,merchant_payment
VCH_01583,11,0,1.0,0,5,5,1,1,7.5,1,6,8,cash_out
VCH_01584,33,2,0.2143,0,4,5,1,1,3.03,0,3,5,wallet
VCH_01585,34,0,1.0,3,2,4,16,0,4.28,1,4,8,cash_out
VCH_01586,36,2,0.2143,6,1,2,2,1,6.44,1,1,8,cash_out
VCH_01587,30,2,0.2143,9,3,1,1,1,4.37,1,3,5,cash_out
VCH_01588,10,0,1.0,12,1,6,1,1,3.85,3,3,6,merchant_payment
VCH_01589,19,0,1.0,2,3,3,30,0,3.92,1,1,6,cash_out
VCH_01590,44,2,0.2143,13,2,2,15,0,4.23,2,3,8,bank_transfer
VCH_01591,58,2,0.2143,13,5,2,3,1,2.56,2,2,9,bank_transfer
VCH_01592,25,1,1.0,5,0,0,28,0,13.95,1,5,13,cash_out
VCH_01593,26,0,1.0,0,4,6,29,0,2.39,2,5,3,bank_transfer
VCH_01594,50,0,1.0,3,5,3,28,0,4.54,0,2,11,wallet
VCH_01595,51,0,1.0,3,5,4,15,0,4.18,3,3,10,merchant_payment
VCH_01596,3,2,0.2143,11,4,1,15,0,11.43,1,1,12,cash_out
VCH_01597,37,1,1.0,8,4,1,1,1,2.21,3,2,5,merchant_payment
VCH_01598,55,0,1.0,0,2,5,15,0,3.6,1,6,4,cash_out
VCH_01599,32,2,0.2143,9,0,0,28,0,1.9,1,1,6,cash_out
VCH_01600,52,4,1.0,0,4,5,28,0,8.64,3,7,8,merchant_payment
VCH_01601,18,2,0.2143,10,3,1,15,0,2.07,0,1,8,wallet
VCH_01602,16,0,1.0,1,3,0,1,1,7.45,0,3,11,wallet
VCH_01603,21,3,0.2143,0,4,2,15,0,3.57,4,5,6,cash_at_till
VCH_01604,22,2,0.2143,3,2,5,1,1,4.22,0,4,7,wallet
VCH_01605,26,2,0.2143,1,2,6,16,0,4.59,1,0,5,cash_out
VCH_01606,32,2,0.2143,6,0,1,28,0,4.79,2,0,10,bank_transfer
VCH_01607,2,1,1.0,0,0,0,2,1,5.08,0,2,5,wallet
VCH_01608,18,1,1.0,12,4,4,30,0,6.69,4,3,10,cash_at_till
VCH_01609,50,1,1.0,5,0,6,2,1,9.49,3,0,9,merchant_payment
VCH_01610,50,0,1.0,1,3,6,3,1,3.98,2,2,7,bank_transfer
VCH_01611,56,2,0.2143,6,5,3,16,0,5.05,4,2,8,cash_at_till
VCH_01612,46,0,1.0,9,0,6,1,1,4.06,1,4,6,cash_out
VCH_01613,28,1,1.0,10,0,2,28,0,6.16,3,6,10,merchant_payment
VCH_01614,15,1,1.0,3,1,3,2,1,3.39,1,6,6,cash_out
VCH_01615,34,2,0.2143,1,2,0,2,1,1.71,1,4,4,cash_out
VCH_01616,51,3,0.2143,3,1,3,1,1,9.24,0,0,11,wallet
VCH_01617,20,1,1.0,1,0,4,2,1,1.91,1,3,5,cash_out
VCH_01618,44,3,0.2143,10,2,2,30,0,4.26,1,2,12,cash_out
VCH_01619,28,2,0.2143,7,0,2,1,1,2.48,1,1,4,cash_out
VCH_01620,46,3,0.2143,1,4,5,29,0,4.44,1,0,5,cash_out
VCH_01621,55,0,1.0,11,1,2,1,1,4.16,3,0,6,merchant_payment
VCH_01622,8,0,1.0,4,0,4,29,0,2.21,0,1,12,wallet
VCH_01623,26,0,1.0,5,1,4,3,1,1.2,0,3,5,wallet
VCH_01624,10,0,1.0,4,5,0,29,0,4.41,0,2,8,wallet
VCH_01625,53,0,1.0,0,5,2,1,1,1.79,1,3,1,cash_out
VCH_01626,34,0,1.0,13,0,6,30,0,1.77,2,2,12,bank_transfer
VCH_01627,45,0,1.0,5,0,4,28,0,5.44,0,4,9,wallet
VCH_01628,13,0,1.0,12,0,5,30,0,7.41,3,0,10,merchant_payment
VCH_01629,28,3,0.2143,0,0,2,2,1,4.31,3,2,3,merchant_payment
VCH_01630,20,0,1.0,1,2,2,29,0,6.47,0,1,8,wallet
VCH_01631,48,3,0.2143,1,0,4,28,0,9.37,0,3,9,wallet
VCH_01632,57,3,0.2143,6,1,0,15,0,1.41,0,3,7,wallet
VCH_01633,45,1,1.0,3,5,5,29,0,2.24,0,3,9,wallet
VCH_01634,28,2,0.2143,6,1,3,2,1,10.58,0,1,10,wallet
VCH_01635,8,0,1.0,4,2,5,2,1,2.64,0,3,6,wallet
VCH_01636,17,0,1.0,0,3,6,30,0,2.73,1,5,4,cash_out
VCH_01637,54,0,1.0,7,3,5,29,0,4.77,1,3,10,cash_out
VCH_01638,35,2,0.2143,3,4,2,2,1,4.8,3,4,7,merchant_payment
VCH_01639,30,3,0.2143,8,0,5,1,1,2.65,2,3,6,bank_transfer
VCH_01640,50,1,1.0,0,1,1,1,1,5.11,1,5,4,cash_out
VCH_01641,43,2,0.2143,2,4,0,30,0,24.64,4,2,20,cash_at_till
VCH_01642,8,4,1.0,11,0,3,2,1,3.37,1,3,7,cash_out
VCH_01643,14,2,0.2143,2,0,2,28,0,2.07,0,2,6,wallet
VCH_01644,36,1,1.0,0,3,4,28,0,3.47,2,3,4,bank_transfer
VCH_01645,52,2,0.2143,1,1,5,29,0,3.56,4,2,5,cash_at_till
VCH_01646,38,3,0.2143,0,5,0,16,0,7.56,0,3,6,wallet
VCH_01647,20,2,0.2143,2,1,6,30,0,1.98,1,6,3,cash_out
VCH_01648,35,4,1.0,10,3,1,29,0,5.59,3,3,9,merchant_payment
VCH_01649,32,0,1.0,11,4,0,1,1,3.43,1,2,5,cash_out
VCH_01650,27,0,1.0,4,1,2,15,0,5.5,1,7,9,cash_out
VCH_01651,51,0,1.0,3,2,3,3,1,3.1,1,1,5,cash_out
VCH_01652,1,2,0.2143,10,4,4,1,1,5.13,2,1,6,bank_transfer
VCH_01653,43,3,0.2143,12,4,1,3,1,4.31,2,3,6,bank_transfer
VCH_01654,54,2,0.2143,11,0,5,16,0,3.12,0,1,10,wallet
VCH_01655,34,2,0.2143,2,1,2,30,0,5.94,0,3,9,wallet
VCH_01656,11,0,1.0,3,1,4,30,0,5.95,0,2,11,wallet
VCH_01657,17,1,1.0,11,2,0,15,0,5.91,3,4,10,merchant_payment
VCH_01658,33,2,0.2143,12,2,2,2,1,2.49,4,4,5,cash_at_till
VCH_01659,57,2,0.2143,9,5,6,15,0,7.12,1,4,10,cash_out
VCH_01660,47,0,1.0,0,4,4,2,1,2.83,2,1,5,bank_transfer
VCH_01661,33,1,1.0,3,4,2,2,1,9.15,0,2,9,wallet
VCH_01662,35,0,1.0,1,2,3,29,0,11.51,3,8,9,merchant_payment
VCH_01663,23,4,1.0,0,3,5,1,1,5.01,4,2,5,cash_at_till
VCH_01664,43,0,1.0,1,4,2,2,1,2.15,0,3,2,wallet
VCH_01665,16,0,1.0,0,3,1,2,1,4.98,0,3,5,wallet
VCH_01666,0,1,1.0,8,0,6,1,1,13.06,3,3,11,merchant_payment
VCH_01667,40,4,1.0,3,2,2,15,0,10.98,0,4,14,wallet
VCH_01668,26,3,0.2143,0,3,3,28,0,2.32,1,7,3,cash_out
VCH_01669,26,2,0.2143,12,1,2,3,1,3.73,1,1,12,cash_out
VCH_01670,47,1,1.0,5,4,0,2,1,2.17,1,3,6,cash_out
VCH_01671,54,2,0.2143,5,4,5,28,0,4.55,0,5,11,wallet
VCH_01672,38,0,1.0,0,4,0,2,1,6.1,0,4,5,wallet
VCH_01673,17,0,1.0,6,5,5,3,1,12.86,4,3,12,cash_at_till
VCH_01674,33,4,1.0,9,5,4,2,1,4.55,0,4,7,wallet
VCH_01675,42,4,1.0,4,5,0,30,0,14.6,2,2,15,bank_transfer
VCH_01676,19,1,1.0,7,3,3,30,0,7.66,0,3,14,wallet
VCH_01677,37,4,1.0,10,2,1,3,1,2.16,1,2,5,cash_out
VCH_01678,13,0,1.0,4,2,5,1,1,4.27,0,1,9,wallet
VCH_01679,14,2,0.2143,3,2,0,3,1,8.6,1,3,10,cash_out
VCH_01680,58,0,1.0,1,3,0,1,1,12.31,1,2,11,cash_out
VCH_01681,5,2,0.2143,2,4,4,3,1,3.82,4,5,2,cash_at_till
VCH_01682,43,0,1.0,12,2,4,28,0,1.02,0,7,10,wallet
VCH_01683,22,4,1.0,12,4,6,29,0,3.31,0,5,7,wallet
VCH_01684,14,3,0.2143,8,2,0,1,1,1.85,3,0,5,merchant_payment
VCH_01685,1,0,1.0,9,4,2,3,1,5.87,1,2,10,cash_out
VCH_01686,24,3,0.2143,1,5,2,1,1,9.97,0,1,7,wallet
VCH_01687,23,0,1.0,2,4,3,28,0,3.35,1,3,4,cash_out
VCH_01688,26,2,0.2143,12,5,2,1,1,7.83,1,2,9,cash_out
VCH_01689,54,1,1.0,2,0,5,2,1,6.27,0,2,6,wallet
VCH_01690,58,0,1.0,8,4,3,29,0,1.27,1,3,6,cash_out
VCH_01691,13,1,1.0,12,2,2,1,1,5.48,1,5,10,cash_out
VCH_01692,39,2,0.2143,8,0,6,29,0,1.96,4,3,9,cash_at_till
VCH_01693,59,0,1.0,9,1,6,29,0,8.02,1,3,13,cash_out
VCH_01694,8,0,1.0,6,3,0,16,0,3.46,0,2,7,wallet
VCH_01695,15,1,1.0,0,5,2,29,0,3.65,3,3,5,merchant_payment
VCH_01696,52,1,1.0,5,5,1,15,0,4.18,3,4,7,merchant_payment
VCH_01697,46,2,0.2143,4,2,2,30,0,4.93,1,3,8,cash_out
VCH_01698,17,4,1.0,2,5,2,3,1,9.66,1,4,6,cash_out
VCH_01699,36,3,0.2143,0,1,1,1,1,2.14,3,4,3,merchant_payment
VCH_01700,3,1,1.0,12,5,3,2,1,3.63,4,1,6,cash_at_till
VCH_01701,10,2,0.2143,13,1,4,3,1,17.79,3,5,17,merchant_payment
VCH_01702,18,1,1.0,6,3,6,28,0,6.74,2,3,10,bank_transfer
VCH_01703,42,2,0.2143,7,1,4,30,0,5.39,2,4,16,bank_transfer
VCH_01704,59,4,1.0,0,0,3,29,0,13.87,3,2,12,merchant_payment
VCH_01705,56,1,1.0,4,0,5,30,0,5.64,3,3,10,merchant_payment
VCH_01706,16,1,1.0,6,1,3,1,1,6.87,2,2,7,bank_transfer
VCH_01707,55,1,1.0,13,2,1,30,0,7.44,0,4,10,wallet
VCH_01708,55,0,1.0,0,5,0,1,1,2.59,1,5,3,cash_out
VCH_01709,11,2,0.2143,0,5,4,1,1,9.63,1,3,6,cash_out
VCH_01710,39,2,0.2143,12,4,0,28,0,2.69,1,0,7,cash_out
VCH_01711,51,0,1.0,5,5,2,1,1,15.07,2,1,13,bank_transfer
VCH_01712,56,0,1.0,9,3,3,1,1,11.26,1,3,10,cash_out
VCH_01713,14,0,1.0,0,1,5,30,0,11.45,1,6,10,cash_out
VCH_01714,46,2,0.2143,0,1,1,2,1,6.25,1,2,4,cash_out
VCH_01715,38,0,1.0,0,1,2,1,1,2.79,3,3,4,merchant_payment
VCH_01716,29,3,0.2143,2,4,3,29,0,7.6,1,3,6,cash_out
VCH_01717,2,0,1.0,12,4,0,2,1,1.37,4,1,7,cash_at_till
VCH_01718,5,0,1.0,0,3,6,1,1,4.49,2,2,3,bank_transfer
VCH_01719,3,3,0.2143,2,5,6,29,0,5.13,3,6,6,merchant_payment
VCH_01720,54,0,1.0,0,0,1,1,1,6.93,4,5,6,cash_at_till
VCH_01721,51,4,1.0,6,4,1,3,1,8.61,0,3,11,wallet
VCH_01722,56,0,1.0,3,3,5,30,0,4.74,3,1,8,merchant_payment
VCH_01723,55,0,1.0,2,1,2,1,1,3.86,3,5,3,merchant_payment
VCH_01724,40,0,1.0,3,4,3,30,0,4.87,3,3,8,merchant_payment
VCH_01725,35,2,0.2143,11,0,2,28,0,4.54,1,4,10,cash_out
VCH_01726,42,3,0.2143,6,0,6,1,1,2.3,4,5,9,cash_at_till
VCH_01727,45,2,0.2143,0,0,3,16,0,3.05,2,1,4,bank_transfer
VCH_01728,41,1,1.0,2,1,1,1,1,9.67,2,5,7,bank_transfer
VCH_01729,24,0,1.0,3,2,3,2,1,6.0,4,4,7,cash_at_till
VCH_01730,20,0,1.0,1,5,4,30,0,2.32,1,4,4,cash_out
VCH_01731,55,2,0.2143,13,3,6,16,0,4.44,3,2,9,merchant_payment
VCH_01732,38,2,0.2143,4,5,6,1,1,1.95,4,6,4,cash_at_till
VCH_01733,50,0,1.0,3,5,6,1,1,6.41,1,2,8,cash_out
VCH_01734,56,0,1.0,5,5,1,15,0,4.94,1,3,8,cash_out
VCH_01735,32,0,1.0,5,2,6,2,1,1.64,1,8,9,cash_out
VCH_01736,19,0,1.0,0,5,1,1,1,5.5,3,4,4,merchant_payment
VCH_01737,20,0,1.0,0,5,3,1,1,2.6,4,6,6,cash_at_till
VCH_01738,38,1,1.0,6,3,1,1,1,6.37,3,1,8,merchant_payment
VCH_01739,31,1,1.0,1,0,4,1,1,4.78,0,3,4,wallet
VCH_01740,41,2,0.2143,3,3,2,2,1,3.04,4,1,8,cash_at_till
VCH_01741,43,0,1.0,4,1,1,30,0,2.58,4,3,7,cash_at_till
VCH_01742,33,4,1.0,8,3,4,1,1,7.4,4,4,10,cash_at_till
VCH_01743,50,2,0.2143,9,5,0,30,0,9.17,1,3,10,cash_out
VCH_01744,25,2,0.2143,5,0,2,29,0,4.65,1,1,8,cash_out
VCH_01745,30,0,1.0,12,3,2,2,1,8.71,0,3,10,wallet
VCH_01746,9,3,0.2143,8,5,4,30,0,9.02,0,3,19,wallet
VCH_01747,19,4,1.0,6,4,5,15,0,5.21,1,2,10,cash_out
VCH_01748,21,3,0.2143,11,1,4,30,0,3.84,0,4,7,wallet
VCH_01749,28,2,0.2143,0,1,4,28,0,4.01,0,4,7,wallet
VCH_01750,6,3,0.2143,0,2,4,16,0,5.06,2,4,5,bank_transfer
VCH_01751,10,2,0.2143,5,4,1,1,1,6.37,3,3,7,merchant_payment
VCH_01752,11,2,0.2143,13,3,3,1,1,3.87,0,1,5,wallet
VCH_01753,44,2,0.2143,7,1,2,3,1,3.83,3,0,8,merchant_payment
VCH_01754,55,1,1.0,3,0,4,28,0,5.38,3,5,14,merchant_payment
VCH_01755,38,1,1.0,1,5,4,16,0,5.29,2,3,8,bank_transfer
VCH_01756,22,2,0.2143,0,0,6,1,1,5.41,4,3,3,cash_at_till
VCH_01757,22,0,1.0,0,0,1,29,0,6.13,0,0,7,wallet
VCH_01758,28,2,0.2143,4,5,4,28,0,4.36,2,3,7,bank_transfer
VCH_01759,34,4,1.0,1,2,3,3,1,6.02,2,5,4,bank_transfer
VCH_01760,25,2,0.2143,7,0,3,1,1,6.52,4,6,7,cash_at_till
VCH_01761,1,4,1.0,1,4,2,30,0,3.05,3,2,5,merchant_payment
VCH_01762,45,2,0.2143,4,0,4,29,0,18.45,0,4,16,wallet
VCH_01763,2,4,1.0,10,2,0,1,1,3.34,0,6,7,wallet
VCH_01764,37,1,1.0,5,3,2,15,0,5.99,4,2,10,cash_at_till
VCH_01765,50,4,1.0,3,0,6,1,1,4.46,1,3,7,cash_out
VCH_01766,12,0,1.0,3,3,4,3,1,3.86,0,3,6,wallet
VCH_01767,27,4,1.0,0,2,6,29,0,9.83,0,2,11,wallet
VCH_01768,11,0,1.0,6,0,0,3,1,2.41,1,1,4,cash_out
VCH_01769,44,1,1.0,1,1,5,15,0,4.85,4,3,7,cash_at_till
VCH_01770,45,1,1.0,0,4,3,1,1,5.81,0,1,3,wallet
VCH_01771,29,2,0.2143,0,4,0,1,1,3.24,0,1,2,wallet
VCH_01772,47,0,1.0,0,3,1,1,1,7.26,1,2,8,cash_out
VCH_01773,23,0,1.0,5,3,1,30,0,4.35,0,3,10,wallet
VCH_01774,51,1,1.0,0,2,4,1,1,2.03,4,3,2,cash_at_till
VCH_01775,43,0,1.0,4,4,2,28,0,3.89,0,3,9,wallet
VCH_01776,47,4,1.0,12,2,6,29,0,4.48,1,2,8,cash_out
VCH_01777,2,0,1.0,7,3,4,1,1,7.27,1,2,9,cash_out
VCH_01778,55,3,0.2143,3,1,2,2,1,4.55,0,7,9,wallet
VCH_01779,36,2,0.2143,3,0,2,3,1,9.61,1,1,15,cash_out
VCH_01780,4,2,0.2143,4,2,0,1,1,2.5,4,1,5,cash_at_till
VCH_01781,30,4,1.0,12,0,1,2,1,3.03,1,4,5,cash_out
VCH_01782,54,1,1.0,1,0,4,1,1,8.93,0,1,6,wallet
VCH_01783,17,2,0.2143,9,1,4,1,1,3.28,0,1,6,wallet
VCH_01784,40,3,0.2143,0,1,4,16,0,5.71,3,3,5,merchant_payment
VCH_01785,1,2,0.2143,12,2,1,2,1,5.69,1,2,6,cash_out
VCH_01786,18,1,1.0,2,1,5,1,1,25.44,1,1,15,cash_out
VCH_01787,56,1,1.0,6,3,6,15,0,5.28,0,3,8,wallet
VCH_01788,42,1,1.0,5,2,2,16,0,3.87,1,1,14,cash_out
VCH_01789,32,4,1.0,12,4,3,3,1,3.96,0,8,5,wallet
VCH_01790,20,0,1.0,1,2,1,28,0,4.99,0,2,7,wallet
VCH_01791,3,1,1.0,5,1,5,1,1,6.75,4,2,9,cash_at_till
VCH_01792,51,2,0.2143,0,1,4,28,0,6.89,2,5,6,bank_transfer
VCH_01793,24,1,1.0,11,0,4,15,0,2.42,1,3,9,cash_out
VCH_01794,32,2,0.2143,9,4,3,1,1,8.5,1,3,9,cash_out
VCH_01795,52,1,1.0,0,5,4,1,1,1.51,3,3,3,merchant_payment
VCH_01796,58,2,0.2143,12,4,5,1,1,5.12,1,3,10,cash_out
VCH_01797,34,4,1.0,0,4,4,29,0,6.45,3,3,9,merchant_payment
VCH_01798,40,3,0.2143,4,2,5,3,1,1.21,1,2,5,cash_out
VCH_01799,49,1,1.0,5,0,6,29,0,4.0,1,2,7,cash_out
VCH_01800,9,3,0.2143,0,5,0,16,0,7.46,2,2,7,bank_transfer
VCH_01801,57,1,1.0,12,3,1,1,1,4.54,0,0,13,wallet
VCH_01802,50,1,1.0,1,0,3,28,0,4.27,4,2,6,cash_at_till
VCH_01803,58,0,1.0,5,5,2,28,0,7.73,1,3,16,cash_out
VCH_01804,43,4,1.0,1,4,2,1,1,4.28,0,3,2,wallet
VCH_01805,58,0,1.0,0,5,1,1,1,5.74,1,2,3,cash_out
VCH_01806,33,1,1.0,0,0,0,29,0,4.64,0,5,7,wallet
VCH_01807,18,3,0.2143,2,5,0,1,1,5.3,3,4,6,merchant_payment
VCH_01808,56,0,1.0,0,1,6,1,1,1.9,2,4,1,bank_transfer
VCH_01809,31,4,1.0,2,1,5,1,1,1.71,3,2,2,merchant_payment
VCH_01810,53,2,0.2143,0,2,1,2,1,5.12,4,3,7,cash_at_till
VCH_01811,9,0,1.0,10,4,3,15,0,15.72,0,7,16,wallet
VCH_01812,36,2,0.2143,2,4,2,1,1,4.22,0,3,4,wallet
VCH_01813,45,2,0.2143,6,2,2,28,0,3.74,0,1,8,wallet
VCH_01814,19,0,1.0,11,4,6,15,0,27.27,2,3,21,bank_transfer
VCH_01815,45,2,0.2143,2,1,4,2,1,2.19,1,3,1,cash_out
VCH_01816,2,0,1.0,9,2,3,1,1,5.97,0,2,7,wallet
VCH_01817,25,0,1.0,6,4,3,1,1,6.18,2,4,7,bank_transfer
VCH_01818,9,0,1.0,0,3,1,2,1,9.85,0,4,7,wallet
VCH_01819,17,1,1.0,4,1,1,28,0,8.13,3,3,10,merchant_payment
VCH_01820,49,4,1.0,6,3,4,1,1,8.49,1,2,9,cash_out
VCH_01821,14,2,0.2143,2,4,5,1,1,7.86,0,3,9,wallet
VCH_01822,20,4,1.0,4,0,6,30,0,2.94,1,4,10,cash_out
VCH_01823,12,0,1.0,9,4,3,30,0,10.46,3,5,11,merchant_payment
VCH_01824,39,2,0.2143,5,3,6,29,0,4.33,2,1,9,bank_transfer
VCH_01825,32,1,1.0,8,2,3,1,1,4.4,0,1,7,wallet
VCH_01826,49,0,1.0,2,4,1,1,1,6.9,0,5,4,wallet
VCH_01827,10,0,1.0,10,3,2,15,0,1.65,1,6,6,cash_out
VCH_01828,37,0,1.0,5,0,6,2,1,3.08,0,2,5,wallet
VCH_01829,25,0,1.0,4,4,1,1,1,3.27,0,2,5,wallet
VCH_01830,44,1,1.0,5,0,0,3,1,4.35,4,3,6,cash_at_till
VCH_01831,36,2,0.2143,6,5,5,1,1,7.47,4,1,7,cash_at_till
VCH_01832,4,0,1.0,10,1,2,15,0,4.6,0,4,14,wallet
VCH_01833,36,2,0.2143,10,5,1,2,1,5.9,0,0,7,wallet
VCH_01834,56,0,1.0,5,4,1,29,0,2.58,1,4,9,cash_out
VCH_01835,40,0,1.0,0,5,4,29,0,8.15,0,6,12,wallet
VCH_01836,34,1,1.0,2,3,3,30,0,5.56,3,4,11,merchant_payment
VCH_01837,50,0,1.0,7,1,0,3,1,7.08,0,3,8,wallet
VCH_01838,12,1,1.0,12,4,2,1,1,14.23,2,5,13,bank_transfer
VCH_01839,45,1,1.0,12,3,3,29,0,24.04,0,3,20,wallet
VCH_01840,32,3,0.2143,1,3,4,2,1,10.02,0,3,6,wallet
VCH_01841,22,4,1.0,0,1,0,30,0,10.06,4,6,11,cash_at_till
VCH_01842,53,1,1.0,4,1,4,3,1,3.89,1,3,7,cash_out
VCH_01843,52,0,1.0,8,2,1,3,1,4.02,1,2,8,cash_out
VCH_01844,36,0,1.0,10,0,4,1,1,3.32,2,0,9,bank_transfer
VCH_01845,24,1,1.0,3,2,5,30,0,7.98,4,2,10,cash_at_till
VCH_01846,10,3,0.2143,1,3,0,15,0,1.71,1,3,4,cash_out
VCH_01847,42,4,1.0,0,3,1,2,1,3.36,1,4,4,cash_out
VCH_01848,41,0,1.0,6,1,0,1,1,10.4,1,4,9,cash_out
VCH_01849,38,2,0.2143,7,0,5,28,0,2.1,2,1,6,bank_transfer
VCH_01850,8,2,0.2143,4,0,3,1,1,7.57,0,3,7,wallet
VCH_01851,52,2,0.2143,4,5,2,2,1,3.68,4,5,7,cash_at_till
VCH_01852,35,2,0.2143,0,1,4,30,0,12.89,0,1,9,wallet
VCH_01853,54,2,0.2143,1,1,4,1,1,4.46,3,1,3,merchant_payment
VCH_01854,36,1,1.0,5,0,1,2,1,7.14,4,4,11,cash_at_till
VCH_01855,19,4,1.0,5,3,5,29,0,2.5,1,4,8,cash_out
VCH_01856,40,0,1.0,2,5,1,1,1,8.1,0,3,7,wallet
VCH_01857,24,4,1.0,5,1,6,1,1,9.29,0,1,13,wallet
VCH_01858,34,0,1.0,4,2,4,3,1,5.13,1,5,7,cash_out
VCH_01859,46,0,1.0,7,0,3,15,0,6.11,1,7,9,cash_out
VCH_01860,44,4,1.0,0,0,3,15,0,5.5,1,2,5,cash_out
VCH_01861,7,1,1.0,3,3,0,2,1,4.05,3,1,6,merchant_payment
VCH_01862,48,2,0.2143,0,0,5,1,1,2.41,2,1,2,bank_transfer
VCH_01863,16,0,1.0,2,3,2,3,1,1.92,2,2,1,bank_transfer
VCH_01864,52,0,1.0,1,4,5,16,0,3.36,2,5,5,bank_transfer
VCH_01865,49,0,1.0,0,0,3,3,1,3.81,4,1,3,cash_at_till
VCH_01866,14,0,1.0,6,5,4,3,1,3.79,1,1,8,cash_out
VCH_01867,19,4,1.0,0,3,6,2,1,10.39,3,2,9,merchant_payment
VCH_01868,58,0,1.0,9,2,6,1,1,7.63,1,4,11,cash_out
VCH_01869,12,4,1.0,1,5,4,15,0,3.12,4,3,9,cash_at_till
VCH_01870,21,1,1.0,0,5,1,30,0,4.01,0,3,5,wallet
VCH_01871,48,0,1.0,1,3,2,3,1,3.25,3,0,5,merchant_payment
VCH_01872,29,0,1.0,8,2,2,2,1,19.11,4,4,16,cash_at_till
VCH_01873,13,2,0.2143,10,2,3,15,0,1.6,0,6,6,wallet
VCH_01874,35,0,1.0,2,1,1,3,1,2.33,1,1,4,cash_out
VCH_01875,2,0,1.0,1,3,4,30,0,3.42,0,2,5,wallet
VCH_01876,41,3,0.2143,13,4,6,15,0,4.05,1,3,7,cash_out
VCH_01877,5,0,1.0,2,1,5,29,0,3.2,3,1,4,merchant_payment
VCH_01878,17,0,1.0,5,1,6,3,1,5.0,2,1,8,bank_transfer
VCH_01879,16,2,0.2143,0,5,2,30,0,1.75,1,3,4,cash_out
VCH_01880,10,0,1.0,8,3,1,3,1,4.04,4,5,5,cash_at_till
VCH_01881,56,2,0.2143,1,2,2,2,1,2.08,1,3,1,cash_out
VCH_01882,47,0,1.0,9,4,5,1,1,2.39,0,3,4,wallet
VCH_01883,32,0,1.0,2,3,6,1,1,13.82,0,2,12,wallet
VCH_01884,57,2,0.2143,5,1,0,30,0,5.99,0,4,9,wallet
VCH_01885,1,4,1.0,1,2,1,2,1,6.17,4,1,3,cash_at_till
VCH_01886,52,1,1.0,2,3,2,3,1,9.04,2,5,6,bank_transfer
VCH_01887,30,3,0.2143,13,3,0,2,1,11.77,0,7,10,wallet
VCH_01888,52,1,1.0,0,1,0,29,0,7.58,3,3,8,merchant_payment
VCH_01889,24,1,1.0,0,5,3,30,0,8.91,1,1,7,cash_out
VCH_01890,28,1,1.0,6,3,4,29,0,1.76,0,0,9,wallet
VCH_01891,2,0,1.0,12,3,2,2,1,4.24,2,4,8,bank_transfer
VCH_01892,50,1,1.0,0,5,4,2,1,7.56,0,0,4,wallet
VCH_01893,23,4,1.0,9,1,4,1,1,7.04,3,2,7,merchant_payment
VCH_01894,29,2,0.2143,9,0,1,3,1,7.57,0,2,9,wallet
VCH_01895,20,2,0.2143,0,1,6,1,1,3.91,2,1,5,bank_transfer
VCH_01896,9,2,0.2143,11,1,0,2,1,2.77,3,1,7,merchant_payment
VCH_01897,25,2,0.2143,0,3,1,15,0,4.08,4,2,5,cash_at_till
VCH_01898,36,2,0.2143,4,0,0,29,0,2.75,0,0,7,wallet
VCH_01899,38,0,1.0,6,1,4,3,1,1.83,0,1,5,wallet
VCH_01900,58,0,1.0,0,3,1,2,1,4.07,3,3,12,merchant_payment
VCH_01901,42,1,1.0,6,4,1,1,1,2.79,4,4,4,cash_at_till
VCH_01902,51,0,1.0,0,3,5,28,0,6.01,1,3,6,cash_out
VCH_01903,7,1,1.0,4,4,3,2,1,11.73,3,2,11,merchant_payment
VCH_01904,16,3,0.2143,4,4,6,1,1,2.99,0,3,5,wallet
VCH_01905,31,0,1.0,7,2,3,30,0,4.64,2,5,8,bank_transfer
VCH_01906,58,0,1.0,0,3,5,1,1,4.59,1,0,7,cash_out
VCH_01907,10,1,1.0,1,5,2,28,0,4.32,3,5,12,merchant_payment
VCH_01908,30,0,1.0,9,4,2,2,1,6.12,3,3,6,merchant_payment
VCH_01909,17,3,0.2143,3,1,2,16,0,4.35,3,4,8,merchant_payment
VCH_01910,16,0,1.0,2,4,4,3,1,6.11,1,1,6,cash_out
VCH_01911,2,3,0.2143,0,3,1,1,1,3.24,0,2,2,wallet
VCH_01912,12,0,1.0,5,5,4,1,1,6.16,1,3,7,cash_out
VCH_01913,5,0,1.0,4,3,4,16,0,6.59,1,2,9,cash_out
VCH_01914,54,1,1.0,5,3,3,29,0,9.58,1,4,11,cash_out
VCH_01915,43,0,1.0,0,1,5,29,0,4.41,0,3,11,wallet
VCH_01916,34,0,1.0,1,1,5,1,1,12.1,2,5,8,bank_transfer
VCH_01917,56,0,1.0,11,2,5,1,1,3.22,0,1,7,wallet
VCH_01918,28,2,0.2143,2,0,1,1,1,4.89,2,3,4,bank_transfer
VCH_01919,47,2,0.2143,0,0,5,29,0,3.59,0,4,6,wallet
VCH_01920,18,0,1.0,12,2,3,1,1,3.65,3,1,6,merchant_payment
VCH_01921,45,3,0.2143,1,1,5,30,0,3.36,3,2,4,merchant_payment
VCH_01922,45,2,0.2143,8,2,4,16,0,2.03,0,8,11,wallet
VCH_01923,27,4,1.0,7,2,2,2,1,5.51,4,1,12,cash_at_till
VCH_01924,37,0,1.0,3,2,2,1,1,1.56,1,2,22,cash_out
VCH_01925,26,0,1.0,0,5,0,1,1,3.19,0,0,2,wallet
VCH_01926,40,4,1.0,1,5,4,28,0,4.98,1,1,5,cash_out
VCH_01927,48,0,1.0,2,2,4,1,1,9.43,0,2,7,wallet
VCH_01928,4,2,0.2143,3,2,2,3,1,5.18,2,3,7,bank_transfer
VCH_01929,14,0,1.0,3,2,5,29,0,5.94,0,5,10,wallet
VCH_01930,6,0,1.0,10,0,3,29,0,7.24,3,2,9,merchant_payment
VCH_01931,33,3,0.2143,12,2,4,15,0,6.74,0,4,11,wallet
VCH_01932,48,0,1.0,0,2,5,1,1,2.18,1,2,2,cash_out
VCH_01933,42,3,0.2143,0,3,4,2,1,8.8,0,3,5,wallet
VCH_01934,38,0,1.0,8,5,1,1,1,1.64,2,3,9,bank_transfer
VCH_01935,6,0,1.0,0,1,3,15,0,3.99,3,7,4,merchant_payment
VCH_01936,20,2,0.2143,2,0,3,30,0,1.0,3,2,4,merchant_payment
VCH_01937,15,2,0.2143,2,1,6,30,0,4.08,2,3,6,bank_transfer
VCH_01938,58,0,1.0,2,4,1,28,0,5.1,1,4,10,cash_out
VCH_01939,21,0,1.0,1,0,2,1,1,24.46,2,3,15,bank_transfer
VCH_01940,5,3,0.2143,9,2,0,30,0,7.93,0,2,11,wallet
VCH_01941,53,2,0.2143,1,1,0,3,1,1.72,4,3,1,cash_at_till
VCH_01942,54,0,1.0,10,0,0,3,1,6.41,2,3,7,bank_transfer
VCH_01943,22,4,1.0,12,3,5,30,0,3.1,0,1,9,wallet
VCH_01944,49,2,0.2143,0,3,6,1,1,7.26,3,3,10,merchant_payment
VCH_01945,57,0,1.0,7,4,6,1,1,4.25,3,4,7,merchant_payment
VCH_01946,45,1,1.0,0,2,1,2,1,2.51,4,2,2,cash_at_till
VCH_01947,2,2,0.2143,0,2,1,1,1,1.95,1,4,2,cash_out
VCH_01948,19,1,1.0,3,1,1,1,1,6.0,1,1,7,cash_out
VCH_01949,18,0,1.0,2,4,1,1,1,1.46,3,3,1,merchant_payment
VCH_01950,43,0,1.0,12,3,1,16,0,3.46,0,1,8,wallet
VCH_01951,33,3,0.2143,0,1,5,1,1,2.74,0,2,3,wallet
VCH_01952,22,2,0.2143,5,1,2,29,0,5.46,1,3,8,cash_out
VCH_01953,3,0,1.0,0,1,5,15,0,4.4,1,0,4,cash_out
VCH_01954,37,2,0.2143,9,0,2,29,0,2.72,3,4,10,merchant_payment
VCH_01955,38,2,0.2143,4,2,4,1,1,3.89,0,2,8,wallet
VCH_01956,8,0,1.0,1,3,3,28,0,11.11,0,2,9,wallet
VCH_01957,26,2,0.2143,5,1,6,28,0,11.86,2,4,13,bank_transfer
VCH_01958,51,0,1.0,12,5,3,28,0,5.99,1,6,10,cash_out
VCH_01959,21,1,1.0,12,0,2,3,1,6.04,4,2,6,cash_at_till
VCH_01960,42,3,0.2143,0,1,3,1,1,4.22,0,5,3,wallet
VCH_01961,37,2,0.2143,12,2,5,30,0,2.62,2,4,6,bank_transfer
VCH_01962,57,3,0.2143,0,1,4,30,0,10.18,3,2,10,merchant_payment
VCH_01963,7,4,1.0,4,5,0,1,1,6.15,2,2,7,bank_transfer
VCH_01964,48,1,1.0,5,2,4,3,1,4.83,0,3,6,wallet
VCH_01965,18,2,0.2143,5,2,2,1,1,3.97,2,3,5,bank_transfer
VCH_01966,37,2,0.2143,1,1,4,3,1,6.62,2,3,4,bank_transfer
VCH_01967,42,1,1.0,2,0,5,29,0,10.46,4,3,8,cash_at_till
VCH_01968,31,0,1.0,2,2,5,2,1,4.83,1,2,3,cash_out
VCH_01969,8,0,1.0,0,3,3,30,0,8.29,0,6,9,wallet
VCH_01970,32,1,1.0,0,2,0,30,0,16.09,4,3,18,cash_at_till
VCH_01971,41,0,1.0,4,1,2,1,1,1.31,0,1,7,wallet
VCH_01972,24,0,1.0,6,5,6,2,1,3.9,0,3,6,wallet
VCH_01973,4,2,0.2143,0,1,3,1,1,11.1,3,1,15,merchant_payment
VCH_01974,20,0,1.0,11,3,1,3,1,1.73,1,2,6,cash_out
VCH_01975,34,3,0.2143,8,0,3,1,1,7.08,1,1,7,cash_out
VCH_01976,59,0,1.0,1,1,6,1,1,2.93,0,8,4,wallet
VCH_01977,14,1,1.0,5,5,1,30,0,4.21,1,4,8,cash_out
VCH_01978,19,0,1.0,1,5,6,2,1,3.95,3,3,2,merchant_payment
VCH_01979,20,1,1.0,3,1,0,1,1,2.47,0,3,4,wallet
VCH_01980,8,4,1.0,13,2,1,1,1,5.55,2,4,6,bank_transfer
VCH_01981,40,2,0.2143,2,2,4,2,1,2.12,0,2,2,wallet
VCH_01982,26,2,0.2143,3,0,2,15,0,4.37,0,2,7,wallet
VCH_01983,42,0,1.0,5,1,6,29,0,3.14,0,4,10,wallet
VCH_01984,30,3,0.2143,2,4,4,3,1,3.1,2,4,1,bank_transfer
VCH_01985,52,3,0.2143,2,1,3,28,0,7.12,0,2,8,wallet
VCH_01986,10,2,0.2143,8,4,5,15,0,6.99,3,2,10,merchant_payment
VCH_01987,37,0,1.0,13,4,6,28,0,7.81,0,3,10,wallet
VCH_01988,40,0,1.0,5,3,3,29,0,8.72,1,3,15,cash_out
VCH_01989,16,3,0.2143,1,3,2,2,1,4.28,0,2,2,wallet
VCH_01990,54,0,1.0,4,4,3,30,0,3.66,0,2,8,wallet
VCH_01991,40,2,0.2143,2,3,5,16,0,1.0,0,5,6,wallet
VCH_01992,13,4,1.0,0,2,2,1,1,3.21,3,2,2,merchant_payment
VCH_01993,58,1,1.0,1,5,2,30,0,4.21,3,3,6,merchant_payment
VCH_01994,32,4,1.0,0,1,0,1,1,9.26,1,3,6,cash_out
VCH_01995,39,0,1.0,10,5,0,1,1,1.11,1,6,6,cash_out
VCH_01996,37,2,0.2143,8,1,6,3,1,9.4,0,2,9,wallet
VCH_01997,35,0,1.0,6,2,6,1,1,3.64,1,2,9,cash_out
VCH_01998,41,1,1.0,7,3,0,1,1,6.23,3,0,7,merchant_payment
VCH_01999,40,2,0.2143,0,4,5,15,0,6.24,1,0,6,cash_out
VCH_02000,24,2,0.2143,4,0,0,1,1,3.47,3,2,6,merchant_payment
VCH_02001,39,3,0.2143,9,0,6,1,1,6.66,0,1,8,wallet
VCH_02002,56,2,0.2143,0,2,2,1,1,6.64,3,4,4,merchant_payment
VCH_02003,52,0,1.0,12,1,4,16,0,5.0,1,3,8,cash_out
VCH_02004,19,2,0.2143,1,4,2,16,0,7.09,3,4,7,merchant_payment
VCH_02005,53,2,0.2143,0,3,6,2,1,3.03,3,1,6,merchant_payment
VCH_02006,35,0,1.0,3,3,0,1,1,8.33,3,8,9,merchant_payment
VCH_02007,53,0,1.0,3,2,6,1,1,2.52,1,2,7,cash_out
VCH_02008,51,2,0.2143,12,3,6,29,0,7.01,3,2,12,merchant_payment
VCH_02009,22,0,1.0,5,2,5,16,0,5.29,1,8,9,cash_out
VCH_02010,56,2,0.2143,0,4,4,29,0,5.51,2,3,6,bank_transfer
VCH_02011,47,2,0.2143,2,5,1,1,1,5.52,4,3,10,cash_at_till
VCH_02012,22,2,0.2143,3,2,3,29,0,7.65,0,2,9,wallet
VCH_02013,14,2,0.2143,7,4,6,1,1,9.12,0,3,9,wallet
VCH_02014,19,4,1.0,8,4,5,1,1,8.46,2,3,8,bank_transfer
VCH_02015,43,4,1.0,6,1,0,3,1,6.13,0,5,7,wallet
VCH_02016,8,2,0.2143,4,2,1,15,0,4.01,3,4,7,merchant_payment
VCH_02017,51,3,0.2143,12,5,2,28,0,2.25,0,1,6,wallet
VCH_02018,0,0,1.0,6,4,6,15,0,2.74,0,4,9,wallet
VCH_02019,45,2,0.2143,2,1,5,1,1,1.0,0,1,1,wallet
VCH_02020,17,1,1.0,2,2,1,28,0,2.49,0,2,4,wallet
VCH_02021,25,1,1.0,8,3,4,1,1,4.9,4,4,6,cash_at_till
VCH_02022,38,0,1.0,2,0,6,16,0,4.15,0,1,7,wallet
VCH_02023,14,4,1.0,2,5,3,29,0,4.57,0,2,7,wallet
VCH_02024,45,2,0.2143,6,4,6,3,1,4.68,2,3,6,bank_transfer
VCH_02025,9,0,1.0,5,5,0,2,1,3.61,4,4,7,cash_at_till
VCH_02026,52,0,1.0,13,2,0,30,0,9.74,2,1,12,bank_transfer
VCH_02027,51,3,0.2143,4,0,1,28,0,4.35,1,0,9,cash_out
VCH_02028,2,2,0.2143,8,2,4,3,1,11.4,0,6,12,wallet
VCH_02029,0,0,1.0,11,1,1,28,0,2.58,3,5,9,merchant_payment
VCH_02030,38,0,1.0,8,1,6,16,0,5.61,0,2,11,wallet
VCH_02031,55,1,1.0,2,3,2,1,1,3.12,4,5,4,cash_at_till
VCH_02032,12,2,0.2143,13,5,2,2,1,6.07,4,2,6,cash_at_till
VCH_02033,18,1,1.0,9,1,2,28,0,7.6,3,5,10,merchant_payment
VCH_02034,44,1,1.0,3,1,4,29,0,7.31,2,3,11,bank_transfer
VCH_02035,28,0,1.0,3,5,6,2,1,8.06,0,6,9,wallet
VCH_02036,42,0,1.0,11,1,3,1,1,5.53,2,4,6,bank_transfer
VCH_02037,21,0,1.0,1,5,0,1,1,3.76,1,2,3,cash_out
VCH_02038,46,0,1.0,2,5,3,1,1,4.42,1,5,5,cash_out
VCH_02039,1,0,1.0,6,1,1,15,0,3.04,2,6,7,bank_transfer
VCH_02040,9,0,1.0,11,2,1,29,0,2.41,0,4,7,wallet
VCH_02041,24,0,1.0,1,2,6,28,0,5.88,0,3,7,wallet
VCH_02042,55,1,1.0,10,1,5,16,0,5.74,0,2,8,wallet
VCH_02043,57,0,1.0,4,1,3,28,0,4.3,3,1,8,merchant_payment
VCH_02044,20,0,1.0,0,4,2,15,0,5.92,3,2,7,merchant_payment
VCH_02045,55,1,1.0,6,4,3,3,1,2.08,3,2,6,merchant_payment
VCH_02046,13,1,1.0,10,3,4,2,1,7.36,2,4,7,bank_transfer
VCH_02047,21,0,1.0,2,4,2,29,0,4.4,0,1,5,wallet
VCH_02048,23,1,1.0,3,5,4,16,0,3.57,2,5,11,bank_transfer
VCH_02049,0,1,1.0,0,0,4,28,0,3.43,3,1,8,merchant_payment
VCH_02050,11,2,0.2143,8,3,5,3,1,3.75,4,3,8,cash_at_till
VCH_02051,49,0,1.0,2,5,2,30,0,5.47,3,0,5,merchant_payment
VCH_02052,25,0,1.0,0,0,4,1,1,8.61,1,4,6,cash_out
VCH_02053,36,1,1.0,0,0,4,29,0,1.73,2,3,5,bank_transfer
VCH_02054,42,0,1.0,9,3,3,28,0,2.34,3,1,7,merchant_payment
VCH_02055,40,0,1.0,0,0,1,1,1,2.86,1,4,2,cash_out
VCH_02056,1,1,1.0,0,5,0,28,0,8.56,4,1,11,cash_at_till
VCH_02057,42,2,0.2143,0,0,6,15,0,21.7,1,1,15,cash_out
VCH_02058,7,0,1.0,6,3,1,29,0,8.58,0,3,12,wallet
VCH_02059,43,2,0.2143,12,2,2,1,1,5.42,2,5,12,bank_transfer
VCH_02060,18,0,1.0,1,3,2,2,1,3.16,3,1,4,merchant_payment
VCH_02061,15,2,0.2143,2,5,3,30,0,3.17,0,8,10,wallet
VCH_02062,3,2,0.2143,9,5,4,30,0,5.86,2,1,12,bank_transfer
VCH_02063,53,1,1.0,0,5,6,29,0,2.41,3,2,4,merchant_payment
VCH_02064,47,1,1.0,1,4,6,1,1,6.2,2,6,4,bank_transfer
VCH_02065,29,0,1.0,4,0,6,15,0,2.59,3,0,8,merchant_payment
VCH_02066,16,0,1.0,1,2,4,1,1,7.12,0,2,7,wallet
VCH_02067,6,1,1.0,2,2,3,1,1,2.92,1,4,1,cash_out
VCH_02068,18,2,0.2143,1,5,1,28,0,7.66,2,4,14,bank_transfer
VCH_02069,55,4,1.0,0,2,2,30,0,5.16,1,5,7,cash_out
VCH_02070,56,2,0.2143,5,5,5,3,1,14.88,0,4,12,wallet
VCH_02071,57,4,1.0,6,3,5,29,0,6.01,0,1,8,wallet
VCH_02072,8,4,1.0,5,2,6,1,1,6.49,1,6,7,cash_out
VCH_02073,4,0,1.0,0,4,6,1,1,1.48,1,0,7,cash_out
VCH_02074,32,0,1.0,2,2,3,3,1,6.28,3,2,6,merchant_payment
VCH_02075,19,0,1.0,1,1,4,1,1,2.1,2,7,2,bank_transfer
VCH_02076,58,3,0.2143,5,3,3,16,0,3.34,4,2,8,cash_at_till
VCH_02077,0,3,0.2143,4,2,4,1,1,6.38,1,5,12,cash_out
VCH_02078,42,2,0.2143,10,3,4,1,1,8.86,1,2,15,cash_out
VCH_02079,8,2,0.2143,4,0,2,30,0,6.04,3,4,9,merchant_payment
VCH_02080,2,0,1.0,7,2,2,1,1,3.36,0,4,7,wallet
VCH_02081,5,3,0.2143,4,2,0,2,1,2.84,1,2,7,cash_out
VCH_02082,21,1,1.0,0,5,0,2,1,3.61,1,4,5,cash_out
VCH_02083,9,3,0.2143,4,4,2,1,1,2.59,0,1,5,wallet
VCH_02084,8,0,1.0,12,2,2,2,1,2.21,0,2,4,wallet
VCH_02085,46,1,1.0,0,5,0,1,1,7.47,0,5,4,wallet
VCH_02086,33,0,1.0,11,5,1,1,1,2.57,3,6,6,merchant_payment
VCH_02087,54,4,1.0,4,3,1,2,1,2.79,1,4,5,cash_out
VCH_02088,59,2,0.2143,6,3,2,30,0,3.51,2,4,9,bank_transfer
VCH_02089,34,0,1.0,10,1,5,15,0,4.6,0,2,12,wallet
VCH_02090,9,0,1.0,3,3,1,2,1,6.61,3,0,9,merchant_payment
VCH_02091,6,3,0.2143,3,2,1,1,1,2.79,0,4,6,wallet
VCH_02092,42,0,1.0,0,2,4,2,1,5.91,4,1,4,cash_at_till
VCH_02093,2,4,1.0,10,2,3,1,1,12.2,1,4,11,cash_out
VCH_02094,53,2,0.2143,2,5,2,1,1,3.94,3,0,2,merchant_payment
VCH_02095,18,1,1.0,13,3,3,30,0,5.29,0,1,13,wallet
VCH_02096,34,0,1.0,4,1,5,1,1,2.96,1,5,4,cash_out
VCH_02097,52,0,1.0,10,0,4,30,0,3.84,4,2,8,cash_at_till
VCH_02098,27,1,1.0,3,0,2,1,1,1.7,0,3,5,wallet
VCH_02099,55,1,1.0,8,1,6,16,0,19.2,0,1,19,wallet
VCH_02100,28,0,1.0,11,1,1,1,1,15.33,4,5,17,cash_at_till
VCH_02101,32,0,1.0,12,5,2,1,1,6.07,3,5,7,merchant_payment
VCH_02102,47,3,0.2143,4,4,2,30,0,6.84,4,6,10,cash_at_till
VCH_02103,49,0,1.0,6,3,4,1,1,7.7,1,1,7,cash_out
VCH_02104,24,0,1.0,7,2,2,1,1,2.47,2,1,6,bank_transfer
VCH_02105,33,0,1.0,0,2,4,1,1,5.87,1,5,4,cash_out
VCH_02106,20,3,0.2143,10,1,0,2,1,5.45,0,3,9,wallet
VCH_02107,8,0,1.0,13,2,0,1,1,7.63,4,1,8,cash_at_till
VCH_02108,26,4,1.0,11,1,4,30,0,2.14,1,2,6,cash_out
VCH_02109,25,0,1.0,3,4,2,1,1,7.08,4,2,10,cash_at_till
VCH_02110,1,2,0.2143,8,3,1,2,1,2.9,0,2,7,wallet
VCH_02111,45,4,1.0,1,0,0,1,1,5.91,1,2,4,cash_out
VCH_02112,59,0,1.0,10,2,3,28,0,6.54,0,3,14,wallet
VCH_02113,16,2,0.2143,2,5,6,1,1,10.51,1,3,7,cash_out
VCH_02114,30,0,1.0,7,3,2,15,0,4.94,0,3,9,wallet
VCH_02115,13,2,0.2143,2,3,0,1,1,4.54,1,1,4,cash_out
VCH_02116,8,2,0.2143,1,3,6,1,1,8.3,2,4,5,bank_transfer
VCH_02117,54,3,0.2143,5,5,4,15,0,8.95,0,10,12,wallet
VCH_02118,1,0,1.0,5,5,4,29,0,2.94,2,4,7,bank_transfer
VCH_02119,30,1,1.0,4,1,2,15,0,1.25,0,2,9,wallet
VCH_02120,38,3,0.2143,6,1,0,30,0,2.89,3,2,7,merchant_payment
VCH_02121,44,0,1.0,0,3,0,2,1,4.77,1,4,7,cash_out
VCH_02122,18,2,0.2143,4,0,0,2,1,6.78,3,1,8,merchant_payment
VCH_02123,6,0,1.0,1,0,6,3,1,2.06,0,4,1,wallet
VCH_02124,21,2,0.2143,5,1,3,28,0,6.28,1,5,9,cash_out
VCH_02125,36,1,1.0,1,0,3,30,0,5.75,4,2,5,cash_at_till
VCH_02126,51,2,0.2143,9,1,3,1,1,4.11,0,2,5,wallet
VCH_02127,11,1,1.0,1,2,0,15,0,4.43,1,0,6,cash_out
VCH_02128,54,3,0.2143,0,4,3,3,1,4.84,1,1,3,cash_out
VCH_02129,25,1,1.0,9,4,3,30,0,3.15,2,4,10,bank_transfer
VCH_02130,52,0,1.0,3,0,1,1,1,10.21,0,3,9,wallet
VCH_02131,2,0,1.0,3,2,3,1,1,1.0,4,6,5,cash_at_till
VCH_02132,18,0,1.0,2,0,2,29,0,5.05,1,1,5,cash_out
VCH_02133,5,0,1.0,13,5,5,1,1,6.66,1,4,8,cash_out
VCH_02134,19,0,1.0,9,0,6,15,0,3.1,1,3,7,cash_out
VCH_02135,4,2,0.2143,13,1,2,2,1,1.71,2,2,7,bank_transfer
VCH_02136,26,3,0.2143,0,2,6,16,0,6.48,1,4,5,cash_out
VCH_02137,59,3,0.2143,13,2,0,1,1,28.02,1,4,22,cash_out
VCH_02138,12,1,1.0,2,5,3,1,1,6.1,3,4,6,merchant_payment
VCH_02139,16,0,1.0,6,4,1,30,0,2.63,4,2,7,cash_at_till
VCH_02140,35,4,1.0,6,3,5,1,1,9.06,1,2,11,cash_out
VCH_02141,33,4,1.0,3,1,3,29,0,5.46,1,4,9,cash_out
VCH_02142,39,1,1.0,2,0,4,28,0,5.81,2,3,6,bank_transfer
VCH_02143,56,4,1.0,7,3,6,3,1,4.64,3,6,6,merchant_payment
VCH_02144,49,1,1.0,9,5,5,1,1,5.34,0,2,7,wallet
VCH_02145,31,0,1.0,0,3,5,3,1,7.83,0,2,6,wallet
VCH_02146,6,0,1.0,12,4,0,29,0,3.37,4,4,8,cash_at_till
VCH_02147,21,2,0.2143,9,5,1,15,0,3.34,1,3,9,cash_out
VCH_02148,52,1,1.0,10,5,3,30,0,8.24,1,0,11,cash_out
VCH_02149,48,3,0.2143,3,1,0,1,1,9.94,3,1,8,merchant_payment
VCH_02150,7,0,1.0,3,1,4,1,1,5.15,1,5,6,cash_out
VCH_02151,34,2,0.2143,3,1,2,3,1,3.9,1,2,8,cash_out
VCH_02152,1,2,0.2143,5,4,3,1,1,1.97,0,4,4,wallet
VCH_02153,15,4,1.0,6,1,5,1,1,5.04,0,3,7,wallet
VCH_02154,53,1,1.0,2,3,2,2,1,3.5,1,4,5,cash_out
VCH_02155,5,2,0.2143,1,1,3,2,1,2.97,0,6,2,wallet
VCH_02156,50,0,1.0,5,2,4,1,1,5.26,2,5,6,bank_transfer
VCH_02157,43,0,1.0,2,1,2,1,1,7.22,0,3,8,wallet
VCH_02158,58,0,1.0,0,2,6,3,1,7.26,1,1,5,cash_out
VCH_02159,22,0,1.0,4,2,6,28,0,7.31,2,3,10,bank_transfer
VCH_02160,18,0,1.0,2,4,4,2,1,4.58,3,3,3,merchant_payment
VCH_02161,49,0,1.0,2,1,6,15,0,3.76,2,1,5,bank_transfer
VCH_02162,8,2,0.2143,0,4,3,15,0,4.48,3,2,5,merchant_payment
VCH_02163,11,2,0.2143,8,0,3,3,1,5.83,1,3,8,cash_out
VCH_02164,25,0,1.0,4,2,4,30,0,4.83,1,5,9,cash_out
VCH_02165,24,0,1.0,3,0,3,1,1,5.78,3,4,6,merchant_payment
VCH_02166,10,0,1.0,4,2,3,2,1,2.73,0,4,5,wallet
VCH_02167,22,0,1.0,1,5,5,1,1,5.47,0,2,3,wallet
VCH_02168,52,2,0.2143,3,3,6,1,1,3.53,0,5,5,wallet
VCH_02169,16,0,1.0,4,3,3,2,1,6.56,4,3,10,cash_at_till
VCH_02170,52,1,1.0,10,0,2,30,0,7.11,3,3,9,merchant_payment
VCH_02171,39,2,0.2143,6,0,5,2,1,7.53,1,1,9,cash_out
VCH_02172,8,0,1.0,0,0,1,30,0,1.65,1,2,7,cash_out
VCH_02173,47,3,0.2143,0,3,0,2,1,12.77,1,2,8,cash_out
VCH_02174,23,2,0.2143,0,2,1,1,1,4.37,0,3,5,wallet
VCH_02175,51,2,0.2143,13,5,0,1,1,10.24,0,2,12,wallet
VCH_02176,59,4,1.0,4,2,3,28,0,4.01,3,6,10,merchant_payment
VCH_02177,15,0,1.0,3,2,3,3,1,2.27,2,4,7,bank_transfer
VCH_02178,11,2,0.2143,10,3,0,1,1,1.71,1,5,4,cash_out
VCH_02179,48,0,1.0,9,0,0,28,0,14.62,3,4,16,merchant_payment
VCH_02180,48,0,1.0,11,1,6,1,1,7.53,0,2,7,wallet
VCH_02181,24,0,1.0,5,2,3,1,1,16.9,2,2,18,bank_transfer
VCH_02182,49,0,1.0,6,4,2,15,0,7.62,3,2,10,merchant_payment
VCH_02183,36,2,0.2143,11,4,3,1,1,9.6,0,5,12,wallet
VCH_02184,7,3,0.2143,5,1,5,15,0,3.97,3,4,9,merchant_payment
VCH_02185,7,0,1.0,1,2,3,30,0,3.04,1,1,4,cash_out
VCH_02186,11,3,0.2143,6,5,4,1,1,10.07,0,3,10,wallet
VCH_02187,23,0,1.0,7,2,3,1,1,13.29,3,2,11,merchant_payment
VCH_02188,42,0,1.0,7,5,6,15,0,3.38,2,2,8,bank_transfer
VCH_02189,0,3,0.2143,0,3,3,1,1,2.66,3,3,1,merchant_payment
VCH_02190,20,2,0.2143,1,3,6,15,0,6.3,3,2,10,merchant_payment
VCH_02191,5,3,0.2143,0,5,0,28,0,3.22,3,4,4,merchant_payment
VCH_02192,7,2,0.2143,13,2,4,30,0,3.52,0,3,7,wallet
VCH_02193,16,0,1.0,0,1,2,29,0,1.0,0,5,3,wallet
VCH_02194,49,4,1.0,2,5,1,29,0,3.79,4,0,4,cash_at_till
VCH_02195,0,0,1.0,0,1,4,1,1,7.05,3,5,8,merchant_payment
VCH_02196,4,0,1.0,0,0,3,15,0,2.97,1,2,7,cash_out
VCH_02197,50,2,0.2143,6,3,2,16,0,3.8,3,3,9,merchant_payment
VCH_02198,26,1,1.0,8,1,6,1,1,6.34,1,6,7,cash_out
VCH_02199,30,4,1.0,2,0,6,29,0,3.77,1,5,5,cash_out
VCH_02200,12,2,0.2143,3,2,1,28,0,3.58,0,2,10,wallet
VCH_02201,15,0,1.0,1,4,4,28,0,7.83,0,4,11,wallet
VCH_02202,36,2,0.2143,8,1,1,29,0,8.15,2,3,13,bank_transfer
VCH_02203,57,0,1.0,9,0,4,2,1,2.29,0,3,4,wallet
VCH_02204,32,0,1.0,1,1,5,15,0,3.75,0,4,9,wallet
VCH_02205,6,2,0.2143,8,1,1,28,0,9.52,3,1,11,merchant_payment
VCH_02206,19,0,1.0,4,5,1,30,0,1.3,0,3,5,wallet
VCH_02207,46,1,1.0,2,5,6,1,1,8.91,0,2,9,wallet
VCH_02208,58,4,1.0,1,0,3,1,1,1.3,0,4,0,wallet
VCH_02209,4,2,0.2143,5,3,3,29,0,4.14,3,4,8,merchant_payment
VCH_02210,58,2,0.2143,5,3,4,2,1,6.44,2,4,9,bank_transfer
VCH_02211,55,3,0.2143,2,3,2,28,0,6.83,2,3,9,bank_transfer
VCH_02212,3,1,1.0,10,2,6,3,1,9.16,3,7,8,merchant_payment
VCH_02213,42,0,1.0,10,1,6,3,1,9.2,3,3,9,merchant_payment
VCH_02214,21,0,1.0,3,2,1,29,0,5.86,1,3,8,cash_out
VCH_02215,8,0,1.0,1,3,4,2,1,5.81,2,2,4,bank_transfer
VCH_02216,3,1,1.0,3,3,1,29,0,2.07,0,1,6,wallet
VCH_02217,7,4,1.0,2,4,4,3,1,5.97,2,1,3,bank_transfer
VCH_02218,20,4,1.0,3,4,5,2,1,6.08,3,1,8,merchant_payment
VCH_02219,32,1,1.0,0,0,3,28,0,6.67,0,3,8,wallet
VCH_02220,57,3,0.2143,5,5,2,2,1,16.29,1,4,13,cash_out
VCH_02221,46,4,1.0,8,1,0,30,0,8.22,1,1,10,cash_out
VCH_02222,47,1,1.0,9,2,0,16,0,7.74,0,6,14,wallet
VCH_02223,22,1,1.0,0,4,3,1,1,10.43,3,1,7,merchant_payment
VCH_02224,25,3,0.2143,6,2,2,28,0,6.36,0,3,13,wallet
VCH_02225,56,1,1.0,4,4,5,30,0,3.37,4,2,7,cash_at_till
VCH_02226,3,3,0.2143,0,0,6,2,1,3.37,0,3,3,wallet
VCH_02227,39,4,1.0,6,3,1,30,0,4.2,1,3,7,cash_out
VCH_02228,27,0,1.0,3,2,0,28,0,6.58,1,3,16,cash_out
VCH_02229,59,0,1.0,0,3,1,1,1,4.36,2,3,3,bank_transfer
VCH_02230,21,1,1.0,8,4,1,2,1,3.97,3,6,7,merchant_payment
VCH_02231,24,4,1.0,5,0,5,1,1,3.69,1,6,6,cash_out
VCH_02232,47,1,1.0,11,1,2,1,1,2.62,4,5,9,cash_at_till
VCH_02233,23,0,1.0,2,0,3,30,0,1.39,3,3,3,merchant_payment
VCH_02234,58,0,1.0,13,5,2,30,0,9.83,4,2,14,cash_at_till
VCH_02235,15,3,0.2143,0,1,1,29,0,14.38,1,2,11,cash_out
VCH_02236,58,4,1.0,3,3,3,16,0,4.07,2,3,7,bank_transfer
VCH_02237,3,2,0.2143,5,4,1,1,1,4.43,0,4,7,wallet
VCH_02238,28,0,1.0,11,5,2,1,1,6.22,1,4,8,cash_out
VCH_02239,29,2,0.2143,6,1,6,1,1,4.73,1,4,6,cash_out
VCH_02240,24,2,0.2143,1,2,3,28,0,5.08,4,2,5,cash_at_till
VCH_02241,16,2,0.2143,0,1,4,2,1,1.0,3,2,2,merchant_payment
VCH_02242,8,0,1.0,2,5,5,2,1,2.23,3,3,7,merchant_payment
VCH_02243,6,2,0.2143,8,2,3,1,1,9.87,3,5,12,merchant_payment
VCH_02244,23,0,1.0,1,3,2,1,1,2.89,0,3,5,wallet
VCH_02245,0,1,1.0,13,2,0,2,1,2.83,3,2,9,merchant_payment
VCH_02246,12,1,1.0,5,0,0,2,1,5.76,1,2,8,cash_out
VCH_02247,59,0,1.0,13,1,5,1,1,2.15,0,2,9,wallet
VCH_02248,59,2,0.2143,3,0,4,29,0,5.72,1,8,10,cash_out
VCH_02249,39,1,1.0,10,5,6,3,1,2.54,3,1,6,merchant_payment
VCH_02250,4,0,1.0,0,2,5,15,0,2.03,4,2,4,cash_at_till
VCH_02251,6,3,0.2143,0,0,6,1,1,9.87,4,7,6,cash_at_till
VCH_02252,58,2,0.2143,13,4,1,3,1,2.66,4,4,6,cash_at_till
VCH_02253,22,2,0.2143,1,0,0,15,0,2.09,2,4,4,bank_transfer
VCH_02254,19,1,1.0,11,2,0,30,0,2.89,1,1,16,cash_out
VCH_02255,50,0,1.0,2,3,0,1,1,2.49,1,0,5,cash_out
VCH_02256,59,2,0.2143,12,4,1,1,1,5.91,4,1,8,cash_at_till
VCH_02257,51,1,1.0,3,4,5,29,0,2.31,0,1,7,wallet
VCH_02258,54,3,0.2143,1,3,5,1,1,3.39,4,7,2,cash_at_till
VCH_02259,50,1,1.0,12,5,6,2,1,15.56,1,5,13,cash_out
VCH_02260,9,1,1.0,6,2,5,29,0,2.62,4,3,8,cash_at_till
VCH_02261,10,0,1.0,10,5,0,30,0,7.21,0,3,9,wallet
VCH_02262,32,2,0.2143,2,0,2,15,0,6.25,0,2,6,wallet
VCH_02263,36,0,1.0,7,2,4,15,0,7.2,0,3,11,wallet
VCH_02264,48,3,0.2143,4,2,0,1,1,7.51,1,4,9,cash_out
VCH_02265,46,2,0.2143,0,1,5,2,1,5.14,3,0,9,merchant_payment
VCH_02266,44,2,0.2143,0,1,5,15,0,1.72,1,5,7,cash_out
VCH_02267,26,4,1.0,4,2,6,29,0,5.03,0,3,10,wallet
VCH_02268,27,3,0.2143,0,0,0,1,1,8.78,0,2,5,wallet
VCH_02269,16,1,1.0,5,2,6,1,1,7.37,4,3,7,cash_at_till
VCH_02270,33,2,0.2143,0,1,3,1,1,9.29,0,3,9,wallet
VCH_02271,12,0,1.0,0,0,6,3,1,4.15,1,4,11,cash_out
VCH_02272,19,1,1.0,4,4,2,29,0,5.28,0,3,9,wallet
VCH_02273,31,3,0.2143,6,4,5,1,1,7.36,1,3,10,cash_out
VCH_02274,48,0,1.0,4,5,5,1,1,5.83,4,4,7,cash_at_till
VCH_02275,17,0,1.0,10,4,4,3,1,2.84,0,4,5,wallet
VCH_02276,41,3,0.2143,2,1,0,29,0,3.4,0,7,4,wallet
VCH_02277,40,0,1.0,12,5,5,1,1,15.91,3,3,13,merchant_payment
VCH_02278,56,0,1.0,1,2,5,1,1,2.67,2,2,3,bank_transfer
VCH_02279,14,1,1.0,5,2,0,3,1,30.01,2,2,23,bank_transfer
VCH_02280,43,4,1.0,7,4,6,28,0,1.99,0,1,10,wallet
VCH_02281,35,4,1.0,1,1,6,3,1,3.32,0,3,2,wallet
VCH_02282,39,2,0.2143,0,1,3,1,1,8.56,1,4,5,cash_out
VCH_02283,49,3,0.2143,1,5,6,3,1,6.7,0,3,6,wallet
VCH_02284,56,1,1.0,1,2,6,1,1,6.68,2,1,4,bank_transfer
VCH_02285,53,3,0.2143,0,0,4,15,0,2.47,3,3,4,merchant_payment
VCH_02286,36,3,0.2143,10,4,6,3,1,4.07,4,3,7,cash_at_till
VCH_02287,44,1,1.0,4,1,1,15,0,2.41,3,2,6,merchant_payment
VCH_02288,38,3,0.2143,8,4,1,1,1,7.2,1,2,9,cash_out
VCH_02289,10,2,0.2143,1,0,6,1,1,5.51,0,1,6,wallet
VCH_02290,54,1,1.0,10,1,0,1,1,8.03,1,4,9,cash_out
VCH_02291,46,1,1.0,3,5,5,29,0,2.95,0,0,10,wallet
VCH_02292,1,0,1.0,1,4,6,1,1,6.61,4,3,5,cash_at_till
VCH_02293,38,0,1.0,5,3,5,1,1,2.95,0,2,6,wallet
VCH_02294,17,4,1.0,8,4,1,15,0,5.75,2,1,10,bank_transfer
VCH_02295,42,0,1.0,4,5,2,2,1,3.42,1,0,5,cash_out
VCH_02296,45,0,1.0,3,5,3,15,0,6.92,3,2,9,merchant_payment
VCH_02297,50,4,1.0,10,4,1,2,1,6.4,3,2,12,merchant_payment
VCH_02298,32,1,1.0,0,5,1,2,1,1.55,4,4,3,cash_at_till
VCH_02299,41,1,1.0,1,5,4,1,1,5.52,3,3,7,merchant_payment
VCH_02300,53,2,0.2143,3,3,0,30,0,5.63,4,0,12,cash_at_till
VCH_02301,12,1,1.0,5,1,5,1,1,3.26,3,3,9,merchant_payment
VCH_02302,17,1,1.0,2,3,6,29,0,10.07,1,5,12,cash_out
VCH_02303,42,0,1.0,4,4,6,30,0,6.94,3,2,9,merchant_payment
VCH_02304,16,1,1.0,10,3,4,1,1,7.42,4,1,8,cash_at_till
VCH_02305,34,1,1.0,4,3,5,15,0,5.1,0,3,10,wallet
VCH_02306,19,2,0.2143,4,3,1,1,1,8.04,4,3,13,cash_at_till
VCH_02307,37,1,1.0,2,1,4,15,0,5.59,4,4,9,cash_at_till
VCH_02308,26,2,0.2143,4,3,6,29,0,6.85,2,5,9,bank_transfer
VCH_02309,45,4,1.0,3,5,5,2,1,5.48,2,4,6,bank_transfer
VCH_02310,22,2,0.2143,0,5,0,29,0,2.86,2,1,3,bank_transfer
VCH_02311,47,2,0.2143,1,4,2,28,0,2.47,4,1,8,cash_at_till
VCH_02312,51,4,1.0,9,1,5,2,1,7.59,0,1,8,wallet
VCH_02313,8,3,0.2143,0,4,4,15,0,4.07,3,2,7,merchant_payment
VCH_02314,29,2,0.2143,5,2,1,15,0,3.89,3,4,10,merchant_payment
VCH_02315,58,3,0.2143,9,2,0,1,1,3.53,4,3,5,cash_at_till
VCH_02316,2,4,1.0,2,4,2,1,1,10.58,4,4,9,cash_at_till
VCH_02317,41,4,1.0,8,2,6,15,0,2.67,1,3,9,cash_out
VCH_02318,40,4,1.0,4,2,6,15,0,4.07,1,5,11,cash_out
VCH_02319,31,2,0.2143,4,4,3,15,0,4.97,3,3,8,merchant_payment
VCH_02320,38,2,0.2143,0,0,6,1,1,3.46,1,2,3,cash_out
VCH_02321,26,3,0.2143,10,0,2,30,0,10.96,2,1,14,bank_transfer
VCH_02322,28,0,1.0,4,5,6,1,1,5.09,1,3,6,cash_out
VCH_02323,49,2,0.2143,0,3,1,1,1,3.75,0,4,3,wallet
VCH_02324,36,0,1.0,3,1,2,1,1,9.06,1,1,8,cash_out
VCH_02325,30,2,0.2143,3,2,0,1,1,4.22,2,4,6,bank_transfer
VCH_02326,58,1,1.0,0,4,1,1,1,6.49,0,7,4,wallet
VCH_02327,5,2,0.2143,13,0,4,15,0,5.53,4,2,8,cash_at_till
VCH_02328,26,0,1.0,4,5,6,1,1,2.07,4,0,5,cash_at_till
VCH_02329,30,3,0.2143,10,4,3,1,1,3.94,0,6,6,wallet
VCH_02330,25,0,1.0,8,1,5,28,0,21.61,2,4,19,bank_transfer
VCH_02331,55,2,0.2143,0,1,2,30,0,2.06,0,5,3,wallet
VCH_02332,48,4,1.0,7,3,3,2,1,5.18,1,3,6,cash_out
VCH_02333,51,1,1.0,7,1,4,29,0,6.5,0,6,9,wallet
VCH_02334,17,2,0.2143,5,3,1,2,1,3.96,4,2,5,cash_at_till
VCH_02335,51,0,1.0,8,1,0,2,1,7.87,3,1,8,merchant_payment
VCH_02336,43,0,1.0,8,5,4,2,1,9.52,2,2,9,bank_transfer
VCH_02337,49,0,1.0,3,1,3,1,1,11.61,1,3,11,cash_out
VCH_02338,24,4,1.0,11,4,1,30,0,5.38,3,2,10,merchant_payment
VCH_02339,5,2,0.2143,9,2,0,1,1,4.65,4,1,6,cash_at_till
VCH_02340,39,0,1.0,3,5,3,2,1,2.64,1,3,10,cash_out
VCH_02341,15,0,1.0,5,3,2,3,1,5.39,1,2,9,cash_out
VCH_02342,9,1,1.0,10,0,0,28,0,2.74,4,3,13,cash_at_till
VCH_02343,55,1,1.0,7,0,2,1,1,5.51,0,5,7,wallet
VCH_02344,48,2,0.2143,0,0,3,1,1,5.19,4,2,3,cash_at_till
VCH_02345,48,0,1.0,2,4,6,30,0,1.88,3,3,3,merchant_payment
VCH_02346,16,0,1.0,5,5,3,28,0,2.04,2,4,7,bank_transfer
VCH_02347,51,3,0.2143,13,1,3,30,0,7.38,4,3,16,cash_at_till
VCH_02348,47,0,1.0,5,0,5,2,1,1.38,3,3,5,merchant_payment
VCH_02349,50,3,0.2143,1,2,6,28,0,5.03,4,2,6,cash_at_till
VCH_02350,27,3,0.2143,11,0,0,1,1,6.95,3,5,9,merchant_payment
VCH_02351,6,0,1.0,5,3,2,3,1,1.0,0,4,7,wallet
VCH_02352,23,4,1.0,5,4,1,2,1,2.4,4,5,5,cash_at_till
VCH_02353,18,2,0.2143,5,4,3,29,0,8.38,1,1,11,cash_out
VCH_02354,43,0,1.0,2,5,5,1,1,2.46,1,1,2,cash_out
VCH_02355,9,0,1.0,0,3,0,1,1,10.34,0,2,8,wallet
VCH_02356,13,2,0.2143,4,3,1,15,0,5.4,0,2,9,wallet
VCH_02357,54,4,1.0,0,0,2,28,0,6.06,1,1,7,cash_out
VCH_02358,55,2,0.2143,4,2,1,1,1,4.7,2,1,6,bank_transfer
VCH_02359,34,2,0.2143,3,1,2,1,1,6.72,3,2,7,merchant_payment
VCH_02360,9,2,0.2143,6,0,5,2,1,7.12,0,3,8,wallet
VCH_02361,24,2,0.2143,6,5,4,1,1,4.67,1,3,7,cash_out
VCH_02362,26,2,0.2143,4,0,4,2,1,8.63,3,3,8,merchant_payment
VCH_02363,18,2,0.2143,1,1,3,29,0,6.05,2,5,6,bank_transfer
VCH_02364,17,0,1.0,4,2,3,1,1,2.23,3,3,8,merchant_payment
VCH_02365,46,2,0.2143,7,2,6,1,1,10.36,0,3,18,wallet
VCH_02366,18,1,1.0,0,5,6,1,1,1.09,0,4,1,wallet
VCH_02367,23,2,0.2143,0,0,3,1,1,2.0,2,5,2,bank_transfer
VCH_02368,47,2,0.2143,0,1,1,1,1,3.24,3,3,1,merchant_payment
VCH_02369,34,2,0.2143,4,1,3,15,0,4.29,0,3,9,wallet
VCH_02370,11,2,0.2143,8,2,1,3,1,5.78,1,4,7,cash_out
VCH_02371,37,0,1.0,5,2,2,1,1,2.54,0,3,6,wallet
VCH_02372,34,1,1.0,13,4,0,28,0,2.37,0,5,9,wallet
VCH_02373,40,0,1.0,3,1,4,1,1,3.92,4,4,6,cash_at_till
VCH_02374,0,2,0.2143,2,0,2,3,1,3.54,2,2,3,bank_transfer
VCH_02375,26,2,0.2143,2,4,3,29,0,3.26,0,3,4,wallet
VCH_02376,18,3,0.2143,5,0,3,30,0,14.3,1,6,14,cash_out
VCH_02377,46,2,0.2143,5,0,1,30,0,10.06,3,1,11,merchant_payment
VCH_02378,13,0,1.0,6,5,1,3,1,16.4,1,3,17,cash_out
VCH_02379,35,2,0.2143,12,2,0,16,0,4.23,1,1,13,cash_out
VCH_02380,11,0,1.0,1,4,5,3,1,5.18,1,2,9,cash_out
VCH_02381,4,2,0.2143,1,0,5,1,1,2.2,0,3,2,wallet
VCH_02382,38,2,0.2143,7,5,0,1,1,1.97,0,6,6,wallet
VCH_02383,34,1,1.0,0,0,1,15,0,3.5,4,7,8,cash_at_till
VCH_02384,16,1,1.0,3,2,2,3,1,4.67,0,3,5,wallet
VCH_02385,6,0,1.0,2,5,2,3,1,4.41,3,4,4,merchant_payment
VCH_02386,0,0,1.0,3,4,2,1,1,5.54,1,3,7,cash_out
VCH_02387,47,3,0.2143,13,3,4,1,1,6.91,1,2,7,cash_out
VCH_02388,50,1,1.0,6,0,6,1,1,8.66,1,1,9,cash_out
VCH_02389,33,0,1.0,1,0,2,28,0,2.95,3,2,5,merchant_payment
VCH_02390,16,3,0.2143,13,0,4,1,1,4.63,4,5,6,cash_at_till
VCH_02391,31,0,1.0,4,1,0,29,0,2.93,1,3,9,cash_out
VCH_02392,38,1,1.0,2,0,3,2,1,2.8,1,3,4,cash_out
VCH_02393,59,2,0.2143,8,5,3,2,1,4.89,3,3,9,merchant_payment
VCH_02394,22,0,1.0,0,2,1,1,1,4.39,0,3,4,wallet
VCH_02395,42,2,0.2143,3,0,1,3,1,6.52,2,2,9,bank_transfer
VCH_02396,8,1,1.0,0,1,6,1,1,3.08,0,2,4,wallet
VCH_02397,51,4,1.0,2,1,5,3,1,3.39,1,1,4,cash_out
VCH_02398,15,1,1.0,1,0,6,2,1,2.07,2,3,1,bank_transfer
VCH_02399,4,0,1.0,9,4,0,1,1,3.5,3,3,6,merchant_payment
VCH_02400,40,0,1.0,6,2,5,30,0,8.06,0,3,10,wallet
VCH_02401,11,0,1.0,10,0,2,29,0,8.55,3,3,11,merchant_payment
VCH_02402,50,0,1.0,1,5,3,28,0,2.34,0,2,4,wallet
VCH_02403,18,0,1.0,0,1,3,1,1,5.24,1,1,3,cash_out
VCH_02404,23,4,1.0,8,0,5,15,0,2.08,2,2,13,bank_transfer
VCH_02405,3,2,0.2143,3,0,5,3,1,15.82,0,5,13,wallet
VCH_02406,42,0,1.0,11,1,3,2,1,5.06,3,2,8,merchant_payment
VCH_02407,37,3,0.2143,5,0,4,30,0,4.44,0,2,8,wallet
VCH_02408,24,4,1.0,10,4,3,2,1,2.44,1,4,6,cash_out
VCH_02409,22,2,0.2143,2,0,3,1,1,2.9,0,3,2,wallet
VCH_02410,40,0,1.0,2,5,0,16,0,2.03,0,2,10,wallet
VCH_02411,4,2,0.2143,5,1,5,3,1,4.19,4,4,5,cash_at_till
VCH_02412,17,4,1.0,4,5,4,28,0,2.23,2,3,7,bank_transfer
VCH_02413,35,0,1.0,1,5,5,2,1,4.13,0,2,2,wallet
VCH_02414,43,3,0.2143,3,0,6,1,1,7.58,0,1,11,wallet
VCH_02415,27,2,0.2143,2,4,3,15,0,9.97,0,0,10,wallet
VCH_02416,23,0,1.0,0,0,3,1,1,8.09,1,0,6,cash_out
VCH_02417,10,0,1.0,12,0,6,30,0,12.09,0,3,12,wallet
VCH_02418,18,0,1.0,5,0,1,28,0,6.34,1,1,12,cash_out
VCH_02419,11,1,1.0,3,4,1,3,1,3.91,3,2,5,merchant_payment
VCH_02420,16,0,1.0,11,3,2,29,0,8.16,4,4,12,cash_at_till
VCH_02421,36,3,0.2143,0,3,1,1,1,4.23,2,3,8,bank_transfer
VCH_02422,58,0,1.0,10,2,2,2,1,11.24,3,1,11,merchant_payment
VCH_02423,39,0,1.0,1,4,0,15,0,2.55,0,1,4,wallet
VCH_02424,21,1,1.0,6,4,0,2,1,1.01,3,1,3,merchant_payment
VCH_02425,13,0,1.0,1,4,5,1,1,9.51,3,2,6,merchant_payment
VCH_02426,4,4,1.0,9,5,2,29,0,11.47,1,1,12,cash_out
VCH_02427,58,2,0.2143,6,4,2,3,1,4.91,3,3,10,merchant_payment
VCH_02428,11,0,1.0,6,0,0,29,0,2.89,4,2,7,cash_at_till
VCH_02429,55,2,0.2143,7,1,4,15,0,4.38,3,1,7,merchant_payment
VCH_02430,53,4,1.0,13,2,5,28,0,10.24,1,4,11,cash_out
VCH_02431,38,0,1.0,4,2,3,3,1,5.25,2,1,7,bank_transfer
VCH_02432,36,0,1.0,5,5,5,15,0,3.24,3,2,7,merchant_payment
VCH_02433,58,1,1.0,9,5,3,3,1,2.52,0,2,8,wallet
VCH_02434,16,0,1.0,8,4,6,16,0,5.61,3,3,8,merchant_payment
VCH_02435,7,0,1.0,2,0,2,1,1,1.41,0,1,1,wallet
VCH_02436,34,0,1.0,1,3,6,1,1,3.43,1,4,2,cash_out
VCH_02437,20,2,0.2143,10,3,6,2,1,1.75,0,0,7,wallet
VCH_02438,5,2,0.2143,12,1,1,3,1,8.59,2,3,9,bank_transfer
VCH_02439,8,0,1.0,2,4,0,1,1,2.05,0,3,2,wallet
VCH_02440,28,4,1.0,9,1,6,1,1,5.23,1,5,7,cash_out
VCH_02441,16,3,0.2143,1,0,5,1,1,3.43,4,4,3,cash_at_till
VCH_02442,35,0,1.0,10,4,4,16,0,4.68,4,3,10,cash_at_till
VCH_02443,57,1,1.0,13,5,3,15,0,3.32,3,1,7,merchant_payment
VCH_02444,54,1,1.0,1,3,4,29,0,3.5,1,3,4,cash_out
VCH_02445,16,0,1.0,10,4,4,2,1,5.53,0,7,6,wallet
VCH_02446,44,0,1.0,1,4,5,15,0,5.31,1,1,5,cash_out
VCH_02447,54,2,0.2143,12,5,1,15,0,2.75,1,2,9,cash_out
VCH_02448,55,0,1.0,4,3,0,30,0,3.22,1,3,10,cash_out
VCH_02449,36,2,0.2143,0,0,1,1,1,12.93,3,3,9,merchant_payment
VCH_02450,22,0,1.0,0,0,1,1,1,2.36,2,4,4,bank_transfer
VCH_02451,31,1,1.0,8,4,3,2,1,4.78,1,4,6,cash_out
VCH_02452,29,4,1.0,5,1,5,1,1,2.79,3,1,4,merchant_payment
VCH_02453,5,1,1.0,0,4,3,15,0,9.36,3,4,8,merchant_payment
VCH_02454,7,2,0.2143,4,2,4,29,0,1.62,4,3,6,cash_at_till
VCH_02455,6,3,0.2143,0,5,1,1,1,2.02,0,5,2,wallet
VCH_02456,20,0,1.0,12,2,0,3,1,15.4,2,4,15,bank_transfer
VCH_02457,44,0,1.0,2,1,0,1,1,1.35,0,1,2,wallet
VCH_02458,27,2,0.2143,5,5,5,28,0,6.91,3,2,10,merchant_payment
VCH_02459,29,2,0.2143,2,3,1,29,0,6.95,1,2,6,cash_out
VCH_02460,59,1,1.0,11,5,6,3,1,5.63,1,3,6,cash_out
VCH_02461,36,1,1.0,0,3,2,29,0,9.92,4,6,9,cash_at_till
VCH_02462,55,0,1.0,3,5,4,1,1,4.2,0,3,6,wallet
VCH_02463,1,3,0.2143,12,3,3,29,0,8.37,0,4,12,wallet
VCH_02464,37,1,1.0,6,1,5,15,0,8.94,2,2,11,bank_transfer
VCH_02465,58,4,1.0,11,4,6,3,1,10.66,0,5,12,wallet
VCH_02466,4,1,1.0,12,1,3,30,0,4.85,4,4,9,cash_at_till
VCH_02467,18,2,0.2143,4,2,4,28,0,9.22,1,1,11,cash_out
VCH_02468,21,0,1.0,8,4,0,1,1,5.37,3,3,12,merchant_payment
VCH_02469,2,0,1.0,0,5,1,15,0,6.65,0,2,6,wallet
VCH_02470,23,2,0.2143,5,0,2,1,1,7.56,3,1,8,merchant_payment
VCH_02471,36,3,0.2143,1,5,0,28,0,5.99,3,2,6,merchant_payment
VCH_02472,3,2,0.2143,0,5,5,15,0,5.73,0,2,8,wallet
VCH_02473,56,0,1.0,2,3,0,3,1,2.16,0,1,1,wallet
VCH_02474,30,1,1.0,3,1,3,2,1,4.34,1,2,7,cash_out
VCH_02475,20,1,1.0,13,0,1,1,1,2.25,0,4,5,wallet
VCH_02476,44,4,1.0,6,2,2,1,1,5.36,3,5,7,merchant_payment
VCH_02477,26,0,1.0,10,5,2,1,1,10.02,4,3,12,cash_at_till
VCH_02478,27,0,1.0,7,4,2,1,1,4.31,0,2,6,wallet
VCH_02479,51,3,0.2143,0,5,6,1,1,3.71,4,2,2,cash_at_till
VCH_02480,43,1,1.0,13,4,1,30,0,2.38,1,1,7,cash_out
VCH_02481,6,1,1.0,1,5,5,2,1,3.95,3,7,2,merchant_payment
VCH_02482,56,4,1.0,3,3,5,28,0,1.11,3,0,7,merchant_payment
VCH_02483,30,0,1.0,5,2,4,15,0,2.58,0,3,7,wallet
VCH_02484,29,2,0.2143,4,5,6,2,1,3.81,0,4,6,wallet
VCH_02485,28,0,1.0,13,0,1,30,0,2.77,0,0,9,wallet
VCH_02486,20,0,1.0,4,3,6,28,0,6.69,4,1,13,cash_at_till
VCH_02487,14,2,0.2143,0,1,4,16,0,5.71,2,4,9,bank_transfer
VCH_02488,19,0,1.0,10,1,0,2,1,2.19,0,2,4,wallet
VCH_02489,54,0,1.0,7,2,5,29,0,2.98,2,4,9,bank_transfer
VCH_02490,55,0,1.0,5,3,3,2,1,8.07,1,3,11,cash_out
VCH_02491,51,0,1.0,13,0,4,1,1,7.96,3,3,8,merchant_payment
VCH_02492,8,0,1.0,0,2,2,1,1,5.35,1,1,6,cash_out
VCH_02493,47,3,0.2143,0,5,5,15,0,3.62,2,4,9,bank_transfer
VCH_02494,32,0,1.0,13,0,1,30,0,1.25,2,2,6,bank_transfer
VCH_02495,50,4,1.0,11,0,2,3,1,7.0,1,3,10,cash_out
VCH_02496,1,1,1.0,0,1,2,2,1,4.14,3,1,3,merchant_payment
VCH_02497,47,2,0.2143,6,4,1,16,0,4.16,3,0,9,merchant_payment
VCH_02498,38,0,1.0,0,2,3,2,1,2.53,0,4,7,wallet
VCH_02499,37,2,0.2143,4,2,6,15,0,6.77,3,3,10,merchant_payment
VCH_02500,9,2,0.2143,11,4,6,2,1,6.11,3,3,8,merchant_payment
VCH_02501,7,0,1.0,11,4,4,2,1,2.85,0,5,5,wallet
VCH_02502,28,2,0.2143,1,0,3,2,1,9.36,4,4,7,cash_at_till
VCH_02503,59,2,0.2143,5,5,3,28,0,6.48,0,2,15,wallet
VCH_02504,21,4,1.0,4,5,1,1,1,5.32,0,1,7,wallet
VCH_02505,2,1,1.0,13,5,4,28,0,5.87,0,5,13,wallet
VCH_02506,16,4,1.0,8,5,2,1,1,1.75,2,3,5,bank_transfer
VCH_02507,29,0,1.0,12,5,1,29,0,1.91,1,1,7,cash_out
VCH_02508,5,4,1.0,0,3,1,1,1,2.33,3,4,6,merchant_payment
VCH_02509,19,4,1.0,8,0,5,3,1,6.14,3,0,9,merchant_payment
VCH_02510,29,2,0.2143,1,1,1,29,0,3.52,4,3,7,cash_at_till
VCH_02511,12,0,1.0,0,4,2,2,1,3.86,3,2,3,merchant_payment
VCH_02512,24,0,1.0,2,3,5,16,0,2.39,2,0,3,bank_transfer
VCH_02513,3,0,1.0,2,3,2,1,1,9.09,4,2,10,cash_at_till
VCH_02514,4,1,1.0,0,3,6,1,1,2.87,0,2,3,wallet
VCH_02515,10,2,0.2143,1,3,4,28,0,4.19,3,2,5,merchant_payment
VCH_02516,19,1,1.0,4,1,4,16,0,6.02,2,2,11,bank_transfer
VCH_02517,47,2,0.2143,3,1,5,28,0,7.01,0,2,11,wallet
VCH_02518,32,1,1.0,2,0,5,3,1,6.03,0,1,3,wallet
VCH_02519,53,0,1.0,5,0,3,28,0,8.25,2,3,13,bank_transfer
VCH_02520,24,0,1.0,6,0,5,3,1,5.28,2,5,7,bank_transfer
VCH_02521,14,0,1.0,0,1,5,30,0,5.36,1,1,9,cash_out
VCH_02522,49,0,1.0,6,5,5,15,0,4.49,3,3,8,merchant_payment
VCH_02523,47,3,0.2143,8,0,0,15,0,2.51,3,3,9,merchant_payment
VCH_02524,20,4,1.0,3,5,5,2,1,1.52,2,0,5,bank_transfer
VCH_02525,20,0,1.0,2,5,2,1,1,4.51,0,3,3,wallet
VCH_02526,58,1,1.0,10,4,0,1,1,5.76,2,1,10,bank_transfer
VCH_02527,45,0,1.0,10,0,5,28,0,1.77,2,4,7,bank_transfer
VCH_02528,20,2,0.2143,3,5,1,2,1,1.0,2,2,5,bank_transfer
VCH_02529,25,0,1.0,8,1,3,1,1,2.72,2,2,10,bank_transfer
VCH_02530,1,0,1.0,5,0,6,30,0,3.19,0,1,10,wallet
VCH_02531,48,3,0.2143,0,2,0,1,1,2.16,0,5,2,wallet
VCH_02532,57,0,1.0,0,2,5,1,1,2.43,1,1,3,cash_out
VCH_02533,0,0,1.0,1,3,6,28,0,2.96,1,3,5,cash_out
VCH_02534,33,2,0.2143,0,1,1,3,1,5.62,1,2,3,cash_out
VCH_02535,19,1,1.0,0,3,6,1,1,8.69,3,6,6,merchant_payment
VCH_02536,3,1,1.0,11,0,6,2,1,3.02,4,3,5,cash_at_till
VCH_02537,48,0,1.0,4,5,3,28,0,8.63,2,7,10,bank_transfer
VCH_02538,11,1,1.0,2,4,3,2,1,9.06,0,4,7,wallet
VCH_02539,17,2,0.2143,1,5,5,15,0,4.25,2,2,4,bank_transfer
VCH_02540,11,0,1.0,7,1,0,3,1,5.54,1,2,7,cash_out
VCH_02541,42,0,1.0,10,0,2,28,0,5.93,3,3,9,merchant_payment
VCH_02542,17,1,1.0,0,0,1,1,1,2.34,3,5,7,merchant_payment
VCH_02543,7,4,1.0,2,1,4,2,1,3.99,1,4,2,cash_out
VCH_02544,49,3,0.2143,11,5,6,1,1,5.54,0,2,6,wallet
VCH_02545,16,3,0.2143,8,4,2,15,0,3.9,1,3,8,cash_out
VCH_02546,21,4,1.0,1,5,2,15,0,7.17,3,1,12,merchant_payment
VCH_02547,43,0,1.0,4,4,0,28,0,8.49,2,3,10,bank_transfer
VCH_02548,32,1,1.0,0,3,3,16,0,8.17,2,3,8,bank_transfer
VCH_02549,1,2,0.2143,10,5,6,28,0,8.03,4,2,14,cash_at_till
VCH_02550,59,0,1.0,11,2,5,1,1,2.69,1,1,8,cash_out
VCH_02551,56,0,1.0,6,3,5,2,1,4.71,0,3,7,wallet
VCH_02552,26,4,1.0,9,4,6,29,0,5.68,2,1,10,bank_transfer
VCH_02553,54,0,1.0,0,4,3,1,1,4.97,1,0,5,cash_out
VCH_02554,48,0,1.0,5,5,6,2,1,3.21,2,1,5,bank_transfer
VCH_02555,43,1,1.0,5,0,1,3,1,6.23,4,2,8,cash_at_till
VCH_02556,17,3,0.2143,0,0,5,1,1,1.88,0,5,1,wallet
VCH_02557,8,3,0.2143,7,5,6,1,1,1.75,1,7,6,cash_out
VCH_02558,40,2,0.2143,3,5,3,3,1,3.6,1,3,6,cash_out
VCH_02559,15,2,0.2143,10,3,3,3,1,5.26,2,2,8,bank_transfer
VCH_02560,33,2,0.2143,9,2,4,1,1,10.89,3,4,10,merchant_payment
VCH_02561,41,0,1.0,3,0,3,16,0,10.36,3,2,15,merchant_payment
VCH_02562,43,2,0.2143,7,5,2,30,0,4.5,1,0,13,cash_out
VCH_02563,31,2,0.2143,12,2,5,29,0,3.02,3,2,7,merchant_payment
VCH_02564,52,3,0.2143,0,2,6,2,1,4.64,2,3,6,bank_transfer
VCH_02565,6,3,0.2143,12,4,6,2,1,6.15,4,3,6,cash_at_till
VCH_02566,26,2,0.2143,13,5,5,28,0,4.76,1,3,9,cash_out
VCH_02567,51,0,1.0,6,2,1,3,1,4.14,3,5,5,merchant_payment
VCH_02568,25,0,1.0,9,2,6,2,1,2.87,0,4,7,wallet
VCH_02569,19,2,0.2143,0,3,6,2,1,1.22,0,3,2,wallet
VCH_02570,40,0,1.0,2,0,2,16,0,7.77,4,2,7,cash_at_till
VCH_02571,42,0,1.0,6,3,6,2,1,5.6,0,4,6,wallet
VCH_02572,51,0,1.0,1,5,1,3,1,7.06,0,4,5,wallet
VCH_02573,56,3,0.2143,0,4,5,1,1,1.82,2,2,5,bank_transfer
VCH_02574,31,0,1.0,0,0,1,15,0,4.56,3,5,13,merchant_payment
VCH_02575,25,3,0.2143,11,3,0,29,0,2.16,3,3,7,merchant_payment
VCH_02576,56,0,1.0,2,1,0,2,1,7.08,3,2,5,merchant_payment
VCH_02577,51,0,1.0,4,0,2,2,1,4.82,0,3,6,wallet
VCH_02578,51,1,1.0,5,4,6,29,0,5.94,0,5,12,wallet
VCH_02579,37,0,1.0,11,1,4,15,0,12.36,3,1,13,merchant_payment
VCH_02580,24,1,1.0,4,5,1,16,0,1.0,0,0,7,wallet
VCH_02581,23,4,1.0,11,5,0,1,1,4.34,3,1,6,merchant_payment
VCH_02582,12,1,1.0,13,3,5,1,1,5.46,0,1,6,wallet
VCH_02583,37,0,1.0,1,5,3,1,1,3.61,3,1,3,merchant_payment
VCH_02584,36,0,1.0,13,1,5,30,0,2.96,3,2,6,merchant_payment
VCH_02585,46,2,0.2143,12,0,0,1,1,10.49,4,2,9,cash_at_till
VCH_02586,4,1,1.0,3,4,2,1,1,5.71,3,5,8,merchant_payment
VCH_02587,19,2,0.2143,11,3,6,2,1,1.92,3,2,7,merchant_payment
VCH_02588,17,0,1.0,11,4,2,28,0,4.25,4,6,7,cash_at_till
VCH_02589,1,1,1.0,5,0,3,3,1,3.59,2,8,5,bank_transfer
VCH_02590,39,2,0.2143,0,1,1,15,0,12.47,0,1,10,wallet
VCH_02591,24,0,1.0,11,3,5,28,0,2.69,4,2,9,cash_at_till
VCH_02592,29,4,1.0,7,5,0,15,0,3.7,3,2,10,merchant_payment
VCH_02593,18,0,1.0,4,5,3,1,1,2.32,2,3,4,bank_transfer
VCH_02594,33,2,0.2143,1,3,4,1,1,5.13,4,7,4,cash_at_till
VCH_02595,10,3,0.2143,3,3,3,28,0,5.72,1,3,12,cash_out
VCH_02596,44,2,0.2143,6,3,0,1,1,6.94,0,2,7,wallet
VCH_02597,40,1,1.0,0,1,2,28,0,8.45,1,8,9,cash_out
VCH_02598,39,2,0.2143,10,4,3,28,0,3.32,3,0,7,merchant_payment
VCH_02599,46,2,0.2143,6,0,4,1,1,2.86,3,2,7,merchant_payment
VCH_02600,51,0,1.0,3,3,3,1,1,3.25,1,7,11,cash_out
VCH_02601,40,1,1.0,10,0,3,28,0,6.22,1,5,11,cash_out
VCH_02602,39,3,0.2143,0,1,5,1,1,1.83,3,5,2,merchant_payment
VCH_02603,31,0,1.0,4,0,4,28,0,3.37,1,2,9,cash_out
VCH_02604,8,4,1.0,9,0,2,2,1,2.57,3,5,4,merchant_payment
VCH_02605,7,4,1.0,4,1,6,1,1,5.11,1,2,6,cash_out
VCH_02606,21,4,1.0,1,3,3,1,1,3.14,4,2,12,cash_at_till
VCH_02607,6,0,1.0,2,1,6,3,1,5.35,3,2,9,merchant_payment
VCH_02608,13,4,1.0,4,3,5,29,0,26.41,2,5,20,bank_transfer
VCH_02609,8,3,0.2143,2,3,0,1,1,7.46,0,5,10,wallet
VCH_02610,52,2,0.2143,11,1,6,3,1,5.33,1,3,7,cash_out
VCH_02611,41,0,1.0,5,1,6,2,1,4.88,1,9,11,cash_out
VCH_02612,21,4,1.0,11,1,3,16,0,3.23,1,3,8,cash_out
VCH_02613,7,0,1.0,5,3,5,29,0,6.92,3,2,9,merchant_payment
VCH_02614,45,1,1.0,5,1,4,2,1,4.73,1,1,7,cash_out
VCH_02615,36,0,1.0,0,1,1,2,1,15.36,2,2,9,bank_transfer
VCH_02616,51,1,1.0,0,3,5,29,0,2.5,0,3,5,wallet
VCH_02617,33,1,1.0,0,3,0,30,0,1.67,0,6,3,wallet
VCH_02618,35,4,1.0,4,5,2,15,0,10.46,0,5,11,wallet
VCH_02619,6,3,0.2143,0,5,6,29,0,3.93,3,2,5,merchant_payment
VCH_02620,14,0,1.0,5,2,1,28,0,4.57,4,4,8,cash_at_till
VCH_02621,42,0,1.0,2,5,4,30,0,2.42,2,2,5,bank_transfer
VCH_02622,51,1,1.0,12,2,3,2,1,2.09,4,5,4,cash_at_till
VCH_02623,56,1,1.0,3,2,6,1,1,6.22,2,6,9,bank_transfer
VCH_02624,7,1,1.0,5,0,1,30,0,4.34,4,4,11,cash_at_till
VCH_02625,12,2,0.2143,1,3,5,28,0,4.0,2,3,5,bank_transfer
VCH_02626,46,1,1.0,2,0,4,2,1,14.07,3,5,9,merchant_payment
VCH_02627,0,2,0.2143,3,0,2,3,1,2.42,1,3,4,cash_out
VCH_02628,26,1,1.0,0,4,5,16,0,2.45,3,1,3,merchant_payment
VCH_02629,13,2,0.2143,9,3,0,3,1,5.11,0,4,9,wallet
VCH_02630,49,1,1.0,3,1,6,3,1,6.62,4,3,9,cash_at_till
VCH_02631,54,0,1.0,13,3,5,15,0,7.79,1,2,13,cash_out
VCH_02632,50,2,0.2143,13,3,4,2,1,2.75,0,2,5,wallet
VCH_02633,4,0,1.0,0,2,4,29,0,6.2,3,1,8,merchant_payment
VCH_02634,31,0,1.0,1,3,5,1,1,2.09,1,3,4,cash_out
VCH_02635,57,0,1.0,1,1,1,2,1,6.81,0,1,8,wallet
VCH_02636,8,0,1.0,11,4,0,1,1,7.7,4,2,8,cash_at_till
VCH_02637,24,4,1.0,0,3,5,1,1,6.47,2,7,5,bank_transfer
VCH_02638,8,2,0.2143,3,0,1,15,0,4.91,0,4,9,wallet
VCH_02639,49,0,1.0,0,3,6,1,1,11.45,0,4,6,wallet
VCH_02640,19,0,1.0,2,5,5,15,0,5.24,3,1,6,merchant_payment
VCH_02641,24,2,0.2143,6,4,2,30,0,7.32,1,6,13,cash_out
VCH_02642,45,0,1.0,13,1,6,3,1,1.88,1,2,6,cash_out
VCH_02643,17,1,1.0,4,5,3,3,1,14.65,0,2,13,wallet
VCH_02644,54,3,0.2143,6,5,4,28,0,4.31,0,3,9,wallet
VCH_02645,38,2,0.2143,0,1,6,3,1,2.6,2,5,4,bank_transfer
VCH_02646,42,2,0.2143,6,4,3,2,1,4.03,0,3,6,wallet
VCH_02647,6,1,1.0,1,5,6,1,1,3.35,1,2,3,cash_out
VCH_02648,25,2,0.2143,4,0,5,2,1,7.8,1,4,10,cash_out
VCH_02649,48,2,0.2143,10,3,0,28,0,4.07,1,5,11,cash_out
VCH_02650,18,2,0.2143,13,1,3,15,0,4.43,3,1,9,merchant_payment
VCH_02651,15,1,1.0,1,2,5,2,1,4.82,2,6,4,bank_transfer
VCH_02652,13,0,1.0,0,2,6,15,0,4.92,0,2,5,wallet
VCH_02653,39,1,1.0,4,5,4,29,0,3.77,0,4,11,wallet
VCH_02654,3,2,0.2143,4,0,3,30,0,8.38,2,3,10,bank_transfer
VCH_02655,18,0,1.0,6,5,1,1,1,1.94,2,3,6,bank_transfer
VCH_02656,17,4,1.0,1,5,6,3,1,4.21,1,3,2,cash_out
VCH_02657,26,0,1.0,2,5,3,1,1,12.24,0,3,8,wallet
VCH_02658,15,1,1.0,3,5,3,29,0,4.0,0,5,7,wallet
VCH_02659,47,0,1.0,13,0,4,29,0,9.93,0,1,18,wallet
VCH_02660,4,0,1.0,7,1,5,30,0,4.5,0,2,10,wallet
VCH_02661,27,3,0.2143,2,5,6,29,0,5.44,0,3,8,wallet
VCH_02662,8,1,1.0,3,0,4,3,1,1.52,1,2,4,cash_out
VCH_02663,33,0,1.0,3,1,4,15,0,2.06,4,3,8,cash_at_till
VCH_02664,9,0,1.0,8,4,4,30,0,11.56,1,2,15,cash_out
VCH_02665,59,2,0.2143,13,4,6,2,1,3.01,1,1,5,cash_out
VCH_02666,5,2,0.2143,8,1,5,29,0,2.88,2,4,6,bank_transfer
VCH_02667,7,0,1.0,5,3,3,2,1,1.76,1,4,4,cash_out
VCH_02668,13,3,0.2143,4,4,1,29,0,5.18,0,0,16,wallet
VCH_02669,38,1,1.0,12,5,6,15,0,4.18,0,1,10,wallet
VCH_02670,6,2,0.2143,8,5,1,2,1,1.27,1,2,4,cash_out
VCH_02671,57,2,0.2143,1,2,4,30,0,2.31,4,4,7,cash_at_till
VCH_02672,39,2,0.2143,0,4,0,1,1,5.65,1,4,6,cash_out
VCH_02673,48,1,1.0,10,4,6,3,1,2.53,1,3,5,cash_out
VCH_02674,51,0,1.0,10,0,5,30,0,5.84,0,1,9,wallet
VCH_02675,23,0,1.0,2,3,0,1,1,14.23,2,4,9,bank_transfer
VCH_02676,19,2,0.2143,4,2,3,29,0,2.45,1,1,8,cash_out
VCH_02677,31,1,1.0,9,0,2,29,0,3.36,0,7,7,wallet
VCH_02678,50,2,0.2143,1,3,3,1,1,4.71,0,1,5,wallet
VCH_02679,36,0,1.0,9,0,5,15,0,6.58,2,2,9,bank_transfer
VCH_02680,46,0,1.0,7,5,2,2,1,11.9,0,6,11,wallet
VCH_02681,24,4,1.0,2,4,6,1,1,12.08,1,1,14,cash_out
VCH_02682,51,0,1.0,0,5,6,30,0,3.44,1,0,4,cash_out
VCH_02683,28,1,1.0,13,0,4,15,0,3.86,3,1,11,merchant_payment
VCH_02684,47,2,0.2143,0,4,2,15,0,10.39,0,1,10,wallet
VCH_02685,59,1,1.0,10,4,1,1,1,6.88,0,3,12,wallet
VCH_02686,54,0,1.0,6,1,4,1,1,4.22,1,6,6,cash_out
VCH_02687,39,0,1.0,6,0,5,1,1,15.25,1,2,12,cash_out
VCH_02688,41,0,1.0,12,5,4,2,1,8.03,1,5,7,cash_out
VCH_02689,51,3,0.2143,0,3,5,3,1,8.86,2,3,6,bank_transfer
VCH_02690,42,1,1.0,13,0,5,1,1,1.79,3,1,10,merchant_payment
VCH_02691,13,0,1.0,3,0,1,1,1,2.61,1,1,8,cash_out
VCH_02692,27,1,1.0,2,4,2,2,1,18.39,4,3,19,cash_at_till
VCH_02693,25,0,1.0,0,1,5,28,0,7.9,3,0,7,merchant_payment
VCH_02694,24,0,1.0,3,4,0,29,0,6.76,3,5,9,merchant_payment
VCH_02695,38,0,1.0,2,5,0,29,0,1.3,1,5,2,cash_out
VCH_02696,55,4,1.0,4,5,0,2,1,2.62,1,1,6,cash_out
VCH_02697,19,2,0.2143,0,4,4,3,1,6.12,2,1,5,bank_transfer
VCH_02698,41,0,1.0,12,5,6,1,1,2.25,3,3,5,merchant_payment
VCH_02699,51,4,1.0,1,2,5,1,1,3.48,0,3,3,wallet
VCH_02700,25,2,0.2143,4,2,3,3,1,6.21,1,5,7,cash_out
VCH_02701,33,0,1.0,1,0,0,1,1,2.96,0,2,5,wallet
VCH_02702,43,3,0.2143,13,3,1,2,1,19.91,2,4,15,bank_transfer
VCH_02703,49,0,1.0,9,4,6,28,0,2.14,3,1,6,merchant_payment
VCH_02704,58,1,1.0,3,4,2,2,1,8.57,3,2,9,merchant_payment
VCH_02705,21,0,1.0,13,0,4,1,1,9.95,3,2,9,merchant_payment
VCH_02706,22,4,1.0,0,5,3,1,1,5.65,3,4,3,merchant_payment
VCH_02707,19,1,1.0,4,1,4,1,1,1.95,4,0,5,cash_at_till
VCH_02708,49,0,1.0,7,5,3,29,0,4.4,3,2,18,merchant_payment
VCH_02709,9,0,1.0,12,3,0,15,0,4.21,3,3,7,merchant_payment
VCH_02710,25,4,1.0,4,2,3,30,0,7.63,3,2,10,merchant_payment
VCH_02711,47,0,1.0,8,1,4,2,1,6.8,0,4,7,wallet
VCH_02712,58,0,1.0,0,1,2,30,0,6.41,1,1,6,cash_out
VCH_02713,12,1,1.0,6,3,6,29,0,4.59,1,5,7,cash_out
VCH_02714,10,2,0.2143,1,0,0,1,1,1.75,2,1,1,bank_transfer
VCH_02715,51,0,1.0,0,1,6,28,0,3.88,1,6,8,cash_out
VCH_02716,3,4,1.0,5,4,2,29,0,3.1,2,3,6,bank_transfer
VCH_02717,15,4,1.0,10,1,2,2,1,3.36,4,3,6,cash_at_till
VCH_02718,57,1,1.0,0,1,3,15,0,6.34,1,1,12,cash_out
VCH_02719,9,0,1.0,11,1,4,2,1,2.73,4,2,8,cash_at_till
VCH_02720,51,2,0.2143,0,5,0,1,1,3.42,1,1,3,cash_out
VCH_02721,39,1,1.0,0,5,0,3,1,4.58,2,6,8,bank_transfer
VCH_02722,23,4,1.0,13,3,5,1,1,4.27,1,1,9,cash_out
VCH_02723,46,4,1.0,4,3,5,29,0,2.43,3,7,10,merchant_payment
VCH_02724,52,0,1.0,5,4,1,29,0,2.55,0,3,6,wallet
VCH_02725,25,2,0.2143,2,5,0,2,1,1.43,3,2,1,merchant_payment
VCH_02726,1,0,1.0,4,2,4,15,0,2.57,1,3,13,cash_out
VCH_02727,11,0,1.0,0,2,3,1,1,4.11,1,4,2,cash_out
VCH_02728,6,4,1.0,5,3,4,1,1,2.69,1,0,5,cash_out
VCH_02729,12,2,0.2143,4,5,4,1,1,2.22,3,4,5,merchant_payment
VCH_02730,16,2,0.2143,7,5,6,3,1,10.8,0,4,10,wallet
VCH_02731,1,3,0.2143,2,4,0,30,0,7.04,1,0,6,cash_out
VCH_02732,34,1,1.0,3,4,1,1,1,2.65,0,3,5,wallet
VCH_02733,2,1,1.0,0,4,3,28,0,7.29,0,0,9,wallet
VCH_02734,2,1,1.0,9,2,2,2,1,4.76,2,2,7,bank_transfer
VCH_02735,25,3,0.2143,11,3,5,3,1,3.29,3,6,5,merchant_payment
VCH_02736,25,2,0.2143,7,4,0,2,1,5.16,0,3,6,wallet
VCH_02737,29,2,0.2143,4,2,5,3,1,4.25,2,4,5,bank_transfer
VCH_02738,37,1,1.0,4,2,2,2,1,3.9,0,2,5,wallet
VCH_02739,31,1,1.0,1,4,3,3,1,2.62,4,1,3,cash_at_till
VCH_02740,57,2,0.2143,4,0,4,28,0,3.1,1,2,7,cash_out
VCH_02741,12,0,1.0,0,3,2,1,1,4.9,1,3,4,cash_out
VCH_02742,31,4,1.0,2,2,4,3,1,3.99,3,7,5,merchant_payment
VCH_02743,27,1,1.0,3,0,5,2,1,4.21,3,3,6,merchant_payment
VCH_02744,43,2,0.2143,0,0,4,29,0,13.04,2,1,11,bank_transfer
VCH_02745,46,0,1.0,12,3,5,1,1,4.97,2,3,6,bank_transfer
VCH_02746,4,2,0.2143,2,4,2,3,1,4.99,0,2,6,wallet
VCH_02747,32,4,1.0,3,0,2,2,1,6.61,2,1,10,bank_transfer
VCH_02748,42,0,1.0,5,2,5,2,1,1.0,4,2,4,cash_at_till
VCH_02749,31,0,1.0,6,4,3,1,1,1.81,0,2,6,wallet
VCH_02750,18,2,0.2143,2,3,4,15,0,10.22,0,1,16,wallet
VCH_02751,1,1,1.0,1,0,4,15,0,7.0,1,4,7,cash_out
VCH_02752,20,0,1.0,1,4,6,2,1,4.06,2,3,3,bank_transfer
VCH_02753,10,0,1.0,1,0,1,1,1,3.42,0,1,6,wallet
VCH_02754,18,0,1.0,7,2,1,3,1,5.68,1,3,8,cash_out
VCH_02755,9,0,1.0,9,5,4,28,0,6.09,1,3,13,cash_out
VCH_02756,49,0,1.0,7,0,0,30,0,8.15,4,1,12,cash_at_till
VCH_02757,28,3,0.2143,4,5,5,1,1,3.18,3,3,5,merchant_payment
VCH_02758,10,2,0.2143,6,0,0,1,1,6.76,2,4,7,bank_transfer
VCH_02759,56,4,1.0,0,3,1,30,0,6.4,1,3,6,cash_out
VCH_02760,56,2,0.2143,6,3,2,1,1,1.0,1,3,7,cash_out
VCH_02761,1,3,0.2143,2,5,0,2,1,2.71,1,3,2,cash_out
VCH_02762,13,0,1.0,8,3,3,3,1,2.37,3,4,6,merchant_payment
VCH_02763,18,2,0.2143,7,2,3,30,0,1.72,0,1,7,wallet
VCH_02764,53,1,1.0,5,4,5,1,1,4.12,1,2,6,cash_out
VCH_02765,0,2,0.2143,11,5,1,2,1,4.0,3,2,9,merchant_payment
VCH_02766,1,0,1.0,9,4,3,16,0,1.0,0,4,6,wallet
VCH_02767,38,3,0.2143,0,1,0,29,0,2.92,1,4,10,cash_out
VCH_02768,43,1,1.0,10,5,4,3,1,6.85,3,4,10,merchant_payment
VCH_02769,28,1,1.0,2,3,6,28,0,9.0,0,4,7,wallet
VCH_02770,58,1,1.0,0,2,2,2,1,5.82,3,4,6,merchant_payment
VCH_02771,46,2,0.2143,9,0,2,1,1,3.94,3,1,9,merchant_payment
VCH_02772,21,1,1.0,11,4,1,28,0,9.89,3,5,11,merchant_payment
VCH_02773,28,3,0.2143,12,4,4,2,1,3.27,4,1,5,cash_at_till
VCH_02774,13,1,1.0,13,0,3,28,0,3.6,1,3,8,cash_out
VCH_02775,7,2,0.2143,0,0,1,1,1,3.36,1,2,5,cash_out
VCH_02776,41,0,1.0,2,2,6,2,1,5.02,0,2,5,wallet
VCH_02777,35,1,1.0,0,4,2,29,0,12.27,3,3,9,merchant_payment
VCH_02778,59,0,1.0,5,5,0,1,1,5.8,1,4,8,cash_out
VCH_02779,46,2,0.2143,4,2,0,2,1,6.24,0,1,6,wallet
VCH_02780,3,2,0.2143,11,1,3,3,1,2.87,1,2,9,cash_out
VCH_02781,57,2,0.2143,8,1,3,3,1,9.19,0,1,10,wallet
VCH_02782,59,0,1.0,9,2,4,2,1,3.98,3,5,5,merchant_payment
VCH_02783,13,3,0.2143,8,2,3,30,0,2.69,4,5,10,cash_at_till
VCH_02784,22,4,1.0,3,4,1,1,1,4.46,0,5,6,wallet
VCH_02785,28,2,0.2143,5,4,6,30,0,3.24,0,4,12,wallet
VCH_02786,28,0,1.0,12,5,0,3,1,7.0,1,5,10,cash_out
VCH_02787,8,0,1.0,0,3,3,29,0,3.49,1,4,7,cash_out
VCH_02788,7,4,1.0,3,2,3,30,0,1.79,3,1,7,merchant_payment
VCH_02789,20,1,1.0,3,1,4,1,1,3.52,4,2,12,cash_at_till
VCH_02790,40,0,1.0,7,5,5,30,0,7.28,3,5,9,merchant_payment
VCH_02791,13,2,0.2143,9,3,6,1,1,5.96,0,6,6,wallet
VCH_02792,23,1,1.0,10,4,5,30,0,4.27,0,0,11,wallet
VCH_02793,42,2,0.2143,12,3,6,1,1,2.69,0,2,7,wallet
VCH_02794,30,3,0.2143,1,5,1,1,1,2.35,2,4,1,bank_transfer
VCH_02795,1,1,1.0,5,2,0,15,0,7.84,3,3,14,merchant_payment
VCH_02796,55,3,0.2143,2,5,5,1,1,5.76,3,4,3,merchant_payment
VCH_02797,46,0,1.0,0,4,3,16,0,5.89,2,4,6,bank_transfer
VCH_02798,14,2,0.2143,4,3,5,29,0,2.79,0,4,20,wallet
VCH_02799,54,4,1.0,7,1,3,15,0,7.86,4,4,12,cash_at_till
VCH_02800,56,0,1.0,10,0,3,15,0,9.06,0,0,13,wallet
VCH_02801,46,3,0.2143,1,2,3,2,1,5.94,2,4,3,bank_transfer
VCH_02802,21,2,0.2143,0,0,3,2,1,17.36,3,3,11,merchant_payment
VCH_02803,21,0,1.0,0,1,0,15,0,3.77,0,4,6,wallet
VCH_02804,45,0,1.0,12,5,2,1,1,9.56,0,3,11,wallet
VCH_02805,4,1,1.0,13,3,2,2,1,3.46,0,3,5,wallet
VCH_02806,24,0,1.0,11,3,4,16,0,2.8,0,1,10,wallet
VCH_02807,34,0,1.0,3,4,3,1,1,3.42,4,1,8,cash_at_till
VCH_02808,51,1,1.0,12,1,6,1,1,3.31,1,3,5,cash_out
VCH_02809,9,1,1.0,13,2,2,15,0,5.59,0,2,8,wallet
VCH_02810,33,2,0.2143,1,2,4,2,1,4.74,2,1,5,bank_transfer
VCH_02811,44,0,1.0,4,1,2,29,0,2.61,0,4,7,wallet
VCH_02812,55,0,1.0,8,1,4,16,0,2.3,0,4,7,wallet
VCH_02813,31,2,0.2143,0,4,5,1,1,3.08,1,4,8,cash_out
VCH_02814,19,1,1.0,4,5,0,16,0,4.46,3,5,8,merchant_payment
VCH_02815,7,3,0.2143,4,2,5,29,0,1.37,2,1,6,bank_transfer
VCH_02816,12,1,1.0,9,4,2,1,1,10.76,1,4,9,cash_out
VCH_02817,46,2,0.2143,8,5,2,2,1,3.38,1,6,7,cash_out
VCH_02818,51,1,1.0,13,5,5,2,1,2.32,3,4,5,merchant_payment
VCH_02819,32,4,1.0,2,4,0,2,1,3.45,2,1,5,bank_transfer
VCH_02820,47,1,1.0,13,0,4,30,0,9.22,3,2,13,merchant_payment
VCH_02821,27,1,1.0,5,3,5,16,0,2.51,1,3,7,cash_out
VCH_02822,42,0,1.0,9,4,2,28,0,4.52,1,0,11,cash_out
VCH_02823,7,1,1.0,1,3,0,1,1,6.14,3,4,3,merchant_payment
VCH_02824,47,0,1.0,13,0,5,28,0,5.68,0,3,11,wallet
VCH_02825,58,4,1.0,1,2,4,1,1,4.58,1,5,4,cash_out
VCH_02826,36,4,1.0,10,0,2,15,0,5.8,3,3,8,merchant_payment
VCH_02827,57,2,0.2143,5,3,0,2,1,9.2,2,6,8,bank_transfer
VCH_02828,0,4,1.0,4,4,5,16,0,6.91,0,2,12,wallet
VCH_02829,20,2,0.2143,5,5,3,3,1,7.89,4,4,9,cash_at_till
VCH_02830,49,1,1.0,2,0,0,2,1,5.52,0,7,7,wallet
VCH_02831,13,0,1.0,10,5,2,15,0,5.43,2,1,9,bank_transfer
VCH_02832,43,1,1.0,1,0,5,2,1,6.85,3,1,7,merchant_payment
VCH_02833,14,4,1.0,2,1,6,1,1,2.81,0,6,7,wallet
VCH_02834,44,1,1.0,4,1,6,2,1,13.29,1,1,11,cash_out
VCH_02835,6,0,1.0,0,2,4,1,1,6.59,4,3,10,cash_at_till
VCH_02836,32,0,1.0,11,4,2,2,1,5.41,2,4,7,bank_transfer
VCH_02837,31,0,1.0,0,5,0,1,1,6.03,0,6,5,wallet
VCH_02838,17,0,1.0,11,4,3,28,0,1.41,0,5,7,wallet
VCH_02839,3,1,1.0,0,0,3,29,0,2.82,2,6,4,bank_transfer
VCH_02840,55,0,1.0,0,1,3,16,0,2.44,2,3,4,bank_transfer
VCH_02841,4,2,0.2143,9,3,5,1,1,3.08,0,2,7,wallet
VCH_02842,10,2,0.2143,3,5,5,1,1,8.23,1,2,8,cash_out
VCH_02843,2,0,1.0,0,4,5,2,1,4.19,3,3,2,merchant_payment
VCH_02844,33,4,1.0,10,5,0,29,0,4.92,1,1,14,cash_out
VCH_02845,7,2,0.2143,7,0,4,1,1,8.41,1,3,8,cash_out
VCH_02846,48,4,1.0,0,3,3,15,0,2.64,3,1,4,merchant_payment
VCH_02847,41,2,0.2143,0,2,4,15,0,2.76,4,3,4,cash_at_till
VCH_02848,7,0,1.0,4,1,6,28,0,4.02,0,4,7,wallet
VCH_02849,16,0,1.0,8,5,4,1,1,5.27,2,3,6,bank_transfer
VCH_02850,24,2,0.2143,6,0,6,2,1,4.3,0,4,5,wallet
VCH_02851,50,0,1.0,11,4,6,29,0,3.91,1,2,11,cash_out
VCH_02852,16,2,0.2143,0,0,5,29,0,2.48,1,1,4,cash_out
VCH_02853,48,1,1.0,5,5,4,1,1,6.11,3,3,7,merchant_payment
VCH_02854,11,0,1.0,12,4,4,1,1,9.37,0,4,8,wallet
VCH_02855,43,1,1.0,2,1,0,1,1,2.9,0,1,3,wallet
VCH_02856,28,1,1.0,6,4,3,15,0,3.21,1,5,7,cash_out
VCH_02857,5,3,0.2143,2,2,0,30,0,2.52,2,3,4,bank_transfer
VCH_02858,31,1,1.0,0,1,4,29,0,3.19,3,5,7,merchant_payment
VCH_02859,3,0,1.0,11,4,5,16,0,5.69,1,2,11,cash_out
VCH_02860,28,1,1.0,0,3,0,29,0,6.08,2,1,6,bank_transfer
VCH_02861,19,4,1.0,8,2,6,1,1,3.09,3,4,8,merchant_payment
VCH_02862,56,4,1.0,5,0,6,30,0,6.57,1,2,9,cash_out
VCH_02863,2,2,0.2143,13,3,0,30,0,3.6,1,1,10,cash_out
VCH_02864,10,0,1.0,0,1,2,28,0,3.94,1,2,5,cash_out
VCH_02865,57,2,0.2143,0,4,1,2,1,3.14,1,6,2,cash_out
VCH_02866,17,2,0.2143,4,0,2,28,0,2.92,2,3,10,bank_transfer
VCH_02867,9,0,1.0,9,3,2,3,1,4.47,1,3,6,cash_out
VCH_02868,58,2,0.2143,13,5,6,28,0,5.52,0,5,11,wallet
VCH_02869,0,1,1.0,10,0,4,2,1,9.71,3,2,8,merchant_payment
VCH_02870,24,3,0.2143,1,0,4,29,0,7.4,4,2,6,cash_at_till
VCH_02871,59,0,1.0,3,5,6,29,0,2.3,1,2,7,cash_out
VCH_02872,25,1,1.0,4,1,3,2,1,3.39,1,6,14,cash_out
VCH_02873,51,4,1.0,0,1,6,3,1,2.11,0,2,1,wallet
VCH_02874,4,4,1.0,0,2,1,16,0,2.65,2,3,5,bank_transfer
VCH_02875,13,1,1.0,7,0,2,16,0,3.15,4,3,7,cash_at_till
VCH_02876,2,1,1.0,5,1,5,29,0,5.46,0,2,9,wallet
VCH_02877,31,0,1.0,5,4,4,29,0,3.88,4,1,7,cash_at_till
VCH_02878,19,1,1.0,13,3,0,30,0,4.86,3,2,8,merchant_payment
VCH_02879,28,3,0.2143,3,4,5,29,0,3.41,2,2,9,bank_transfer
VCH_02880,32,2,0.2143,1,2,5,30,0,4.18,0,5,8,wallet
VCH_02881,9,1,1.0,13,0,5,29,0,1.41,0,2,8,wallet
VCH_02882,30,0,1.0,9,3,2,3,1,5.54,3,5,7,merchant_payment
VCH_02883,4,1,1.0,5,2,5,1,1,3.06,4,3,7,cash_at_till
VCH_02884,31,1,1.0,11,4,6,1,1,2.83,3,2,6,merchant_payment
VCH_02885,29,1,1.0,2,3,3,1,1,2.57,4,0,2,cash_at_till
VCH_02886,52,2,0.2143,0,0,6,2,1,1.45,0,2,2,wallet
VCH_02887,54,1,1.0,6,4,0,15,0,2.95,1,4,7,cash_out
VCH_02888,40,2,0.2143,2,5,2,29,0,2.57,4,1,10,cash_at_till
VCH_02889,36,2,0.2143,3,1,4,2,1,4.63,0,4,8,wallet
VCH_02890,50,1,1.0,2,0,4,30,0,4.19,2,2,4,bank_transfer
VCH_02891,33,1,1.0,13,5,6,2,1,7.33,3,1,7,merchant_payment
VCH_02892,3,4,1.0,10,3,4,29,0,11.92,3,3,12,merchant_payment
VCH_02893,26,0,1.0,2,5,5,16,0,5.63,1,3,6,cash_out
VCH_02894,30,3,0.2143,0,0,2,30,0,5.81,1,5,6,cash_out
VCH_02895,58,4,1.0,12,1,1,3,1,2.96,2,1,8,bank_transfer
VCH_02896,16,2,0.2143,3,0,5,30,0,2.87,0,4,8,wallet
VCH_02897,14,3,0.2143,4,4,6,30,0,2.13,1,3,6,cash_out
VCH_02898,37,0,1.0,3,5,6,1,1,2.07,2,1,5,bank_transfer
VCH_02899,8,4,1.0,3,2,4,3,1,2.64,0,6,6,wallet
VCH_02900,58,1,1.0,2,2,4,15,0,3.74,0,4,10,wallet
VCH_02901,24,1,1.0,0,5,3,1,1,9.71,3,2,5,merchant_payment
VCH_02902,57,2,0.2143,0,5,0,2,1,2.02,0,4,1,wallet
VCH_02903,12,1,1.0,0,1,5,15,0,3.26,1,4,4,cash_out
VCH_02904,7,3,0.2143,12,0,6,30,0,7.81,0,2,10,wallet
VCH_02905,55,1,1.0,6,4,0,3,1,6.34,0,5,8,wallet
VCH_02906,38,1,1.0,10,2,2,1,1,4.32,0,12,5,wallet
VCH_02907,2,1,1.0,3,0,1,1,1,7.14,0,2,11,wallet
VCH_02908,58,0,1.0,8,3,1,29,0,5.58,0,7,9,wallet
VCH_02909,9,0,1.0,11,2,5,15,0,1.36,3,3,6,merchant_payment
VCH_02910,15,0,1.0,0,2,6,1,1,3.26,0,3,4,wallet
VCH_02911,34,1,1.0,5,1,4,2,1,7.29,0,1,9,wallet
VCH_02912,13,0,1.0,3,3,5,1,1,3.52,0,3,6,wallet
VCH_02913,23,2,0.2143,2,2,4,2,1,2.78,1,1,2,cash_out
VCH_02914,10,1,1.0,0,1,1,1,1,6.63,3,3,5,merchant_payment
VCH_02915,49,1,1.0,11,4,0,15,0,3.42,4,4,8,cash_at_till
VCH_02916,57,2,0.2143,0,5,6,16,0,9.83,0,2,11,wallet
VCH_02917,28,1,1.0,11,1,6,1,1,3.68,1,2,8,cash_out
VCH_02918,13,0,1.0,3,0,2,15,0,2.02,0,4,11,wallet
VCH_02919,18,3,0.2143,3,4,1,29,0,3.1,2,1,6,bank_transfer
VCH_02920,14,4,1.0,2,0,1,1,1,11.43,1,3,7,cash_out
VCH_02921,39,4,1.0,0,3,6,29,0,8.22,3,4,7,merchant_payment
VCH_02922,50,0,1.0,5,0,3,1,1,6.79,3,3,10,merchant_payment
VCH_02923,21,0,1.0,8,5,3,29,0,6.41,1,7,12,cash_out
VCH_02924,18,2,0.2143,6,1,0,1,1,4.43,0,2,5,wallet
VCH_02925,21,0,1.0,5,2,1,1,1,4.56,1,3,6,cash_out
VCH_02926,33,2,0.2143,6,4,3,15,0,4.86,2,4,11,bank_transfer
VCH_02927,47,0,1.0,8,0,4,3,1,3.39,0,2,7,wallet
VCH_02928,36,2,0.2143,1,4,4,1,1,1.38,0,3,6,wallet
VCH_02929,39,1,1.0,0,1,0,15,0,5.54,0,3,9,wallet
VCH_02930,59,4,1.0,0,4,5,1,1,5.08,0,4,3,wallet
VCH_02931,33,0,1.0,5,5,4,16,0,6.28,0,4,9,wallet
VCH_02932,33,1,1.0,5,2,2,1,1,1.0,4,2,12,cash_at_till
VCH_02933,6,3,0.2143,2,5,0,29,0,4.27,0,1,5,wallet
VCH_02934,33,0,1.0,8,2,4,2,1,4.6,2,3,9,bank_transfer
VCH_02935,18,0,1.0,6,0,2,15,0,3.81,1,3,8,cash_out
VCH_02936,22,4,1.0,0,1,3,2,1,4.88,0,1,4,wallet
VCH_02937,28,4,1.0,3,0,3,28,0,7.81,0,6,11,wallet
VCH_02938,44,0,1.0,5,0,0,1,1,4.48,2,2,7,bank_transfer
VCH_02939,24,4,1.0,9,1,4,1,1,1.61,1,3,6,cash_out
VCH_02940,28,0,1.0,12,5,3,15,0,2.57,1,2,15,cash_out
VCH_02941,52,2,0.2143,0,1,4,1,1,1.38,0,3,0,wallet
VCH_02942,29,0,1.0,8,3,2,2,1,5.63,2,4,9,bank_transfer
VCH_02943,42,2,0.2143,13,4,1,2,1,2.65,0,3,4,wallet
VCH_02944,33,1,1.0,1,0,6,15,0,3.57,4,4,4,cash_at_till
VCH_02945,58,1,1.0,4,4,2,1,1,6.16,1,2,7,cash_out
VCH_02946,36,3,0.2143,1,0,6,2,1,10.44,1,4,8,cash_out
VCH_02947,51,0,1.0,5,1,1,15,0,7.92,3,0,15,merchant_payment
VCH_02948,22,4,1.0,5,5,5,28,0,2.65,1,4,7,cash_out
VCH_02949,9,4,1.0,11,0,2,28,0,7.18,2,2,11,bank_transfer
VCH_02950,4,2,0.2143,2,3,3,2,1,9.0,2,0,5,bank_transfer
VCH_02951,12,0,1.0,5,4,6,1,1,6.3,0,2,8,wallet
VCH_02952,19,0,1.0,7,1,4,1,1,3.47,3,2,6,merchant_payment
VCH_02953,23,1,1.0,4,4,0,1,1,9.86,1,1,10,cash_out
VCH_02954,20,3,0.2143,0,5,3,15,0,2.31,0,1,6,wallet
VCH_02955,51,0,1.0,3,3,4,30,0,7.34,4,1,9,cash_at_till
VCH_02956,35,2,0.2143,0,1,4,1,1,2.31,1,6,1,cash_out
VCH_02957,10,1,1.0,5,4,4,30,0,2.05,1,4,8,cash_out
VCH_02958,30,2,0.2143,6,4,0,1,1,17.81,0,9,13,wallet
VCH_02959,2,0,1.0,4,2,3,1,1,3.84,1,4,6,cash_out
VCH_02960,50,3,0.2143,2,4,0,15,0,8.49,3,1,8,merchant_payment
VCH_02961,2,0,1.0,3,0,0,2,1,4.15,0,1,6,wallet
VCH_02962,28,2,0.2143,3,0,6,30,0,3.18,4,6,7,cash_at_till
VCH_02963,58,2,0.2143,10,4,6,3,1,5.34,1,2,15,cash_out
VCH_02964,57,3,0.2143,13,2,1,2,1,6.74,3,5,9,merchant_payment
VCH_02965,24,0,1.0,6,3,3,1,1,4.28,2,3,8,bank_transfer
VCH_02966,54,3,0.2143,8,5,1,2,1,12.15,0,2,17,wallet
VCH_02967,26,0,1.0,3,0,3,1,1,2.51,3,4,6,merchant_payment
VCH_02968,31,1,1.0,0,2,4,1,1,11.03,3,4,8,merchant_payment
VCH_02969,24,1,1.0,3,5,3,28,0,5.47,4,4,8,cash_at_till
VCH_02970,46,4,1.0,0,0,0,1,1,1.69,3,0,7,merchant_payment
VCH_02971,52,0,1.0,11,5,0,1,1,3.8,2,3,5,bank_transfer
VCH_02972,46,2,0.2143,12,5,3,3,1,5.1,0,2,7,wallet
VCH_02973,4,3,0.2143,1,4,1,15,0,7.06,1,2,6,cash_out
VCH_02974,53,1,1.0,13,3,5,1,1,5.11,2,5,7,bank_transfer
VCH_02975,38,2,0.2143,0,0,4,30,0,5.16,1,4,5,cash_out
VCH_02976,50,0,1.0,4,3,3,29,0,2.88,0,2,7,wallet
VCH_02977,12,2,0.2143,3,0,4,16,0,5.54,0,2,15,wallet
VCH_02978,51,0,1.0,1,4,5,1,1,2.31,1,3,9,cash_out
VCH_02979,4,3,0.2143,0,0,5,1,1,4.49,1,2,3,cash_out
VCH_02980,31,1,1.0,3,2,4,1,1,4.41,1,2,11,cash_out
VCH_02981,13,0,1.0,0,5,2,15,0,3.34,4,2,5,cash_at_till
VCH_02982,2,0,1.0,6,3,0,1,1,4.36,1,3,7,cash_out
VCH_02983,37,2,0.2143,8,3,4,15,0,2.77,2,1,7,bank_transfer
VCH_02984,37,1,1.0,8,2,1,1,1,5.58,0,2,8,wallet
VCH_02985,20,0,1.0,10,1,3,2,1,1.49,1,3,5,cash_out
VCH_02986,22,3,0.2143,1,0,5,3,1,7.56,2,2,5,bank_transfer
VCH_02987,41,2,0.2143,2,1,4,1,1,7.8,0,6,7,wallet
VCH_02988,53,2,0.2143,2,4,2,2,1,5.49,2,2,3,bank_transfer
VCH_02989,6,1,1.0,2,3,6,1,1,13.47,1,1,9,cash_out
VCH_02990,5,0,1.0,1,0,2,15,0,5.61,1,2,9,cash_out
VCH_02991,40,2,0.2143,2,0,4,1,1,5.81,0,2,5,wallet
VCH_02992,15,0,1.0,12,5,6,3,1,8.5,3,3,8,merchant_payment
VCH_02993,26,3,0.2143,0,5,6,15,0,2.18,0,2,5,wallet
VCH_02994,3,4,1.0,1,3,1,1,1,1.84,1,5,6,cash_out
VCH_02995,19,3,0.2143,1,0,1,1,1,7.4,0,1,5,wallet
VCH_02996,15,2,0.2143,2,5,2,28,0,6.09,3,1,7,merchant_payment
VCH_02997,40,3,0.2143,11,3,1,30,0,7.2,1,3,9,cash_out
VCH_02998,26,1,1.0,1,0,2,28,0,2.21,2,4,6,bank_transfer
VCH_02999,20,1,1.0,13,2,2,15,0,6.3,0,4,8,wallet
VCH_03000,30,2,0.2143,3,3,6,30,0,8.73,0,3,11,wallet
VCH_03001,50,4,1.0,5,2,3,1,1,5.52,0,2,10,wallet
VCH_03002,48,2,0.2143,2,5,3,15,0,3.09,3,2,6,merchant_payment
VCH_03003,8,0,1.0,10,4,2,1,1,4.42,0,5,7,wallet
VCH_03004,2,2,0.2143,0,2,0,29,0,2.69,3,3,4,merchant_payment
VCH_03005,51,0,1.0,3,0,5,3,1,3.48,1,3,6,cash_out
VCH_03006,30,2,0.2143,8,4,0,30,0,1.38,3,4,7,merchant_payment
VCH_03007,41,0,1.0,7,0,4,15,0,3.72,0,3,12,wallet
VCH_03008,19,3,0.2143,12,4,0,1,1,3.55,3,3,7,merchant_payment
VCH_03009,27,1,1.0,3,3,5,28,0,3.36,1,5,8,cash_out
VCH_03010,53,1,1.0,12,5,5,3,1,3.68,1,3,11,cash_out
VCH_03011,55,2,0.2143,2,2,1,3,1,3.91,3,5,2,merchant_payment
VCH_03012,21,0,1.0,7,0,0,3,1,12.73,2,0,12,bank_transfer
VCH_03013,31,2,0.2143,2,0,5,2,1,6.54,2,4,8,bank_transfer
VCH_03014,57,0,1.0,5,1,4,15,0,7.3,0,1,9,wallet
VCH_03015,42,0,1.0,11,3,3,1,1,1.83,4,2,6,cash_at_till
VCH_03016,0,4,1.0,0,2,2,15,0,4.24,0,4,5,wallet
VCH_03017,50,2,0.2143,6,1,4,28,0,3.8,1,0,7,cash_out
VCH_03018,57,1,1.0,0,3,5,30,0,6.01,1,4,5,cash_out
VCH_03019,13,0,1.0,3,5,0,29,0,3.69,1,6,10,cash_out
VCH_03020,11,0,1.0,1,2,6,1,1,4.73,4,5,9,cash_at_till
VCH_03021,18,1,1.0,4,2,5,2,1,6.1,2,1,7,bank_transfer
VCH_03022,52,4,1.0,0,5,2,1,1,8.71,1,5,10,cash_out
VCH_03023,37,2,0.2143,6,4,3,28,0,3.76,0,2,7,wallet
VCH_03024,25,2,0.2143,13,2,4,1,1,3.01,1,6,7,cash_out
VCH_03025,52,4,1.0,13,3,4,15,0,4.38,3,4,7,merchant_payment
VCH_03026,43,1,1.0,2,4,4,15,0,4.01,0,2,9,wallet
VCH_03027,22,1,1.0,10,2,5,1,1,6.54,0,2,7,wallet
VCH_03028,52,0,1.0,6,4,5,2,1,3.13,0,2,5,wallet
VCH_03029,29,0,1.0,9,0,6,1,1,1.6,0,4,4,wallet
VCH_03030,40,2,0.2143,0,0,0,30,0,2.51,3,5,5,merchant_payment
VCH_03031,21,3,0.2143,0,0,1,28,0,3.03,0,2,6,wallet
VCH_03032,12,1,1.0,4,3,3,29,0,10.89,4,2,13,cash_at_till
VCH_03033,0,3,0.2143,5,0,1,15,0,13.7,3,5,13,merchant_payment
VCH_03034,25,2,0.2143,0,4,5,29,0,2.74,1,5,6,cash_out
VCH_03035,47,0,1.0,0,5,3,3,1,2.9,3,1,3,merchant_payment
VCH_03036,22,2,0.2143,10,5,0,3,1,3.2,1,4,6,cash_out
VCH_03037,49,4,1.0,6,1,1,1,1,2.79,1,4,4,cash_out
VCH_03038,39,2,0.2143,0,0,4,30,0,6.69,0,5,6,wallet
VCH_03039,16,0,1.0,4,0,1,1,1,3.82,0,2,7,wallet
VCH_03040,34,1,1.0,1,2,0,1,1,5.66,1,2,13,cash_out
VCH_03041,49,4,1.0,0,3,5,2,1,5.81,3,3,6,merchant_payment
VCH_03042,54,4,1.0,0,3,6,1,1,2.2,3,0,1,merchant_payment
VCH_03043,59,4,1.0,2,4,5,15,0,1.38,1,1,4,cash_out
VCH_03044,0,0,1.0,6,0,5,15,0,10.27,0,3,12,wallet
VCH_03045,26,2,0.2143,7,3,0,29,0,3.84,1,1,7,cash_out
VCH_03046,41,1,1.0,0,0,5,29,0,13.63,3,5,11,merchant_payment
VCH_03047,0,0,1.0,0,3,3,30,0,3.0,0,4,4,wallet
VCH_03048,10,0,1.0,5,0,6,3,1,7.32,3,2,8,merchant_payment
VCH_03049,21,0,1.0,2,0,5,2,1,1.08,1,1,0,cash_out
VCH_03050,42,4,1.0,1,3,1,16,0,6.02,1,4,6,cash_out
VCH_03051,27,2,0.2143,3,2,1,3,1,3.51,4,3,6,cash_at_till
VCH_03052,2,1,1.0,6,5,5,1,1,5.81,3,3,6,merchant_payment
VCH_03053,22,3,0.2143,0,4,5,15,0,6.1,0,4,9,wallet
VCH_03054,30,3,0.2143,3,4,0,1,1,5.45,3,3,6,merchant_payment
VCH_03055,24,1,1.0,3,3,2,15,0,3.61,2,4,16,bank_transfer
VCH_03056,47,2,0.2143,0,2,5,15,0,1.17,2,6,3,bank_transfer
VCH_03057,31,0,1.0,4,3,6,16,0,4.58,0,3,11,wallet
VCH_03058,39,4,1.0,3,4,1,3,1,2.9,1,1,7,cash_out
VCH_03059,54,2,0.2143,3,4,0,30,0,6.2,1,1,8,cash_out
VCH_03060,41,2,0.2143,9,5,3,1,1,10.11,3,7,15,merchant_payment
VCH_03061,43,2,0.2143,1,5,2,1,1,12.19,0,3,9,wallet
VCH_03062,9,2,0.2143,0,2,1,15,0,2.86,0,4,6,wallet
VCH_03063,11,3,0.2143,5,2,3,3,1,7.51,3,3,7,merchant_payment
VCH_03064,21,1,1.0,2,5,4,30,0,2.95,1,1,7,cash_out
VCH_03065,3,0,1.0,1,1,4,2,1,4.08,0,5,3,wallet
VCH_03066,39,4,1.0,0,1,3,3,1,3.2,3,1,3,merchant_payment
VCH_03067,51,3,0.2143,3,2,1,3,1,2.26,0,4,5,wallet
VCH_03068,57,1,1.0,5,3,1,30,0,4.55,1,3,8,cash_out
VCH_03069,24,0,1.0,0,2,6,16,0,2.37,0,1,5,wallet
VCH_03070,32,1,1.0,2,3,3,3,1,3.22,0,0,6,wallet
VCH_03071,30,2,0.2143,5,0,3,1,1,5.53,2,6,9,bank_transfer
VCH_03072,48,1,1.0,1,1,6,1,1,9.07,0,3,7,wallet
VCH_03073,31,2,0.2143,5,0,2,16,0,3.72,3,2,8,merchant_payment
VCH_03074,26,2,0.2143,12,0,3,2,1,8.22,0,1,8,wallet
VCH_03075,46,2,0.2143,2,2,3,15,0,4.16,4,3,5,cash_at_till
VCH_03076,35,0,1.0,2,1,5,1,1,5.25,0,1,3,wallet
VCH_03077,57,0,1.0,9,1,1,2,1,2.82,1,3,6,cash_out
VCH_03078,59,1,1.0,4,2,2,28,0,3.02,1,3,6,cash_out
VCH_03079,23,4,1.0,2,0,5,1,1,1.36,4,3,2,cash_at_till
VCH_03080,59,1,1.0,13,1,4,29,0,3.68,0,4,8,wallet
VCH_03081,2,3,0.2143,13,5,3,3,1,2.91,1,3,8,cash_out
VCH_03082,51,0,1.0,2,0,5,1,1,6.1,0,4,5,wallet
VCH_03083,2,4,1.0,0,1,6,30,0,3.85,1,2,5,cash_out
VCH_03084,1,2,0.2143,1,1,2,3,1,6.21,1,4,8,cash_out
VCH_03085,22,4,1.0,0,4,3,2,1,5.01,0,1,4,wallet
VCH_03086,44,3,0.2143,0,0,6,29,0,3.49,4,6,5,cash_at_till
VCH_03087,34,1,1.0,12,0,6,15,0,2.72,0,4,9,wallet
VCH_03088,42,1,1.0,10,4,5,2,1,2.32,2,1,9,bank_transfer
VCH_03089,40,3,0.2143,2,1,5,3,1,2.56,0,0,2,wallet
VCH_03090,35,2,0.2143,0,3,6,28,0,4.66,2,2,8,bank_transfer
VCH_03091,30,4,1.0,7,4,2,3,1,1.28,3,4,6,merchant_payment
VCH_03092,6,2,0.2143,1,5,2,3,1,3.05,3,1,3,merchant_payment
VCH_03093,40,1,1.0,7,4,0,2,1,3.81,3,2,5,merchant_payment
VCH_03094,52,4,1.0,3,5,1,30,0,1.28,0,6,8,wallet
VCH_03095,14,0,1.0,0,1,1,28,0,6.36,1,2,6,cash_out
VCH_03096,49,2,0.2143,0,2,6,28,0,3.09,3,2,7,merchant_payment
VCH_03097,27,0,1.0,1,4,0,29,0,1.75,3,3,7,merchant_payment
VCH_03098,50,1,1.0,12,4,2,28,0,3.2,0,5,7,wallet
VCH_03099,0,2,0.2143,0,1,0,15,0,15.92,0,8,14,wallet
VCH_03100,15,0,1.0,10,2,5,29,0,5.45,3,6,8,merchant_payment
VCH_03101,27,0,1.0,0,1,0,28,0,2.99,3,2,5,merchant_payment
VCH_03102,24,4,1.0,3,2,1,30,0,4.59,3,6,9,merchant_payment
VCH_03103,0,4,1.0,3,1,5,2,1,5.98,1,8,10,cash_out
VCH_03104,33,2,0.2143,6,3,3,1,1,10.54,1,3,10,cash_out
VCH_03105,43,2,0.2143,0,3,1,29,0,7.9,0,3,8,wallet
VCH_03106,6,0,1.0,0,0,3,3,1,4.45,3,2,13,merchant_payment
VCH_03107,31,0,1.0,4,3,0,2,1,11.25,0,4,12,wallet
VCH_03108,23,3,0.2143,9,5,0,15,0,7.39,2,6,9,bank_transfer
VCH_03109,12,2,0.2143,5,2,0,28,0,4.0,0,3,9,wallet
VCH_03110,16,3,0.2143,5,4,1,2,1,4.01,0,5,9,wallet
VCH_03111,24,0,1.0,5,3,4,29,0,5.98,0,2,9,wallet
VCH_03112,7,4,1.0,13,1,6,29,0,1.96,3,1,7,merchant_payment
VCH_03113,10,2,0.2143,0,1,1,1,1,6.13,2,2,10,bank_transfer
VCH_03114,38,2,0.2143,2,1,0,1,1,1.48,3,4,3,merchant_payment
VCH_03115,16,1,1.0,0,5,4,29,0,1.18,4,0,11,cash_at_till
VCH_03116,5,0,1.0,1,4,4,2,1,5.97,1,0,4,cash_out
VCH_03117,8,3,0.2143,4,1,0,28,0,10.07,2,3,12,bank_transfer
VCH_03118,39,0,1.0,4,2,2,1,1,7.5,0,5,9,wallet
VCH_03119,32,0,1.0,6,3,0,29,0,6.49,0,1,13,wallet
VCH_03120,25,2,0.2143,1,5,0,15,0,1.0,0,4,4,wallet
VCH_03121,20,1,1.0,4,2,6,1,1,4.43,0,1,6,wallet
VCH_03122,5,2,0.2143,3,5,1,1,1,3.89,2,2,8,bank_transfer
VCH_03123,29,2,0.2143,13,0,5,1,1,7.16,1,3,8,cash_out
VCH_03124,42,1,1.0,10,4,2,30,0,2.9,0,1,9,wallet
VCH_03125,15,4,1.0,5,4,1,1,1,4.39,1,0,12,cash_out
VCH_03126,12,0,1.0,11,3,2,29,0,4.46,3,3,9,merchant_payment
VCH_03127,30,0,1.0,5,3,2,2,1,6.01,0,2,7,wallet
VCH_03128,52,1,1.0,0,1,3,28,0,4.22,0,6,7,wallet
VCH_03129,5,2,0.2143,10,0,4,28,0,3.37,0,4,8,wallet
VCH_03130,59,2,0.2143,0,1,3,29,0,2.33,1,4,5,cash_out
VCH_03131,45,2,0.2143,5,2,1,1,1,6.39,0,4,7,wallet
VCH_03132,6,0,1.0,12,4,1,15,0,1.92,2,3,6,bank_transfer
VCH_03133,58,1,1.0,12,1,2,28,0,3.41,1,4,8,cash_out
VCH_03134,38,2,0.2143,7,1,4,1,1,4.13,4,0,6,cash_at_till
VCH_03135,57,0,1.0,0,3,3,30,0,7.25,2,1,13,bank_transfer
VCH_03136,9,2,0.2143,8,1,3,1,1,2.28,0,6,5,wallet
VCH_03137,26,2,0.2143,9,4,1,1,1,4.42,0,2,6,wallet
VCH_03138,24,0,1.0,12,3,3,29,0,5.9,0,4,8,wallet
VCH_03139,7,0,1.0,10,4,2,29,0,2.34,0,3,10,wallet
VCH_03140,58,1,1.0,0,4,3,2,1,3.33,1,5,2,cash_out
VCH_03141,24,2,0.2143,0,0,3,29,0,3.5,0,3,4,wallet
VCH_03142,43,2,0.2143,0,3,0,2,1,2.86,0,0,1,wallet
VCH_03143,56,0,1.0,5,0,4,2,1,4.89,1,3,6,cash_out
VCH_03144,48,1,1.0,8,2,6,28,0,3.04,1,2,8,cash_out
VCH_03145,49,0,1.0,0,4,6,15,0,9.17,1,1,14,cash_out
VCH_03146,43,2,0.2143,11,4,1,28,0,1.53,2,3,10,bank_transfer
VCH_03147,40,3,0.2143,7,4,2,16,0,3.7,1,2,7,cash_out
VCH_03148,5,0,1.0,9,0,5,28,0,5.2,1,2,8,cash_out
VCH_03149,52,0,1.0,13,4,5,2,1,3.4,1,3,5,cash_out
VCH_03150,17,1,1.0,3,2,2,3,1,16.7,2,3,15,bank_transfer
VCH_03151,10,1,1.0,13,5,0,3,1,1.43,0,2,5,wallet
VCH_03152,31,3,0.2143,10,1,1,1,1,3.1,3,7,6,merchant_payment
VCH_03153,17,4,1.0,7,2,4,1,1,5.66,0,5,6,wallet
VCH_03154,34,3,0.2143,13,5,1,28,0,2.88,3,4,7,merchant_payment
VCH_03155,12,4,1.0,4,4,0,1,1,10.06,0,4,11,wallet
VCH_03156,46,2,0.2143,4,5,1,29,0,1.89,1,1,10,cash_out
VCH_03157,33,0,1.0,2,5,3,2,1,5.6,2,3,5,bank_transfer
VCH_03158,33,4,1.0,12,5,2,2,1,6.55,2,2,7,bank_transfer
VCH_03159,38,2,0.2143,3,2,4,15,0,6.67,4,5,14,cash_at_till
VCH_03160,50,2,0.2143,0,0,3,28,0,9.83,0,4,11,wallet
VCH_03161,30,1,1.0,6,0,4,2,1,4.79,3,3,7,merchant_payment
VCH_03162,33,2,0.2143,5,1,5,2,1,7.27,1,3,9,cash_out
VCH_03163,51,1,1.0,0,5,4,1,1,9.08,2,4,6,bank_transfer
VCH_03164,57,4,1.0,0,0,0,1,1,2.17,0,4,4,wallet
VCH_03165,32,4,1.0,0,5,6,2,1,2.93,2,3,2,bank_transfer
VCH_03166,29,2,0.2143,2,4,2,2,1,4.92,1,4,3,cash_out
VCH_03167,23,2,0.2143,4,2,3,3,1,2.77,0,2,8,wallet
VCH_03168,31,2,0.2143,4,0,3,1,1,13.67,2,1,18,bank_transfer
VCH_03169,37,0,1.0,4,4,0,2,1,2.36,1,1,5,cash_out
VCH_03170,24,0,1.0,10,4,6,2,1,5.93,0,6,7,wallet
VCH_03171,45,2,0.2143,8,4,6,30,0,6.45,0,3,11,wallet
VCH_03172,40,1,1.0,4,2,1,2,1,2.5,1,2,6,cash_out
VCH_03173,36,0,1.0,10,0,3,3,1,6.91,4,4,10,cash_at_till
VCH_03174,41,2,0.2143,0,4,0,3,1,4.46,3,6,3,merchant_payment
VCH_03175,0,2,0.2143,11,1,2,1,1,1.28,0,4,4,wallet
VCH_03176,45,0,1.0,11,5,5,3,1,6.39,1,3,7,cash_out
VCH_03177,19,0,1.0,1,3,5,3,1,8.16,2,6,5,bank_transfer
VCH_03178,57,1,1.0,4,0,2,2,1,5.81,0,2,7,wallet
VCH_03179,12,1,1.0,11,3,5,1,1,3.57,3,4,6,merchant_payment
VCH_03180,50,2,0.2143,2,0,0,3,1,12.45,0,2,10,wallet
VCH_03181,11,3,0.2143,1,1,3,1,1,3.38,3,4,3,merchant_payment
VCH_03182,39,1,1.0,13,2,6,28,0,2.89,3,4,6,merchant_payment
VCH_03183,48,3,0.2143,5,4,2,1,1,3.34,3,2,5,merchant_payment
VCH_03184,18,2,0.2143,0,1,1,1,1,2.89,0,4,2,wallet
VCH_03185,11,0,1.0,0,5,5,15,0,10.29,1,3,9,cash_out
VCH_03186,16,2,0.2143,0,4,0,28,0,3.27,1,2,3,cash_out
VCH_03187,48,0,1.0,3,2,3,1,1,2.23,3,4,5,merchant_payment
VCH_03188,4,2,0.2143,2,2,4,1,1,4.31,4,3,4,cash_at_till
VCH_03189,28,1,1.0,7,3,0,1,1,8.43,4,2,10,cash_at_till
VCH_03190,14,2,0.2143,2,3,2,1,1,3.8,3,1,3,merchant_payment
VCH_03191,49,2,0.2143,1,3,4,30,0,2.15,0,2,8,wallet
VCH_03192,40,0,1.0,0,1,5,29,0,5.33,1,4,5,cash_out
VCH_03193,54,2,0.2143,3,4,2,1,1,5.65,2,4,11,bank_transfer
VCH_03194,13,0,1.0,9,5,2,16,0,5.99,0,5,10,wallet
VCH_03195,51,1,1.0,3,1,6,15,0,3.83,1,5,8,cash_out
VCH_03196,55,3,0.2143,2,0,1,28,0,4.6,2,2,6,bank_transfer
VCH_03197,22,1,1.0,2,0,1,1,1,4.74,0,2,4,wallet
VCH_03198,15,0,1.0,6,2,4,1,1,11.62,2,3,12,bank_transfer
VCH_03199,29,0,1.0,2,5,6,1,1,7.56,3,4,7,merchant_payment
VCH_03200,1,0,1.0,3,1,6,1,1,3.88,0,7,8,wallet
VCH_03201,6,2,0.2143,8,4,2,3,1,14.92,0,2,12,wallet
VCH_03202,29,0,1.0,5,5,3,2,1,4.72,0,3,7,wallet
VCH_03203,45,0,1.0,5,4,5,1,1,25.3,3,4,18,merchant_payment
VCH_03204,46,0,1.0,1,0,0,28,0,9.64,1,4,10,cash_out
VCH_03205,44,0,1.0,2,3,3,15,0,8.08,1,4,11,cash_out
VCH_03206,4,0,1.0,9,1,6,28,0,6.53,2,2,9,bank_transfer
VCH_03207,54,0,1.0,2,5,0,1,1,3.81,3,4,7,merchant_payment
VCH_03208,37,0,1.0,0,4,4,30,0,6.71,1,2,7,cash_out
VCH_03209,24,2,0.2143,12,4,6,1,1,4.27,0,2,7,wallet
VCH_03210,44,4,1.0,8,4,2,1,1,11.97,1,1,10,cash_out
VCH_03211,26,0,1.0,1,4,4,2,1,1.98,0,6,4,wallet
VCH_03212,28,4,1.0,4,0,6,29,0,5.35,1,2,14,cash_out
VCH_03213,52,0,1.0,1,3,3,29,0,5.28,0,4,6,wallet
VCH_03214,20,0,1.0,5,0,1,30,0,15.38,3,3,14,merchant_payment
VCH_03215,38,4,1.0,11,4,6,1,1,2.63,2,1,7,bank_transfer
VCH_03216,38,2,0.2143,1,5,0,28,0,5.22,4,0,5,cash_at_till
VCH_03217,16,4,1.0,12,1,3,1,1,15.13,0,3,16,wallet
VCH_03218,31,0,1.0,10,3,1,3,1,5.04,3,4,6,merchant_payment
VCH_03219,28,1,1.0,2,4,6,16,0,5.7,0,6,6,wallet
VCH_03220,12,4,1.0,13,5,5,1,1,10.0,0,4,13,wallet
VCH_03221,59,0,1.0,11,4,0,1,1,12.99,2,3,12,bank_transfer
VCH_03222,38,0,1.0,0,4,1,29,0,6.6,1,2,7,cash_out
VCH_03223,7,0,1.0,1,5,2,30,0,10.47,2,3,8,bank_transfer
VCH_03224,59,1,1.0,0,5,2,15,0,3.72,1,1,8,cash_out
VCH_03225,23,0,1.0,3,4,1,2,1,3.87,3,0,9,merchant_payment
VCH_03226,20,0,1.0,3,0,0,2,1,5.44,0,4,7,wallet
VCH_03227,58,1,1.0,7,4,5,1,1,5.8,0,4,7,wallet
VCH_03228,47,2,0.2143,0,4,2,15,0,5.7,4,4,8,cash_at_till
VCH_03229,49,1,1.0,10,3,4,3,1,4.76,0,3,6,wallet
VCH_03230,2,0,1.0,10,1,2,1,1,4.95,3,3,6,merchant_payment
VCH_03231,4,0,1.0,0,3,2,15,0,15.77,0,3,16,wallet
VCH_03232,42,4,1.0,3,1,3,16,0,4.04,1,1,9,cash_out
VCH_03233,9,2,0.2143,5,0,6,2,1,7.63,3,3,8,merchant_payment
VCH_03234,42,0,1.0,1,2,5,1,1,9.63,1,4,9,cash_out
VCH_03235,52,2,0.2143,6,5,5,29,0,7.09,1,2,11,cash_out
VCH_03236,21,1,1.0,0,3,1,28,0,6.04,1,2,14,cash_out
VCH_03237,12,4,1.0,0,5,1,15,0,4.24,0,3,6,wallet
VCH_03238,40,0,1.0,0,2,1,16,0,2.31,0,1,6,wallet
VCH_03239,10,0,1.0,2,3,2,30,0,2.77,4,0,3,cash_at_till
VCH_03240,45,0,1.0,3,5,2,1,1,4.78,4,5,7,cash_at_till
VCH_03241,35,3,0.2143,4,2,1,1,1,5.03,2,1,6,bank_transfer
VCH_03242,19,0,1.0,1,0,3,2,1,3.52,2,4,7,bank_transfer
VCH_03243,1,2,0.2143,7,2,2,1,1,6.07,1,0,7,cash_out
VCH_03244,10,1,1.0,8,4,0,1,1,2.56,3,2,16,merchant_payment
VCH_03245,54,1,1.0,3,1,2,1,1,17.44,0,4,16,wallet
VCH_03246,51,2,0.2143,6,0,1,3,1,5.04,4,1,8,cash_at_till
VCH_03247,32,0,1.0,0,5,4,1,1,3.72,1,4,3,cash_out
VCH_03248,56,3,0.2143,5,0,3,2,1,4.15,1,2,11,cash_out
VCH_03249,32,0,1.0,2,4,5,15,0,6.01,3,4,8,merchant_payment
VCH_03250,11,1,1.0,0,0,3,28,0,8.61,2,3,7,bank_transfer
VCH_03251,36,2,0.2143,12,5,6,15,0,20.84,3,5,17,merchant_payment
VCH_03252,57,1,1.0,5,0,5,16,0,3.99,0,4,9,wallet
VCH_03253,44,1,1.0,11,3,6,28,0,3.99,0,3,10,wallet
VCH_03254,56,0,1.0,0,3,5,30,0,11.77,2,5,12,bank_transfer
VCH_03255,28,0,1.0,4,5,0,30,0,8.44,0,6,10,wallet
VCH_03256,48,0,1.0,0,3,1,28,0,2.68,0,0,8,wallet
VCH_03257,14,0,1.0,0,1,3,3,1,1.79,0,3,1,wallet
VCH_03258,6,3,0.2143,2,5,6,16,0,4.25,0,3,6,wallet
VCH_03259,52,0,1.0,11,5,1,29,0,2.61,2,6,8,bank_transfer
VCH_03260,21,0,1.0,1,2,5,2,1,1.81,1,3,3,cash_out
VCH_03261,38,0,1.0,0,2,5,29,0,8.01,1,4,6,cash_out
VCH_03262,18,1,1.0,1,5,6,16,0,4.0,1,4,5,cash_out
VCH_03263,0,1,1.0,3,3,3,2,1,8.72,0,4,9,wallet
VCH_03264,19,0,1.0,3,2,1,2,1,9.14,2,4,11,bank_transfer
VCH_03265,35,0,1.0,10,1,2,1,1,2.12,3,7,5,merchant_payment
VCH_03266,50,0,1.0,5,1,3,1,1,10.37,4,3,10,cash_at_till
VCH_03267,31,0,1.0,13,5,2,2,1,5.81,4,6,6,cash_at_till
VCH_03268,17,0,1.0,2,1,4,1,1,2.93,1,2,5,cash_out
VCH_03269,0,0,1.0,3,5,0,1,1,1.76,1,3,5,cash_out
VCH_03270,43,3,0.2143,11,0,4,3,1,7.14,2,3,7,bank_transfer
VCH_03271,11,0,1.0,1,2,4,30,0,10.17,1,3,14,cash_out
VCH_03272,15,2,0.2143,0,2,4,16,0,10.07,0,4,8,wallet
VCH_03273,56,1,1.0,2,0,4,1,1,5.55,0,2,7,wallet
VCH_03274,1,0,1.0,12,1,2,28,0,2.22,0,3,6,wallet
VCH_03275,27,1,1.0,1,5,1,1,1,4.63,0,2,5,wallet
VCH_03276,28,1,1.0,7,5,2,28,0,4.19,2,3,8,bank_transfer
VCH_03277,22,0,1.0,1,5,0,2,1,5.24,0,3,5,wallet
VCH_03278,47,0,1.0,5,2,4,2,1,5.41,0,2,10,wallet
VCH_03279,45,0,1.0,6,3,3,1,1,3.05,0,2,5,wallet
VCH_03280,37,1,1.0,3,4,6,2,1,3.69,3,2,8,merchant_payment
VCH_03281,30,2,0.2143,2,0,3,2,1,8.41,0,3,6,wallet
VCH_03282,8,2,0.2143,3,3,3,1,1,2.4,0,5,6,wallet
VCH_03283,4,4,1.0,13,1,1,16,0,11.6,0,7,12,wallet
VCH_03284,41,0,1.0,8,1,6,30,0,5.28,0,4,13,wallet
VCH_03285,13,2,0.2143,11,5,0,28,0,4.54,0,3,9,wallet
VCH_03286,9,1,1.0,0,3,6,1,1,2.79,1,3,1,cash_out
VCH_03287,27,0,1.0,5,1,2,1,1,3.25,1,0,6,cash_out
VCH_03288,4,0,1.0,12,0,6,29,0,4.76,3,5,11,merchant_payment
VCH_03289,57,0,1.0,0,2,2,1,1,2.0,0,4,1,wallet
VCH_03290,11,1,1.0,2,3,1,29,0,6.76,3,6,6,merchant_payment
VCH_03291,18,0,1.0,0,0,2,1,1,4.27,4,7,2,cash_at_till
VCH_03292,53,3,0.2143,11,1,0,1,1,6.28,3,5,7,merchant_payment
VCH_03293,4,0,1.0,0,3,2,1,1,3.98,0,6,5,wallet
VCH_03294,38,1,1.0,4,3,2,1,1,3.46,4,3,12,cash_at_till
VCH_03295,4,0,1.0,13,2,3,1,1,4.76,2,4,6,bank_transfer
VCH_03296,18,2,0.2143,3,3,2,28,0,2.91,3,6,8,merchant_payment
VCH_03297,31,2,0.2143,2,0,4,3,1,7.3,1,5,6,cash_out
VCH_03298,56,2,0.2143,2,4,1,2,1,3.62,0,1,6,wallet
VCH_03299,57,2,0.2143,11,5,4,28,0,5.51,0,6,8,wallet
VCH_03300,22,1,1.0,0,0,0,1,1,4.61,0,1,4,wallet
VCH_03301,16,2,0.2143,12,0,0,2,1,8.23,0,2,12,wallet
VCH_03302,50,3,0.2143,13,4,6,1,1,11.34,0,1,15,wallet
VCH_03303,23,2,0.2143,0,4,3,1,1,3.1,1,4,6,cash_out
VCH_03304,1,3,0.2143,0,4,0,1,1,2.09,0,1,5,wallet
VCH_03305,9,2,0.2143,2,1,2,2,1,3.64,4,1,3,cash_at_till
VCH_03306,14,0,1.0,10,2,3,28,0,1.0,4,1,6,cash_at_till
VCH_03307,9,1,1.0,0,1,1,2,1,14.8,3,2,12,merchant_payment
VCH_03308,6,0,1.0,3,3,0,1,1,3.44,0,3,6,wallet
VCH_03309,7,0,1.0,4,5,0,15,0,3.22,0,3,8,wallet
VCH_03310,53,2,0.2143,4,0,2,1,1,4.81,3,2,6,merchant_payment
VCH_03311,15,0,1.0,3,0,6,1,1,2.36,3,0,11,merchant_payment
VCH_03312,7,3,0.2143,2,0,2,3,1,4.36,0,2,3,wallet
VCH_03313,57,1,1.0,0,5,3,15,0,4.66,0,5,4,wallet
VCH_03314,19,0,1.0,6,5,1,3,1,3.41,0,0,8,wallet
VCH_03315,16,0,1.0,8,4,0,28,0,3.39,3,1,8,merchant_payment
VCH_03316,51,1,1.0,8,3,4,2,1,3.14,3,3,6,merchant_payment
VCH_03317,16,2,0.2143,2,1,3,1,1,2.13,0,4,4,wallet
VCH_03318,43,0,1.0,0,2,4,1,1,3.0,0,1,2,wallet
VCH_03319,42,2,0.2143,9,1,2,1,1,9.61,3,6,9,merchant_payment
VCH_03320,39,2,0.2143,10,2,3,2,1,9.71,3,4,11,merchant_payment
VCH_03321,48,2,0.2143,1,5,4,2,1,8.36,3,5,5,merchant_payment
VCH_03322,31,4,1.0,5,4,3,30,0,2.4,0,2,6,wallet
VCH_03323,53,1,1.0,7,4,6,2,1,1.25,2,1,9,bank_transfer
VCH_03324,47,1,1.0,0,1,1,29,0,7.97,1,4,9,cash_out
VCH_03325,0,2,0.2143,2,0,4,1,1,1.07,4,0,2,cash_at_till
VCH_03326,2,2,0.2143,10,1,0,29,0,2.4,0,3,7,wallet
VCH_03327,55,2,0.2143,9,1,4,2,1,16.22,0,1,13,wallet
VCH_03328,52,0,1.0,13,2,6,29,0,7.22,0,3,9,wallet
VCH_03329,45,1,1.0,4,3,5,1,1,8.18,0,3,13,wallet
VCH_03330,40,0,1.0,3,0,0,1,1,2.67,4,5,6,cash_at_till
VCH_03331,31,2,0.2143,2,1,6,2,1,5.01,1,2,7,cash_out
VCH_03332,46,0,1.0,0,0,3,29,0,3.87,1,1,4,cash_out
VCH_03333,10,2,0.2143,3,5,6,1,1,2.54,3,1,6,merchant_payment
VCH_03334,30,3,0.2143,11,3,0,2,1,7.73,1,5,8,cash_out
VCH_03335,17,3,0.2143,4,1,4,16,0,5.02,4,1,9,cash_at_till
VCH_03336,29,3,0.2143,4,0,6,15,0,3.23,3,3,7,merchant_payment
VCH_03337,3,4,1.0,7,3,4,3,1,3.48,3,1,6,merchant_payment
VCH_03338,35,2,0.2143,0,2,3,1,1,9.44,0,4,6,wallet
VCH_03339,42,2,0.2143,0,4,6,1,1,4.61,0,1,2,wallet
VCH_03340,39,2,0.2143,1,1,4,2,1,8.66,0,1,5,wallet
VCH_03341,23,3,0.2143,10,1,1,29,0,2.94,3,6,14,merchant_payment
VCH_03342,54,0,1.0,3,2,6,1,1,3.62,0,1,5,wallet
VCH_03343,35,4,1.0,2,3,5,3,1,3.94,4,2,2,cash_at_till
VCH_03344,49,3,0.2143,8,1,5,1,1,12.84,3,0,11,merchant_payment
VCH_03345,24,4,1.0,2,3,5,1,1,4.56,1,1,3,cash_out
VCH_03346,46,4,1.0,2,4,2,29,0,19.4,1,4,14,cash_out
VCH_03347,17,2,0.2143,2,5,5,1,1,7.7,3,7,7,merchant_payment
VCH_03348,22,3,0.2143,7,4,3,29,0,2.22,2,6,7,bank_transfer
VCH_03349,30,1,1.0,1,1,3,28,0,4.95,0,6,5,wallet
VCH_03350,37,1,1.0,10,4,6,30,0,3.4,0,1,7,wallet
VCH_03351,7,1,1.0,1,1,0,1,1,6.73,2,4,4,bank_transfer
VCH_03352,6,0,1.0,1,5,1,2,1,18.13,1,3,12,cash_out
VCH_03353,40,1,1.0,10,3,0,3,1,19.17,2,1,16,bank_transfer
VCH_03354,39,2,0.2143,8,4,1,3,1,2.56,1,5,4,cash_out
VCH_03355,20,1,1.0,0,4,0,1,1,5.55,1,3,3,cash_out
VCH_03356,30,2,0.2143,4,5,4,3,1,1.85,3,4,9,merchant_payment
VCH_03357,34,2,0.2143,0,3,0,2,1,1.82,2,3,3,bank_transfer
VCH_03358,56,1,1.0,0,3,2,30,0,2.22,0,5,4,wallet
VCH_03359,2,2,0.2143,8,0,3,2,1,6.61,0,4,11,wallet
VCH_03360,37,0,1.0,13,2,1,15,0,5.33,1,1,8,cash_out
VCH_03361,18,3,0.2143,7,1,6,29,0,6.6,3,4,9,merchant_payment
VCH_03362,6,2,0.2143,11,4,1,1,1,14.32,2,4,20,bank_transfer
VCH_03363,57,4,1.0,7,5,4,28,0,13.31,1,4,15,cash_out
VCH_03364,8,2,0.2143,0,5,0,2,1,6.24,2,1,4,bank_transfer
VCH_03365,31,0,1.0,9,2,0,28,0,4.25,3,0,8,merchant_payment
VCH_03366,59,1,1.0,6,1,3,2,1,17.65,1,2,19,cash_out
VCH_03367,13,2,0.2143,0,4,3,28,0,2.57,0,3,3,wallet
VCH_03368,50,0,1.0,12,0,4,3,1,4.85,4,5,7,cash_at_till
VCH_03369,16,3,0.2143,2,2,2,15,0,4.89,1,2,14,cash_out
VCH_03370,39,2,0.2143,5,5,4,2,1,4.23,2,1,8,bank_transfer
VCH_03371,0,0,1.0,3,2,4,30,0,17.26,1,5,15,cash_out
VCH_03372,19,0,1.0,5,4,1,2,1,3.38,1,1,5,cash_out
VCH_03373,56,2,0.2143,4,4,1,15,0,3.49,4,2,8,cash_at_till
VCH_03374,32,0,1.0,10,1,3,15,0,9.8,3,4,13,merchant_payment
VCH_03375,23,0,1.0,12,3,1,28,0,2.07,1,5,6,cash_out
VCH_03376,6,0,1.0,11,2,5,16,0,2.08,1,4,6,cash_out
VCH_03377,51,2,0.2143,10,2,2,15,0,8.28,0,2,11,wallet
VCH_03378,16,1,1.0,2,3,5,1,1,9.77,1,0,6,cash_out
VCH_03379,28,2,0.2143,5,3,6,15,0,10.69,2,2,13,bank_transfer
VCH_03380,1,0,1.0,7,0,5,3,1,3.26,2,1,10,bank_transfer
VCH_03381,42,1,1.0,11,5,0,28,0,3.86,1,4,12,cash_out
VCH_03382,31,1,1.0,2,3,3,30,0,12.75,0,2,11,wallet
VCH_03383,20,1,1.0,0,3,4,30,0,3.63,2,4,10,bank_transfer
VCH_03384,6,0,1.0,3,4,3,1,1,4.96,4,5,11,cash_at_till
VCH_03385,40,0,1.0,9,5,0,1,1,2.89,4,2,10,cash_at_till
VCH_03386,52,4,1.0,0,3,1,1,1,4.12,0,5,4,wallet
VCH_03387,52,0,1.0,7,5,4,16,0,6.18,4,1,10,cash_at_till
VCH_03388,50,2,0.2143,6,4,0,1,1,12.28,0,2,11,wallet
VCH_03389,4,0,1.0,0,1,5,29,0,1.18,4,7,4,cash_at_till
VCH_03390,39,1,1.0,3,3,4,1,1,4.82,3,1,6,merchant_payment
VCH_03391,50,0,1.0,11,3,6,2,1,8.83,4,2,10,cash_at_till
VCH_03392,10,1,1.0,1,3,1,1,1,16.16,4,5,14,cash_at_till
VCH_03393,7,4,1.0,2,0,1,2,1,7.87,1,5,6,cash_out
VCH_03394,38,2,0.2143,7,2,4,29,0,1.12,2,2,8,bank_transfer
VCH_03395,29,0,1.0,8,1,3,30,0,4.59,3,1,10,merchant_payment
VCH_03396,11,2,0.2143,9,0,1,2,1,11.33,0,3,9,wallet
VCH_03397,0,1,1.0,5,4,1,1,1,6.22,3,4,9,merchant_payment
VCH_03398,32,0,1.0,11,3,2,1,1,4.75,0,4,5,wallet
VCH_03399,55,1,1.0,7,1,0,2,1,7.21,3,5,7,merchant_payment
VCH_03400,17,2,0.2143,8,4,6,2,1,3.59,1,2,6,cash_out
VCH_03401,37,3,0.2143,3,2,4,3,1,5.94,3,2,6,merchant_payment
VCH_03402,27,0,1.0,3,1,2,3,1,6.43,3,6,7,merchant_payment
VCH_03403,35,1,1.0,6,0,4,1,1,4.69,4,7,7,cash_at_till
VCH_03404,53,1,1.0,8,4,1,2,1,1.0,2,1,17,bank_transfer
VCH_03405,57,0,1.0,10,3,2,2,1,2.31,4,2,6,cash_at_till
VCH_03406,3,4,1.0,0,2,1,1,1,5.18,0,3,3,wallet
VCH_03407,26,1,1.0,4,4,0,1,1,16.92,4,3,14,cash_at_till
VCH_03408,54,4,1.0,11,2,5,1,1,6.18,2,3,7,bank_transfer
VCH_03409,53,3,0.2143,1,4,4,3,1,6.19,0,6,4,wallet
VCH_03410,46,3,0.2143,0,2,0,30,0,10.99,0,3,12,wallet
VCH_03411,20,1,1.0,1,3,2,30,0,4.07,0,2,5,wallet
VCH_03412,31,1,1.0,4,2,0,1,1,3.54,3,1,6,merchant_payment
VCH_03413,48,1,1.0,3,1,2,30,0,3.68,1,5,10,cash_out
VCH_03414,0,1,1.0,5,2,6,29,0,4.53,3,2,7,merchant_payment
VCH_03415,42,0,1.0,6,4,3,15,0,1.63,4,4,7,cash_at_till
VCH_03416,7,2,0.2143,0,3,4,3,1,1.76,1,3,1,cash_out
VCH_03417,31,1,1.0,9,1,5,29,0,1.23,3,3,6,merchant_payment
VCH_03418,54,2,0.2143,3,4,2,15,0,2.82,2,4,7,bank_transfer
VCH_03419,1,0,1.0,6,4,5,29,0,11.36,0,5,16,wallet
VCH_03420,50,3,0.2143,0,4,5,15,0,3.6,3,3,4,merchant_payment
VCH_03421,0,0,1.0,1,3,1,2,1,3.68,3,1,2,merchant_payment
VCH_03422,59,0,1.0,3,1,6,30,0,2.25,4,2,8,cash_at_till
VCH_03423,16,4,1.0,11,3,6,3,1,2.06,0,6,6,wallet
VCH_03424,42,2,0.2143,10,3,5,1,1,5.01,0,4,11,wallet
VCH_03425,40,2,0.2143,8,5,1,3,1,1.99,3,2,5,merchant_payment
VCH_03426,24,1,1.0,2,4,3,16,0,2.39,0,4,5,wallet
VCH_03427,43,4,1.0,5,0,0,1,1,3.61,0,3,10,wallet
VCH_03428,53,0,1.0,6,4,0,2,1,3.27,4,2,7,cash_at_till
VCH_03429,54,3,0.2143,0,2,1,30,0,3.31,1,4,7,cash_out
VCH_03430,17,0,1.0,1,2,4,1,1,8.27,3,3,6,merchant_payment
VCH_03431,19,2,0.2143,0,1,1,29,0,1.67,0,4,5,wallet
VCH_03432,36,3,0.2143,2,2,3,15,0,4.54,3,4,7,merchant_payment
VCH_03433,5,2,0.2143,7,5,6,2,1,2.85,1,6,5,cash_out
VCH_03434,13,0,1.0,13,3,3,30,0,5.47,0,2,11,wallet
VCH_03435,9,0,1.0,12,1,2,2,1,3.0,1,2,8,cash_out
VCH_03436,14,0,1.0,2,5,4,15,0,7.02,2,2,11,bank_transfer
VCH_03437,21,2,0.2143,0,2,4,15,0,3.4,3,2,4,merchant_payment
VCH_03438,47,0,1.0,2,1,1,1,1,1.57,1,2,5,cash_out
VCH_03439,57,4,1.0,3,1,6,1,1,1.7,0,1,4,wallet
VCH_03440,12,4,1.0,5,2,5,1,1,2.02,0,6,7,wallet
VCH_03441,2,0,1.0,0,5,5,2,1,3.86,3,0,3,merchant_payment
VCH_03442,0,1,1.0,7,0,4,1,1,2.14,1,0,4,cash_out
VCH_03443,27,2,0.2143,5,3,6,2,1,2.51,4,0,9,cash_at_till
VCH_03444,29,2,0.2143,10,3,6,28,0,4.26,3,4,19,merchant_payment
VCH_03445,10,2,0.2143,6,3,6,2,1,16.48,2,2,15,bank_transfer
VCH_03446,15,0,1.0,3,0,2,1,1,3.41,0,2,9,wallet
VCH_03447,33,2,0.2143,1,3,0,29,0,1.33,1,2,4,cash_out
VCH_03448,16,0,1.0,0,2,1,1,1,10.8,0,5,8,wallet
VCH_03449,15,0,1.0,0,4,0,16,0,8.37,3,3,13,merchant_payment
VCH_03450,15,1,1.0,2,5,3,2,1,4.99,2,4,3,bank_transfer
VCH_03451,54,0,1.0,2,2,3,15,0,7.8,0,4,7,wallet
VCH_03452,29,2,0.2143,5,3,3,1,1,3.77,1,3,9,cash_out
VCH_03453,56,1,1.0,13,1,5,3,1,2.03,0,2,5,wallet
VCH_03454,41,2,0.2143,4,1,4,30,0,4.8,1,6,8,cash_out
VCH_03455,31,0,1.0,4,1,1,29,0,3.08,3,4,7,merchant_payment
VCH_03456,33,2,0.2143,3,4,1,3,1,5.37,0,2,8,wallet
VCH_03457,54,1,1.0,10,1,3,30,0,9.24,4,7,11,cash_at_till
VCH_03458,19,1,1.0,4,0,3,29,0,3.0,1,2,6,cash_out
VCH_03459,38,0,1.0,1,0,2,1,1,5.94,2,7,4,bank_transfer
VCH_03460,50,0,1.0,6,3,2,15,0,5.42,3,4,11,merchant_payment
VCH_03461,21,0,1.0,0,2,6,16,0,3.39,0,0,5,wallet
VCH_03462,45,3,0.2143,3,1,2,3,1,7.5,2,2,12,bank_transfer
VCH_03463,26,0,1.0,0,1,6,2,1,4.67,4,4,4,cash_at_till
VCH_03464,32,0,1.0,10,3,3,2,1,6.31,1,4,6,cash_out
VCH_03465,49,0,1.0,2,4,1,1,1,2.82,2,1,2,bank_transfer
VCH_03466,17,2,0.2143,6,4,5,3,1,4.64,1,1,6,cash_out
VCH_03467,0,2,0.2143,2,0,6,30,0,5.52,4,3,7,cash_at_till
VCH_03468,28,1,1.0,8,1,3,1,1,10.53,0,3,14,wallet
VCH_03469,47,2,0.2143,0,0,6,28,0,3.53,3,4,10,merchant_payment
VCH_03470,7,2,0.2143,1,2,6,2,1,2.3,1,3,7,cash_out
VCH_03471,20,1,1.0,2,3,0,2,1,3.66,2,3,4,bank_transfer
VCH_03472,32,3,0.2143,4,5,5,15,0,8.03,3,1,10,merchant_payment
VCH_03473,3,0,1.0,13,1,2,1,1,3.74,1,0,9,cash_out
VCH_03474,52,2,0.2143,12,0,2,1,1,4.41,0,7,5,wallet
VCH_03475,39,0,1.0,6,1,0,16,0,1.06,1,5,6,cash_out
VCH_03476,7,0,1.0,5,3,6,1,1,7.77,2,5,8,bank_transfer
VCH_03477,10,0,1.0,7,1,5,28,0,3.76,2,2,7,bank_transfer
VCH_03478,51,4,1.0,4,0,2,1,1,7.76,1,4,8,cash_out
VCH_03479,0,0,1.0,2,5,5,30,0,3.93,1,4,4,cash_out
VCH_03480,23,0,1.0,10,3,4,29,0,5.96,3,2,9,merchant_payment
VCH_03481,45,0,1.0,9,5,2,29,0,6.43,2,3,12,bank_transfer
VCH_03482,41,0,1.0,1,3,4,28,0,2.79,0,5,7,wallet
VCH_03483,10,0,1.0,9,2,0,2,1,10.9,1,2,10,cash_out
VCH_03484,11,1,1.0,10,4,2,16,0,2.7,3,2,7,merchant_payment
VCH_03485,12,0,1.0,6,5,4,1,1,2.66,1,2,5,cash_out
VCH_03486,9,4,1.0,6,4,0,2,1,7.05,2,2,8,bank_transfer
VCH_03487,1,1,1.0,7,4,5,15,0,3.81,0,1,11,wallet
VCH_03488,50,0,1.0,10,4,4,2,1,1.89,3,3,5,merchant_payment
VCH_03489,2,4,1.0,0,4,5,1,1,2.79,2,4,1,bank_transfer
VCH_03490,39,0,1.0,0,1,0,1,1,5.71,0,2,7,wallet
VCH_03491,5,1,1.0,10,0,5,29,0,7.09,1,4,12,cash_out
VCH_03492,22,0,1.0,1,5,4,29,0,7.0,1,6,6,cash_out
VCH_03493,18,2,0.2143,9,3,2,1,1,2.66,1,1,4,cash_out
VCH_03494,25,0,1.0,8,3,4,1,1,2.4,2,2,5,bank_transfer
VCH_03495,19,4,1.0,11,4,2,1,1,1.92,4,4,9,cash_at_till
VCH_03496,19,2,0.2143,10,2,6,3,1,10.28,1,2,12,cash_out
VCH_03497,46,1,1.0,13,2,6,29,0,1.29,0,2,6,wallet
VCH_03498,12,0,1.0,4,4,3,28,0,5.16,4,3,19,cash_at_till
VCH_03499,22,1,1.0,2,4,6,30,0,2.33,4,4,5,cash_at_till
VCH_03500,17,0,1.0,10,5,5,28,0,3.71,3,6,9,merchant_payment
VCH_03501,20,0,1.0,3,4,1,15,0,2.05,1,3,8,cash_out
VCH_03502,11,3,0.2143,3,2,4,1,1,4.89,4,1,7,cash_at_till
VCH_03503,53,2,0.2143,0,5,3,2,1,2.38,1,2,2,cash_out
VCH_03504,22,2,0.2143,8,4,0,30,0,5.25,0,0,11,wallet
VCH_03505,5,3,0.2143,0,2,2,3,1,6.57,0,2,4,wallet
VCH_03506,30,1,1.0,0,2,3,15,0,1.33,0,3,4,wallet
VCH_03507,23,1,1.0,1,2,4,2,1,6.68,1,0,6,cash_out
VCH_03508,7,0,1.0,4,1,4,1,1,2.41,0,1,6,wallet
VCH_03509,14,1,1.0,4,2,1,30,0,2.14,1,3,7,cash_out
VCH_03510,21,2,0.2143,0,3,5,30,0,4.45,1,3,5,cash_out
VCH_03511,5,2,0.2143,8,0,1,1,1,8.17,3,2,10,merchant_payment
VCH_03512,11,0,1.0,3,3,5,2,1,11.25,3,6,10,merchant_payment
VCH_03513,8,0,1.0,4,3,0,1,1,5.17,3,3,6,merchant_payment
VCH_03514,53,0,1.0,5,1,0,1,1,3.18,4,3,7,cash_at_till
VCH_03515,5,1,1.0,1,4,0,1,1,2.08,4,3,3,cash_at_till
VCH_03516,42,4,1.0,0,1,5,30,0,11.7,1,3,9,cash_out
VCH_03517,56,0,1.0,0,1,4,3,1,6.32,0,4,7,wallet
VCH_03518,20,0,1.0,4,4,2,2,1,4.31,4,1,7,cash_at_till
VCH_03519,36,1,1.0,6,2,5,30,0,9.05,0,4,11,wallet
VCH_03520,36,0,1.0,2,3,3,1,1,14.14,3,3,10,merchant_payment
VCH_03521,11,1,1.0,1,2,6,29,0,2.11,2,2,3,bank_transfer
VCH_03522,22,4,1.0,3,0,4,28,0,7.02,0,1,9,wallet
VCH_03523,38,2,0.2143,4,0,4,1,1,3.55,1,1,5,cash_out
VCH_03524,17,0,1.0,8,2,0,29,0,8.5,1,2,11,cash_out
VCH_03525,49,1,1.0,6,0,3,3,1,4.54,4,2,10,cash_at_till
VCH_03526,22,4,1.0,9,0,0,3,1,9.55,0,2,9,wallet
VCH_03527,42,0,1.0,6,4,4,1,1,3.28,1,3,9,cash_out
VCH_03528,47,1,1.0,0,2,3,30,0,1.62,3,1,5,merchant_payment
VCH_03529,49,2,0.2143,0,3,1,30,0,3.51,0,3,5,wallet
VCH_03530,13,1,1.0,7,4,4,15,0,3.95,3,4,9,merchant_payment
VCH_03531,34,2,0.2143,2,3,0,29,0,3.49,1,3,4,cash_out
VCH_03532,50,4,1.0,5,3,6,2,1,5.22,1,2,10,cash_out
VCH_03533,44,1,1.0,8,5,6,1,1,2.56,3,1,7,merchant_payment
VCH_03534,53,2,0.2143,0,3,1,15,0,5.69,1,1,8,cash_out
VCH_03535,37,0,1.0,1,2,4,1,1,2.48,3,2,4,merchant_payment
VCH_03536,19,0,1.0,0,2,2,29,0,3.09,1,3,4,cash_out
VCH_03537,11,1,1.0,9,1,0,30,0,15.32,1,2,15,cash_out
VCH_03538,48,0,1.0,10,5,1,1,1,10.09,3,4,9,merchant_payment
VCH_03539,1,3,0.2143,4,4,1,29,0,4.24,1,6,7,cash_out
VCH_03540,54,2,0.2143,6,0,2,3,1,2.24,0,1,7,wallet
VCH_03541,52,3,0.2143,3,3,0,1,1,6.14,3,1,8,merchant_payment
VCH_03542,32,1,1.0,5,5,4,30,0,5.67,1,2,11,cash_out
VCH_03543,59,4,1.0,4,4,3,30,0,4.81,3,4,8,merchant_payment
VCH_03544,44,2,0.2143,1,5,6,3,1,5.71,4,1,8,cash_at_till
VCH_03545,23,1,1.0,1,0,4,30,0,2.93,2,3,5,bank_transfer
VCH_03546,1,4,1.0,4,4,2,3,1,5.35,0,4,10,wallet
VCH_03547,38,0,1.0,8,5,6,2,1,7.37,3,3,13,merchant_payment
VCH_03548,3,2,0.2143,3,3,3,1,1,2.09,0,2,5,wallet
VCH_03549,53,1,1.0,6,2,2,30,0,1.39,0,3,9,wallet
VCH_03550,19,0,1.0,2,4,0,2,1,2.61,3,3,2,merchant_payment
VCH_03551,50,0,1.0,10,4,1,1,1,7.4,1,2,7,cash_out
VCH_03552,3,0,1.0,1,0,0,1,1,5.84,2,2,5,bank_transfer
VCH_03553,55,0,1.0,5,4,1,1,1,3.01,0,3,8,wallet
VCH_03554,10,0,1.0,1,1,3,30,0,3.69,3,4,10,merchant_payment
VCH_03555,50,1,1.0,7,1,3,1,1,3.96,3,4,8,merchant_payment
VCH_03556,35,2,0.2143,12,1,6,29,0,3.87,2,0,8,bank_transfer
VCH_03557,46,0,1.0,4,0,6,30,0,1.63,3,1,7,merchant_payment
VCH_03558,12,1,1.0,3,5,2,2,1,2.52,3,7,4,merchant_payment
VCH_03559,22,4,1.0,2,1,4,3,1,4.4,1,1,2,cash_out
VCH_03560,17,3,0.2143,3,0,4,28,0,5.54,3,3,12,merchant_payment
VCH_03561,43,1,1.0,8,3,3,3,1,6.1,0,3,6,wallet
VCH_03562,3,0,1.0,6,0,1,1,1,9.53,3,4,11,merchant_payment
VCH_03563,18,0,1.0,5,0,4,2,1,4.09,1,4,7,cash_out
VCH_03564,10,1,1.0,7,0,2,15,0,6.67,0,2,11,wallet
VCH_03565,4,0,1.0,1,1,6,1,1,8.13,2,5,4,bank_transfer
VCH_03566,35,1,1.0,6,0,5,30,0,2.23,3,1,6,merchant_payment
VCH_03567,34,0,1.0,1,3,0,1,1,3.4,4,5,4,cash_at_till
VCH_03568,20,4,1.0,6,4,5,30,0,4.77,3,6,12,merchant_payment
VCH_03569,56,3,0.2143,7,4,1,3,1,1.34,3,2,5,merchant_payment
VCH_03570,46,4,1.0,0,5,0,3,1,4.01,1,4,8,cash_out
VCH_03571,6,3,0.2143,6,4,2,28,0,5.25,3,4,8,merchant_payment
VCH_03572,51,3,0.2143,8,2,3,1,1,7.03,1,2,9,cash_out
VCH_03573,35,0,1.0,11,2,4,29,0,3.1,2,4,7,bank_transfer
VCH_03574,50,0,1.0,2,1,1,3,1,2.57,2,2,1,bank_transfer
VCH_03575,20,0,1.0,13,1,3,29,0,2.54,3,2,11,merchant_payment
VCH_03576,34,2,0.2143,0,5,1,2,1,3.15,0,2,8,wallet
VCH_03577,33,0,1.0,10,3,1,3,1,3.55,3,4,5,merchant_payment
VCH_03578,45,0,1.0,1,4,3,28,0,5.68,0,6,7,wallet
VCH_03579,50,4,1.0,5,0,1,1,1,4.6,3,3,7,merchant_payment
VCH_03580,59,0,1.0,5,0,3,1,1,4.93,0,5,8,wallet
VCH_03581,19,0,1.0,2,0,4,1,1,3.56,3,2,2,merchant_payment
VCH_03582,57,0,1.0,0,2,3,15,0,6.26,0,2,5,wallet
VCH_03583,6,0,1.0,4,4,3,2,1,3.01,4,1,8,cash_at_till
VCH_03584,51,4,1.0,8,4,1,3,1,3.51,2,3,7,bank_transfer
VCH_03585,6,0,1.0,9,5,1,16,0,3.82,1,5,7,cash_out
VCH_03586,39,3,0.2143,2,0,5,1,1,11.03,0,6,8,wallet
VCH_03587,15,0,1.0,8,2,4,15,0,5.55,1,3,12,cash_out
VCH_03588,11,1,1.0,3,1,5,1,1,3.95,1,1,6,cash_out
VCH_03589,8,0,1.0,7,1,0,16,0,10.34,2,4,11,bank_transfer
VCH_03590,8,0,1.0,13,2,1,2,1,2.14,3,1,6,merchant_payment
VCH_03591,22,0,1.0,10,5,6,28,0,21.78,0,5,22,wallet
VCH_03592,16,4,1.0,10,4,6,1,1,4.01,0,2,6,wallet
VCH_03593,25,0,1.0,9,5,6,2,1,4.21,0,6,7,wallet
VCH_03594,42,2,0.2143,13,1,1,1,1,9.05,1,3,9,cash_out
VCH_03595,54,1,1.0,12,4,4,29,0,5.8,0,2,11,wallet
VCH_03596,10,0,1.0,3,2,3,28,0,11.42,3,5,13,merchant_payment
VCH_03597,2,2,0.2143,6,4,6,2,1,6.51,3,1,8,merchant_payment
VCH_03598,11,0,1.0,5,2,0,16,0,3.45,0,3,7,wallet
VCH_03599,36,1,1.0,1,2,0,2,1,5.93,1,5,4,cash_out
VCH_03600,6,1,1.0,10,0,6,2,1,6.3,2,3,7,bank_transfer
VCH_03601,49,1,1.0,9,4,1,28,0,3.91,0,1,10,wallet
VCH_03602,32,4,1.0,5,5,2,3,1,10.85,0,2,9,wallet
VCH_03603,54,2,0.2143,2,5,4,1,1,1.74,0,4,1,wallet
VCH_03604,7,4,1.0,0,3,2,3,1,6.15,1,5,7,cash_out
VCH_03605,17,0,1.0,4,1,1,1,1,4.83,0,6,11,wallet
VCH_03606,17,1,1.0,0,1,0,29,0,5.63,1,5,7,cash_out
VCH_03607,18,4,1.0,3,3,4,1,1,10.15,0,1,9,wallet
VCH_03608,18,4,1.0,12,4,0,2,1,3.5,3,4,8,merchant_payment
VCH_03609,29,0,1.0,0,4,5,29,0,5.43,4,4,11,cash_at_till
VCH_03610,21,4,1.0,6,3,4,1,1,4.93,1,5,7,cash_out
VCH_03611,25,0,1.0,11,5,0,1,1,4.44,4,5,6,cash_at_till
VCH_03612,59,0,1.0,7,5,4,28,0,6.69,0,3,10,wallet
VCH_03613,58,0,1.0,7,0,3,15,0,9.54,0,7,11,wallet
VCH_03614,31,2,0.2143,7,4,0,15,0,6.13,2,3,15,bank_transfer
VCH_03615,1,2,0.2143,12,3,3,15,0,15.28,0,4,16,wallet
VCH_03616,58,0,1.0,5,0,1,2,1,13.95,4,3,12,cash_at_till
VCH_03617,12,0,1.0,3,4,5,15,0,2.28,0,2,7,wallet
VCH_03618,55,3,0.2143,5,2,0,1,1,3.8,4,3,16,cash_at_till
VCH_03619,13,4,1.0,10,2,5,30,0,2.82,1,6,7,cash_out
VCH_03620,40,1,1.0,6,4,4,28,0,5.68,3,4,10,merchant_payment
VCH_03621,45,0,1.0,10,4,4,29,0,2.85,3,1,7,merchant_payment
VCH_03622,16,0,1.0,3,0,5,2,1,4.12,1,4,9,cash_out
VCH_03623,14,2,0.2143,5,1,3,15,0,6.11,3,3,9,merchant_payment
VCH_03624,39,1,1.0,10,2,1,2,1,5.91,1,1,9,cash_out
VCH_03625,2,2,0.2143,12,2,2,2,1,2.26,2,4,5,bank_transfer
VCH_03626,2,1,1.0,0,1,1,3,1,5.52,1,3,3,cash_out
VCH_03627,22,3,0.2143,0,0,3,28,0,2.12,4,3,4,cash_at_till
VCH_03628,38,1,1.0,0,4,4,16,0,1.96,0,5,4,wallet
VCH_03629,29,0,1.0,6,3,2,2,1,7.15,4,3,7,cash_at_till
VCH_03630,58,4,1.0,12,5,0,2,1,3.53,3,0,5,merchant_payment
VCH_03631,33,1,1.0,2,2,3,1,1,2.47,4,3,4,cash_at_till
VCH_03632,32,3,0.2143,1,1,1,2,1,6.23,4,2,4,cash_at_till
VCH_03633,7,4,1.0,0,2,0,1,1,2.39,0,4,1,wallet
VCH_03634,50,4,1.0,0,1,6,1,1,3.06,3,1,2,merchant_payment
VCH_03635,44,4,1.0,12,1,4,3,1,1.33,0,2,7,wallet
VCH_03636,35,2,0.2143,12,0,3,2,1,15.5,3,0,13,merchant_payment
VCH_03637,20,0,1.0,0,4,2,1,1,1.03,0,1,2,wallet
VCH_03638,59,3,0.2143,10,5,0,2,1,7.77,0,4,7,wallet
VCH_03639,56,1,1.0,4,4,4,15,0,4.74,2,7,9,bank_transfer
VCH_03640,43,0,1.0,1,2,0,2,1,9.18,0,0,6,wallet
VCH_03641,50,2,0.2143,9,1,0,28,0,1.58,2,3,6,bank_transfer
VCH_03642,43,0,1.0,3,1,1,2,1,3.77,3,3,5,merchant_payment
VCH_03643,17,1,1.0,4,0,6,2,1,8.54,1,2,8,cash_out
VCH_03644,46,0,1.0,5,3,1,3,1,4.67,1,2,7,cash_out
VCH_03645,41,3,0.2143,1,3,0,1,1,3.17,2,5,5,bank_transfer
VCH_03646,9,0,1.0,2,2,5,15,0,1.68,0,3,4,wallet
VCH_03647,22,0,1.0,2,3,2,1,1,7.74,1,1,5,cash_out
VCH_03648,51,4,1.0,3,0,5,1,1,2.8,3,4,5,merchant_payment
VCH_03649,54,0,1.0,2,2,6,28,0,4.83,4,1,7,cash_at_till
VCH_03650,55,1,1.0,13,0,0,2,1,6.42,3,6,7,merchant_payment
VCH_03651,15,0,1.0,6,4,6,30,0,4.86,0,2,8,wallet
VCH_03652,42,0,1.0,1,2,0,2,1,7.84,1,3,7,cash_out
VCH_03653,52,0,1.0,9,5,4,2,1,5.34,2,4,6,bank_transfer
VCH_03654,30,0,1.0,13,1,5,29,0,14.84,3,6,14,merchant_payment
VCH_03655,8,0,1.0,0,4,3,3,1,9.58,0,3,8,wallet
VCH_03656,9,0,1.0,0,3,0,3,1,3.25,1,2,2,cash_out
VCH_03657,0,2,0.2143,0,5,0,3,1,7.35,1,4,5,cash_out
VCH_03658,25,0,1.0,6,0,3,3,1,4.54,4,1,5,cash_at_till
VCH_03659,44,2,0.2143,7,1,4,2,1,2.97,3,5,9,merchant_payment
VCH_03660,45,0,1.0,3,2,1,1,1,6.36,0,5,8,wallet
VCH_03661,12,2,0.2143,1,2,0,3,1,3.81,3,3,2,merchant_payment
VCH_03662,2,0,1.0,7,3,6,15,0,8.43,1,3,12,cash_out
VCH_03663,59,1,1.0,3,0,3,1,1,13.43,2,2,12,bank_transfer
VCH_03664,16,1,1.0,13,4,1,1,1,1.22,3,1,6,merchant_payment
VCH_03665,5,0,1.0,10,4,6,1,1,8.27,4,8,9,cash_at_till
VCH_03666,26,0,1.0,2,2,6,16,0,4.83,4,4,7,cash_at_till
VCH_03667,16,1,1.0,2,3,5,2,1,9.5,3,4,7,merchant_payment
VCH_03668,0,0,1.0,8,2,4,2,1,3.2,0,6,5,wallet
VCH_03669,48,1,1.0,6,2,6,16,0,4.58,0,3,8,wallet
VCH_03670,45,0,1.0,2,1,5,2,1,3.07,0,2,4,wallet
VCH_03671,17,0,1.0,4,4,2,30,0,4.07,1,5,8,cash_out
VCH_03672,59,0,1.0,8,5,5,29,0,3.91,0,5,8,wallet
VCH_03673,26,0,1.0,12,3,4,16,0,12.14,2,1,13,bank_transfer
VCH_03674,20,0,1.0,10,5,0,3,1,6.36,0,3,9,wallet
VCH_03675,13,0,1.0,1,5,2,30,0,11.15,3,2,16,merchant_payment
VCH_03676,19,3,0.2143,1,0,1,3,1,3.32,0,5,2,wallet
VCH_03677,43,0,1.0,0,4,4,29,0,1.0,0,3,4,wallet
VCH_03678,13,0,1.0,0,3,6,1,1,3.07,3,1,2,merchant_payment
VCH_03679,33,0,1.0,5,1,4,16,0,14.3,0,2,14,wallet
VCH_03680,22,2,0.2143,5,4,4,2,1,1.62,1,4,4,cash_out
VCH_03681,46,3,0.2143,0,3,0,1,1,1.65,0,6,1,wallet
VCH_03682,23,2,0.2143,10,1,6,1,1,3.48,2,4,5,bank_transfer
VCH_03683,9,1,1.0,8,2,0,1,1,19.58,0,5,16,wallet
VCH_03684,51,2,0.2143,12,1,5,16,0,3.16,1,3,17,cash_out
VCH_03685,55,1,1.0,0,4,1,1,1,8.84,3,2,5,merchant_payment
VCH_03686,40,0,1.0,3,2,4,15,0,2.04,2,2,6,bank_transfer
VCH_03687,52,0,1.0,4,5,3,3,1,5.08,3,1,11,merchant_payment
VCH_03688,30,2,0.2143,6,2,1,3,1,3.0,1,2,5,cash_out
VCH_03689,38,1,1.0,5,2,4,16,0,10.41,3,4,13,merchant_payment
VCH_03690,42,1,1.0,5,3,3,15,0,18.09,1,6,17,cash_out
VCH_03691,19,2,0.2143,5,4,0,1,1,14.11,3,1,13,merchant_payment
VCH_03692,13,4,1.0,1,0,5,29,0,4.09,0,1,4,wallet
VCH_03693,50,3,0.2143,0,0,5,15,0,8.38,4,3,9,cash_at_till
VCH_03694,18,0,1.0,7,5,0,28,0,6.11,1,1,11,cash_out
VCH_03695,40,2,0.2143,3,5,6,1,1,5.8,0,4,10,wallet
VCH_03696,20,1,1.0,3,0,0,30,0,3.79,1,4,8,cash_out
VCH_03697,7,0,1.0,12,2,0,28,0,3.1,3,3,9,merchant_payment
VCH_03698,22,4,1.0,5,0,3,15,0,7.0,0,1,9,wallet
VCH_03699,11,2,0.2143,1,0,6,3,1,2.55,0,3,5,wallet
VCH_03700,52,3,0.2143,4,2,5,29,0,1.98,4,2,6,cash_at_till
VCH_03701,38,1,1.0,6,2,1,3,1,5.07,3,2,8,merchant_payment
VCH_03702,23,0,1.0,0,1,3,1,1,10.51,2,3,12,bank_transfer
VCH_03703,3,1,1.0,0,5,3,2,1,5.82,0,5,3,wallet
VCH_03704,15,1,1.0,2,2,0,2,1,5.47,1,1,3,cash_out
VCH_03705,27,2,0.2143,1,1,4,1,1,7.32,3,6,7,merchant_payment
VCH_03706,4,2,0.2143,12,1,2,2,1,3.83,3,5,5,merchant_payment
VCH_03707,46,0,1.0,1,2,2,16,0,3.02,0,5,4,wallet
VCH_03708,20,0,1.0,5,1,1,28,0,5.75,4,6,15,cash_at_till
VCH_03709,15,3,0.2143,11,1,4,28,0,9.21,0,3,12,wallet
VCH_03710,37,4,1.0,10,4,0,2,1,7.73,0,2,8,wallet
VCH_03711,15,1,1.0,0,1,1,29,0,8.78,3,5,7,merchant_payment
VCH_03712,3,0,1.0,9,0,0,1,1,6.67,3,1,7,merchant_payment
VCH_03713,41,0,1.0,2,0,4,30,0,8.73,1,3,8,cash_out
VCH_03714,41,1,1.0,5,0,5,1,1,5.3,2,4,6,bank_transfer
VCH_03715,37,1,1.0,4,1,3,2,1,4.82,1,2,7,cash_out
VCH_03716,36,2,0.2143,0,4,4,1,1,4.17,1,4,3,cash_out
VCH_03717,7,0,1.0,7,3,2,28,0,6.23,2,0,9,bank_transfer
VCH_03718,50,2,0.2143,1,2,3,1,1,7.64,0,4,4,wallet
VCH_03719,21,2,0.2143,4,0,6,29,0,3.59,4,4,7,cash_at_till
VCH_03720,37,0,1.0,6,3,6,1,1,8.18,0,5,10,wallet
VCH_03721,42,0,1.0,3,0,3,2,1,3.92,3,2,11,merchant_payment
VCH_03722,40,1,1.0,2,0,5,1,1,4.28,1,3,4,cash_out
VCH_03723,28,2,0.2143,6,4,5,1,1,1.67,1,1,7,cash_out
VCH_03724,50,2,0.2143,1,0,2,1,1,8.44,1,3,5,cash_out
VCH_03725,36,1,1.0,2,1,4,1,1,6.28,3,4,4,merchant_payment
VCH_03726,2,1,1.0,0,0,2,30,0,5.39,2,3,7,bank_transfer
VCH_03727,37,4,1.0,9,3,6,15,0,6.64,0,7,11,wallet
VCH_03728,36,4,1.0,1,1,2,28,0,3.09,4,1,4,cash_at_till
VCH_03729,14,4,1.0,3,4,0,1,1,6.14,3,1,7,merchant_payment
VCH_03730,27,0,1.0,2,0,6,30,0,6.99,2,4,9,bank_transfer
VCH_03731,7,2,0.2143,1,2,2,28,0,5.63,3,6,7,merchant_payment
VCH_03732,58,0,1.0,6,4,1,28,0,3.58,0,1,7,wallet
VCH_03733,50,3,0.2143,0,3,0,1,1,18.0,1,8,24,cash_out
VCH_03734,10,0,1.0,0,2,4,1,1,5.61,0,3,4,wallet
VCH_03735,10,0,1.0,3,2,0,15,0,1.93,3,2,6,merchant_payment
VCH_03736,40,0,1.0,7,3,6,1,1,3.4,2,4,8,bank_transfer
VCH_03737,53,2,0.2143,10,0,5,1,1,4.92,0,3,8,wallet
VCH_03738,22,1,1.0,7,1,2,3,1,3.58,4,4,12,cash_at_till
VCH_03739,17,0,1.0,2,0,3,30,0,3.39,3,3,9,merchant_payment
VCH_03740,38,2,0.2143,0,4,0,28,0,4.67,4,9,11,cash_at_till
VCH_03741,11,2,0.2143,9,0,0,28,0,2.14,2,3,6,bank_transfer
VCH_03742,56,0,1.0,6,3,5,1,1,1.98,1,4,4,cash_out
VCH_03743,19,2,0.2143,1,5,4,30,0,4.25,3,5,6,merchant_payment
VCH_03744,23,1,1.0,13,0,1,1,1,9.63,2,4,14,bank_transfer
VCH_03745,54,0,1.0,5,3,2,16,0,3.12,1,2,7,cash_out
VCH_03746,7,0,1.0,6,4,3,29,0,5.2,3,6,9,merchant_payment
VCH_03747,12,4,1.0,1,1,0,2,1,6.44,0,1,6,wallet
VCH_03748,4,2,0.2143,12,0,5,29,0,1.26,2,5,6,bank_transfer
VCH_03749,40,0,1.0,4,1,6,3,1,4.21,0,7,5,wallet
VCH_03750,32,1,1.0,5,0,1,28,0,5.08,3,4,8,merchant_payment
VCH_03751,13,3,0.2143,3,0,4,15,0,2.93,2,2,7,bank_transfer
VCH_03752,42,4,1.0,11,5,0,2,1,2.42,3,0,7,merchant_payment
VCH_03753,38,2,0.2143,5,4,2,3,1,1.94,0,4,4,wallet
VCH_03754,9,0,1.0,3,4,3,2,1,4.56,1,4,5,cash_out
VCH_03755,17,1,1.0,3,4,4,1,1,7.91,3,5,7,merchant_payment
VCH_03756,46,4,1.0,13,2,2,1,1,5.39,2,3,7,bank_transfer
VCH_03757,2,2,0.2143,8,1,4,1,1,3.52,1,2,7,cash_out
VCH_03758,57,2,0.2143,4,1,6,28,0,5.67,1,5,10,cash_out
VCH_03759,20,1,1.0,9,3,6,1,1,3.47,0,4,7,wallet
VCH_03760,16,0,1.0,1,1,3,1,1,2.64,3,3,1,merchant_payment
VCH_03761,21,4,1.0,3,0,6,28,0,3.23,1,2,10,cash_out
VCH_03762,48,3,0.2143,3,4,3,1,1,4.04,2,4,7,bank_transfer
VCH_03763,59,2,0.2143,5,4,1,29,0,3.88,3,5,10,merchant_payment
VCH_03764,32,4,1.0,0,4,6,30,0,8.37,3,6,9,merchant_payment
VCH_03765,57,1,1.0,3,3,3,30,0,1.97,4,2,6,cash_at_till
VCH_03766,35,4,1.0,3,5,1,1,1,3.86,1,4,7,cash_out
VCH_03767,30,0,1.0,5,1,6,15,0,7.54,2,0,15,bank_transfer
VCH_03768,54,0,1.0,6,3,2,1,1,4.09,3,1,8,merchant_payment
VCH_03769,32,3,0.2143,8,3,0,15,0,2.7,1,3,8,cash_out
VCH_03770,53,0,1.0,5,2,2,1,1,5.29,1,1,7,cash_out
VCH_03771,9,2,0.2143,0,0,3,16,0,2.4,3,1,4,merchant_payment
VCH_03772,17,2,0.2143,0,2,5,2,1,9.11,0,2,5,wallet
VCH_03773,42,0,1.0,0,3,2,1,1,1.55,1,1,1,cash_out
VCH_03774,18,2,0.2143,4,5,1,29,0,5.19,4,0,8,cash_at_till
VCH_03775,22,1,1.0,3,1,5,2,1,6.14,1,1,7,cash_out
VCH_03776,22,3,0.2143,1,3,4,1,1,6.05,0,4,4,wallet
VCH_03777,55,4,1.0,0,2,3,1,1,2.21,4,4,2,cash_at_till
VCH_03778,30,2,0.2143,13,1,2,15,0,2.94,0,1,16,wallet
VCH_03779,31,4,1.0,9,0,4,2,1,10.27,1,0,14,cash_out
VCH_03780,48,2,0.2143,5,1,3,2,1,5.21,4,4,9,cash_at_till
VCH_03781,43,1,1.0,0,3,1,1,1,2.31,4,2,2,cash_at_till
VCH_03782,13,1,1.0,4,2,5,30,0,5.13,2,3,8,bank_transfer
VCH_03783,4,0,1.0,6,0,4,2,1,6.59,4,1,10,cash_at_till
VCH_03784,3,0,1.0,0,2,4,29,0,4.37,1,5,5,cash_out
VCH_03785,33,0,1.0,0,1,4,2,1,4.86,2,3,4,bank_transfer
VCH_03786,19,0,1.0,7,3,2,2,1,3.74,2,1,7,bank_transfer
VCH_03787,9,3,0.2143,0,5,3,1,1,4.39,2,5,5,bank_transfer
VCH_03788,32,0,1.0,3,0,5,1,1,10.18,1,0,9,cash_out
VCH_03789,31,2,0.2143,4,3,4,1,1,2.7,4,3,5,cash_at_till
VCH_03790,14,0,1.0,8,1,6,28,0,8.75,1,2,12,cash_out
VCH_03791,48,1,1.0,13,1,1,1,1,4.11,1,1,7,cash_out
VCH_03792,44,4,1.0,9,1,3,3,1,3.11,0,1,5,wallet
VCH_03793,12,0,1.0,13,2,3,2,1,2.35,0,1,5,wallet
VCH_03794,21,3,0.2143,12,0,6,29,0,5.83,0,1,8,wallet
VCH_03795,48,0,1.0,6,3,2,29,0,6.26,4,2,10,cash_at_till
VCH_03796,37,0,1.0,12,1,3,29,0,4.26,0,5,9,wallet
VCH_03797,8,4,1.0,0,4,1,3,1,5.89,0,5,4,wallet
VCH_03798,52,2,0.2143,12,5,1,30,0,5.04,0,3,8,wallet
VCH_03799,1,0,1.0,1,5,5,3,1,7.25,4,2,8,cash_at_till
VCH_03800,41,2,0.2143,7,5,1,3,1,3.64,0,2,5,wallet
VCH_03801,21,0,1.0,2,2,1,16,0,1.88,3,2,6,merchant_payment
VCH_03802,41,0,1.0,0,5,1,29,0,5.12,1,1,5,cash_out
VCH_03803,36,2,0.2143,13,4,0,1,1,4.41,1,1,5,cash_out
VCH_03804,16,2,0.2143,12,1,2,16,0,4.44,3,4,9,merchant_payment
VCH_03805,53,0,1.0,3,2,6,2,1,5.79,1,4,9,cash_out
VCH_03806,56,0,1.0,9,3,6,1,1,6.44,2,2,14,bank_transfer
VCH_03807,35,0,1.0,4,4,3,1,1,3.39,3,3,11,merchant_payment
VCH_03808,10,0,1.0,1,2,1,1,1,4.62,3,1,3,merchant_payment
VCH_03809,22,2,0.2143,2,5,2,28,0,6.13,1,5,7,cash_out
VCH_03810,21,2,0.2143,0,2,1,3,1,9.04,0,3,6,wallet
VCH_03811,16,0,1.0,4,1,2,2,1,3.08,2,3,4,bank_transfer
VCH_03812,2,2,0.2143,0,4,4,1,1,4.84,3,1,3,merchant_payment
VCH_03813,5,4,1.0,10,0,3,3,1,6.41,0,3,7,wallet
VCH_03814,57,1,1.0,10,0,2,3,1,10.14,1,4,14,cash_out
VCH_03815,20,2,0.2143,3,5,2,28,0,5.5,2,2,9,bank_transfer
VCH_03816,10,3,0.2143,9,3,6,29,0,3.32,1,1,7,cash_out
VCH_03817,32,2,0.2143,1,2,0,1,1,2.5,2,5,2,bank_transfer
VCH_03818,4,0,1.0,13,2,2,3,1,1.13,0,4,5,wallet
VCH_03819,57,2,0.2143,2,5,1,15,0,1.77,3,3,8,merchant_payment
VCH_03820,19,0,1.0,0,5,2,1,1,10.18,1,4,6,cash_out
VCH_03821,16,2,0.2143,0,1,1,3,1,3.82,1,7,4,cash_out
VCH_03822,47,1,1.0,9,4,6,16,0,4.91,4,3,11,cash_at_till
VCH_03823,50,1,1.0,10,3,3,1,1,4.36,3,3,9,merchant_payment
VCH_03824,20,0,1.0,1,1,1,1,1,1.26,0,5,5,wallet
VCH_03825,6,2,0.2143,7,4,2,2,1,5.14,3,2,7,merchant_payment
VCH_03826,4,1,1.0,0,4,2,30,0,3.79,1,1,9,cash_out
VCH_03827,37,2,0.2143,4,3,5,15,0,10.51,1,2,13,cash_out
VCH_03828,13,4,1.0,0,0,5,2,1,10.49,0,1,7,wallet
VCH_03829,47,0,1.0,0,2,6,30,0,4.91,2,3,6,bank_transfer
VCH_03830,23,0,1.0,0,1,5,1,1,1.63,3,4,6,merchant_payment
VCH_03831,21,2,0.2143,0,0,3,28,0,6.21,1,2,5,cash_out
VCH_03832,51,2,0.2143,11,1,5,3,1,8.66,3,3,9,merchant_payment
VCH_03833,49,2,0.2143,2,0,0,3,1,5.25,1,5,4,cash_out
VCH_03834,58,3,0.2143,0,1,0,30,0,4.71,1,1,7,cash_out
VCH_03835,24,1,1.0,7,4,1,30,0,3.81,3,4,8,merchant_payment
VCH_03836,48,0,1.0,4,0,1,1,1,2.55,3,2,4,merchant_payment
VCH_03837,30,0,1.0,0,3,0,29,0,3.16,0,3,6,wallet
VCH_03838,25,3,0.2143,1,5,3,1,1,3.6,3,2,4,merchant_payment
VCH_03839,51,0,1.0,5,4,1,15,0,11.16,0,2,14,wallet
VCH_03840,7,4,1.0,7,1,5,1,1,2.38,4,5,6,cash_at_till
VCH_03841,42,2,0.2143,4,3,4,29,0,3.09,3,0,9,merchant_payment
VCH_03842,55,0,1.0,1,1,6,28,0,3.51,0,7,7,wallet
VCH_03843,57,2,0.2143,9,5,5,2,1,7.98,1,4,7,cash_out
VCH_03844,39,3,0.2143,8,4,5,29,0,2.02,2,1,6,bank_transfer
VCH_03845,55,2,0.2143,2,3,6,28,0,6.22,0,1,11,wallet
VCH_03846,37,0,1.0,2,0,5,15,0,4.47,0,2,4,wallet
VCH_03847,26,0,1.0,7,4,0,29,0,3.78,4,2,9,cash_at_till
VCH_03848,10,0,1.0,6,3,4,15,0,10.86,3,3,11,merchant_payment
VCH_03849,19,1,1.0,13,5,1,1,1,1.5,0,4,7,wallet
VCH_03850,37,2,0.2143,10,3,6,2,1,4.16,2,2,7,bank_transfer
VCH_03851,17,0,1.0,2,0,3,30,0,1.62,3,2,3,merchant_payment
VCH_03852,40,0,1.0,0,1,1,29,0,4.69,3,5,8,merchant_payment
VCH_03853,32,3,0.2143,1,1,5,28,0,4.64,0,1,5,wallet
VCH_03854,42,1,1.0,2,2,2,1,1,8.76,2,4,6,bank_transfer
VCH_03855,23,1,1.0,13,5,4,3,1,6.44,0,1,7,wallet
VCH_03856,53,0,1.0,10,2,5,3,1,4.48,3,4,8,merchant_payment
VCH_03857,59,0,1.0,0,5,3,2,1,7.12,1,3,4,cash_out
VCH_03858,24,1,1.0,12,4,0,3,1,5.19,1,7,6,cash_out
VCH_03859,17,1,1.0,4,1,4,30,0,4.73,3,3,8,merchant_payment
VCH_03860,3,3,0.2143,11,4,6,1,1,3.95,0,4,9,wallet
VCH_03861,7,0,1.0,4,5,4,1,1,4.31,2,1,7,bank_transfer
VCH_03862,39,0,1.0,0,5,3,29,0,8.37,2,0,14,bank_transfer
VCH_03863,0,4,1.0,5,2,3,2,1,3.47,2,3,11,bank_transfer
VCH_03864,25,1,1.0,0,0,6,1,1,3.22,1,0,4,cash_out
VCH_03865,9,0,1.0,13,5,2,3,1,7.28,4,0,9,cash_at_till
VCH_03866,59,2,0.2143,0,3,2,29,0,2.2,4,1,4,cash_at_till
VCH_03867,36,0,1.0,4,0,2,2,1,3.65,1,1,7,cash_out
VCH_03868,57,1,1.0,10,0,2,1,1,1.58,2,0,4,bank_transfer
VCH_03869,1,2,0.2143,10,5,5,28,0,4.68,1,3,10,cash_out
VCH_03870,12,1,1.0,10,5,1,3,1,5.17,4,3,12,cash_at_till
VCH_03871,54,2,0.2143,10,1,6,3,1,7.9,0,4,7,wallet
VCH_03872,10,4,1.0,3,1,5,3,1,5.03,3,1,7,merchant_payment
VCH_03873,40,1,1.0,6,3,6,15,0,1.58,0,6,7,wallet
VCH_03874,43,2,0.2143,4,0,2,1,1,9.84,0,2,9,wallet
VCH_03875,8,4,1.0,3,4,0,1,1,5.97,2,1,13,bank_transfer
VCH_03876,4,2,0.2143,1,1,5,1,1,2.87,1,4,3,cash_out
VCH_03877,57,3,0.2143,0,4,0,2,1,2.1,3,5,3,merchant_payment
VCH_03878,51,0,1.0,6,4,2,1,1,4.89,3,2,8,merchant_payment
VCH_03879,49,4,1.0,3,4,3,1,1,3.56,1,2,5,cash_out
VCH_03880,39,2,0.2143,1,2,2,2,1,2.84,2,3,2,bank_transfer
VCH_03881,48,0,1.0,2,3,2,2,1,3.64,1,4,2,cash_out
VCH_03882,29,4,1.0,4,1,1,28,0,8.49,1,0,12,cash_out
VCH_03883,52,2,0.2143,11,1,0,2,1,2.42,2,4,9,bank_transfer
VCH_03884,5,4,1.0,0,1,1,28,0,3.92,1,0,6,cash_out
VCH_03885,6,0,1.0,1,2,2,2,1,5.39,1,4,3,cash_out
VCH_03886,41,0,1.0,0,4,5,1,1,3.09,0,3,4,wallet
VCH_03887,8,4,1.0,3,1,2,2,1,8.86,2,5,10,bank_transfer
VCH_03888,53,4,1.0,0,0,4,3,1,5.26,0,3,4,wallet
VCH_03889,48,2,0.2143,0,4,4,29,0,12.53,0,2,13,wallet
VCH_03890,4,0,1.0,4,3,3,30,0,8.91,4,4,10,cash_at_till
VCH_03891,53,0,1.0,12,5,4,1,1,3.87,1,5,5,cash_out
VCH_03892,25,1,1.0,0,1,0,1,1,18.9,0,1,14,wallet
VCH_03893,46,2,0.2143,7,3,2,16,0,10.86,2,7,13,bank_transfer
VCH_03894,43,2,0.2143,2,1,6,30,0,3.83,2,4,6,bank_transfer
VCH_03895,28,3,0.2143,2,3,3,3,1,4.1,4,3,3,cash_at_till
VCH_03896,28,4,1.0,5,3,1,30,0,1.27,2,2,9,bank_transfer
VCH_03897,39,2,0.2143,8,0,3,29,0,3.28,3,8,7,merchant_payment
VCH_03898,10,0,1.0,13,1,2,29,0,3.38,3,4,8,merchant_payment
VCH_03899,55,2,0.2143,9,4,6,1,1,15.27,3,4,13,merchant_payment
VCH_03900,5,3,0.2143,0,3,2,1,1,2.51,3,2,7,merchant_payment
VCH_03901,58,2,0.2143,0,2,2,30,0,2.91,2,2,5,bank_transfer
VCH_03902,11,2,0.2143,3,2,2,1,1,11.3,1,3,15,cash_out
VCH_03903,25,2,0.2143,5,5,3,29,0,16.28,3,5,17,merchant_payment
VCH_03904,42,0,1.0,4,0,3,15,0,3.36,0,7,7,wallet
VCH_03905,56,0,1.0,2,2,5,15,0,4.46,1,4,4,cash_out
VCH_03906,38,1,1.0,0,3,1,28,0,5.16,4,2,8,cash_at_till
VCH_03907,57,2,0.2143,6,0,4,1,1,5.72,0,6,7,wallet
VCH_03908,32,1,1.0,7,3,1,16,0,10.83,0,2,11,wallet
VCH_03909,24,2,0.2143,13,1,5,3,1,2.66,2,2,7,bank_transfer
VCH_03910,58,3,0.2143,6,5,1,3,1,5.08,2,1,13,bank_transfer
VCH_03911,39,0,1.0,4,1,2,1,1,6.52,0,4,8,wallet
VCH_03912,15,0,1.0,3,3,5,29,0,2.21,1,3,7,cash_out
VCH_03913,21,0,1.0,5,1,5,2,1,8.0,4,0,7,cash_at_till
VCH_03914,45,0,1.0,8,2,0,2,1,6.77,1,4,9,cash_out
VCH_03915,41,1,1.0,3,2,4,1,1,6.11,0,1,7,wallet
VCH_03916,6,1,1.0,1,1,4,3,1,5.63,0,2,5,wallet
VCH_03917,37,0,1.0,6,2,0,28,0,1.68,1,3,15,cash_out
VCH_03918,6,1,1.0,3,2,6,30,0,20.36,0,4,18,wallet
VCH_03919,45,1,1.0,3,1,1,30,0,1.67,1,4,7,cash_out
VCH_03920,42,0,1.0,9,3,6,1,1,9.43,0,2,8,wallet
VCH_03921,45,2,0.2143,6,0,1,2,1,3.18,3,5,6,merchant_payment
VCH_03922,39,1,1.0,0,0,0,28,0,6.48,4,0,8,cash_at_till
VCH_03923,37,2,0.2143,13,5,6,1,1,1.37,1,3,5,cash_out
VCH_03924,34,0,1.0,7,0,4,1,1,2.83,1,4,8,cash_out
VCH_03925,33,1,1.0,5,5,3,2,1,3.89,0,4,6,wallet
VCH_03926,7,2,0.2143,2,0,1,28,0,1.35,3,5,4,merchant_payment
VCH_03927,30,2,0.2143,0,0,2,3,1,3.77,3,3,4,merchant_payment
VCH_03928,42,0,1.0,4,0,6,16,0,9.52,4,2,17,cash_at_till
VCH_03929,34,1,1.0,11,0,6,1,1,2.09,3,5,8,merchant_payment
VCH_03930,19,1,1.0,3,2,4,2,1,2.74,4,6,11,cash_at_till
VCH_03931,56,0,1.0,5,5,1,1,1,2.71,2,6,7,bank_transfer
VCH_03932,49,4,1.0,13,0,1,3,1,6.86,2,3,7,bank_transfer
VCH_03933,29,3,0.2143,6,3,4,3,1,6.02,1,5,6,cash_out
VCH_03934,8,0,1.0,10,5,0,1,1,12.36,1,3,11,cash_out
VCH_03935,2,2,0.2143,6,4,4,1,1,7.23,0,1,10,wallet
VCH_03936,29,2,0.2143,6,1,6,1,1,2.14,0,3,5,wallet
VCH_03937,11,2,0.2143,10,3,5,1,1,4.62,0,4,9,wallet
VCH_03938,29,1,1.0,5,4,4,15,0,3.53,1,0,7,cash_out
VCH_03939,21,1,1.0,6,5,5,1,1,6.19,2,3,7,bank_transfer
VCH_03940,32,1,1.0,1,2,1,1,1,3.55,3,1,5,merchant_payment
VCH_03941,5,1,1.0,3,2,4,16,0,3.71,4,5,10,cash_at_till
VCH_03942,14,2,0.2143,10,2,5,30,0,4.78,1,7,9,cash_out
VCH_03943,45,2,0.2143,8,0,5,3,1,4.72,3,3,8,merchant_payment
VCH_03944,32,2,0.2143,8,4,4,15,0,2.9,3,2,11,merchant_payment
VCH_03945,18,0,1.0,9,4,4,3,1,2.45,4,4,5,cash_at_till
VCH_03946,22,0,1.0,13,1,2,2,1,3.17,0,2,5,wallet
VCH_03947,52,2,0.2143,12,4,4,1,1,3.96,3,0,5,merchant_payment
VCH_03948,27,0,1.0,10,4,6,3,1,4.38,0,2,5,wallet
VCH_03949,38,1,1.0,2,5,5,3,1,3.97,4,4,4,cash_at_till
VCH_03950,38,4,1.0,11,0,5,29,0,3.67,3,4,7,merchant_payment
VCH_03951,34,0,1.0,0,4,0,28,0,4.76,3,1,7,merchant_payment
VCH_03952,9,0,1.0,3,0,6,1,1,7.93,0,2,8,wallet
VCH_03953,38,3,0.2143,4,1,0,1,1,9.12,0,2,11,wallet
VCH_03954,30,3,0.2143,2,1,0,3,1,3.13,3,0,3,merchant_payment
VCH_03955,18,1,1.0,2,1,1,29,0,5.09,0,3,5,wallet
VCH_03956,14,4,1.0,12,4,2,28,0,4.97,3,4,9,merchant_payment
VCH_03957,17,0,1.0,9,2,0,16,0,4.9,0,5,7,wallet
VCH_03958,42,0,1.0,7,0,4,3,1,4.94,1,6,7,cash_out
VCH_03959,23,0,1.0,9,4,2,2,1,10.07,2,0,9,bank_transfer
VCH_03960,6,3,0.2143,3,5,0,1,1,2.07,2,1,5,bank_transfer
VCH_03961,51,0,1.0,3,2,3,28,0,4.12,1,2,8,cash_out
VCH_03962,32,4,1.0,3,5,3,28,0,2.69,0,2,6,wallet
VCH_03963,37,0,1.0,9,3,4,2,1,5.34,2,2,11,bank_transfer
VCH_03964,38,0,1.0,5,1,2,2,1,3.08,3,2,8,merchant_payment
VCH_03965,0,0,1.0,1,1,3,1,1,8.56,2,2,5,bank_transfer
VCH_03966,25,1,1.0,6,4,4,1,1,7.19,1,1,7,cash_out
VCH_03967,43,2,0.2143,10,0,5,28,0,3.71,0,5,9,wallet
VCH_03968,20,3,0.2143,4,2,4,1,1,2.66,2,2,5,bank_transfer
VCH_03969,38,1,1.0,0,2,6,15,0,3.35,2,2,4,bank_transfer
VCH_03970,59,4,1.0,1,1,3,2,1,5.01,0,3,3,wallet
VCH_03971,30,0,1.0,0,0,2,16,0,6.05,1,1,10,cash_out
VCH_03972,1,2,0.2143,0,5,3,28,0,5.01,3,5,7,merchant_payment
VCH_03973,54,2,0.2143,0,4,0,3,1,4.36,0,3,3,wallet
VCH_03974,36,1,1.0,1,4,5,1,1,2.5,3,3,7,merchant_payment
VCH_03975,11,3,0.2143,0,1,1,2,1,1.4,3,2,2,merchant_payment
VCH_03976,25,2,0.2143,12,2,4,1,1,10.15,0,3,11,wallet
VCH_03977,28,1,1.0,5,1,1,29,0,2.86,0,4,7,wallet
VCH_03978,30,0,1.0,3,3,4,1,1,2.31,0,2,9,wallet
VCH_03979,55,4,1.0,1,3,6,30,0,2.97,1,5,4,cash_out
VCH_03980,25,0,1.0,2,3,4,1,1,5.91,2,1,4,bank_transfer
VCH_03981,2,3,0.2143,12,2,3,1,1,5.14,2,3,6,bank_transfer
VCH_03982,7,3,0.2143,0,4,6,15,0,4.94,3,3,7,merchant_payment
VCH_03983,34,1,1.0,0,1,6,1,1,11.19,2,1,9,bank_transfer
VCH_03984,53,0,1.0,10,5,4,28,0,3.15,2,3,10,bank_transfer
VCH_03985,28,1,1.0,1,0,0,30,0,13.83,3,4,14,merchant_payment
VCH_03986,1,0,1.0,7,1,5,16,0,1.0,3,8,6,merchant_payment
VCH_03987,28,2,0.2143,11,3,6,1,1,8.21,0,0,10,wallet
VCH_03988,51,1,1.0,1,2,0,1,1,7.86,3,4,5,merchant_payment
VCH_03989,39,0,1.0,0,0,1,2,1,7.35,4,4,5,cash_at_till
VCH_03990,48,0,1.0,12,0,0,15,0,4.82,3,1,13,merchant_payment
VCH_03991,23,0,1.0,1,2,6,15,0,9.26,0,5,9,wallet
VCH_03992,18,1,1.0,2,0,1,2,1,7.49,2,1,6,bank_transfer
VCH_03993,54,2,0.2143,2,3,5,1,1,1.13,1,4,2,cash_out
VCH_03994,42,2,0.2143,10,0,5,30,0,1.57,0,3,6,wallet
VCH_03995,8,0,1.0,3,5,2,28,0,7.03,3,6,13,merchant_payment
VCH_03996,14,2,0.2143,11,5,0,29,0,12.39,0,1,13,wallet
VCH_03997,31,0,1.0,13,2,4,15,0,2.31,4,3,12,cash_at_till
VCH_03998,28,2,0.2143,11,1,3,29,0,10.74,1,1,15,cash_out
VCH_03999,37,0,1.0,7,5,0,29,0,3.41,4,6,9,cash_at_till
VCH_04000,13,1,1.0,10,0,2,2,1,3.32,1,2,10,cash_out
VCH_04001,48,2,0.2143,2,2,1,1,1,7.66,3,4,4,merchant_payment
VCH_04002,16,0,1.0,0,2,3,1,1,3.21,3,2,2,merchant_payment
VCH_04003,17,2,0.2143,3,5,4,1,1,10.28,3,3,13,merchant_payment
VCH_04004,17,2,0.2143,5,2,6,1,1,3.31,4,1,7,cash_at_till
VCH_04005,12,2,0.2143,10,5,4,1,1,2.93,0,2,8,wallet
VCH_04006,12,2,0.2143,0,4,3,3,1,4.86,0,1,6,wallet
VCH_04007,32,2,0.2143,0,1,2,15,0,11.02,2,4,9,bank_transfer
VCH_04008,15,4,1.0,6,4,3,30,0,9.18,3,7,12,merchant_payment
VCH_04009,51,0,1.0,2,5,5,1,1,9.79,2,5,5,bank_transfer
VCH_04010,52,2,0.2143,2,1,4,3,1,9.26,2,1,7,bank_transfer
VCH_04011,47,4,1.0,2,5,0,2,1,3.58,3,1,2,merchant_payment
VCH_04012,59,2,0.2143,1,3,1,15,0,5.54,1,6,6,cash_out
VCH_04013,5,1,1.0,6,2,3,28,0,4.6,2,4,14,bank_transfer
VCH_04014,28,1,1.0,8,1,1,30,0,2.92,1,5,7,cash_out
VCH_04015,11,0,1.0,13,3,2,2,1,1.62,4,1,9,cash_at_till
VCH_04016,4,2,0.2143,0,1,0,2,1,3.94,3,5,3,merchant_payment
VCH_04017,33,3,0.2143,4,5,2,29,0,3.88,0,4,7,wallet
VCH_04018,5,2,0.2143,3,2,4,28,0,4.18,0,3,9,wallet
VCH_04019,7,0,1.0,2,3,2,29,0,2.22,0,3,6,wallet
VCH_04020,39,1,1.0,2,3,0,1,1,9.1,2,1,6,bank_transfer
VCH_04021,0,1,1.0,0,5,6,29,0,1.04,1,1,3,cash_out
VCH_04022,46,0,1.0,11,4,4,29,0,1.46,0,4,7,wallet
VCH_04023,41,0,1.0,10,2,5,29,0,2.44,0,3,8,wallet
VCH_04024,21,3,0.2143,0,5,4,28,0,3.11,2,4,4,bank_transfer
VCH_04025,5,1,1.0,2,3,3,28,0,4.64,0,3,5,wallet
VCH_04026,59,2,0.2143,10,4,0,29,0,16.8,0,6,15,wallet
VCH_04027,24,1,1.0,0,0,6,2,1,3.88,1,6,2,cash_out
VCH_04028,16,2,0.2143,3,1,1,3,1,31.87,0,4,22,wallet
VCH_04029,27,2,0.2143,12,3,6,1,1,2.35,2,3,4,bank_transfer
VCH_04030,9,1,1.0,0,1,4,1,1,4.38,0,5,3,wallet
VCH_04031,26,3,0.2143,1,0,3,1,1,3.7,0,2,2,wallet
VCH_04032,39,1,1.0,2,0,1,1,1,11.89,1,3,8,cash_out
VCH_04033,42,3,0.2143,4,1,0,1,1,3.56,1,1,5,cash_out
VCH_04034,19,0,1.0,6,0,3,1,1,9.03,4,2,14,cash_at_till
VCH_04035,26,3,0.2143,2,4,4,28,0,18.11,0,1,13,wallet
VCH_04036,28,1,1.0,0,4,2,1,1,4.84,2,5,3,bank_transfer
VCH_04037,16,1,1.0,4,5,3,1,1,1.72,1,2,6,cash_out
VCH_04038,7,1,1.0,3,4,1,28,0,20.85,4,3,21,cash_at_till
VCH_04039,19,0,1.0,8,3,3,15,0,3.21,3,3,11,merchant_payment
VCH_04040,33,2,0.2143,4,2,5,1,1,12.3,1,1,10,cash_out
VCH_04041,34,2,0.2143,2,0,4,29,0,2.61,1,0,3,cash_out
VCH_04042,45,1,1.0,12,5,4,29,0,9.5,0,2,11,wallet
VCH_04043,36,1,1.0,2,4,0,2,1,2.75,3,1,2,merchant_payment
VCH_04044,20,0,1.0,0,0,1,1,1,8.26,4,2,5,cash_at_till
VCH_04045,25,1,1.0,6,0,5,28,0,8.79,0,4,15,wallet
VCH_04046,35,0,1.0,2,1,3,1,1,7.7,2,2,4,bank_transfer
VCH_04047,24,2,0.2143,0,0,5,28,0,3.75,1,2,10,cash_out
VCH_04048,34,0,1.0,1,1,6,16,0,3.35,4,2,9,cash_at_till
VCH_04049,33,0,1.0,11,4,4,15,0,4.39,1,3,9,cash_out
VCH_04050,56,3,0.2143,4,3,2,1,1,3.93,1,2,5,cash_out
VCH_04051,7,0,1.0,12,2,2,30,0,10.57,1,3,13,cash_out
VCH_04052,20,2,0.2143,1,4,5,1,1,3.66,3,4,2,merchant_payment
VCH_04053,17,2,0.2143,5,2,0,15,0,3.26,0,1,11,wallet
VCH_04054,39,0,1.0,11,3,1,30,0,4.4,3,1,11,merchant_payment
VCH_04055,13,0,1.0,4,0,0,1,1,3.05,0,2,7,wallet
VCH_04056,54,0,1.0,7,0,0,1,1,12.74,0,3,12,wallet
VCH_04057,12,0,1.0,1,1,0,2,1,2.54,2,2,4,bank_transfer
VCH_04058,15,2,0.2143,10,3,2,1,1,3.24,2,4,6,bank_transfer
VCH_04059,4,1,1.0,0,4,2,28,0,5.44,0,3,11,wallet
VCH_04060,35,1,1.0,1,2,3,15,0,2.18,1,3,12,cash_out
VCH_04061,49,2,0.2143,1,4,6,30,0,3.02,0,3,3,wallet
VCH_04062,20,2,0.2143,1,5,6,15,0,13.72,2,5,11,bank_transfer
VCH_04063,33,0,1.0,4,0,0,1,1,2.67,4,2,5,cash_at_till
VCH_04064,45,0,1.0,1,2,6,2,1,5.64,0,4,4,wallet
VCH_04065,18,0,1.0,3,3,5,29,0,5.88,4,0,10,cash_at_till
VCH_04066,47,1,1.0,1,0,0,3,1,2.87,3,1,3,merchant_payment
VCH_04067,27,2,0.2143,9,5,6,1,1,5.75,3,2,8,merchant_payment
VCH_04068,38,1,1.0,7,3,4,30,0,2.79,0,0,7,wallet
VCH_04069,53,4,1.0,13,4,5,1,1,3.56,4,3,7,cash_at_till
VCH_04070,20,2,0.2143,3,5,2,15,0,5.12,3,3,17,merchant_payment
VCH_04071,10,1,1.0,12,5,4,1,1,3.23,1,5,5,cash_out
VCH_04072,59,1,1.0,1,1,0,2,1,4.93,2,4,3,bank_transfer
VCH_04073,33,1,1.0,10,5,1,1,1,10.68,4,0,10,cash_at_till
VCH_04074,7,4,1.0,6,3,5,1,1,5.8,2,2,6,bank_transfer
VCH_04075,19,2,0.2143,1,2,3,28,0,5.84,3,0,6,merchant_payment
VCH_04076,28,0,1.0,6,2,2,29,0,1.95,4,1,6,cash_at_till
VCH_04077,35,3,0.2143,0,0,2,3,1,8.5,3,2,6,merchant_payment
VCH_04078,41,0,1.0,3,2,6,2,1,7.99,1,4,7,cash_out
VCH_04079,18,4,1.0,5,5,6,1,1,7.53,0,2,7,wallet
VCH_04080,23,2,0.2143,2,1,4,1,1,8.36,1,5,5,cash_out
VCH_04081,54,2,0.2143,2,0,5,1,1,3.78,0,2,5,wallet
VCH_04082,22,4,1.0,13,3,3,16,0,4.35,1,4,11,cash_out
VCH_04083,43,0,1.0,6,4,5,30,0,2.21,3,3,6,merchant_payment
VCH_04084,42,3,0.2143,13,5,5,2,1,3.25,3,5,5,merchant_payment
VCH_04085,15,1,1.0,0,2,4,15,0,3.31,0,3,5,wallet
VCH_04086,43,2,0.2143,5,5,2,2,1,5.0,0,3,6,wallet
VCH_04087,35,2,0.2143,3,4,6,2,1,2.39,0,3,5,wallet
VCH_04088,22,2,0.2143,13,5,3,15,0,2.25,3,1,8,merchant_payment
VCH_04089,37,4,1.0,7,0,3,29,0,3.98,1,2,8,cash_out
VCH_04090,1,3,0.2143,9,1,0,2,1,1.89,1,2,12,cash_out
VCH_04091,27,0,1.0,9,1,6,3,1,4.85,3,3,6,merchant_payment
VCH_04092,44,1,1.0,12,4,1,2,1,5.97,3,5,7,merchant_payment
VCH_04093,14,2,0.2143,0,4,5,29,0,6.84,0,5,7,wallet
VCH_04094,5,1,1.0,0,2,0,2,1,7.83,1,4,6,cash_out
VCH_04095,13,0,1.0,0,1,5,16,0,4.18,4,4,4,cash_at_till
VCH_04096,24,1,1.0,0,1,4,1,1,4.74,4,2,5,cash_at_till
VCH_04097,29,0,1.0,0,2,1,15,0,4.83,1,2,5,cash_out
VCH_04098,20,1,1.0,1,3,5,2,1,2.95,0,4,2,wallet
VCH_04099,48,0,1.0,1,4,4,3,1,3.69,0,8,2,wallet
VCH_04100,40,1,1.0,12,1,0,29,0,7.21,2,3,11,bank_transfer
VCH_04101,10,1,1.0,7,3,4,2,1,4.89,1,2,7,cash_out
VCH_04102,53,1,1.0,2,3,3,1,1,2.37,1,2,3,cash_out
VCH_04103,17,3,0.2143,4,1,3,2,1,5.71,0,4,6,wallet
VCH_04104,51,0,1.0,10,1,2,2,1,2.02,4,3,4,cash_at_till
VCH_04105,50,0,1.0,1,2,1,29,0,7.55,3,5,10,merchant_payment
VCH_04106,23,3,0.2143,10,0,0,1,1,4.19,0,4,7,wallet
VCH_04107,20,2,0.2143,13,5,6,3,1,5.48,3,1,7,merchant_payment
VCH_04108,53,0,1.0,3,0,3,29,0,9.72,1,6,13,cash_out
VCH_04109,29,2,0.2143,0,3,5,28,0,1.64,2,6,6,bank_transfer
VCH_04110,26,0,1.0,12,3,4,30,0,2.27,3,7,9,merchant_payment
VCH_04111,37,2,0.2143,3,4,5,1,1,2.06,0,2,8,wallet
VCH_04112,32,0,1.0,5,2,4,1,1,2.53,3,1,4,merchant_payment
VCH_04113,0,2,0.2143,4,4,3,1,1,3.77,3,0,6,merchant_payment
VCH_04114,16,0,1.0,6,2,1,30,0,3.75,0,1,7,wallet
VCH_04115,35,2,0.2143,7,2,4,2,1,5.82,4,3,8,cash_at_till
VCH_04116,27,0,1.0,6,2,4,30,0,7.17,3,4,9,merchant_payment
VCH_04117,45,2,0.2143,4,2,6,28,0,14.2,0,4,13,wallet
VCH_04118,7,0,1.0,4,3,0,1,1,3.85,0,0,7,wallet
VCH_04119,37,4,1.0,4,4,6,2,1,4.96,1,0,12,cash_out
VCH_04120,9,0,1.0,4,2,2,15,0,1.31,1,3,6,cash_out
VCH_04121,25,0,1.0,2,5,5,2,1,11.06,0,4,9,wallet
VCH_04122,19,0,1.0,4,0,0,28,0,1.64,0,5,14,wallet
VCH_04123,57,1,1.0,0,3,2,28,0,3.35,0,3,7,wallet
VCH_04124,57,0,1.0,3,5,0,29,0,2.01,1,2,9,cash_out
VCH_04125,54,1,1.0,1,1,0,28,0,9.84,1,2,8,cash_out
VCH_04126,36,2,0.2143,10,3,0,30,0,4.87,2,5,10,bank_transfer
VCH_04127,37,4,1.0,13,2,6,15,0,5.52,1,3,10,cash_out
VCH_04128,15,1,1.0,3,0,5,3,1,2.16,0,5,8,wallet
VCH_04129,56,4,1.0,0,0,5,1,1,9.51,1,3,7,cash_out
VCH_04130,21,2,0.2143,5,2,3,1,1,4.72,1,5,11,cash_out
VCH_04131,7,0,1.0,3,0,0,28,0,2.05,1,2,6,cash_out
VCH_04132,53,4,1.0,0,4,3,16,0,16.72,4,4,13,cash_at_till
VCH_04133,23,0,1.0,0,3,4,1,1,1.98,3,1,2,merchant_payment
VCH_04134,46,1,1.0,0,0,5,29,0,3.07,3,1,5,merchant_payment
VCH_04135,5,1,1.0,3,1,6,1,1,3.59,0,2,8,wallet
VCH_04136,43,1,1.0,1,0,3,15,0,1.64,1,1,3,cash_out
VCH_04137,1,2,0.2143,5,2,4,1,1,2.21,1,4,5,cash_out
VCH_04138,35,1,1.0,9,5,0,15,0,1.94,3,2,8,merchant_payment
VCH_04139,29,2,0.2143,9,4,4,29,0,14.19,0,7,13,wallet
VCH_04140,25,1,1.0,4,0,1,1,1,1.87,0,5,5,wallet
VCH_04141,15,0,1.0,0,2,1,30,0,3.43,2,5,4,bank_transfer
VCH_04142,16,0,1.0,5,1,5,1,1,6.31,2,3,7,bank_transfer
VCH_04143,46,0,1.0,0,4,2,2,1,4.08,1,1,2,cash_out
VCH_04144,23,0,1.0,12,3,4,1,1,8.16,2,3,9,bank_transfer
VCH_04145,32,2,0.2143,0,1,6,2,1,2.59,2,3,2,bank_transfer
VCH_04146,2,0,1.0,13,1,4,1,1,3.33,1,7,9,cash_out
VCH_04147,11,0,1.0,3,5,6,2,1,4.86,0,4,9,wallet
VCH_04148,46,0,1.0,1,3,5,1,1,5.7,1,2,3,cash_out
VCH_04149,24,3,0.2143,9,0,1,1,1,4.64,1,3,7,cash_out
VCH_04150,20,1,1.0,13,3,2,15,0,4.69,1,2,14,cash_out
VCH_04151,12,1,1.0,12,4,0,1,1,6.91,4,3,7,cash_at_till
VCH_04152,44,1,1.0,1,4,1,30,0,4.69,1,6,7,cash_out
VCH_04153,41,2,0.2143,0,3,4,29,0,9.61,3,0,8,merchant_payment
VCH_04154,32,0,1.0,4,1,1,28,0,2.87,2,3,9,bank_transfer
VCH_04155,3,2,0.2143,11,2,5,3,1,2.81,3,2,6,merchant_payment
VCH_04156,7,0,1.0,2,4,2,29,0,2.93,0,3,4,wallet
VCH_04157,2,2,0.2143,5,5,6,2,1,7.12,4,6,9,cash_at_till
VCH_04158,55,2,0.2143,2,0,5,15,0,4.95,0,5,8,wallet
VCH_04159,5,0,1.0,5,2,2,29,0,5.11,0,1,10,wallet
VCH_04160,9,0,1.0,1,2,5,16,0,9.82,4,3,9,cash_at_till
VCH_04161,35,2,0.2143,0,0,5,29,0,5.91,0,6,5,wallet
VCH_04162,17,0,1.0,7,1,6,1,1,1.25,2,3,6,bank_transfer
VCH_04163,33,2,0.2143,0,4,0,3,1,2.29,2,4,3,bank_transfer
VCH_04164,34,4,1.0,1,4,2,1,1,3.46,2,3,3,bank_transfer
VCH_04165,54,0,1.0,4,4,1,2,1,2.01,2,3,5,bank_transfer
VCH_04166,58,2,0.2143,4,2,4,2,1,7.45,3,5,8,merchant_payment
VCH_04167,21,1,1.0,6,3,3,29,0,2.38,0,1,7,wallet
VCH_04168,46,4,1.0,10,3,0,30,0,4.6,0,3,8,wallet
VCH_04169,41,2,0.2143,0,0,0,29,0,6.15,2,4,7,bank_transfer
VCH_04170,30,1,1.0,6,0,4,3,1,2.34,2,3,4,bank_transfer
VCH_04171,9,0,1.0,0,1,2,1,1,18.19,3,4,12,merchant_payment
VCH_04172,24,0,1.0,6,3,2,28,0,11.96,0,6,13,wallet
VCH_04173,41,2,0.2143,12,0,2,2,1,8.74,3,3,8,merchant_payment
VCH_04174,22,2,0.2143,11,5,1,3,1,3.38,3,5,5,merchant_payment
VCH_04175,1,0,1.0,0,2,0,2,1,4.98,3,4,5,merchant_payment
VCH_04176,57,0,1.0,3,1,2,15,0,1.51,1,2,11,cash_out
VCH_04177,45,0,1.0,0,1,2,1,1,2.55,1,4,2,cash_out
VCH_04178,11,0,1.0,11,2,3,1,1,6.15,3,2,10,merchant_payment
VCH_04179,54,2,0.2143,1,4,4,16,0,10.54,3,2,11,merchant_payment
VCH_04180,3,0,1.0,2,5,1,1,1,6.04,1,5,4,cash_out
VCH_04181,56,1,1.0,8,5,3,29,0,1.77,1,3,6,cash_out
VCH_04182,51,1,1.0,2,5,4,1,1,7.85,1,2,6,cash_out
VCH_04183,20,0,1.0,8,4,3,2,1,5.91,2,2,9,bank_transfer
VCH_04184,4,4,1.0,4,0,0,1,1,5.17,1,1,6,cash_out
VCH_04185,0,0,1.0,8,5,4,29,0,4.83,0,6,8,wallet
VCH_04186,23,3,0.2143,0,0,5,29,0,6.11,3,2,7,merchant_payment
VCH_04187,52,0,1.0,0,4,6,1,1,2.32,1,1,1,cash_out
VCH_04188,8,2,0.2143,6,2,5,3,1,8.18,0,2,9,wallet
VCH_04189,48,1,1.0,0,0,5,1,1,30.67,3,4,18,merchant_payment
VCH_04190,32,3,0.2143,1,5,4,1,1,2.24,0,3,2,wallet
VCH_04191,25,2,0.2143,2,5,0,1,1,2.51,0,1,1,wallet
VCH_04192,9,0,1.0,4,0,1,1,1,7.72,2,3,7,bank_transfer
VCH_04193,37,4,1.0,1,2,5,30,0,5.31,2,2,5,bank_transfer
VCH_04194,25,1,1.0,6,4,1,15,0,2.74,2,2,7,bank_transfer
VCH_04195,10,4,1.0,8,0,2,30,0,3.16,1,3,7,cash_out
VCH_04196,34,3,0.2143,1,0,2,2,1,22.14,4,2,13,cash_at_till
VCH_04197,0,1,1.0,9,4,0,15,0,1.81,1,2,9,cash_out
VCH_04198,20,1,1.0,4,4,5,30,0,4.95,0,3,9,wallet
VCH_04199,51,0,1.0,2,5,3,2,1,5.71,0,4,3,wallet
VCH_04200,53,4,1.0,1,0,4,1,1,7.33,3,4,7,merchant_payment
VCH_04201,27,3,0.2143,1,0,2,28,0,8.82,0,6,8,wallet
VCH_04202,38,2,0.2143,5,0,0,3,1,2.17,1,2,5,cash_out
VCH_04203,24,3,0.2143,13,1,3,1,1,2.72,3,3,8,merchant_payment
VCH_04204,41,1,1.0,0,4,6,3,1,10.47,0,4,8,wallet
VCH_04205,44,1,1.0,7,5,1,1,1,4.1,0,2,11,wallet
VCH_04206,11,4,1.0,0,3,0,30,0,10.03,1,0,8,cash_out
VCH_04207,49,4,1.0,5,2,6,1,1,6.05,0,4,9,wallet
VCH_04208,53,2,0.2143,8,0,6,30,0,18.99,0,2,19,wallet
VCH_04209,51,0,1.0,0,4,5,1,1,4.42,1,2,4,cash_out
VCH_04210,33,0,1.0,4,1,5,28,0,2.42,2,2,9,bank_transfer
VCH_04211,44,2,0.2143,2,5,4,16,0,4.12,4,2,6,cash_at_till
VCH_04212,33,1,1.0,2,5,1,2,1,4.36,2,3,5,bank_transfer
VCH_04213,35,1,1.0,1,3,6,2,1,10.6,1,2,6,cash_out
VCH_04214,31,2,0.2143,4,5,5,16,0,10.0,1,3,11,cash_out
VCH_04215,43,2,0.2143,4,0,2,1,1,2.5,2,2,4,bank_transfer
VCH_04216,0,1,1.0,4,4,6,28,0,10.7,4,2,13,cash_at_till
VCH_04217,13,2,0.2143,3,1,2,15,0,4.5,0,7,9,wallet
VCH_04218,10,0,1.0,0,1,2,28,0,3.18,1,3,4,cash_out
VCH_04219,38,3,0.2143,4,3,4,1,1,1.53,2,3,5,bank_transfer
VCH_04220,10,0,1.0,13,5,4,28,0,3.09,3,5,10,merchant_payment
VCH_04221,1,1,1.0,0,3,3,1,1,6.92,1,1,5,cash_out
VCH_04222,33,4,1.0,2,0,5,2,1,8.25,0,6,5,wallet
VCH_04223,32,2,0.2143,0,1,5,1,1,3.28,4,2,5,cash_at_till
VCH_04224,39,2,0.2143,7,3,2,3,1,3.64,0,3,6,wallet
VCH_04225,44,3,0.2143,4,5,6,28,0,9.03,3,4,13,merchant_payment
VCH_04226,34,2,0.2143,5,5,2,1,1,3.54,0,5,5,wallet
VCH_04227,30,2,0.2143,10,1,2,15,0,20.39,1,2,18,cash_out
VCH_04228,15,0,1.0,4,2,6,15,0,6.17,2,1,9,bank_transfer
VCH_04229,7,0,1.0,4,3,2,1,1,5.68,2,5,7,bank_transfer
VCH_04230,18,4,1.0,1,4,6,1,1,8.58,0,3,8,wallet
VCH_04231,21,1,1.0,3,3,3,30,0,4.27,1,0,7,cash_out
VCH_04232,3,0,1.0,3,0,2,29,0,17.68,0,6,16,wallet
VCH_04233,2,2,0.2143,11,5,0,30,0,6.04,4,3,14,cash_at_till
VCH_04234,34,3,0.2143,3,1,1,15,0,18.3,1,6,19,cash_out
VCH_04235,24,2,0.2143,0,2,3,1,1,6.25,3,8,4,merchant_payment
VCH_04236,21,4,1.0,7,1,1,1,1,2.51,3,6,5,merchant_payment
VCH_04237,1,2,0.2143,0,5,3,28,0,6.09,0,2,6,wallet
VCH_04238,43,1,1.0,12,3,2,3,1,2.3,1,6,9,cash_out
VCH_04239,9,1,1.0,9,3,1,1,1,3.3,0,6,6,wallet
VCH_04240,52,0,1.0,1,2,3,30,0,3.46,0,2,4,wallet
VCH_04241,11,2,0.2143,9,2,0,1,1,14.14,0,4,11,wallet
VCH_04242,34,0,1.0,12,0,0,16,0,4.04,0,2,11,wallet
VCH_04243,44,1,1.0,9,1,3,16,0,11.65,1,3,13,cash_out
VCH_04244,53,4,1.0,2,3,1,28,0,5.8,1,2,7,cash_out
VCH_04245,49,1,1.0,13,1,4,16,0,2.87,1,1,7,cash_out
VCH_04246,17,1,1.0,0,1,6,28,0,7.6,3,4,15,merchant_payment
VCH_04247,37,2,0.2143,1,5,3,15,0,10.51,1,3,8,cash_out
VCH_04248,29,3,0.2143,5,2,4,16,0,4.57,1,4,7,cash_out
VCH_04249,28,4,1.0,3,4,1,1,1,15.59,0,2,12,wallet
VCH_04250,4,2,0.2143,12,0,6,16,0,3.22,2,2,7,bank_transfer
VCH_04251,12,2,0.2143,6,3,2,29,0,3.31,2,4,13,bank_transfer
VCH_04252,56,1,1.0,1,4,6,29,0,3.39,2,5,4,bank_transfer
VCH_04253,41,2,0.2143,9,1,1,1,1,3.44,3,4,5,merchant_payment
VCH_04254,24,0,1.0,10,0,2,1,1,2.27,4,4,4,cash_at_till
VCH_04255,44,1,1.0,7,2,3,15,0,2.13,1,2,8,cash_out
VCH_04256,20,2,0.2143,0,3,5,29,0,4.53,0,2,4,wallet
VCH_04257,40,0,1.0,2,4,0,1,1,9.52,0,4,7,wallet
VCH_04258,48,2,0.2143,1,4,1,1,1,6.67,0,4,4,wallet
VCH_04259,11,2,0.2143,2,2,0,2,1,5.9,1,3,6,cash_out
VCH_04260,39,0,1.0,4,0,6,1,1,8.56,3,2,9,merchant_payment
VCH_04261,46,1,1.0,10,0,6,29,0,6.18,1,2,10,cash_out
VCH_04262,52,1,1.0,4,4,4,28,0,5.39,3,2,8,merchant_payment
VCH_04263,3,0,1.0,3,4,0,28,0,4.91,3,5,12,merchant_payment
VCH_04264,36,0,1.0,13,3,4,28,0,3.0,0,1,7,wallet
VCH_04265,1,1,1.0,13,5,5,15,0,4.64,0,5,8,wallet
VCH_04266,24,1,1.0,0,5,5,1,1,6.47,0,3,9,wallet
VCH_04267,36,1,1.0,4,3,0,16,0,1.95,1,2,7,cash_out
VCH_04268,18,0,1.0,13,5,5,1,1,3.08,1,4,5,cash_out
VCH_04269,32,2,0.2143,2,1,0,30,0,2.13,0,2,7,wallet
VCH_04270,17,0,1.0,13,4,4,28,0,1.76,3,3,7,merchant_payment
VCH_04271,17,2,0.2143,2,0,0,28,0,2.53,0,8,3,wallet
VCH_04272,8,2,0.2143,3,5,2,29,0,3.16,0,2,7,wallet
VCH_04273,28,1,1.0,4,4,6,1,1,10.93,4,1,10,cash_at_till
VCH_04274,4,4,1.0,1,1,1,16,0,6.26,0,3,6,wallet
VCH_04275,54,0,1.0,9,2,1,1,1,2.18,0,1,9,wallet
VCH_04276,24,2,0.2143,4,4,0,28,0,4.29,4,1,13,cash_at_till
VCH_04277,5,2,0.2143,2,5,3,2,1,4.19,0,2,3,wallet
VCH_04278,46,2,0.2143,0,3,4,28,0,5.96,1,4,7,cash_out
VCH_04279,54,1,1.0,4,0,6,15,0,5.74,2,1,8,bank_transfer
VCH_04280,11,1,1.0,13,5,4,2,1,1.23,3,1,5,merchant_payment
VCH_04281,4,0,1.0,12,5,6,28,0,5.79,3,3,9,merchant_payment
VCH_04282,9,4,1.0,3,1,0,30,0,5.12,2,4,10,bank_transfer
VCH_04283,11,3,0.2143,4,4,0,1,1,6.61,0,2,10,wallet
VCH_04284,13,0,1.0,5,5,4,2,1,3.16,0,2,6,wallet
VCH_04285,56,4,1.0,3,0,1,15,0,7.99,2,3,10,bank_transfer
VCH_04286,49,2,0.2143,6,4,1,2,1,2.82,2,4,6,bank_transfer
VCH_04287,16,1,1.0,8,2,6,30,0,6.18,1,4,8,cash_out
VCH_04288,19,2,0.2143,2,5,2,3,1,3.97,1,2,4,cash_out
VCH_04289,47,0,1.0,4,0,1,30,0,9.35,2,7,19,bank_transfer
VCH_04290,50,0,1.0,0,1,3,15,0,4.1,1,2,4,cash_out
VCH_04291,0,0,1.0,1,4,4,2,1,9.69,4,5,6,cash_at_till
VCH_04292,10,1,1.0,2,2,0,16,0,8.0,2,3,8,bank_transfer
VCH_04293,0,3,0.2143,3,2,4,1,1,5.84,1,4,9,cash_out
VCH_04294,43,0,1.0,9,4,1,1,1,6.92,2,4,9,bank_transfer
VCH_04295,38,0,1.0,4,0,3,1,1,9.07,1,3,8,cash_out
VCH_04296,53,0,1.0,10,0,1,1,1,1.63,1,2,4,cash_out
VCH_04297,31,1,1.0,12,0,0,29,0,8.16,0,6,16,wallet
VCH_04298,31,2,0.2143,8,5,0,1,1,3.68,4,2,5,cash_at_till
VCH_04299,11,3,0.2143,3,5,4,29,0,5.71,3,8,12,merchant_payment
VCH_04300,22,0,1.0,9,2,4,1,1,1.93,3,3,4,merchant_payment
VCH_04301,45,0,1.0,4,2,6,1,1,4.66,0,4,7,wallet
VCH_04302,24,1,1.0,6,1,4,28,0,7.28,0,2,11,wallet
VCH_04303,17,2,0.2143,3,5,1,16,0,2.45,0,2,7,wallet
VCH_04304,21,2,0.2143,4,1,0,15,0,2.02,2,1,7,bank_transfer
VCH_04305,34,0,1.0,10,5,1,28,0,4.55,2,2,7,bank_transfer
VCH_04306,41,0,1.0,0,4,4,3,1,2.81,2,6,2,bank_transfer
VCH_04307,27,0,1.0,13,5,5,28,0,3.15,1,4,9,cash_out
VCH_04308,2,2,0.2143,4,4,3,30,0,7.82,0,2,10,wallet
VCH_04309,39,4,1.0,0,4,4,1,1,4.36,2,3,9,bank_transfer
VCH_04310,35,4,1.0,3,5,2,1,1,1.74,0,2,11,wallet
VCH_04311,29,0,1.0,3,3,2,2,1,2.8,0,4,8,wallet
VCH_04312,5,0,1.0,0,5,3,29,0,10.2,1,2,8,cash_out
VCH_04313,20,2,0.2143,0,1,3,29,0,2.32,2,1,5,bank_transfer
VCH_04314,34,1,1.0,4,1,3,30,0,5.63,0,3,11,wallet
VCH_04315,45,2,0.2143,0,0,1,1,1,3.6,1,2,2,cash_out
VCH_04316,15,0,1.0,0,3,3,1,1,10.06,3,6,8,merchant_payment
VCH_04317,24,0,1.0,4,2,6,29,0,3.34,3,4,7,merchant_payment
VCH_04318,23,3,0.2143,4,3,3,28,0,2.94,1,2,7,cash_out
VCH_04319,21,2,0.2143,5,0,2,3,1,5.39,2,1,8,bank_transfer
VCH_04320,1,0,1.0,4,2,1,16,0,3.1,4,3,8,cash_at_till
VCH_04321,49,2,0.2143,0,0,1,2,1,3.15,2,1,5,bank_transfer
VCH_04322,14,2,0.2143,0,5,0,1,1,3.07,4,5,2,cash_at_till
VCH_04323,46,3,0.2143,0,1,2,2,1,4.7,3,2,7,merchant_payment
VCH_04324,56,4,1.0,8,4,4,15,0,8.79,1,3,10,cash_out
VCH_04325,54,3,0.2143,2,5,3,1,1,7.18,1,1,9,cash_out
VCH_04326,35,2,0.2143,0,5,6,1,1,2.88,2,1,1,bank_transfer
VCH_04327,56,2,0.2143,0,2,3,1,1,2.17,2,2,5,bank_transfer
VCH_04328,16,0,1.0,2,4,2,16,0,1.9,0,1,3,wallet
VCH_04329,49,3,0.2143,13,0,4,3,1,4.04,1,0,7,cash_out
VCH_04330,45,2,0.2143,2,2,6,28,0,4.39,2,3,5,bank_transfer
VCH_04331,36,1,1.0,10,4,3,15,0,3.91,3,2,13,merchant_payment
VCH_04332,14,0,1.0,5,0,6,1,1,2.3,1,0,6,cash_out
VCH_04333,37,2,0.2143,5,1,1,1,1,8.59,2,3,10,bank_transfer
VCH_04334,31,2,0.2143,0,4,2,2,1,7.09,3,4,4,merchant_payment
VCH_04335,24,0,1.0,2,2,2,1,1,1.51,1,2,1,cash_out
VCH_04336,45,2,0.2143,10,1,0,2,1,6.33,0,1,7,wallet
VCH_04337,22,1,1.0,5,4,1,29,0,6.51,0,2,10,wallet
VCH_04338,26,1,1.0,12,5,0,1,1,14.94,1,1,17,cash_out
VCH_04339,59,0,1.0,0,3,5,1,1,4.62,4,5,4,cash_at_till
VCH_04340,54,0,1.0,5,2,0,29,0,3.59,3,0,8,merchant_payment
VCH_04341,13,0,1.0,4,0,3,28,0,9.86,2,3,15,bank_transfer
VCH_04342,29,2,0.2143,12,3,2,28,0,7.39,4,2,10,cash_at_till
VCH_04343,28,1,1.0,5,0,6,2,1,8.11,2,3,18,bank_transfer
VCH_04344,29,2,0.2143,0,5,3,15,0,5.41,0,3,5,wallet
VCH_04345,9,0,1.0,0,2,4,28,0,1.18,0,5,6,wallet
VCH_04346,15,3,0.2143,5,3,4,29,0,6.99,0,2,10,wallet
VCH_04347,41,2,0.2143,4,3,5,2,1,5.25,2,0,6,bank_transfer
VCH_04348,41,4,1.0,5,0,3,29,0,2.79,0,0,8,wallet
VCH_04349,22,2,0.2143,2,2,4,3,1,3.04,4,6,2,cash_at_till
VCH_04350,57,0,1.0,4,2,0,2,1,2.91,0,4,6,wallet
VCH_04351,28,4,1.0,12,3,5,2,1,11.93,2,4,11,bank_transfer
VCH_04352,11,2,0.2143,10,4,1,2,1,5.61,3,8,8,merchant_payment
VCH_04353,9,0,1.0,3,5,3,1,1,4.0,1,1,5,cash_out
VCH_04354,20,2,0.2143,2,0,3,30,0,5.62,2,1,5,bank_transfer
VCH_04355,37,1,1.0,8,0,5,29,0,5.18,0,4,9,wallet
VCH_04356,25,2,0.2143,1,5,6,29,0,8.25,2,7,8,bank_transfer
VCH_04357,21,0,1.0,0,5,3,30,0,5.39,0,5,9,wallet
VCH_04358,4,0,1.0,10,0,6,16,0,4.0,0,1,7,wallet
VCH_04359,4,0,1.0,13,4,0,28,0,4.16,1,3,11,cash_out
VCH_04360,55,0,1.0,1,3,3,3,1,3.11,4,2,6,cash_at_till
VCH_04361,34,0,1.0,10,0,3,1,1,3.28,1,2,5,cash_out
VCH_04362,6,1,1.0,12,0,0,2,1,13.12,3,4,15,merchant_payment
VCH_04363,54,2,0.2143,3,5,6,28,0,2.22,2,5,7,bank_transfer
VCH_04364,30,1,1.0,0,0,3,1,1,11.95,2,4,7,bank_transfer
VCH_04365,33,2,0.2143,11,3,2,16,0,7.57,1,1,11,cash_out
VCH_04366,18,0,1.0,13,3,0,3,1,3.14,1,3,6,cash_out
VCH_04367,52,2,0.2143,8,1,0,29,0,12.65,0,1,13,wallet
VCH_04368,36,0,1.0,0,1,2,1,1,5.51,1,1,10,cash_out
VCH_04369,29,3,0.2143,3,2,6,28,0,2.6,0,2,9,wallet
VCH_04370,11,0,1.0,5,1,0,15,0,3.78,1,3,7,cash_out
VCH_04371,46,0,1.0,3,3,3,29,0,5.92,1,0,11,cash_out
VCH_04372,59,0,1.0,0,0,2,1,1,8.28,4,1,8,cash_at_till
VCH_04373,16,1,1.0,1,5,5,2,1,2.21,3,2,1,merchant_payment
VCH_04374,17,3,0.2143,1,0,2,30,0,11.67,3,3,9,merchant_payment
VCH_04375,23,2,0.2143,0,3,4,30,0,5.35,2,3,7,bank_transfer
VCH_04376,43,2,0.2143,12,0,3,1,1,3.31,3,1,6,merchant_payment
VCH_04377,35,1,1.0,9,1,2,1,1,2.14,2,5,5,bank_transfer
VCH_04378,28,2,0.2143,4,4,3,2,1,20.0,1,4,17,cash_out
VCH_04379,49,2,0.2143,0,0,2,3,1,6.8,1,3,5,cash_out
VCH_04380,36,0,1.0,13,2,6,16,0,4.87,4,2,10,cash_at_till
VCH_04381,24,1,1.0,2,4,4,2,1,6.21,2,1,9,bank_transfer
VCH_04382,25,2,0.2143,2,4,0,16,0,6.02,0,2,7,wallet
VCH_04383,44,1,1.0,9,3,3,3,1,2.01,1,2,6,cash_out
VCH_04384,55,0,1.0,0,3,2,30,0,3.39,0,3,4,wallet
VCH_04385,3,3,0.2143,0,3,0,30,0,14.22,1,1,11,cash_out
VCH_04386,22,0,1.0,0,5,0,30,0,5.87,2,2,9,bank_transfer
VCH_04387,14,0,1.0,3,1,6,1,1,1.2,2,4,5,bank_transfer
VCH_04388,50,3,0.2143,0,4,5,15,0,2.64,4,0,3,cash_at_till
VCH_04389,4,3,0.2143,10,4,6,15,0,7.49,3,4,10,merchant_payment
VCH_04390,34,1,1.0,0,4,3,15,0,4.83,1,1,4,cash_out
VCH_04391,44,0,1.0,3,3,6,2,1,1.98,0,0,5,wallet
VCH_04392,53,2,0.2143,0,5,4,1,1,3.02,4,1,4,cash_at_till
VCH_04393,27,4,1.0,7,0,3,1,1,15.94,3,4,14,merchant_payment
VCH_04394,18,3,0.2143,2,4,5,3,1,7.39,1,2,6,cash_out
VCH_04395,43,4,1.0,3,5,6,2,1,4.33,3,1,7,merchant_payment
VCH_04396,5,0,1.0,2,1,4,15,0,4.12,4,4,4,cash_at_till
VCH_04397,1,0,1.0,3,2,4,30,0,9.94,0,2,12,wallet
VCH_04398,38,0,1.0,9,1,1,1,1,1.62,0,3,5,wallet
VCH_04399,10,0,1.0,3,3,0,3,1,3.26,2,5,6,bank_transfer
VCH_04400,23,0,1.0,11,0,6,2,1,3.79,0,7,8,wallet
VCH_04401,28,0,1.0,3,4,1,1,1,3.75,2,3,7,bank_transfer
VCH_04402,16,0,1.0,1,1,5,30,0,2.04,0,2,4,wallet
VCH_04403,12,1,1.0,3,4,6,1,1,3.89,3,5,7,merchant_payment
VCH_04404,44,1,1.0,8,2,1,1,1,3.72,2,1,7,bank_transfer
VCH_04405,50,0,1.0,9,1,5,1,1,4.85,1,4,7,cash_out
VCH_04406,14,2,0.2143,5,3,2,30,0,4.32,0,0,9,wallet
VCH_04407,4,1,1.0,1,4,3,1,1,7.25,1,4,5,cash_out
VCH_04408,14,2,0.2143,5,3,2,15,0,8.22,1,2,11,cash_out
VCH_04409,56,2,0.2143,3,1,4,30,0,3.75,0,3,8,wallet
VCH_04410,36,1,1.0,10,4,1,1,1,2.59,1,4,5,cash_out
VCH_04411,27,1,1.0,4,3,6,3,1,2.65,0,0,5,wallet
VCH_04412,47,2,0.2143,10,1,5,1,1,2.18,2,2,5,bank_transfer
VCH_04413,32,2,0.2143,13,3,3,2,1,3.42,1,3,7,cash_out
VCH_04414,44,0,1.0,3,1,4,15,0,1.0,3,3,5,merchant_payment
VCH_04415,51,1,1.0,5,4,6,3,1,3.01,3,5,5,merchant_payment
VCH_04416,45,4,1.0,6,0,6,16,0,7.97,2,1,11,bank_transfer
VCH_04417,34,0,1.0,5,3,0,3,1,2.85,0,2,6,wallet
VCH_04418,8,1,1.0,6,5,2,1,1,1.99,0,1,4,wallet
VCH_04419,7,4,1.0,1,0,3,15,0,2.96,1,3,6,cash_out
VCH_04420,14,2,0.2143,2,1,1,3,1,10.07,0,3,6,wallet
VCH_04421,41,0,1.0,13,2,1,2,1,8.42,1,1,8,cash_out
VCH_04422,10,2,0.2143,8,3,0,3,1,4.11,1,1,11,cash_out
VCH_04423,19,0,1.0,1,5,1,3,1,2.2,4,1,2,cash_at_till
VCH_04424,35,0,1.0,2,4,6,3,1,8.13,4,2,7,cash_at_till
VCH_04425,56,2,0.2143,1,5,3,30,0,4.06,1,3,5,cash_out
VCH_04426,54,0,1.0,6,5,0,15,0,3.89,0,2,8,wallet
VCH_04427,6,1,1.0,0,1,4,29,0,3.91,4,1,5,cash_at_till
VCH_04428,22,3,0.2143,7,4,6,28,0,3.19,0,1,6,wallet
VCH_04429,0,2,0.2143,0,5,3,29,0,4.88,1,1,5,cash_out
VCH_04430,21,2,0.2143,3,0,3,30,0,14.15,1,6,14,cash_out
VCH_04431,52,3,0.2143,13,0,3,29,0,1.15,3,2,8,merchant_payment
VCH_04432,35,1,1.0,3,4,1,1,1,4.18,4,5,9,cash_at_till
VCH_04433,39,0,1.0,5,2,2,29,0,6.72,3,2,12,merchant_payment
VCH_04434,23,4,1.0,11,2,6,2,1,5.31,2,6,9,bank_transfer
VCH_04435,14,4,1.0,1,1,1,3,1,3.97,4,3,3,cash_at_till
VCH_04436,11,1,1.0,0,4,3,16,0,1.84,0,7,8,wallet
VCH_04437,10,2,0.2143,12,0,5,2,1,11.75,2,1,10,bank_transfer
VCH_04438,57,1,1.0,6,1,4,28,0,14.22,3,1,14,merchant_payment
VCH_04439,10,0,1.0,2,0,1,1,1,3.15,2,8,2,bank_transfer
VCH_04440,35,3,0.2143,5,1,0,2,1,5.95,1,2,8,cash_out
VCH_04441,43,0,1.0,3,2,5,2,1,6.72,3,2,7,merchant_payment
VCH_04442,32,0,1.0,13,1,4,1,1,4.54,1,3,7,cash_out
VCH_04443,43,2,0.2143,11,4,5,2,1,5.28,3,7,6,merchant_payment
VCH_04444,7,1,1.0,2,2,2,1,1,9.41,4,0,12,cash_at_till
VCH_04445,46,4,1.0,3,1,0,2,1,2.65,1,1,4,cash_out
VCH_04446,34,2,0.2143,4,2,1,1,1,11.07,3,2,9,merchant_payment
VCH_04447,34,0,1.0,5,5,6,1,1,4.78,0,3,7,wallet
VCH_04448,49,2,0.2143,4,5,1,29,0,10.13,2,4,12,bank_transfer
VCH_04449,7,2,0.2143,0,3,0,3,1,2.76,1,3,3,cash_out
VCH_04450,33,1,1.0,6,2,4,3,1,7.12,0,6,7,wallet
VCH_04451,42,3,0.2143,13,3,3,2,1,8.24,3,3,8,merchant_payment
VCH_04452,43,0,1.0,5,4,2,1,1,2.7,1,8,6,cash_out
VCH_04453,21,1,1.0,7,5,3,1,1,4.94,1,2,6,cash_out
VCH_04454,28,2,0.2143,2,5,0,29,0,11.65,0,5,9,wallet
VCH_04455,48,0,1.0,0,3,1,28,0,1.87,4,1,3,cash_at_till
VCH_04456,9,4,1.0,1,2,4,1,1,1.16,0,4,2,wallet
VCH_04457,43,0,1.0,2,2,6,28,0,5.81,2,2,6,bank_transfer
VCH_04458,37,2,0.2143,0,1,3,3,1,8.67,0,2,5,wallet
VCH_04459,5,4,1.0,0,5,5,3,1,8.04,3,1,5,merchant_payment
VCH_04460,29,3,0.2143,6,4,5,1,1,2.63,4,1,4,cash_at_till
VCH_04461,7,2,0.2143,8,1,4,2,1,2.9,2,3,7,bank_transfer
VCH_04462,30,4,1.0,10,5,1,15,0,1.63,1,2,8,cash_out
VCH_04463,36,1,1.0,10,0,4,1,1,4.42,0,4,6,wallet
VCH_04464,23,0,1.0,2,3,5,3,1,2.57,0,3,9,wallet
VCH_04465,15,4,1.0,2,4,5,1,1,3.97,1,5,2,cash_out
VCH_04466,30,3,0.2143,11,0,4,1,1,6.74,3,7,8,merchant_payment
VCH_04467,5,4,1.0,10,3,0,16,0,3.35,1,4,8,cash_out
VCH_04468,41,2,0.2143,1,5,2,1,1,4.66,2,4,5,bank_transfer
VCH_04469,44,2,0.2143,2,5,4,1,1,5.41,0,4,5,wallet
VCH_04470,7,2,0.2143,2,4,3,29,0,5.75,3,2,6,merchant_payment
VCH_04471,19,0,1.0,10,4,5,1,1,3.85,2,7,7,bank_transfer
VCH_04472,39,2,0.2143,13,4,3,29,0,2.74,1,5,11,cash_out
VCH_04473,31,2,0.2143,10,4,1,2,1,4.97,0,3,12,wallet
VCH_04474,13,0,1.0,1,2,5,1,1,6.77,4,3,4,cash_at_till
VCH_04475,16,3,0.2143,5,5,2,2,1,2.21,0,5,4,wallet
VCH_04476,32,1,1.0,1,5,5,15,0,2.62,0,2,4,wallet
VCH_04477,28,3,0.2143,4,3,1,16,0,7.03,0,2,11,wallet
VCH_04478,47,1,1.0,2,3,2,3,1,2.73,2,2,2,bank_transfer
VCH_04479,11,2,0.2143,11,2,5,30,0,2.26,1,2,7,cash_out
VCH_04480,53,2,0.2143,8,1,5,28,0,6.05,1,1,9,cash_out
VCH_04481,39,0,1.0,0,0,5,2,1,5.51,1,2,4,cash_out
VCH_04482,12,2,0.2143,4,2,0,2,1,4.2,0,1,8,wallet
VCH_04483,11,2,0.2143,11,2,0,2,1,5.31,4,0,7,cash_at_till
VCH_04484,49,0,1.0,11,3,4,28,0,2.56,3,4,11,merchant_payment
VCH_04485,36,1,1.0,0,5,2,1,1,5.25,0,2,9,wallet
VCH_04486,21,0,1.0,3,4,0,1,1,5.79,2,4,14,bank_transfer
VCH_04487,26,0,1.0,3,3,3,1,1,3.58,1,1,6,cash_out
VCH_04488,55,0,1.0,10,4,3,2,1,3.17,3,1,6,merchant_payment
VCH_04489,3,3,0.2143,9,3,2,1,1,13.85,3,2,14,merchant_payment
VCH_04490,36,1,1.0,5,0,5,15,0,2.58,2,0,12,bank_transfer
VCH_04491,58,0,1.0,11,0,2,30,0,1.53,2,2,9,bank_transfer
VCH_04492,53,2,0.2143,9,2,6,1,1,4.36,1,3,10,cash_out
VCH_04493,19,0,1.0,5,1,6,1,1,2.89,0,1,4,wallet
VCH_04494,58,3,0.2143,0,3,1,30,0,5.03,0,2,6,wallet
VCH_04495,6,0,1.0,0,1,5,3,1,4.27,2,5,5,bank_transfer
VCH_04496,54,4,1.0,4,4,2,1,1,3.51,0,5,6,wallet
VCH_04497,33,0,1.0,2,2,5,1,1,5.5,4,5,4,cash_at_till
VCH_04498,0,0,1.0,1,1,1,1,1,9.59,3,3,7,merchant_payment
VCH_04499,46,0,1.0,3,5,5,15,0,3.43,1,1,7,cash_out
VCH_04500,26,1,1.0,13,1,4,3,1,4.12,3,3,6,merchant_payment
VCH_04501,5,0,1.0,10,1,3,29,0,4.82,0,3,9,wallet
VCH_04502,29,4,1.0,5,3,1,28,0,7.93,0,3,10,wallet
VCH_04503,30,2,0.2143,0,2,2,1,1,6.47,1,3,5,cash_out
VCH_04504,42,0,1.0,0,3,6,15,0,5.59,0,5,5,wallet
VCH_04505,53,0,1.0,4,5,3,15,0,2.4,0,3,6,wallet
VCH_04506,37,2,0.2143,13,2,2,28,0,10.61,1,4,19,cash_out
VCH_04507,34,3,0.2143,12,2,0,29,0,2.19,2,2,9,bank_transfer
VCH_04508,35,1,1.0,5,5,6,2,1,2.71,0,6,5,wallet
VCH_04509,29,3,0.2143,3,2,5,2,1,3.38,3,3,5,merchant_payment
VCH_04510,21,3,0.2143,7,3,1,15,0,2.28,0,2,10,wallet
VCH_04511,44,0,1.0,4,1,3,15,0,7.97,3,2,10,merchant_payment
VCH_04512,0,2,0.2143,4,0,6,1,1,2.75,3,2,4,merchant_payment
VCH_04513,40,1,1.0,5,1,1,1,1,8.66,4,6,8,cash_at_till
VCH_04514,43,2,0.2143,6,5,1,2,1,2.78,2,5,4,bank_transfer
VCH_04515,24,2,0.2143,1,1,2,30,0,2.17,4,3,5,cash_at_till
VCH_04516,52,0,1.0,0,4,2,15,0,2.1,0,3,4,wallet
VCH_04517,17,2,0.2143,6,5,1,29,0,2.86,0,1,8,wallet
VCH_04518,34,2,0.2143,4,3,0,28,0,5.24,1,2,12,cash_out
VCH_04519,54,1,1.0,5,2,0,2,1,3.49,1,5,5,cash_out
VCH_04520,6,4,1.0,4,1,5,2,1,4.59,1,2,5,cash_out
VCH_04521,24,0,1.0,3,2,6,29,0,1.29,4,3,12,cash_at_till
VCH_04522,5,0,1.0,2,4,2,1,1,3.09,0,4,2,wallet
VCH_04523,50,1,1.0,2,1,1,1,1,19.07,2,4,13,bank_transfer
VCH_04524,12,0,1.0,5,4,3,30,0,5.03,0,3,8,wallet
VCH_04525,53,1,1.0,13,4,2,1,1,2.22,1,1,7,cash_out
VCH_04526,41,0,1.0,11,1,4,1,1,5.71,2,1,7,bank_transfer
VCH_04527,1,0,1.0,6,3,3,2,1,10.26,0,5,10,wallet
VCH_04528,51,0,1.0,0,5,5,1,1,1.0,1,2,3,cash_out
VCH_04529,49,3,0.2143,13,4,5,1,1,14.6,0,2,14,wallet
VCH_04530,14,2,0.2143,10,4,5,15,0,7.13,1,4,11,cash_out
VCH_04531,3,0,1.0,6,4,3,2,1,7.67,2,1,10,bank_transfer
VCH_04532,33,1,1.0,9,4,6,1,1,5.52,0,1,8,wallet
VCH_04533,4,4,1.0,5,0,3,1,1,3.58,3,5,7,merchant_payment
VCH_04534,12,3,0.2143,0,2,4,2,1,5.81,0,2,13,wallet
VCH_04535,50,2,0.2143,2,1,4,30,0,2.76,1,3,12,cash_out
VCH_04536,42,0,1.0,4,1,6,1,1,4.81,1,0,5,cash_out
VCH_04537,37,1,1.0,9,2,6,1,1,1.75,2,3,4,bank_transfer
VCH_04538,38,0,1.0,8,4,5,1,1,6.03,1,2,7,cash_out
VCH_04539,58,0,1.0,10,4,5,1,1,2.17,0,3,4,wallet
VCH_04540,41,3,0.2143,12,1,4,30,0,6.17,3,3,9,merchant_payment
VCH_04541,31,2,0.2143,2,4,3,30,0,2.76,1,5,6,cash_out
VCH_04542,6,2,0.2143,2,4,5,15,0,9.2,3,3,8,merchant_payment
VCH_04543,27,0,1.0,13,0,6,1,1,3.17,2,4,5,bank_transfer
VCH_04544,46,0,1.0,9,0,6,1,1,8.61,0,4,8,wallet
VCH_04545,14,4,1.0,5,2,3,29,0,5.76,1,2,14,cash_out
VCH_04546,12,0,1.0,10,0,2,29,0,6.78,3,4,12,merchant_payment
VCH_04547,6,1,1.0,10,3,1,16,0,2.15,2,2,6,bank_transfer
VCH_04548,49,4,1.0,7,5,5,15,0,5.19,1,2,10,cash_out
VCH_04549,9,0,1.0,2,1,1,1,1,4.28,0,1,5,wallet
VCH_04550,1,4,1.0,6,0,4,2,1,3.72,3,2,6,merchant_payment
VCH_04551,29,0,1.0,8,5,1,1,1,3.92,1,4,7,cash_out
VCH_04552,58,2,0.2143,1,3,2,15,0,2.13,0,1,3,wallet
VCH_04553,54,1,1.0,6,3,1,15,0,3.61,2,2,9,bank_transfer
VCH_04554,52,1,1.0,2,5,2,16,0,12.56,1,1,9,cash_out
VCH_04555,14,3,0.2143,11,5,3,1,1,3.07,1,9,5,cash_out
VCH_04556,29,0,1.0,4,0,5,29,0,6.72,0,2,11,wallet
VCH_04557,59,0,1.0,11,5,0,3,1,8.91,4,2,9,cash_at_till
VCH_04558,30,0,1.0,11,2,2,2,1,5.39,3,7,7,merchant_payment
VCH_04559,56,0,1.0,5,2,6,16,0,6.74,2,2,11,bank_transfer
VCH_04560,1,1,1.0,4,1,5,1,1,6.57,1,5,10,cash_out
VCH_04561,33,1,1.0,2,4,3,28,0,7.91,1,4,8,cash_out
VCH_04562,21,3,0.2143,0,3,0,30,0,2.03,1,3,6,cash_out
VCH_04563,30,1,1.0,7,0,1,30,0,5.4,1,5,10,cash_out
VCH_04564,4,1,1.0,6,1,6,3,1,3.55,4,2,5,cash_at_till
VCH_04565,29,1,1.0,10,2,1,2,1,4.77,3,4,11,merchant_payment
VCH_04566,25,0,1.0,0,1,6,1,1,6.65,3,2,6,merchant_payment
VCH_04567,9,2,0.2143,1,3,2,3,1,1.27,0,1,0,wallet
VCH_04568,47,4,1.0,0,4,6,1,1,2.86,1,1,12,cash_out
VCH_04569,25,1,1.0,0,5,1,16,0,7.34,1,2,6,cash_out
VCH_04570,36,1,1.0,0,4,4,1,1,4.41,0,1,2,wallet
VCH_04571,52,2,0.2143,10,0,6,15,0,1.94,1,2,7,cash_out
VCH_04572,19,0,1.0,3,4,1,28,0,3.58,2,4,8,bank_transfer
VCH_04573,25,1,1.0,10,1,6,28,0,4.34,2,4,9,bank_transfer
VCH_04574,20,1,1.0,7,0,3,1,1,3.92,0,2,6,wallet
VCH_04575,59,0,1.0,4,5,5,28,0,3.45,2,4,8,bank_transfer
VCH_04576,53,1,1.0,6,4,1,1,1,1.74,0,4,4,wallet
VCH_04577,0,1,1.0,12,1,5,28,0,9.96,0,4,11,wallet
VCH_04578,3,0,1.0,0,2,1,1,1,4.0,1,2,4,cash_out
VCH_04579,26,2,0.2143,10,2,5,28,0,3.65,0,2,7,wallet
VCH_04580,1,1,1.0,2,5,6,1,1,3.3,0,3,2,wallet
VCH_04581,7,0,1.0,3,2,3,1,1,6.4,0,2,7,wallet
VCH_04582,36,2,0.2143,1,2,2,1,1,2.32,4,3,4,cash_at_till
VCH_04583,25,2,0.2143,5,3,6,1,1,10.44,1,3,12,cash_out
VCH_04584,28,2,0.2143,6,2,5,15,0,6.96,0,9,9,wallet
VCH_04585,14,0,1.0,13,0,1,1,1,6.65,3,2,8,merchant_payment
VCH_04586,10,3,0.2143,0,5,2,30,0,2.41,4,4,7,cash_at_till
VCH_04587,6,1,1.0,0,1,3,30,0,1.45,3,2,4,merchant_payment
VCH_04588,45,2,0.2143,11,2,0,3,1,3.97,1,2,8,cash_out
VCH_04589,18,4,1.0,10,1,6,29,0,7.25,3,3,11,merchant_payment
VCH_04590,53,0,1.0,13,3,5,3,1,4.01,3,2,5,merchant_payment
VCH_04591,6,1,1.0,10,4,0,15,0,5.22,3,3,9,merchant_payment
VCH_04592,34,2,0.2143,8,4,2,3,1,8.18,0,3,8,wallet
VCH_04593,52,1,1.0,12,1,4,29,0,3.27,1,0,7,cash_out
VCH_04594,32,2,0.2143,0,5,1,1,1,5.42,2,4,5,bank_transfer
VCH_04595,41,1,1.0,0,2,2,1,1,6.18,2,0,3,bank_transfer
VCH_04596,35,2,0.2143,0,1,3,30,0,1.85,1,4,3,cash_out
VCH_04597,28,3,0.2143,9,5,0,29,0,4.98,0,1,9,wallet
VCH_04598,31,0,1.0,5,1,2,1,1,4.12,3,2,8,merchant_payment
VCH_04599,52,2,0.2143,1,3,2,1,1,1.0,0,6,2,wallet
VCH_04600,30,0,1.0,13,0,1,2,1,11.27,0,3,12,wallet
VCH_04601,19,3,0.2143,10,4,5,30,0,4.98,2,2,8,bank_transfer
VCH_04602,17,1,1.0,3,1,4,15,0,1.32,4,4,6,cash_at_till
VCH_04603,1,4,1.0,0,3,2,2,1,4.78,0,3,4,wallet
VCH_04604,24,2,0.2143,0,0,5,16,0,2.73,1,3,4,cash_out
VCH_04605,8,3,0.2143,2,4,4,3,1,2.17,0,5,1,wallet
VCH_04606,1,0,1.0,0,4,0,30,0,4.22,4,3,5,cash_at_till
VCH_04607,15,3,0.2143,1,2,0,1,1,2.24,1,8,3,cash_out
VCH_04608,30,2,0.2143,0,0,6,1,1,1.95,0,3,5,wallet
VCH_04609,10,0,1.0,9,1,1,1,1,3.75,3,2,7,merchant_payment
VCH_04610,51,1,1.0,4,3,0,1,1,5.15,3,2,6,merchant_payment
VCH_04611,41,1,1.0,2,3,4,1,1,14.8,0,3,8,wallet
VCH_04612,45,2,0.2143,10,3,1,30,0,1.69,3,3,8,merchant_payment
VCH_04613,37,2,0.2143,6,4,3,15,0,3.72,0,7,8,wallet
VCH_04614,50,2,0.2143,7,3,0,28,0,18.88,3,2,21,merchant_payment
VCH_04615,14,2,0.2143,3,3,3,1,1,11.49,3,1,10,merchant_payment
VCH_04616,17,1,1.0,0,1,4,1,1,6.58,4,2,5,cash_at_till
VCH_04617,11,0,1.0,4,5,5,1,1,12.76,3,2,17,merchant_payment
VCH_04618,19,3,0.2143,12,3,2,2,1,10.03,4,2,10,cash_at_till
VCH_04619,54,3,0.2143,0,2,4,2,1,5.42,3,6,5,merchant_payment
VCH_04620,53,2,0.2143,12,5,5,1,1,6.33,0,1,9,wallet
VCH_04621,3,0,1.0,10,2,1,15,0,3.48,1,2,8,cash_out
VCH_04622,11,2,0.2143,0,0,0,30,0,8.33,3,2,8,merchant_payment
VCH_04623,3,2,0.2143,3,3,1,1,1,1.16,3,0,4,merchant_payment
VCH_04624,36,1,1.0,3,0,1,29,0,9.18,0,4,11,wallet
VCH_04625,25,1,1.0,0,4,3,1,1,1.5,4,5,2,cash_at_till
VCH_04626,11,1,1.0,3,0,5,15,0,6.34,1,2,9,cash_out
VCH_04627,43,0,1.0,3,4,1,2,1,3.65,1,4,6,cash_out
VCH_04628,47,4,1.0,12,3,4,15,0,3.92,3,5,9,merchant_payment
VCH_04629,17,3,0.2143,2,2,0,15,0,6.9,1,1,6,cash_out
VCH_04630,11,2,0.2143,6,0,3,3,1,4.16,1,3,9,cash_out
VCH_04631,19,4,1.0,7,4,0,15,0,10.17,4,4,11,cash_at_till
VCH_04632,4,2,0.2143,0,1,3,1,1,3.51,1,7,3,cash_out
VCH_04633,46,1,1.0,12,1,6,1,1,1.73,3,2,4,merchant_payment
VCH_04634,18,1,1.0,13,1,4,1,1,1.58,3,7,4,merchant_payment
VCH_04635,9,0,1.0,6,5,0,1,1,2.23,1,5,5,cash_out
VCH_04636,45,2,0.2143,5,4,4,28,0,5.7,4,2,9,cash_at_till
VCH_04637,46,2,0.2143,7,2,0,29,0,6.11,0,2,8,wallet
VCH_04638,50,0,1.0,0,0,1,30,0,3.98,1,7,5,cash_out
VCH_04639,57,3,0.2143,13,4,0,1,1,2.51,3,2,4,merchant_payment
VCH_04640,28,3,0.2143,0,2,2,15,0,4.17,0,3,9,wallet
VCH_04641,0,4,1.0,1,0,6,1,1,3.95,3,2,3,merchant_payment
VCH_04642,6,2,0.2143,10,0,6,1,1,14.65,3,4,13,merchant_payment
VCH_04643,13,0,1.0,2,5,1,3,1,1.54,0,5,7,wallet
VCH_04644,2,0,1.0,10,5,2,29,0,6.46,2,2,10,bank_transfer
VCH_04645,50,0,1.0,2,3,3,1,1,2.21,4,5,2,cash_at_till
VCH_04646,11,4,1.0,10,5,4,1,1,2.22,3,4,7,merchant_payment
VCH_04647,42,4,1.0,5,0,2,29,0,8.74,1,4,13,cash_out
VCH_04648,4,2,0.2143,12,1,0,28,0,6.04,2,3,9,bank_transfer
VCH_04649,36,1,1.0,12,2,1,16,0,7.03,3,1,9,merchant_payment
VCH_04650,8,1,1.0,6,4,0,29,0,4.11,2,2,9,bank_transfer
VCH_04651,5,1,1.0,10,2,3,30,0,1.48,3,4,8,merchant_payment
VCH_04652,58,2,0.2143,6,3,1,29,0,2.88,0,4,9,wallet
VCH_04653,18,0,1.0,7,2,6,2,1,1.93,2,1,5,bank_transfer
VCH_04654,5,1,1.0,4,4,5,1,1,2.76,3,2,6,merchant_payment
VCH_04655,9,1,1.0,4,5,3,1,1,1.27,3,4,6,merchant_payment
VCH_04656,2,3,0.2143,10,5,2,2,1,1.9,3,1,4,merchant_payment
VCH_04657,40,1,1.0,0,4,5,15,0,8.68,2,4,9,bank_transfer
VCH_04658,54,0,1.0,0,0,5,29,0,2.38,3,6,4,merchant_payment
VCH_04659,14,0,1.0,13,0,2,15,0,5.95,2,1,8,bank_transfer
VCH_04660,12,1,1.0,4,0,6,16,0,2.3,1,2,10,cash_out
VCH_04661,42,0,1.0,8,3,5,28,0,2.1,3,5,9,merchant_payment
VCH_04662,55,1,1.0,3,3,0,2,1,1.36,3,2,3,merchant_payment
VCH_04663,10,4,1.0,2,5,4,1,1,5.07,4,8,4,cash_at_till
VCH_04664,38,0,1.0,13,5,3,28,0,6.37,4,7,14,cash_at_till
VCH_04665,14,2,0.2143,0,5,2,29,0,2.7,0,1,4,wallet
VCH_04666,7,1,1.0,13,3,2,16,0,7.79,1,3,14,cash_out
VCH_04667,23,0,1.0,4,2,2,30,0,1.78,0,1,9,wallet
VCH_04668,52,1,1.0,0,3,3,2,1,9.74,1,5,9,cash_out
VCH_04669,43,2,0.2143,1,5,6,30,0,5.1,3,2,6,merchant_payment
VCH_04670,21,3,0.2143,1,3,4,16,0,10.14,1,0,10,cash_out
VCH_04671,18,0,1.0,11,4,0,15,0,7.25,0,4,13,wallet
VCH_04672,41,1,1.0,4,4,2,1,1,1.74,0,5,6,wallet
VCH_04673,38,0,1.0,11,3,5,1,1,4.86,0,4,5,wallet
VCH_04674,43,2,0.2143,3,5,1,1,1,3.87,1,2,14,cash_out
VCH_04675,45,3,0.2143,1,4,5,30,0,4.77,0,5,8,wallet
VCH_04676,59,1,1.0,0,2,0,3,1,2.79,4,2,1,cash_at_till
VCH_04677,7,0,1.0,7,0,6,1,1,3.65,3,2,9,merchant_payment
VCH_04678,31,0,1.0,2,0,1,3,1,2.01,1,3,1,cash_out
VCH_04679,12,2,0.2143,5,0,6,15,0,6.84,0,3,10,wallet
VCH_04680,39,0,1.0,0,5,1,15,0,1.74,1,5,5,cash_out
VCH_04681,16,0,1.0,2,3,2,30,0,3.9,1,3,6,cash_out
VCH_04682,27,4,1.0,0,4,0,29,0,2.55,0,3,6,wallet
VCH_04683,28,0,1.0,8,2,4,2,1,2.47,1,5,8,cash_out
VCH_04684,21,0,1.0,1,4,3,1,1,5.38,0,1,3,wallet
VCH_04685,26,1,1.0,6,0,5,1,1,2.98,3,5,7,merchant_payment
VCH_04686,22,2,0.2143,8,1,3,1,1,2.56,1,3,6,cash_out
VCH_04687,19,1,1.0,1,4,5,1,1,16.67,3,2,10,merchant_payment
VCH_04688,41,0,1.0,0,5,0,15,0,3.18,1,4,5,cash_out
VCH_04689,36,0,1.0,3,0,3,29,0,3.47,1,4,7,cash_out
VCH_04690,34,0,1.0,5,4,0,30,0,30.32,1,3,23,cash_out
VCH_04691,14,2,0.2143,1,4,3,15,0,1.69,1,3,5,cash_out
VCH_04692,48,0,1.0,4,2,4,2,1,1.44,1,5,5,cash_out
VCH_04693,52,2,0.2143,2,1,3,1,1,3.14,0,3,5,wallet
VCH_04694,35,4,1.0,4,1,3,29,0,7.35,3,3,12,merchant_payment
VCH_04695,36,0,1.0,3,4,4,1,1,6.6,0,2,8,wallet
VCH_04696,38,0,1.0,0,4,1,2,1,7.91,3,3,6,merchant_payment
VCH_04697,35,0,1.0,10,5,3,29,0,2.58,1,4,6,cash_out
VCH_04698,51,3,0.2143,4,2,6,1,1,5.29,2,4,9,bank_transfer
VCH_04699,50,2,0.2143,6,1,2,28,0,9.71,2,3,11,bank_transfer
VCH_04700,22,2,0.2143,0,3,6,1,1,2.4,0,2,3,wallet
VCH_04701,14,0,1.0,12,2,4,1,1,5.97,1,1,7,cash_out
VCH_04702,10,1,1.0,5,3,0,1,1,5.5,1,1,8,cash_out
VCH_04703,56,1,1.0,3,4,4,29,0,6.25,1,2,9,cash_out
VCH_04704,57,1,1.0,3,1,6,29,0,1.12,0,4,8,wallet
VCH_04705,11,4,1.0,8,2,0,29,0,11.61,0,3,15,wallet
VCH_04706,32,0,1.0,5,4,4,3,1,1.9,4,3,5,cash_at_till
VCH_04707,3,0,1.0,2,4,2,15,0,3.92,3,2,11,merchant_payment
VCH_04708,26,0,1.0,1,3,4,1,1,4.96,4,4,5,cash_at_till
VCH_04709,57,1,1.0,7,1,4,1,1,2.07,1,3,4,cash_out
VCH_04710,42,1,1.0,13,5,0,3,1,3.75,3,1,6,merchant_payment
VCH_04711,3,0,1.0,2,3,0,2,1,3.3,0,3,4,wallet
VCH_04712,30,1,1.0,2,3,6,15,0,5.83,3,3,10,merchant_payment
VCH_04713,41,0,1.0,0,3,0,3,1,3.62,1,6,3,cash_out
VCH_04714,21,2,0.2143,12,1,2,1,1,3.5,1,1,5,cash_out
VCH_04715,16,4,1.0,4,4,3,1,1,3.02,2,4,5,bank_transfer
VCH_04716,23,4,1.0,10,3,0,28,0,9.02,4,3,12,cash_at_till
VCH_04717,49,0,1.0,9,5,4,15,0,4.33,3,2,8,merchant_payment
VCH_04718,13,2,0.2143,4,1,2,2,1,1.97,3,1,5,merchant_payment
VCH_04719,40,2,0.2143,0,4,3,2,1,3.39,4,7,2,cash_at_till
VCH_04720,54,0,1.0,4,4,2,29,0,1.0,2,1,6,bank_transfer
VCH_04721,35,1,1.0,5,3,0,30,0,7.17,2,4,9,bank_transfer
VCH_04722,9,4,1.0,5,5,2,1,1,21.68,4,5,17,cash_at_till
VCH_04723,54,0,1.0,5,5,6,2,1,8.17,1,3,8,cash_out
VCH_04724,56,0,1.0,0,3,2,1,1,3.93,0,5,6,wallet
VCH_04725,43,3,0.2143,0,1,2,1,1,2.55,3,1,2,merchant_payment
VCH_04726,28,0,1.0,6,0,5,29,0,4.1,3,3,7,merchant_payment
VCH_04727,34,2,0.2143,7,2,0,1,1,2.68,0,2,7,wallet
VCH_04728,29,0,1.0,4,1,3,1,1,4.81,2,7,7,bank_transfer
VCH_04729,50,0,1.0,13,5,4,15,0,5.48,4,2,10,cash_at_till
VCH_04730,32,0,1.0,0,5,3,29,0,2.3,1,2,6,cash_out
VCH_04731,2,0,1.0,8,4,0,1,1,18.63,1,4,15,cash_out
VCH_04732,59,3,0.2143,5,1,3,16,0,6.07,1,4,13,cash_out
VCH_04733,44,0,1.0,1,0,0,16,0,2.54,2,4,8,bank_transfer
VCH_04734,18,4,1.0,1,1,4,30,0,2.35,2,3,5,bank_transfer
VCH_04735,31,0,1.0,1,2,4,29,0,2.05,0,1,7,wallet
VCH_04736,38,2,0.2143,3,5,0,1,1,3.6,1,1,8,cash_out
VCH_04737,21,4,1.0,1,2,1,2,1,4.86,3,3,6,merchant_payment
VCH_04738,25,2,0.2143,4,1,2,3,1,3.0,4,2,9,cash_at_till
VCH_04739,20,4,1.0,5,3,1,28,0,1.32,2,3,11,bank_transfer
VCH_04740,35,1,1.0,5,4,0,16,0,4.6,0,1,9,wallet
VCH_04741,23,0,1.0,8,4,2,15,0,4.67,1,3,9,cash_out
VCH_04742,53,2,0.2143,4,3,4,1,1,4.6,1,5,8,cash_out
VCH_04743,24,3,0.2143,1,1,3,15,0,3.66,2,2,4,bank_transfer
VCH_04744,39,1,1.0,3,5,4,30,0,8.62,0,2,11,wallet
VCH_04745,1,0,1.0,10,5,6,30,0,1.82,2,5,6,bank_transfer
VCH_04746,20,4,1.0,2,4,6,2,1,2.44,0,2,6,wallet
VCH_04747,12,4,1.0,10,2,1,1,1,11.34,0,3,12,wallet
VCH_04748,47,3,0.2143,4,1,4,3,1,9.3,1,2,9,cash_out
VCH_04749,46,0,1.0,3,3,1,28,0,7.14,0,5,10,wallet
VCH_04750,48,0,1.0,10,4,4,28,0,6.03,1,5,10,cash_out
VCH_04751,10,4,1.0,0,0,1,1,1,1.76,4,2,6,cash_at_till
VCH_04752,38,1,1.0,3,3,3,3,1,6.5,3,5,8,merchant_payment
VCH_04753,31,2,0.2143,12,2,3,3,1,6.89,0,4,8,wallet
VCH_04754,19,1,1.0,0,5,2,29,0,7.02,2,3,6,bank_transfer
VCH_04755,56,1,1.0,8,0,6,1,1,2.4,2,1,7,bank_transfer
VCH_04756,15,4,1.0,12,3,5,29,0,2.26,3,2,6,merchant_payment
VCH_04757,42,4,1.0,6,1,1,28,0,6.82,0,5,9,wallet
VCH_04758,3,1,1.0,4,4,1,15,0,3.7,0,2,11,wallet
VCH_04759,25,2,0.2143,7,3,4,1,1,1.52,1,2,5,cash_out
VCH_04760,8,1,1.0,3,2,4,2,1,3.56,0,5,6,wallet
VCH_04761,24,4,1.0,4,0,2,1,1,5.54,1,2,7,cash_out
VCH_04762,25,0,1.0,2,2,2,16,0,13.75,1,2,11,cash_out
VCH_04763,1,4,1.0,6,0,1,3,1,4.2,1,5,6,cash_out
VCH_04764,48,0,1.0,5,1,0,29,0,4.14,3,4,7,merchant_payment
VCH_04765,30,1,1.0,8,3,2,29,0,3.81,4,3,7,cash_at_till
VCH_04766,47,3,0.2143,12,2,6,15,0,5.2,0,3,8,wallet
VCH_04767,52,0,1.0,1,3,6,30,0,2.37,1,2,4,cash_out
VCH_04768,37,0,1.0,3,1,4,28,0,2.61,1,4,7,cash_out
VCH_04769,26,0,1.0,3,0,2,1,1,4.94,1,4,6,cash_out
VCH_04770,25,0,1.0,12,2,1,28,0,1.27,1,2,7,cash_out
VCH_04771,18,0,1.0,7,1,4,1,1,5.34,0,4,12,wallet
VCH_04772,24,3,0.2143,0,3,3,1,1,14.9,0,7,9,wallet
VCH_04773,29,1,1.0,1,1,5,1,1,6.23,0,1,5,wallet
VCH_04774,47,0,1.0,2,0,6,29,0,2.5,0,5,7,wallet
VCH_04775,23,3,0.2143,12,3,1,1,1,3.04,4,2,4,cash_at_till
VCH_04776,10,2,0.2143,5,4,3,2,1,5.95,3,6,6,merchant_payment
VCH_04777,25,2,0.2143,5,0,4,1,1,3.56,2,4,6,bank_transfer
VCH_04778,11,0,1.0,8,0,3,28,0,2.46,4,1,9,cash_at_till
VCH_04779,9,2,0.2143,4,1,5,1,1,13.99,1,5,12,cash_out
VCH_04780,35,2,0.2143,2,5,5,2,1,4.17,1,3,3,cash_out
VCH_04781,11,2,0.2143,0,5,2,28,0,2.64,2,0,4,bank_transfer
VCH_04782,1,0,1.0,9,1,3,1,1,4.64,1,4,9,cash_out
VCH_04783,16,2,0.2143,5,5,2,1,1,3.7,1,1,5,cash_out
VCH_04784,26,0,1.0,3,4,4,2,1,7.57,3,4,8,merchant_payment
VCH_04785,52,2,0.2143,0,2,1,1,1,9.39,0,5,7,wallet
VCH_04786,53,1,1.0,11,4,1,2,1,2.32,4,3,13,cash_at_till
VCH_04787,38,2,0.2143,4,3,2,15,0,5.2,3,1,8,merchant_payment
VCH_04788,15,0,1.0,0,0,0,3,1,5.27,3,3,3,merchant_payment
VCH_04789,2,3,0.2143,7,4,1,1,1,4.64,0,4,7,wallet
VCH_04790,37,1,1.0,0,3,5,3,1,9.84,3,2,9,merchant_payment
VCH_04791,56,2,0.2143,0,3,1,28,0,5.61,1,2,6,cash_out
VCH_04792,42,2,0.2143,3,3,0,16,0,2.27,4,1,12,cash_at_till
VCH_04793,6,1,1.0,13,0,5,30,0,6.03,0,2,10,wallet
VCH_04794,58,4,1.0,0,4,2,30,0,2.88,3,4,5,merchant_payment
VCH_04795,37,3,0.2143,3,4,2,29,0,4.63,0,3,11,wallet
VCH_04796,6,3,0.2143,5,3,3,1,1,23.88,0,0,21,wallet
VCH_04797,34,2,0.2143,9,0,2,2,1,2.61,3,3,4,merchant_payment
VCH_04798,4,0,1.0,0,0,1,1,1,2.48,0,4,1,wallet
VCH_04799,56,1,1.0,6,1,3,30,0,11.15,0,3,12,wallet
VCH_04800,44,3,0.2143,7,4,0,2,1,4.04,0,1,6,wallet
VCH_04801,31,0,1.0,10,0,1,28,0,1.84,0,1,8,wallet
VCH_04802,30,3,0.2143,0,4,5,16,0,1.21,1,0,2,cash_out
VCH_04803,13,0,1.0,0,1,4,15,0,6.01,2,3,6,bank_transfer
VCH_04804,55,2,0.2143,10,4,0,2,1,2.14,2,1,6,bank_transfer
VCH_04805,13,2,0.2143,3,0,4,30,0,11.31,1,2,12,cash_out
VCH_04806,59,0,1.0,12,4,1,3,1,1.95,0,1,6,wallet
VCH_04807,22,0,1.0,1,0,0,1,1,4.72,0,3,3,wallet
VCH_04808,8,3,0.2143,3,1,6,1,1,3.23,0,4,8,wallet
VCH_04809,48,1,1.0,0,2,0,2,1,4.18,1,2,5,cash_out
VCH_04810,40,4,1.0,2,5,6,28,0,3.67,0,2,7,wallet
VCH_04811,21,2,0.2143,4,5,0,16,0,3.16,4,1,8,cash_at_till
VCH_04812,14,1,1.0,3,0,3,1,1,6.86,1,2,7,cash_out
VCH_04813,41,0,1.0,4,5,4,15,0,1.63,0,8,7,wallet
VCH_04814,2,0,1.0,13,4,3,3,1,5.96,2,4,11,bank_transfer
VCH_04815,58,0,1.0,7,0,6,1,1,2.03,2,3,4,bank_transfer
VCH_04816,10,0,1.0,1,2,0,28,0,5.0,3,3,5,merchant_payment
VCH_04817,18,0,1.0,11,1,6,16,0,2.48,3,5,6,merchant_payment
VCH_04818,7,0,1.0,3,5,3,29,0,4.62,1,6,8,cash_out
VCH_04819,7,0,1.0,2,1,2,2,1,7.28,4,3,5,cash_at_till
VCH_04820,0,4,1.0,0,3,5,3,1,7.22,3,2,5,merchant_payment
VCH_04821,39,2,0.2143,2,3,0,29,0,3.27,1,4,4,cash_out
VCH_04822,32,2,0.2143,1,1,6,2,1,8.95,4,4,5,cash_at_till
VCH_04823,17,3,0.2143,0,4,4,15,0,6.14,3,3,9,merchant_payment
VCH_04824,19,0,1.0,8,3,4,30,0,2.09,3,4,7,merchant_payment
VCH_04825,26,2,0.2143,2,2,6,29,0,2.05,3,4,11,merchant_payment
VCH_04826,38,0,1.0,13,0,1,3,1,11.27,4,5,10,cash_at_till
VCH_04827,53,0,1.0,8,3,1,1,1,8.48,1,3,14,cash_out
VCH_04828,49,1,1.0,8,0,6,3,1,5.68,4,3,6,cash_at_till
VCH_04829,51,3,0.2143,2,3,0,30,0,6.81,3,4,9,merchant_payment
VCH_04830,29,1,1.0,7,3,0,2,1,10.42,1,2,10,cash_out
VCH_04831,15,2,0.2143,0,1,3,15,0,4.6,4,8,5,cash_at_till
VCH_04832,23,0,1.0,4,1,2,28,0,2.43,2,1,10,bank_transfer
VCH_04833,30,1,1.0,8,5,1,2,1,11.63,3,3,10,merchant_payment
VCH_04834,25,2,0.2143,2,2,2,3,1,11.6,3,4,8,merchant_payment
VCH_04835,31,0,1.0,1,1,5,16,0,1.51,2,3,5,bank_transfer
VCH_04836,50,2,0.2143,1,1,3,15,0,2.42,0,1,4,wallet
VCH_04837,12,2,0.2143,6,4,6,29,0,3.91,3,3,13,merchant_payment
VCH_04838,7,0,1.0,1,3,0,1,1,3.76,0,4,2,wallet
VCH_04839,56,0,1.0,1,1,2,1,1,3.92,1,3,5,cash_out
VCH_04840,31,0,1.0,12,5,5,15,0,2.61,0,3,6,wallet
VCH_04841,45,1,1.0,13,5,1,15,0,4.83,3,3,9,merchant_payment
VCH_04842,54,3,0.2143,1,3,2,2,1,5.26,3,0,5,merchant_payment
VCH_04843,22,0,1.0,9,4,4,29,0,1.7,3,2,6,merchant_payment
VCH_04844,37,3,0.2143,13,3,3,1,1,2.21,1,6,9,cash_out
VCH_04845,17,1,1.0,3,4,0,3,1,3.2,1,6,5,cash_out
VCH_04846,47,1,1.0,4,4,5,15,0,4.07,3,1,7,merchant_payment
VCH_04847,46,0,1.0,13,3,5,1,1,5.39,2,4,7,bank_transfer
VCH_04848,34,1,1.0,1,2,4,3,1,4.73,4,3,4,cash_at_till
VCH_04849,41,1,1.0,4,2,5,1,1,9.26,2,3,13,bank_transfer
VCH_04850,55,0,1.0,6,4,4,1,1,4.92,0,8,6,wallet
VCH_04851,18,2,0.2143,2,0,2,30,0,8.72,1,1,16,cash_out
VCH_04852,57,0,1.0,3,0,0,30,0,4.64,4,2,8,cash_at_till
VCH_04853,25,2,0.2143,0,2,0,1,1,2.88,4,3,1,cash_at_till
VCH_04854,54,3,0.2143,13,0,1,30,0,3.71,0,4,7,wallet
VCH_04855,1,2,0.2143,5,4,5,30,0,1.93,3,3,6,merchant_payment
VCH_04856,44,0,1.0,0,5,6,1,1,4.1,3,2,4,merchant_payment
VCH_04857,4,0,1.0,6,1,2,28,0,7.38,1,3,9,cash_out
VCH_04858,48,1,1.0,1,5,5,3,1,8.26,3,6,8,merchant_payment
VCH_04859,2,0,1.0,10,1,1,2,1,1.27,0,3,7,wallet
VCH_04860,3,2,0.2143,9,3,3,1,1,3.0,3,2,6,merchant_payment
VCH_04861,2,0,1.0,0,2,3,30,0,16.72,0,2,15,wallet
VCH_04862,49,0,1.0,1,0,1,1,1,2.15,1,3,5,cash_out
VCH_04863,36,1,1.0,11,1,3,30,0,6.02,4,1,9,cash_at_till
VCH_04864,19,1,1.0,3,4,5,2,1,6.67,1,5,7,cash_out
VCH_04865,30,2,0.2143,0,0,3,30,0,2.93,4,0,7,cash_at_till
VCH_04866,44,1,1.0,3,5,0,1,1,2.93,3,6,4,merchant_payment
VCH_04867,24,3,0.2143,8,3,5,15,0,2.79,0,4,7,wallet
VCH_04868,42,2,0.2143,2,5,2,28,0,5.68,3,4,6,merchant_payment
VCH_04869,8,3,0.2143,0,2,2,30,0,3.55,1,2,5,cash_out
VCH_04870,2,3,0.2143,4,0,5,2,1,10.08,0,2,9,wallet
VCH_04871,49,1,1.0,11,5,1,16,0,4.42,4,5,13,cash_at_till
VCH_04872,22,0,1.0,13,4,0,29,0,3.73,2,4,9,bank_transfer
VCH_04873,21,1,1.0,1,4,6,28,0,4.1,1,2,5,cash_out
VCH_04874,12,1,1.0,12,3,5,2,1,20.73,2,1,17,bank_transfer
VCH_04875,13,2,0.2143,0,1,6,29,0,6.67,0,0,9,wallet
VCH_04876,47,1,1.0,1,1,4,2,1,3.35,0,4,4,wallet
VCH_04877,55,0,1.0,11,5,3,1,1,3.23,2,2,10,bank_transfer
VCH_04878,39,1,1.0,12,0,2,29,0,3.5,0,3,7,wallet
VCH_04879,1,2,0.2143,0,2,2,2,1,3.3,3,2,3,merchant_payment
VCH_04880,24,2,0.2143,3,3,6,15,0,7.01,3,4,9,merchant_payment
VCH_04881,20,1,1.0,5,2,4,30,0,2.37,2,7,6,bank_transfer
VCH_04882,8,0,1.0,3,1,1,2,1,4.7,1,1,6,cash_out
VCH_04883,0,1,1.0,12,1,2,29,0,4.45,0,3,11,wallet
VCH_04884,38,2,0.2143,11,3,4,3,1,2.77,2,3,5,bank_transfer
VCH_04885,26,2,0.2143,2,4,1,28,0,5.59,4,3,6,cash_at_till
VCH_04886,53,0,1.0,6,4,6,15,0,4.14,2,5,8,bank_transfer
VCH_04887,51,4,1.0,13,5,1,1,1,10.09,0,4,10,wallet
VCH_04888,1,0,1.0,11,0,0,28,0,2.79,1,3,7,cash_out
VCH_04889,40,1,1.0,12,0,4,3,1,3.11,1,2,5,cash_out
VCH_04890,25,2,0.2143,10,0,1,28,0,4.48,2,2,8,bank_transfer
VCH_04891,49,3,0.2143,3,1,1,2,1,4.81,1,1,8,cash_out
VCH_04892,24,3,0.2143,0,5,2,16,0,2.08,3,5,4,merchant_payment
VCH_04893,11,2,0.2143,9,2,3,3,1,9.88,3,1,9,merchant_payment
VCH_04894,34,2,0.2143,13,5,6,2,1,8.13,0,6,8,wallet
VCH_04895,32,4,1.0,0,3,2,15,0,5.31,1,2,5,cash_out
VCH_04896,30,2,0.2143,10,3,0,1,1,7.76,1,1,13,cash_out
VCH_04897,32,3,0.2143,1,5,2,1,1,7.79,2,4,6,bank_transfer
VCH_04898,41,4,1.0,3,4,2,15,0,4.86,1,2,10,cash_out
VCH_04899,49,0,1.0,2,2,4,3,1,2.79,0,3,2,wallet
VCH_04900,22,2,0.2143,6,5,6,1,1,18.85,0,1,20,wallet
VCH_04901,35,3,0.2143,1,1,5,15,0,7.93,1,5,16,cash_out
VCH_04902,28,2,0.2143,1,3,1,3,1,1.21,0,2,0,wallet
VCH_04903,58,1,1.0,1,5,2,1,1,3.09,0,3,3,wallet
VCH_04904,37,2,0.2143,0,5,6,28,0,3.55,4,3,4,cash_at_till
VCH_04905,19,0,1.0,2,1,2,29,0,7.2,3,3,8,merchant_payment
VCH_04906,35,0,1.0,1,2,0,3,1,7.81,0,7,7,wallet
VCH_04907,50,0,1.0,9,2,5,29,0,7.51,3,2,13,merchant_payment
VCH_04908,8,4,1.0,0,3,1,29,0,1.65,0,2,13,wallet
VCH_04909,13,2,0.2143,6,5,1,2,1,2.6,1,2,5,cash_out
VCH_04910,19,4,1.0,2,4,5,1,1,5.89,1,2,4,cash_out
VCH_04911,29,3,0.2143,1,4,2,15,0,11.48,1,3,15,cash_out
VCH_04912,27,0,1.0,0,4,5,30,0,5.43,4,1,5,cash_at_till
VCH_04913,58,0,1.0,10,5,0,16,0,9.03,3,2,12,merchant_payment
VCH_04914,6,2,0.2143,3,2,6,30,0,3.53,1,5,7,cash_out
VCH_04915,34,4,1.0,12,4,2,16,0,4.46,0,3,8,wallet
VCH_04916,20,0,1.0,10,2,3,30,0,3.09,2,1,7,bank_transfer
VCH_04917,13,2,0.2143,3,4,2,30,0,9.89,1,7,16,cash_out
VCH_04918,2,0,1.0,2,0,2,28,0,3.28,0,7,5,wallet
VCH_04919,38,1,1.0,2,1,6,1,1,6.38,3,3,5,merchant_payment
VCH_04920,10,0,1.0,11,2,0,1,1,6.46,1,1,9,cash_out
VCH_04921,46,0,1.0,9,5,1,1,1,12.21,0,2,10,wallet
VCH_04922,22,1,1.0,6,5,5,2,1,8.04,2,1,9,bank_transfer
VCH_04923,44,2,0.2143,0,1,0,2,1,2.14,0,4,1,wallet
VCH_04924,34,0,1.0,1,3,1,29,0,3.69,2,5,4,bank_transfer
VCH_04925,55,4,1.0,8,1,0,16,0,3.99,0,0,15,wallet
VCH_04926,59,1,1.0,7,5,2,29,0,1.6,3,3,10,merchant_payment
VCH_04927,29,1,1.0,7,5,0,1,1,3.57,2,5,9,bank_transfer
VCH_04928,13,1,1.0,0,1,2,1,1,5.16,1,3,4,cash_out
VCH_04929,12,0,1.0,1,3,3,3,1,4.17,4,4,3,cash_at_till
VCH_04930,45,3,0.2143,4,1,6,16,0,3.72,0,1,7,wallet
VCH_04931,20,2,0.2143,7,2,2,3,1,4.67,2,1,7,bank_transfer
VCH_04932,48,2,0.2143,12,0,2,16,0,3.0,0,5,7,wallet
VCH_04933,40,0,1.0,13,5,2,16,0,4.55,2,8,7,bank_transfer
VCH_04934,38,1,1.0,4,4,6,2,1,4.93,0,3,6,wallet
VCH_04935,20,2,0.2143,0,1,1,16,0,2.05,0,4,5,wallet
VCH_04936,26,2,0.2143,10,2,1,1,1,19.09,1,4,17,cash_out
VCH_04937,30,3,0.2143,4,1,2,3,1,8.51,0,4,9,wallet
VCH_04938,13,3,0.2143,7,4,3,29,0,5.41,1,2,11,cash_out
VCH_04939,10,2,0.2143,7,0,3,1,1,10.91,3,3,9,merchant_payment
VCH_04940,51,1,1.0,12,1,2,16,0,1.93,0,0,6,wallet
VCH_04941,57,1,1.0,3,2,3,2,1,2.71,0,2,8,wallet
VCH_04942,52,2,0.2143,0,5,4,2,1,2.98,4,2,2,cash_at_till
VCH_04943,41,0,1.0,0,0,2,28,0,1.62,2,2,3,bank_transfer
VCH_04944,14,0,1.0,2,0,6,2,1,7.5,3,4,4,merchant_payment
VCH_04945,51,3,0.2143,2,4,4,29,0,1.62,0,4,3,wallet
VCH_04946,34,0,1.0,3,3,1,29,0,1.0,1,3,5,cash_out
VCH_04947,48,4,1.0,6,1,1,2,1,6.56,3,3,7,merchant_payment
VCH_04948,52,0,1.0,8,2,1,15,0,6.03,0,3,10,wallet
VCH_04949,45,0,1.0,11,3,4,3,1,3.74,1,1,6,cash_out
VCH_04950,17,4,1.0,10,0,1,2,1,5.25,4,1,7,cash_at_till
VCH_04951,49,0,1.0,2,2,2,29,0,2.59,1,5,3,cash_out
VCH_04952,15,2,0.2143,8,4,6,29,0,3.34,0,4,11,wallet
VCH_04953,43,1,1.0,3,1,4,2,1,4.62,1,3,8,cash_out
VCH_04954,23,0,1.0,6,2,6,1,1,7.7,0,2,8,wallet
VCH_04955,53,1,1.0,0,3,2,2,1,5.29,1,1,3,cash_out
VCH_04956,26,1,1.0,1,0,0,1,1,5.03,0,3,6,wallet
VCH_04957,26,0,1.0,8,2,2,2,1,10.84,3,4,12,merchant_payment
VCH_04958,34,1,1.0,13,5,6,2,1,6.64,0,7,11,wallet
VCH_04959,48,2,0.2143,5,1,0,2,1,9.82,1,5,10,cash_out
VCH_04960,19,0,1.0,1,2,4,2,1,3.44,4,3,2,cash_at_till
VCH_04961,27,0,1.0,4,5,0,1,1,5.94,3,4,7,merchant_payment
VCH_04962,55,1,1.0,2,0,4,1,1,1.94,1,0,1,cash_out
VCH_04963,22,1,1.0,3,5,1,29,0,7.41,0,2,9,wallet
VCH_04964,33,4,1.0,1,0,5,29,0,14.37,3,6,11,merchant_payment
VCH_04965,12,2,0.2143,1,1,1,1,1,2.53,3,1,1,merchant_payment
VCH_04966,58,0,1.0,12,0,3,1,1,5.88,1,6,13,cash_out
VCH_04967,45,4,1.0,4,3,2,1,1,1.35,0,1,5,wallet
VCH_04968,16,1,1.0,4,5,5,3,1,1.78,0,2,4,wallet
VCH_04969,22,2,0.2143,6,1,0,1,1,4.19,3,4,11,merchant_payment
VCH_04970,0,2,0.2143,3,0,5,15,0,1.87,1,5,7,cash_out
VCH_04971,52,0,1.0,8,1,1,16,0,2.3,4,5,7,cash_at_till
VCH_04972,17,4,1.0,2,5,2,30,0,1.72,1,2,4,cash_out
VCH_04973,15,1,1.0,2,5,3,2,1,9.05,2,2,6,bank_transfer
VCH_04974,31,1,1.0,0,0,1,1,1,3.99,2,5,5,bank_transfer
VCH_04975,8,1,1.0,3,1,1,2,1,4.55,4,1,6,cash_at_till
VCH_04976,51,0,1.0,2,1,0,2,1,2.66,3,7,5,merchant_payment
VCH_04977,17,0,1.0,3,1,5,3,1,3.68,4,3,7,cash_at_till
VCH_04978,58,4,1.0,6,3,6,16,0,1.35,1,3,6,cash_out
VCH_04979,30,0,1.0,4,4,0,1,1,1.5,0,2,3,wallet
VCH_04980,34,1,1.0,0,1,3,1,1,5.48,2,0,3,bank_transfer
VCH_04981,27,2,0.2143,3,2,2,15,0,8.58,4,0,10,cash_at_till
VCH_04982,44,1,1.0,3,0,1,15,0,3.14,1,3,11,cash_out
VCH_04983,2,1,1.0,2,1,4,29,0,10.66,1,7,8,cash_out
VCH_04984,50,0,1.0,0,0,5,1,1,15.77,0,2,10,wallet
VCH_04985,42,1,1.0,2,5,0,30,0,3.48,3,3,5,merchant_payment
VCH_04986,25,1,1.0,0,2,5,29,0,5.67,3,2,6,merchant_payment
VCH_04987,13,2,0.2143,4,0,1,29,0,3.16,1,4,12,cash_out
VCH_04988,19,0,1.0,0,1,1,1,1,12.43,1,2,9,cash_out
VCH_04989,44,4,1.0,2,3,2,1,1,9.78,2,4,8,bank_transfer
VCH_04990,37,0,1.0,1,1,6,3,1,2.23,2,3,3,bank_transfer
VCH_04991,43,2,0.2143,4,4,1,1,1,2.22,4,2,5,cash_at_till
VCH_04992,12,0,1.0,0,0,1,30,0,8.02,1,6,7,cash_out
VCH_04993,10,0,1.0,1,2,1,16,0,4.41,1,2,7,cash_out
VCH_04994,42,0,1.0,3,0,6,1,1,4.85,0,4,7,wallet
VCH_04995,31,0,1.0,0,1,3,3,1,1.94,0,1,1,wallet
VCH_04996,36,0,1.0,10,3,6,28,0,6.49,2,1,10,bank_transfer
VCH_04997,40,0,1.0,0,5,2,2,1,2.86,4,5,3,cash_at_till
VCH_04998,40,4,1.0,0,1,1,28,0,4.08,3,5,4,merchant_payment
VCH_04999,4,0,1.0,0,0,1,2,1,5.21,3,5,3,merchant_payment
VCH_05000,12,0,1.0,2,1,4,15,0,4.6,4,0,6,cash_at_till
VCH_05001,46,2,0.2143,6,0,5,30,0,9.4,2,2,11,bank_transfer
VCH_05002,29,4,1.0,4,1,5,29,0,1.0,4,5,10,cash_at_till
VCH_05003,49,1,1.0,0,0,4,15,0,12.26,4,1,10,cash_at_till
VCH_05004,19,1,1.0,2,0,6,15,0,4.53,1,3,5,cash_out
VCH_05005,56,4,1.0,5,0,4,1,1,5.54,0,3,8,wallet
VCH_05006,55,2,0.2143,0,2,3,28,0,6.48,2,5,6,bank_transfer
VCH_05007,15,2,0.2143,2,5,5,30,0,3.2,3,4,6,merchant_payment
VCH_05008,29,3,0.2143,2,1,2,15,0,3.05,1,6,5,cash_out
VCH_05009,53,3,0.2143,11,1,1,30,0,5.28,2,3,16,bank_transfer
VCH_05010,0,0,1.0,4,2,4,1,1,9.27,3,4,12,merchant_payment
VCH_05011,22,0,1.0,10,4,4,3,1,3.49,0,3,8,wallet
VCH_05012,49,0,1.0,3,3,1,1,1,2.51,3,2,4,merchant_payment
VCH_05013,56,2,0.2143,0,2,5,2,1,4.17,0,3,5,wallet
VCH_05014,11,0,1.0,4,4,3,1,1,4.11,3,6,6,merchant_payment
VCH_05015,10,1,1.0,4,4,3,15,0,11.78,0,3,12,wallet
VCH_05016,36,1,1.0,12,2,5,1,1,3.24,3,4,6,merchant_payment
VCH_05017,18,4,1.0,1,0,1,15,0,8.63,0,4,10,wallet
VCH_05018,30,2,0.2143,7,0,0,30,0,2.28,1,1,8,cash_out
VCH_05019,14,2,0.2143,2,3,5,15,0,4.85,1,3,5,cash_out
VCH_05020,11,1,1.0,0,1,6,16,0,4.4,0,4,6,wallet
VCH_05021,43,4,1.0,0,1,3,16,0,3.91,2,4,4,bank_transfer
VCH_05022,41,0,1.0,0,2,3,3,1,16.63,2,2,10,bank_transfer
VCH_05023,11,2,0.2143,2,3,0,28,0,9.16,3,2,8,merchant_payment
VCH_05024,6,0,1.0,12,1,3,30,0,4.75,3,3,8,merchant_payment
VCH_05025,50,0,1.0,6,3,6,3,1,9.47,1,3,10,cash_out
VCH_05026,45,0,1.0,0,0,4,15,0,3.57,0,2,8,wallet
VCH_05027,10,0,1.0,0,1,0,1,1,7.23,3,6,4,merchant_payment
VCH_05028,15,0,1.0,0,5,4,29,0,2.79,1,10,9,cash_out
VCH_05029,56,2,0.2143,5,0,6,2,1,6.73,0,4,8,wallet
VCH_05030,13,0,1.0,0,0,3,15,0,4.46,0,4,7,wallet
VCH_05031,33,0,1.0,4,0,2,2,1,1.99,4,2,11,cash_at_till
VCH_05032,52,3,0.2143,4,4,0,16,0,9.0,4,1,11,cash_at_till
VCH_05033,24,4,1.0,1,4,0,2,1,6.81,0,5,7,wallet
VCH_05034,1,0,1.0,3,4,0,2,1,3.94,1,2,5,cash_out
VCH_05035,32,4,1.0,4,1,2,1,1,4.24,0,2,8,wallet
VCH_05036,43,2,0.2143,1,3,3,29,0,3.11,0,3,6,wallet
VCH_05037,45,0,1.0,10,3,3,30,0,4.0,2,2,9,bank_transfer
VCH_05038,36,1,1.0,9,5,0,15,0,14.13,1,5,17,cash_out
VCH_05039,57,1,1.0,3,2,4,1,1,2.11,1,2,7,cash_out
VCH_05040,1,0,1.0,0,5,6,15,0,3.91,3,5,7,merchant_payment
VCH_05041,43,4,1.0,0,4,2,2,1,1.91,0,3,1,wallet
VCH_05042,40,0,1.0,0,3,5,3,1,3.04,4,3,2,cash_at_till
VCH_05043,31,3,0.2143,8,1,2,1,1,15.25,4,3,12,cash_at_till
VCH_05044,20,1,1.0,5,3,2,1,1,7.16,0,1,7,wallet
VCH_05045,20,1,1.0,0,5,6,2,1,8.74,1,4,6,cash_out
VCH_05046,6,0,1.0,13,2,4,2,1,7.27,1,6,8,cash_out
VCH_05047,31,1,1.0,8,4,5,2,1,5.17,3,1,8,merchant_payment
VCH_05048,43,1,1.0,0,4,5,16,0,7.3,3,2,6,merchant_payment
VCH_05049,22,1,1.0,2,4,4,1,1,7.97,1,1,5,cash_out
VCH_05050,46,2,0.2143,13,2,0,28,0,6.18,0,1,13,wallet
VCH_05051,7,4,1.0,0,5,2,2,1,6.82,4,5,4,cash_at_till
VCH_05052,4,1,1.0,7,4,0,1,1,7.2,3,2,8,merchant_payment
VCH_05053,18,0,1.0,9,2,6,1,1,3.05,3,2,5,merchant_payment
VCH_05054,6,1,1.0,0,2,3,1,1,5.99,4,4,4,cash_at_till
VCH_05055,52,2,0.2143,10,4,0,15,0,1.57,3,3,10,merchant_payment
VCH_05056,35,0,1.0,7,4,5,30,0,2.5,0,5,10,wallet
VCH_05057,56,0,1.0,0,4,3,1,1,4.95,3,3,6,merchant_payment
VCH_05058,11,1,1.0,0,4,1,1,1,1.0,0,2,3,wallet
VCH_05059,34,0,1.0,0,3,5,1,1,8.68,4,4,5,cash_at_till
VCH_05060,34,2,0.2143,7,4,1,30,0,6.38,3,1,12,merchant_payment
VCH_05061,27,2,0.2143,9,4,0,3,1,4.13,1,4,6,cash_out
VCH_05062,21,2,0.2143,5,3,3,1,1,8.35,1,5,10,cash_out
VCH_05063,8,0,1.0,9,2,5,2,1,1.56,0,4,5,wallet
VCH_05064,22,0,1.0,4,3,1,1,1,7.69,1,0,9,cash_out
VCH_05065,8,0,1.0,5,0,4,1,1,8.89,2,3,9,bank_transfer
VCH_05066,59,4,1.0,4,1,0,1,1,4.17,0,3,5,wallet
VCH_05067,36,4,1.0,2,1,3,1,1,4.13,3,3,4,merchant_payment
VCH_05068,8,1,1.0,4,0,5,28,0,5.09,1,1,8,cash_out
VCH_05069,20,0,1.0,0,4,2,29,0,4.23,3,3,4,merchant_payment
VCH_05070,36,0,1.0,10,5,0,1,1,4.45,3,4,7,merchant_payment
VCH_05071,48,1,1.0,2,2,4,2,1,14.58,2,3,9,bank_transfer
VCH_05072,29,1,1.0,2,3,0,15,0,4.63,3,1,6,merchant_payment
VCH_05073,44,0,1.0,4,5,3,1,1,8.79,3,4,8,merchant_payment
VCH_05074,21,3,0.2143,0,2,2,3,1,6.16,1,1,5,cash_out
VCH_05075,30,1,1.0,0,1,6,30,0,7.21,0,1,7,wallet
VCH_05076,8,2,0.2143,5,0,2,1,1,3.54,2,4,9,bank_transfer
VCH_05077,15,3,0.2143,13,1,0,28,0,4.87,1,1,15,cash_out
VCH_05078,33,0,1.0,4,3,2,28,0,3.59,1,1,7,cash_out
VCH_05079,12,0,1.0,9,0,6,1,1,10.88,0,1,13,wallet
VCH_05080,11,1,1.0,0,3,2,1,1,1.95,0,3,2,wallet
VCH_05081,27,0,1.0,5,4,6,28,0,14.63,3,4,15,merchant_payment
VCH_05082,8,3,0.2143,11,0,1,30,0,4.09,2,2,11,bank_transfer
VCH_05083,5,1,1.0,11,3,5,3,1,2.82,1,0,5,cash_out
VCH_05084,41,1,1.0,11,1,4,28,0,2.34,4,1,8,cash_at_till
VCH_05085,3,2,0.2143,8,3,4,3,1,2.39,2,2,7,bank_transfer
VCH_05086,24,1,1.0,7,1,1,3,1,1.29,0,4,7,wallet
VCH_05087,25,0,1.0,0,4,3,28,0,10.89,1,1,18,cash_out
VCH_05088,41,1,1.0,0,3,3,2,1,16.71,1,3,14,cash_out
VCH_05089,42,0,1.0,10,2,2,1,1,1.36,3,4,5,merchant_payment
VCH_05090,29,3,0.2143,12,2,1,1,1,6.67,2,1,7,bank_transfer
VCH_05091,1,0,1.0,0,3,3,1,1,4.04,1,3,3,cash_out
VCH_05092,18,2,0.2143,8,0,1,2,1,3.0,2,2,7,bank_transfer
VCH_05093,32,0,1.0,2,2,1,1,1,2.18,3,2,3,merchant_payment
VCH_05094,0,2,0.2143,2,3,4,1,1,1.99,1,1,1,cash_out
VCH_05095,21,0,1.0,12,2,0,2,1,8.86,1,3,13,cash_out
VCH_05096,54,4,1.0,0,3,5,2,1,2.32,0,3,11,wallet
VCH_05097,17,2,0.2143,4,2,4,30,0,4.3,0,4,9,wallet
VCH_05098,49,4,1.0,7,0,5,1,1,6.03,0,2,9,wallet
VCH_05099,39,0,1.0,0,3,1,29,0,7.01,0,2,6,wallet
VCH_05100,6,1,1.0,3,3,4,1,1,3.99,0,5,6,wallet
VCH_05101,4,0,1.0,2,4,2,1,1,3.71,0,2,3,wallet
VCH_05102,25,1,1.0,5,1,6,1,1,4.23,1,5,7,cash_out
VCH_05103,19,3,0.2143,10,2,2,15,0,5.27,0,1,8,wallet
VCH_05104,22,1,1.0,3,2,2,1,1,2.98,3,2,4,merchant_payment
VCH_05105,46,1,1.0,0,1,6,15,0,5.4,1,6,6,cash_out
VCH_05106,18,4,1.0,8,1,3,1,1,5.13,0,1,6,wallet
VCH_05107,3,1,1.0,0,0,6,2,1,4.11,2,4,4,bank_transfer
VCH_05108,20,2,0.2143,5,1,2,15,0,2.75,3,2,7,merchant_payment
VCH_05109,9,1,1.0,1,2,0,1,1,3.33,0,2,2,wallet
VCH_05110,40,0,1.0,5,1,6,1,1,4.29,0,3,8,wallet
VCH_05111,44,2,0.2143,8,4,6,2,1,4.93,0,3,13,wallet
VCH_05112,20,0,1.0,2,4,2,30,0,4.7,4,2,5,cash_at_till
VCH_05113,43,1,1.0,6,1,2,15,0,23.76,2,0,20,bank_transfer
VCH_05114,52,2,0.2143,13,1,2,16,0,2.55,1,3,7,cash_out
VCH_05115,25,1,1.0,5,0,2,16,0,1.65,1,1,6,cash_out
VCH_05116,16,0,1.0,0,2,3,16,0,6.59,3,2,14,merchant_payment
VCH_05117,5,0,1.0,1,4,2,1,1,4.12,2,4,3,bank_transfer
VCH_05118,31,1,1.0,13,2,4,2,1,5.07,1,3,9,cash_out
VCH_05119,6,0,1.0,0,0,2,30,0,4.47,0,3,5,wallet
VCH_05120,15,2,0.2143,0,2,5,1,1,4.07,4,3,3,cash_at_till
VCH_05121,59,2,0.2143,3,1,6,16,0,2.18,3,7,9,merchant_payment
VCH_05122,49,4,1.0,0,2,0,3,1,1.55,3,3,2,merchant_payment
VCH_05123,47,1,1.0,8,0,0,15,0,3.94,4,2,7,cash_at_till
VCH_05124,28,0,1.0,4,2,5,2,1,2.25,1,5,4,cash_out
VCH_05125,0,2,0.2143,4,3,3,15,0,9.34,0,4,12,wallet
VCH_05126,8,4,1.0,1,1,6,30,0,3.24,2,3,6,bank_transfer
VCH_05127,23,4,1.0,2,0,3,1,1,2.38,0,1,1,wallet
VCH_05128,36,0,1.0,1,1,2,28,0,3.6,0,1,6,wallet
VCH_05129,45,0,1.0,2,4,6,28,0,4.23,2,1,7,bank_transfer
VCH_05130,9,4,1.0,2,5,2,1,1,4.36,4,1,2,cash_at_till
VCH_05131,18,0,1.0,9,2,6,1,1,9.01,3,3,8,merchant_payment
VCH_05132,5,1,1.0,0,4,1,29,0,3.43,1,1,6,cash_out
VCH_05133,15,4,1.0,3,5,3,15,0,1.94,1,3,6,cash_out
VCH_05134,15,0,1.0,4,4,3,1,1,1.8,1,4,8,cash_out
VCH_05135,17,2,0.2143,5,3,2,15,0,2.62,0,6,7,wallet
VCH_05136,50,1,1.0,6,0,2,2,1,4.05,3,5,10,merchant_payment
VCH_05137,23,0,1.0,2,4,6,2,1,5.2,4,5,5,cash_at_till
VCH_05138,25,4,1.0,1,0,6,2,1,4.67,1,3,3,cash_out
VCH_05139,11,1,1.0,10,2,1,29,0,2.92,0,7,7,wallet
VCH_05140,48,0,1.0,10,0,4,2,1,2.86,1,4,7,cash_out
VCH_05141,7,2,0.2143,2,3,0,15,0,3.18,1,1,8,cash_out
VCH_05142,28,1,1.0,1,0,5,1,1,1.6,0,2,1,wallet
VCH_05143,0,2,0.2143,0,4,2,30,0,9.0,1,2,7,cash_out
VCH_05144,26,0,1.0,10,0,1,1,1,8.2,1,3,8,cash_out
VCH_05145,44,2,0.2143,5,0,4,30,0,4.09,3,3,9,merchant_payment
VCH_05146,1,0,1.0,6,5,0,3,1,3.47,3,3,7,merchant_payment
VCH_05147,37,1,1.0,4,2,0,3,1,1.78,0,4,4,wallet
VCH_05148,49,1,1.0,8,5,5,1,1,4.64,0,2,6,wallet
VCH_05149,15,2,0.2143,12,2,1,29,0,5.4,4,2,8,cash_at_till
VCH_05150,16,0,1.0,6,4,4,16,0,9.52,0,4,11,wallet
VCH_05151,40,2,0.2143,8,1,5,28,0,1.97,1,5,6,cash_out
VCH_05152,54,1,1.0,6,1,1,2,1,5.6,0,1,7,wallet
VCH_05153,5,0,1.0,3,1,1,1,1,3.31,0,3,6,wallet
VCH_05154,50,3,0.2143,0,5,6,1,1,5.7,1,4,7,cash_out
VCH_05155,35,1,1.0,1,4,6,3,1,9.76,1,2,7,cash_out
VCH_05156,35,1,1.0,0,3,4,3,1,2.87,3,2,2,merchant_payment
VCH_05157,35,4,1.0,0,3,6,16,0,9.42,0,0,10,wallet
VCH_05158,27,0,1.0,3,3,2,1,1,9.49,0,1,10,wallet
VCH_05159,45,0,1.0,4,3,5,3,1,3.21,0,2,6,wallet
VCH_05160,23,0,1.0,12,1,5,28,0,4.44,0,3,7,wallet
VCH_05161,5,0,1.0,3,3,3,15,0,4.4,2,3,13,bank_transfer
VCH_05162,36,3,0.2143,3,1,3,2,1,9.33,1,4,8,cash_out
VCH_05163,7,0,1.0,0,5,0,2,1,3.11,4,6,2,cash_at_till
VCH_05164,57,0,1.0,0,3,3,16,0,1.74,0,3,4,wallet
VCH_05165,7,1,1.0,8,4,3,15,0,3.1,0,3,7,wallet
VCH_05166,16,2,0.2143,3,1,5,29,0,4.84,0,6,9,wallet
VCH_05167,9,0,1.0,10,4,0,16,0,7.05,3,3,11,merchant_payment
VCH_05168,16,2,0.2143,12,4,2,1,1,6.83,1,2,7,cash_out
VCH_05169,48,0,1.0,6,3,4,15,0,4.94,1,5,8,cash_out
VCH_05170,25,0,1.0,12,2,4,28,0,6.19,1,3,10,cash_out
VCH_05171,5,1,1.0,0,3,2,29,0,4.41,0,6,6,wallet
VCH_05172,42,3,0.2143,0,0,2,30,0,3.7,0,2,5,wallet
VCH_05173,5,0,1.0,6,2,1,15,0,2.98,3,2,7,merchant_payment
VCH_05174,10,1,1.0,2,0,6,1,1,9.45,0,9,11,wallet
VCH_05175,29,4,1.0,0,2,4,1,1,3.47,1,5,3,cash_out
VCH_05176,55,2,0.2143,7,0,5,1,1,4.17,0,1,6,wallet
VCH_05177,39,1,1.0,11,4,6,1,1,3.49,3,2,7,merchant_payment
VCH_05178,17,1,1.0,5,3,4,30,0,2.34,0,1,8,wallet
VCH_05179,49,0,1.0,9,3,2,15,0,9.29,1,1,11,cash_out
VCH_05180,14,2,0.2143,4,5,6,2,1,5.26,2,3,7,bank_transfer
VCH_05181,50,1,1.0,11,2,6,1,1,1.93,0,3,6,wallet
VCH_05182,56,0,1.0,12,1,4,1,1,9.27,4,2,14,cash_at_till
VCH_05183,45,4,1.0,5,3,1,28,0,5.61,0,4,8,wallet
VCH_05184,3,2,0.2143,7,0,5,1,1,7.02,1,4,10,cash_out
VCH_05185,15,0,1.0,1,3,3,1,1,3.15,0,1,2,wallet
VCH_05186,32,0,1.0,2,5,0,2,1,8.41,2,4,6,bank_transfer
VCH_05187,43,2,0.2143,3,0,2,2,1,1.82,3,6,11,merchant_payment
VCH_05188,26,3,0.2143,5,5,3,2,1,1.0,3,4,4,merchant_payment
VCH_05189,52,2,0.2143,0,2,5,1,1,4.03,3,1,3,merchant_payment
VCH_05190,38,2,0.2143,4,5,6,28,0,6.78,0,4,10,wallet
VCH_05191,15,1,1.0,3,1,2,28,0,3.1,4,2,8,cash_at_till
VCH_05192,8,0,1.0,6,2,4,2,1,3.92,0,8,7,wallet
VCH_05193,2,1,1.0,9,2,3,15,0,4.35,4,0,9,cash_at_till
VCH_05194,13,0,1.0,4,1,0,1,1,6.17,3,1,7,merchant_payment
VCH_05195,5,2,0.2143,6,4,3,2,1,3.26,0,1,5,wallet
VCH_05196,4,1,1.0,0,0,3,1,1,1.64,2,4,6,bank_transfer
VCH_05197,10,1,1.0,10,0,6,29,0,5.01,1,3,11,cash_out
VCH_05198,6,2,0.2143,5,4,0,15,0,4.91,0,3,13,wallet
VCH_05199,51,0,1.0,9,3,5,1,1,3.1,3,4,5,merchant_payment
VCH_05200,16,2,0.2143,2,1,6,29,0,2.86,1,4,4,cash_out
VCH_05201,19,0,1.0,7,4,4,2,1,4.99,4,3,7,cash_at_till
VCH_05202,28,1,1.0,0,2,6,29,0,12.21,4,1,9,cash_at_till
VCH_05203,31,2,0.2143,3,2,0,29,0,6.7,1,3,9,cash_out
VCH_05204,38,1,1.0,6,1,2,3,1,4.41,0,1,11,wallet
VCH_05205,20,1,1.0,10,2,2,28,0,1.94,3,5,8,merchant_payment
VCH_05206,56,2,0.2143,3,3,0,30,0,4.74,2,2,8,bank_transfer
VCH_05207,22,3,0.2143,1,2,4,1,1,3.58,0,1,5,wallet
VCH_05208,53,2,0.2143,12,1,0,1,1,3.39,1,2,7,cash_out
VCH_05209,35,3,0.2143,1,4,1,3,1,5.28,4,6,6,cash_at_till
VCH_05210,8,2,0.2143,3,3,2,16,0,2.89,3,3,9,merchant_payment
VCH_05211,34,0,1.0,7,1,3,1,1,4.61,3,5,6,merchant_payment
VCH_05212,36,0,1.0,9,1,0,3,1,9.76,4,1,9,cash_at_till
VCH_05213,55,0,1.0,5,1,1,1,1,5.88,0,3,8,wallet
VCH_05214,35,1,1.0,5,4,0,30,0,11.49,3,1,13,merchant_payment
VCH_05215,25,0,1.0,12,4,6,3,1,4.47,0,3,7,wallet
VCH_05216,51,2,0.2143,10,2,0,2,1,4.36,1,3,6,cash_out
VCH_05217,26,4,1.0,13,5,4,1,1,4.16,0,1,7,wallet
VCH_05218,34,0,1.0,9,4,0,28,0,10.97,0,5,13,wallet
VCH_05219,7,2,0.2143,0,5,1,2,1,10.4,2,4,6,bank_transfer
VCH_05220,18,0,1.0,10,4,2,2,1,5.24,0,4,6,wallet
VCH_05221,25,2,0.2143,1,1,6,3,1,11.76,0,4,8,wallet
VCH_05222,9,0,1.0,1,5,2,29,0,6.65,0,4,6,wallet
VCH_05223,47,2,0.2143,8,3,3,3,1,4.2,1,4,6,cash_out
VCH_05224,55,3,0.2143,1,5,0,28,0,10.42,0,3,8,wallet
VCH_05225,13,2,0.2143,1,4,5,29,0,2.31,1,4,3,cash_out
VCH_05226,12,2,0.2143,0,3,1,1,1,3.61,1,5,6,cash_out
VCH_05227,6,2,0.2143,3,2,3,2,1,2.01,0,0,9,wallet
VCH_05228,43,0,1.0,4,0,3,15,0,4.82,2,2,7,bank_transfer
VCH_05229,30,1,1.0,4,2,3,15,0,4.74,4,2,11,cash_at_till
VCH_05230,18,4,1.0,0,4,0,29,0,3.79,0,1,7,wallet
VCH_05231,41,2,0.2143,6,0,4,16,0,3.6,3,1,14,merchant_payment
VCH_05232,17,0,1.0,4,0,4,16,0,5.48,2,2,11,bank_transfer
VCH_05233,2,1,1.0,8,5,5,15,0,5.96,2,5,10,bank_transfer
VCH_05234,4,4,1.0,1,1,2,1,1,4.85,0,3,4,wallet
VCH_05235,13,2,0.2143,6,3,5,29,0,3.96,4,6,8,cash_at_till
VCH_05236,4,4,1.0,4,4,3,15,0,12.36,2,9,17,bank_transfer
VCH_05237,55,0,1.0,10,5,5,1,1,1.89,2,4,4,bank_transfer
VCH_05238,25,2,0.2143,6,0,5,1,1,2.41,3,5,6,merchant_payment
VCH_05239,15,2,0.2143,5,5,4,1,1,2.67,3,2,6,merchant_payment
VCH_05240,39,1,1.0,12,4,2,2,1,3.95,1,2,6,cash_out
VCH_05241,57,2,0.2143,1,1,3,2,1,5.37,0,4,3,wallet
VCH_05242,24,4,1.0,12,3,1,29,0,6.43,4,3,10,cash_at_till
VCH_05243,57,2,0.2143,0,1,1,1,1,3.71,4,2,3,cash_at_till
VCH_05244,9,0,1.0,10,2,4,2,1,2.38,3,2,5,merchant_payment
VCH_05245,0,4,1.0,10,3,4,2,1,2.96,3,1,5,merchant_payment
VCH_05246,56,2,0.2143,0,2,2,1,1,3.97,1,6,2,cash_out
VCH_05247,28,1,1.0,4,0,5,15,0,5.57,3,1,17,merchant_payment
VCH_05248,4,0,1.0,7,1,3,28,0,3.06,1,2,8,cash_out
VCH_05249,24,2,0.2143,0,2,1,1,1,3.1,0,0,3,wallet
VCH_05250,58,3,0.2143,6,3,3,28,0,6.82,4,2,9,cash_at_till
VCH_05251,56,2,0.2143,0,3,3,1,1,5.62,4,3,7,cash_at_till
VCH_05252,51,1,1.0,4,4,0,30,0,8.62,4,7,13,cash_at_till
VCH_05253,3,0,1.0,3,1,6,28,0,5.22,1,5,10,cash_out
VCH_05254,0,0,1.0,0,3,6,30,0,6.97,0,4,6,wallet
VCH_05255,19,4,1.0,4,2,3,1,1,2.42,3,2,5,merchant_payment
VCH_05256,34,2,0.2143,2,5,1,1,1,7.0,0,2,10,wallet
VCH_05257,43,2,0.2143,5,4,2,1,1,3.88,2,1,7,bank_transfer
VCH_05258,34,3,0.2143,1,5,5,30,0,3.76,0,1,5,wallet
VCH_05259,10,0,1.0,0,1,1,29,0,7.51,2,7,9,bank_transfer
VCH_05260,38,2,0.2143,2,3,2,15,0,6.14,4,3,8,cash_at_till
VCH_05261,9,1,1.0,1,0,3,1,1,7.33,0,1,4,wallet
VCH_05262,0,3,0.2143,1,5,4,3,1,1.63,3,1,3,merchant_payment
VCH_05263,54,0,1.0,12,4,6,1,1,1.0,0,4,5,wallet
VCH_05264,19,0,1.0,0,5,0,2,1,3.04,2,4,2,bank_transfer
VCH_05265,19,0,1.0,1,1,5,2,1,7.0,2,3,5,bank_transfer
VCH_05266,30,3,0.2143,0,3,4,1,1,8.61,0,4,6,wallet
VCH_05267,27,0,1.0,0,3,3,1,1,1.66,1,4,1,cash_out
VCH_05268,17,1,1.0,13,0,4,30,0,1.88,1,2,6,cash_out
VCH_05269,33,0,1.0,3,5,5,29,0,4.23,1,1,8,cash_out
VCH_05270,1,1,1.0,0,0,6,16,0,6.17,3,8,7,merchant_payment
VCH_05271,44,3,0.2143,7,2,4,30,0,5.63,2,4,9,bank_transfer
VCH_05272,45,1,1.0,2,3,3,28,0,15.98,4,4,14,cash_at_till
VCH_05273,54,1,1.0,3,2,1,3,1,1.3,4,5,6,cash_at_till
VCH_05274,40,0,1.0,12,2,1,28,0,3.77,0,4,7,wallet
VCH_05275,37,3,0.2143,0,4,0,29,0,3.53,0,0,4,wallet
VCH_05276,7,2,0.2143,1,4,5,3,1,12.52,1,4,9,cash_out
VCH_05277,0,2,0.2143,9,0,5,30,0,6.08,2,2,10,bank_transfer
VCH_05278,52,2,0.2143,2,4,0,28,0,4.57,1,3,5,cash_out
VCH_05279,17,0,1.0,7,5,1,1,1,3.71,0,2,10,wallet
VCH_05280,47,0,1.0,9,0,6,16,0,4.46,0,1,9,wallet
VCH_05281,39,1,1.0,4,0,2,1,1,4.83,1,4,6,cash_out
VCH_05282,57,0,1.0,5,2,2,30,0,1.78,0,3,7,wallet
VCH_05283,50,0,1.0,2,3,0,3,1,7.28,3,6,6,merchant_payment
VCH_05284,44,0,1.0,9,3,2,2,1,4.84,0,3,7,wallet
VCH_05285,55,2,0.2143,7,5,3,29,0,2.91,3,3,6,merchant_payment
VCH_05286,4,0,1.0,0,3,1,30,0,5.51,0,4,7,wallet
VCH_05287,24,0,1.0,4,1,5,2,1,6.27,4,0,12,cash_at_till
VCH_05288,47,4,1.0,6,0,6,29,0,1.73,2,5,6,bank_transfer
VCH_05289,42,4,1.0,7,2,1,29,0,5.78,1,2,10,cash_out
VCH_05290,37,3,0.2143,4,0,1,1,1,3.5,2,3,5,bank_transfer
VCH_05291,36,0,1.0,12,5,3,2,1,9.47,3,3,15,merchant_payment
VCH_05292,28,0,1.0,2,1,1,28,0,4.0,3,6,5,merchant_payment
VCH_05293,38,1,1.0,3,0,3,1,1,7.15,2,4,7,bank_transfer
VCH_05294,56,0,1.0,3,1,0,1,1,2.37,3,3,5,merchant_payment
VCH_05295,54,2,0.2143,12,0,0,29,0,1.47,1,2,9,cash_out
VCH_05296,16,1,1.0,13,3,3,29,0,7.57,1,2,10,cash_out
VCH_05297,42,2,0.2143,4,3,0,30,0,1.17,0,2,5,wallet
VCH_05298,20,1,1.0,1,0,5,29,0,2.36,1,5,4,cash_out
VCH_05299,36,0,1.0,0,4,2,29,0,4.57,1,2,11,cash_out
VCH_05300,30,1,1.0,13,1,1,1,1,3.98,2,5,9,bank_transfer
VCH_05301,45,2,0.2143,7,2,0,1,1,6.11,2,2,7,bank_transfer
VCH_05302,41,2,0.2143,2,5,6,28,0,10.91,0,0,10,wallet
VCH_05303,0,3,0.2143,5,4,4,2,1,4.9,3,4,6,merchant_payment
VCH_05304,19,2,0.2143,0,0,0,2,1,10.06,4,1,9,cash_at_till
VCH_05305,53,0,1.0,4,2,6,29,0,3.14,2,5,9,bank_transfer
VCH_05306,21,2,0.2143,5,2,1,28,0,4.42,1,3,9,cash_out
VCH_05307,30,0,1.0,0,1,2,29,0,8.05,0,3,8,wallet
VCH_05308,28,0,1.0,11,3,6,30,0,4.38,0,3,7,wallet
VCH_05309,48,0,1.0,6,4,4,29,0,6.25,2,1,9,bank_transfer
VCH_05310,13,0,1.0,6,0,5,29,0,3.13,3,9,10,merchant_payment
VCH_05311,53,0,1.0,0,3,0,29,0,5.25,3,7,8,merchant_payment
VCH_05312,9,0,1.0,3,4,5,1,1,5.61,0,6,7,wallet
VCH_05313,21,2,0.2143,13,1,2,15,0,7.64,2,3,10,bank_transfer
VCH_05314,54,4,1.0,7,0,6,1,1,5.17,2,1,9,bank_transfer
VCH_05315,54,2,0.2143,10,5,1,1,1,2.71,0,4,5,wallet
VCH_05316,13,0,1.0,4,0,0,29,0,2.43,1,3,8,cash_out
VCH_05317,1,1,1.0,4,3,0,1,1,3.13,0,0,6,wallet
VCH_05318,23,1,1.0,3,1,2,2,1,3.66,1,1,6,cash_out
VCH_05319,35,1,1.0,6,5,6,2,1,12.8,0,1,13,wallet
VCH_05320,31,2,0.2143,2,5,1,3,1,3.32,0,4,2,wallet
VCH_05321,53,0,1.0,0,3,2,2,1,5.16,4,4,4,cash_at_till
VCH_05322,33,0,1.0,0,3,6,28,0,7.67,0,2,6,wallet
VCH_05323,29,0,1.0,4,5,6,3,1,5.35,2,2,7,bank_transfer
VCH_05324,39,2,0.2143,8,0,3,30,0,1.17,0,4,6,wallet
VCH_05325,27,1,1.0,12,1,5,15,0,6.66,1,5,13,cash_out
VCH_05326,3,2,0.2143,7,2,6,2,1,6.17,1,4,7,cash_out
VCH_05327,43,0,1.0,0,1,4,1,1,3.88,2,4,3,bank_transfer
VCH_05328,46,1,1.0,1,0,3,3,1,4.68,0,5,3,wallet
VCH_05329,30,3,0.2143,0,1,5,1,1,3.56,2,3,3,bank_transfer
VCH_05330,55,0,1.0,7,3,0,28,0,3.04,2,1,7,bank_transfer
VCH_05331,2,3,0.2143,8,5,6,1,1,5.19,0,2,6,wallet
VCH_05332,3,0,1.0,2,1,3,15,0,4.96,1,3,6,cash_out
VCH_05333,23,3,0.2143,10,3,4,3,1,2.96,0,3,6,wallet
VCH_05334,48,2,0.2143,7,0,5,3,1,1.08,0,1,7,wallet
VCH_05335,28,0,1.0,8,1,4,16,0,3.13,1,0,12,cash_out
VCH_05336,30,0,1.0,6,1,2,15,0,2.31,1,1,8,cash_out
VCH_05337,45,3,0.2143,3,2,6,1,1,3.08,0,6,5,wallet
VCH_05338,53,1,1.0,4,4,1,1,1,4.97,0,5,6,wallet
VCH_05339,10,1,1.0,5,0,6,28,0,6.34,1,1,13,cash_out
VCH_05340,26,0,1.0,2,4,3,29,0,7.27,0,3,7,wallet
VCH_05341,0,0,1.0,0,0,2,1,1,2.67,2,4,2,bank_transfer
VCH_05342,12,1,1.0,9,1,6,1,1,4.04,0,2,7,wallet
VCH_05343,51,3,0.2143,4,2,3,1,1,5.27,4,7,6,cash_at_till
VCH_05344,20,2,0.2143,8,4,5,1,1,7.06,2,4,8,bank_transfer
VCH_05345,40,4,1.0,0,2,0,3,1,4.4,0,3,5,wallet
VCH_05346,20,2,0.2143,7,4,3,2,1,5.55,1,3,8,cash_out
VCH_05347,3,0,1.0,3,1,6,15,0,1.06,0,0,6,wallet
VCH_05348,55,2,0.2143,6,0,3,2,1,1.67,0,1,4,wallet
VCH_05349,26,2,0.2143,7,1,2,15,0,3.82,0,2,8,wallet
VCH_05350,2,1,1.0,2,1,1,15,0,15.12,4,4,13,cash_at_till
VCH_05351,44,2,0.2143,0,4,1,16,0,8.29,3,1,10,merchant_payment
VCH_05352,19,0,1.0,8,3,3,3,1,7.26,0,3,7,wallet
VCH_05353,1,0,1.0,3,0,1,1,1,13.72,4,4,12,cash_at_till
VCH_05354,40,2,0.2143,0,1,0,30,0,3.69,0,1,9,wallet
VCH_05355,40,2,0.2143,6,2,4,30,0,2.13,0,1,8,wallet
VCH_05356,13,0,1.0,0,4,4,15,0,10.92,3,0,10,merchant_payment
VCH_05357,47,1,1.0,10,5,2,2,1,5.22,4,3,7,cash_at_till
VCH_05358,58,4,1.0,0,0,3,30,0,2.06,1,1,3,cash_out
VCH_05359,56,1,1.0,7,3,3,30,0,5.72,0,2,9,wallet
VCH_05360,47,2,0.2143,4,3,0,1,1,3.24,3,8,8,merchant_payment
VCH_05361,56,2,0.2143,0,4,4,16,0,4.85,0,2,6,wallet
VCH_05362,13,0,1.0,2,3,6,3,1,4.26,1,4,4,cash_out
VCH_05363,51,0,1.0,9,0,2,15,0,2.16,1,6,11,cash_out
VCH_05364,34,2,0.2143,0,5,0,1,1,2.51,2,5,6,bank_transfer
VCH_05365,8,1,1.0,9,4,0,15,0,3.31,3,2,7,merchant_payment
VCH_05366,52,2,0.2143,5,1,4,2,1,12.27,1,2,11,cash_out
VCH_05367,46,0,1.0,7,4,3,29,0,3.06,0,3,11,wallet
VCH_05368,12,0,1.0,10,1,2,30,0,1.55,0,7,7,wallet
VCH_05369,5,0,1.0,6,5,1,29,0,15.86,0,3,15,wallet
VCH_05370,29,0,1.0,6,2,0,16,0,7.93,0,3,15,wallet
VCH_05371,45,0,1.0,3,5,1,28,0,6.96,0,3,14,wallet
VCH_05372,40,0,1.0,5,1,1,3,1,4.93,1,6,6,cash_out
VCH_05373,7,0,1.0,5,3,3,15,0,2.91,3,4,7,merchant_payment
VCH_05374,8,1,1.0,0,1,3,15,0,3.2,0,4,4,wallet
VCH_05375,38,1,1.0,5,2,5,30,0,1.69,0,4,6,wallet
VCH_05376,58,0,1.0,1,3,2,28,0,14.08,0,6,10,wallet
VCH_05377,55,0,1.0,8,1,6,16,0,2.67,2,2,7,bank_transfer
VCH_05378,10,4,1.0,4,5,1,28,0,4.72,3,2,8,merchant_payment
VCH_05379,14,1,1.0,7,0,4,1,1,13.58,1,1,11,cash_out
VCH_05380,42,2,0.2143,7,2,3,2,1,4.41,4,4,5,cash_at_till
VCH_05381,7,1,1.0,0,3,0,3,1,8.79,3,7,5,merchant_payment
VCH_05382,18,0,1.0,0,4,1,28,0,2.68,0,0,6,wallet
VCH_05383,21,2,0.2143,10,3,0,16,0,7.62,0,3,10,wallet
VCH_05384,24,0,1.0,9,3,0,2,1,8.89,3,4,11,merchant_payment
VCH_05385,37,1,1.0,3,2,4,1,1,8.57,3,2,11,merchant_payment
VCH_05386,46,0,1.0,12,0,1,30,0,5.52,3,4,8,merchant_payment
VCH_05387,29,2,0.2143,12,3,6,2,1,16.06,3,2,13,merchant_payment
VCH_05388,24,0,1.0,5,4,4,30,0,18.09,3,1,16,merchant_payment
VCH_05389,43,0,1.0,1,3,0,29,0,9.13,0,1,8,wallet
VCH_05390,23,3,0.2143,2,0,4,1,1,10.2,0,0,8,wallet
VCH_05391,56,0,1.0,1,3,0,2,1,3.0,1,5,2,cash_out
VCH_05392,2,0,1.0,10,3,6,15,0,3.05,3,3,9,merchant_payment
VCH_05393,33,0,1.0,5,3,2,29,0,6.82,4,6,10,cash_at_till
VCH_05394,7,0,1.0,1,0,4,30,0,3.56,3,5,7,merchant_payment
VCH_05395,26,4,1.0,0,1,0,1,1,2.53,3,3,3,merchant_payment
VCH_05396,45,2,0.2143,1,2,6,1,1,7.81,0,4,5,wallet
VCH_05397,23,0,1.0,4,3,5,1,1,6.45,2,0,8,bank_transfer
VCH_05398,15,0,1.0,2,3,4,3,1,5.39,1,4,3,cash_out
VCH_05399,45,1,1.0,7,2,6,1,1,4.06,1,2,8,cash_out
VCH_05400,16,2,0.2143,8,5,1,16,0,1.87,1,5,7,cash_out
VCH_05401,37,2,0.2143,3,3,6,28,0,1.08,3,2,6,merchant_payment
VCH_05402,58,1,1.0,6,4,0,3,1,6.79,3,7,9,merchant_payment
VCH_05403,7,1,1.0,0,3,0,3,1,7.23,1,8,7,cash_out
VCH_05404,39,3,0.2143,1,5,5,29,0,4.05,1,7,4,cash_out
VCH_05405,59,1,1.0,10,2,3,28,0,5.87,3,2,14,merchant_payment
VCH_05406,43,1,1.0,3,1,4,1,1,2.29,4,0,6,cash_at_till
VCH_05407,38,0,1.0,4,5,2,1,1,1.49,1,4,5,cash_out
VCH_05408,46,0,1.0,0,1,2,29,0,4.36,3,5,7,merchant_payment
VCH_05409,44,3,0.2143,3,5,1,16,0,2.38,0,1,7,wallet
VCH_05410,6,2,0.2143,3,2,1,29,0,5.01,4,5,9,cash_at_till
VCH_05411,40,2,0.2143,12,3,1,28,0,6.66,3,4,9,merchant_payment
VCH_05412,3,0,1.0,3,3,0,1,1,2.7,0,6,5,wallet
VCH_05413,0,2,0.2143,8,4,0,28,0,5.34,3,1,8,merchant_payment
VCH_05414,4,2,0.2143,3,2,2,29,0,3.87,1,0,9,cash_out
VCH_05415,44,1,1.0,0,3,2,28,0,2.5,3,6,5,merchant_payment
VCH_05416,37,1,1.0,2,5,0,30,0,2.8,3,2,7,merchant_payment
VCH_05417,37,2,0.2143,4,2,3,2,1,3.87,4,2,5,cash_at_till
VCH_05418,38,4,1.0,6,0,6,28,0,2.15,1,4,7,cash_out
VCH_05419,37,0,1.0,0,4,1,30,0,2.26,4,0,4,cash_at_till
VCH_05420,42,2,0.2143,1,4,6,1,1,4.12,2,4,2,bank_transfer
VCH_05421,43,4,1.0,12,0,3,30,0,9.84,0,3,18,wallet
VCH_05422,45,4,1.0,5,3,5,1,1,11.0,1,4,10,cash_out
VCH_05423,40,1,1.0,12,4,6,1,1,4.62,0,3,6,wallet
VCH_05424,55,1,1.0,2,2,2,3,1,5.16,3,4,9,merchant_payment
VCH_05425,47,2,0.2143,10,0,4,30,0,6.15,0,5,8,wallet
VCH_05426,37,1,1.0,0,1,2,1,1,13.24,3,5,8,merchant_payment
VCH_05427,58,0,1.0,6,5,4,29,0,5.61,3,3,11,merchant_payment
VCH_05428,2,0,1.0,1,0,0,30,0,1.56,0,3,6,wallet
VCH_05429,22,3,0.2143,5,1,6,28,0,2.74,0,4,6,wallet
VCH_05430,8,1,1.0,4,5,0,30,0,5.05,0,1,9,wallet
VCH_05431,45,0,1.0,2,5,6,29,0,6.48,0,3,6,wallet
VCH_05432,39,1,1.0,8,3,2,15,0,3.18,0,6,11,wallet
VCH_05433,31,0,1.0,13,5,2,15,0,4.58,1,3,11,cash_out
VCH_05434,39,0,1.0,12,5,6,16,0,3.03,0,4,9,wallet
VCH_05435,14,0,1.0,3,3,1,28,0,4.26,1,2,8,cash_out
VCH_05436,51,1,1.0,1,4,0,3,1,10.54,1,1,7,cash_out
VCH_05437,49,1,1.0,0,5,4,3,1,7.66,0,5,7,wallet
VCH_05438,36,0,1.0,4,0,3,28,0,2.65,0,5,6,wallet
VCH_05439,9,0,1.0,0,5,4,1,1,7.71,4,3,5,cash_at_till
VCH_05440,40,2,0.2143,3,2,1,3,1,7.36,0,4,9,wallet
VCH_05441,50,0,1.0,7,2,0,1,1,3.81,1,1,8,cash_out
VCH_05442,15,0,1.0,2,4,2,3,1,2.73,0,4,2,wallet
VCH_05443,44,1,1.0,3,3,5,2,1,5.4,0,3,6,wallet
VCH_05444,3,4,1.0,9,4,2,1,1,4.64,3,6,7,merchant_payment
VCH_05445,30,0,1.0,6,5,5,30,0,11.83,3,4,12,merchant_payment
VCH_05446,3,4,1.0,12,5,3,30,0,13.45,0,3,13,wallet
VCH_05447,10,0,1.0,0,0,2,28,0,3.94,1,2,5,cash_out
VCH_05448,46,0,1.0,3,2,4,30,0,7.51,1,4,10,cash_out
VCH_05449,1,1,1.0,9,3,3,16,0,2.6,4,3,6,cash_at_till
VCH_05450,27,2,0.2143,6,1,4,2,1,1.02,0,4,5,wallet
VCH_05451,54,0,1.0,1,4,3,1,1,2.72,3,4,3,merchant_payment
VCH_05452,30,2,0.2143,6,3,5,1,1,37.01,0,2,26,wallet
VCH_05453,47,2,0.2143,9,2,5,3,1,10.14,0,3,9,wallet
VCH_05454,37,1,1.0,10,0,3,16,0,3.59,0,1,7,wallet
VCH_05455,56,4,1.0,8,5,6,29,0,1.48,1,4,6,cash_out
VCH_05456,51,4,1.0,7,3,5,29,0,8.65,4,4,10,cash_at_till
VCH_05457,40,1,1.0,6,3,2,1,1,10.04,1,3,11,cash_out
VCH_05458,12,3,0.2143,0,4,0,3,1,7.62,4,3,5,cash_at_till
VCH_05459,53,2,0.2143,12,1,2,15,0,4.86,0,2,9,wallet
VCH_05460,25,0,1.0,0,2,6,1,1,3.2,0,2,3,wallet
VCH_05461,19,3,0.2143,10,4,6,1,1,20.79,3,5,16,merchant_payment
VCH_05462,29,1,1.0,10,3,0,1,1,3.28,0,4,6,wallet
VCH_05463,4,1,1.0,6,0,5,1,1,3.26,3,4,5,merchant_payment
VCH_05464,43,1,1.0,6,2,2,29,0,4.06,0,3,8,wallet
VCH_05465,16,0,1.0,3,2,5,3,1,7.45,4,2,8,cash_at_till
VCH_05466,5,2,0.2143,2,5,0,1,1,7.24,2,5,4,bank_transfer
VCH_05467,13,2,0.2143,0,3,1,16,0,5.67,3,4,7,merchant_payment
VCH_05468,17,1,1.0,0,4,0,28,0,3.61,2,2,4,bank_transfer
VCH_05469,30,4,1.0,3,0,3,15,0,4.53,1,4,8,cash_out
VCH_05470,4,2,0.2143,5,1,4,29,0,5.07,1,1,8,cash_out
VCH_05471,58,1,1.0,6,5,2,1,1,2.75,3,4,4,merchant_payment
VCH_05472,25,3,0.2143,6,5,0,28,0,4.25,3,3,9,merchant_payment
VCH_05473,48,1,1.0,6,2,4,15,0,3.99,3,3,7,merchant_payment
VCH_05474,47,1,1.0,5,4,2,2,1,2.59,1,3,4,cash_out
VCH_05475,50,2,0.2143,5,0,6,16,0,8.84,4,2,11,cash_at_till
VCH_05476,41,3,0.2143,10,2,1,2,1,6.04,0,6,10,wallet
VCH_05477,30,1,1.0,7,3,0,1,1,5.58,0,0,7,wallet
VCH_05478,16,1,1.0,6,5,0,3,1,6.15,2,2,8,bank_transfer
VCH_05479,37,1,1.0,0,2,2,1,1,2.7,3,2,5,merchant_payment
VCH_05480,1,2,0.2143,11,4,5,1,1,4.37,3,0,9,merchant_payment
VCH_05481,52,0,1.0,9,5,3,15,0,4.73,2,2,8,bank_transfer
VCH_05482,27,4,1.0,1,1,5,15,0,4.62,4,5,12,cash_at_till
VCH_05483,52,0,1.0,0,3,4,15,0,3.89,1,5,4,cash_out
VCH_05484,39,2,0.2143,2,5,4,15,0,11.14,4,2,10,cash_at_till
VCH_05485,44,0,1.0,6,5,3,15,0,13.73,0,4,13,wallet
VCH_05486,51,1,1.0,5,1,4,1,1,4.5,0,3,5,wallet
VCH_05487,35,2,0.2143,5,5,1,30,0,16.6,4,6,15,cash_at_till
VCH_05488,29,0,1.0,0,2,2,2,1,6.84,3,2,4,merchant_payment
VCH_05489,8,2,0.2143,2,2,5,30,0,13.9,1,1,19,cash_out
VCH_05490,22,0,1.0,3,0,5,30,0,4.25,2,1,9,bank_transfer
VCH_05491,55,2,0.2143,2,4,3,28,0,2.05,0,2,4,wallet
VCH_05492,7,4,1.0,3,1,4,2,1,3.56,1,1,5,cash_out
VCH_05493,59,1,1.0,0,5,1,29,0,6.97,3,4,8,merchant_payment
VCH_05494,50,1,1.0,0,1,0,30,0,7.85,0,2,8,wallet
VCH_05495,50,2,0.2143,0,5,3,15,0,3.09,0,5,4,wallet
VCH_05496,10,2,0.2143,5,1,0,2,1,6.48,1,8,10,cash_out
VCH_05497,43,2,0.2143,1,2,4,1,1,6.14,3,3,7,merchant_payment
VCH_05498,11,0,1.0,1,4,5,1,1,1.0,4,2,1,cash_at_till
VCH_05499,28,0,1.0,2,0,3,1,1,7.13,2,4,6,bank_transfer
VCH_05500,26,2,0.2143,4,5,4,29,0,14.85,2,5,13,bank_transfer
VCH_05501,56,3,0.2143,4,1,5,29,0,7.43,1,2,10,cash_out
VCH_05502,38,3,0.2143,0,0,0,30,0,7.01,2,2,12,bank_transfer
VCH_05503,20,0,1.0,6,5,1,1,1,7.06,3,0,10,merchant_payment
VCH_05504,54,0,1.0,4,4,3,29,0,3.27,2,3,10,bank_transfer
VCH_05505,40,0,1.0,11,4,0,3,1,1.59,1,5,6,cash_out
VCH_05506,50,2,0.2143,7,5,0,2,1,4.4,3,5,7,merchant_payment
VCH_05507,21,0,1.0,0,3,0,2,1,1.97,1,3,5,cash_out
VCH_05508,10,0,1.0,6,4,6,30,0,3.67,1,4,13,cash_out
VCH_05509,6,1,1.0,11,0,2,15,0,7.21,0,1,12,wallet
VCH_05510,21,2,0.2143,7,2,2,3,1,3.86,4,0,8,cash_at_till
VCH_05511,13,2,0.2143,12,2,6,2,1,6.01,0,7,7,wallet
VCH_05512,49,1,1.0,0,2,3,1,1,4.95,0,4,3,wallet
VCH_05513,25,1,1.0,0,2,2,29,0,4.74,1,1,10,cash_out
VCH_05514,12,4,1.0,2,4,5,3,1,2.97,2,0,3,bank_transfer
VCH_05515,13,3,0.2143,2,1,0,30,0,2.78,0,1,4,wallet
VCH_05516,29,4,1.0,7,1,1,15,0,4.08,3,3,12,merchant_payment
VCH_05517,21,0,1.0,4,4,6,15,0,3.27,0,3,7,wallet
VCH_05518,30,0,1.0,0,0,0,1,1,3.87,1,3,2,cash_out
VCH_05519,59,0,1.0,1,4,0,29,0,4.9,2,1,9,bank_transfer
VCH_05520,7,2,0.2143,0,3,0,1,1,1.14,0,1,1,wallet
VCH_05521,2,2,0.2143,0,4,3,1,1,4.81,3,2,3,merchant_payment
VCH_05522,31,1,1.0,0,0,0,1,1,6.84,0,2,4,wallet
VCH_05523,48,0,1.0,5,4,4,1,1,3.88,3,4,7,merchant_payment
VCH_05524,25,0,1.0,3,3,5,1,1,6.08,2,2,7,bank_transfer
VCH_05525,34,2,0.2143,8,5,6,29,0,1.36,0,3,7,wallet
VCH_05526,58,1,1.0,4,4,1,1,1,7.13,2,1,9,bank_transfer
VCH_05527,40,1,1.0,0,2,4,30,0,5.08,3,2,5,merchant_payment
VCH_05528,34,1,1.0,6,0,5,15,0,25.34,1,2,21,cash_out
VCH_05529,46,1,1.0,11,0,5,29,0,3.32,2,6,11,bank_transfer
VCH_05530,28,3,0.2143,4,0,5,30,0,10.23,0,1,13,wallet
VCH_05531,11,0,1.0,1,3,6,3,1,6.66,0,5,4,wallet
VCH_05532,32,2,0.2143,6,0,2,15,0,7.45,0,4,9,wallet
VCH_05533,21,2,0.2143,1,3,6,16,0,6.07,1,2,7,cash_out
VCH_05534,44,0,1.0,12,1,3,3,1,2.74,0,2,7,wallet
VCH_05535,25,0,1.0,12,4,5,2,1,7.1,3,0,14,merchant_payment
VCH_05536,35,1,1.0,10,5,6,1,1,2.75,1,5,10,cash_out
VCH_05537,54,0,1.0,13,0,4,30,0,2.32,0,1,7,wallet
VCH_05538,10,1,1.0,3,0,3,1,1,2.43,3,3,4,merchant_payment
VCH_05539,43,0,1.0,13,4,1,1,1,4.32,4,7,6,cash_at_till
VCH_05540,13,3,0.2143,12,3,0,28,0,10.11,2,2,13,bank_transfer
VCH_05541,56,1,1.0,3,5,0,29,0,9.83,0,3,11,wallet
VCH_05542,35,0,1.0,9,2,3,16,0,5.48,2,0,9,bank_transfer
VCH_05543,49,2,0.2143,10,0,4,15,0,1.0,1,8,7,cash_out
VCH_05544,24,4,1.0,8,3,0,1,1,2.14,1,1,4,cash_out
VCH_05545,9,1,1.0,5,1,2,1,1,2.52,2,5,4,bank_transfer
VCH_05546,12,2,0.2143,6,5,3,1,1,8.05,4,2,9,cash_at_till
VCH_05547,26,1,1.0,0,0,0,30,0,3.94,2,6,7,bank_transfer
VCH_05548,58,0,1.0,6,0,1,30,0,11.69,1,4,12,cash_out
VCH_05549,54,0,1.0,11,3,6,1,1,5.45,0,1,7,wallet
VCH_05550,42,3,0.2143,0,0,5,1,1,5.06,0,4,3,wallet
VCH_05551,23,3,0.2143,1,4,3,1,1,2.33,0,1,2,wallet
VCH_05552,15,0,1.0,10,5,3,3,1,4.92,2,1,10,bank_transfer
VCH_05553,18,2,0.2143,1,4,2,1,1,1.61,0,1,1,wallet
VCH_05554,30,1,1.0,13,3,0,2,1,1.92,3,2,5,merchant_payment
VCH_05555,32,2,0.2143,3,4,0,2,1,2.5,1,2,9,cash_out
VCH_05556,40,2,0.2143,0,0,4,3,1,5.89,3,0,4,merchant_payment
VCH_05557,50,3,0.2143,8,1,5,30,0,2.58,0,2,10,wallet
VCH_05558,59,2,0.2143,0,4,3,3,1,3.09,4,3,3,cash_at_till
VCH_05559,3,0,1.0,1,1,1,1,1,14.4,3,6,8,merchant_payment
VCH_05560,42,4,1.0,0,4,0,30,0,4.23,1,5,8,cash_out
VCH_05561,39,1,1.0,0,1,2,30,0,1.9,3,1,5,merchant_payment
VCH_05562,44,0,1.0,0,2,1,30,0,3.26,1,3,5,cash_out
VCH_05563,20,1,1.0,4,0,2,1,1,6.01,0,1,8,wallet
VCH_05564,35,0,1.0,0,2,2,1,1,3.05,0,3,1,wallet
VCH_05565,14,2,0.2143,1,1,4,29,0,1.78,1,6,6,cash_out
VCH_05566,51,2,0.2143,4,4,2,2,1,1.9,0,3,6,wallet
VCH_05567,40,0,1.0,8,4,6,1,1,3.11,1,3,7,cash_out
VCH_05568,11,2,0.2143,0,4,4,1,1,3.87,0,2,3,wallet
VCH_05569,41,0,1.0,0,0,4,1,1,5.9,2,6,3,bank_transfer
VCH_05570,2,0,1.0,13,0,0,30,0,4.72,3,3,8,merchant_payment
VCH_05571,52,2,0.2143,13,2,3,16,0,6.84,0,2,9,wallet
VCH_05572,35,1,1.0,0,4,5,3,1,10.65,0,6,11,wallet
VCH_05573,38,1,1.0,6,4,0,15,0,9.7,0,3,14,wallet
VCH_05574,23,2,0.2143,1,2,1,29,0,5.42,1,7,9,cash_out
VCH_05575,1,1,1.0,13,5,2,3,1,2.46,3,1,10,merchant_payment
VCH_05576,44,1,1.0,8,1,4,1,1,1.85,3,7,4,merchant_payment
VCH_05577,26,2,0.2143,6,2,6,2,1,2.48,0,3,6,wallet
VCH_05578,27,0,1.0,2,1,4,2,1,1.2,0,5,2,wallet
VCH_05579,8,2,0.2143,4,4,3,15,0,2.91,3,3,9,merchant_payment
VCH_05580,45,4,1.0,0,2,5,15,0,3.49,3,7,6,merchant_payment
VCH_05581,56,1,1.0,10,1,1,16,0,12.35,4,1,14,cash_at_till
VCH_05582,22,1,1.0,0,4,3,15,0,1.64,0,7,7,wallet
VCH_05583,1,2,0.2143,2,2,0,15,0,4.26,0,5,6,wallet
VCH_05584,36,1,1.0,13,3,3,16,0,5.62,1,5,10,cash_out
VCH_05585,40,1,1.0,3,0,1,29,0,6.45,1,1,9,cash_out
VCH_05586,50,0,1.0,10,5,4,16,0,2.6,0,1,7,wallet
VCH_05587,12,3,0.2143,2,5,6,16,0,1.19,2,4,3,bank_transfer
VCH_05588,32,3,0.2143,6,4,4,1,1,3.99,0,1,7,wallet
VCH_05589,52,1,1.0,2,2,5,28,0,2.5,1,2,10,cash_out
VCH_05590,12,0,1.0,8,5,2,15,0,4.83,2,1,20,bank_transfer
VCH_05591,31,0,1.0,3,1,4,1,1,3.17,0,3,7,wallet
VCH_05592,18,1,1.0,5,4,0,3,1,8.26,0,7,9,wallet
VCH_05593,36,2,0.2143,7,0,2,15,0,6.16,2,4,11,bank_transfer
VCH_05594,3,0,1.0,4,5,1,1,1,3.92,0,3,5,wallet
VCH_05595,14,0,1.0,0,5,3,3,1,1.44,1,3,3,cash_out
VCH_05596,8,0,1.0,0,4,5,15,0,7.96,2,3,6,bank_transfer
VCH_05597,46,4,1.0,0,1,4,2,1,12.28,3,4,10,merchant_payment
VCH_05598,49,1,1.0,2,4,1,2,1,3.41,3,4,2,merchant_payment
VCH_05599,12,0,1.0,2,4,6,1,1,4.77,2,4,4,bank_transfer
VCH_05600,53,0,1.0,10,5,2,30,0,11.06,3,3,11,merchant_payment
VCH_05601,37,1,1.0,1,2,5,1,1,9.13,1,2,6,cash_out
VCH_05602,6,2,0.2143,1,4,6,1,1,1.1,1,2,2,cash_out
VCH_05603,24,3,0.2143,6,0,6,28,0,5.42,1,1,8,cash_out
VCH_05604,33,0,1.0,3,5,3,2,1,9.13,0,2,11,wallet
VCH_05605,0,0,1.0,11,3,2,30,0,5.72,3,6,9,merchant_payment
VCH_05606,32,4,1.0,0,4,2,2,1,12.99,3,2,10,merchant_payment
VCH_05607,12,2,0.2143,5,2,6,30,0,10.65,0,0,11,wallet
VCH_05608,53,3,0.2143,10,1,1,28,0,2.11,2,1,7,bank_transfer
VCH_05609,55,0,1.0,1,5,3,15,0,3.77,1,2,5,cash_out
VCH_05610,29,3,0.2143,4,1,1,28,0,4.22,3,6,9,merchant_payment
VCH_05611,18,1,1.0,7,3,4,29,0,4.52,4,2,13,cash_at_till
VCH_05612,38,1,1.0,10,4,2,3,1,3.77,2,1,5,bank_transfer
VCH_05613,58,1,1.0,2,0,1,16,0,11.09,3,2,11,merchant_payment
VCH_05614,15,3,0.2143,6,0,5,2,1,5.72,4,6,6,cash_at_till
VCH_05615,42,3,0.2143,6,1,5,2,1,3.83,2,1,5,bank_transfer
VCH_05616,20,1,1.0,0,2,2,3,1,4.47,2,2,4,bank_transfer
VCH_05617,41,0,1.0,0,2,3,29,0,4.97,3,4,7,merchant_payment
VCH_05618,36,0,1.0,1,4,3,2,1,8.02,0,4,4,wallet
VCH_05619,41,1,1.0,2,3,4,1,1,7.0,4,4,4,cash_at_till
VCH_05620,29,2,0.2143,4,1,1,16,0,3.4,1,3,8,cash_out
VCH_05621,9,0,1.0,10,4,0,15,0,3.1,3,5,7,merchant_payment
VCH_05622,2,3,0.2143,7,4,3,1,1,5.74,4,4,6,cash_at_till
VCH_05623,14,2,0.2143,0,1,3,1,1,5.81,0,3,4,wallet
VCH_05624,56,2,0.2143,12,2,3,30,0,1.0,2,3,22,bank_transfer
VCH_05625,3,1,1.0,9,1,3,15,0,5.98,0,2,8,wallet
VCH_05626,56,2,0.2143,3,0,0,1,1,2.93,0,1,11,wallet
VCH_05627,15,1,1.0,6,5,5,3,1,6.36,0,2,6,wallet
VCH_05628,57,2,0.2143,1,2,2,2,1,3.28,1,2,3,cash_out
VCH_05629,0,1,1.0,0,2,4,28,0,6.25,3,2,7,merchant_payment
VCH_05630,37,1,1.0,0,0,2,30,0,7.69,2,3,7,bank_transfer
VCH_05631,38,0,1.0,3,3,2,3,1,5.79,0,0,7,wallet
VCH_05632,45,2,0.2143,8,1,0,2,1,3.56,2,3,6,bank_transfer
VCH_05633,51,0,1.0,2,1,1,1,1,12.52,4,3,8,cash_at_till
VCH_05634,58,2,0.2143,13,2,2,1,1,7.33,3,2,9,merchant_payment
VCH_05635,52,2,0.2143,2,5,0,2,1,4.13,1,2,6,cash_out
VCH_05636,43,0,1.0,9,5,0,30,0,1.74,0,1,8,wallet
VCH_05637,27,4,1.0,0,3,1,1,1,7.71,0,2,7,wallet
VCH_05638,11,2,0.2143,0,3,0,1,1,4.05,0,5,5,wallet
VCH_05639,22,0,1.0,4,0,6,28,0,6.98,0,7,10,wallet
VCH_05640,12,3,0.2143,0,3,3,30,0,5.08,0,4,7,wallet
VCH_05641,32,0,1.0,1,4,6,29,0,1.56,3,4,3,merchant_payment
VCH_05642,13,2,0.2143,1,2,0,3,1,4.0,3,4,4,merchant_payment
VCH_05643,46,2,0.2143,4,2,6,3,1,3.45,3,0,9,merchant_payment
VCH_05644,11,0,1.0,6,2,1,2,1,12.11,0,2,11,wallet
VCH_05645,4,2,0.2143,12,0,0,15,0,3.55,1,4,7,cash_out
VCH_05646,32,0,1.0,2,2,3,28,0,4.27,2,3,10,bank_transfer
VCH_05647,4,2,0.2143,0,0,6,1,1,5.61,3,4,5,merchant_payment
VCH_05648,59,0,1.0,2,2,4,1,1,7.1,4,2,9,cash_at_till
VCH_05649,41,2,0.2143,5,4,3,1,1,4.31,1,2,7,cash_out
VCH_05650,14,0,1.0,8,2,6,30,0,9.91,1,1,11,cash_out
VCH_05651,4,1,1.0,3,2,4,1,1,6.31,4,2,8,cash_at_till
VCH_05652,21,0,1.0,6,3,5,3,1,5.82,2,7,7,bank_transfer
VCH_05653,58,2,0.2143,4,3,4,1,1,4.43,3,2,11,merchant_payment
VCH_05654,10,2,0.2143,13,0,2,15,0,2.97,1,1,7,cash_out
VCH_05655,49,2,0.2143,6,0,2,30,0,9.67,1,5,15,cash_out
VCH_05656,38,2,0.2143,13,1,0,1,1,10.38,2,5,10,bank_transfer
VCH_05657,24,0,1.0,8,4,6,28,0,5.79,1,1,11,cash_out
VCH_05658,37,0,1.0,6,3,1,1,1,5.52,0,4,7,wallet
VCH_05659,9,0,1.0,0,4,5,29,0,2.94,1,2,6,cash_out
VCH_05660,45,2,0.2143,4,4,6,28,0,5.56,2,1,10,bank_transfer
VCH_05661,19,1,1.0,4,3,2,2,1,8.15,3,5,10,merchant_payment
VCH_05662,54,2,0.2143,0,1,3,30,0,3.14,0,0,7,wallet
VCH_05663,25,2,0.2143,4,3,1,2,1,3.36,4,2,6,cash_at_till
VCH_05664,10,2,0.2143,4,4,5,15,0,1.47,2,0,6,bank_transfer
VCH_05665,0,2,0.2143,3,2,3,1,1,2.18,1,3,5,cash_out
VCH_05666,49,2,0.2143,1,4,2,29,0,3.77,2,1,4,bank_transfer
VCH_05667,32,0,1.0,5,5,0,1,1,3.79,0,2,10,wallet
VCH_05668,48,4,1.0,3,4,1,29,0,8.33,1,5,10,cash_out
VCH_05669,54,4,1.0,1,3,6,30,0,9.32,1,3,7,cash_out
VCH_05670,44,4,1.0,0,4,4,2,1,5.11,0,3,8,wallet
VCH_05671,50,4,1.0,13,5,5,15,0,4.47,1,2,9,cash_out
VCH_05672,38,2,0.2143,9,3,6,3,1,3.36,3,6,5,merchant_payment
VCH_05673,29,1,1.0,2,1,6,3,1,12.65,4,5,8,cash_at_till
VCH_05674,36,4,1.0,0,5,5,28,0,5.94,0,1,7,wallet
VCH_05675,54,0,1.0,13,2,0,28,0,3.02,4,2,8,cash_at_till
VCH_05676,20,0,1.0,12,2,4,29,0,4.29,1,5,8,cash_out
VCH_05677,35,0,1.0,10,1,1,28,0,1.73,3,2,7,merchant_payment
VCH_05678,16,2,0.2143,9,1,5,15,0,10.86,0,3,11,wallet
VCH_05679,53,1,1.0,7,0,1,1,1,9.54,1,0,10,cash_out
VCH_05680,25,0,1.0,9,5,4,30,0,5.5,2,3,8,bank_transfer
VCH_05681,22,2,0.2143,11,1,3,2,1,8.69,0,1,9,wallet
VCH_05682,25,0,1.0,0,3,5,1,1,3.91,3,0,6,merchant_payment
VCH_05683,47,2,0.2143,7,5,1,1,1,5.17,3,1,6,merchant_payment
VCH_05684,55,0,1.0,2,3,0,29,0,6.14,1,4,6,cash_out
VCH_05685,50,2,0.2143,3,1,3,2,1,3.51,0,5,5,wallet
VCH_05686,27,0,1.0,0,2,1,28,0,4.17,4,3,4,cash_at_till
VCH_05687,8,1,1.0,11,5,2,1,1,7.56,2,2,12,bank_transfer
VCH_05688,39,2,0.2143,13,5,3,28,0,4.05,1,7,7,cash_out
VCH_05689,38,0,1.0,1,0,4,29,0,4.56,1,3,5,cash_out
VCH_05690,24,2,0.2143,0,3,6,15,0,1.29,3,2,4,merchant_payment
VCH_05691,41,1,1.0,7,3,6,3,1,4.08,2,2,6,bank_transfer
VCH_05692,59,0,1.0,2,1,1,1,1,5.06,3,5,5,merchant_payment
VCH_05693,42,1,1.0,8,2,3,29,0,3.03,1,1,8,cash_out
VCH_05694,25,0,1.0,2,3,2,1,1,6.92,3,2,4,merchant_payment
VCH_05695,20,0,1.0,3,2,6,16,0,5.63,1,4,12,cash_out
VCH_05696,55,4,1.0,3,2,2,2,1,2.51,0,1,6,wallet
VCH_05697,48,3,0.2143,9,5,4,3,1,2.99,1,4,5,cash_out
VCH_05698,20,1,1.0,0,0,4,15,0,7.19,0,5,7,wallet
VCH_05699,3,0,1.0,8,0,6,1,1,4.6,0,1,5,wallet
VCH_05700,15,2,0.2143,12,2,6,16,0,4.73,0,3,8,wallet
VCH_05701,20,4,1.0,0,4,5,28,0,8.36,3,6,8,merchant_payment
VCH_05702,10,1,1.0,2,5,3,1,1,5.01,0,1,11,wallet
VCH_05703,55,1,1.0,7,3,1,29,0,2.55,1,2,7,cash_out
VCH_05704,19,0,1.0,2,0,1,1,1,9.82,0,1,7,wallet
VCH_05705,10,3,0.2143,5,3,2,30,0,1.6,2,1,6,bank_transfer
VCH_05706,13,2,0.2143,2,1,6,2,1,6.87,0,2,4,wallet
VCH_05707,33,3,0.2143,10,0,4,1,1,6.07,1,0,7,cash_out
VCH_05708,39,2,0.2143,3,3,2,1,1,3.79,0,8,7,wallet
VCH_05709,0,0,1.0,2,2,4,30,0,3.88,3,2,4,merchant_payment
VCH_05710,46,1,1.0,8,5,6,28,0,3.61,2,3,8,bank_transfer
VCH_05711,34,2,0.2143,0,5,3,15,0,2.73,3,4,4,merchant_payment
VCH_05712,52,2,0.2143,1,0,2,28,0,3.13,0,1,6,wallet
VCH_05713,5,4,1.0,2,5,2,30,0,4.31,3,2,5,merchant_payment
VCH_05714,9,0,1.0,0,4,5,2,1,11.45,3,6,8,merchant_payment
VCH_05715,43,3,0.2143,13,1,3,2,1,6.34,4,3,8,cash_at_till
VCH_05716,55,0,1.0,1,1,1,29,0,3.24,0,2,10,wallet
VCH_05717,26,2,0.2143,0,2,5,3,1,7.54,0,4,5,wallet
VCH_05718,44,0,1.0,3,5,1,29,0,5.39,4,3,9,cash_at_till
VCH_05719,43,3,0.2143,5,2,5,1,1,11.05,0,2,11,wallet
VCH_05720,43,0,1.0,5,0,3,2,1,12.85,0,2,12,wallet
VCH_05721,40,3,0.2143,5,4,1,15,0,14.87,1,4,17,cash_out
VCH_05722,39,3,0.2143,4,4,3,2,1,6.98,1,3,8,cash_out
VCH_05723,34,1,1.0,3,1,5,30,0,2.68,4,3,7,cash_at_till
VCH_05724,6,0,1.0,6,4,2,16,0,1.98,0,4,7,wallet
VCH_05725,57,2,0.2143,0,0,5,1,1,5.48,2,7,10,bank_transfer
VCH_05726,11,0,1.0,0,2,0,15,0,7.35,3,4,7,merchant_payment
VCH_05727,50,0,1.0,4,3,3,29,0,4.43,0,4,8,wallet
VCH_05728,33,2,0.2143,13,4,2,29,0,1.38,4,3,8,cash_at_till
VCH_05729,32,1,1.0,8,3,0,1,1,7.67,4,3,9,cash_at_till
VCH_05730,47,3,0.2143,1,1,1,30,0,3.73,3,4,7,merchant_payment
VCH_05731,49,0,1.0,6,4,1,30,0,5.24,1,1,10,cash_out
VCH_05732,42,0,1.0,6,1,3,29,0,4.2,0,4,8,wallet
VCH_05733,38,3,0.2143,8,5,1,28,0,8.48,4,3,11,cash_at_till
VCH_05734,17,2,0.2143,2,5,0,15,0,5.55,0,1,9,wallet
VCH_05735,17,0,1.0,9,4,3,16,0,10.62,4,2,12,cash_at_till
VCH_05736,21,1,1.0,13,4,3,3,1,2.85,0,6,6,wallet
VCH_05737,15,2,0.2143,11,0,6,28,0,5.91,1,5,9,cash_out
VCH_05738,34,1,1.0,1,5,6,3,1,1.74,0,0,3,wallet
VCH_05739,26,0,1.0,9,0,3,28,0,4.44,1,5,8,cash_out
VCH_05740,21,0,1.0,0,2,0,1,1,5.58,0,6,5,wallet
VCH_05741,25,1,1.0,3,4,2,1,1,2.81,0,2,7,wallet
VCH_05742,7,0,1.0,8,2,2,3,1,2.78,1,3,7,cash_out
VCH_05743,5,2,0.2143,2,5,2,1,1,3.36,1,3,3,cash_out
VCH_05744,33,1,1.0,9,4,5,28,0,3.22,0,3,13,wallet
VCH_05745,1,3,0.2143,2,1,6,29,0,6.97,0,5,7,wallet
VCH_05746,43,0,1.0,4,2,3,15,0,4.15,0,3,9,wallet
VCH_05747,23,2,0.2143,0,2,6,29,0,1.14,3,6,3,merchant_payment
VCH_05748,43,2,0.2143,0,1,2,1,1,5.44,2,2,3,bank_transfer
VCH_05749,42,3,0.2143,0,3,0,1,1,2.37,0,4,1,wallet
VCH_05750,12,0,1.0,3,3,2,3,1,8.07,0,1,12,wallet
VCH_05751,23,0,1.0,0,4,2,30,0,4.55,4,5,8,cash_at_till
VCH_05752,49,0,1.0,0,3,4,28,0,5.62,0,6,18,wallet
VCH_05753,52,2,0.2143,2,0,1,2,1,6.36,3,3,4,merchant_payment
VCH_05754,30,4,1.0,9,2,6,2,1,7.08,1,3,9,cash_out
VCH_05755,25,0,1.0,2,1,0,28,0,3.78,1,4,4,cash_out
VCH_05756,40,1,1.0,12,4,3,29,0,13.15,1,2,15,cash_out
VCH_05757,36,1,1.0,6,4,6,3,1,2.58,3,1,5,merchant_payment
VCH_05758,33,1,1.0,2,2,4,1,1,6.03,3,7,12,merchant_payment
VCH_05759,57,3,0.2143,10,4,0,2,1,5.59,0,4,14,wallet
VCH_05760,58,0,1.0,0,4,0,2,1,2.34,0,1,5,wallet
VCH_05761,55,1,1.0,3,1,0,1,1,1.63,0,3,6,wallet
VCH_05762,53,2,0.2143,7,0,4,3,1,7.19,3,4,8,merchant_payment
VCH_05763,8,2,0.2143,6,2,0,28,0,4.64,1,1,8,cash_out
VCH_05764,18,1,1.0,0,3,6,1,1,6.69,1,3,4,cash_out
VCH_05765,17,0,1.0,5,3,3,2,1,1.85,0,3,4,wallet
VCH_05766,23,0,1.0,2,2,5,1,1,17.93,3,1,12,merchant_payment
VCH_05767,13,0,1.0,12,4,0,29,0,6.15,3,3,9,merchant_payment
VCH_05768,1,0,1.0,4,2,0,15,0,5.81,1,5,10,cash_out
VCH_05769,54,4,1.0,1,3,6,1,1,8.44,2,2,6,bank_transfer
VCH_05770,50,1,1.0,11,2,6,1,1,3.97,1,1,6,cash_out
VCH_05771,31,0,1.0,2,2,3,15,0,7.15,1,0,6,cash_out
VCH_05772,12,0,1.0,5,1,0,1,1,3.39,3,1,6,merchant_payment
VCH_05773,8,1,1.0,0,3,3,1,1,2.87,0,2,4,wallet
VCH_05774,7,2,0.2143,0,5,3,3,1,4.3,4,4,3,cash_at_till
VCH_05775,48,3,0.2143,6,0,5,1,1,4.95,4,7,6,cash_at_till
VCH_05776,56,1,1.0,13,2,6,1,1,3.16,1,3,7,cash_out
VCH_05777,6,4,1.0,1,0,6,29,0,2.66,0,1,9,wallet
VCH_05778,49,0,1.0,3,3,4,3,1,10.17,0,2,10,wallet
VCH_05779,38,3,0.2143,13,0,5,3,1,8.69,3,0,14,merchant_payment
VCH_05780,49,2,0.2143,3,3,3,30,0,4.03,1,4,7,cash_out
VCH_05781,1,4,1.0,3,2,5,1,1,4.02,4,3,5,cash_at_till
VCH_05782,31,2,0.2143,0,5,4,15,0,10.89,0,1,10,wallet
VCH_05783,19,0,1.0,4,5,1,15,0,5.82,3,1,11,merchant_payment
VCH_05784,26,0,1.0,5,4,6,3,1,6.23,2,3,9,bank_transfer
VCH_05785,14,1,1.0,8,4,4,16,0,9.69,4,1,10,cash_at_till
VCH_05786,39,0,1.0,0,0,4,2,1,4.63,0,8,4,wallet
VCH_05787,41,0,1.0,1,0,0,28,0,7.26,1,2,8,cash_out
VCH_05788,22,0,1.0,3,0,5,3,1,4.93,4,4,9,cash_at_till
VCH_05789,50,2,0.2143,4,3,2,28,0,2.34,1,3,7,cash_out
VCH_05790,23,1,1.0,3,5,5,16,0,4.49,1,3,8,cash_out
VCH_05791,5,0,1.0,12,0,0,30,0,2.83,1,1,8,cash_out
VCH_05792,58,1,1.0,3,1,6,16,0,5.04,4,6,11,cash_at_till
VCH_05793,46,2,0.2143,0,1,2,2,1,1.38,1,2,2,cash_out
VCH_05794,50,2,0.2143,10,0,3,30,0,4.51,0,5,7,wallet
VCH_05795,56,0,1.0,0,4,2,1,1,8.32,0,3,5,wallet
VCH_05796,57,2,0.2143,6,2,3,1,1,5.28,1,4,7,cash_out
VCH_05797,16,4,1.0,0,5,6,28,0,3.56,2,4,6,bank_transfer
VCH_05798,18,2,0.2143,12,1,3,2,1,2.44,0,0,8,wallet
VCH_05799,46,0,1.0,0,4,2,30,0,3.06,0,1,5,wallet
VCH_05800,53,0,1.0,4,2,4,30,0,5.83,1,2,15,cash_out
VCH_05801,20,3,0.2143,1,1,5,30,0,4.15,1,4,6,cash_out
VCH_05802,21,3,0.2143,0,5,0,1,1,5.39,1,4,4,cash_out
VCH_05803,59,4,1.0,1,0,4,28,0,12.92,3,4,10,merchant_payment
VCH_05804,14,2,0.2143,3,4,0,15,0,4.16,2,2,14,bank_transfer
VCH_05805,18,0,1.0,10,5,3,29,0,5.06,1,3,8,cash_out
VCH_05806,8,4,1.0,0,2,1,29,0,5.33,0,5,5,wallet
VCH_05807,54,4,1.0,0,2,4,28,0,7.82,0,2,10,wallet
VCH_05808,46,2,0.2143,13,5,2,2,1,5.72,0,1,6,wallet
VCH_05809,10,0,1.0,5,1,3,29,0,4.38,0,4,8,wallet
VCH_05810,2,1,1.0,3,5,4,29,0,3.22,0,5,15,wallet
VCH_05811,38,1,1.0,10,2,2,1,1,4.17,1,2,6,cash_out
VCH_05812,33,3,0.2143,13,3,6,15,0,2.77,0,2,7,wallet
VCH_05813,12,1,1.0,8,3,6,15,0,3.67,0,3,7,wallet
VCH_05814,55,1,1.0,6,1,0,1,1,3.69,4,1,7,cash_at_till
VCH_05815,41,0,1.0,11,2,5,1,1,13.93,1,3,12,cash_out
VCH_05816,46,0,1.0,12,3,1,1,1,10.71,2,2,10,bank_transfer
VCH_05817,40,1,1.0,10,5,2,2,1,5.15,0,5,8,wallet
VCH_05818,11,0,1.0,1,2,3,28,0,10.82,2,2,14,bank_transfer
VCH_05819,2,2,0.2143,2,4,5,1,1,4.33,0,4,3,wallet
VCH_05820,24,2,0.2143,1,4,2,2,1,9.5,0,2,7,wallet
VCH_05821,27,0,1.0,12,4,1,2,1,6.91,0,1,9,wallet
VCH_05822,49,0,1.0,10,4,2,2,1,2.97,1,5,6,cash_out
VCH_05823,47,3,0.2143,6,1,3,30,0,10.27,0,3,12,wallet
VCH_05824,49,0,1.0,6,2,4,3,1,4.05,2,2,9,bank_transfer
VCH_05825,36,1,1.0,1,1,4,1,1,3.76,2,3,3,bank_transfer
VCH_05826,35,1,1.0,13,2,2,16,0,11.75,3,1,17,merchant_payment
VCH_05827,8,1,1.0,3,3,4,29,0,3.81,3,0,7,merchant_payment
VCH_05828,3,0,1.0,10,3,3,2,1,2.4,2,2,4,bank_transfer
VCH_05829,27,2,0.2143,3,4,5,15,0,5.99,0,5,9,wallet
VCH_05830,13,4,1.0,11,5,5,28,0,12.16,2,1,13,bank_transfer
VCH_05831,17,1,1.0,3,1,4,2,1,4.73,2,3,10,bank_transfer
VCH_05832,43,0,1.0,0,5,3,28,0,1.0,1,3,3,cash_out
VCH_05833,45,0,1.0,0,1,0,29,0,3.8,0,1,5,wallet
VCH_05834,19,1,1.0,2,0,2,2,1,4.46,3,1,4,merchant_payment
VCH_05835,38,3,0.2143,2,1,6,28,0,4.88,0,0,5,wallet
VCH_05836,3,4,1.0,4,4,4,15,0,2.25,1,2,13,cash_out
VCH_05837,16,0,1.0,8,0,6,1,1,1.85,3,3,4,merchant_payment
VCH_05838,18,0,1.0,4,3,3,1,1,5.31,1,4,6,cash_out
VCH_05839,33,0,1.0,8,5,1,16,0,8.75,0,1,10,wallet
VCH_05840,50,3,0.2143,7,4,2,3,1,7.9,3,4,9,merchant_payment
VCH_05841,25,3,0.2143,11,1,0,1,1,2.35,3,2,6,merchant_payment
VCH_05842,18,1,1.0,3,3,5,1,1,2.44,1,6,6,cash_out
VCH_05843,47,3,0.2143,3,2,5,30,0,5.9,4,1,10,cash_at_till
VCH_05844,26,2,0.2143,11,1,4,2,1,5.09,0,4,13,wallet
VCH_05845,9,2,0.2143,2,0,6,2,1,7.71,3,2,5,merchant_payment
VCH_05846,29,1,1.0,7,2,2,29,0,3.91,4,3,10,cash_at_till
VCH_05847,36,3,0.2143,0,3,5,30,0,2.82,2,1,4,bank_transfer
VCH_05848,39,0,1.0,4,3,3,28,0,3.35,2,3,10,bank_transfer
VCH_05849,43,2,0.2143,11,0,4,28,0,8.56,2,0,17,bank_transfer
VCH_05850,26,1,1.0,12,2,4,29,0,7.22,2,3,9,bank_transfer
VCH_05851,39,2,0.2143,11,4,4,1,1,2.34,1,3,4,cash_out
VCH_05852,55,0,1.0,5,5,2,2,1,4.13,3,3,5,merchant_payment
VCH_05853,39,2,0.2143,0,4,3,29,0,2.97,3,1,8,merchant_payment
VCH_05854,51,1,1.0,9,1,1,29,0,4.1,0,3,8,wallet
VCH_05855,18,0,1.0,0,5,1,1,1,4.18,1,4,7,cash_out
VCH_05856,37,0,1.0,12,1,3,28,0,4.21,3,5,9,merchant_payment
VCH_05857,17,1,1.0,6,0,1,1,1,11.31,0,2,11,wallet
VCH_05858,14,2,0.2143,6,4,1,1,1,2.17,0,4,6,wallet
VCH_05859,4,2,0.2143,3,4,0,2,1,5.52,1,2,8,cash_out
VCH_05860,32,2,0.2143,10,3,4,1,1,4.49,0,2,8,wallet
VCH_05861,53,4,1.0,2,5,5,2,1,4.63,2,1,5,bank_transfer
VCH_05862,39,0,1.0,13,1,1,15,0,4.32,1,3,10,cash_out
VCH_05863,25,0,1.0,5,2,4,3,1,5.35,0,5,6,wallet
VCH_05864,50,2,0.2143,4,3,5,29,0,1.06,2,6,7,bank_transfer
VCH_05865,44,3,0.2143,1,5,6,15,0,2.28,0,7,7,wallet
VCH_05866,27,3,0.2143,12,3,6,3,1,1.0,1,1,4,cash_out
VCH_05867,43,0,1.0,5,2,4,1,1,5.58,2,2,8,bank_transfer
VCH_05868,47,0,1.0,5,2,4,2,1,1.48,3,2,11,merchant_payment
VCH_05869,17,0,1.0,13,1,6,3,1,1.17,0,3,6,wallet
VCH_05870,47,0,1.0,13,0,0,30,0,3.04,0,3,9,wallet
VCH_05871,31,0,1.0,1,2,0,30,0,7.21,1,1,9,cash_out
VCH_05872,55,2,0.2143,6,2,6,1,1,15.09,0,4,12,wallet
VCH_05873,51,2,0.2143,1,5,6,29,0,3.59,3,3,7,merchant_payment
VCH_05874,1,4,1.0,1,4,6,3,1,5.13,2,5,3,bank_transfer
VCH_05875,2,2,0.2143,9,3,1,1,1,2.68,3,1,4,merchant_payment
VCH_05876,18,2,0.2143,10,1,5,15,0,2.6,3,3,8,merchant_payment
VCH_05877,47,2,0.2143,13,4,5,2,1,15.5,1,1,12,cash_out
VCH_05878,23,3,0.2143,13,3,0,1,1,4.2,0,2,6,wallet
VCH_05879,54,4,1.0,13,3,3,1,1,5.55,1,4,6,cash_out
VCH_05880,18,0,1.0,0,3,1,2,1,2.39,3,3,5,merchant_payment
VCH_05881,22,2,0.2143,0,1,5,30,0,2.37,3,4,4,merchant_payment
VCH_05882,57,1,1.0,8,2,0,28,0,5.53,0,2,8,wallet
VCH_05883,46,4,1.0,10,3,5,15,0,1.64,0,5,8,wallet
VCH_05884,23,0,1.0,0,4,3,30,0,5.37,0,4,6,wallet
VCH_05885,21,2,0.2143,13,5,6,30,0,4.46,4,1,8,cash_at_till
VCH_05886,17,2,0.2143,9,3,3,1,1,9.39,3,2,14,merchant_payment
VCH_05887,59,0,1.0,12,4,4,16,0,7.26,0,0,9,wallet
VCH_05888,22,1,1.0,5,3,6,30,0,6.46,1,5,9,cash_out
VCH_05889,59,0,1.0,3,4,1,29,0,4.39,3,1,8,merchant_payment
VCH_05890,41,2,0.2143,5,3,5,28,0,1.72,3,2,6,merchant_payment
VCH_05891,3,1,1.0,2,5,2,1,1,3.79,0,4,4,wallet
VCH_05892,26,0,1.0,6,2,1,2,1,3.48,3,4,7,merchant_payment
VCH_05893,31,2,0.2143,0,4,6,29,0,3.83,3,2,4,merchant_payment
VCH_05894,32,2,0.2143,1,5,6,1,1,3.34,0,1,10,wallet
VCH_05895,21,0,1.0,0,1,1,15,0,3.2,0,2,4,wallet
VCH_05896,56,1,1.0,2,0,4,3,1,3.78,0,1,5,wallet
VCH_05897,55,0,1.0,0,3,2,30,0,4.92,3,1,6,merchant_payment
VCH_05898,27,2,0.2143,3,4,1,1,1,7.31,0,5,7,wallet
VCH_05899,44,4,1.0,5,3,2,2,1,7.57,2,6,8,bank_transfer
VCH_05900,40,0,1.0,10,3,1,3,1,4.74,3,3,5,merchant_payment
VCH_05901,28,0,1.0,0,3,5,15,0,8.3,1,5,13,cash_out
VCH_05902,17,4,1.0,8,4,4,2,1,1.53,1,0,4,cash_out
VCH_05903,5,2,0.2143,4,2,2,29,0,12.43,3,1,14,merchant_payment
VCH_05904,3,2,0.2143,10,5,0,3,1,5.67,1,4,6,cash_out
VCH_05905,24,2,0.2143,4,5,1,1,1,3.56,1,5,6,cash_out
VCH_05906,44,0,1.0,0,4,1,30,0,4.44,2,6,5,bank_transfer
VCH_05907,38,0,1.0,4,4,6,1,1,2.83,1,5,5,cash_out
VCH_05908,8,3,0.2143,4,0,2,1,1,2.82,1,1,5,cash_out
VCH_05909,47,3,0.2143,8,1,2,15,0,6.02,0,1,9,wallet
VCH_05910,23,2,0.2143,0,4,1,1,1,11.93,0,2,13,wallet
VCH_05911,37,2,0.2143,1,2,1,1,1,1.99,4,5,1,cash_at_till
VCH_05912,49,4,1.0,4,1,2,1,1,3.15,2,7,5,bank_transfer
VCH_05913,23,0,1.0,7,3,0,2,1,4.88,4,6,8,cash_at_till
VCH_05914,26,0,1.0,10,1,6,2,1,6.21,2,2,6,bank_transfer
VCH_05915,42,0,1.0,0,2,3,1,1,3.67,2,3,3,bank_transfer
VCH_05916,28,3,0.2143,9,5,0,29,0,8.27,1,1,10,cash_out
VCH_05917,15,2,0.2143,2,5,1,3,1,4.26,0,3,8,wallet
VCH_05918,16,4,1.0,11,5,5,1,1,3.84,0,6,6,wallet
VCH_05919,47,0,1.0,11,5,6,16,0,4.24,2,3,8,bank_transfer
VCH_05920,7,2,0.2143,2,5,1,15,0,6.76,1,3,6,cash_out
VCH_05921,34,1,1.0,11,4,1,1,1,1.86,0,1,5,wallet
VCH_05922,34,4,1.0,2,0,6,28,0,1.88,2,3,6,bank_transfer
VCH_05923,50,4,1.0,4,4,4,15,0,9.96,0,5,11,wallet
VCH_05924,16,0,1.0,5,2,4,1,1,1.73,1,5,5,cash_out
VCH_05925,34,3,0.2143,10,4,2,29,0,3.65,1,10,13,cash_out
VCH_05926,50,0,1.0,13,5,2,1,1,9.43,2,0,9,bank_transfer
VCH_05927,16,1,1.0,4,0,2,1,1,6.25,1,3,7,cash_out
VCH_05928,0,0,1.0,5,3,5,3,1,2.14,2,2,4,bank_transfer
VCH_05929,32,4,1.0,3,1,4,30,0,2.68,3,8,7,merchant_payment
VCH_05930,12,1,1.0,13,5,0,2,1,5.55,2,2,6,bank_transfer
VCH_05931,10,0,1.0,3,5,6,28,0,1.63,1,3,6,cash_out
VCH_05932,55,1,1.0,3,5,6,28,0,4.07,0,6,8,wallet
VCH_05933,0,1,1.0,2,2,4,30,0,5.59,4,3,5,cash_at_till
VCH_05934,26,1,1.0,0,2,4,2,1,3.28,2,2,7,bank_transfer
VCH_05935,19,1,1.0,0,0,6,2,1,5.6,3,4,8,merchant_payment
VCH_05936,45,2,0.2143,2,3,0,29,0,8.03,0,4,11,wallet
VCH_05937,36,0,1.0,10,0,2,3,1,5.35,0,9,8,wallet
VCH_05938,58,1,1.0,3,4,4,28,0,8.56,2,6,15,bank_transfer
VCH_05939,1,1,1.0,6,5,4,16,0,4.12,0,1,11,wallet
VCH_05940,55,4,1.0,6,4,2,30,0,4.37,1,8,8,cash_out
VCH_05941,24,1,1.0,5,5,3,1,1,8.88,3,2,11,merchant_payment
VCH_05942,42,3,0.2143,3,1,3,28,0,3.6,3,4,9,merchant_payment
VCH_05943,49,2,0.2143,10,1,5,28,0,6.88,3,3,10,merchant_payment
VCH_05944,49,2,0.2143,4,0,3,2,1,4.9,1,0,6,cash_out
VCH_05945,40,0,1.0,1,3,2,28,0,2.44,3,0,3,merchant_payment
VCH_05946,11,2,0.2143,2,1,2,29,0,2.62,3,0,3,merchant_payment
VCH_05947,35,2,0.2143,1,1,5,29,0,6.83,4,2,6,cash_at_till
VCH_05948,33,0,1.0,3,0,3,1,1,5.0,1,0,6,cash_out
VCH_05949,56,2,0.2143,4,1,6,1,1,6.07,4,5,7,cash_at_till
VCH_05950,50,1,1.0,4,0,1,1,1,2.18,0,6,4,wallet
VCH_05951,39,0,1.0,5,4,6,2,1,3.84,0,2,5,wallet
VCH_05952,11,0,1.0,2,4,2,16,0,3.79,0,3,5,wallet
VCH_05953,7,0,1.0,3,0,2,3,1,5.1,0,1,6,wallet
VCH_05954,25,3,0.2143,3,4,4,29,0,6.73,0,4,10,wallet
VCH_05955,24,1,1.0,13,1,3,29,0,4.28,4,6,8,cash_at_till
VCH_05956,2,0,1.0,1,5,0,3,1,2.03,0,4,2,wallet
VCH_05957,9,4,1.0,2,1,5,1,1,5.47,1,2,3,cash_out
VCH_05958,15,0,1.0,2,4,2,30,0,4.99,3,3,6,merchant_payment
VCH_05959,24,2,0.2143,3,1,3,2,1,8.84,0,1,9,wallet
VCH_05960,22,0,1.0,3,3,5,28,0,4.12,0,4,9,wallet
VCH_05961,8,3,0.2143,5,3,0,15,0,2.97,0,1,12,wallet
VCH_05962,0,0,1.0,5,4,2,28,0,1.01,1,4,6,cash_out
VCH_05963,55,1,1.0,0,1,6,28,0,3.82,1,5,5,cash_out
VCH_05964,35,1,1.0,0,4,1,16,0,1.67,1,4,4,cash_out
VCH_05965,19,1,1.0,5,5,5,2,1,2.97,0,1,5,wallet
VCH_05966,48,4,1.0,5,2,0,1,1,2.99,3,6,8,merchant_payment
VCH_05967,10,4,1.0,11,3,1,1,1,3.11,0,4,5,wallet
VCH_05968,34,0,1.0,12,2,1,30,0,3.04,3,1,13,merchant_payment
VCH_05969,47,0,1.0,3,1,3,1,1,10.12,1,1,13,cash_out
VCH_05970,32,2,0.2143,3,3,1,3,1,5.76,0,4,6,wallet
VCH_05971,18,0,1.0,6,4,3,1,1,1.3,1,4,5,cash_out
VCH_05972,53,3,0.2143,3,1,3,1,1,3.78,1,4,7,cash_out
VCH_05973,29,2,0.2143,4,2,2,30,0,1.26,1,4,7,cash_out
VCH_05974,48,2,0.2143,13,3,5,16,0,5.11,3,2,8,merchant_payment
VCH_05975,8,0,1.0,13,2,3,15,0,1.88,1,2,7,cash_out
VCH_05976,57,2,0.2143,1,2,3,1,1,7.08,3,0,4,merchant_payment
VCH_05977,39,0,1.0,12,0,1,2,1,9.96,0,1,10,wallet
VCH_05978,23,2,0.2143,0,1,0,1,1,1.96,1,2,2,cash_out
VCH_05979,53,0,1.0,7,2,1,1,1,9.13,0,4,8,wallet
VCH_05980,3,4,1.0,0,0,4,1,1,2.89,4,1,6,cash_at_till
VCH_05981,10,2,0.2143,10,0,0,15,0,3.28,0,5,14,wallet
VCH_05982,9,0,1.0,8,3,5,1,1,10.33,4,0,10,cash_at_till
VCH_05983,31,3,0.2143,1,3,2,2,1,3.69,0,6,12,wallet
VCH_05984,13,0,1.0,1,2,6,1,1,12.02,1,1,9,cash_out
VCH_05985,25,2,0.2143,3,5,6,2,1,4.43,3,1,13,merchant_payment
VCH_05986,5,3,0.2143,2,3,4,1,1,5.93,0,1,6,wallet
VCH_05987,42,1,1.0,0,4,3,29,0,9.12,4,3,8,cash_at_till
VCH_05988,59,1,1.0,3,3,3,16,0,2.78,4,7,7,cash_at_till
VCH_05989,51,0,1.0,0,3,1,29,0,4.62,2,2,5,bank_transfer
VCH_05990,24,0,1.0,12,1,6,29,0,6.18,4,2,10,cash_at_till
VCH_05991,13,4,1.0,10,2,4,3,1,4.75,0,5,6,wallet
VCH_05992,17,0,1.0,1,3,0,1,1,2.47,0,2,5,wallet
VCH_05993,10,0,1.0,3,0,3,28,0,4.46,0,2,10,wallet
VCH_05994,35,2,0.2143,3,1,5,15,0,3.72,3,2,8,merchant_payment
VCH_05995,43,2,0.2143,2,4,6,1,1,9.85,4,5,7,cash_at_till
VCH_05996,59,4,1.0,3,2,6,1,1,5.08,0,0,8,wallet
VCH_05997,24,2,0.2143,7,4,1,1,1,3.91,1,6,6,cash_out
VCH_05998,58,2,0.2143,12,5,0,1,1,3.43,3,4,5,merchant_payment
VCH_05999,26,4,1.0,10,4,6,29,0,3.08,1,6,7,cash_out
VCH_06000,25,0,1.0,5,1,0,1,1,9.28,3,4,9,merchant_payment
VCH_06001,28,0,1.0,5,3,6,28,0,5.97,0,5,8,wallet
VCH_06002,4,2,0.2143,8,2,0,1,1,8.03,2,4,17,bank_transfer
VCH_06003,48,2,0.2143,0,0,1,29,0,3.95,0,3,4,wallet
VCH_06004,53,3,0.2143,6,3,2,3,1,5.12,0,1,8,wallet
VCH_06005,14,0,1.0,9,4,4,1,1,3.95,1,1,9,cash_out
VCH_06006,35,1,1.0,6,2,5,1,1,1.24,3,7,11,merchant_payment
VCH_06007,15,2,0.2143,10,3,5,3,1,4.76,0,3,7,wallet
VCH_06008,54,1,1.0,3,1,3,29,0,7.61,3,8,10,merchant_payment
VCH_06009,56,0,1.0,13,4,1,1,1,4.31,0,4,6,wallet
VCH_06010,36,0,1.0,9,4,0,1,1,5.62,3,0,7,merchant_payment
VCH_06011,3,3,0.2143,4,2,2,2,1,3.95,0,3,8,wallet
VCH_06012,8,1,1.0,6,0,1,29,0,7.38,1,4,13,cash_out
VCH_06013,44,1,1.0,2,0,1,28,0,8.34,0,2,7,wallet
VCH_06014,12,0,1.0,1,0,2,2,1,13.24,0,3,9,wallet
VCH_06015,33,1,1.0,10,2,3,2,1,3.23,3,1,7,merchant_payment
VCH_06016,11,1,1.0,3,2,4,2,1,2.06,2,5,9,bank_transfer
VCH_06017,37,3,0.2143,10,5,5,1,1,6.89,3,4,8,merchant_payment
VCH_06018,45,3,0.2143,1,3,3,1,1,9.28,2,5,5,bank_transfer
VCH_06019,4,0,1.0,1,4,0,1,1,5.98,2,2,3,bank_transfer
VCH_06020,21,1,1.0,1,3,6,1,1,4.98,4,2,4,cash_at_till
VCH_06021,48,0,1.0,0,0,5,15,0,6.23,0,4,6,wallet
VCH_06022,36,0,1.0,10,2,5,28,0,6.83,0,1,9,wallet
VCH_06023,19,3,0.2143,12,0,4,3,1,6.37,4,5,14,cash_at_till
VCH_06024,28,2,0.2143,0,0,4,1,1,6.58,0,4,4,wallet
VCH_06025,11,2,0.2143,7,2,5,2,1,6.63,1,4,7,cash_out
VCH_06026,47,1,1.0,10,5,1,1,1,3.45,0,1,7,wallet
VCH_06027,20,0,1.0,6,4,4,28,0,1.81,3,1,6,merchant_payment
VCH_06028,36,4,1.0,1,1,4,1,1,8.51,4,4,7,cash_at_till
VCH_06029,5,1,1.0,3,5,1,3,1,3.41,0,2,7,wallet
VCH_06030,46,2,0.2143,1,0,0,3,1,4.83,1,3,9,cash_out
VCH_06031,27,2,0.2143,6,0,6,15,0,4.06,1,1,10,cash_out
VCH_06032,53,1,1.0,12,3,1,3,1,2.03,0,4,6,wallet
VCH_06033,19,1,1.0,13,3,5,1,1,7.9,1,4,9,cash_out
VCH_06034,14,1,1.0,5,2,6,15,0,3.26,2,3,7,bank_transfer
VCH_06035,58,1,1.0,11,3,2,30,0,1.73,0,2,8,wallet
VCH_06036,49,2,0.2143,5,3,0,28,0,10.93,1,3,13,cash_out
VCH_06037,34,3,0.2143,13,4,6,28,0,4.08,1,4,11,cash_out
VCH_06038,2,2,0.2143,0,5,6,30,0,3.2,2,2,5,bank_transfer
VCH_06039,55,2,0.2143,3,2,6,29,0,3.96,1,5,9,cash_out
VCH_06040,15,2,0.2143,8,3,2,15,0,7.19,0,5,9,wallet
VCH_06041,42,0,1.0,2,2,6,30,0,5.59,3,6,8,merchant_payment
VCH_06042,43,0,1.0,5,0,2,1,1,3.69,0,5,5,wallet
VCH_06043,8,2,0.2143,0,2,6,1,1,6.78,4,5,4,cash_at_till
VCH_06044,0,1,1.0,3,0,4,15,0,4.9,1,5,8,cash_out
VCH_06045,6,3,0.2143,5,1,4,15,0,2.14,0,4,6,wallet
VCH_06046,50,0,1.0,4,1,4,1,1,3.6,4,1,6,cash_at_till
VCH_06047,38,0,1.0,10,1,3,1,1,4.48,0,3,7,wallet
VCH_06048,0,2,0.2143,9,2,6,28,0,4.5,0,4,9,wallet
VCH_06049,50,0,1.0,8,4,1,29,0,7.91,0,0,13,wallet
VCH_06050,50,0,1.0,2,1,4,29,0,3.25,0,5,5,wallet
VCH_06051,23,0,1.0,6,0,3,3,1,5.71,2,2,8,bank_transfer
VCH_06052,19,0,1.0,0,3,3,1,1,1.79,0,0,1,wallet
VCH_06053,43,1,1.0,0,3,0,2,1,3.74,3,3,3,merchant_payment
VCH_06054,35,2,0.2143,1,3,0,2,1,15.61,3,5,9,merchant_payment
VCH_06055,33,4,1.0,1,1,2,30,0,5.86,3,3,6,merchant_payment
VCH_06056,35,1,1.0,7,1,5,2,1,4.05,0,2,8,wallet
VCH_06057,20,0,1.0,3,0,3,1,1,3.91,3,1,5,merchant_payment
VCH_06058,10,0,1.0,4,3,4,2,1,8.17,1,1,8,cash_out
VCH_06059,39,2,0.2143,13,2,2,28,0,3.22,4,2,7,cash_at_till
VCH_06060,52,3,0.2143,1,3,0,1,1,11.12,1,7,6,cash_out
VCH_06061,50,2,0.2143,3,0,6,29,0,5.09,0,1,10,wallet
VCH_06062,9,3,0.2143,2,0,2,1,1,5.08,0,4,7,wallet
VCH_06063,5,1,1.0,10,2,6,3,1,3.1,1,3,7,cash_out
VCH_06064,17,2,0.2143,1,3,0,29,0,5.47,4,3,6,cash_at_till
VCH_06065,6,3,0.2143,12,0,5,30,0,2.45,0,5,6,wallet
VCH_06066,38,1,1.0,2,5,5,2,1,4.42,1,3,6,cash_out
VCH_06067,55,0,1.0,0,1,5,1,1,3.83,0,6,5,wallet
VCH_06068,39,1,1.0,11,0,2,1,1,1.93,0,4,5,wallet
VCH_06069,52,0,1.0,7,2,4,2,1,3.48,3,1,7,merchant_payment
VCH_06070,7,4,1.0,1,3,3,1,1,3.31,2,3,4,bank_transfer
VCH_06071,31,3,0.2143,13,4,2,29,0,1.99,4,3,6,cash_at_till
VCH_06072,14,2,0.2143,4,3,2,28,0,4.32,2,5,8,bank_transfer
VCH_06073,7,2,0.2143,3,2,6,28,0,1.0,2,3,8,bank_transfer
VCH_06074,15,3,0.2143,13,4,2,30,0,3.24,1,0,8,cash_out
VCH_06075,41,2,0.2143,6,5,6,3,1,5.06,0,4,10,wallet
VCH_06076,31,1,1.0,2,1,2,29,0,6.24,1,2,10,cash_out
VCH_06077,0,1,1.0,2,0,1,29,0,5.27,0,1,5,wallet
VCH_06078,18,3,0.2143,0,4,5,1,1,15.37,4,1,9,cash_at_till
VCH_06079,30,0,1.0,2,5,6,1,1,6.8,0,1,4,wallet
VCH_06080,35,0,1.0,12,5,1,1,1,3.09,1,4,9,cash_out
VCH_06081,30,2,0.2143,8,0,4,28,0,3.25,3,1,6,merchant_payment
VCH_06082,48,1,1.0,1,2,3,3,1,16.96,1,2,10,cash_out
VCH_06083,32,2,0.2143,1,4,2,15,0,6.11,1,2,6,cash_out
VCH_06084,52,0,1.0,5,0,2,1,1,4.48,0,3,6,wallet
VCH_06085,43,4,1.0,10,1,2,2,1,1.81,2,4,7,bank_transfer
VCH_06086,44,1,1.0,3,2,1,1,1,4.48,3,1,9,merchant_payment
VCH_06087,9,2,0.2143,2,0,4,30,0,3.08,1,4,5,cash_out
VCH_06088,16,2,0.2143,4,2,6,30,0,9.23,0,7,14,wallet
VCH_06089,14,3,0.2143,10,4,5,29,0,5.89,3,1,8,merchant_payment
VCH_06090,7,4,1.0,5,4,5,30,0,1.96,2,2,8,bank_transfer
VCH_06091,12,1,1.0,6,1,1,1,1,7.93,1,3,10,cash_out
VCH_06092,50,2,0.2143,0,0,1,1,1,3.27,4,2,3,cash_at_till
VCH_06093,1,2,0.2143,10,1,0,28,0,6.05,3,0,10,merchant_payment
VCH_06094,31,3,0.2143,4,4,2,2,1,8.55,0,4,13,wallet
VCH_06095,13,4,1.0,2,2,6,1,1,4.18,4,2,2,cash_at_till
VCH_06096,21,1,1.0,11,3,2,2,1,3.91,2,4,5,bank_transfer
VCH_06097,50,2,0.2143,11,2,2,15,0,4.97,1,5,8,cash_out
VCH_06098,27,0,1.0,4,5,3,2,1,1.27,3,0,7,merchant_payment
VCH_06099,49,0,1.0,8,0,3,29,0,10.9,1,2,11,cash_out
VCH_06100,30,1,1.0,12,0,5,1,1,3.85,0,2,8,wallet
VCH_06101,49,3,0.2143,9,2,5,2,1,3.6,0,2,6,wallet
VCH_06102,41,1,1.0,0,4,4,1,1,3.93,1,2,4,cash_out
VCH_06103,38,0,1.0,9,3,5,3,1,2.68,2,3,5,bank_transfer
VCH_06104,38,1,1.0,0,2,2,28,0,5.17,2,3,10,bank_transfer
VCH_06105,31,1,1.0,6,5,1,2,1,3.88,2,3,5,bank_transfer
VCH_06106,58,3,0.2143,0,5,6,30,0,4.24,0,3,9,wallet
VCH_06107,50,0,1.0,1,4,2,2,1,2.55,2,6,3,bank_transfer
VCH_06108,26,2,0.2143,8,4,3,29,0,3.63,0,3,7,wallet
VCH_06109,22,2,0.2143,10,0,2,2,1,4.62,2,5,9,bank_transfer
VCH_06110,30,1,1.0,9,1,3,30,0,3.79,1,5,9,cash_out
VCH_06111,14,2,0.2143,6,2,4,15,0,5.86,2,4,15,bank_transfer
VCH_06112,2,2,0.2143,5,1,4,29,0,6.73,0,4,12,wallet
VCH_06113,22,2,0.2143,2,3,4,30,0,9.74,2,2,7,bank_transfer
VCH_06114,54,0,1.0,0,0,6,1,1,6.0,2,3,3,bank_transfer
VCH_06115,29,2,0.2143,0,0,6,15,0,5.29,3,3,7,merchant_payment
VCH_06116,16,4,1.0,8,3,5,30,0,1.86,1,3,9,cash_out
VCH_06117,11,4,1.0,11,2,1,3,1,2.34,3,3,8,merchant_payment
VCH_06118,35,3,0.2143,0,4,6,28,0,2.25,0,4,6,wallet
VCH_06119,0,2,0.2143,1,4,3,29,0,14.49,2,2,10,bank_transfer
VCH_06120,7,0,1.0,0,3,0,16,0,2.51,1,3,6,cash_out
VCH_06121,35,0,1.0,0,5,6,30,0,4.47,2,2,8,bank_transfer
VCH_06122,13,0,1.0,2,4,0,29,0,2.7,3,1,5,merchant_payment
VCH_06123,45,3,0.2143,4,2,4,29,0,4.19,1,2,11,cash_out
VCH_06124,19,2,0.2143,5,2,0,1,1,1.46,4,3,4,cash_at_till
VCH_06125,59,0,1.0,0,3,6,15,0,3.08,2,6,4,bank_transfer
VCH_06126,38,1,1.0,3,3,6,1,1,9.01,4,5,8,cash_at_till
VCH_06127,17,1,1.0,2,4,3,28,0,2.82,3,3,7,merchant_payment
VCH_06128,30,1,1.0,11,3,0,16,0,2.17,0,3,6,wallet
VCH_06129,11,2,0.2143,4,1,1,16,0,4.61,4,2,10,cash_at_till
VCH_06130,13,2,0.2143,9,1,3,1,1,1.51,2,4,4,bank_transfer
VCH_06131,32,2,0.2143,8,1,0,29,0,10.9,0,3,12,wallet
VCH_06132,15,0,1.0,4,0,1,2,1,7.75,0,4,8,wallet
VCH_06133,8,3,0.2143,1,2,4,29,0,8.82,1,5,13,cash_out
VCH_06134,28,2,0.2143,2,2,0,2,1,9.78,0,4,5,wallet
VCH_06135,25,0,1.0,5,0,0,1,1,4.84,0,1,8,wallet
VCH_06136,18,0,1.0,0,1,2,1,1,9.79,2,4,7,bank_transfer
VCH_06137,27,1,1.0,9,0,2,15,0,5.52,0,2,9,wallet
VCH_06138,52,0,1.0,0,5,6,16,0,11.31,4,2,9,cash_at_till
VCH_06139,7,2,0.2143,10,5,0,16,0,5.71,2,4,9,bank_transfer
VCH_06140,30,0,1.0,1,3,6,28,0,4.35,1,1,6,cash_out
VCH_06141,47,3,0.2143,12,4,2,30,0,3.21,1,0,7,cash_out
VCH_06142,3,4,1.0,9,2,2,2,1,9.94,0,1,10,wallet
VCH_06143,13,0,1.0,2,2,6,2,1,8.3,3,4,6,merchant_payment
VCH_06144,3,0,1.0,0,5,2,3,1,4.18,3,4,7,merchant_payment
VCH_06145,58,2,0.2143,4,5,5,3,1,3.52,3,5,7,merchant_payment
VCH_06146,15,0,1.0,5,2,5,1,1,2.64,0,1,4,wallet
VCH_06147,30,2,0.2143,0,2,6,3,1,8.07,2,8,5,bank_transfer
VCH_06148,46,3,0.2143,12,0,4,15,0,3.06,0,0,8,wallet
VCH_06149,46,4,1.0,2,2,2,29,0,16.07,2,3,11,bank_transfer
VCH_06150,21,0,1.0,10,5,2,29,0,5.01,1,0,8,cash_out
VCH_06151,25,0,1.0,0,4,4,1,1,2.99,3,3,2,merchant_payment
VCH_06152,43,0,1.0,2,1,6,1,1,2.95,0,3,1,wallet
VCH_06153,10,0,1.0,4,0,6,2,1,3.06,0,1,6,wallet
VCH_06154,53,2,0.2143,3,1,5,1,1,3.52,1,6,6,cash_out
VCH_06155,29,2,0.2143,1,1,4,2,1,5.14,2,2,3,bank_transfer
VCH_06156,31,1,1.0,5,0,0,30,0,2.4,3,2,6,merchant_payment
VCH_06157,1,0,1.0,7,5,5,30,0,8.78,1,2,10,cash_out
VCH_06158,36,3,0.2143,0,4,0,28,0,7.05,4,5,6,cash_at_till
VCH_06159,44,1,1.0,7,4,4,15,0,3.19,1,4,8,cash_out
VCH_06160,23,1,1.0,3,2,6,30,0,3.73,2,3,8,bank_transfer
VCH_06161,6,3,0.2143,2,4,0,1,1,4.2,3,4,3,merchant_payment
VCH_06162,40,1,1.0,9,1,0,3,1,3.64,0,6,5,wallet
VCH_06163,50,3,0.2143,10,5,0,3,1,4.37,4,3,5,cash_at_till
VCH_06164,48,0,1.0,4,1,6,1,1,4.85,2,7,6,bank_transfer
VCH_06165,1,2,0.2143,8,5,6,1,1,5.86,4,4,8,cash_at_till
VCH_06166,35,1,1.0,8,0,5,2,1,4.16,1,3,6,cash_out
VCH_06167,46,2,0.2143,6,5,1,3,1,2.1,2,1,7,bank_transfer
VCH_06168,47,1,1.0,8,0,1,3,1,7.03,3,6,7,merchant_payment
VCH_06169,9,1,1.0,12,3,6,16,0,3.21,1,3,8,cash_out
VCH_06170,5,0,1.0,1,1,1,1,1,4.76,3,2,5,merchant_payment
VCH_06171,55,0,1.0,1,5,2,3,1,3.92,1,1,8,cash_out
VCH_06172,8,3,0.2143,10,3,6,3,1,1.73,2,2,8,bank_transfer
VCH_06173,10,0,1.0,10,0,0,30,0,13.51,1,6,19,cash_out
VCH_06174,58,2,0.2143,2,2,3,2,1,2.61,2,2,4,bank_transfer
VCH_06175,25,2,0.2143,5,4,4,1,1,4.7,2,2,5,bank_transfer
VCH_06176,3,2,0.2143,7,5,4,1,1,5.64,3,5,9,merchant_payment
VCH_06177,50,0,1.0,0,0,4,30,0,6.9,3,4,6,merchant_payment
VCH_06178,41,2,0.2143,5,3,5,3,1,1.92,0,3,4,wallet
VCH_06179,20,3,0.2143,1,5,2,2,1,2.71,1,1,3,cash_out
VCH_06180,25,0,1.0,6,1,6,3,1,5.01,1,3,6,cash_out
VCH_06181,47,2,0.2143,8,4,5,1,1,3.86,3,2,5,merchant_payment
VCH_06182,43,0,1.0,5,3,0,29,0,5.04,1,2,8,cash_out
VCH_06183,22,4,1.0,0,4,1,15,0,9.7,1,4,9,cash_out
VCH_06184,29,4,1.0,13,3,3,1,1,11.58,1,3,11,cash_out
VCH_06185,37,4,1.0,0,0,0,2,1,2.53,1,4,2,cash_out
VCH_06186,40,1,1.0,6,5,3,1,1,2.79,1,2,5,cash_out
VCH_06187,33,1,1.0,1,0,5,28,0,4.63,3,1,5,merchant_payment
VCH_06188,16,1,1.0,4,1,3,30,0,3.65,4,2,8,cash_at_till
VCH_06189,3,0,1.0,6,5,0,28,0,2.41,3,4,9,merchant_payment
VCH_06190,7,2,0.2143,11,2,6,15,0,15.68,1,2,15,cash_out
VCH_06191,48,0,1.0,5,0,1,16,0,1.12,1,1,10,cash_out
VCH_06192,8,2,0.2143,4,5,0,1,1,3.68,2,6,6,bank_transfer
VCH_06193,11,0,1.0,0,3,3,30,0,2.67,0,3,5,wallet
VCH_06194,7,2,0.2143,13,4,3,29,0,6.03,1,3,8,cash_out
VCH_06195,57,2,0.2143,3,3,6,3,1,4.0,1,3,5,cash_out
VCH_06196,17,1,1.0,10,0,1,1,1,3.42,0,3,6,wallet
VCH_06197,21,1,1.0,13,0,6,2,1,2.78,0,2,4,wallet
VCH_06198,56,0,1.0,11,0,5,3,1,4.52,0,4,7,wallet
VCH_06199,57,2,0.2143,1,2,6,28,0,2.24,3,3,5,merchant_payment
VCH_06200,40,2,0.2143,5,2,4,29,0,5.41,0,2,14,wallet
VCH_06201,44,0,1.0,2,3,4,1,1,4.19,4,3,3,cash_at_till
VCH_06202,24,0,1.0,8,4,2,3,1,8.01,0,2,13,wallet
VCH_06203,30,0,1.0,8,5,3,1,1,11.42,4,4,11,cash_at_till
VCH_06204,49,1,1.0,3,3,1,16,0,3.61,2,7,7,bank_transfer
VCH_06205,50,2,0.2143,3,0,0,3,1,2.05,4,0,4,cash_at_till
VCH_06206,32,0,1.0,2,2,4,15,0,29.72,2,4,26,bank_transfer
VCH_06207,39,2,0.2143,13,2,5,1,1,2.72,1,2,5,cash_out
VCH_06208,53,2,0.2143,10,0,0,2,1,4.39,3,5,11,merchant_payment
VCH_06209,41,0,1.0,0,3,4,3,1,3.58,4,2,4,cash_at_till
VCH_06210,18,0,1.0,11,4,1,3,1,1.68,0,3,8,wallet
VCH_06211,33,2,0.2143,8,3,3,1,1,5.09,0,1,7,wallet
VCH_06212,33,0,1.0,10,5,3,1,1,10.53,4,4,11,cash_at_till
VCH_06213,27,2,0.2143,3,5,2,28,0,13.85,2,4,22,bank_transfer
VCH_06214,42,2,0.2143,9,2,0,1,1,3.31,0,2,7,wallet
VCH_06215,9,0,1.0,12,1,5,1,1,7.75,0,4,11,wallet
VCH_06216,22,0,1.0,3,3,0,1,1,2.94,0,3,6,wallet
VCH_06217,40,0,1.0,2,4,3,2,1,1.61,0,3,2,wallet
VCH_06218,57,1,1.0,3,5,1,1,1,2.41,2,2,5,bank_transfer
VCH_06219,21,2,0.2143,7,4,3,29,0,8.6,1,1,10,cash_out
VCH_06220,58,0,1.0,2,5,2,2,1,2.75,2,3,2,bank_transfer
VCH_06221,6,3,0.2143,10,4,0,16,0,7.45,3,0,11,merchant_payment
VCH_06222,13,1,1.0,8,1,5,28,0,1.55,2,3,7,bank_transfer
VCH_06223,52,0,1.0,11,5,0,3,1,7.88,0,5,14,wallet
VCH_06224,33,1,1.0,2,5,1,29,0,1.6,1,2,3,cash_out
VCH_06225,3,4,1.0,3,1,5,28,0,8.08,0,2,11,wallet
VCH_06226,48,2,0.2143,9,0,2,15,0,3.13,3,1,7,merchant_payment
VCH_06227,28,0,1.0,3,2,5,28,0,2.26,3,5,10,merchant_payment
VCH_06228,23,0,1.0,5,4,5,1,1,2.79,1,1,5,cash_out
VCH_06229,34,2,0.2143,5,0,3,30,0,4.63,1,4,8,cash_out
VCH_06230,31,0,1.0,13,1,6,2,1,5.41,1,0,6,cash_out
VCH_06231,19,0,1.0,0,3,5,29,0,2.45,2,3,7,bank_transfer
VCH_06232,58,2,0.2143,0,1,1,15,0,4.49,1,3,5,cash_out
VCH_06233,11,2,0.2143,6,0,3,1,1,7.79,1,2,8,cash_out
VCH_06234,12,2,0.2143,10,0,5,28,0,5.71,2,2,12,bank_transfer
VCH_06235,33,2,0.2143,6,5,5,28,0,8.96,1,2,17,cash_out
VCH_06236,28,0,1.0,4,0,2,1,1,4.37,3,3,6,merchant_payment
VCH_06237,58,0,1.0,0,4,5,28,0,1.74,1,3,5,cash_out
VCH_06238,29,0,1.0,0,3,6,29,0,3.99,0,2,5,wallet
VCH_06239,25,1,1.0,3,4,2,1,1,3.93,3,5,7,merchant_payment
VCH_06240,23,3,0.2143,4,0,1,1,1,2.5,0,2,6,wallet
VCH_06241,2,1,1.0,4,0,3,28,0,3.78,1,4,13,cash_out
VCH_06242,11,3,0.2143,1,1,3,2,1,9.25,0,5,7,wallet
VCH_06243,41,2,0.2143,0,4,5,1,1,5.03,3,6,4,merchant_payment
VCH_06244,31,4,1.0,5,5,0,15,0,3.66,3,2,7,merchant_payment
VCH_06245,13,3,0.2143,0,1,4,28,0,2.94,1,5,7,cash_out
VCH_06246,59,2,0.2143,4,2,6,30,0,3.37,3,4,7,merchant_payment
VCH_06247,7,0,1.0,4,4,2,1,1,4.56,1,4,5,cash_out
VCH_06248,45,0,1.0,5,3,1,2,1,11.26,2,3,9,bank_transfer
VCH_06249,32,0,1.0,0,3,3,28,0,6.4,3,3,7,merchant_payment
VCH_06250,31,0,1.0,5,1,6,3,1,3.78,0,2,7,wallet
VCH_06251,41,2,0.2143,11,2,0,1,1,7.25,0,1,8,wallet
VCH_06252,47,2,0.2143,4,0,4,2,1,9.18,0,2,10,wallet
VCH_06253,34,2,0.2143,7,5,2,1,1,2.63,2,9,4,bank_transfer
VCH_06254,5,1,1.0,2,2,6,1,1,3.03,3,2,12,merchant_payment
VCH_06255,12,2,0.2143,4,0,5,1,1,2.29,1,3,5,cash_out
VCH_06256,42,2,0.2143,3,5,6,2,1,6.02,0,1,15,wallet
VCH_06257,15,3,0.2143,2,3,3,2,1,4.82,1,3,4,cash_out
VCH_06258,1,0,1.0,9,4,4,1,1,4.7,1,2,7,cash_out
VCH_06259,32,2,0.2143,1,3,3,1,1,5.54,1,1,4,cash_out
VCH_06260,49,0,1.0,2,1,4,1,1,3.74,1,3,5,cash_out
VCH_06261,38,0,1.0,11,5,6,30,0,4.38,0,2,11,wallet
VCH_06262,34,0,1.0,0,5,6,15,0,2.81,2,3,3,bank_transfer
VCH_06263,0,3,0.2143,1,3,3,2,1,8.35,2,3,5,bank_transfer
VCH_06264,27,3,0.2143,13,1,4,16,0,4.37,0,1,10,wallet
VCH_06265,1,2,0.2143,3,3,3,29,0,4.79,1,6,8,cash_out
VCH_06266,34,0,1.0,13,4,3,2,1,2.2,4,3,4,cash_at_till
VCH_06267,6,1,1.0,5,5,6,1,1,7.15,4,4,8,cash_at_till
VCH_06268,43,0,1.0,0,5,1,29,0,2.74,0,1,4,wallet
VCH_06269,57,3,0.2143,1,3,5,16,0,3.78,2,6,7,bank_transfer
VCH_06270,32,0,1.0,0,3,1,1,1,3.96,3,4,3,merchant_payment
VCH_06271,41,2,0.2143,0,0,5,16,0,1.25,4,2,8,cash_at_till
VCH_06272,42,0,1.0,2,2,2,1,1,1.96,3,2,2,merchant_payment
VCH_06273,3,0,1.0,4,0,1,1,1,6.27,3,2,10,merchant_payment
VCH_06274,38,3,0.2143,9,0,1,15,0,3.44,0,1,12,wallet
VCH_06275,55,1,1.0,0,5,2,15,0,2.2,3,5,5,merchant_payment
VCH_06276,51,4,1.0,13,0,4,1,1,8.67,1,2,8,cash_out
VCH_06277,13,2,0.2143,1,2,0,3,1,1.42,2,0,2,bank_transfer
VCH_06278,45,0,1.0,7,5,1,15,0,3.6,0,3,7,wallet
VCH_06279,40,1,1.0,3,3,4,30,0,4.17,3,2,12,merchant_payment
VCH_06280,36,0,1.0,9,1,2,2,1,2.38,0,3,6,wallet
VCH_06281,18,0,1.0,4,2,1,3,1,1.91,2,4,8,bank_transfer
VCH_06282,1,0,1.0,0,5,6,1,1,8.78,1,2,10,cash_out
VCH_06283,20,4,1.0,0,5,6,2,1,15.18,0,3,9,wallet
VCH_06284,41,0,1.0,3,1,1,3,1,2.28,1,5,7,cash_out
VCH_06285,50,0,1.0,6,0,6,3,1,3.42,1,5,12,cash_out
VCH_06286,12,1,1.0,10,3,5,1,1,6.67,1,2,8,cash_out
VCH_06287,57,2,0.2143,4,3,4,1,1,2.87,1,2,13,cash_out
VCH_06288,46,0,1.0,0,0,6,29,0,6.53,0,1,6,wallet
VCH_06289,38,0,1.0,10,2,5,3,1,4.13,1,3,11,cash_out
VCH_06290,57,0,1.0,5,2,3,3,1,2.49,2,3,8,bank_transfer
VCH_06291,42,1,1.0,3,4,3,2,1,5.21,1,5,6,cash_out
VCH_06292,35,0,1.0,0,5,5,2,1,2.22,0,1,3,wallet
VCH_06293,21,1,1.0,4,3,1,30,0,2.43,0,0,8,wallet
VCH_06294,5,0,1.0,8,1,1,3,1,8.44,2,3,10,bank_transfer
VCH_06295,59,4,1.0,0,4,2,28,0,3.33,2,4,8,bank_transfer
VCH_06296,35,0,1.0,11,0,4,3,1,5.59,1,5,6,cash_out
VCH_06297,31,4,1.0,9,2,6,1,1,4.48,4,2,8,cash_at_till
VCH_06298,45,0,1.0,1,0,4,15,0,6.6,1,1,9,cash_out
VCH_06299,16,0,1.0,1,0,0,28,0,3.91,4,4,9,cash_at_till
VCH_06300,43,0,1.0,0,0,2,30,0,5.07,2,2,9,bank_transfer
VCH_06301,58,4,1.0,7,2,0,30,0,7.6,3,4,12,merchant_payment
VCH_06302,57,1,1.0,5,4,0,2,1,7.45,0,2,7,wallet
VCH_06303,5,0,1.0,0,4,1,1,1,5.39,3,5,6,merchant_payment
VCH_06304,48,2,0.2143,1,3,2,1,1,1.85,1,0,1,cash_out
VCH_06305,57,0,1.0,3,5,0,28,0,2.01,0,4,6,wallet
VCH_06306,54,4,1.0,0,4,3,3,1,4.12,3,1,5,merchant_payment
VCH_06307,17,4,1.0,1,0,4,1,1,2.57,0,2,4,wallet
VCH_06308,42,2,0.2143,0,0,3,30,0,4.83,3,3,4,merchant_payment
VCH_06309,13,1,1.0,0,3,1,28,0,5.38,0,1,5,wallet
VCH_06310,5,4,1.0,1,4,0,2,1,3.45,4,4,2,cash_at_till
VCH_06311,1,0,1.0,0,0,1,28,0,6.0,2,3,6,bank_transfer
VCH_06312,9,2,0.2143,0,0,2,3,1,12.1,2,3,8,bank_transfer
VCH_06313,51,0,1.0,6,0,2,28,0,9.73,2,4,12,bank_transfer
VCH_06314,24,4,1.0,3,4,1,1,1,12.96,1,4,13,cash_out
VCH_06315,32,0,1.0,5,0,1,1,1,2.52,3,6,6,merchant_payment
VCH_06316,57,2,0.2143,3,0,4,29,0,3.51,3,2,7,merchant_payment
VCH_06317,17,2,0.2143,2,3,0,15,0,7.49,0,2,6,wallet
VCH_06318,37,2,0.2143,12,0,3,30,0,3.79,0,3,7,wallet
VCH_06319,31,3,0.2143,8,2,6,15,0,2.68,0,2,8,wallet
VCH_06320,35,1,1.0,1,4,0,1,1,1.96,2,2,6,bank_transfer
VCH_06321,31,0,1.0,5,3,5,1,1,1.86,3,2,5,merchant_payment
VCH_06322,0,1,1.0,6,1,0,28,0,2.2,1,5,7,cash_out
VCH_06323,40,2,0.2143,4,4,0,1,1,3.07,0,3,5,wallet
VCH_06324,21,1,1.0,10,4,3,29,0,6.43,0,2,11,wallet
VCH_06325,26,3,0.2143,5,0,4,2,1,2.69,2,3,9,bank_transfer
VCH_06326,32,2,0.2143,4,4,1,2,1,3.74,4,4,9,cash_at_till
VCH_06327,42,1,1.0,2,4,5,15,0,7.34,0,2,8,wallet
VCH_06328,6,2,0.2143,0,3,4,2,1,6.78,1,3,6,cash_out
VCH_06329,35,2,0.2143,5,1,3,1,1,5.4,0,2,8,wallet
VCH_06330,32,1,1.0,9,0,5,1,1,5.71,3,3,8,merchant_payment
VCH_06331,58,3,0.2143,3,3,5,1,1,11.0,0,3,9,wallet
VCH_06332,1,1,1.0,2,5,4,2,1,3.13,3,2,2,merchant_payment
VCH_06333,58,2,0.2143,11,4,3,15,0,3.17,3,5,8,merchant_payment
VCH_06334,16,4,1.0,4,5,5,1,1,2.67,1,5,5,cash_out
VCH_06335,19,0,1.0,12,3,1,29,0,4.98,3,4,8,merchant_payment
VCH_06336,26,0,1.0,1,1,2,30,0,1.39,0,1,3,wallet
VCH_06337,3,2,0.2143,4,0,3,1,1,4.72,1,1,7,cash_out
VCH_06338,16,2,0.2143,0,4,5,2,1,2.2,3,1,5,merchant_payment
VCH_06339,23,4,1.0,0,2,5,2,1,1.0,3,0,1,merchant_payment
VCH_06340,2,0,1.0,3,2,2,30,0,9.95,3,0,11,merchant_payment
VCH_06341,29,0,1.0,0,3,2,1,1,2.0,1,3,2,cash_out
VCH_06342,56,1,1.0,3,1,4,30,0,6.44,2,0,13,bank_transfer
VCH_06343,41,4,1.0,12,1,0,3,1,5.13,0,0,9,wallet
VCH_06344,48,1,1.0,13,3,6,30,0,1.69,0,0,6,wallet
VCH_06345,54,2,0.2143,1,5,0,1,1,1.91,1,2,1,cash_out
VCH_06346,53,0,1.0,4,3,6,3,1,1.58,1,3,4,cash_out
VCH_06347,31,2,0.2143,12,4,1,1,1,3.17,1,3,8,cash_out
VCH_06348,22,0,1.0,2,3,1,1,1,15.83,0,3,9,wallet
VCH_06349,3,2,0.2143,7,2,6,1,1,5.37,3,2,12,merchant_payment
VCH_06350,35,1,1.0,7,3,1,28,0,7.88,3,5,12,merchant_payment
VCH_06351,54,0,1.0,13,3,5,2,1,7.74,2,5,8,bank_transfer
VCH_06352,5,1,1.0,3,3,4,29,0,3.06,3,0,8,merchant_payment
VCH_06353,56,0,1.0,3,3,5,28,0,13.06,2,4,13,bank_transfer
VCH_06354,44,2,0.2143,5,1,2,1,1,6.18,1,0,7,cash_out
VCH_06355,51,0,1.0,0,2,1,15,0,3.72,3,2,10,merchant_payment
VCH_06356,29,4,1.0,2,0,4,2,1,6.34,2,1,6,bank_transfer
VCH_06357,12,0,1.0,3,1,3,2,1,8.65,0,3,8,wallet
VCH_06358,27,4,1.0,13,1,1,29,0,7.24,2,5,14,bank_transfer
VCH_06359,49,0,1.0,0,0,0,15,0,5.85,3,3,7,merchant_payment
VCH_06360,34,4,1.0,0,5,4,1,1,5.47,2,1,6,bank_transfer
VCH_06361,32,0,1.0,13,2,6,1,1,5.56,0,4,7,wallet
VCH_06362,0,4,1.0,13,3,0,29,0,3.3,1,3,9,cash_out
VCH_06363,34,2,0.2143,2,1,5,15,0,2.91,4,2,4,cash_at_till
VCH_06364,48,2,0.2143,0,4,2,1,1,10.61,2,4,7,bank_transfer
VCH_06365,34,0,1.0,7,4,4,1,1,1.58,0,3,19,wallet
VCH_06366,27,0,1.0,13,0,2,29,0,4.01,1,6,8,cash_out
VCH_06367,57,2,0.2143,11,1,6,2,1,2.78,3,1,6,merchant_payment
VCH_06368,41,0,1.0,8,1,0,2,1,4.53,0,0,6,wallet
VCH_06369,9,2,0.2143,3,2,5,3,1,4.27,3,1,7,merchant_payment
VCH_06370,38,0,1.0,2,2,3,30,0,8.06,2,5,7,bank_transfer
VCH_06371,2,0,1.0,10,3,1,3,1,4.52,3,4,7,merchant_payment
VCH_06372,6,0,1.0,5,3,0,28,0,7.91,2,3,10,bank_transfer
VCH_06373,53,0,1.0,4,2,1,1,1,4.93,0,2,8,wallet
VCH_06374,31,1,1.0,4,0,3,28,0,3.18,0,4,7,wallet
VCH_06375,32,3,0.2143,2,1,3,1,1,2.72,1,5,4,cash_out
VCH_06376,17,0,1.0,13,1,4,29,0,8.05,0,2,10,wallet
VCH_06377,44,0,1.0,13,1,6,1,1,8.44,0,6,11,wallet
VCH_06378,9,3,0.2143,1,1,4,1,1,3.78,3,3,2,merchant_payment
VCH_06379,49,1,1.0,13,2,3,30,0,2.68,3,2,8,merchant_payment
VCH_06380,56,1,1.0,0,3,2,3,1,3.63,1,2,2,cash_out
VCH_06381,25,1,1.0,0,1,2,15,0,7.11,1,2,7,cash_out
VCH_06382,39,1,1.0,13,2,3,1,1,9.92,0,4,12,wallet
VCH_06383,56,3,0.2143,0,3,1,28,0,8.77,4,2,11,cash_at_till
VCH_06384,52,2,0.2143,13,0,5,2,1,7.55,3,0,11,merchant_payment
VCH_06385,11,4,1.0,3,4,4,2,1,5.66,3,5,8,merchant_payment
VCH_06386,48,0,1.0,3,4,2,15,0,6.18,2,4,12,bank_transfer
VCH_06387,16,4,1.0,7,2,0,3,1,3.13,3,1,5,merchant_payment
VCH_06388,44,3,0.2143,13,2,0,1,1,4.02,1,2,6,cash_out
VCH_06389,30,0,1.0,9,0,1,29,0,2.52,1,1,7,cash_out
VCH_06390,13,0,1.0,2,5,1,15,0,4.97,2,6,5,bank_transfer
VCH_06391,0,0,1.0,4,0,6,15,0,3.87,2,2,8,bank_transfer
VCH_06392,45,0,1.0,4,1,0,1,1,2.7,1,3,9,cash_out
VCH_06393,0,4,1.0,0,5,2,2,1,2.33,0,3,1,wallet
VCH_06394,22,4,1.0,7,0,3,29,0,3.08,1,7,7,cash_out
VCH_06395,16,2,0.2143,12,4,1,28,0,4.04,0,2,8,wallet
VCH_06396,38,0,1.0,1,5,2,2,1,10.95,0,1,7,wallet
VCH_06397,24,4,1.0,0,2,0,1,1,10.36,3,4,10,merchant_payment
VCH_06398,23,0,1.0,1,2,1,3,1,6.99,2,2,7,bank_transfer
VCH_06399,54,1,1.0,1,4,0,28,0,2.55,1,0,7,cash_out
VCH_06400,55,0,1.0,2,2,6,29,0,1.51,0,1,6,wallet
VCH_06401,5,0,1.0,12,0,6,2,1,1.57,3,1,13,merchant_payment
VCH_06402,19,4,1.0,3,2,0,1,1,13.98,0,1,11,wallet
VCH_06403,34,1,1.0,2,4,0,1,1,8.32,0,3,6,wallet
VCH_06404,37,0,1.0,3,2,4,16,0,8.56,1,4,12,cash_out
VCH_06405,46,0,1.0,7,4,5,1,1,1.39,0,4,5,wallet
VCH_06406,16,0,1.0,9,3,3,1,1,1.66,2,1,4,bank_transfer
VCH_06407,11,0,1.0,8,4,2,30,0,9.2,0,3,14,wallet
VCH_06408,12,1,1.0,2,3,2,28,0,1.34,1,2,5,cash_out
VCH_06409,17,1,1.0,2,2,6,28,0,4.72,0,2,5,wallet
VCH_06410,3,2,0.2143,10,2,4,1,1,5.41,0,6,13,wallet
VCH_06411,14,0,1.0,0,5,1,1,1,4.48,1,3,3,cash_out
VCH_06412,50,0,1.0,2,3,0,30,0,8.33,0,3,8,wallet
VCH_06413,22,1,1.0,13,0,5,28,0,2.28,4,2,6,cash_at_till
VCH_06414,12,0,1.0,5,3,3,16,0,6.66,2,4,10,bank_transfer
VCH_06415,28,0,1.0,1,1,3,30,0,9.71,1,3,9,cash_out
VCH_06416,8,2,0.2143,3,4,3,3,1,4.53,3,4,9,merchant_payment
VCH_06417,39,1,1.0,0,4,2,30,0,6.63,1,2,8,cash_out
VCH_06418,45,4,1.0,11,2,2,1,1,5.39,0,2,6,wallet
VCH_06419,40,1,1.0,0,3,2,1,1,5.42,3,1,6,merchant_payment
VCH_06420,19,0,1.0,7,4,6,2,1,3.01,0,0,4,wallet
VCH_06421,12,2,0.2143,4,1,0,15,0,9.94,0,7,11,wallet
VCH_06422,30,4,1.0,6,1,4,3,1,3.4,1,2,7,cash_out
VCH_06423,52,0,1.0,5,4,1,3,1,6.0,1,1,6,cash_out
VCH_06424,7,0,1.0,2,4,6,28,0,17.85,3,1,13,merchant_payment
VCH_06425,35,0,1.0,1,4,4,1,1,3.6,4,1,4,cash_at_till
VCH_06426,13,2,0.2143,13,2,0,3,1,19.67,0,4,15,wallet
VCH_06427,45,0,1.0,0,5,4,16,0,3.27,1,3,5,cash_out
VCH_06428,22,0,1.0,6,4,6,1,1,3.84,0,8,7,wallet
VCH_06429,15,0,1.0,2,4,3,1,1,2.76,1,5,1,cash_out
VCH_06430,49,1,1.0,0,5,6,15,0,2.63,1,3,3,cash_out
VCH_06431,2,2,0.2143,1,2,1,30,0,4.54,4,2,10,cash_at_till
VCH_06432,40,2,0.2143,2,4,2,30,0,5.11,1,1,5,cash_out
VCH_06433,36,4,1.0,1,1,4,1,1,4.91,3,3,5,merchant_payment
VCH_06434,56,4,1.0,7,0,3,3,1,3.56,1,3,6,cash_out
VCH_06435,32,0,1.0,3,4,4,29,0,3.5,1,0,13,cash_out
VCH_06436,50,1,1.0,2,4,2,28,0,2.08,3,3,4,merchant_payment
VCH_06437,22,4,1.0,9,0,6,1,1,4.78,3,3,10,merchant_payment
VCH_06438,1,0,1.0,3,5,1,3,1,9.67,3,1,9,merchant_payment
VCH_06439,51,4,1.0,2,1,3,1,1,3.54,4,3,2,cash_at_till
VCH_06440,46,1,1.0,12,1,2,28,0,1.34,1,0,6,cash_out
VCH_06441,30,2,0.2143,8,3,1,1,1,7.65,2,4,10,bank_transfer
VCH_06442,10,2,0.2143,12,2,4,28,0,9.31,4,4,10,cash_at_till
VCH_06443,19,2,0.2143,5,5,6,3,1,7.97,0,3,9,wallet
VCH_06444,11,1,1.0,3,1,6,2,1,3.2,1,0,7,cash_out
VCH_06445,39,2,0.2143,11,0,4,1,1,16.72,0,3,20,wallet
VCH_06446,17,2,0.2143,3,2,3,1,1,6.67,1,6,9,cash_out
VCH_06447,8,1,1.0,10,5,2,1,1,8.03,0,1,9,wallet
VCH_06448,5,3,0.2143,0,4,5,3,1,3.49,1,3,5,cash_out
VCH_06449,22,3,0.2143,2,2,3,28,0,3.27,1,7,4,cash_out
VCH_06450,41,1,1.0,3,5,2,15,0,3.26,3,4,11,merchant_payment
VCH_06451,7,0,1.0,4,5,2,29,0,1.67,1,3,6,cash_out
VCH_06452,5,1,1.0,4,4,0,1,1,2.89,2,1,9,bank_transfer
VCH_06453,52,1,1.0,2,1,1,1,1,3.29,4,1,2,cash_at_till
VCH_06454,17,0,1.0,0,5,1,1,1,2.75,1,3,8,cash_out
VCH_06455,5,0,1.0,0,0,6,1,1,6.04,3,1,5,merchant_payment
VCH_06456,45,2,0.2143,5,2,3,15,0,1.61,0,1,10,wallet
VCH_06457,9,0,1.0,6,1,2,1,1,6.24,2,3,10,bank_transfer
VCH_06458,49,0,1.0,5,5,0,16,0,3.03,2,3,15,bank_transfer
VCH_06459,34,0,1.0,4,4,5,15,0,2.9,2,4,8,bank_transfer
VCH_06460,17,2,0.2143,0,5,1,30,0,5.73,3,2,5,merchant_payment
VCH_06461,12,1,1.0,6,1,2,1,1,1.31,2,2,8,bank_transfer
VCH_06462,44,0,1.0,5,4,0,3,1,3.67,0,3,5,wallet
VCH_06463,32,2,0.2143,3,4,4,1,1,21.33,1,1,19,cash_out
VCH_06464,22,1,1.0,3,3,5,15,0,8.95,2,2,12,bank_transfer
VCH_06465,12,1,1.0,8,2,3,1,1,9.53,1,4,14,cash_out
VCH_06466,41,0,1.0,4,5,3,3,1,2.47,3,1,6,merchant_payment
VCH_06467,43,0,1.0,1,4,5,1,1,8.0,2,1,5,bank_transfer
VCH_06468,22,1,1.0,7,3,5,16,0,6.75,1,6,9,cash_out
VCH_06469,13,3,0.2143,0,3,2,16,0,3.85,1,4,9,cash_out
VCH_06470,48,0,1.0,8,3,1,2,1,2.67,3,3,10,merchant_payment
VCH_06471,21,4,1.0,4,2,4,30,0,4.02,2,4,8,bank_transfer
VCH_06472,12,0,1.0,10,0,1,28,0,2.05,3,2,7,merchant_payment
VCH_06473,34,3,0.2143,6,5,6,2,1,2.22,0,1,4,wallet
VCH_06474,33,3,0.2143,0,5,2,15,0,8.02,0,6,7,wallet
VCH_06475,51,3,0.2143,4,5,0,2,1,4.92,0,4,6,wallet
VCH_06476,9,2,0.2143,1,2,5,29,0,7.59,3,4,8,merchant_payment
VCH_06477,44,0,1.0,5,2,0,3,1,4.46,1,3,6,cash_out
VCH_06478,46,0,1.0,3,2,5,1,1,6.7,0,2,9,wallet
VCH_06479,45,0,1.0,3,2,4,29,0,3.32,1,4,7,cash_out
VCH_06480,3,0,1.0,2,4,5,1,1,4.2,0,5,3,wallet
VCH_06481,22,3,0.2143,13,3,3,15,0,2.4,3,3,8,merchant_payment
VCH_06482,51,0,1.0,0,4,6,28,0,1.8,1,1,4,cash_out
VCH_06483,56,1,1.0,8,3,1,1,1,2.99,0,4,7,wallet
VCH_06484,41,0,1.0,0,0,1,30,0,2.74,0,4,3,wallet
VCH_06485,51,0,1.0,5,3,4,1,1,2.01,1,6,4,cash_out
VCH_06486,41,2,0.2143,1,3,2,1,1,2.41,0,2,4,wallet
VCH_06487,21,1,1.0,3,4,5,1,1,7.17,4,5,10,cash_at_till
VCH_06488,25,0,1.0,12,5,6,30,0,2.79,2,4,6,bank_transfer
VCH_06489,18,3,0.2143,1,5,5,30,0,4.49,1,1,11,cash_out
VCH_06490,0,2,0.2143,6,2,4,16,0,8.83,3,2,11,merchant_payment
VCH_06491,30,1,1.0,1,2,1,30,0,4.7,0,4,5,wallet
VCH_06492,14,4,1.0,6,0,3,2,1,16.36,4,3,13,cash_at_till
VCH_06493,41,0,1.0,1,3,1,3,1,5.16,3,1,4,merchant_payment
VCH_06494,45,0,1.0,12,3,4,16,0,1.88,2,1,7,bank_transfer
VCH_06495,32,1,1.0,4,4,6,1,1,5.73,1,3,8,cash_out
VCH_06496,6,2,0.2143,1,0,4,1,1,2.02,2,5,6,bank_transfer
VCH_06497,5,2,0.2143,6,4,5,3,1,3.13,0,1,5,wallet
VCH_06498,21,2,0.2143,13,2,5,29,0,4.23,1,2,8,cash_out
VCH_06499,48,3,0.2143,1,5,6,3,1,2.52,1,6,1,cash_out
VCH_06500,33,1,1.0,0,4,0,3,1,5.09,4,4,3,cash_at_till
VCH_06501,57,2,0.2143,0,2,0,2,1,8.08,1,4,8,cash_out
VCH_06502,40,2,0.2143,12,4,6,1,1,2.47,0,1,5,wallet
VCH_06503,36,2,0.2143,2,0,4,3,1,2.27,2,6,6,bank_transfer
VCH_06504,35,0,1.0,8,2,3,29,0,6.28,0,2,8,wallet
VCH_06505,22,1,1.0,3,2,3,29,0,8.1,1,4,10,cash_out
VCH_06506,43,3,0.2143,0,2,4,30,0,6.57,0,0,9,wallet
VCH_06507,17,4,1.0,0,2,3,29,0,1.0,0,1,4,wallet
VCH_06508,25,0,1.0,0,4,0,15,0,4.16,2,3,5,bank_transfer
VCH_06509,3,1,1.0,8,1,2,1,1,3.9,0,3,6,wallet
VCH_06510,2,4,1.0,12,1,5,30,0,5.72,2,3,9,bank_transfer
VCH_06511,43,2,0.2143,0,5,1,16,0,7.73,3,3,6,merchant_payment
VCH_06512,58,3,0.2143,0,1,5,29,0,10.1,0,2,9,wallet
VCH_06513,38,1,1.0,1,1,4,1,1,5.86,1,3,3,cash_out
VCH_06514,29,4,1.0,7,1,3,1,1,6.08,3,5,12,merchant_payment
VCH_06515,33,4,1.0,10,2,4,1,1,1.37,3,3,7,merchant_payment
VCH_06516,52,3,0.2143,1,4,5,28,0,11.92,2,1,9,bank_transfer
VCH_06517,18,1,1.0,11,4,5,28,0,7.66,0,1,10,wallet
VCH_06518,31,2,0.2143,5,0,2,15,0,2.04,0,5,6,wallet
VCH_06519,35,4,1.0,7,2,5,1,1,7.39,3,2,7,merchant_payment
VCH_06520,10,2,0.2143,0,2,0,16,0,1.93,4,6,3,cash_at_till
VCH_06521,27,2,0.2143,2,5,0,1,1,3.82,1,1,2,cash_out
VCH_06522,5,0,1.0,13,3,1,1,1,11.5,1,2,11,cash_out
VCH_06523,50,3,0.2143,5,0,3,28,0,11.63,4,4,12,cash_at_till
VCH_06524,43,4,1.0,0,0,2,15,0,5.13,0,4,7,wallet
VCH_06525,57,0,1.0,11,4,3,29,0,8.74,3,3,10,merchant_payment
VCH_06526,48,0,1.0,0,5,1,15,0,3.83,2,2,9,bank_transfer
VCH_06527,35,1,1.0,12,2,2,2,1,2.59,0,1,5,wallet
VCH_06528,43,4,1.0,13,1,5,28,0,4.48,1,3,9,cash_out
VCH_06529,35,2,0.2143,0,5,4,28,0,3.31,4,1,6,cash_at_till
VCH_06530,31,4,1.0,10,5,0,3,1,6.64,1,3,7,cash_out
VCH_06531,11,1,1.0,0,5,1,15,0,3.12,2,1,4,bank_transfer
VCH_06532,57,4,1.0,9,4,2,3,1,1.8,2,2,4,bank_transfer
VCH_06533,59,2,0.2143,5,4,5,3,1,2.79,0,0,4,wallet
VCH_06534,20,2,0.2143,2,4,6,1,1,3.79,0,3,3,wallet
VCH_06535,50,0,1.0,8,2,3,1,1,7.74,3,2,8,merchant_payment
VCH_06536,32,3,0.2143,6,4,6,16,0,10.09,0,3,11,wallet
VCH_06537,15,0,1.0,6,2,6,30,0,6.5,0,0,9,wallet
VCH_06538,3,0,1.0,3,5,3,28,0,1.7,3,0,6,merchant_payment
VCH_06539,30,2,0.2143,9,1,6,30,0,5.32,3,4,9,merchant_payment
VCH_06540,30,4,1.0,6,5,5,16,0,3.6,1,3,8,cash_out
VCH_06541,40,0,1.0,0,2,6,2,1,1.98,2,6,3,bank_transfer
VCH_06542,38,3,0.2143,3,3,3,1,1,4.54,4,4,7,cash_at_till
VCH_06543,22,1,1.0,13,0,4,15,0,4.72,0,9,12,wallet
VCH_06544,39,0,1.0,3,5,0,30,0,8.71,3,4,11,merchant_payment
VCH_06545,28,0,1.0,2,5,6,1,1,4.15,2,1,4,bank_transfer
VCH_06546,8,2,0.2143,0,3,1,1,1,6.33,0,1,4,wallet
VCH_06547,11,2,0.2143,9,5,1,1,1,7.82,3,4,16,merchant_payment
VCH_06548,38,0,1.0,2,4,0,3,1,1.63,4,3,2,cash_at_till
VCH_06549,24,0,1.0,3,2,3,28,0,7.4,1,5,10,cash_out
VCH_06550,33,2,0.2143,0,5,6,1,1,2.18,2,3,2,bank_transfer
VCH_06551,34,1,1.0,4,4,5,1,1,9.16,0,1,8,wallet
VCH_06552,51,1,1.0,4,3,1,30,0,12.96,0,3,16,wallet
VCH_06553,59,4,1.0,3,3,4,28,0,7.22,0,4,12,wallet
VCH_06554,59,3,0.2143,5,1,0,1,1,4.15,3,4,7,merchant_payment
VCH_06555,21,0,1.0,1,1,4,15,0,6.2,2,2,8,bank_transfer
VCH_06556,7,3,0.2143,7,1,6,29,0,6.58,4,1,9,cash_at_till
VCH_06557,53,0,1.0,1,1,3,28,0,4.27,0,4,5,wallet
VCH_06558,52,0,1.0,8,5,6,1,1,4.71,2,4,10,bank_transfer
VCH_06559,20,0,1.0,4,5,0,16,0,2.13,1,0,6,cash_out
VCH_06560,58,2,0.2143,2,3,1,28,0,6.08,1,5,6,cash_out
VCH_06561,57,1,1.0,12,1,3,16,0,3.26,0,3,8,wallet
VCH_06562,27,3,0.2143,5,3,0,1,1,3.07,3,3,4,merchant_payment
VCH_06563,45,3,0.2143,12,5,6,2,1,6.91,2,4,7,bank_transfer
VCH_06564,58,2,0.2143,3,2,0,1,1,5.28,3,5,9,merchant_payment
VCH_06565,16,1,1.0,0,4,4,1,1,7.72,1,0,4,cash_out
VCH_06566,40,2,0.2143,9,2,2,1,1,8.39,1,2,12,cash_out
VCH_06567,48,1,1.0,9,0,6,1,1,7.33,4,3,11,cash_at_till
VCH_06568,39,1,1.0,8,4,3,1,1,2.69,3,1,4,merchant_payment
VCH_06569,24,3,0.2143,2,5,1,2,1,5.88,3,2,3,merchant_payment
VCH_06570,6,1,1.0,2,4,3,29,0,1.91,1,1,4,cash_out
VCH_06571,46,4,1.0,6,3,2,15,0,2.72,3,1,12,merchant_payment
VCH_06572,31,0,1.0,4,3,5,3,1,4.87,0,0,6,wallet
VCH_06573,15,2,0.2143,0,2,6,3,1,3.63,0,4,4,wallet
VCH_06574,53,2,0.2143,5,2,0,30,0,2.56,4,7,6,cash_at_till
VCH_06575,28,2,0.2143,6,3,5,2,1,4.17,2,1,6,bank_transfer
VCH_06576,38,0,1.0,0,4,1,1,1,4.45,1,6,3,cash_out
VCH_06577,29,0,1.0,3,2,1,3,1,7.82,0,1,8,wallet
VCH_06578,29,0,1.0,4,0,4,29,0,4.16,1,4,13,cash_out
VCH_06579,31,0,1.0,1,4,5,28,0,5.98,0,3,6,wallet
VCH_06580,32,4,1.0,1,0,0,1,1,5.94,1,2,4,cash_out
VCH_06581,41,4,1.0,0,4,6,1,1,3.53,2,5,4,bank_transfer
VCH_06582,15,4,1.0,0,3,0,3,1,1.9,4,4,2,cash_at_till
VCH_06583,29,2,0.2143,1,4,4,1,1,6.38,0,3,4,wallet
VCH_06584,51,2,0.2143,6,4,2,30,0,3.43,0,2,8,wallet
VCH_06585,37,0,1.0,3,5,0,1,1,9.1,0,1,13,wallet
VCH_06586,43,2,0.2143,0,0,5,15,0,3.9,3,3,5,merchant_payment
VCH_06587,53,1,1.0,2,3,0,1,1,3.35,3,1,5,merchant_payment
VCH_06588,50,0,1.0,11,4,5,2,1,4.93,2,2,12,bank_transfer
VCH_06589,25,0,1.0,3,3,3,15,0,2.46,0,2,8,wallet
VCH_06590,13,4,1.0,4,0,2,30,0,3.98,2,3,12,bank_transfer
VCH_06591,33,3,0.2143,2,4,0,1,1,1.86,0,2,5,wallet
VCH_06592,6,1,1.0,1,3,6,3,1,1.02,1,6,1,cash_out
VCH_06593,44,2,0.2143,4,4,2,2,1,3.02,2,0,7,bank_transfer
VCH_06594,39,3,0.2143,13,5,0,30,0,2.78,1,3,6,cash_out
VCH_06595,39,0,1.0,0,3,4,15,0,3.8,4,1,5,cash_at_till
VCH_06596,8,3,0.2143,2,1,5,29,0,4.77,1,5,12,cash_out
VCH_06597,24,4,1.0,5,3,0,2,1,3.72,0,2,6,wallet
VCH_06598,44,1,1.0,1,5,1,2,1,5.13,3,5,6,merchant_payment
VCH_06599,45,2,0.2143,11,3,6,28,0,4.31,0,4,8,wallet
VCH_06600,51,2,0.2143,1,1,3,29,0,7.7,3,3,10,merchant_payment
VCH_06601,2,2,0.2143,10,2,0,3,1,4.61,4,2,6,cash_at_till
VCH_06602,35,0,1.0,6,4,6,1,1,10.71,0,2,9,wallet
VCH_06603,48,2,0.2143,10,2,6,1,1,11.64,2,7,12,bank_transfer
VCH_06604,41,1,1.0,12,5,4,1,1,2.93,0,4,12,wallet
VCH_06605,7,4,1.0,4,1,1,30,0,12.89,2,4,12,bank_transfer
VCH_06606,55,2,0.2143,10,1,1,1,1,7.69,3,4,8,merchant_payment
VCH_06607,14,2,0.2143,1,5,0,15,0,3.23,1,2,4,cash_out
VCH_06608,8,2,0.2143,4,4,4,29,0,16.23,2,2,16,bank_transfer
VCH_06609,44,2,0.2143,3,5,5,16,0,11.63,1,5,14,cash_out
VCH_06610,32,0,1.0,13,2,3,2,1,10.63,0,3,10,wallet
VCH_06611,50,1,1.0,10,0,1,2,1,9.34,1,5,11,cash_out
VCH_06612,25,4,1.0,6,3,2,30,0,3.78,1,4,10,cash_out
VCH_06613,15,2,0.2143,5,2,4,1,1,2.07,1,3,5,cash_out
VCH_06614,14,4,1.0,2,0,6,15,0,7.43,0,1,7,wallet
VCH_06615,52,0,1.0,2,5,5,15,0,11.21,4,3,10,cash_at_till
VCH_06616,39,0,1.0,0,4,1,1,1,9.36,3,7,7,merchant_payment
VCH_06617,26,2,0.2143,0,4,2,2,1,6.29,1,4,4,cash_out
VCH_06618,43,1,1.0,8,2,4,2,1,3.36,2,3,11,bank_transfer
VCH_06619,54,0,1.0,8,4,0,2,1,3.07,0,2,8,wallet
VCH_06620,42,2,0.2143,8,1,6,3,1,3.78,0,5,6,wallet
VCH_06621,24,2,0.2143,0,5,0,29,0,6.14,3,1,5,merchant_payment
VCH_06622,37,0,1.0,7,0,6,1,1,5.54,1,8,6,cash_out
VCH_06623,55,0,1.0,0,1,2,28,0,1.47,2,3,3,bank_transfer
VCH_06624,27,4,1.0,10,5,2,1,1,2.22,0,4,6,wallet
VCH_06625,33,0,1.0,5,1,5,28,0,5.89,3,3,10,merchant_payment
VCH_06626,7,2,0.2143,5,2,6,29,0,3.31,1,2,9,cash_out
VCH_06627,9,1,1.0,3,5,6,1,1,19.13,2,2,14,bank_transfer
VCH_06628,57,1,1.0,12,3,2,29,0,8.13,0,5,11,wallet
VCH_06629,1,4,1.0,5,3,6,3,1,10.1,3,3,14,merchant_payment
VCH_06630,52,0,1.0,7,0,0,29,0,5.78,1,1,8,cash_out
VCH_06631,3,2,0.2143,0,4,3,29,0,7.75,0,3,7,wallet
VCH_06632,26,2,0.2143,3,2,0,3,1,1.48,2,0,6,bank_transfer
VCH_06633,28,0,1.0,0,5,5,30,0,3.52,0,2,4,wallet
VCH_06634,58,2,0.2143,10,4,3,3,1,8.92,2,2,10,bank_transfer
VCH_06635,0,0,1.0,9,2,0,15,0,4.97,3,6,9,merchant_payment
VCH_06636,13,3,0.2143,10,5,0,16,0,7.0,2,1,11,bank_transfer
VCH_06637,2,0,1.0,3,3,1,2,1,5.2,0,2,6,wallet
VCH_06638,32,0,1.0,3,3,4,29,0,4.88,3,2,8,merchant_payment
VCH_06639,44,0,1.0,2,0,1,2,1,1.07,4,0,1,cash_at_till
VCH_06640,19,1,1.0,2,2,1,29,0,3.15,1,3,3,cash_out
VCH_06641,1,4,1.0,11,5,2,15,0,9.72,2,3,12,bank_transfer
VCH_06642,33,2,0.2143,7,2,5,28,0,2.11,3,3,7,merchant_payment
VCH_06643,54,2,0.2143,5,5,4,30,0,1.42,2,4,5,bank_transfer
VCH_06644,42,1,1.0,10,3,5,28,0,4.08,0,5,8,wallet
VCH_06645,39,3,0.2143,1,5,6,29,0,4.98,1,3,5,cash_out
VCH_06646,15,2,0.2143,4,4,5,15,0,7.13,4,4,9,cash_at_till
VCH_06647,29,3,0.2143,3,0,5,28,0,5.27,1,0,11,cash_out
VCH_06648,30,1,1.0,7,5,0,3,1,15.96,0,4,14,wallet
VCH_06649,17,2,0.2143,6,5,0,2,1,6.44,2,9,7,bank_transfer
VCH_06650,22,2,0.2143,9,3,0,28,0,4.63,0,2,8,wallet
VCH_06651,58,1,1.0,10,0,2,15,0,1.4,1,5,8,cash_out
VCH_06652,25,2,0.2143,3,2,1,1,1,5.22,1,4,6,cash_out
VCH_06653,37,2,0.2143,12,0,6,15,0,14.85,0,2,15,wallet
VCH_06654,51,2,0.2143,0,3,1,2,1,7.43,0,5,4,wallet
VCH_06655,15,2,0.2143,2,5,2,28,0,3.0,2,3,4,bank_transfer
VCH_06656,17,2,0.2143,0,0,5,1,1,2.28,0,2,6,wallet
VCH_06657,38,2,0.2143,3,4,6,30,0,4.85,1,3,10,cash_out
VCH_06658,36,2,0.2143,2,2,0,29,0,5.12,0,2,9,wallet
VCH_06659,6,0,1.0,8,2,1,3,1,5.09,2,5,11,bank_transfer
VCH_06660,48,2,0.2143,10,4,3,1,1,3.8,3,7,7,merchant_payment
VCH_06661,37,2,0.2143,8,4,4,2,1,3.76,0,0,5,wallet
VCH_06662,38,4,1.0,11,5,3,1,1,6.76,0,2,8,wallet
VCH_06663,34,0,1.0,10,4,3,1,1,3.02,1,6,6,cash_out
VCH_06664,45,2,0.2143,0,2,5,3,1,6.95,4,5,5,cash_at_till
VCH_06665,23,1,1.0,10,4,3,30,0,5.09,2,7,10,bank_transfer
VCH_06666,32,0,1.0,12,1,6,30,0,4.28,0,2,7,wallet
VCH_06667,37,0,1.0,3,5,4,15,0,2.66,2,2,6,bank_transfer
VCH_06668,19,3,0.2143,5,4,4,2,1,9.71,2,3,15,bank_transfer
VCH_06669,1,0,1.0,5,2,6,3,1,6.32,3,2,9,merchant_payment
VCH_06670,51,1,1.0,2,3,0,1,1,10.52,3,3,7,merchant_payment
VCH_06671,10,0,1.0,2,1,4,30,0,7.29,3,5,7,merchant_payment
VCH_06672,22,0,1.0,5,4,4,1,1,12.88,0,2,13,wallet
VCH_06673,51,0,1.0,13,1,4,29,0,3.88,3,3,9,merchant_payment
VCH_06674,22,4,1.0,11,5,4,3,1,5.53,1,4,7,cash_out
VCH_06675,27,4,1.0,5,5,6,15,0,6.43,0,1,9,wallet
VCH_06676,53,0,1.0,0,2,5,1,1,3.29,2,3,3,bank_transfer
VCH_06677,31,3,0.2143,1,2,0,28,0,3.01,1,2,7,cash_out
VCH_06678,3,0,1.0,2,0,0,28,0,3.19,2,2,3,bank_transfer
VCH_06679,33,1,1.0,8,1,3,1,1,8.68,4,4,10,cash_at_till
VCH_06680,14,0,1.0,1,1,5,15,0,4.94,1,3,10,cash_out
VCH_06681,10,1,1.0,6,5,2,16,0,5.11,0,1,8,wallet
VCH_06682,23,0,1.0,0,3,0,2,1,5.07,1,3,11,cash_out
VCH_06683,16,0,1.0,3,3,4,3,1,2.52,0,4,10,wallet
VCH_06684,52,2,0.2143,5,5,5,28,0,2.93,1,6,6,cash_out
VCH_06685,35,0,1.0,6,1,0,1,1,5.29,0,2,9,wallet
VCH_06686,52,0,1.0,12,3,5,28,0,3.98,1,1,7,cash_out
VCH_06687,55,0,1.0,13,1,0,1,1,4.79,0,3,7,wallet
VCH_06688,13,3,0.2143,2,1,3,1,1,9.05,1,3,5,cash_out
VCH_06689,30,1,1.0,12,0,5,15,0,4.57,2,1,14,bank_transfer
VCH_06690,12,3,0.2143,9,4,4,1,1,1.82,2,2,4,bank_transfer
VCH_06691,53,3,0.2143,6,5,0,29,0,6.41,0,1,9,wallet
VCH_06692,4,0,1.0,9,2,3,1,1,2.26,2,5,4,bank_transfer
VCH_06693,54,4,1.0,8,1,4,16,0,3.96,0,1,9,wallet
VCH_06694,59,1,1.0,10,2,6,29,0,5.11,1,4,13,cash_out
VCH_06695,17,1,1.0,2,5,5,30,0,1.46,3,2,3,merchant_payment
VCH_06696,42,2,0.2143,11,0,5,1,1,6.67,3,4,10,merchant_payment
VCH_06697,2,0,1.0,9,5,0,28,0,4.84,0,2,11,wallet
VCH_06698,2,0,1.0,9,3,3,3,1,3.06,1,2,7,cash_out
VCH_06699,30,1,1.0,2,4,0,29,0,2.34,1,2,3,cash_out
VCH_06700,52,2,0.2143,9,2,6,16,0,10.0,1,4,11,cash_out
VCH_06701,9,0,1.0,2,5,3,1,1,5.11,2,3,10,bank_transfer
VCH_06702,29,4,1.0,12,5,2,16,0,6.19,3,4,9,merchant_payment
VCH_06703,9,0,1.0,1,2,1,2,1,8.62,3,4,9,merchant_payment
VCH_06704,21,3,0.2143,2,0,1,30,0,3.84,1,3,6,cash_out
VCH_06705,26,3,0.2143,0,0,1,1,1,5.07,0,4,4,wallet
VCH_06706,9,1,1.0,0,4,1,2,1,12.59,3,4,11,merchant_payment
VCH_06707,43,2,0.2143,1,3,0,29,0,2.08,0,4,5,wallet
VCH_06708,51,4,1.0,0,3,5,1,1,5.82,2,2,4,bank_transfer
VCH_06709,8,1,1.0,0,0,1,15,0,6.75,0,3,9,wallet
VCH_06710,8,3,0.2143,1,2,5,1,1,2.66,3,4,4,merchant_payment
VCH_06711,22,3,0.2143,2,4,4,1,1,3.78,1,6,4,cash_out
VCH_06712,50,1,1.0,10,0,5,15,0,6.55,1,4,12,cash_out
VCH_06713,13,0,1.0,9,5,3,1,1,11.01,0,5,10,wallet
VCH_06714,32,0,1.0,13,5,5,28,0,3.36,0,3,8,wallet
VCH_06715,50,0,1.0,2,2,3,3,1,1.95,3,3,3,merchant_payment
VCH_06716,55,1,1.0,7,2,4,28,0,8.14,3,1,15,merchant_payment
VCH_06717,10,0,1.0,0,2,5,2,1,6.37,0,1,5,wallet
VCH_06718,51,0,1.0,0,0,2,15,0,3.02,1,4,3,cash_out
VCH_06719,47,0,1.0,4,3,3,1,1,12.2,0,4,12,wallet
VCH_06720,57,2,0.2143,1,5,0,30,0,1.65,0,1,3,wallet
VCH_06721,27,0,1.0,5,0,3,1,1,3.98,1,3,6,cash_out
VCH_06722,21,0,1.0,9,3,2,1,1,14.89,0,1,14,wallet
VCH_06723,19,2,0.2143,2,4,6,2,1,1.07,0,1,0,wallet
VCH_06724,5,2,0.2143,0,3,2,1,1,6.92,0,2,4,wallet
VCH_06725,28,0,1.0,1,1,0,3,1,12.32,1,1,10,cash_out
VCH_06726,50,2,0.2143,13,3,2,29,0,6.08,1,4,11,cash_out
VCH_06727,52,2,0.2143,2,1,1,2,1,2.26,2,4,1,bank_transfer
VCH_06728,26,0,1.0,6,4,6,1,1,5.82,2,4,6,bank_transfer
VCH_06729,51,0,1.0,2,3,2,1,1,5.42,3,3,4,merchant_payment
VCH_06730,35,0,1.0,1,1,4,1,1,8.52,0,0,8,wallet
VCH_06731,26,2,0.2143,0,3,1,15,0,3.46,1,7,4,cash_out
VCH_06732,17,2,0.2143,5,1,1,15,0,1.89,2,4,6,bank_transfer
VCH_06733,7,1,1.0,11,5,5,3,1,7.6,1,5,11,cash_out
VCH_06734,0,0,1.0,3,5,2,15,0,10.01,0,2,11,wallet
VCH_06735,19,3,0.2143,3,4,4,2,1,4.2,4,5,6,cash_at_till
VCH_06736,38,0,1.0,4,2,5,2,1,4.33,3,4,5,merchant_payment
VCH_06737,16,2,0.2143,12,0,3,1,1,3.05,3,1,9,merchant_payment
VCH_06738,49,4,1.0,4,2,2,15,0,6.42,4,4,9,cash_at_till
VCH_06739,58,3,0.2143,1,2,2,30,0,3.47,1,1,4,cash_out
VCH_06740,57,4,1.0,8,0,4,15,0,2.64,1,3,8,cash_out
VCH_06741,53,2,0.2143,0,3,5,3,1,3.58,1,0,3,cash_out
VCH_06742,22,1,1.0,3,3,0,29,0,2.3,0,3,7,wallet
VCH_06743,48,0,1.0,2,3,0,28,0,6.49,1,6,6,cash_out
VCH_06744,53,3,0.2143,2,5,5,2,1,9.5,2,5,11,bank_transfer
VCH_06745,1,2,0.2143,4,5,6,15,0,7.69,0,1,13,wallet
VCH_06746,14,0,1.0,3,5,0,1,1,2.2,0,3,4,wallet
VCH_06747,19,2,0.2143,11,1,3,15,0,3.94,4,3,7,cash_at_till
VCH_06748,57,3,0.2143,1,0,1,1,1,4.46,1,3,7,cash_out
VCH_06749,43,0,1.0,7,2,1,30,0,12.63,0,3,18,wallet
VCH_06750,11,2,0.2143,0,4,4,1,1,4.94,1,3,4,cash_out
VCH_06751,17,1,1.0,1,0,1,2,1,5.66,0,0,5,wallet
VCH_06752,33,0,1.0,6,4,6,1,1,5.23,2,9,7,bank_transfer
VCH_06753,59,3,0.2143,0,1,4,3,1,4.78,0,2,3,wallet
VCH_06754,57,2,0.2143,2,0,2,2,1,4.15,3,3,4,merchant_payment
VCH_06755,17,3,0.2143,6,4,2,1,1,2.73,0,3,6,wallet
VCH_06756,29,1,1.0,0,4,4,29,0,3.22,1,4,5,cash_out
VCH_06757,1,2,0.2143,3,5,0,2,1,1.82,1,3,4,cash_out
VCH_06758,34,2,0.2143,13,5,1,1,1,5.27,4,3,8,cash_at_till
VCH_06759,50,1,1.0,5,5,4,1,1,20.63,0,3,17,wallet
VCH_06760,27,1,1.0,0,5,2,15,0,7.89,0,5,7,wallet
VCH_06761,26,1,1.0,2,4,6,1,1,3.14,2,3,3,bank_transfer
VCH_06762,15,1,1.0,8,1,3,1,1,5.58,0,2,6,wallet
VCH_06763,30,3,0.2143,0,4,0,30,0,2.29,0,4,4,wallet
VCH_06764,56,0,1.0,9,1,3,3,1,1.96,1,2,7,cash_out
VCH_06765,21,0,1.0,4,0,3,15,0,7.27,2,1,11,bank_transfer
VCH_06766,55,2,0.2143,4,5,3,2,1,2.95,4,1,6,cash_at_till
VCH_06767,57,2,0.2143,12,1,1,16,0,5.09,0,4,15,wallet
VCH_06768,59,0,1.0,8,2,2,28,0,2.65,3,2,9,merchant_payment
VCH_06769,51,3,0.2143,4,5,0,29,0,9.08,1,4,12,cash_out
VCH_06770,24,2,0.2143,3,0,1,28,0,3.29,1,3,9,cash_out
VCH_06771,7,1,1.0,9,2,5,1,1,4.09,2,1,9,bank_transfer
VCH_06772,40,0,1.0,1,2,2,28,0,2.53,1,4,5,cash_out
VCH_06773,16,0,1.0,3,1,1,28,0,4.59,1,2,8,cash_out
VCH_06774,4,2,0.2143,2,5,4,30,0,6.19,0,2,10,wallet
VCH_06775,53,0,1.0,3,0,3,30,0,5.07,2,2,8,bank_transfer
VCH_06776,35,0,1.0,0,3,4,2,1,7.51,4,2,5,cash_at_till
VCH_06777,45,0,1.0,0,5,1,29,0,4.7,2,3,6,bank_transfer
VCH_06778,40,3,0.2143,6,5,1,1,1,1.15,1,5,5,cash_out
VCH_06779,58,2,0.2143,0,2,4,28,0,5.58,1,4,9,cash_out
VCH_06780,13,2,0.2143,1,2,6,30,0,2.7,1,1,4,cash_out
VCH_06781,5,4,1.0,1,2,6,2,1,3.72,4,6,2,cash_at_till
VCH_06782,40,3,0.2143,0,3,6,15,0,25.22,3,2,17,merchant_payment
VCH_06783,58,3,0.2143,7,4,1,2,1,7.98,0,6,11,wallet
VCH_06784,46,3,0.2143,3,3,5,2,1,3.6,3,3,14,merchant_payment
VCH_06785,19,0,1.0,2,0,1,1,1,6.8,3,1,6,merchant_payment
VCH_06786,33,3,0.2143,1,2,2,29,0,2.77,1,7,4,cash_out
VCH_06787,52,0,1.0,5,4,4,2,1,2.63,4,1,7,cash_at_till
VCH_06788,51,1,1.0,6,1,5,15,0,13.45,1,3,15,cash_out
VCH_06789,40,0,1.0,13,1,4,1,1,3.21,0,3,6,wallet
VCH_06790,16,0,1.0,0,2,6,3,1,2.23,2,0,4,bank_transfer
VCH_06791,9,2,0.2143,6,4,4,1,1,3.6,1,1,8,cash_out
VCH_06792,26,4,1.0,5,1,4,29,0,6.58,0,4,9,wallet
VCH_06793,50,0,1.0,4,2,2,1,1,4.88,3,6,8,merchant_payment
VCH_06794,16,2,0.2143,0,5,1,1,1,9.62,1,4,6,cash_out
VCH_06795,32,2,0.2143,0,1,6,29,0,6.28,2,6,8,bank_transfer
VCH_06796,58,1,1.0,0,4,6,1,1,6.27,1,3,5,cash_out
VCH_06797,30,3,0.2143,2,3,1,1,1,2.47,2,2,3,bank_transfer
VCH_06798,16,2,0.2143,5,0,1,1,1,2.64,4,2,4,cash_at_till
VCH_06799,51,4,1.0,3,3,0,3,1,2.86,3,3,8,merchant_payment
VCH_06800,30,0,1.0,7,0,4,28,0,4.05,1,2,7,cash_out
VCH_06801,27,3,0.2143,3,4,1,16,0,6.35,1,2,14,cash_out
VCH_06802,29,3,0.2143,6,4,2,1,1,2.32,4,2,7,cash_at_till
VCH_06803,15,1,1.0,0,2,3,16,0,3.7,1,3,5,cash_out
VCH_06804,7,2,0.2143,0,5,4,29,0,1.88,2,1,4,bank_transfer
VCH_06805,29,0,1.0,9,4,2,1,1,2.22,1,1,6,cash_out
VCH_06806,53,2,0.2143,9,5,6,1,1,2.42,4,4,7,cash_at_till
VCH_06807,24,3,0.2143,4,3,6,15,0,8.05,0,3,10,wallet
VCH_06808,12,0,1.0,9,3,5,1,1,2.83,4,6,5,cash_at_till
VCH_06809,25,2,0.2143,0,0,1,29,0,2.8,0,3,4,wallet
VCH_06810,33,4,1.0,5,5,3,3,1,3.77,2,2,9,bank_transfer
VCH_06811,6,0,1.0,13,3,1,2,1,3.03,0,2,6,wallet
VCH_06812,4,3,0.2143,0,0,3,29,0,2.14,3,3,3,merchant_payment
VCH_06813,22,2,0.2143,6,3,0,16,0,1.39,3,3,6,merchant_payment
VCH_06814,34,1,1.0,10,2,0,29,0,4.98,3,4,8,merchant_payment
VCH_06815,4,4,1.0,2,2,0,15,0,4.13,4,6,4,cash_at_till
VCH_06816,37,1,1.0,2,0,5,3,1,2.75,2,2,1,bank_transfer
VCH_06817,37,2,0.2143,9,0,6,1,1,9.07,4,1,8,cash_at_till
VCH_06818,42,1,1.0,3,3,0,3,1,2.78,0,4,5,wallet
VCH_06819,16,1,1.0,2,4,6,15,0,1.44,0,1,4,wallet
VCH_06820,24,1,1.0,5,3,4,1,1,20.99,0,5,18,wallet
VCH_06821,41,2,0.2143,4,4,4,1,1,2.57,0,2,7,wallet
VCH_06822,45,0,1.0,13,5,0,1,1,3.03,0,2,6,wallet
VCH_06823,18,2,0.2143,3,4,5,1,1,23.01,1,2,17,cash_out
VCH_06824,22,2,0.2143,5,2,6,29,0,6.47,3,3,11,merchant_payment
VCH_06825,25,2,0.2143,0,5,3,2,1,2.81,1,3,2,cash_out
VCH_06826,0,3,0.2143,0,3,6,30,0,7.06,3,2,6,merchant_payment
VCH_06827,41,2,0.2143,12,5,0,3,1,1.79,2,5,6,bank_transfer
VCH_06828,29,0,1.0,0,3,1,16,0,18.89,3,3,13,merchant_payment
VCH_06829,14,4,1.0,10,2,2,2,1,6.35,2,2,7,bank_transfer
VCH_06830,37,2,0.2143,4,1,0,1,1,5.66,0,7,8,wallet
VCH_06831,26,0,1.0,9,2,5,2,1,4.17,4,0,7,cash_at_till
VCH_06832,41,1,1.0,0,2,1,3,1,3.01,3,4,2,merchant_payment
VCH_06833,19,1,1.0,11,3,6,2,1,4.01,3,4,7,merchant_payment
VCH_06834,53,0,1.0,3,1,1,2,1,2.57,0,7,9,wallet
VCH_06835,34,2,0.2143,10,4,6,1,1,3.21,1,5,5,cash_out
VCH_06836,52,2,0.2143,8,1,6,30,0,6.31,0,5,10,wallet
VCH_06837,16,3,0.2143,10,0,0,29,0,3.69,3,2,9,merchant_payment
VCH_06838,20,2,0.2143,9,2,2,1,1,4.95,3,4,8,merchant_payment
VCH_06839,6,0,1.0,4,4,6,1,1,7.95,1,2,8,cash_out
VCH_06840,58,2,0.2143,3,2,5,28,0,2.97,0,4,7,wallet
VCH_06841,54,0,1.0,3,3,2,29,0,7.46,1,4,15,cash_out
VCH_06842,35,0,1.0,0,1,1,16,0,3.63,1,3,8,cash_out
VCH_06843,58,4,1.0,1,2,1,1,1,1.77,4,3,3,cash_at_till
VCH_06844,8,3,0.2143,10,2,5,1,1,4.49,2,1,6,bank_transfer
VCH_06845,15,1,1.0,10,2,6,16,0,17.52,2,3,17,bank_transfer
VCH_06846,1,2,0.2143,11,3,2,28,0,3.32,3,4,7,merchant_payment
VCH_06847,42,0,1.0,13,4,6,30,0,2.37,2,5,7,bank_transfer
VCH_06848,50,1,1.0,10,4,1,1,1,9.7,3,2,16,merchant_payment
VCH_06849,53,3,0.2143,12,4,6,2,1,7.05,0,0,8,wallet
VCH_06850,26,1,1.0,2,5,2,28,0,11.69,0,5,9,wallet
VCH_06851,3,2,0.2143,4,2,4,29,0,2.87,1,3,7,cash_out
VCH_06852,35,3,0.2143,0,4,5,16,0,4.75,1,5,6,cash_out
VCH_06853,17,0,1.0,9,3,5,1,1,2.88,0,3,5,wallet
VCH_06854,29,1,1.0,5,2,4,2,1,5.49,3,2,8,merchant_payment
VCH_06855,45,2,0.2143,9,0,4,2,1,10.62,1,3,10,cash_out
VCH_06856,4,2,0.2143,6,2,0,30,0,13.0,1,4,14,cash_out
VCH_06857,24,0,1.0,8,4,0,1,1,4.26,3,7,5,merchant_payment
VCH_06858,2,2,0.2143,0,4,3,30,0,1.91,4,4,5,cash_at_till
VCH_06859,1,0,1.0,4,4,5,15,0,5.71,3,5,10,merchant_payment
VCH_06860,39,2,0.2143,1,2,5,1,1,2.17,1,3,2,cash_out
VCH_06861,46,0,1.0,0,4,3,28,0,3.37,0,1,4,wallet
VCH_06862,52,4,1.0,0,4,4,29,0,6.63,1,5,6,cash_out
VCH_06863,17,0,1.0,8,0,1,2,1,5.37,0,3,6,wallet
VCH_06864,56,0,1.0,6,2,2,1,1,7.0,0,4,10,wallet
VCH_06865,20,2,0.2143,0,1,5,3,1,2.92,1,4,5,cash_out
VCH_06866,34,3,0.2143,0,3,6,30,0,1.85,0,5,3,wallet
VCH_06867,0,0,1.0,6,4,4,1,1,4.81,0,1,6,wallet
VCH_06868,46,2,0.2143,1,4,1,29,0,8.39,3,4,12,merchant_payment
VCH_06869,7,3,0.2143,3,3,1,2,1,4.53,2,4,8,bank_transfer
VCH_06870,59,2,0.2143,8,5,0,1,1,5.14,1,4,9,cash_out
VCH_06871,18,2,0.2143,6,4,5,1,1,5.9,3,1,8,merchant_payment
VCH_06872,24,1,1.0,0,5,4,1,1,3.51,0,2,4,wallet
VCH_06873,50,1,1.0,5,5,1,15,0,8.67,1,4,13,cash_out
VCH_06874,40,2,0.2143,5,2,2,30,0,14.08,2,2,13,bank_transfer
VCH_06875,52,0,1.0,1,4,4,28,0,3.49,3,3,5,merchant_payment
VCH_06876,53,1,1.0,3,0,1,28,0,1.5,4,2,5,cash_at_till
VCH_06877,31,2,0.2143,0,2,1,29,0,10.08,1,1,8,cash_out
VCH_06878,15,2,0.2143,2,3,6,1,1,2.97,2,2,2,bank_transfer
VCH_06879,1,1,1.0,4,1,4,1,1,4.61,2,0,10,bank_transfer
VCH_06880,25,2,0.2143,7,3,1,1,1,2.3,1,1,5,cash_out
VCH_06881,26,3,0.2143,1,1,0,30,0,4.06,0,4,5,wallet
VCH_06882,25,0,1.0,12,1,3,30,0,4.08,4,3,9,cash_at_till
VCH_06883,32,1,1.0,0,3,1,28,0,4.18,2,3,6,bank_transfer
VCH_06884,39,0,1.0,0,3,0,30,0,1.0,0,1,3,wallet
VCH_06885,0,1,1.0,12,4,4,3,1,2.08,1,2,6,cash_out
VCH_06886,30,1,1.0,2,1,1,1,1,3.74,1,2,3,cash_out
VCH_06887,26,0,1.0,9,0,5,30,0,6.86,3,0,11,merchant_payment
VCH_06888,35,2,0.2143,7,5,4,30,0,4.67,0,2,9,wallet
VCH_06889,11,0,1.0,3,4,1,1,1,1.48,0,5,4,wallet
VCH_06890,30,2,0.2143,0,2,4,28,0,2.22,0,4,4,wallet
VCH_06891,39,1,1.0,0,3,1,30,0,4.47,1,1,10,cash_out
VCH_06892,53,1,1.0,0,1,3,29,0,14.61,0,5,10,wallet
VCH_06893,38,2,0.2143,7,1,6,1,1,1.93,3,3,6,merchant_payment
VCH_06894,22,3,0.2143,2,5,4,15,0,4.69,0,1,14,wallet
VCH_06895,47,3,0.2143,1,0,2,2,1,6.44,0,5,5,wallet
VCH_06896,28,4,1.0,12,3,4,29,0,2.38,1,2,8,cash_out
VCH_06897,49,2,0.2143,0,0,6,2,1,5.07,4,1,3,cash_at_till
VCH_06898,9,1,1.0,0,5,1,2,1,3.49,3,2,3,merchant_payment
VCH_06899,40,3,0.2143,2,5,3,3,1,7.39,3,1,7,merchant_payment
VCH_06900,15,2,0.2143,0,4,4,1,1,2.85,2,5,3,bank_transfer
VCH_06901,6,2,0.2143,0,0,6,29,0,3.96,1,6,6,cash_out
VCH_06902,4,2,0.2143,7,2,5,30,0,13.94,2,1,19,bank_transfer
VCH_06903,36,4,1.0,0,4,6,1,1,4.75,3,0,5,merchant_payment
VCH_06904,54,1,1.0,12,2,0,16,0,4.87,3,2,8,merchant_payment
VCH_06905,43,2,0.2143,1,4,4,30,0,2.77,1,3,10,cash_out
VCH_06906,39,2,0.2143,0,4,4,29,0,6.55,1,3,8,cash_out
VCH_06907,6,1,1.0,0,0,0,1,1,8.11,0,2,5,wallet
VCH_06908,59,2,0.2143,0,0,4,28,0,5.14,2,2,5,bank_transfer
VCH_06909,54,2,0.2143,6,4,3,29,0,15.16,1,2,14,cash_out
VCH_06910,1,2,0.2143,3,5,0,1,1,6.3,0,2,7,wallet
VCH_06911,19,0,1.0,10,5,1,1,1,5.08,4,5,9,cash_at_till
VCH_06912,26,0,1.0,2,4,6,1,1,1.0,2,1,0,bank_transfer
VCH_06913,3,0,1.0,7,2,4,30,0,1.97,1,2,8,cash_out
VCH_06914,55,1,1.0,0,3,2,28,0,3.21,0,3,6,wallet
VCH_06915,59,0,1.0,2,1,4,2,1,1.96,4,2,6,cash_at_till
VCH_06916,51,3,0.2143,6,4,0,2,1,7.21,0,8,14,wallet
VCH_06917,6,0,1.0,1,3,4,1,1,3.4,3,1,2,merchant_payment
VCH_06918,37,0,1.0,7,2,4,2,1,3.14,2,1,8,bank_transfer
VCH_06919,29,0,1.0,0,0,2,15,0,13.42,1,2,11,cash_out
VCH_06920,32,0,1.0,7,4,0,30,0,5.01,3,2,9,merchant_payment
VCH_06921,5,4,1.0,10,1,3,1,1,2.07,3,4,7,merchant_payment
VCH_06922,28,0,1.0,9,3,2,1,1,4.71,1,2,10,cash_out
VCH_06923,11,4,1.0,0,3,5,2,1,2.49,3,3,7,merchant_payment
VCH_06924,0,3,0.2143,5,4,3,1,1,2.86,3,3,4,merchant_payment
VCH_06925,32,0,1.0,4,1,6,2,1,4.41,2,4,6,bank_transfer
VCH_06926,39,0,1.0,3,1,6,30,0,2.88,1,2,10,cash_out
VCH_06927,39,0,1.0,0,0,5,28,0,4.74,4,4,7,cash_at_till
VCH_06928,36,1,1.0,0,1,4,15,0,5.14,0,2,6,wallet
VCH_06929,55,2,0.2143,10,2,6,3,1,5.3,2,4,7,bank_transfer
VCH_06930,58,1,1.0,8,1,5,2,1,3.16,0,4,7,wallet
VCH_06931,18,0,1.0,0,5,0,28,0,3.28,1,4,6,cash_out
VCH_06932,25,4,1.0,4,0,0,1,1,7.13,3,4,8,merchant_payment
VCH_06933,48,1,1.0,0,5,1,2,1,1.78,3,3,2,merchant_payment
VCH_06934,59,3,0.2143,0,1,2,1,1,12.82,2,3,12,bank_transfer
VCH_06935,50,3,0.2143,0,1,0,1,1,3.75,4,1,2,cash_at_till
VCH_06936,6,3,0.2143,3,3,1,28,0,1.96,4,3,6,cash_at_till
VCH_06937,50,2,0.2143,2,1,2,1,1,7.63,3,5,7,merchant_payment
VCH_06938,56,2,0.2143,4,0,6,1,1,3.45,0,4,5,wallet
VCH_06939,48,0,1.0,0,0,2,28,0,2.04,3,2,3,merchant_payment
VCH_06940,58,2,0.2143,3,0,5,29,0,5.44,3,3,8,merchant_payment
VCH_06941,22,0,1.0,3,5,3,29,0,3.13,4,2,7,cash_at_till
VCH_06942,42,0,1.0,10,2,5,2,1,6.09,1,1,9,cash_out
VCH_06943,33,0,1.0,10,3,0,1,1,5.82,0,3,8,wallet
VCH_06944,15,0,1.0,11,2,1,1,1,1.98,0,3,6,wallet
VCH_06945,2,1,1.0,2,1,5,16,0,4.9,0,1,7,wallet
VCH_06946,54,0,1.0,12,5,4,15,0,3.67,2,3,7,bank_transfer
VCH_06947,55,0,1.0,3,1,0,30,0,18.33,3,3,18,merchant_payment
VCH_06948,1,4,1.0,4,1,3,15,0,3.34,2,4,7,bank_transfer
VCH_06949,49,2,0.2143,1,2,4,1,1,1.29,2,2,3,bank_transfer
VCH_06950,5,0,1.0,0,3,5,30,0,1.91,1,4,3,cash_out
VCH_06951,50,2,0.2143,0,5,6,30,0,5.91,3,1,7,merchant_payment
VCH_06952,1,3,0.2143,3,3,5,15,0,7.09,0,9,12,wallet
VCH_06953,46,2,0.2143,0,1,2,2,1,2.96,0,4,4,wallet
VCH_06954,6,1,1.0,5,0,4,2,1,2.64,0,0,5,wallet
VCH_06955,12,1,1.0,0,0,6,28,0,3.7,4,4,8,cash_at_till
VCH_06956,49,3,0.2143,3,3,5,2,1,1.98,0,4,8,wallet
VCH_06957,0,1,1.0,5,5,2,15,0,7.38,4,2,9,cash_at_till
VCH_06958,25,4,1.0,2,0,2,30,0,3.5,4,2,8,cash_at_till
VCH_06959,33,1,1.0,8,4,2,1,1,3.61,3,6,5,merchant_payment
VCH_06960,53,0,1.0,12,0,0,2,1,2.54,0,5,7,wallet
VCH_06961,44,4,1.0,9,0,2,3,1,8.71,1,5,10,cash_out
VCH_06962,6,4,1.0,6,0,5,30,0,7.0,4,3,11,cash_at_till
VCH_06963,40,2,0.2143,6,5,5,29,0,5.72,3,3,9,merchant_payment
VCH_06964,21,0,1.0,6,0,1,1,1,2.74,3,3,4,merchant_payment
VCH_06965,25,3,0.2143,10,3,4,2,1,4.11,3,6,7,merchant_payment
VCH_06966,29,4,1.0,4,5,4,3,1,7.2,0,4,10,wallet
VCH_06967,55,0,1.0,5,4,1,2,1,2.6,0,3,4,wallet
VCH_06968,37,2,0.2143,9,2,3,1,1,4.82,3,2,6,merchant_payment
VCH_06969,8,2,0.2143,7,3,5,30,0,1.61,3,4,7,merchant_payment
VCH_06970,27,1,1.0,4,3,4,2,1,3.54,1,5,11,cash_out
VCH_06971,16,2,0.2143,3,1,5,28,0,6.51,3,1,13,merchant_payment
VCH_06972,14,3,0.2143,0,5,4,1,1,7.53,4,1,6,cash_at_till
VCH_06973,40,0,1.0,1,1,0,2,1,2.98,4,2,3,cash_at_till
VCH_06974,39,0,1.0,0,5,1,1,1,7.36,0,3,6,wallet
VCH_06975,35,3,0.2143,12,1,1,29,0,4.5,0,3,9,wallet
VCH_06976,57,0,1.0,10,1,4,15,0,3.96,0,5,12,wallet
VCH_06977,2,2,0.2143,5,2,3,3,1,1.22,0,6,7,wallet
VCH_06978,0,1,1.0,0,0,1,30,0,3.21,2,1,6,bank_transfer
VCH_06979,59,3,0.2143,0,0,3,15,0,2.64,0,4,3,wallet
VCH_06980,5,0,1.0,12,0,5,29,0,3.87,4,5,11,cash_at_till
VCH_06981,44,3,0.2143,5,2,0,30,0,2.85,1,7,7,cash_out
VCH_06982,7,4,1.0,7,5,3,15,0,5.59,3,2,8,merchant_payment
VCH_06983,43,2,0.2143,2,2,1,15,0,9.13,1,3,8,cash_out
VCH_06984,50,1,1.0,9,1,0,2,1,9.75,3,2,14,merchant_payment
VCH_06985,18,3,0.2143,7,3,3,15,0,8.31,3,2,10,merchant_payment
VCH_06986,16,1,1.0,2,2,3,15,0,4.7,2,3,5,bank_transfer
VCH_06987,31,2,0.2143,10,5,4,1,1,3.6,2,3,5,bank_transfer
VCH_06988,50,4,1.0,0,2,0,29,0,8.08,2,2,15,bank_transfer
VCH_06989,39,0,1.0,9,5,5,3,1,2.02,1,4,5,cash_out
VCH_06990,45,0,1.0,10,0,0,28,0,10.26,2,4,11,bank_transfer
VCH_06991,14,2,0.2143,0,3,6,29,0,3.06,2,2,4,bank_transfer
VCH_06992,43,0,1.0,0,2,2,1,1,4.64,1,1,3,cash_out
VCH_06993,0,0,1.0,4,0,1,1,1,4.83,3,4,8,merchant_payment
VCH_06994,14,0,1.0,13,1,0,16,0,5.25,0,6,11,wallet
VCH_06995,35,0,1.0,4,0,5,3,1,3.71,4,4,5,cash_at_till
VCH_06996,13,0,1.0,3,3,2,1,1,5.25,3,0,9,merchant_payment
VCH_06997,41,0,1.0,4,1,5,1,1,4.47,0,3,10,wallet
VCH_06998,6,0,1.0,1,1,4,28,0,2.57,0,2,3,wallet
VCH_06999,48,2,0.2143,0,1,2,30,0,3.67,3,5,4,merchant_payment
VCH_07000,51,0,1.0,7,2,3,28,0,5.73,0,4,8,wallet
VCH_07001,57,4,1.0,8,4,6,1,1,7.17,1,6,12,cash_out
VCH_07002,33,1,1.0,4,0,2,15,0,26.3,2,3,22,bank_transfer
VCH_07003,12,0,1.0,10,5,0,29,0,14.97,4,2,20,cash_at_till
VCH_07004,24,3,0.2143,0,0,5,16,0,3.84,0,5,5,wallet
VCH_07005,43,0,1.0,4,4,4,16,0,2.88,3,9,7,merchant_payment
VCH_07006,15,1,1.0,2,5,2,1,1,1.22,0,2,2,wallet
VCH_07007,33,2,0.2143,1,0,6,15,0,3.07,4,2,9,cash_at_till
VCH_07008,1,0,1.0,1,1,3,30,0,6.76,3,5,7,merchant_payment
VCH_07009,31,1,1.0,5,4,1,15,0,4.49,4,2,12,cash_at_till
VCH_07010,22,1,1.0,0,0,6,2,1,3.15,1,3,3,cash_out
VCH_07011,26,0,1.0,4,4,4,16,0,2.67,3,5,9,merchant_payment
VCH_07012,44,3,0.2143,5,2,1,3,1,9.02,2,4,9,bank_transfer
VCH_07013,47,1,1.0,6,4,1,28,0,7.05,1,4,11,cash_out
VCH_07014,23,0,1.0,4,3,1,3,1,4.24,0,3,8,wallet
VCH_07015,19,0,1.0,5,3,0,1,1,10.34,0,3,10,wallet
VCH_07016,26,2,0.2143,3,2,6,28,0,3.83,0,2,8,wallet
VCH_07017,35,2,0.2143,12,4,5,1,1,8.24,4,2,11,cash_at_till
VCH_07018,59,4,1.0,8,2,1,16,0,9.32,3,6,14,merchant_payment
VCH_07019,27,0,1.0,3,0,3,29,0,5.52,0,3,9,wallet
VCH_07020,11,1,1.0,1,5,3,28,0,4.35,1,3,5,cash_out
VCH_07021,1,1,1.0,12,4,5,1,1,12.93,1,4,12,cash_out
VCH_07022,33,1,1.0,0,3,5,15,0,5.05,2,5,5,bank_transfer
VCH_07023,17,1,1.0,1,5,4,28,0,3.95,1,4,7,cash_out
VCH_07024,48,4,1.0,9,0,3,28,0,3.52,3,1,8,merchant_payment
VCH_07025,42,3,0.2143,10,4,4,15,0,8.23,1,4,11,cash_out
VCH_07026,38,1,1.0,1,5,0,30,0,5.39,0,3,7,wallet
VCH_07027,32,0,1.0,5,4,2,29,0,3.33,3,3,7,merchant_payment
VCH_07028,23,1,1.0,9,1,6,1,1,9.91,0,5,12,wallet
VCH_07029,46,2,0.2143,2,2,2,2,1,3.11,0,2,3,wallet
VCH_07030,40,0,1.0,1,4,2,30,0,3.13,3,4,11,merchant_payment
VCH_07031,12,1,1.0,6,5,5,15,0,1.36,1,4,7,cash_out
VCH_07032,50,3,0.2143,2,4,4,2,1,2.07,3,0,1,merchant_payment
VCH_07033,30,1,1.0,2,1,2,1,1,5.13,3,6,5,merchant_payment
VCH_07034,31,1,1.0,12,5,1,29,0,4.67,3,4,8,merchant_payment
VCH_07035,50,2,0.2143,10,2,0,1,1,1.0,2,2,7,bank_transfer
VCH_07036,20,1,1.0,8,3,6,16,0,3.32,0,0,12,wallet
VCH_07037,11,2,0.2143,13,0,1,3,1,1.95,3,5,4,merchant_payment
VCH_07038,58,3,0.2143,3,3,4,3,1,5.91,3,1,6,merchant_payment
VCH_07039,46,2,0.2143,0,2,5,1,1,6.77,2,3,4,bank_transfer
VCH_07040,39,2,0.2143,4,4,6,1,1,4.12,3,2,6,merchant_payment
VCH_07041,48,1,1.0,1,0,0,28,0,3.62,3,0,4,merchant_payment
VCH_07042,24,1,1.0,4,5,4,15,0,8.67,0,3,13,wallet
VCH_07043,31,0,1.0,10,5,0,1,1,5.32,0,3,7,wallet
VCH_07044,19,0,1.0,12,2,6,2,1,4.97,1,1,9,cash_out
VCH_07045,16,2,0.2143,6,4,1,29,0,4.26,2,1,9,bank_transfer
VCH_07046,57,0,1.0,0,5,1,1,1,10.64,2,3,8,bank_transfer
VCH_07047,33,2,0.2143,0,0,1,28,0,9.0,0,2,8,wallet
VCH_07048,43,2,0.2143,4,4,4,29,0,1.16,2,4,6,bank_transfer
VCH_07049,47,3,0.2143,2,1,0,1,1,3.25,0,1,3,wallet
VCH_07050,28,2,0.2143,4,0,0,3,1,5.59,2,2,8,bank_transfer
VCH_07051,39,2,0.2143,2,4,4,15,0,5.68,0,1,6,wallet
VCH_07052,4,2,0.2143,4,5,2,30,0,3.23,1,2,11,cash_out
VCH_07053,6,1,1.0,0,2,6,1,1,3.9,3,4,2,merchant_payment
VCH_07054,46,0,1.0,4,1,2,1,1,9.04,0,3,8,wallet
VCH_07055,40,2,0.2143,0,5,4,1,1,6.86,0,6,4,wallet
VCH_07056,1,2,0.2143,0,0,4,28,0,7.72,3,3,8,merchant_payment
VCH_07057,5,1,1.0,12,0,5,3,1,3.33,3,3,6,merchant_payment
VCH_07058,5,2,0.2143,1,1,3,29,0,6.74,1,3,6,cash_out
VCH_07059,56,4,1.0,13,1,5,30,0,5.87,4,3,9,cash_at_till
VCH_07060,57,0,1.0,4,4,0,29,0,3.86,3,1,7,merchant_payment
VCH_07061,33,2,0.2143,8,0,2,1,1,6.55,0,4,7,wallet
VCH_07062,43,2,0.2143,0,2,1,3,1,2.76,0,3,3,wallet
VCH_07063,57,0,1.0,3,5,4,30,0,7.56,3,2,11,merchant_payment
VCH_07064,13,2,0.2143,0,0,2,1,1,6.3,0,4,5,wallet
VCH_07065,12,1,1.0,3,0,5,1,1,4.86,0,6,6,wallet
VCH_07066,52,0,1.0,7,0,5,29,0,5.08,2,0,8,bank_transfer
VCH_07067,15,1,1.0,6,0,6,30,0,2.35,1,2,6,cash_out
VCH_07068,43,1,1.0,1,5,3,1,1,9.6,0,0,6,wallet
VCH_07069,21,2,0.2143,0,5,6,28,0,3.98,0,4,6,wallet
VCH_07070,39,2,0.2143,1,5,4,15,0,3.45,0,3,4,wallet
VCH_07071,22,2,0.2143,0,4,1,30,0,3.21,3,2,4,merchant_payment
VCH_07072,6,3,0.2143,6,5,5,15,0,5.37,3,4,9,merchant_payment
VCH_07073,17,0,1.0,0,4,3,16,0,12.85,0,4,10,wallet
VCH_07074,48,2,0.2143,3,4,6,16,0,15.13,1,2,18,cash_out
VCH_07075,4,4,1.0,2,3,6,1,1,3.93,0,7,3,wallet
VCH_07076,45,0,1.0,9,1,2,28,0,5.53,0,4,10,wallet
VCH_07077,2,1,1.0,5,2,0,1,1,3.51,0,1,6,wallet
VCH_07078,58,0,1.0,4,1,5,1,1,3.94,1,1,5,cash_out
VCH_07079,58,0,1.0,8,1,5,30,0,3.25,0,5,7,wallet
VCH_07080,29,0,1.0,7,2,0,29,0,2.01,2,2,7,bank_transfer
VCH_07081,36,3,0.2143,10,5,5,1,1,4.71,1,3,10,cash_out
VCH_07082,44,1,1.0,9,4,3,2,1,6.35,1,2,10,cash_out
VCH_07083,10,0,1.0,3,3,3,3,1,4.75,3,4,6,merchant_payment
VCH_07084,58,3,0.2143,1,4,2,2,1,6.49,3,5,6,merchant_payment
VCH_07085,51,4,1.0,6,5,1,29,0,5.17,1,5,9,cash_out
VCH_07086,5,2,0.2143,2,2,6,1,1,4.26,2,1,5,bank_transfer
VCH_07087,55,2,0.2143,1,2,0,3,1,8.73,0,5,8,wallet
VCH_07088,46,2,0.2143,7,1,2,15,0,3.86,2,1,7,bank_transfer
VCH_07089,13,1,1.0,0,1,4,1,1,2.4,1,1,5,cash_out
VCH_07090,28,3,0.2143,2,1,1,29,0,3.75,2,1,4,bank_transfer
VCH_07091,10,0,1.0,0,3,2,15,0,4.34,1,4,6,cash_out
VCH_07092,40,2,0.2143,6,4,1,1,1,5.67,3,1,11,merchant_payment
VCH_07093,32,0,1.0,0,5,4,1,1,4.01,4,1,3,cash_at_till
VCH_07094,19,1,1.0,1,0,6,15,0,1.99,0,4,7,wallet
VCH_07095,27,1,1.0,0,3,3,2,1,4.18,1,2,3,cash_out
VCH_07096,25,2,0.2143,3,5,3,15,0,2.09,3,0,8,merchant_payment
VCH_07097,58,2,0.2143,2,4,6,30,0,6.25,4,3,17,cash_at_till
VCH_07098,9,0,1.0,0,5,1,2,1,1.56,3,4,1,merchant_payment
VCH_07099,26,0,1.0,0,3,6,3,1,2.27,1,1,7,cash_out
VCH_07100,39,0,1.0,7,1,1,28,0,2.9,2,3,8,bank_transfer
VCH_07101,25,4,1.0,4,5,6,1,1,2.92,0,0,6,wallet
VCH_07102,37,0,1.0,0,1,3,30,0,5.77,3,2,6,merchant_payment
VCH_07103,19,3,0.2143,0,5,0,1,1,6.85,0,3,4,wallet
VCH_07104,52,0,1.0,11,3,2,3,1,1.83,2,6,4,bank_transfer
VCH_07105,40,1,1.0,3,4,6,2,1,3.51,1,7,10,cash_out
VCH_07106,48,2,0.2143,9,3,4,29,0,7.18,4,4,11,cash_at_till
VCH_07107,45,0,1.0,2,1,0,1,1,6.65,1,0,4,cash_out
VCH_07108,16,3,0.2143,3,5,6,30,0,6.85,0,1,12,wallet
VCH_07109,29,2,0.2143,1,0,4,1,1,2.06,4,6,5,cash_at_till
VCH_07110,2,0,1.0,3,4,1,29,0,7.83,1,2,13,cash_out
VCH_07111,31,0,1.0,3,5,1,3,1,9.26,0,5,9,wallet
VCH_07112,53,0,1.0,0,5,5,1,1,6.28,0,2,3,wallet
VCH_07113,47,2,0.2143,4,4,5,29,0,3.97,3,2,11,merchant_payment
VCH_07114,58,0,1.0,3,0,4,30,0,3.85,2,2,9,bank_transfer
VCH_07115,31,0,1.0,0,1,2,1,1,1.65,0,6,2,wallet
VCH_07116,57,0,1.0,7,1,6,2,1,2.74,4,2,5,cash_at_till
VCH_07117,28,4,1.0,5,2,4,28,0,1.8,0,3,6,wallet
VCH_07118,57,3,0.2143,4,5,5,3,1,29.29,1,2,23,cash_out
VCH_07119,3,1,1.0,1,4,4,16,0,1.77,3,2,8,merchant_payment
VCH_07120,6,0,1.0,6,4,4,1,1,1.55,0,0,9,wallet
VCH_07121,8,3,0.2143,3,0,2,1,1,2.62,0,3,8,wallet
VCH_07122,32,2,0.2143,2,4,2,15,0,5.5,3,2,13,merchant_payment
VCH_07123,22,4,1.0,3,1,1,30,0,3.15,4,5,14,cash_at_till
VCH_07124,45,4,1.0,13,5,6,28,0,2.91,0,3,8,wallet
VCH_07125,6,0,1.0,7,4,6,2,1,5.36,4,4,7,cash_at_till
VCH_07126,46,1,1.0,0,3,1,1,1,3.43,3,3,2,merchant_payment
VCH_07127,37,0,1.0,1,4,2,15,0,8.38,2,3,8,bank_transfer
VCH_07128,41,4,1.0,8,4,0,1,1,13.04,4,2,11,cash_at_till
VCH_07129,53,0,1.0,9,2,0,2,1,2.09,0,3,5,wallet
VCH_07130,49,2,0.2143,3,3,6,3,1,3.81,3,5,11,merchant_payment
VCH_07131,37,0,1.0,12,3,5,3,1,8.35,0,2,10,wallet
VCH_07132,4,4,1.0,0,5,0,16,0,3.71,1,3,4,cash_out
VCH_07133,46,0,1.0,10,1,6,28,0,7.84,0,3,10,wallet
VCH_07134,56,0,1.0,1,5,6,2,1,1.97,0,5,1,wallet
VCH_07135,9,2,0.2143,0,4,4,1,1,4.57,1,1,3,cash_out
VCH_07136,18,1,1.0,1,3,3,28,0,2.9,1,0,4,cash_out
VCH_07137,46,3,0.2143,2,0,3,28,0,10.63,1,3,13,cash_out
VCH_07138,0,2,0.2143,10,3,2,15,0,3.06,0,1,6,wallet
VCH_07139,31,1,1.0,1,3,2,16,0,8.65,0,2,7,wallet
VCH_07140,43,1,1.0,10,5,3,1,1,6.98,1,1,8,cash_out
VCH_07141,1,3,0.2143,11,2,3,29,0,3.38,0,3,7,wallet
VCH_07142,58,0,1.0,6,2,1,28,0,2.37,3,3,7,merchant_payment
VCH_07143,52,0,1.0,1,4,6,1,1,4.89,0,4,4,wallet
VCH_07144,48,0,1.0,5,1,6,15,0,10.89,2,3,14,bank_transfer
VCH_07145,2,3,0.2143,7,0,2,16,0,4.61,0,2,8,wallet
VCH_07146,13,1,1.0,1,2,4,29,0,7.18,0,0,9,wallet
VCH_07147,19,0,1.0,8,4,3,3,1,7.4,1,2,7,cash_out
VCH_07148,11,0,1.0,13,2,0,2,1,3.98,2,7,8,bank_transfer
VCH_07149,16,2,0.2143,0,4,5,1,1,9.82,1,6,6,cash_out
VCH_07150,30,3,0.2143,8,3,3,29,0,7.61,3,3,10,merchant_payment
VCH_07151,43,0,1.0,5,1,2,1,1,6.54,0,2,11,wallet
VCH_07152,39,1,1.0,2,4,3,15,0,6.34,0,1,6,wallet
VCH_07153,20,1,1.0,1,3,3,16,0,2.14,4,1,3,cash_at_till
VCH_07154,13,0,1.0,5,0,6,28,0,5.16,1,2,9,cash_out
VCH_07155,9,1,1.0,3,1,1,29,0,3.03,4,2,12,cash_at_till
VCH_07156,16,0,1.0,10,1,4,3,1,4.26,1,3,7,cash_out
VCH_07157,37,0,1.0,6,5,2,1,1,2.09,3,2,9,merchant_payment
VCH_07158,20,0,1.0,5,3,5,3,1,4.1,2,5,7,bank_transfer
VCH_07159,10,3,0.2143,4,4,0,15,0,3.22,1,3,10,cash_out
VCH_07160,6,4,1.0,12,3,2,15,0,3.02,0,3,13,wallet
VCH_07161,31,0,1.0,0,4,0,1,1,2.24,1,3,5,cash_out
VCH_07162,5,1,1.0,2,0,4,1,1,7.53,1,1,5,cash_out
VCH_07163,51,1,1.0,0,5,1,30,0,4.52,2,5,4,bank_transfer
VCH_07164,51,3,0.2143,12,3,5,1,1,6.84,3,4,7,merchant_payment
VCH_07165,20,2,0.2143,2,0,3,2,1,1.83,2,7,3,bank_transfer
VCH_07166,39,0,1.0,5,0,2,1,1,5.49,0,4,9,wallet
VCH_07167,44,3,0.2143,6,0,0,29,0,13.53,3,2,13,merchant_payment
VCH_07168,56,1,1.0,13,5,6,1,1,2.74,4,0,10,cash_at_till
VCH_07169,58,3,0.2143,3,5,4,2,1,4.95,3,2,7,merchant_payment
VCH_07170,24,0,1.0,4,4,4,3,1,7.72,3,1,13,merchant_payment
VCH_07171,22,2,0.2143,13,0,2,1,1,6.36,3,1,6,merchant_payment
VCH_07172,25,3,0.2143,12,3,6,30,0,8.18,4,1,14,cash_at_till
VCH_07173,45,0,1.0,9,4,1,16,0,12.58,0,1,21,wallet
VCH_07174,24,1,1.0,3,4,3,1,1,3.19,1,6,8,cash_out
VCH_07175,9,2,0.2143,5,0,0,1,1,4.03,0,4,6,wallet
VCH_07176,43,0,1.0,6,1,2,16,0,6.17,2,2,9,bank_transfer
VCH_07177,57,0,1.0,6,5,2,1,1,2.67,4,2,4,cash_at_till
VCH_07178,35,1,1.0,11,3,2,15,0,3.26,0,2,11,wallet
VCH_07179,11,3,0.2143,1,0,0,30,0,2.54,1,3,3,cash_out
VCH_07180,12,1,1.0,0,5,0,29,0,8.52,1,3,7,cash_out
VCH_07181,2,2,0.2143,12,4,5,15,0,7.46,1,3,9,cash_out
VCH_07182,52,0,1.0,0,2,1,2,1,9.72,0,2,7,wallet
VCH_07183,15,2,0.2143,4,0,4,3,1,2.35,1,1,6,cash_out
VCH_07184,45,0,1.0,4,0,1,30,0,4.46,0,2,9,wallet
VCH_07185,7,2,0.2143,13,3,3,15,0,4.29,1,5,9,cash_out
VCH_07186,40,2,0.2143,0,2,2,3,1,5.26,1,5,4,cash_out
VCH_07187,9,0,1.0,0,4,0,1,1,3.33,0,4,3,wallet
VCH_07188,36,1,1.0,6,4,3,15,0,3.71,3,3,11,merchant_payment
VCH_07189,3,3,0.2143,11,3,5,1,1,4.18,3,4,5,merchant_payment
VCH_07190,4,2,0.2143,3,1,3,15,0,4.63,2,3,11,bank_transfer
VCH_07191,36,2,0.2143,3,4,0,1,1,6.45,2,7,7,bank_transfer
VCH_07192,0,1,1.0,1,1,3,1,1,7.48,3,4,9,merchant_payment
VCH_07193,9,0,1.0,0,2,3,28,0,8.41,0,7,7,wallet
VCH_07194,44,1,1.0,2,5,3,16,0,4.06,3,3,12,merchant_payment
VCH_07195,55,0,1.0,2,3,6,16,0,5.62,2,2,9,bank_transfer
VCH_07196,24,2,0.2143,2,4,4,28,0,2.44,4,3,5,cash_at_till
VCH_07197,41,1,1.0,10,3,2,1,1,5.09,2,1,6,bank_transfer
VCH_07198,50,2,0.2143,10,2,2,3,1,6.32,1,4,7,cash_out
VCH_07199,19,2,0.2143,7,3,6,2,1,13.15,4,4,12,cash_at_till
VCH_07200,8,0,1.0,1,1,1,1,1,6.42,0,6,4,wallet
VCH_07201,34,4,1.0,10,5,4,3,1,5.45,0,8,6,wallet
VCH_07202,20,2,0.2143,10,5,5,1,1,4.23,0,2,6,wallet
VCH_07203,8,1,1.0,4,0,3,3,1,6.7,4,1,7,cash_at_till
VCH_07204,12,1,1.0,3,1,0,1,1,4.35,3,3,6,merchant_payment
VCH_07205,14,1,1.0,0,4,2,3,1,6.77,1,3,6,cash_out
VCH_07206,4,4,1.0,3,0,1,15,0,2.01,3,0,7,merchant_payment
VCH_07207,20,0,1.0,1,3,4,1,1,1.51,0,8,2,wallet
VCH_07208,4,4,1.0,6,3,1,30,0,2.83,1,0,7,cash_out
VCH_07209,36,4,1.0,0,4,0,3,1,8.17,0,5,5,wallet
VCH_07210,6,3,0.2143,8,3,4,15,0,2.38,1,5,7,cash_out
VCH_07211,19,1,1.0,4,1,2,30,0,5.75,3,3,10,merchant_payment
VCH_07212,54,0,1.0,3,1,5,28,0,2.57,3,3,8,merchant_payment
VCH_07213,21,0,1.0,2,4,3,3,1,4.48,0,0,3,wallet
VCH_07214,37,0,1.0,6,3,1,2,1,3.22,2,1,6,bank_transfer
VCH_07215,44,1,1.0,3,2,0,2,1,6.28,1,1,8,cash_out
VCH_07216,2,1,1.0,0,3,5,30,0,2.07,3,7,3,merchant_payment
VCH_07217,51,1,1.0,8,5,2,2,1,9.74,0,1,9,wallet
VCH_07218,54,2,0.2143,6,5,1,2,1,6.08,0,5,7,wallet
VCH_07219,28,0,1.0,2,5,0,3,1,2.8,2,4,6,bank_transfer
VCH_07220,31,1,1.0,1,2,4,29,0,4.03,1,2,4,cash_out
VCH_07221,23,4,1.0,10,2,1,1,1,2.84,0,6,5,wallet
VCH_07222,57,0,1.0,2,4,6,3,1,6.01,3,3,4,merchant_payment
VCH_07223,1,1,1.0,2,2,1,3,1,6.91,2,3,9,bank_transfer
VCH_07224,46,0,1.0,0,1,0,2,1,4.02,1,1,4,cash_out
VCH_07225,45,2,0.2143,11,4,5,15,0,11.81,1,6,15,cash_out
VCH_07226,28,1,1.0,2,1,6,1,1,7.65,0,5,4,wallet
VCH_07227,38,2,0.2143,0,5,1,2,1,4.39,2,3,3,bank_transfer
VCH_07228,6,4,1.0,12,2,1,15,0,9.43,2,1,12,bank_transfer
VCH_07229,28,2,0.2143,10,5,0,15,0,5.98,0,0,9,wallet
VCH_07230,50,0,1.0,4,3,5,1,1,4.71,2,3,8,bank_transfer
VCH_07231,46,0,1.0,4,5,2,1,1,8.53,2,4,10,bank_transfer
VCH_07232,29,1,1.0,7,2,3,1,1,1.68,0,2,8,wallet
VCH_07233,53,0,1.0,13,3,5,30,0,2.39,2,4,6,bank_transfer
VCH_07234,26,0,1.0,8,3,5,15,0,5.73,4,2,9,cash_at_till
VCH_07235,35,3,0.2143,0,2,4,16,0,2.51,1,1,3,cash_out
VCH_07236,3,3,0.2143,10,1,1,1,1,3.37,3,4,6,merchant_payment
VCH_07237,32,1,1.0,2,4,1,2,1,3.23,2,4,5,bank_transfer
VCH_07238,51,2,0.2143,0,2,6,29,0,2.06,0,4,5,wallet
VCH_07239,6,2,0.2143,0,0,0,30,0,4.06,0,4,11,wallet
VCH_07240,11,0,1.0,0,3,0,30,0,4.02,1,3,5,cash_out
VCH_07241,24,0,1.0,6,5,4,2,1,1.73,0,0,5,wallet
VCH_07242,29,0,1.0,11,2,0,1,1,6.49,3,2,8,merchant_payment
VCH_07243,19,2,0.2143,4,1,0,2,1,10.67,0,5,10,wallet
VCH_07244,16,2,0.2143,12,5,0,1,1,3.99,0,1,7,wallet
VCH_07245,30,2,0.2143,6,0,4,30,0,2.73,0,3,7,wallet
VCH_07246,37,2,0.2143,12,5,6,28,0,10.0,0,0,13,wallet
VCH_07247,52,0,1.0,1,2,2,30,0,4.04,1,2,5,cash_out
VCH_07248,48,1,1.0,8,3,6,1,1,3.36,1,3,5,cash_out
VCH_07249,37,1,1.0,6,2,3,2,1,5.5,0,6,7,wallet
VCH_07250,32,0,1.0,5,3,4,15,0,3.99,4,5,7,cash_at_till
VCH_07251,2,0,1.0,2,1,5,28,0,11.58,0,5,9,wallet
VCH_07252,36,0,1.0,6,0,4,3,1,3.02,0,4,7,wallet
VCH_07253,50,4,1.0,5,2,4,15,0,15.87,4,5,23,cash_at_till
VCH_07254,11,4,1.0,5,0,3,3,1,5.81,1,2,8,cash_out
VCH_07255,6,4,1.0,6,3,4,3,1,4.14,0,4,12,wallet
VCH_07256,14,0,1.0,10,5,3,3,1,2.11,0,2,5,wallet
VCH_07257,3,2,0.2143,7,3,6,16,0,10.7,1,2,21,cash_out
VCH_07258,25,2,0.2143,12,4,5,3,1,11.82,3,7,10,merchant_payment
VCH_07259,50,3,0.2143,11,5,2,2,1,4.83,3,2,9,merchant_payment
VCH_07260,24,1,1.0,13,5,0,1,1,1.69,1,3,5,cash_out
VCH_07261,0,2,0.2143,3,3,0,30,0,2.93,3,3,8,merchant_payment
VCH_07262,38,0,1.0,5,0,5,28,0,3.61,0,4,7,wallet
VCH_07263,54,2,0.2143,5,5,0,28,0,3.99,1,3,8,cash_out
VCH_07264,49,1,1.0,13,4,3,1,1,1.63,1,4,4,cash_out
VCH_07265,40,2,0.2143,0,3,3,1,1,2.31,0,4,6,wallet
VCH_07266,57,0,1.0,4,5,3,1,1,5.72,1,2,9,cash_out
VCH_07267,0,0,1.0,0,2,5,1,1,2.37,4,4,3,cash_at_till
VCH_07268,43,2,0.2143,6,1,2,2,1,3.24,0,2,7,wallet
VCH_07269,38,2,0.2143,0,5,1,1,1,9.93,1,2,6,cash_out
VCH_07270,48,0,1.0,11,1,5,15,0,4.5,4,4,9,cash_at_till
VCH_07271,29,0,1.0,6,5,5,15,0,5.11,0,2,15,wallet
VCH_07272,20,2,0.2143,2,3,4,2,1,4.29,1,1,5,cash_out
VCH_07273,15,4,1.0,0,0,2,1,1,2.65,3,3,4,merchant_payment
VCH_07274,13,1,1.0,0,4,6,1,1,5.82,0,2,3,wallet
VCH_07275,30,0,1.0,2,4,0,28,0,6.33,2,2,6,bank_transfer
VCH_07276,55,2,0.2143,1,0,6,2,1,2.43,0,1,9,wallet
VCH_07277,43,1,1.0,4,3,0,1,1,3.94,3,2,7,merchant_payment
VCH_07278,37,2,0.2143,5,5,0,30,0,2.11,3,5,12,merchant_payment
VCH_07279,48,2,0.2143,1,4,6,1,1,2.54,3,3,1,merchant_payment
VCH_07280,5,0,1.0,8,0,4,28,0,1.67,3,4,7,merchant_payment
VCH_07281,31,1,1.0,5,1,2,15,0,3.22,3,5,8,merchant_payment
VCH_07282,56,0,1.0,5,4,0,1,1,15.97,0,2,12,wallet
VCH_07283,30,0,1.0,4,5,4,1,1,6.72,3,3,10,merchant_payment
VCH_07284,30,0,1.0,0,0,4,28,0,6.72,1,3,9,cash_out
VCH_07285,45,4,1.0,4,5,5,1,1,3.25,3,3,5,merchant_payment
VCH_07286,40,1,1.0,7,5,1,15,0,4.94,4,1,10,cash_at_till
VCH_07287,57,0,1.0,0,0,4,2,1,2.63,4,2,4,cash_at_till
VCH_07288,1,2,0.2143,4,4,6,3,1,3.96,0,1,6,wallet
VCH_07289,1,3,0.2143,3,1,1,1,1,2.78,1,4,7,cash_out
VCH_07290,10,2,0.2143,2,2,0,1,1,2.21,3,3,3,merchant_payment
VCH_07291,18,1,1.0,4,4,5,3,1,1.36,1,2,6,cash_out
VCH_07292,50,0,1.0,8,1,3,1,1,1.33,0,4,4,wallet
VCH_07293,41,1,1.0,3,1,3,16,0,5.65,1,1,8,cash_out
VCH_07294,38,4,1.0,3,1,2,3,1,6.66,1,7,9,cash_out
VCH_07295,28,1,1.0,9,0,3,1,1,4.82,3,4,6,merchant_payment
VCH_07296,31,2,0.2143,2,3,1,30,0,6.83,0,3,7,wallet
VCH_07297,50,0,1.0,2,0,0,1,1,10.1,4,5,7,cash_at_till
VCH_07298,18,2,0.2143,5,2,5,16,0,3.6,3,3,7,merchant_payment
VCH_07299,27,0,1.0,2,1,1,1,1,1.91,2,3,2,bank_transfer
VCH_07300,48,2,0.2143,12,4,3,3,1,6.56,3,3,8,merchant_payment
VCH_07301,49,0,1.0,3,1,5,1,1,9.55,2,1,16,bank_transfer
VCH_07302,17,0,1.0,0,1,1,30,0,6.56,0,2,6,wallet
VCH_07303,9,2,0.2143,2,4,1,1,1,12.12,2,2,7,bank_transfer
VCH_07304,2,4,1.0,3,0,4,1,1,13.7,0,2,11,wallet
VCH_07305,37,0,1.0,0,4,3,2,1,9.78,0,2,10,wallet
VCH_07306,53,3,0.2143,9,2,2,2,1,2.53,2,3,6,bank_transfer
VCH_07307,10,1,1.0,1,5,4,16,0,3.53,4,4,7,cash_at_till
VCH_07308,35,1,1.0,8,5,1,15,0,3.86,2,4,7,bank_transfer
VCH_07309,35,2,0.2143,11,0,4,16,0,5.69,4,3,10,cash_at_till
VCH_07310,22,3,0.2143,4,3,1,30,0,4.13,2,3,9,bank_transfer
VCH_07311,17,2,0.2143,2,4,2,2,1,5.32,2,2,4,bank_transfer
VCH_07312,51,0,1.0,13,4,0,15,0,2.24,3,1,9,merchant_payment
VCH_07313,34,1,1.0,5,5,1,15,0,3.85,2,2,7,bank_transfer
VCH_07314,30,4,1.0,3,1,1,15,0,4.37,2,5,9,bank_transfer
VCH_07315,30,1,1.0,2,0,4,30,0,5.28,1,1,6,cash_out
VCH_07316,15,4,1.0,0,5,4,29,0,10.43,0,1,11,wallet
VCH_07317,34,0,1.0,1,4,1,1,1,3.34,3,4,3,merchant_payment
VCH_07318,53,0,1.0,2,2,6,1,1,8.39,2,3,6,bank_transfer
VCH_07319,23,0,1.0,1,3,6,29,0,6.76,0,4,13,wallet
VCH_07320,2,2,0.2143,1,1,6,1,1,4.25,0,4,3,wallet
VCH_07321,12,0,1.0,4,2,1,1,1,9.29,3,2,9,merchant_payment
VCH_07322,53,2,0.2143,3,1,0,1,1,3.94,1,6,11,cash_out
VCH_07323,16,1,1.0,3,4,4,29,0,10.53,0,3,16,wallet
VCH_07324,59,2,0.2143,12,0,4,1,1,1.76,0,2,4,wallet
VCH_07325,3,2,0.2143,0,1,3,29,0,8.07,3,4,19,merchant_payment
VCH_07326,58,0,1.0,2,1,3,1,1,2.06,2,3,4,bank_transfer
VCH_07327,38,0,1.0,0,3,5,2,1,4.12,4,8,4,cash_at_till
VCH_07328,29,2,0.2143,7,3,2,1,1,2.62,2,1,6,bank_transfer
VCH_07329,31,0,1.0,7,2,5,29,0,4.73,0,7,12,wallet
VCH_07330,5,0,1.0,3,1,4,29,0,1.15,4,2,6,cash_at_till
VCH_07331,17,0,1.0,0,3,5,1,1,7.08,4,4,7,cash_at_till
VCH_07332,55,1,1.0,5,2,3,28,0,1.84,3,5,7,merchant_payment
VCH_07333,57,4,1.0,1,2,4,1,1,4.22,3,3,3,merchant_payment
VCH_07334,49,4,1.0,4,3,1,15,0,7.95,3,3,12,merchant_payment
VCH_07335,16,1,1.0,4,4,3,30,0,8.31,4,2,10,cash_at_till
VCH_07336,31,3,0.2143,1,4,4,28,0,6.44,2,4,6,bank_transfer
VCH_07337,7,1,1.0,4,2,3,1,1,2.36,0,3,7,wallet
VCH_07338,15,3,0.2143,3,4,2,1,1,13.0,3,0,12,merchant_payment
VCH_07339,16,2,0.2143,5,0,3,29,0,3.11,4,1,10,cash_at_till
VCH_07340,50,0,1.0,8,3,0,1,1,2.15,0,5,7,wallet
VCH_07341,12,0,1.0,9,4,6,3,1,2.56,2,4,6,bank_transfer
VCH_07342,16,2,0.2143,6,2,5,1,1,3.83,2,3,7,bank_transfer
VCH_07343,50,3,0.2143,9,5,5,16,0,5.39,2,7,9,bank_transfer
VCH_07344,56,1,1.0,1,2,3,3,1,4.01,3,2,7,merchant_payment
VCH_07345,16,1,1.0,5,2,1,1,1,2.6,2,1,6,bank_transfer
VCH_07346,6,0,1.0,6,2,2,15,0,6.29,4,4,10,cash_at_till
VCH_07347,40,0,1.0,10,5,0,2,1,5.82,4,3,7,cash_at_till
VCH_07348,50,1,1.0,3,3,6,30,0,6.03,3,4,12,merchant_payment
VCH_07349,25,3,0.2143,1,3,2,1,1,6.78,3,3,9,merchant_payment
VCH_07350,36,3,0.2143,5,0,4,28,0,5.4,2,2,11,bank_transfer
VCH_07351,47,2,0.2143,2,3,2,29,0,9.33,3,1,7,merchant_payment
VCH_07352,7,4,1.0,2,3,6,3,1,5.01,0,1,3,wallet
VCH_07353,26,3,0.2143,2,5,0,3,1,1.36,4,2,4,cash_at_till
VCH_07354,11,0,1.0,12,0,4,1,1,5.78,2,7,10,bank_transfer
VCH_07355,8,0,1.0,5,5,0,1,1,2.71,1,4,7,cash_out
VCH_07356,11,2,0.2143,1,4,3,2,1,16.94,3,1,11,merchant_payment
VCH_07357,7,1,1.0,5,0,4,2,1,5.0,3,3,7,merchant_payment
VCH_07358,33,2,0.2143,4,1,5,1,1,4.5,0,1,6,wallet
VCH_07359,17,1,1.0,3,2,0,15,0,3.56,4,5,8,cash_at_till
VCH_07360,46,1,1.0,4,2,3,1,1,5.92,3,4,11,merchant_payment
VCH_07361,6,4,1.0,1,1,1,3,1,7.34,3,3,5,merchant_payment
VCH_07362,9,2,0.2143,0,1,6,15,0,2.27,1,2,4,cash_out
VCH_07363,40,0,1.0,2,3,4,16,0,5.52,0,3,6,wallet
VCH_07364,24,3,0.2143,12,0,6,1,1,6.91,3,2,8,merchant_payment
VCH_07365,43,0,1.0,12,0,6,15,0,7.02,2,2,10,bank_transfer
VCH_07366,46,4,1.0,7,0,4,16,0,5.23,1,5,9,cash_out
VCH_07367,50,1,1.0,3,1,1,2,1,12.52,3,3,11,merchant_payment
VCH_07368,41,0,1.0,2,1,2,2,1,1.92,1,2,2,cash_out
VCH_07369,10,1,1.0,7,1,0,1,1,10.24,0,3,9,wallet
VCH_07370,49,1,1.0,6,2,2,28,0,7.57,2,1,12,bank_transfer
VCH_07371,1,1,1.0,2,0,4,1,1,7.64,3,2,8,merchant_payment
VCH_07372,26,2,0.2143,0,0,4,2,1,1.49,3,6,3,merchant_payment
VCH_07373,35,0,1.0,2,5,5,15,0,4.41,0,3,6,wallet
VCH_07374,38,0,1.0,3,4,3,29,0,3.78,4,3,9,cash_at_till
VCH_07375,34,0,1.0,5,5,4,1,1,5.91,1,8,13,cash_out
VCH_07376,47,1,1.0,2,2,5,15,0,13.85,1,3,11,cash_out
VCH_07377,30,2,0.2143,0,3,3,1,1,5.13,4,0,3,cash_at_till
VCH_07378,6,0,1.0,4,5,6,29,0,2.5,0,4,7,wallet
VCH_07379,51,1,1.0,9,0,2,2,1,1.09,0,2,4,wallet
VCH_07380,24,1,1.0,0,0,1,30,0,2.23,4,4,4,cash_at_till
VCH_07381,22,2,0.2143,0,1,3,28,0,8.28,3,3,10,merchant_payment
VCH_07382,41,0,1.0,3,5,3,30,0,5.83,3,5,15,merchant_payment
VCH_07383,5,4,1.0,4,4,2,3,1,4.55,2,0,7,bank_transfer
VCH_07384,27,1,1.0,11,4,1,29,0,3.87,0,2,8,wallet
VCH_07385,39,4,1.0,8,3,2,28,0,4.47,3,1,11,merchant_payment
VCH_07386,21,0,1.0,4,2,1,30,0,3.7,0,2,7,wallet
VCH_07387,31,0,1.0,3,5,4,16,0,4.38,4,5,9,cash_at_till
VCH_07388,45,0,1.0,4,3,1,2,1,3.07,2,0,6,bank_transfer
VCH_07389,26,0,1.0,2,0,6,1,1,7.44,3,2,4,merchant_payment
VCH_07390,54,3,0.2143,4,3,6,3,1,14.06,0,4,15,wallet
VCH_07391,4,1,1.0,1,2,1,29,0,4.8,1,4,6,cash_out
VCH_07392,40,0,1.0,10,0,4,28,0,23.24,1,3,21,cash_out
VCH_07393,46,1,1.0,0,5,5,1,1,8.69,0,1,6,wallet
VCH_07394,49,2,0.2143,3,0,5,15,0,7.04,0,5,10,wallet
VCH_07395,51,0,1.0,10,4,4,2,1,4.49,2,1,14,bank_transfer
VCH_07396,49,0,1.0,3,5,5,3,1,2.26,2,4,10,bank_transfer
VCH_07397,58,0,1.0,5,4,1,1,1,5.58,2,1,7,bank_transfer
VCH_07398,54,0,1.0,8,0,6,2,1,6.72,1,5,17,cash_out
VCH_07399,20,2,0.2143,3,2,5,2,1,3.91,0,0,5,wallet
VCH_07400,31,1,1.0,1,2,0,2,1,3.24,0,5,3,wallet
VCH_07401,3,4,1.0,10,5,5,1,1,3.21,1,2,5,cash_out
VCH_07402,15,0,1.0,6,3,2,30,0,6.75,2,5,12,bank_transfer
VCH_07403,56,2,0.2143,3,0,6,2,1,4.4,2,1,6,bank_transfer
VCH_07404,53,1,1.0,4,0,6,28,0,3.94,2,4,9,bank_transfer
VCH_07405,9,3,0.2143,11,3,3,28,0,7.22,1,2,11,cash_out
VCH_07406,19,2,0.2143,0,2,0,1,1,4.61,0,4,2,wallet
VCH_07407,22,2,0.2143,3,3,6,30,0,1.01,3,5,5,merchant_payment
VCH_07408,23,0,1.0,6,1,1,1,1,5.7,0,3,6,wallet
VCH_07409,44,4,1.0,3,2,3,28,0,7.59,0,4,13,wallet
VCH_07410,59,4,1.0,5,1,3,3,1,3.37,4,3,5,cash_at_till
VCH_07411,3,2,0.2143,0,1,5,16,0,5.68,4,1,6,cash_at_till
VCH_07412,33,1,1.0,0,1,6,30,0,3.34,1,4,5,cash_out
VCH_07413,26,0,1.0,9,0,6,29,0,1.67,3,3,6,merchant_payment
VCH_07414,9,0,1.0,10,0,3,1,1,8.27,1,7,8,cash_out
VCH_07415,8,3,0.2143,13,3,6,1,1,2.05,0,2,4,wallet
VCH_07416,31,2,0.2143,0,4,0,1,1,2.61,1,1,3,cash_out
VCH_07417,0,1,1.0,5,1,2,28,0,2.01,3,2,6,merchant_payment
VCH_07418,0,2,0.2143,3,3,4,3,1,6.05,4,2,9,cash_at_till
VCH_07419,37,2,0.2143,0,2,6,28,0,5.72,3,2,5,merchant_payment
VCH_07420,0,1,1.0,5,1,3,1,1,4.34,0,2,6,wallet
VCH_07421,29,1,1.0,3,4,4,1,1,5.7,0,4,8,wallet
VCH_07422,54,0,1.0,0,1,2,29,0,1.0,1,3,3,cash_out
VCH_07423,53,2,0.2143,1,2,2,3,1,4.57,0,4,3,wallet
VCH_07424,0,2,0.2143,3,5,3,1,1,3.7,3,1,5,merchant_payment
VCH_07425,44,0,1.0,3,3,5,2,1,2.71,2,4,7,bank_transfer
VCH_07426,50,0,1.0,10,3,3,1,1,6.44,2,3,8,bank_transfer
VCH_07427,34,0,1.0,5,4,4,15,0,3.38,2,1,8,bank_transfer
VCH_07428,15,2,0.2143,10,0,3,1,1,13.84,3,5,12,merchant_payment
VCH_07429,23,4,1.0,5,5,5,28,0,4.43,2,3,8,bank_transfer
VCH_07430,5,0,1.0,0,1,1,28,0,3.16,1,3,5,cash_out
VCH_07431,25,1,1.0,0,1,3,30,0,6.28,1,2,9,cash_out
VCH_07432,10,0,1.0,5,0,0,15,0,14.22,0,4,14,wallet
VCH_07433,32,2,0.2143,13,0,0,29,0,5.5,3,5,12,merchant_payment
VCH_07434,0,4,1.0,13,0,5,30,0,6.22,3,0,9,merchant_payment
VCH_07435,54,0,1.0,1,2,5,1,1,5.05,1,1,3,cash_out
VCH_07436,33,1,1.0,2,1,0,1,1,4.23,2,3,3,bank_transfer
VCH_07437,10,0,1.0,1,4,4,1,1,5.25,2,4,3,bank_transfer
VCH_07438,48,0,1.0,5,0,4,1,1,5.69,0,2,6,wallet
VCH_07439,8,3,0.2143,5,0,2,1,1,6.64,3,3,11,merchant_payment
VCH_07440,19,1,1.0,0,5,0,15,0,1.82,0,3,6,wallet
VCH_07441,53,0,1.0,4,3,6,1,1,3.12,4,3,6,cash_at_till
VCH_07442,39,3,0.2143,1,3,0,29,0,10.64,3,1,8,merchant_payment
VCH_07443,48,0,1.0,5,1,2,28,0,1.0,2,3,7,bank_transfer
VCH_07444,27,0,1.0,2,0,6,1,1,5.4,2,2,4,bank_transfer
VCH_07445,48,0,1.0,9,2,6,1,1,5.07,1,2,14,cash_out
VCH_07446,14,3,0.2143,2,0,6,2,1,3.28,0,3,3,wallet
VCH_07447,46,0,1.0,7,1,4,28,0,2.65,1,3,8,cash_out
VCH_07448,6,0,1.0,0,1,1,1,1,1.28,1,4,1,cash_out
VCH_07449,47,1,1.0,3,3,2,28,0,6.35,4,3,10,cash_at_till
VCH_07450,9,0,1.0,0,1,3,28,0,6.82,1,2,6,cash_out
VCH_07451,32,2,0.2143,5,5,4,2,1,3.62,2,9,7,bank_transfer
VCH_07452,31,1,1.0,12,1,2,16,0,2.15,4,3,13,cash_at_till
VCH_07453,31,0,1.0,4,1,6,1,1,5.25,1,5,6,cash_out
VCH_07454,20,0,1.0,1,2,1,16,0,1.89,1,1,3,cash_out
VCH_07455,39,2,0.2143,4,0,5,16,0,5.63,0,1,9,wallet
VCH_07456,6,0,1.0,0,3,1,2,1,1.42,1,2,2,cash_out
VCH_07457,32,3,0.2143,1,2,5,3,1,7.63,0,3,4,wallet
VCH_07458,46,2,0.2143,10,3,4,2,1,1.79,1,4,4,cash_out
VCH_07459,46,1,1.0,1,4,3,3,1,7.38,1,4,5,cash_out
VCH_07460,13,2,0.2143,10,0,2,1,1,7.29,2,2,11,bank_transfer
VCH_07461,46,2,0.2143,2,4,1,28,0,2.08,3,5,8,merchant_payment
VCH_07462,21,4,1.0,9,0,3,15,0,3.29,0,1,7,wallet
VCH_07463,9,3,0.2143,10,2,0,30,0,5.64,2,4,8,bank_transfer
VCH_07464,32,0,1.0,3,2,0,2,1,3.49,3,5,6,merchant_payment
VCH_07465,27,2,0.2143,2,2,2,1,1,5.47,3,2,3,merchant_payment
VCH_07466,3,0,1.0,6,2,4,16,0,4.09,1,0,9,cash_out
VCH_07467,19,3,0.2143,2,5,4,29,0,6.27,2,5,5,bank_transfer
VCH_07468,28,1,1.0,0,5,5,15,0,2.36,0,7,5,wallet
VCH_07469,3,0,1.0,4,5,5,30,0,7.16,2,4,10,bank_transfer
VCH_07470,22,4,1.0,5,0,2,30,0,6.21,1,5,10,cash_out
VCH_07471,36,1,1.0,10,1,2,1,1,2.44,3,2,5,merchant_payment
VCH_07472,37,1,1.0,0,4,5,2,1,5.12,0,1,3,wallet
VCH_07473,53,0,1.0,10,3,0,29,0,11.83,0,4,12,wallet
VCH_07474,34,0,1.0,7,3,1,30,0,2.13,0,2,6,wallet
VCH_07475,44,0,1.0,4,5,1,29,0,5.63,1,4,9,cash_out
VCH_07476,11,2,0.2143,12,2,0,28,0,2.19,3,5,9,merchant_payment
VCH_07477,9,2,0.2143,5,3,1,28,0,9.09,0,2,11,wallet
VCH_07478,38,2,0.2143,11,2,3,2,1,8.28,2,6,8,bank_transfer
VCH_07479,0,0,1.0,2,0,6,1,1,4.36,1,9,6,cash_out
VCH_07480,22,2,0.2143,6,4,5,30,0,5.24,3,1,8,merchant_payment
VCH_07481,9,3,0.2143,2,5,4,2,1,2.37,3,3,6,merchant_payment
VCH_07482,13,0,1.0,7,2,1,29,0,6.65,3,2,9,merchant_payment
VCH_07483,1,1,1.0,4,1,1,29,0,5.19,2,4,8,bank_transfer
VCH_07484,39,1,1.0,0,5,0,1,1,3.23,0,4,3,wallet
VCH_07485,50,2,0.2143,4,1,4,3,1,3.81,1,5,7,cash_out
VCH_07486,44,0,1.0,10,3,2,1,1,3.55,0,1,5,wallet
VCH_07487,59,0,1.0,2,0,5,15,0,3.33,0,0,9,wallet
VCH_07488,43,0,1.0,2,5,1,15,0,2.61,1,5,6,cash_out
VCH_07489,47,2,0.2143,9,5,1,1,1,2.21,3,3,9,merchant_payment
VCH_07490,18,2,0.2143,5,5,5,30,0,2.39,4,2,7,cash_at_till
VCH_07491,35,2,0.2143,3,2,1,29,0,2.48,0,0,6,wallet
VCH_07492,48,1,1.0,0,0,2,28,0,5.0,0,3,7,wallet
VCH_07493,37,0,1.0,11,5,5,2,1,5.12,1,4,6,cash_out
VCH_07494,9,0,1.0,4,0,3,29,0,11.84,0,4,13,wallet
VCH_07495,35,2,0.2143,3,5,0,1,1,3.42,1,4,8,cash_out
VCH_07496,2,0,1.0,3,2,5,1,1,11.48,0,3,13,wallet
VCH_07497,3,0,1.0,7,5,4,1,1,2.46,1,2,5,cash_out
VCH_07498,46,2,0.2143,2,3,3,30,0,1.83,0,1,3,wallet
VCH_07499,38,1,1.0,4,1,2,3,1,5.53,3,4,8,merchant_payment
VCH_07500,52,1,1.0,5,1,6,1,1,1.0,4,2,4,cash_at_till
VCH_07501,19,0,1.0,6,0,6,3,1,2.27,3,3,5,merchant_payment
VCH_07502,21,3,0.2143,3,0,5,1,1,5.42,0,3,8,wallet
VCH_07503,30,0,1.0,4,1,6,29,0,4.63,1,4,8,cash_out
VCH_07504,32,0,1.0,8,1,4,1,1,1.78,3,4,4,merchant_payment
VCH_07505,51,0,1.0,10,3,6,2,1,1.83,0,2,4,wallet
VCH_07506,3,0,1.0,5,2,5,28,0,1.04,0,5,9,wallet
VCH_07507,45,0,1.0,1,3,6,29,0,2.15,3,6,4,merchant_payment
VCH_07508,43,4,1.0,1,1,6,1,1,1.8,3,2,1,merchant_payment
VCH_07509,5,0,1.0,0,4,3,16,0,5.11,1,6,5,cash_out
VCH_07510,2,0,1.0,1,2,3,15,0,1.01,1,6,3,cash_out
VCH_07511,40,2,0.2143,10,0,3,2,1,2.4,3,3,8,merchant_payment
VCH_07512,3,2,0.2143,0,3,1,2,1,8.54,3,2,9,merchant_payment
VCH_07513,24,0,1.0,5,0,5,1,1,6.64,4,5,9,cash_at_till
VCH_07514,24,2,0.2143,13,4,2,30,0,8.46,3,1,12,merchant_payment
VCH_07515,28,2,0.2143,3,3,3,1,1,7.52,2,5,8,bank_transfer
VCH_07516,3,3,0.2143,6,5,5,29,0,3.74,4,3,11,cash_at_till
VCH_07517,33,2,0.2143,4,4,6,16,0,11.27,0,1,13,wallet
VCH_07518,46,0,1.0,0,4,0,28,0,27.79,0,4,19,wallet
VCH_07519,35,2,0.2143,6,3,2,29,0,15.71,1,4,19,cash_out
VCH_07520,41,2,0.2143,13,0,6,30,0,6.04,2,1,9,bank_transfer
VCH_07521,19,2,0.2143,2,0,2,15,0,3.58,2,4,5,bank_transfer
VCH_07522,12,0,1.0,13,3,0,2,1,8.25,0,2,8,wallet
VCH_07523,26,0,1.0,7,4,6,29,0,2.0,0,3,9,wallet
VCH_07524,45,3,0.2143,0,5,6,15,0,2.4,4,0,3,cash_at_till
VCH_07525,20,0,1.0,11,5,2,30,0,4.0,1,3,8,cash_out
VCH_07526,10,2,0.2143,10,5,3,16,0,3.68,1,3,8,cash_out
VCH_07527,15,0,1.0,3,0,5,28,0,2.77,0,2,7,wallet
VCH_07528,18,0,1.0,4,5,1,1,1,4.14,3,4,6,merchant_payment
VCH_07529,40,1,1.0,11,3,5,3,1,3.35,2,2,5,bank_transfer
VCH_07530,0,2,0.2143,0,2,3,28,0,3.69,1,0,4,cash_out
VCH_07531,49,2,0.2143,5,0,4,1,1,5.17,1,2,7,cash_out
VCH_07532,47,2,0.2143,2,3,3,1,1,4.9,3,2,4,merchant_payment
VCH_07533,58,0,1.0,5,0,1,1,1,5.77,0,1,6,wallet
VCH_07534,16,1,1.0,3,5,2,1,1,3.52,2,3,6,bank_transfer
VCH_07535,25,1,1.0,12,0,2,28,0,3.48,3,4,8,merchant_payment
VCH_07536,1,0,1.0,11,1,1,30,0,2.83,3,2,8,merchant_payment
VCH_07537,12,3,0.2143,11,1,4,1,1,7.07,2,6,7,bank_transfer
VCH_07538,30,0,1.0,0,4,5,29,0,8.6,3,7,10,merchant_payment
VCH_07539,19,1,1.0,9,1,4,3,1,5.69,0,3,6,wallet
VCH_07540,7,1,1.0,4,3,4,3,1,3.46,1,2,6,cash_out
VCH_07541,33,0,1.0,0,3,4,29,0,3.93,3,4,6,merchant_payment
VCH_07542,44,2,0.2143,0,5,6,29,0,3.49,2,5,9,bank_transfer
VCH_07543,28,2,0.2143,8,0,5,30,0,11.56,4,4,15,cash_at_till
VCH_07544,48,3,0.2143,2,5,3,1,1,2.3,1,3,1,cash_out
VCH_07545,51,0,1.0,5,2,4,1,1,3.64,1,5,5,cash_out
VCH_07546,11,0,1.0,4,5,5,1,1,5.52,1,4,9,cash_out
VCH_07547,27,0,1.0,5,3,5,2,1,3.71,2,6,5,bank_transfer
VCH_07548,33,0,1.0,3,1,2,3,1,5.24,2,3,6,bank_transfer
VCH_07549,57,2,0.2143,4,0,5,1,1,5.54,2,6,12,bank_transfer
VCH_07550,25,0,1.0,0,1,0,2,1,4.69,1,2,6,cash_out
VCH_07551,21,1,1.0,0,0,2,29,0,3.95,3,1,8,merchant_payment
VCH_07552,10,0,1.0,10,2,6,29,0,1.47,0,8,6,wallet
VCH_07553,28,4,1.0,1,5,4,1,1,1.99,0,3,2,wallet
VCH_07554,4,0,1.0,13,5,2,1,1,11.91,0,3,13,wallet
VCH_07555,22,1,1.0,6,2,6,3,1,3.62,1,3,7,cash_out
VCH_07556,59,3,0.2143,12,3,1,29,0,9.47,0,5,10,wallet
VCH_07557,20,0,1.0,2,4,2,1,1,6.86,0,3,6,wallet
VCH_07558,20,1,1.0,0,3,2,15,0,8.39,1,1,9,cash_out
VCH_07559,38,1,1.0,13,0,5,15,0,9.78,2,3,16,bank_transfer
VCH_07560,46,2,0.2143,12,5,6,1,1,9.87,1,2,9,cash_out
VCH_07561,47,0,1.0,6,0,3,15,0,4.69,4,3,11,cash_at_till
VCH_07562,48,0,1.0,7,0,3,1,1,8.67,2,7,10,bank_transfer
VCH_07563,51,2,0.2143,0,5,2,2,1,1.59,3,4,3,merchant_payment
VCH_07564,23,0,1.0,0,1,2,30,0,20.93,1,6,14,cash_out
VCH_07565,41,0,1.0,6,3,5,1,1,5.72,1,3,10,cash_out
VCH_07566,37,0,1.0,3,0,1,15,0,1.93,0,2,7,wallet
VCH_07567,4,2,0.2143,3,4,0,1,1,3.87,0,3,6,wallet
VCH_07568,5,3,0.2143,5,5,1,1,1,4.18,4,1,5,cash_at_till
VCH_07569,46,2,0.2143,1,3,1,30,0,6.29,3,1,6,merchant_payment
VCH_07570,4,0,1.0,7,0,3,30,0,2.67,0,1,7,wallet
VCH_07571,56,0,1.0,4,3,4,1,1,5.69,1,2,13,cash_out
VCH_07572,20,0,1.0,0,1,6,2,1,3.61,0,2,2,wallet
VCH_07573,48,0,1.0,2,0,4,1,1,4.87,2,2,3,bank_transfer
VCH_07574,21,4,1.0,0,1,0,15,0,1.41,3,4,5,merchant_payment
VCH_07575,57,3,0.2143,12,4,1,1,1,2.77,3,3,4,merchant_payment
VCH_07576,19,2,0.2143,13,0,0,3,1,4.88,0,3,8,wallet
VCH_07577,38,2,0.2143,1,5,0,2,1,14.01,0,3,11,wallet
VCH_07578,55,1,1.0,9,3,4,1,1,3.03,1,0,6,cash_out
VCH_07579,1,1,1.0,0,4,1,30,0,4.91,1,7,6,cash_out
VCH_07580,15,0,1.0,0,4,5,1,1,3.71,2,4,3,bank_transfer
VCH_07581,21,1,1.0,13,3,2,30,0,17.27,3,3,18,merchant_payment
VCH_07582,36,2,0.2143,5,3,3,28,0,3.46,4,2,7,cash_at_till
VCH_07583,16,1,1.0,0,2,5,3,1,6.59,0,3,4,wallet
VCH_07584,31,0,1.0,1,4,3,29,0,3.24,1,2,4,cash_out
VCH_07585,37,0,1.0,1,2,4,29,0,2.07,0,4,4,wallet
VCH_07586,58,1,1.0,4,2,5,15,0,14.94,3,3,16,merchant_payment
VCH_07587,50,2,0.2143,5,1,6,1,1,5.5,2,4,13,bank_transfer
VCH_07588,20,4,1.0,4,5,2,29,0,2.46,3,5,9,merchant_payment
VCH_07589,42,2,0.2143,12,3,0,28,0,13.45,0,2,13,wallet
VCH_07590,51,1,1.0,2,1,0,3,1,5.03,4,2,3,cash_at_till
VCH_07591,18,1,1.0,7,4,6,1,1,3.29,2,3,5,bank_transfer
VCH_07592,2,0,1.0,1,2,0,15,0,2.35,2,1,4,bank_transfer
VCH_07593,49,4,1.0,2,1,5,15,0,1.0,2,5,9,bank_transfer
VCH_07594,37,2,0.2143,0,2,3,3,1,7.72,1,4,6,cash_out
VCH_07595,8,4,1.0,5,0,4,15,0,7.27,3,1,9,merchant_payment
VCH_07596,58,1,1.0,0,3,1,1,1,1.63,3,0,4,merchant_payment
VCH_07597,57,4,1.0,2,5,6,3,1,3.84,0,2,2,wallet
VCH_07598,43,0,1.0,10,1,3,3,1,2.16,0,2,4,wallet
VCH_07599,59,0,1.0,12,4,3,30,0,4.35,1,5,10,cash_out
VCH_07600,0,1,1.0,10,1,1,3,1,1.0,1,4,6,cash_out
VCH_07601,27,3,0.2143,0,4,2,29,0,6.59,2,3,9,bank_transfer
VCH_07602,15,2,0.2143,1,5,4,1,1,4.18,4,1,5,cash_at_till
VCH_07603,56,2,0.2143,2,2,1,1,1,7.91,1,3,12,cash_out
VCH_07604,3,2,0.2143,8,3,5,3,1,10.71,1,3,10,cash_out
VCH_07605,58,2,0.2143,5,5,2,1,1,6.58,0,2,9,wallet
VCH_07606,49,2,0.2143,2,4,3,29,0,9.11,3,4,8,merchant_payment
VCH_07607,45,0,1.0,12,0,4,3,1,3.65,3,4,8,merchant_payment
VCH_07608,32,0,1.0,10,2,0,2,1,9.29,1,3,13,cash_out
VCH_07609,51,4,1.0,3,5,3,1,1,17.49,1,5,14,cash_out
VCH_07610,3,0,1.0,2,5,4,1,1,4.12,2,5,2,bank_transfer
VCH_07611,29,0,1.0,4,2,4,1,1,5.85,1,3,7,cash_out
VCH_07612,23,3,0.2143,7,0,1,1,1,3.61,1,5,9,cash_out
VCH_07613,1,0,1.0,0,4,1,29,0,10.96,1,0,9,cash_out
VCH_07614,45,0,1.0,1,5,4,29,0,10.68,1,7,15,cash_out
VCH_07615,18,4,1.0,3,4,1,1,1,6.37,0,0,7,wallet
VCH_07616,32,0,1.0,6,4,3,3,1,2.39,3,4,5,merchant_payment
VCH_07617,26,3,0.2143,13,4,5,1,1,4.21,2,3,7,bank_transfer
VCH_07618,25,0,1.0,10,2,4,1,1,7.19,0,1,8,wallet
VCH_07619,8,0,1.0,5,5,4,1,1,4.36,3,2,6,merchant_payment
VCH_07620,18,0,1.0,12,0,0,3,1,2.55,1,3,5,cash_out
VCH_07621,34,1,1.0,0,0,1,28,0,2.35,0,4,3,wallet
VCH_07622,40,0,1.0,2,0,4,29,0,6.25,2,1,10,bank_transfer
VCH_07623,30,2,0.2143,8,2,6,28,0,1.6,0,2,6,wallet
VCH_07624,41,4,1.0,1,2,6,1,1,4.13,0,6,3,wallet
VCH_07625,21,0,1.0,2,3,1,1,1,6.05,3,5,4,merchant_payment
VCH_07626,49,0,1.0,0,4,1,3,1,6.96,1,3,10,cash_out
VCH_07627,14,0,1.0,9,3,6,15,0,4.63,3,2,8,merchant_payment
VCH_07628,21,3,0.2143,2,4,2,3,1,9.88,2,1,6,bank_transfer
VCH_07629,26,2,0.2143,0,2,1,29,0,5.85,3,4,5,merchant_payment
VCH_07630,28,0,1.0,3,0,6,1,1,4.36,0,5,6,wallet
VCH_07631,52,2,0.2143,6,5,2,30,0,2.28,3,4,8,merchant_payment
VCH_07632,1,2,0.2143,0,1,3,28,0,4.2,0,2,5,wallet
VCH_07633,2,2,0.2143,6,5,2,1,1,6.03,0,2,8,wallet
VCH_07634,52,1,1.0,4,0,0,28,0,6.02,4,4,9,cash_at_till
VCH_07635,17,2,0.2143,13,4,1,30,0,3.99,1,1,7,cash_out
VCH_07636,24,0,1.0,1,0,2,16,0,2.4,0,4,4,wallet
VCH_07637,43,2,0.2143,9,4,2,1,1,6.28,0,1,9,wallet
VCH_07638,21,3,0.2143,5,3,6,16,0,3.89,0,4,11,wallet
VCH_07639,45,2,0.2143,3,1,5,15,0,2.2,0,0,6,wallet
VCH_07640,17,2,0.2143,3,3,2,3,1,2.73,1,0,5,cash_out
VCH_07641,33,0,1.0,4,3,3,1,1,3.9,2,3,7,bank_transfer
VCH_07642,14,0,1.0,3,4,2,2,1,2.6,0,4,6,wallet
VCH_07643,9,2,0.2143,1,3,1,1,1,2.14,4,3,4,cash_at_till
VCH_07644,41,0,1.0,0,4,4,15,0,8.92,4,3,13,cash_at_till
VCH_07645,41,2,0.2143,5,5,6,15,0,9.44,3,4,14,merchant_payment
VCH_07646,13,0,1.0,4,1,2,1,1,5.06,1,5,6,cash_out
VCH_07647,22,2,0.2143,9,1,1,15,0,4.53,2,2,10,bank_transfer
VCH_07648,26,1,1.0,0,5,1,28,0,3.7,0,2,5,wallet
VCH_07649,45,0,1.0,1,4,2,28,0,5.33,3,3,10,merchant_payment
VCH_07650,57,3,0.2143,8,4,3,1,1,1.74,3,5,10,merchant_payment
VCH_07651,21,2,0.2143,10,3,2,1,1,2.28,3,2,4,merchant_payment
VCH_07652,47,2,0.2143,4,2,1,16,0,1.0,1,4,7,cash_out
VCH_07653,24,4,1.0,5,0,3,2,1,7.12,3,3,8,merchant_payment
VCH_07654,34,1,1.0,3,1,4,30,0,3.59,1,1,7,cash_out
VCH_07655,14,1,1.0,10,2,2,30,0,4.28,1,1,9,cash_out
VCH_07656,30,0,1.0,1,5,5,1,1,8.6,3,3,7,merchant_payment
VCH_07657,45,1,1.0,13,3,3,15,0,3.86,3,1,9,merchant_payment
VCH_07658,23,0,1.0,3,5,5,29,0,11.8,0,1,14,wallet
VCH_07659,36,0,1.0,4,4,1,29,0,1.65,2,3,8,bank_transfer
VCH_07660,26,1,1.0,3,5,6,1,1,4.49,0,2,7,wallet
VCH_07661,32,0,1.0,7,1,5,1,1,8.54,3,8,14,merchant_payment
VCH_07662,58,1,1.0,12,1,2,2,1,3.7,1,4,10,cash_out
VCH_07663,17,1,1.0,6,0,6,1,1,12.78,4,5,14,cash_at_till
VCH_07664,39,0,1.0,0,2,1,1,1,4.76,3,0,3,merchant_payment
VCH_07665,3,4,1.0,4,4,3,29,0,3.37,0,5,8,wallet
VCH_07666,28,4,1.0,10,1,5,3,1,8.48,1,7,10,cash_out
VCH_07667,35,0,1.0,1,4,3,1,1,6.09,3,2,5,merchant_payment
VCH_07668,44,4,1.0,0,3,3,2,1,1.59,1,4,1,cash_out
VCH_07669,43,0,1.0,6,3,1,29,0,3.26,4,3,7,cash_at_till
VCH_07670,12,1,1.0,1,1,6,15,0,6.75,3,1,6,merchant_payment
VCH_07671,43,2,0.2143,10,1,5,1,1,7.87,0,3,8,wallet
VCH_07672,51,2,0.2143,0,4,6,28,0,3.28,0,1,7,wallet
VCH_07673,10,0,1.0,1,2,4,1,1,8.82,2,6,5,bank_transfer
VCH_07674,11,0,1.0,4,4,5,1,1,7.16,0,4,10,wallet
VCH_07675,28,0,1.0,4,2,1,28,0,12.48,1,4,17,cash_out
VCH_07676,9,2,0.2143,0,3,4,2,1,2.38,1,6,5,cash_out
VCH_07677,23,1,1.0,4,5,2,30,0,8.88,4,3,13,cash_at_till
VCH_07678,17,0,1.0,4,5,3,30,0,4.5,0,7,9,wallet
VCH_07679,22,4,1.0,6,4,5,1,1,5.12,0,7,8,wallet
VCH_07680,11,3,0.2143,8,3,0,29,0,3.01,0,5,6,wallet
VCH_07681,37,2,0.2143,11,0,6,16,0,2.78,3,2,10,merchant_payment
VCH_07682,53,0,1.0,9,5,2,2,1,1.21,0,2,5,wallet
VCH_07683,50,4,1.0,4,0,4,1,1,3.56,2,4,6,bank_transfer
VCH_07684,10,0,1.0,0,0,6,29,0,6.18,0,4,7,wallet
VCH_07685,15,0,1.0,2,2,1,1,1,11.47,4,6,8,cash_at_till
VCH_07686,2,1,1.0,0,5,4,16,0,2.84,1,3,4,cash_out
VCH_07687,57,2,0.2143,2,4,0,1,1,2.19,1,6,8,cash_out
VCH_07688,30,4,1.0,9,3,2,1,1,3.18,3,3,6,merchant_payment
VCH_07689,5,3,0.2143,0,4,4,28,0,6.01,0,0,7,wallet
VCH_07690,34,1,1.0,4,3,5,16,0,4.12,0,2,8,wallet
VCH_07691,11,4,1.0,2,5,0,1,1,4.54,0,5,2,wallet
VCH_07692,3,2,0.2143,9,5,1,1,1,1.97,0,4,5,wallet
VCH_07693,39,0,1.0,2,2,6,1,1,2.55,3,6,1,merchant_payment
VCH_07694,46,1,1.0,5,5,5,30,0,1.94,1,3,10,cash_out
VCH_07695,47,1,1.0,8,5,4,1,1,4.01,3,3,8,merchant_payment
VCH_07696,44,0,1.0,4,4,5,3,1,3.19,3,6,8,merchant_payment
VCH_07697,55,2,0.2143,3,1,2,1,1,2.84,3,4,7,merchant_payment
VCH_07698,38,1,1.0,11,3,4,2,1,2.25,1,5,6,cash_out
VCH_07699,1,0,1.0,9,1,5,16,0,6.16,0,2,12,wallet
VCH_07700,49,1,1.0,9,1,3,30,0,21.02,1,4,21,cash_out
VCH_07701,3,0,1.0,2,5,2,2,1,4.52,1,4,4,cash_out
VCH_07702,41,2,0.2143,0,5,2,1,1,10.05,4,2,9,cash_at_till
VCH_07703,3,1,1.0,0,4,6,16,0,3.79,1,5,4,cash_out
VCH_07704,12,0,1.0,12,3,4,16,0,7.15,3,4,9,merchant_payment
VCH_07705,24,2,0.2143,6,1,5,29,0,14.75,0,8,18,wallet
VCH_07706,2,2,0.2143,0,0,0,30,0,5.93,1,4,6,cash_out
VCH_07707,54,1,1.0,3,3,6,28,0,1.7,3,3,6,merchant_payment
VCH_07708,45,0,1.0,13,5,0,1,1,2.26,0,5,5,wallet
VCH_07709,25,1,1.0,8,4,3,1,1,5.51,4,3,7,cash_at_till
VCH_07710,29,2,0.2143,3,2,3,30,0,11.09,3,9,12,merchant_payment
VCH_07711,31,2,0.2143,10,1,4,1,1,6.29,1,2,6,cash_out
VCH_07712,57,0,1.0,1,4,4,28,0,3.7,0,3,5,wallet
VCH_07713,36,1,1.0,5,1,5,2,1,1.8,4,3,9,cash_at_till
VCH_07714,52,1,1.0,4,0,3,15,0,3.08,0,4,9,wallet
VCH_07715,1,0,1.0,6,1,0,2,1,7.78,0,1,7,wallet
VCH_07716,58,2,0.2143,0,1,6,28,0,5.32,2,2,9,bank_transfer
VCH_07717,18,0,1.0,0,2,1,1,1,2.89,0,4,2,wallet
VCH_07718,28,0,1.0,11,1,5,1,1,5.92,3,6,7,merchant_payment
VCH_07719,24,3,0.2143,0,2,4,28,0,1.84,3,1,3,merchant_payment
VCH_07720,37,0,1.0,9,2,1,1,1,1.0,2,4,8,bank_transfer
VCH_07721,28,2,0.2143,2,5,0,28,0,2.03,0,3,4,wallet
VCH_07722,34,0,1.0,2,0,2,15,0,19.46,3,1,15,merchant_payment
VCH_07723,2,0,1.0,4,2,2,15,0,3.08,2,4,7,bank_transfer
VCH_07724,24,1,1.0,2,0,0,29,0,5.31,3,4,6,merchant_payment
VCH_07725,54,0,1.0,5,2,1,28,0,4.68,3,2,9,merchant_payment
VCH_07726,54,1,1.0,6,5,0,28,0,5.16,0,1,11,wallet
VCH_07727,31,0,1.0,2,5,0,28,0,15.72,0,5,12,wallet
VCH_07728,0,2,0.2143,7,1,4,3,1,8.68,3,4,9,merchant_payment
VCH_07729,2,1,1.0,4,4,6,3,1,5.32,0,0,6,wallet
VCH_07730,4,0,1.0,4,4,0,1,1,4.47,0,2,7,wallet
VCH_07731,31,0,1.0,6,5,3,28,0,9.15,4,6,11,cash_at_till
VCH_07732,46,3,0.2143,0,3,6,30,0,7.22,4,5,8,cash_at_till
VCH_07733,28,0,1.0,8,5,5,2,1,1.95,0,3,6,wallet
VCH_07734,5,0,1.0,0,2,3,28,0,3.48,4,3,4,cash_at_till
VCH_07735,32,2,0.2143,6,3,1,30,0,2.65,0,2,6,wallet
VCH_07736,7,2,0.2143,8,2,0,1,1,3.86,0,3,6,wallet
VCH_07737,33,2,0.2143,7,5,4,3,1,5.27,1,4,6,cash_out
VCH_07738,58,0,1.0,13,1,0,15,0,4.5,4,4,7,cash_at_till
VCH_07739,18,1,1.0,7,1,4,2,1,9.5,3,5,14,merchant_payment
VCH_07740,35,2,0.2143,0,1,4,1,1,4.02,3,5,4,merchant_payment
VCH_07741,2,2,0.2143,12,4,2,30,0,2.75,3,2,8,merchant_payment
VCH_07742,30,0,1.0,4,5,2,3,1,1.32,1,2,7,cash_out
VCH_07743,26,0,1.0,4,4,4,29,0,1.36,3,6,6,merchant_payment
VCH_07744,24,1,1.0,4,2,4,29,0,2.54,3,4,9,merchant_payment
VCH_07745,59,0,1.0,0,3,3,30,0,5.76,1,4,8,cash_out
VCH_07746,14,0,1.0,1,4,1,3,1,3.42,4,1,2,cash_at_till
VCH_07747,4,1,1.0,4,0,3,29,0,2.29,3,1,12,merchant_payment
VCH_07748,4,1,1.0,4,5,4,1,1,11.34,0,4,11,wallet
VCH_07749,38,0,1.0,10,1,5,29,0,6.35,0,5,13,wallet
VCH_07750,19,0,1.0,2,3,4,2,1,1.76,0,2,1,wallet
VCH_07751,26,0,1.0,2,1,6,15,0,5.53,2,3,5,bank_transfer
VCH_07752,13,0,1.0,10,3,5,16,0,2.3,0,5,6,wallet
VCH_07753,11,2,0.2143,0,0,4,28,0,4.55,0,4,7,wallet
VCH_07754,40,0,1.0,12,1,4,29,0,1.3,2,6,9,bank_transfer
VCH_07755,37,2,0.2143,4,2,6,29,0,3.22,2,5,7,bank_transfer
VCH_07756,32,0,1.0,0,3,4,15,0,6.87,0,4,11,wallet
VCH_07757,24,0,1.0,3,4,2,30,0,3.26,0,5,13,wallet
VCH_07758,54,1,1.0,12,4,1,30,0,5.18,1,1,8,cash_out
VCH_07759,58,0,1.0,0,3,5,15,0,5.28,2,2,6,bank_transfer
VCH_07760,22,1,1.0,2,0,6,1,1,7.96,3,3,4,merchant_payment
VCH_07761,6,1,1.0,11,2,4,1,1,4.73,0,0,7,wallet
VCH_07762,32,1,1.0,9,3,0,3,1,5.46,2,8,8,bank_transfer
VCH_07763,26,0,1.0,4,2,5,15,0,4.68,0,0,8,wallet
VCH_07764,52,0,1.0,12,1,0,28,0,3.85,1,6,8,cash_out
VCH_07765,45,2,0.2143,0,2,6,28,0,6.67,1,6,10,cash_out
VCH_07766,10,4,1.0,7,3,1,1,1,4.39,3,4,6,merchant_payment
VCH_07767,26,2,0.2143,0,5,1,29,0,1.69,4,1,3,cash_at_till
VCH_07768,11,1,1.0,4,1,1,1,1,5.98,3,0,9,merchant_payment
VCH_07769,1,1,1.0,4,5,6,30,0,13.24,0,6,13,wallet
VCH_07770,3,1,1.0,13,3,3,28,0,7.06,0,8,11,wallet
VCH_07771,3,1,1.0,3,3,3,2,1,7.84,0,3,8,wallet
VCH_07772,11,2,0.2143,2,2,1,28,0,9.62,1,2,8,cash_out
VCH_07773,22,2,0.2143,2,1,2,1,1,9.45,3,6,6,merchant_payment
VCH_07774,11,2,0.2143,8,3,6,30,0,2.88,3,3,9,merchant_payment
VCH_07775,18,1,1.0,0,0,2,3,1,4.63,3,2,6,merchant_payment
VCH_07776,26,0,1.0,0,4,2,1,1,1.22,3,2,6,merchant_payment
VCH_07777,18,0,1.0,13,4,1,1,1,7.16,2,2,8,bank_transfer
VCH_07778,22,0,1.0,11,4,1,29,0,6.55,2,3,9,bank_transfer
VCH_07779,34,3,0.2143,0,2,4,29,0,2.83,0,1,3,wallet
VCH_07780,24,2,0.2143,0,2,2,15,0,5.05,3,2,14,merchant_payment
VCH_07781,47,1,1.0,0,3,5,30,0,5.89,3,4,9,merchant_payment
VCH_07782,42,0,1.0,1,3,2,1,1,2.83,1,1,3,cash_out
VCH_07783,11,3,0.2143,6,0,3,1,1,4.01,0,7,9,wallet
VCH_07784,21,0,1.0,6,0,1,2,1,7.21,2,1,9,bank_transfer
VCH_07785,28,2,0.2143,0,4,1,1,1,5.48,0,2,7,wallet
VCH_07786,20,0,1.0,1,0,1,1,1,7.67,1,0,5,cash_out
VCH_07787,45,0,1.0,13,0,5,28,0,6.89,0,1,13,wallet
VCH_07788,1,2,0.2143,3,5,4,1,1,1.0,4,6,4,cash_at_till
VCH_07789,23,2,0.2143,10,1,3,28,0,4.1,4,1,8,cash_at_till
VCH_07790,18,2,0.2143,7,4,2,2,1,4.79,1,5,10,cash_out
VCH_07791,1,4,1.0,0,0,0,28,0,1.97,2,1,10,bank_transfer
VCH_07792,40,0,1.0,8,4,2,1,1,3.87,0,3,5,wallet
VCH_07793,55,0,1.0,3,0,1,29,0,6.95,3,8,9,merchant_payment
VCH_07794,4,2,0.2143,13,2,2,2,1,1.94,0,7,5,wallet
VCH_07795,27,3,0.2143,9,0,4,1,1,8.45,2,3,8,bank_transfer
VCH_07796,18,2,0.2143,13,1,4,29,0,4.35,1,4,8,cash_out
VCH_07797,12,2,0.2143,5,1,2,15,0,2.46,4,5,6,cash_at_till
VCH_07798,56,1,1.0,2,3,0,15,0,1.61,0,2,3,wallet
VCH_07799,32,0,1.0,3,4,2,1,1,2.18,2,10,5,bank_transfer
VCH_07800,1,1,1.0,6,3,1,1,1,6.69,0,4,7,wallet
VCH_07801,17,1,1.0,0,4,1,2,1,3.0,0,2,3,wallet
VCH_07802,54,2,0.2143,7,1,1,3,1,3.34,0,5,5,wallet
VCH_07803,42,1,1.0,0,0,4,2,1,2.03,1,5,3,cash_out
VCH_07804,6,2,0.2143,12,2,2,15,0,4.83,2,2,10,bank_transfer
VCH_07805,21,1,1.0,8,1,2,15,0,2.64,0,3,10,wallet
VCH_07806,22,4,1.0,2,0,5,29,0,4.16,0,1,6,wallet
VCH_07807,1,0,1.0,2,2,2,2,1,11.22,0,5,9,wallet
VCH_07808,19,4,1.0,10,0,1,15,0,3.58,0,2,7,wallet
VCH_07809,51,4,1.0,2,2,4,28,0,8.3,1,3,7,cash_out
VCH_07810,32,4,1.0,1,4,3,1,1,1.87,3,3,14,merchant_payment
VCH_07811,30,2,0.2143,1,2,6,1,1,2.77,2,2,2,bank_transfer
VCH_07812,9,0,1.0,1,1,3,28,0,3.4,1,3,5,cash_out
VCH_07813,19,1,1.0,5,3,4,28,0,3.48,2,4,12,bank_transfer
VCH_07814,48,4,1.0,0,2,0,28,0,2.45,3,1,7,merchant_payment
VCH_07815,26,2,0.2143,2,5,5,16,0,8.53,0,3,9,wallet
VCH_07816,22,2,0.2143,1,1,6,29,0,5.05,3,2,7,merchant_payment
VCH_07817,39,1,1.0,0,2,4,2,1,5.54,1,4,4,cash_out
VCH_07818,59,1,1.0,2,2,6,29,0,4.02,0,3,6,wallet
VCH_07819,8,0,1.0,2,5,6,15,0,5.96,1,7,6,cash_out
VCH_07820,20,2,0.2143,1,5,1,29,0,2.91,0,4,7,wallet
VCH_07821,32,4,1.0,9,5,5,2,1,4.26,0,3,6,wallet
VCH_07822,32,0,1.0,9,3,0,1,1,6.67,3,2,7,merchant_payment
VCH_07823,33,2,0.2143,12,0,0,1,1,2.14,1,1,5,cash_out
VCH_07824,57,3,0.2143,3,5,1,15,0,3.74,3,2,9,merchant_payment
VCH_07825,52,2,0.2143,0,1,4,1,1,6.79,3,3,6,merchant_payment
VCH_07826,50,1,1.0,7,0,3,1,1,9.01,4,3,11,cash_at_till
VCH_07827,39,0,1.0,0,0,6,29,0,2.04,2,2,4,bank_transfer
VCH_07828,11,2,0.2143,1,4,1,30,0,4.75,1,2,7,cash_out
VCH_07829,14,1,1.0,2,2,1,1,1,7.01,0,5,5,wallet
VCH_07830,0,3,0.2143,9,5,4,28,0,12.87,0,2,14,wallet
VCH_07831,21,3,0.2143,1,4,1,1,1,8.09,4,2,5,cash_at_till
VCH_07832,29,2,0.2143,3,4,1,29,0,2.53,4,4,6,cash_at_till
VCH_07833,30,2,0.2143,1,4,5,1,1,1.88,4,7,1,cash_at_till
VCH_07834,59,0,1.0,0,0,4,15,0,7.51,4,0,11,cash_at_till
VCH_07835,47,0,1.0,5,4,6,3,1,3.73,0,3,7,wallet
VCH_07836,46,4,1.0,9,4,0,3,1,4.57,2,8,10,bank_transfer
VCH_07837,34,0,1.0,4,5,6,2,1,2.25,4,0,4,cash_at_till
VCH_07838,52,0,1.0,5,2,1,1,1,3.26,2,3,9,bank_transfer
VCH_07839,54,1,1.0,2,2,4,30,0,6.56,1,4,8,cash_out
VCH_07840,35,0,1.0,9,0,0,15,0,9.69,4,4,13,cash_at_till
VCH_07841,17,2,0.2143,12,5,0,15,0,11.43,1,5,12,cash_out
VCH_07842,13,1,1.0,0,2,2,15,0,9.61,0,4,8,wallet
VCH_07843,41,0,1.0,5,5,6,28,0,9.53,3,1,11,merchant_payment
VCH_07844,45,1,1.0,1,3,2,30,0,6.69,0,4,7,wallet
VCH_07845,1,1,1.0,5,3,6,30,0,7.05,0,2,14,wallet
VCH_07846,37,0,1.0,5,4,1,1,1,4.3,3,5,5,merchant_payment
VCH_07847,3,0,1.0,0,3,6,1,1,4.76,1,4,4,cash_out
VCH_07848,12,2,0.2143,0,2,5,30,0,5.83,1,1,10,cash_out
VCH_07849,54,0,1.0,8,0,1,29,0,3.5,0,1,12,wallet
VCH_07850,4,2,0.2143,8,1,0,2,1,4.68,3,4,6,merchant_payment
VCH_07851,52,2,0.2143,1,5,2,2,1,24.32,0,3,14,wallet
VCH_07852,16,0,1.0,4,1,1,2,1,3.47,2,2,5,bank_transfer
VCH_07853,48,3,0.2143,1,3,6,1,1,4.49,3,3,5,merchant_payment
VCH_07854,3,0,1.0,6,5,6,28,0,12.01,4,4,12,cash_at_till
VCH_07855,23,1,1.0,1,1,1,1,1,3.7,1,0,2,cash_out
VCH_07856,52,0,1.0,10,0,6,2,1,2.69,0,4,7,wallet
VCH_07857,10,3,0.2143,11,2,2,16,0,1.82,2,6,9,bank_transfer
VCH_07858,33,1,1.0,5,2,2,2,1,5.37,0,3,6,wallet
VCH_07859,42,1,1.0,4,4,1,30,0,11.1,1,2,12,cash_out
VCH_07860,37,1,1.0,1,3,4,2,1,5.74,0,2,6,wallet
VCH_07861,59,0,1.0,11,1,2,28,0,9.5,0,3,11,wallet
VCH_07862,22,3,0.2143,9,5,5,1,1,5.08,1,1,7,cash_out
VCH_07863,15,3,0.2143,2,3,3,2,1,4.06,4,4,2,cash_at_till
VCH_07864,49,0,1.0,5,4,4,28,0,4.64,0,6,11,wallet
VCH_07865,10,0,1.0,1,4,1,29,0,2.33,3,0,3,merchant_payment
VCH_07866,34,0,1.0,2,4,2,28,0,3.94,0,2,5,wallet
VCH_07867,21,2,0.2143,0,5,6,28,0,13.84,1,5,10,cash_out
VCH_07868,4,0,1.0,9,3,3,3,1,6.89,4,3,7,cash_at_till
VCH_07869,11,2,0.2143,1,4,1,15,0,4.95,1,2,9,cash_out
VCH_07870,55,3,0.2143,0,0,1,15,0,1.48,4,2,4,cash_at_till
VCH_07871,14,0,1.0,3,5,3,1,1,7.04,0,3,9,wallet
VCH_07872,59,2,0.2143,9,2,3,1,1,2.67,2,3,7,bank_transfer
VCH_07873,1,4,1.0,2,5,5,16,0,4.74,2,3,5,bank_transfer
VCH_07874,42,2,0.2143,2,2,4,2,1,3.07,0,0,2,wallet
VCH_07875,46,1,1.0,2,0,1,3,1,5.98,3,5,6,merchant_payment
VCH_07876,32,0,1.0,0,4,1,3,1,3.78,0,3,2,wallet
VCH_07877,13,4,1.0,0,5,5,1,1,5.97,1,4,4,cash_out
VCH_07878,3,4,1.0,9,4,6,15,0,13.01,1,5,12,cash_out
VCH_07879,29,0,1.0,7,1,4,1,1,4.47,1,2,6,cash_out
VCH_07880,39,1,1.0,5,2,2,15,0,5.9,0,4,8,wallet
VCH_07881,27,0,1.0,2,0,1,30,0,4.27,3,2,5,merchant_payment
VCH_07882,23,0,1.0,5,0,5,16,0,4.88,3,4,8,merchant_payment
VCH_07883,7,4,1.0,2,2,1,15,0,5.51,2,1,5,bank_transfer
VCH_07884,55,1,1.0,8,2,6,30,0,6.6,1,6,10,cash_out
VCH_07885,44,3,0.2143,1,5,2,15,0,5.42,0,3,5,wallet
VCH_07886,31,1,1.0,10,3,0,1,1,3.8,4,3,6,cash_at_till
VCH_07887,9,0,1.0,0,0,6,29,0,3.13,1,8,5,cash_out
VCH_07888,0,1,1.0,0,4,0,1,1,7.45,0,5,11,wallet
VCH_07889,44,0,1.0,4,4,6,29,0,2.32,2,6,6,bank_transfer
VCH_07890,5,2,0.2143,2,1,5,2,1,7.12,3,3,8,merchant_payment
VCH_07891,14,1,1.0,6,2,3,15,0,3.6,2,5,10,bank_transfer
VCH_07892,17,2,0.2143,10,2,1,3,1,5.28,2,4,10,bank_transfer
VCH_07893,48,3,0.2143,1,2,1,15,0,1.8,4,3,8,cash_at_till
VCH_07894,9,0,1.0,13,5,1,28,0,1.92,0,3,8,wallet
VCH_07895,24,1,1.0,4,0,1,1,1,3.41,2,1,8,bank_transfer
VCH_07896,4,0,1.0,2,3,1,16,0,2.92,4,2,4,cash_at_till
VCH_07897,17,0,1.0,2,1,2,3,1,2.0,1,2,4,cash_out
VCH_07898,2,0,1.0,3,0,4,2,1,21.7,4,1,19,cash_at_till
VCH_07899,5,2,0.2143,2,2,5,30,0,2.66,2,3,4,bank_transfer
VCH_07900,53,0,1.0,3,3,6,29,0,3.8,3,3,7,merchant_payment
VCH_07901,14,4,1.0,2,3,0,2,1,3.2,1,5,2,cash_out
VCH_07902,49,2,0.2143,1,2,1,29,0,2.68,2,3,8,bank_transfer
VCH_07903,29,0,1.0,1,5,2,29,0,10.87,2,2,11,bank_transfer
VCH_07904,42,2,0.2143,0,0,6,28,0,2.93,1,3,4,cash_out
VCH_07905,10,3,0.2143,2,1,1,29,0,3.77,1,3,4,cash_out
VCH_07906,53,1,1.0,6,2,6,1,1,5.65,4,2,11,cash_at_till
VCH_07907,0,3,0.2143,12,0,0,2,1,4.67,0,2,6,wallet
VCH_07908,33,2,0.2143,0,2,3,1,1,8.42,2,1,11,bank_transfer
VCH_07909,40,0,1.0,2,4,0,1,1,2.54,0,4,2,wallet
VCH_07910,21,0,1.0,10,3,3,3,1,8.54,1,4,9,cash_out
VCH_07911,41,4,1.0,1,5,5,15,0,2.15,1,4,6,cash_out
VCH_07912,13,2,0.2143,1,3,4,1,1,1.67,3,2,1,merchant_payment
VCH_07913,5,0,1.0,4,5,1,3,1,6.95,3,2,9,merchant_payment
VCH_07914,17,0,1.0,12,3,6,15,0,2.9,1,3,11,cash_out
VCH_07915,23,0,1.0,2,2,6,2,1,2.61,1,3,2,cash_out
VCH_07916,50,0,1.0,6,1,1,2,1,6.91,3,4,7,merchant_payment
VCH_07917,22,2,0.2143,5,1,1,2,1,9.81,3,3,10,merchant_payment
VCH_07918,33,0,1.0,2,2,3,29,0,6.56,3,5,8,merchant_payment
VCH_07919,35,0,1.0,3,3,1,30,0,1.59,1,1,6,cash_out
VCH_07920,25,0,1.0,12,1,1,28,0,8.18,3,4,11,merchant_payment
VCH_07921,36,0,1.0,0,5,4,29,0,6.01,3,2,6,merchant_payment
VCH_07922,36,1,1.0,0,5,2,1,1,4.0,1,2,11,cash_out
VCH_07923,54,0,1.0,1,1,0,1,1,1.23,4,4,2,cash_at_till
VCH_07924,3,0,1.0,1,2,0,2,1,2.67,0,2,6,wallet
VCH_07925,0,0,1.0,7,3,1,28,0,4.4,3,3,8,merchant_payment
VCH_07926,42,0,1.0,1,0,2,28,0,5.66,4,3,7,cash_at_till
VCH_07927,5,0,1.0,0,0,2,2,1,3.8,3,3,2,merchant_payment
VCH_07928,17,2,0.2143,11,3,0,30,0,1.96,4,2,7,cash_at_till
VCH_07929,57,1,1.0,12,3,1,1,1,4.95,1,2,7,cash_out
VCH_07930,51,0,1.0,4,0,6,30,0,8.15,3,3,11,merchant_payment
VCH_07931,46,2,0.2143,8,5,6,1,1,5.65,4,3,10,cash_at_till
VCH_07932,5,2,0.2143,5,4,0,1,1,4.42,0,4,13,wallet
VCH_07933,0,1,1.0,0,5,3,1,1,6.48,1,4,4,cash_out
VCH_07934,11,2,0.2143,11,3,4,1,1,1.67,4,4,6,cash_at_till
VCH_07935,8,0,1.0,1,3,4,2,1,2.47,0,3,1,wallet
VCH_07936,22,0,1.0,3,1,5,29,0,6.78,3,4,10,merchant_payment
VCH_07937,24,0,1.0,5,2,2,1,1,3.37,3,2,7,merchant_payment
VCH_07938,14,3,0.2143,0,5,5,28,0,1.03,3,2,2,merchant_payment
VCH_07939,32,1,1.0,7,1,0,2,1,4.64,4,2,10,cash_at_till
VCH_07940,1,2,0.2143,2,2,6,3,1,7.94,4,3,12,cash_at_till
VCH_07941,33,2,0.2143,12,1,0,29,0,18.88,0,2,19,wallet
VCH_07942,34,2,0.2143,13,1,2,3,1,3.07,3,2,8,merchant_payment
VCH_07943,12,4,1.0,9,1,1,2,1,4.23,1,1,8,cash_out
VCH_07944,29,0,1.0,3,4,2,29,0,2.6,0,1,10,wallet
VCH_07945,3,3,0.2143,5,5,2,29,0,2.53,3,4,7,merchant_payment
VCH_07946,2,4,1.0,3,3,2,30,0,2.47,2,4,7,bank_transfer
VCH_07947,12,1,1.0,3,0,1,1,1,3.05,2,3,5,bank_transfer
VCH_07948,3,0,1.0,8,1,0,16,0,5.77,1,6,10,cash_out
VCH_07949,15,2,0.2143,0,5,0,1,1,6.17,3,5,6,merchant_payment
VCH_07950,3,1,1.0,13,2,1,3,1,5.2,0,1,9,wallet
VCH_07951,44,3,0.2143,3,0,5,1,1,3.19,0,6,7,wallet
VCH_07952,16,0,1.0,6,1,1,30,0,4.93,2,1,8,bank_transfer
VCH_07953,32,1,1.0,12,1,5,30,0,3.5,1,3,8,cash_out
VCH_07954,45,2,0.2143,5,0,0,1,1,7.62,0,5,9,wallet
VCH_07955,7,4,1.0,6,4,1,16,0,2.06,4,1,10,cash_at_till
VCH_07956,40,0,1.0,10,5,6,1,1,3.06,0,1,5,wallet
VCH_07957,16,2,0.2143,0,2,6,30,0,1.0,4,5,2,cash_at_till
VCH_07958,19,2,0.2143,9,5,4,29,0,1.84,1,4,6,cash_out
VCH_07959,54,0,1.0,0,3,2,2,1,5.0,4,1,5,cash_at_till
VCH_07960,59,0,1.0,11,1,4,1,1,4.12,0,3,8,wallet
VCH_07961,32,3,0.2143,3,3,4,1,1,1.98,2,3,5,bank_transfer
VCH_07962,57,4,1.0,9,5,6,15,0,5.49,2,3,8,bank_transfer
VCH_07963,28,1,1.0,5,5,3,30,0,6.72,2,2,12,bank_transfer
VCH_07964,45,4,1.0,1,0,4,30,0,11.28,3,1,9,merchant_payment
VCH_07965,17,3,0.2143,7,1,0,16,0,1.48,2,2,8,bank_transfer
VCH_07966,49,0,1.0,1,3,6,1,1,1.62,3,3,3,merchant_payment
VCH_07967,10,1,1.0,12,4,2,15,0,9.81,1,3,11,cash_out
VCH_07968,50,0,1.0,9,5,4,1,1,9.36,1,1,10,cash_out
VCH_07969,16,2,0.2143,12,1,1,1,1,5.58,2,0,9,bank_transfer
VCH_07970,34,2,0.2143,11,5,5,30,0,7.82,1,2,9,cash_out
VCH_07971,37,1,1.0,2,2,5,28,0,2.73,2,2,5,bank_transfer
VCH_07972,56,1,1.0,4,3,2,29,0,7.62,0,0,10,wallet
VCH_07973,33,1,1.0,3,1,2,1,1,9.03,2,4,12,bank_transfer
VCH_07974,3,4,1.0,10,2,5,30,0,2.78,0,3,6,wallet
VCH_07975,13,2,0.2143,1,0,1,2,1,1.93,3,2,3,merchant_payment
VCH_07976,58,0,1.0,2,0,5,15,0,3.43,2,4,4,bank_transfer
VCH_07977,10,0,1.0,3,0,6,28,0,5.13,0,0,8,wallet
VCH_07978,7,1,1.0,12,3,0,30,0,6.65,1,1,11,cash_out
VCH_07979,43,0,1.0,5,0,6,1,1,2.98,3,0,5,merchant_payment
VCH_07980,7,4,1.0,4,1,5,1,1,4.92,1,2,6,cash_out
VCH_07981,58,0,1.0,13,3,1,2,1,2.73,0,2,5,wallet
VCH_07982,18,4,1.0,7,3,1,30,0,2.6,3,1,7,merchant_payment
VCH_07983,13,2,0.2143,6,1,0,1,1,6.5,4,5,7,cash_at_till
VCH_07984,29,2,0.2143,1,2,0,1,1,9.0,0,3,5,wallet
VCH_07985,38,2,0.2143,1,2,1,30,0,11.35,1,5,11,cash_out
VCH_07986,6,2,0.2143,6,5,4,1,1,4.23,1,3,6,cash_out
VCH_07987,39,1,1.0,4,1,3,3,1,1.31,4,1,11,cash_at_till
VCH_07988,36,0,1.0,12,3,2,1,1,3.39,1,6,5,cash_out
VCH_07989,16,1,1.0,2,2,5,29,0,5.7,1,7,11,cash_out
VCH_07990,16,2,0.2143,0,5,6,3,1,26.4,4,6,17,cash_at_till
VCH_07991,5,2,0.2143,4,4,6,16,0,4.95,0,4,8,wallet
VCH_07992,1,1,1.0,0,4,5,29,0,12.14,3,3,14,merchant_payment
VCH_07993,25,2,0.2143,10,2,6,3,1,7.18,3,5,8,merchant_payment
VCH_07994,7,4,1.0,4,2,5,15,0,1.43,3,3,8,merchant_payment
VCH_07995,37,2,0.2143,11,3,0,2,1,1.0,0,2,4,wallet
VCH_07996,54,3,0.2143,11,2,4,2,1,2.56,4,4,6,cash_at_till
VCH_07997,33,1,1.0,6,0,5,30,0,3.68,4,3,9,cash_at_till
VCH_07998,4,2,0.2143,4,5,3,1,1,5.02,4,2,11,cash_at_till
VCH_07999,28,1,1.0,4,5,5,1,1,5.17,4,0,13,cash_at_till
