transaction_count,avg_send_amount,num_beneficiaries,frequency_variance,recency_days,segment
13,326.20530713741874,4,7.160895706063242,24,stable
2,112.65283693395841,4,85.890985535282,76,at_risk
1,114.89495457907637,4,57.70189642529162,73,at_risk
8,53.00338386769777,1,49.77274961778495,55,at_risk
26,584.2304115104956,3,71.5438988352234,3,active
1,106.17687661487894,3,59.43246846083065,67,at_risk
7,154.5648027841692,3,65.94320859740833,76,at_risk
9,478.8847003021165,1,46.51649617638387,2,stable
6,122.52212356286485,3,71.18459101804224,81,at_risk
19,334.58606630907354,6,16.744375511655985,2,active
16,438.7491067194719,0,71.38750807543565,1,active
37,1258.7906736847785,3,79.88206324471356,1,champion
46,848.8853265581965,3,48.389382941113126,1,champion
12,253.51752231674357,0,44.86208963335707,4,stable
13,373.4158732200911,2,95.5727301214193,10,stable
3,81.18923016879049,2,75.12679969383042,54,at_risk
2,101.508560314634,4,21.377624155828933,63,at_risk
5,478.52473790002466,2,88.55061854968164,18,stable
1,55.57104181157943,3,74.43242780713312,30,at_risk
17,450.0219030287506,0,64.19668327477676,23,stable
1,58.85891402481924,3,63.08562598174403,65,at_risk
40,1300.8683591651677,0,21.958785329949926,2,champion
48,1643.364398459446,2,1.429598860538428,1,champion
0,111.00028393211332,1,5.96812772992924,60,at_risk
31,1244.2078481428605,1,55.69498009469414,2,champion
10,353.9019212494624,5,34.71393774654222,27,stable
51,1684.228482411603,2,74.96255947512105,2,champion
4,71.67493513353061,2,56.643866992889535,81,at_risk
36,1611.9737033286517,1,24.451052118409024,2,champion
0,146.12882441445143,4,30.753869183685367,51,at_risk
3,246.8426831072644,3,56.88729392035915,20,stable
3,109.47164039084272,2,67.87288592453507,68,at_risk
7,440.12774394162113,6,27.62645896247683,1,stable
32,706.0139087454409,2,0.29494325995252924,2,champion
5,165.15590887067017,0,39.67952013252645,78,at_risk
18,724.2586171083516,0,37.74301867736908,2,active
7,137.95186647714232,5,34.17289232274284,61,at_risk
1,145.80897226725,3,85.58822602983341,31,at_risk
45,1113.4986452536227,0,23.987414467870195,2,champion
3,52.07695650865291,2,90.68397975749201,56,at_risk
16,295.84851559644954,1,56.35881469355368,13,stable
20,685.2321928042222,0,74.95032102919336,6,active
0,168.3515916648372,2,97.18030519489392,88,at_risk
5,53.14392424738523,5,10.010095978317434,53,at_risk
40,1272.392514511007,2,93.36262361987426,2,champion
41,1566.506784641371,1,66.82639812387369,1,champion
4,113.9218178450449,4,52.2681227641161,80,at_risk
2,169.18589963927496,6,3.2179327833990357,87,at_risk
2,156.67779220400084,1,73.64436563710758,45,at_risk
9,472.3887026327606,3,77.87016193100418,23,stable
24,568.9864220807633,6,90.02295264477613,4,active
5,190.4201872210983,3,25.02179674890582,78,at_risk
29,410.8423760801142,1,24.45894052872776,5,active
26,1822.7783545549514,4,33.369909176650935,1,champion
11,369.20849766794834,1,70.6229171307992,6,stable
9,437.98945998222985,4,4.4486973138047725,1,stable
23,650.5114709714234,2,29.22315712169149,3,active
23,756.3784058612835,5,96.58069676386806,4,active
20,496.46546480226374,2,99.58539179874873,1,active
5,72.17262116658218,0,29.36279308479439,65,at_risk
2,98.11574806831418,2,85.21503168913011,63,at_risk
13,324.58741587401033,1,80.7948599740986,7,stable
4,194.38411030515832,2,98.77332649058445,53,at_risk
39,1607.8893196350805,0,91.85341840059004,1,champion
47,1939.072353962925,2,89.77711306942224,2,champion
20,431.0221061042841,1,6.403720491053011,6,active
31,667.9681262522677,2,51.4295349018657,6,active
12,499.5782320520747,1,16.019867952218892,27,stable
43,1996.8974725224455,2,73.63905758467362,1,champion
22,444.4188195610373,3,38.12030203222923,5,active
40,1351.7388472753062,1,76.30363311167643,2,champion
43,1980.20580736183,2,54.44228124050991,2,champion
11,306.84798126429365,2,59.46215551051601,14,stable
38,748.5585609646303,5,58.98803711196867,1,champion
12,221.71780353692156,1,91.86679209051644,19,stable
19,767.2620746332713,2,29.269573348167555,6,active
10,334.83136914429053,2,97.31870983852414,1,stable
14,251.43380813897207,2,17.289603131554088,15,stable
45,839.3707519634164,3,94.33064545039807,1,champion
8,452.92421747159534,0,51.01797442515695,10,stable
39,1714.9353590981893,2,40.867420365296866,2,champion
21,659.8326404240898,1,4.656503615108798,5,active
19,544.2241884719547,1,70.1044684325622,3,active
29,1395.5281230277874,0,95.29544178295501,1,champion
2,61.873967996289835,3,31.58409223214863,75,at_risk
21,452.395708409008,4,90.54964987983006,6,active
8,197.14663370227103,3,13.544629575553202,79,at_risk
3,99.9553207707606,2,65.0416189726572,50,at_risk
2,104.10943672362365,2,90.90798388226041,32,at_risk
46,990.4578416788448,3,17.673270150328403,2,champion
40,534.8681307150739,2,6.986067933448615,2,champion
10,383.90968181896835,2,53.6872327536993,27,stable
2,160.31168506075628,2,95.45841461294177,83,at_risk
10,439.1029173892446,3,1.4307805889406167,27,stable
19,594.90290521446,5,10.57132822521013,2,active
0,177.62036106473943,1,21.555586934910476,87,at_risk
4,65.01086162437353,2,83.90123096884827,61,at_risk
9,425.5889990534283,3,10.471548860767532,15,stable
19,497.3830120008721,2,89.17061903106286,4,active
24,448.8573670514825,2,0.8684839860283788,1,active
20,331.7582207909921,1,83.04581517835172,1,active
19,772.0944618276401,1,53.66449538682353,1,active
10,380.80912983445234,2,96.54406990968633,15,stable
14,269.29662337767434,3,90.38004596211458,19,stable
3,63.28882528086497,0,84.14127002743122,71,at_risk
48,1195.8667601595853,3,7.322660092495803,1,champion
9,434.42950122713034,1,68.76698985257751,7,stable
21,489.7562882094813,0,28.566040358024413,2,active
41,1078.618345352005,1,6.835257256965333,1,champion
16,771.3701088338682,1,82.26454661716177,6,active
11,289.6728963251107,3,32.61199031331952,5,stable
4,494.61232145014833,1,38.21152585177746,8,stable
30,506.5906182202154,2,87.76641607224953,2,champion
3,176.82602445647225,0,31.42195968852527,51,at_risk
3,134.72808281147945,2,12.160615398706408,86,at_risk
11,244.98242510002635,2,96.07806368686862,23,stable
19,536.081433298468,1,82.31717335349107,4,active
11,310.8501868610633,0,25.58083476841465,17,stable
20,794.2612891442742,4,71.66764017584889,1,active
20,372.5171707706654,3,76.61474840057703,1,active
1,129.510952717978,2,62.283578665883745,74,at_risk
28,658.8640881968182,2,9.081996334780806,5,active
7,282.4271545111575,2,54.43034098050775,12,stable
17,258.7560239074906,3,20.02556181198608,10,stable
36,1379.4286990528965,1,50.77009029901928,2,champion
36,1779.958319411102,2,53.20791261533693,1,champion
32,967.2411272269877,5,99.44334859863797,2,champion
32,517.639467148848,6,72.99969141151703,5,active
28,1096.3538658295154,3,90.5435495903736,1,champion
41,939.7817863000528,3,58.99905109514682,2,champion
23,760.7021230301622,5,25.448052660168553,4,active
14,267.6242278535128,2,0.6234568605240964,22,stable
29,763.8856348442789,1,33.98307220927252,3,active
13,743.3185281741103,1,41.62515004684505,3,active
7,408.61172546085305,2,8.20133280969062,29,stable
13,446.15637292042686,1,6.244846015218075,22,stable
20,790.8697759186186,5,35.52241913456762,6,active
35,1801.854863792157,1,39.94971342488035,1,champion
35,753.8199139959539,7,33.77407383693205,1,champion
9,293.2889805686222,2,51.8487005804588,3,stable
2,110.8728437402141,1,73.58065400048372,36,at_risk
1,64.6654050635729,1,9.815502430412193,30,at_risk
10,286.22244568078804,1,22.154532335645072,12,stable
24,631.060457712713,1,60.156044292943534,5,active
40,548.0210477708632,1,4.600962243556506,1,champion
5,155.26910773701655,3,36.73139139230172,75,at_risk
10,232.95080817871604,3,13.237672341252448,25,stable
11,285.1094622788062,2,14.85263388086292,16,stable
48,1061.8913074911598,1,65.69810812246776,1,champion
6,443.7148071839226,2,28.81708193562219,26,stable
19,550.051046318348,1,40.72268799364175,4,active
36,1217.2085266641257,1,84.94260779487733,2,champion
41,1965.7959235491262,3,68.77872593701801,1,champion
10,438.76930972648506,1,67.34401738988808,28,stable
28,765.975546176276,0,58.68343029668811,6,active
12,231.5610206115777,1,24.893000649626252,1,stable
3,64.35433935892355,3,84.89567216825272,46,at_risk
38,1366.4842787811792,2,99.37703040944605,2,champion
16,756.8025473914176,1,24.571431226209917,5,active
44,955.9198889134384,2,57.202921761165726,1,champion
29,307.20337638848093,2,77.44428389617983,6,active
14,265.3495580978507,4,16.03478764269778,18,stable
46,883.0287736156665,1,69.97248382167436,2,champion
43,761.5258912167732,1,93.22916124941307,1,champion
42,1040.3605726312744,1,62.251890698336645,1,champion
15,595.1257356657683,6,2.4739666468447052,2,active
15,503.4121155045429,1,24.42845552657127,2,active
7,176.24696155641843,1,50.77235906232185,52,at_risk
18,707.9264306451831,3,34.13130896688822,1,active
17,624.4383029731583,4,42.43685078849102,3,active
3,166.16683256558287,3,5.750228066009766,43,at_risk
20,594.6966769983475,5,46.55152823554369,3,active
22,735.8035037854085,4,46.51750967712377,6,active
41,509.38475969924355,2,32.75810154302472,1,champion
41,1100.0631244480744,2,3.9468499783497424,1,champion
20,435.83970122710156,1,80.36686157143579,3,active
29,375.30382275226776,1,37.00497311825942,3,active
17,373.5026119737755,3,29.380556687492422,2,stable
2,160.89266366672626,1,2.3792793361930964,54,at_risk
2,146.53518586883544,3,35.755054162072064,43,at_risk
2,61.212132464254296,1,13.138038224072224,43,at_risk
0,85.08990265960803,3,80.33683465706916,80,at_risk
7,432.0858417967475,5,72.96961003213923,6,stable
4,131.84676924545235,2,7.666136683316848,75,at_risk
50,712.4722246311543,3,12.704813282939732,1,champion
9,465.4305153220459,4,47.034929321516294,5,stable
60,1323.0728292978508,0,33.09577086751566,2,champion
25,762.4237828241563,3,48.71257454881096,2,active
6,379.4094864418197,1,50.99222809450686,18,stable
5,184.33369541963188,2,87.89047764483989,43,at_risk
24,500.5900741669906,2,55.924117064783616,5,active
17,312.28839332142434,5,46.093667022720155,5,active
22,532.9883258450581,2,82.66759847254568,5,active
16,228.1363402157517,0,23.370717037483978,29,stable
28,573.026403108811,3,80.3159485829014,3,active
15,259.8518151687646,0,52.37894297679981,9,stable
11,478.16274881455905,4,39.62011520521107,21,stable
8,217.33983783137995,2,10.218458162260912,27,stable
11,331.79630742033396,2,94.21037902431539,16,stable
20,508.0931400243908,1,99.80021242331577,3,active
52,1120.501782220671,2,94.52291491802961,2,champion
10,300.568583503788,4,77.54647702927679,5,stable
8,283.2992019518588,2,19.027541535716928,10,stable
13,400.11020397621274,2,11.16237525003495,1,active
12,287.90665999305617,4,46.97072838383703,14,stable
6,202.27503972082158,2,10.383065954843108,6,stable
44,1376.723262495838,2,26.214930686876393,2,champion
24,567.5404635038607,2,33.139584312403,6,active
42,714.1956944700211,2,96.7569084453777,2,champion
9,290.96702957455415,2,93.60998639393453,14,stable
42,1058.773726642053,3,36.60579598920927,1,champion
9,407.91095158121414,3,26.347512308335975,2,stable
2,71.84820250797745,3,57.043514722387,59,at_risk
5,243.96634953383898,0,98.83537609309715,23,stable
17,405.3509964339451,2,41.93195176278526,4,active
3,166.95938401584257,0,74.09255876481357,43,at_risk
23,555.8776948821057,2,97.37087410404948,6,active
11,450.14654565164017,2,43.824376865080175,8,stable
4,106.77730426518328,2,89.74144871578518,38,at_risk
1,89.08014862971137,2,52.0117135645408,69,at_risk
5,369.18804184497174,5,68.50904035306684,3,stable
34,1671.4319084999174,2,78.5552780576207,1,champion
45,1200.992601550944,3,20.04043205246967,2,champion
8,357.17276002802527,2,99.054683190006,12,stable
22,405.39630285321425,4,85.09422899898323,5,active
19,772.0120123169456,2,42.16533486623633,1,active
0,166.88027524110473,2,63.6572041763407,65,at_risk
43,1920.059094030271,3,11.577816982432932,1,champion
6,375.60396229270583,2,92.29918395762579,27,stable
27,311.42726446196906,1,43.14581489601957,2,active
11,256.8965438621595,2,64.18539998292964,19,stable
42,1053.6434887959533,2,80.92504746330673,2,champion
7,246.46536869521233,0,42.59951394373112,2,stable
10,232.19624438549627,1,51.59004030842198,10,stable
13,252.46075399534078,0,29.535831792721424,27,stable
12,416.77464026141064,2,50.37785718519871,24,stable
23,726.5044010770947,2,49.25844536735844,6,active
4,66.31225652388457,2,31.03382434271961,46,at_risk
11,345.61979175367844,3,77.78518104042685,15,stable
40,580.3484632308089,2,67.87986992715406,2,champion
39,1820.893109576416,0,61.13368451383673,1,champion
5,165.72677523598153,3,3.1664363425408903,88,at_risk
1,176.7422651784341,4,19.173250648798902,57,at_risk
10,200.06536615806328,5,3.7486565603657596,2,stable
1,50.91529789003046,2,4.9078245862471785,56,at_risk
10,235.92806044894203,2,41.781138842184795,18,stable
12,415.01445921347243,1,86.54173891216655,19,stable
3,166.21905963696204,2,3.5251267886183713,58,at_risk
25,447.06006575736535,1,58.682178085045955,1,active
3,109.33805310013837,5,18.23514423963778,75,at_risk
15,538.019754901651,1,25.78308770966522,3,active
4,78.77005397960971,4,19.12363589464453,59,at_risk
3,82.23389873960437,1,34.955026513490765,45,at_risk
20,350.761836542343,1,48.631405150815674,1,active
8,262.4160976289721,1,15.769885151468287,3,stable
43,1023.2014925346726,3,27.47977239342978,2,champion
12,469.7787247288797,0,4.579972605702842,27,stable
11,267.04684511202333,0,13.168385460945009,19,stable
7,323.1533713792628,2,89.37907219661665,1,stable
38,1701.2080127693198,2,11.533236411334736,1,champion
6,347.9954695510965,4,52.95065288262689,25,stable
24,510.7330006358841,2,94.71777084642424,5,active
35,1520.6064190775364,0,75.63017542189408,1,champion
9,279.28850438295973,4,82.14984114496117,18,stable
57,1484.2224029128563,3,80.06444397577422,1,champion
26,526.2327259735789,1,95.3473821535561,3,active
26,426.0269397273597,3,8.087372720287245,6,active
15,370.4947565320244,1,83.60110099877852,20,stable
7,316.2815708505273,3,66.11521856707066,1,stable
2,138.65254427185647,1,80.94642192351559,69,at_risk
2,193.15060626938364,4,60.55161493557625,79,at_risk
7,423.86273324857456,2,68.37414970912377,12,stable
2,140.36595681428835,2,67.87388553187878,32,at_risk
4,77.78371293448083,2,54.80463825400267,54,at_risk
21,319.2930279812511,3,25.599279317566513,6,active
14,368.32892155765944,1,11.011147759381434,10,stable
1,86.10593006209092,1,88.07593108603157,84,at_risk
24,311.42049410552727,3,24.57801715745682,1,active
32,1255.0485574926572,3,26.26519551218307,1,champion
1,125.97028947159377,0,7.038052927371141,89,at_risk
11,384.8945398365847,1,95.3298501069202,5,stable
3,58.317196536907865,0,95.86903131231011,56,at_risk
41,695.1634316049211,4,87.00313894835152,1,champion
42,721.3935357839362,5,64.08744003503811,1,champion
38,500.0431099908686,1,2.846489339496694,2,champion
6,122.9682081758247,2,73.45677285345641,63,at_risk
4,79.01368542773484,3,96.45188361925109,75,at_risk
1,178.88588268213678,2,6.512930003569228,34,at_risk
15,381.83071359728507,3,87.0852488184521,27,stable
2,118.06711132973547,1,96.81271000750871,60,at_risk
3,139.76714726873413,5,13.82913237379395,66,at_risk
37,1923.5761296508456,0,88.65594542728581,2,champion
31,1479.9455390909748,4,70.2385665257842,2,champion
4,58.151698551459155,1,10.37570683501462,47,at_risk
2,159.78876671509764,0,90.66028983202251,82,at_risk
38,526.062035486208,3,22.72469975722713,1,champion
3,78.55117668904704,1,99.3648066640816,76,at_risk
44,1894.04399198512,1,79.90883029565455,2,champion
43,562.1883060939205,2,50.624246323733104,2,champion
10,233.4391933338852,1,43.06911538886964,10,stable
2,180.75766686528576,0,21.123082679838745,59,at_risk
44,941.3358001411814,2,30.295791907008596,1,champion
14,438.7933000051094,1,49.799529030439025,17,stable
4,94.2018335014077,2,90.57928712390056,89,at_risk
3,95.51112390349124,4,7.760512877389103,64,at_risk
14,463.5106590035123,4,56.17071843695324,25,stable
2,66.72008648618399,1,87.13638822600419,32,at_risk
21,686.4088149634952,1,6.055510866951808,2,active
18,427.379460663582,1,98.19769335108886,4,active
3,159.31036675296025,2,14.05988474589659,70,at_risk
3,91.0555940858643,1,24.773976734804904,39,at_risk
1,81.15116815079352,4,0.2752301245348421,36,at_risk
44,1907.6091353168724,2,90.54469845972271,1,champion
6,370.64911760791335,2,49.96129170712693,8,stable
10,467.83689621565645,2,14.98907964966767,1,stable
17,314.4737492087447,2,40.38352253366869,5,active
16,398.0053739017727,3,38.62071827670298,26,stable
7,241.74968854463768,1,16.08944872731182,10,stable
20,315.05555417845335,0,79.37628647196372,2,active
2,146.74791213100187,0,20.794264305834343,41,at_risk
10,663.7596494284898,2,26.317807276946702,4,active
24,742.9351537067727,2,37.12519510106467,3,active
43,1490.7903670545597,3,24.258690856096067,2,champion
41,1793.4566263507238,2,86.6336554096809,1,champion
19,447.934611046129,4,46.633893839466914,1,active
24,681.4171526558052,3,17.62131217059525,6,active
36,858.5297821075436,0,96.72761942342376,2,champion
11,266.70679586662726,0,97.52084460259758,26,stable
16,708.9779911828263,1,33.975798184410756,6,active
22,750.5563289118353,1,7.652683397411398,6,active
29,607.9350741971841,1,51.3582569381584,1,champion
29,1822.833756258687,1,41.290286973367344,2,champion
3,60.383124773677984,3,32.57219577681223,32,at_risk
25,372.8051244520376,4,9.20427261715382,6,active
23,442.52652179312685,2,2.812983393450952,2,active
30,1461.0576880134274,1,74.03343692118148,2,champion
8,247.0159458990726,2,66.14625061600086,11,stable
13,231.19831763128244,1,0.7052438281013429,1,stable
2,157.33019825386103,0,94.1754614943424,53,at_risk
9,443.5436346300838,4,3.6526536920568287,7,stable
38,738.012707519377,0,90.53574006647264,2,champion
42,842.8120101989405,2,79.70873965421805,1,champion
50,606.88768713155,2,86.35244843319974,1,champion
1,120.89685125488293,4,14.267990285381781,89,at_risk
5,139.6621657629827,3,36.65560446430488,39,at_risk
7,448.4149034387426,3,45.245936627159075,3,stable
18,764.8049620175001,3,83.0628661366903,1,active
19,630.651654838006,3,99.27244290024349,6,active
41,1714.3991082643852,2,27.78030166870088,2,champion
6,111.7618602353862,0,92.36765911151012,65,at_risk
10,433.8543969913232,2,82.60680198134219,20,stable
17,335.01376944926454,0,66.62051825887201,5,active
12,467.5145090014704,3,25.13972288470837,23,stable
2,52.09928979665965,5,7.962877842244165,54,at_risk
13,478.7744780828061,4,70.22085487363708,6,stable
10,461.1462940210893,3,56.54990934705236,21,stable
3,150.96478736717825,1,18.33036210377249,62,at_risk
19,330.97215456420633,0,59.257052605525104,3,active
24,688.6827607856869,1,47.09178283868839,5,active
1,158.4598112251183,1,27.31382798759041,35,at_risk
8,405.06173911471456,1,67.00473699840576,16,stable
10,438.2770551903194,0,36.39243278396116,23,stable
17,409.54233784763255,0,58.565916588077904,22,stable
38,728.4489295865088,5,26.7241424085802,1,champion
1,180.18879028085584,2,50.21854757987717,42,at_risk
13,286.7992510569481,1,88.48302800499147,4,stable
53,1288.8003410076283,4,2.1198283602723245,1,champion
18,648.9765584026637,3,93.27782567950837,3,active
4,73.47177273595416,1,64.3743462747503,41,at_risk
14,323.4781291299995,2,15.913022104016594,16,stable
22,688.0221835585044,2,37.271725905031246,4,active
47,1521.6421446971738,0,54.83503545543371,1,champion
13,308.7732030445628,0,71.88742977993371,9,stable
6,166.7714335609745,3,56.52200314702419,76,at_risk
18,636.615604700156,1,11.534028578477717,2,active
18,383.9227158150239,2,19.213678651612643,6,active
19,517.8670150036671,5,13.897720223886667,6,active
29,1928.7952076114072,6,34.64416687604568,1,champion
15,570.3381058793451,4,62.95936897559834,1,active
15,335.8168482210694,1,17.712721191554515,5,active
1,187.69851979697788,1,27.01691443479055,55,at_risk
25,1482.4121623858987,5,56.10509105546144,2,champion
19,713.9016355322674,0,3.8307340970414994,2,active
44,1012.9674952477386,2,13.551743238897728,1,champion
23,461.32836932189866,2,88.74392814826518,6,active
4,74.02215822938223,4,48.107603882880355,51,at_risk
49,756.0868327330254,4,18.894644083714105,1,champion
26,713.339580068785,1,93.10317232664343,6,active
29,1924.4776283643382,2,56.871551388701214,1,champion
14,407.8333016756352,2,6.914202884526988,6,stable
43,1701.227380026886,3,99.03316546941082,2,champion
44,863.7040577966195,1,92.78564360532056,2,champion
1,170.93323793239594,3,29.894857832609855,60,at_risk
5,75.00583456142432,2,0.7003011133192238,48,at_risk
22,361.40665984830656,2,67.38254675590501,4,active
55,1451.4453812661172,0,69.9481299172896,2,champion
15,701.7580479094275,3,58.180412177101395,2,active
24,524.0555812490343,2,7.227370288664181,2,active
2,119.45056785136082,4,65.37585034201786,86,at_risk
31,661.4654816090695,2,62.6797035465939,5,active
36,1116.33276045473,1,97.26022478001317,2,champion
9,132.83619627229342,3,41.994357730936,62,at_risk
24,391.7129866299197,1,94.66492207621475,6,active
10,201.00887343472473,1,97.03404160863249,5,stable
45,1507.4210589322688,4,75.11091278965309,2,champion
40,1504.2595007905736,0,72.37717916889255,2,champion
23,558.8222640973016,2,18.242683690563545,3,active
16,595.6929068914856,5,3.8039293906347638,4,active
28,670.5868286928084,2,25.761496070629587,5,active
29,1549.3587699494622,2,11.038603671300596,1,champion
3,98.22255144479585,2,57.98883597733414,74,at_risk
10,362.8317663995629,2,32.42439209135336,13,stable
8,243.02573324478658,2,27.64935910716815,26,stable
38,1525.4982452236893,0,62.69529135158839,1,champion
12,389.88409467720896,2,59.87122030815982,19,stable
10,276.67874863139366,1,50.83028010909035,3,stable
40,1047.4430962275278,0,53.092526171656104,2,champion
43,1499.5791246964325,1,51.529377507432905,2,champion
18,607.7040114807702,0,55.55369262773181,1,active
14,548.741657160816,2,75.03867578889086,3,active
50,965.4261711838716,1,77.22235232355689,1,champion
35,1450.898700194307,2,46.38359900347607,1,champion
44,1724.676214285208,1,11.128973689343692,2,champion
43,1109.5087248100242,4,61.16668918509682,2,champion
18,651.5900173129543,1,9.349350568045367,3,active
8,488.76266920177426,2,62.92592621104082,17,stable
6,336.5342724326543,2,3.5701454158901913,12,stable
22,687.1291896225435,2,21.974677378465646,1,active
11,442.8812072648258,0,84.54567755541332,26,stable
4,112.8143493816802,2,14.554246105376867,31,at_risk
2,155.7453101493666,6,93.22138094161936,52,at_risk
42,1302.4190766891097,2,36.76202121299541,1,champion
44,1841.0446177351691,1,52.742569458926155,2,champion
39,657.4297520238873,2,35.547750643048126,1,champion
1,119.13000533686927,2,26.733692451235214,52,at_risk
39,1126.2991049657385,0,65.96338775210828,2,champion
21,647.8364557233914,1,32.58647553625589,4,active
30,1488.7757535015105,3,48.94025080094011,2,champion
9,268.1850411209199,1,20.00307894352452,16,stable
43,1627.268945209263,3,63.13857506552903,2,champion
47,1794.0864494050425,1,7.452044037465477,2,champion
49,669.1681048088536,2,65.57530287635218,1,champion
38,1295.8999687083856,5,20.772032318484325,2,champion
4,135.0158056028916,2,89.17604478406294,44,at_risk
42,1911.1625290973009,3,5.131764292187924,1,champion
2,99.1416399534295,3,32.011242353823945,42,at_risk
3,238.4671916930655,2,33.57136438544992,26,stable
35,526.9107525247771,0,78.96876444204085,1,champion
3,177.32313939870514,1,12.17835695494034,74,at_risk
29,679.370653962264,0,9.829959160061751,1,champion
7,382.89882917781506,2,73.53169968906916,5,stable
19,592.5964800917385,1,66.13729692604124,5,active
19,757.3966060986294,1,77.78443853845268,1,active
21,526.7470607476308,3,75.77574495944273,1,active
3,117.2035895729817,0,61.83692430721073,41,at_risk
30,560.2387399655913,0,40.77200888205332,2,champion
6,328.2924551186516,4,99.04018173994089,1,stable
4,110.18692443379577,1,61.52171103129306,32,at_risk
23,439.26822590890356,2,57.64795758062614,4,active
7,400.9677943052303,1,81.16902230995322,26,stable
4,81.78354585359348,1,43.938121801105545,79,at_risk
4,106.38429059048772,5,69.55018158799555,73,at_risk
4,115.52282147833583,1,40.19952101536614,45,at_risk
27,1819.1164258388064,2,36.65091251905628,1,champion
3,56.18617020771208,2,38.448863816388176,67,at_risk
23,320.313982396299,0,68.55655013268347,6,active
9,395.73123815259277,0,89.70492354355554,28,stable
9,241.91949404289437,1,38.18844919421088,25,stable
26,560.5934351072644,0,14.28958907824569,1,active
10,262.5660046123154,1,76.40225135454895,17,stable
41,504.7166251413006,3,12.78202630958809,1,champion
6,330.4145380642187,3,90.64140609538522,6,stable
10,214.27955168158024,1,41.580963372401136,21,stable
26,353.03691178046796,1,53.75744085923596,5,active
36,1387.5564980660613,3,44.1929948912128,2,champion
25,460.8317586844918,3,38.119617543880366,3,active
40,976.1923373967429,2,50.5090405471053,1,champion
51,1840.1013760219894,3,2.3993380244929807,2,champion
33,941.8570312418893,2,3.6886016951581446,2,champion
8,335.7656458895872,1,1.5145110692308172,25,stable
41,521.0848562715473,2,90.03227981707703,1,champion
4,79.29147425960582,3,88.54095588422875,43,at_risk
4,76.14659772019598,0,33.580219147661005,41,at_risk
10,402.6660716104103,2,21.845028692311065,6,stable
41,727.9642029543122,4,52.536788880811805,2,champion
2,110.62255469459468,1,82.42381230973899,88,at_risk
2,67.04711364109438,4,0.986022579609025,55,at_risk
0,106.98022346899722,0,80.0796228401601,86,at_risk
14,795.7432588684121,3,75.86792511072031,5,active
9,368.2214012335635,1,78.99432577008612,22,stable
2,134.25829929026526,4,43.838763156322194,32,at_risk
36,1098.4388194615178,4,93.78599388436135,1,champion
24,392.3214885948105,0,38.20451190119384,2,active
3,97.46198298717279,3,87.51655762900337,68,at_risk
2,128.0874134797673,3,17.29502021255176,70,at_risk
2,173.7293882248314,5,43.4497197187968,44,at_risk
2,116.45099951553951,2,21.710880663476885,35,at_risk
37,963.5171005774372,0,68.22407218011833,2,champion
27,451.5000645528826,3,96.43881310146189,1,active
18,782.4034846073064,1,86.22839724118313,4,active
10,460.6643632336107,4,10.413534056227626,23,stable
19,494.55253554182923,1,65.65958786426765,2,active
46,1170.973595692621,5,56.61779663327885,1,champion
10,265.53891681125367,1,75.80590942793329,19,stable
25,427.6350595457501,1,2.9099807957314705,1,active
31,1078.8867755596473,0,14.089274772327764,1,champion
5,87.48440395556047,3,64.79960210170381,54,at_risk
12,472.80368247838305,0,52.088239914289126,20,stable
2,122.25088315129817,1,63.40735763762934,56,at_risk
39,852.9508627929827,1,89.34558076919798,1,champion
12,323.62620171730305,2,39.6498883871082,7,stable
2,94.44381707322255,2,2.18600424889116,52,at_risk
2,185.5827526427289,6,27.048954619038636,74,at_risk
4,160.7890803153769,2,78.64597979019179,40,at_risk
36,1048.1704667904676,2,75.33298408035294,2,champion
37,737.7920816275109,1,27.769824035110034,1,champion
7,364.3118605073422,3,16.201719225629276,1,stable
44,1266.427553428913,1,61.41329167223333,2,champion
4,170.57566081247495,4,39.337023354871526,75,at_risk
14,474.85673281582444,2,96.19763471400388,5,stable
46,626.2301849893449,4,12.620869992934791,1,champion
2,192.42025146472795,2,10.618590001582561,62,at_risk
14,406.3905892746404,3,21.774710832673204,2,stable
44,1822.4634374382,1,13.938892071782405,1,champion
20,406.4283813677622,4,71.07424578259153,6,active
40,1367.7719181422913,2,70.33526355009559,1,champion
43,1694.0935563741052,2,99.35471755907935,1,champion
41,1179.8620277100288,2,16.004867065164806,1,champion
29,543.6144039559337,2,86.62555195118723,2,active
16,354.82871579455974,1,30.560666916352364,1,active
6,294.77496830692087,1,16.03350729145522,6,stable
20,430.4978791688023,3,69.56835590086033,5,active
14,432.66184711921125,2,67.19129532808442,18,stable
5,156.4202605080211,2,25.52658879960763,80,at_risk
17,578.3243726115784,6,49.727916212320814,6,active
9,473.68835085916703,1,42.13310225810258,29,stable
9,364.3954876308671,1,15.373686842135836,11,stable
2,184.99908737506217,2,11.71098574955276,84,at_risk
32,1129.6352417418427,3,56.684535027830265,1,champion
2,79.65515731945555,2,27.22249398499359,66,at_risk
12,486.5673349383035,1,59.761893741899726,11,stable
25,447.95812857840355,2,81.96213421335983,5,active
0,60.33401164103845,1,56.02111683115669,88,at_risk
19,775.9294005561295,4,36.89418746138057,6,active
5,51.97042793492513,3,17.0484239797723,82,at_risk
34,1988.637117356508,4,95.80960497105205,1,champion
7,337.13856018301317,3,78.83239678214629,27,stable
8,275.38715646875073,0,0.8573718513084416,9,stable
10,448.81096779567156,3,53.485927782646755,16,stable
4,176.43755569339197,1,92.21155514297618,80,at_risk
31,1525.4281704233704,4,70.03590391928395,2,champion
60,1336.977893668373,1,77.81777155929514,2,champion
12,353.2352068492546,1,11.822771612379924,20,stable
9,444.5267859977187,2,7.026940821580608,29,stable
2,55.953297682151145,1,66.08001815041379,53,at_risk
9,484.8031172815421,3,6.656745559956068,19,stable
5,150.91925761112893,3,66.08242051024847,44,at_risk
38,1195.584806657009,1,5.031034615030383,2,champion
46,1400.329234378458,3,89.49788291973891,1,champion
17,486.3270263931339,3,53.87418118544507,5,active
34,1792.9507493581448,3,32.11905421330607,2,champion
15,292.07649157153116,3,77.61407025227396,6,stable
7,451.64634803648187,2,21.066176624450094,24,stable
10,478.6513653642421,2,40.92824037283835,12,stable
1,196.51572398014048,0,35.845913453548384,32,at_risk
13,221.3760567482716,1,58.127638501339405,23,stable
2,134.09591176345526,2,6.330036386761417,35,at_risk
9,250.5430724746114,2,39.28202475456334,27,stable
2,100.99647884632549,1,65.53487672705329,51,at_risk
19,311.83330225904723,2,99.3186390669623,2,active
24,426.37217961597645,1,59.32238915818804,3,active
26,488.59775053190634,4,0.8764477315678865,2,active
9,488.9819556667732,4,39.90986638207781,8,stable
5,193.41330855031893,4,68.37548172524883,62,at_risk
26,768.0639530629364,2,37.071313448256696,4,active
1,59.98438579574864,0,39.40756525847403,51,at_risk
34,597.5150894003523,4,55.23370331335271,1,champion
5,171.6710730105106,4,76.945833501121,55,at_risk
7,340.4365153170201,1,67.29829836545593,25,stable
42,1901.7645615959111,0,48.614903861877,2,champion
4,389.2335610332592,1,73.53970414809402,3,stable
43,1001.3418532694726,0,74.98190193910246,1,champion
5,236.12705361899629,2,6.982146847603876,6,stable
20,379.94550804346346,3,39.86219543538566,4,active
42,1061.5209498321985,2,37.51948978548331,1,champion
14,682.6496152259773,1,31.967886792585908,2,active
20,455.76880553214903,1,56.227821875306375,3,active
11,286.353892569806,2,51.291806712462694,28,stable
10,308.15723185444745,2,39.687190525825024,19,stable
1,187.7804754763476,3,68.30467721040121,76,at_risk
18,569.4574852041454,4,27.44353114260113,3,active
45,896.1802077659896,1,8.957233898940064,2,champion
3,80.13831705182807,1,19.157812887651783,30,at_risk
7,134.4270699415385,1,44.67888265058099,80,at_risk
33,1098.5266785824354,0,66.27142867414234,1,champion
16,348.3514662138048,2,44.11171550269138,5,active
48,1366.0341498025782,5,72.26541655429155,1,champion
7,343.03280515136447,1,14.266029890263498,20,stable
5,190.97827652789528,3,85.6144589300077,52,at_risk
7,271.29100178909454,3,62.788673641828055,28,stable
10,473.0017251609972,2,18.841560893908692,29,stable
9,421.8150598514829,1,35.2236872394013,3,active
44,1941.2072912456465,1,71.87524563768339,2,champion
37,1586.33406464504,4,2.939201449880091,2,champion
21,391.97621748780284,3,51.77569046287397,6,active
0,173.08004732174032,1,63.74608547865682,37,at_risk
12,396.58452993152395,2,31.642957147521223,6,stable
34,750.1838489067587,0,14.795554645269771,2,champion
50,1085.362698173987,0,77.7284464963151,2,champion
11,288.7022537398832,5,11.905003440593443,3,stable
36,1135.5680901377543,3,87.46488450290482,2,champion
3,127.56314602929493,1,25.31704905403025,75,at_risk
3,137.4423307434234,3,57.516737538562104,80,at_risk
2,110.68730297072575,3,44.95428972354987,30,at_risk
14,226.9240097932718,2,10.318951590322179,19,stable
30,721.7856145607186,2,72.86014293983149,4,active
18,361.0336137054762,3,32.66982362528596,6,active
36,1233.5592274786823,4,33.29525920052189,2,champion
2,183.62944071630392,2,59.68866679544183,42,at_risk
35,1921.5172268028737,1,74.88722500329938,1,champion
10,351.7787309033304,1,65.41669475882735,10,stable
8,451.3880984031178,1,16.963962335614912,26,stable
24,506.1619408263174,2,2.5014659646705906,1,active
7,442.2616182760381,1,30.762533867500032,7,stable
40,1098.9706515100563,3,44.60653368824972,1,champion
2,72.01447957159307,0,92.28785368461082,81,at_risk
42,1941.38415700149,2,87.13732722215649,2,champion
18,533.325000642204,7,86.88411173648245,2,active
5,53.90499753415889,3,80.61910794683979,39,at_risk
21,610.6177779807492,2,99.47633014940855,5,active
20,463.13574800288785,4,28.993289927645694,4,active
13,487.91909961118154,2,70.70114111781523,18,stable
2,160.30751981642413,3,44.46123289685355,44,at_risk
38,1852.7426838872332,2,86.47794687003008,1,champion
25,690.0008715697887,2,35.98356427764101,3,active
1,153.2054920594768,1,69.18850815118076,80,at_risk
16,318.4621625143646,2,14.549677035272435,5,active
46,707.9390592930074,0,40.088875244239084,1,champion
2,180.83617655750575,5,18.61321749228142,46,at_risk
11,329.84434669951105,1,60.99280747857955,26,stable
34,515.8650005462761,1,96.47193030920728,2,champion
4,168.48538346739173,1,1.4668168926700753,64,at_risk
37,944.225624770871,1,17.628052284004447,2,champion
41,1364.9835881021784,1,99.95547963370372,2,champion
5,143.6751380162828,3,43.64779640752923,42,at_risk
3,67.44249548325455,2,90.32139838881706,86,at_risk
41,689.6128488358504,4,31.262399746634827,1,champion
15,712.312505241566,4,68.55715343160608,2,active
23,384.8219188931369,4,21.66691207426672,5,active
38,884.8297079999704,1,98.72754022470347,1,champion
18,614.2305449957194,3,47.98174432727983,1,active
35,1574.0640663177526,2,77.2504873407646,2,champion
19,313.38456577189777,2,80.51479784402146,6,active
8,329.19552180831874,1,30.978940970466173,25,stable
17,740.3720549452128,2,30.05487406250209,3,active
19,759.1515727502037,2,15.85252889017129,4,active
30,1129.8631794063276,3,75.54143908938103,2,champion
23,316.2224118283229,4,13.343928724075305,2,active
22,570.0245143302052,2,32.402190742681846,5,active
13,328.98654303447955,1,89.73423270820682,24,stable
25,782.029115077698,3,1.441603266547098,5,active
17,758.3326154767427,2,52.16461182979651,3,active
8,296.16367661982963,0,14.666630742086873,19,stable
17,396.43281061989995,2,42.460516054011656,6,active
4,137.6464765035753,3,68.39938222127624,66,at_risk
7,303.09165882716013,2,81.28181655765582,12,stable
43,673.9986641280028,1,65.56683989359881,1,champion
27,344.582450183872,2,71.1336409175029,3,active
9,264.8807788842481,0,93.14255644615638,5,stable
1,121.92630288384893,5,5.475621446744849,86,at_risk
2,60.32016447067626,1,5.914039453956709,66,at_risk
0,170.41600821392893,1,24.994257716933955,35,at_risk
18,399.0195313762675,0,65.08257340384483,1,active
8,210.06294992669206,4,30.26912081630203,10,stable
1,140.41731269226895,1,75.98523590875375,52,at_risk
14,345.26693360923184,3,47.878008464318576,2,active
4,52.37296464658818,2,51.891414530079494,76,at_risk
52,1900.9279580251239,3,31.954029657442906,2,champion
19,623.9869339663888,3,9.316309433303726,3,active
21,434.398048440305,1,79.1845362955958,15,stable
7,269.6871266148428,3,31.245107507242974,5,stable
16,468.4745179346629,3,20.242738150640537,5,active
1,90.67487106779204,0,97.41899576593055,35,at_risk
19,793.5848699264286,1,12.507781709458,6,active
12,312.3747256198999,1,48.25079062479695,2,stable
45,671.6524589407994,0,83.43645178716893,1,champion
14,761.266739751643,2,37.683835399050956,6,active
3,87.49991637915,3,78.77374655010242,39,at_risk
9,233.17000628161122,3,83.40780551530223,29,stable
4,63.109236701188664,3,39.18131785352299,52,at_risk
20,539.84227323389,0,33.247477727772434,2,active
31,1004.7528207131863,2,87.1103828972664,2,champion
35,577.8892371651065,0,77.65400905929461,1,champion
32,514.3567980192188,2,13.27893427806327,2,champion
8,352.7096096717493,2,70.94585654957896,14,stable
23,580.0959824238084,2,21.632492175877072,1,active
39,600.1469372477015,1,92.41185008601134,2,champion
26,464.7801123186801,3,55.51042624721762,6,active
42,1282.5907666035669,1,92.95397401732149,1,champion
22,615.049846093354,4,38.96449158763573,4,active
45,955.8863828726451,3,65.99311442775267,1,champion
2,116.8920694009925,4,83.62045094499896,87,at_risk
48,1610.820717787135,4,35.59452663036695,2,champion
33,1312.031871421149,3,7.523195285623374,1,champion
5,245.11237475530956,1,68.05997397501932,22,stable
42,1435.8110126244137,4,95.07937172235171,1,champion
6,474.0306623517171,2,96.28986396483377,27,stable
16,468.08674955402034,4,1.8268955169361556,4,active
1,102.0204826267845,0,44.54183040379617,55,at_risk
10,279.44822190770964,2,59.0182651647201,1,stable
44,1781.252352989653,3,48.42523772413584,2,champion
30,783.5192726920693,5,0.9561087592768636,3,active
11,587.7495810096539,1,22.312400464672212,4,active
3,156.65535396876763,2,20.935341187389255,35,at_risk
11,396.2234360543529,1,48.70563437414865,11,stable
20,471.8117770227218,3,93.4893209780166,3,active
42,803.7259279856519,1,87.74444275352657,1,champion
18,417.1285844062756,3,1.5012795839972282,4,active
34,510.50902656264617,6,96.9542894392597,1,champion
2,133.40812135365718,3,13.00766597567804,63,at_risk
5,125.34176266230972,1,24.55526497879763,32,at_risk
6,68.84538138726664,1,24.39929132464155,52,at_risk
39,1093.2098630496482,1,22.451296375113238,1,champion
45,1458.676426259384,0,68.84971073027472,1,champion
15,622.5935124964797,5,46.233571962402166,4,active
47,1287.6475292978712,1,50.45207846428045,2,champion
8,268.7854493352581,3,76.97212673194139,15,stable
37,944.4021918537019,2,40.16763407917829,1,champion
39,991.0034203077478,1,23.31308320782054,2,champion
19,542.1669941683987,3,93.35955121902887,1,active
3,86.2644999441029,1,28.025304984185595,49,at_risk
7,217.44374275326035,2,4.9509817349698615,22,stable
44,715.9618776906287,4,79.43570263947865,1,champion
12,306.421207537337,1,39.062147610890364,24,stable
42,1823.8843954375873,1,13.63863202562835,2,champion
10,344.1863496923438,1,20.403470140109135,14,stable
2,68.1560148089325,0,57.033067785742254,74,at_risk
38,920.2623808157828,2,5.333061919982218,2,champion
24,620.5770218535329,1,17.29601650164576,3,active
21,571.3025476353796,3,67.496228178282,1,active
45,1088.8069259066467,1,16.88163654391044,1,champion
24,408.175519904488,1,55.354748102946175,4,active
43,1972.802639117432,4,60.94086328050711,2,champion
8,467.0042659251539,2,3.8649928063652417,14,stable
20,551.4543880079494,1,74.38277871016292,3,active
0,58.906575781132645,2,22.08086753440035,86,at_risk
4,118.63479762321847,2,57.99568045297773,52,at_risk
12,481.2738119913205,2,24.774832941380886,26,stable
8,430.37369563456014,4,64.99332251912739,1,stable
2,197.4826347741553,4,18.257404568758663,72,at_risk
26,593.9750644828446,2,44.434177861595195,3,active
27,443.855067624186,3,88.86245716261763,4,active
27,631.6294340238716,2,16.687906984570834,5,active
17,704.8646086277951,2,23.022971222488575,5,active
39,1917.9196026816155,2,73.3874054444399,1,champion
8,286.06032248948674,1,53.377186294718946,11,stable
42,1049.6733945436345,1,80.67385003894016,2,champion
7,163.37273887639824,1,52.78987350572476,48,at_risk
34,1858.6151306164159,6,48.308223126862984,2,champion
14,423.1445684437907,3,45.035771773615785,6,active
17,434.8500305844945,2,28.924327806057626,5,active
21,354.4455989878602,1,1.3358282953375156,5,active
11,438.3767184153199,1,68.93290987195935,4,active
5,140.752174235937,0,97.7082087580192,47,at_risk
5,89.49788530494561,1,75.97019044372759,83,at_risk
35,1852.164608373351,1,28.809550268306715,1,champion
5,86.06732825755286,1,19.820729334902143,71,at_risk
19,265.4705938899298,2,47.01882096788541,16,stable
9,298.0142358302875,1,43.25830148162009,28,stable
3,151.2881668166968,2,40.032834296165866,36,at_risk
3,160.28794576695017,2,90.03577719765276,87,at_risk
38,556.9539443806591,3,60.1734385054854,1,champion
45,1045.9037504412138,1,96.31240342238537,1,champion
3,187.21545087188076,3,28.328769319571457,63,at_risk
1,75.68297184540745,2,37.12428758440374,39,at_risk
3,61.60699883668128,3,69.58838209910357,50,at_risk
22,634.2519249251934,1,87.44707367644963,5,active
30,1249.6419308577983,1,53.25236943328522,1,champion
1,185.2944791126449,0,70.36935702447917,89,at_risk
7,388.09672162880224,1,39.434739661344445,25,stable
44,565.1477793373493,5,9.466024794422179,2,champion
43,1166.565517425231,3,64.82712081745301,2,champion
9,307.402960211,1,9.765509689479423,3,stable
19,772.0930038806518,1,39.7478902973766,1,active
4,101.76731914165384,5,30.78168129971416,76,at_risk
9,215.38838187261288,0,77.41872279255205,23,stable
44,997.2584521707255,5,34.95913852137601,2,champion
20,381.7372153673956,4,50.007250655549726,1,active
45,613.0060705088989,2,43.590453674822186,1,champion
19,680.5292010640218,1,14.050062299639322,4,active
29,791.4862172710267,2,35.028602843441924,6,active
17,428.05578425695853,3,15.30572005653349,2,active
10,272.94418009302257,1,6.715782677920701,10,stable
15,622.3259324241843,1,72.19443446304325,5,active
33,1098.9448556841733,3,35.95702532707469,1,champion
18,518.5510454803688,4,81.12123328171265,5,active
50,1232.8060815710373,4,60.4376996328851,1,champion
6,121.89327696861372,0,64.97711899759105,82,at_risk
6,482.4507045695601,4,52.52877546867355,16,stable
10,373.2933563988896,1,40.66976288233035,26,stable
20,717.9791014256277,0,37.015699436989436,5,active
22,451.8319729158934,6,38.59645649948721,6,active
2,90.81978246576635,1,4.05535839894875,41,at_risk
2,51.35640245683008,2,3.6988676385223074,48,at_risk
6,121.23316788141891,2,64.75585592674172,81,at_risk
51,674.4497837040769,2,15.281693048055732,1,champion
31,751.4643585468846,0,95.72213470441712,2,champion
3,131.1194513096045,1,43.48655896889451,40,at_risk
39,743.0015147650187,2,54.40776467403615,2,champion
1,98.90263861899459,3,56.14203536878092,47,at_risk
22,405.96247487986847,2,72.91277464926655,5,active
23,689.8324295827551,4,71.33635355691023,5,active
20,533.1981637517196,7,17.173747764751212,2,active
15,437.4126202107798,0,67.67631283316504,24,stable
23,535.4808370459303,2,39.52047206954028,2,active
15,385.03622087125825,2,64.24069415872876,2,active
4,52.89597239057511,3,98.31654904342635,55,at_risk
8,303.3321577765489,3,12.967082285275444,5,stable
14,594.4452533982029,1,21.210170358845115,5,active
40,1698.082508468846,3,76.62421624844268,1,champion
2,152.9329202033767,3,60.12836503163158,65,at_risk
12,218.21753589462313,2,63.47447582951888,28,stable
8,312.12682709301697,3,22.2148807398033,13,stable
17,678.355304763583,3,3.4219618130684526,4,active
1,75.8024359550605,3,71.89685076845565,84,at_risk
11,327.4724599491357,3,67.08940069206326,27,stable
39,1919.3225976135632,3,18.626560856629016,2,champion
13,481.3349204073117,2,26.887325089560164,12,stable
13,380.20278267341257,4,2.8490620742645745,12,stable
25,562.537800799524,1,31.127514124950906,3,active
2,98.89660773143612,1,41.33622295116876,46,at_risk
42,1535.7231467439465,3,18.40376920852591,1,champion
2,71.72843304336774,3,30.984089020630144,65,at_risk
52,1584.9541907044324,2,17.112842908185776,1,champion
9,329.0011510826462,3,36.89419244981359,11,stable
12,458.41845679594576,3,59.5977620400221,28,stable
22,610.0018980071533,2,14.057795625787882,2,active
42,714.2211625362461,2,43.33760449454903,2,champion
10,685.23033117711,1,61.93278098826198,6,active
2,129.0804972657968,7,74.99941294488553,63,at_risk
18,639.0343907638625,4,96.1564890472018,2,active
5,223.20224124797343,5,86.42737816170182,23,stable
7,57.713428468718675,1,77.61091279766136,37,at_risk
45,1471.3462563795174,5,90.96598964350775,1,champion
9,218.1456302544921,3,28.07120547718238,3,stable
12,428.4771226456907,2,55.805899808195235,9,stable
34,1781.116951426543,1,51.982089627876924,1,champion
20,664.9011616871328,3,2.1801457131666924,3,active
11,433.6128789122566,3,8.772125813130206,1,stable
42,1279.33329671561,0,64.3203027534238,1,champion
43,1266.946165387274,2,52.78539126472632,2,champion
7,288.3432445116857,1,56.97621426379042,21,stable
2,91.25518646234504,3,49.473308634790456,85,at_risk
38,1052.5645340204267,0,43.10631051249679,2,champion
40,1818.663023227958,2,29.071738234138444,1,champion
32,1147.3677155450048,2,96.85020585711611,1,champion
2,284.688469698671,1,18.307617058970184,10,stable
4,143.1084734603297,1,69.98527964485302,78,at_risk
14,292.77815368752437,2,78.1670146894784,14,stable
22,768.3887587495709,1,71.94836320399897,5,active
58,888.2502589361276,3,78.13681433556012,1,champion
4,345.6021749696941,1,15.302470210038477,3,stable
8,228.92080936155233,1,76.87937096619363,26,stable
28,523.9983078424609,1,32.70634180880876,1,active
5,91.90225911879679,2,38.14769308087492,66,at_risk
5,315.67139420145804,3,44.4341627966518,8,stable
45,800.4990441691812,0,32.23173647388546,2,champion
27,363.3912280189603,2,69.9457978466178,5,active
3,181.0642883334504,2,22.676973667476574,89,at_risk
37,1449.5503736602589,3,65.76256142284846,2,champion
43,1378.0252806969388,0,2.0607804331770674,2,champion
4,124.33188186938325,1,89.26833376249931,65,at_risk
11,425.38516962403526,2,0.6988539428482876,2,stable
2,132.62495968520903,0,80.4253958643296,59,at_risk
7,220.51900701748207,3,64.18672263491513,28,stable
48,1573.8605141969342,2,59.82909291245318,1,champion
11,303.22182452542893,2,39.93649724208412,29,stable
39,688.2732567424177,4,96.2543632447972,1,champion
29,346.1604189122554,3,70.76599829040147,6,active
41,1030.5089355731113,2,73.98443616920851,2,champion
44,1105.3695783364021,1,13.465172053912088,2,champion
19,300.4613258639372,2,72.65602132934296,24,stable
51,1832.4529390289313,1,35.81982834464789,1,champion
48,1862.5172239612764,1,53.356734724697056,1,champion
13,381.5613889928916,2,70.19222780815957,24,stable
11,456.1091916367783,6,74.29221749378021,25,stable
14,446.7860294919334,3,36.00093623044154,25,stable
23,768.252332063635,7,15.177089753762507,3,active
33,1440.0871493579716,4,36.03451278937708,2,champion
10,613.363564744557,3,97.31139713032712,2,active
21,780.9013277130065,0,45.66711313218702,5,active
1,144.09685637481059,3,22.038598606724193,36,at_risk
3,96.81109336878863,4,12.737004319118917,51,at_risk
10,256.9638793852906,0,11.535347194196833,22,stable
4,147.5254556559254,4,85.60404315343912,61,at_risk
8,258.61113921138855,5,99.32028798088895,21,stable
33,614.0153638507553,2,41.776747612167306,1,active
5,157.01768306427294,2,70.15085972947482,60,at_risk
2,173.29160175557007,3,35.598479649181705,65,at_risk
42,1312.6198090171922,0,59.27040159747226,2,champion
11,413.9483285524992,4,31.375107681852256,4,stable
52,1876.1975043982288,5,93.62729936590206,1,champion
12,441.9649211240204,3,5.096885467588974,21,stable
28,577.4719824577678,0,68.86163888041928,6,active
46,928.3299896017429,0,41.082545761677146,2,champion
18,648.9985930126074,1,18.437297903766925,4,active
4,237.5477767498684,3,49.67305987643618,9,stable
20,432.6670108297585,1,90.72767017309984,5,active
15,363.1074263696622,2,13.87909105340711,21,stable
6,469.98727640922635,2,58.31714328839801,24,stable
2,173.36044505102365,2,39.179312120924834,43,at_risk
33,723.3110534009492,0,14.78167957709281,4,active
13,210.3334064575793,1,62.4662615471443,4,stable
4,143.10666795211975,0,72.53658555198682,85,at_risk
4,150.32712395843396,1,56.606449400841484,56,at_risk
7,435.2760477234176,1,4.604891124268762,21,stable
27,339.6691606618045,3,64.53303457636127,6,active
7,375.28400449436833,2,72.12436163648484,20,stable
4,67.8760685614917,3,31.654382984306938,67,at_risk
6,375.2951155233653,1,52.66588145767229,13,stable
4,92.03884205638896,1,89.108342750878,56,at_risk
14,461.39331158080574,6,73.96271811970286,2,stable
15,312.8843759992168,3,4.176855149309144,4,active
43,1488.9338188885333,4,23.771461124745674,2,champion
6,155.2040169207293,1,98.8925928100725,43,at_risk
42,1019.1871062347666,0,93.01649625106012,2,champion
42,707.6452966475971,1,86.89591411329775,1,champion
37,866.237952861819,4,47.207839821270255,2,champion
3,86.54392286798063,3,6.026775337738465,48,at_risk
21,716.8122361876667,1,27.548007758232917,4,active
52,1873.008439441156,5,16.169672228915598,1,champion
14,407.44502266006356,2,40.802932748631505,5,stable
26,384.86088064799753,1,49.321432931367596,5,active
48,1311.359911172944,1,75.83265671682864,2,champion
1,162.99382459785815,1,59.64578503310566,84,at_risk
9,412.8046209324058,3,77.39811311172912,14,stable
20,414.22470314227405,0,79.657581095159,3,active
39,1883.443125085844,2,5.175779469964137,2,champion
7,454.1250083893409,1,89.32790979979785,27,stable
35,1252.851648274787,2,30.006337385159576,2,champion
16,461.8914887035766,0,64.79008455959278,4,active
18,647.2170186908251,3,54.83136174140455,5,active
5,90.8095703831273,3,18.32369090148802,44,at_risk
1,70.10421417969974,3,89.2475088638607,78,at_risk
11,416.5030021799278,2,67.83689575127856,5,stable
23,572.1975578509986,1,44.7458120064352,2,active
11,402.46976778358703,0,26.745182700355187,13,stable
4,87.60735085917248,1,70.67583881390507,63,at_risk
4,69.06027774217931,2,3.2562611100985905,51,at_risk
3,72.89721919969975,0,19.5997777369615,55,at_risk
8,357.54179857567806,4,38.56916427515786,23,stable
39,1819.1506873770345,1,85.25154527845588,1,champion
27,328.0863922760314,1,35.07563634065731,6,active
11,410.88846268074417,1,45.4972904641741,11,stable
17,337.41722082320393,2,85.43648910618705,1,active
18,369.26634653106805,3,10.400816408325031,3,active
43,1170.57709611035,0,45.625915366875056,1,champion
7,415.2625753960741,2,79.58542145965366,27,stable
35,870.0498494579285,3,31.496439698458158,2,champion
7,251.3491566298439,1,97.66706560705589,22,stable
18,777.7746234592631,1,66.33819932461236,6,active
46,655.4176782455879,2,95.34105778366924,1,champion
3,87.01632967124462,1,44.342572020022466,70,at_risk
8,367.82090688166153,3,11.480112951193755,7,stable
8,207.52146035982707,2,35.59920266442348,5,stable
2,94.4367641441822,2,88.72586704087652,55,at_risk
32,1505.2029731683403,1,81.24422730473341,2,champion
2,174.51622491088838,2,98.95209593165495,32,at_risk
45,1473.3706782789757,3,63.693579636538935,1,champion
22,656.0737730876484,1,32.04388706257707,1,active
45,750.4086190083523,3,25.382840027319563,1,champion
45,795.1232555290894,3,65.38082751228886,2,champion
27,790.7075207271051,2,9.347274733428169,6,active
16,279.23292022972805,4,23.38647733699515,19,stable
5,312.6189542769825,3,57.95745729702143,12,stable
18,382.82792951243977,1,60.93641085429014,1,active
2,95.71939805148233,1,37.08082254488427,49,at_risk
5,393.15463212547024,3,71.7813863762952,26,stable
4,179.2975081103121,1,76.83332836593317,77,at_risk
4,137.5380306321188,2,52.473981858493524,71,at_risk
1,110.46804464359462,0,26.884461485228993,36,at_risk
41,1678.779691608439,1,14.946428259828416,1,champion
16,349.00062530906484,3,23.07361401646394,27,stable
26,523.9370449554647,2,79.35847344072667,3,active
15,625.1759669401578,5,40.20184086829553,2,active
2,161.30280403635297,5,4.059996440864444,53,at_risk
34,662.2251102256229,1,17.426111411646396,4,active
2,63.54073188199965,2,90.33673876650134,52,at_risk
16,427.66033478601855,2,99.99592217894161,5,active
7,363.4271464186375,1,19.831741652490297,17,stable
31,1398.2565405007228,4,42.942947772607475,1,champion
36,1599.3913801234498,1,12.833361035618129,1,champion
27,817.7703065664062,2,66.2270703136009,1,champion
12,249.48178238792732,0,82.86238455923561,20,stable
35,521.7744096339318,3,45.06737047785718,1,champion
19,636.2737844540509,1,11.870656484360175,4,active
38,1855.5488450661123,3,73.43193641400616,2,champion
1,120.90991560719321,4,41.77480381620975,46,at_risk
2,161.57188786364176,3,69.53798871026432,68,at_risk
5,71.74081629871623,4,46.6361004265372,53,at_risk
0,88.44735669958222,1,84.3462740652997,58,at_risk
20,320.7966922992663,2,62.720384975060895,6,active
22,418.21236545162554,2,0.4763629536491232,3,active
1,106.88555064046506,3,18.973874590711137,78,at_risk
1,199.69181329648546,2,31.727389271765105,83,at_risk
43,1051.2569548778642,3,80.47643364011738,2,champion
12,335.6431536857871,2,50.20267586430154,20,stable
34,982.0319408061602,4,90.10794844936687,1,champion
7,419.940039257961,1,49.3338399973405,14,stable
3,96.93281470206891,7,56.8280671102596,60,at_risk
10,280.70787259264046,1,57.498425578728586,8,stable
19,471.64035307757695,4,30.092777109054214,5,active
12,757.9314151410867,5,59.124165305654984,1,active
10,274.9603367166447,0,18.018338838190328,22,stable
12,485.9909163603426,2,22.15359572003225,20,stable
28,311.95707360050085,1,92.78344777480886,4,active
12,754.7872652887935,2,60.325345355437975,6,active
20,599.4305409270075,2,32.99993388710733,5,active
0,115.88606634483835,2,22.62508310273288,87,at_risk
9,413.92196601471363,2,89.07931325484061,4,stable
46,1075.4677632167538,4,6.908005488230917,2,champion
4,60.827971516964546,3,77.42112224892624,53,at_risk
23,331.14141171962206,2,4.6456145258154,4,active
3,175.34482198994135,2,92.19653029812622,86,at_risk
1,98.50176919723319,2,51.285402391617176,79,at_risk
18,749.0149699383443,0,40.85731947433157,1,active
2,107.50309992229792,1,39.945959022562626,71,at_risk
13,333.770040308146,1,65.98305472138178,23,stable
35,1630.2898507456277,3,20.205258233981738,2,champion
8,408.22215632474814,2,84.74185006024709,12,stable
1,164.31002714836234,2,88.8353146622905,73,at_risk
40,515.8546011073056,2,54.33811604832606,1,champion
4,172.71333614346696,6,81.98293589932574,68,at_risk
44,952.6037489173339,1,7.509439477167879,2,champion
21,400.5893148819325,1,4.178926399995586,1,active
10,279.9327310066008,5,96.88262030454223,19,stable
5,184.48619647467513,2,88.07795820326517,55,at_risk
0,105.34872511903671,5,17.70162167089373,81,at_risk
1,160.96656605520502,3,6.181855296297412,78,at_risk
12,353.4921404052614,0,4.473244679558219,22,stable
32,1136.21080820798,3,69.86464363506344,1,champion
6,65.79856773897812,4,15.576688393021222,73,at_risk
9,257.10027097526705,1,59.50262434676683,23,stable
21,597.9202636513792,0,63.53779638927305,6,active
0,97.82302308847648,2,19.92285669217626,41,at_risk
2,66.01344440920592,3,12.153320078313657,56,at_risk
12,478.57616179810566,3,46.14832227751132,2,stable
49,828.4934431886014,3,68.94342372566675,2,champion
5,79.58109190669593,6,8.726558470043845,66,at_risk
18,776.4379681279295,1,63.52218661303569,2,active
15,249.25691890271486,2,73.81610924181754,12,stable
42,1863.1267073194215,3,43.38351846985219,2,champion
4,193.19967144729011,2,32.382309767527474,47,at_risk
10,283.66204940370096,5,44.92420140886293,2,stable
6,350.51730635920023,0,66.6534022378211,26,stable
50,1587.2517567409275,0,59.59742905915656,1,champion
50,1479.5395036318093,1,33.81761392946003,1,champion
41,963.767391662146,1,2.119365521337535,1,champion
18,766.1209712587408,4,0.19746343032800429,5,active
9,477.0162972336477,1,94.38717426487567,9,stable
35,1748.1974410998464,4,70.93350425607878,2,champion
31,628.7556878185042,5,58.6085879731973,2,champion
19,444.92982337196844,1,18.679469130060898,3,active
13,291.50238356661885,2,27.268990971547314,28,stable
3,184.332182892694,1,98.84426756526979,67,at_risk
11,470.99829231252113,3,21.41387173750996,8,stable
1,142.6888721158602,4,31.43848111112124,38,at_risk
7,194.8081461266426,2,58.813025127124476,54,at_risk
11,235.61511546362425,3,93.69750225061699,23,stable
5,52.655805225825524,4,16.156561911859168,55,at_risk
14,298.6026333808892,2,93.0258488802851,6,stable
31,549.8903292047081,2,52.873185041411794,5,active
9,384.12287170863993,2,68.57749593228884,20,stable
3,171.0231137692031,3,32.89161096798999,60,at_risk
40,1867.9973132493421,2,70.9620250051187,2,champion
2,73.72303572993727,0,43.60827509059332,58,at_risk
44,1948.453165690371,5,74.05178355971394,1,champion
4,184.5608277543245,4,4.98115118570337,73,at_risk
37,943.4477418452832,0,26.84343715517985,2,champion
12,306.65675487196137,1,98.79744367547248,11,stable
3,135.14704608766445,3,30.857421842755528,57,at_risk
12,583.7270281053167,0,83.09161379195275,6,active
43,1750.746601477495,3,55.70042753019118,2,champion
18,748.3700456201484,2,12.110823856402764,6,active
12,414.5338684799611,4,39.8411131741126,25,stable
44,801.914899213029,1,72.3677179957278,2,champion
3,60.64082814548345,2,42.81422715705212,87,at_risk
11,225.18658962262555,2,85.36552787178121,13,stable
1,197.9159477862931,1,98.82373989791915,66,at_risk
12,457.3035226180526,2,65.52563183225719,27,stable
7,133.42718424348283,1,16.73354713716064,58,at_risk
32,827.988227997312,0,15.91756684753667,1,champion
12,441.8266238513909,1,62.196630842366815,4,stable
8,374.2160490687587,3,65.24245481771155,7,stable
11,283.61575452284694,7,67.83417382361951,7,stable
42,773.2156120756828,0,61.14940933771788,1,champion
47,877.4446025334731,0,83.63143796523508,2,champion
34,1271.3031990314043,3,71.65699221943821,2,champion
2,132.74703055076995,3,36.180518119594915,81,at_risk
3,137.4857415139699,1,72.01786528343996,75,at_risk
41,1799.4485469830088,2,71.49632277294951,1,champion
28,1511.6910367822297,3,26.516425845539104,1,champion
18,745.111160984689,4,94.82484973733807,3,active
36,942.8364851257822,2,7.209447226332921,1,champion
48,1749.370494002343,3,28.062866914049433,1,champion
17,543.6361337190077,3,1.7770185869122934,5,active
15,417.4797252796744,1,10.16469198600155,3,stable
16,749.6740134777066,0,58.247677234061065,3,active
5,345.06508620741926,3,55.092396180801664,13,stable
2,75.36869552908784,2,34.062569290179226,60,at_risk
1,143.7858146528892,3,4.610177288628559,64,at_risk
3,149.08935735962154,2,30.57724587106764,31,at_risk
3,184.61957128120667,1,9.782987241538855,68,at_risk
2,151.7957562813166,4,49.70237910479851,85,at_risk
11,405.19241495805187,1,24.23995452682437,21,stable
2,84.86894124751814,1,75.83573015848654,73,at_risk
24,732.8801289535999,1,7.235724792015185,6,active
9,358.0011059044031,1,17.456483352198894,27,stable
37,1388.9294757842065,2,56.16716775222525,1,champion
18,583.8136670075432,0,62.837841390846016,2,active
12,476.13407378792624,0,63.02748299458041,27,stable
19,420.65047334117946,1,91.05946933611658,5,active
14,395.67348306305405,3,43.710545143646215,19,stable
39,1135.7294471317791,3,76.47450265442312,1,champion
0,139.4830972184942,0,52.39490859324035,72,at_risk
41,1946.083763394165,2,66.22236103757471,2,champion
8,434.071338750255,2,42.540353988339916,23,stable
5,62.35876264447731,1,64.91126151593343,57,at_risk
1,172.24912826142312,2,79.64094808209114,80,at_risk
1,190.64447423619637,3,19.567643883194275,78,at_risk
33,1547.523171173644,2,85.33868090127001,1,champion
37,833.5228405869767,2,61.82910215394525,1,champion
6,474.4500272807972,2,38.994926745721855,8,stable
0,159.21630378514297,2,76.14795931743818,45,at_risk
12,298.1614027648924,1,61.64671810962146,11,stable
8,292.6307633592723,3,34.94444060242804,3,stable
4,202.4222086167409,2,0.14871178904949378,21,stable
16,224.46248108586522,0,76.90385640403204,7,stable
17,229.61614573131402,2,50.57473564762645,19,stable
10,462.06609674398857,4,82.66833753734012,4,stable
15,616.0749987872838,2,97.24390233720393,2,active
5,120.85058398934898,3,71.56597101744157,70,at_risk
9,312.4621996623055,2,63.52966981921858,25,stable
5,403.44195707390105,3,58.991441677878264,3,stable
9,353.5175963605603,2,85.57467222410922,18,stable
50,1865.3404576070081,1,18.560374336132025,1,champion
39,1323.5134781502104,1,43.413327940030776,2,champion
2,50.037944005820925,2,89.8919049471557,76,at_risk
9,426.26444169442186,6,77.76288679263436,26,stable
21,519.9579552816593,0,16.388856399895268,5,active
22,391.5257920975205,2,86.81562291110406,6,active
3,228.76489200610902,1,58.38943533706599,27,stable
3,143.0032483437843,1,47.25947254939863,49,at_risk
7,111.56133459518587,1,64.4546741259628,89,at_risk
25,305.5581702094711,1,44.14781813528571,2,active
19,677.0869057698637,1,73.14408899530115,5,active
14,212.73689137194177,1,1.8804125105058134,7,stable
30,747.0847733697701,0,38.6084210209834,5,active
5,320.92106761119385,1,57.48587422278649,26,stable
1,155.59095167743726,0,95.0728147507966,81,at_risk
31,1820.685101764316,1,43.57134763154756,1,champion
24,445.521878962513,1,85.15951790314313,3,active
4,70.55132992488882,2,47.72617655610053,58,at_risk
23,325.5860729828173,1,10.556797271666197,2,active
6,385.03808680578277,2,40.20893574224891,17,stable
40,1937.4397135711456,1,23.91092398684015,1,champion
2,137.58308765347746,2,25.39714322907769,87,at_risk
29,358.5095919589232,1,35.22761584494541,3,active
11,318.88941439684623,2,77.21890768273187,21,stable
16,453.0771225506372,2,11.993272674404343,6,active
12,278.31713513710247,4,63.79176973859988,13,stable
40,1128.4567874812747,4,86.93854207984326,2,champion
38,1975.6268508229984,1,1.0141712190451568,1,champion
8,447.17673808431266,0,99.69149081036971,23,stable
17,489.60670427680054,2,42.31175672338841,2,active
19,577.1360351503157,2,90.18878361161245,4,active
1,182.56658354151912,3,32.847460939105865,36,at_risk
4,76.14543203970948,3,18.665913757206297,84,at_risk
24,714.6001461603078,4,40.67839421494097,2,active
36,1470.3002699616607,1,61.072129144424856,1,champion
4,118.21058229987919,1,88.26482493014926,73,at_risk
27,1306.7063607335465,2,59.32696643537258,2,champion
40,1379.9140624456254,1,17.7992977273976,1,champion
42,993.2575393929726,2,10.812164669872459,2,champion
9,430.9124391385292,1,54.67413458251137,22,stable
3,65.95503963536545,1,50.31479854463484,34,at_risk
36,1616.724453860946,1,34.36904381237642,1,champion
35,1199.485874484903,3,9.128092289293733,2,champion
4,190.89592129998186,2,58.11419479613399,47,at_risk
20,598.7194312425228,1,77.89309877902245,3,active
21,490.5890806990051,4,30.859865128432418,1,active
2,109.74923709858153,4,24.396038010531186,84,at_risk
35,1567.9344258851047,1,44.91452867244035,2,champion
7,482.2894432076564,5,22.94248382270566,5,stable
22,477.23999611263264,1,67.03641129996643,2,active
16,377.9715064299863,1,53.25907910302477,11,stable
4,135.64499753600225,1,93.36769539951798,86,at_risk
4,159.2994354756923,3,56.37894776909912,36,at_risk
28,659.7529171960101,2,4.805742903131871,1,champion
45,1094.4989134608895,0,12.814130841238669,1,champion
38,1353.3251600409535,2,73.92149524995666,2,champion
36,886.064459418175,1,64.64810322267786,1,champion
3,51.419763554366405,1,29.394226794666434,75,at_risk
45,1017.4824808775361,1,80.55689381250933,2,champion
19,412.0692559180145,1,76.04717918405615,1,active
34,717.8923914462547,2,10.734442880869988,4,active
17,313.8564711346963,0,40.780721543929765,6,active
7,423.50066845806714,1,22.818499530883873,14,stable
4,126.17073466045196,3,50.5386917902369,73,at_risk
3,123.16913655767418,1,93.5799181047529,43,at_risk
8,392.8233304329507,3,10.244219718009607,4,stable
1,65.36993824268454,1,7.993381907055097,31,at_risk
7,229.3705494382053,2,28.223040855919855,24,stable
12,233.5909650610755,1,61.49114323544313,16,stable
3,83.20332792087324,3,87.98245650230685,61,at_risk
43,686.1181942781477,0,57.43370632695811,1,champion
21,757.3082484224304,1,31.014328692336857,4,active
14,364.7277898098873,1,16.787640017343698,1,active
51,628.171489533846,2,6.55861375140322,2,champion
2,179.06331919965456,2,33.124380554926006,70,at_risk
13,693.5879447078097,4,63.1123932538643,1,active
6,53.89090678298792,1,55.21721424541419,52,at_risk
44,1499.6053993492608,1,71.76150635958535,1,champion
2,154.8419648943872,1,93.79532390547327,68,at_risk
40,880.5662742605396,2,65.84631522347433,2,champion
41,1206.0962264635864,2,87.67240753727654,2,champion
44,1782.7845850754145,4,18.132017524308274,2,champion
22,543.1249077094025,6,93.39134176763511,2,active
19,504.2038537197148,2,59.709177986201965,5,active
14,221.73124232763797,1,75.0175104778524,15,stable
0,71.30942300246711,3,90.07713614831923,34,at_risk
2,93.28368401073604,4,57.9751594049247,59,at_risk
13,226.28582650741396,0,66.40581375462709,27,stable
17,781.8517400857033,1,46.41052069726324,3,active
39,1838.8933745713057,0,5.744204164894784,1,champion
19,701.5267764935006,5,40.194968888472516,1,active
17,319.3203088035729,2,55.431416243306664,23,stable
16,694.0456605459133,3,43.87745782967236,3,active
41,798.6883718168366,2,97.42022048339098,2,champion
8,483.41499658401915,1,37.59227491832168,28,stable
25,795.5182292875853,4,40.483617863521026,4,active
10,235.72596997554126,2,44.457214905419185,14,stable
44,663.250383650176,2,17.409415829132502,1,champion
16,413.9632463648515,4,1.8751043363259945,6,active
17,466.23298411080776,2,55.9065475760607,4,active
2,94.40264625765889,2,93.47439798870228,37,at_risk
36,1025.879235652526,1,37.32129828901027,2,champion
6,507.9380325126501,1,62.45304107301784,6,active
31,1602.163758789795,1,54.75390097965879,2,champion
21,758.3539597199816,2,49.216584611057414,6,active
23,454.9034583032048,2,8.649595526658915,2,active
1,188.69136646976642,1,75.00252304489025,37,at_risk
0,177.80896056120088,1,72.21528091232375,33,at_risk
23,491.58967723386957,1,44.558981083786506,4,active
45,1824.7500048957754,4,43.89858826555285,1,champion
45,831.3544860644264,2,73.36955327653747,1,champion
5,205.42117531678687,1,36.66541905816308,5,stable
38,1346.895673791698,0,1.7568560757330265,1,champion
48,1007.065483294939,5,10.572275184351298,2,champion
22,305.6189470150427,2,98.10155579062662,2,active
2,180.0923846233847,4,44.497234270463636,88,at_risk
0,121.85551373796933,0,96.2233176194636,67,at_risk
10,252.07416471926754,2,5.017586992709633,4,stable
3,125.45496143714772,3,72.96797698014886,67,at_risk
1,75.94250132945254,2,11.0299838954518,38,at_risk
11,480.5258633319887,2,39.38272653288386,14,stable
22,685.4329701453449,0,27.10573495671604,4,active
13,597.0488332870406,4,79.02453512409548,6,active
1,122.89434977166972,1,84.07157024861732,59,at_risk
31,1156.2938115596014,0,65.34357161056184,1,champion
40,1677.6474862916552,3,79.99006263989443,2,champion
23,405.9034092342621,2,3.2653237837149574,4,active
13,397.65440994235973,1,22.07648918050126,29,stable
18,479.3140657944268,4,92.29294109792485,3,active
2,182.58518562737788,1,84.6442136104082,89,at_risk
57,1637.3103124611844,3,38.451845918694296,2,champion
38,1109.955378860016,0,97.4296711552048,1,champion
29,577.410322880444,3,71.79289334995946,2,active
20,415.5054566779615,1,33.50719281795873,3,active
9,359.8180032069669,1,3.606223121593477,5,stable
39,807.9763325061253,6,51.32721433563076,2,champion
33,1988.9794988813537,2,91.69315425912909,1,champion
17,464.43045307332426,1,45.814149909727334,3,active
22,586.9649593242733,1,86.77350810996464,6,active
10,426.09938995702936,2,47.69700730452091,22,stable
36,809.4481210858904,2,83.82021711746783,1,champion
21,348.2507459014582,2,44.6656120560554,3,active
12,528.9511599239254,2,42.62907051715518,5,active
10,237.0760758292852,1,32.984695382225816,2,stable
2,155.49798282551876,2,5.296966004238046,77,at_risk
2,103.85880740717153,1,68.96255412885887,30,at_risk
50,1037.401885096929,3,70.85159973314767,1,champion
16,652.4081502400561,1,78.6054937161499,1,active
18,397.1740629076309,3,50.87379501415514,1,active
9,186.24013019940548,2,29.264822317513428,86,at_risk
1,58.44341748723381,6,12.472322575474404,56,at_risk
18,562.4429437133463,2,56.6870688497812,5,active
18,418.89649274591403,2,6.219299988211779,3,active
2,136.39168149321802,4,89.58032306989988,89,at_risk
11,471.9560400513834,0,17.307902289437017,28,stable
14,448.6197901303837,3,24.30649772753363,2,stable
6,433.1872330083545,4,42.06768868992899,19,stable
4,50.09873190927844,2,67.85504712006784,45,at_risk
18,585.6680635756408,1,93.52797748240269,3,active
21,452.92950939125586,0,56.915330697625635,1,active
1,170.4004801775158,3,30.048750406131177,39,at_risk
37,1683.8668966318141,2,72.0898840142429,2,champion
15,742.8831398096743,2,99.8040959099303,5,active
19,365.9002107162128,1,65.8032711327936,2,active
19,586.7955765977714,1,43.470454979554965,2,active
45,1570.311018607896,0,41.93149584954094,2,champion
11,318.0891452236532,3,70.70908466507518,2,stable
40,1514.5392721735,3,78.29813486369933,2,champion
39,972.8254572076638,1,12.579470296639927,2,champion
5,394.67719648836095,4,19.224300425113107,4,stable
41,1209.3551844357773,1,41.574919717422745,2,champion
13,251.39910756034246,3,67.37997350645745,2,stable
27,350.2729104938062,4,57.8999134882094,5,active
15,628.8625187711754,0,19.788992579513575,5,active
5,160.36175222205134,2,26.362261723150603,64,at_risk
25,622.1690397771541,0,33.162955107390744,2,active
7,384.99194341506995,1,16.618343131207546,23,stable
36,1459.6019401835745,1,29.008052328031408,2,champion
33,1064.2059778312428,1,89.50585170880173,2,champion
2,99.91467159530613,0,61.27698302779272,53,at_risk
28,456.500697314431,2,56.15630932832876,3,active
8,420.8893424768586,1,67.32458050345215,18,stable
2,97.07338928824026,0,27.39682241275626,68,at_risk
44,1852.5765915715076,2,35.82376421610925,1,champion
2,152.0796549931874,2,45.30187933052758,64,at_risk
8,315.05941035025603,2,43.76258565890885,24,stable
35,1722.5447759944705,1,23.577819725784742,1,champion
4,190.7024510351599,5,29.043929163039163,87,at_risk
36,1020.8662953130852,3,57.902658152394,2,champion
39,1571.940327642137,2,99.9102203469155,2,champion
17,393.22226178112,3,52.202100551728314,10,stable
21,673.6795920764024,1,5.058481638970614,6,active
35,868.9434447248183,1,0.8459713046234163,2,champion
2,106.04046536574207,1,90.69407665384837,62,at_risk
12,405.46935929893544,3,36.923492401363376,7,stable
14,404.8646280329943,5,98.93019028069118,13,stable
3,181.35249556181438,1,49.88318403865972,52,at_risk
35,1283.0657461675733,1,16.467146993635485,2,champion
5,424.3401711632764,1,61.07592506597359,23,stable
23,372.43412429508754,4,1.0885403682226125,1,active
35,688.7408018171873,4,29.09644788923754,5,active
44,1124.1935924148127,0,0.5736376905309482,2,champion
9,462.76512506282177,1,17.304282965890494,9,stable
1,90.48471175052362,0,25.826798829655285,86,at_risk
0,86.8132528698804,1,56.21923529879885,55,at_risk
43,1257.28058252828,2,36.839353756088336,2,champion
3,163.45902077159423,1,66.3433986768459,47,at_risk
5,464.3455417481768,1,77.98296468994246,3,stable
38,1749.1279948183937,0,32.00408108169492,1,champion
32,1240.2347758872393,1,51.02493730586224,1,champion
23,761.4910406471298,2,99.22839181276663,5,active
1,61.06780850967372,2,86.02810973237435,82,at_risk
14,454.2907722034446,2,91.43416285793455,3,active
44,759.5451598699537,1,53.46921954541579,2,champion
39,1793.9708795530503,3,54.15517068828275,2,champion
16,524.5162456542275,2,38.09634614400119,1,active
43,1451.8115726949852,3,3.176212671458245,1,champion
1,92.85860446989052,5,0.2524339230129735,81,at_risk
15,408.7877447750858,4,9.213648514695016,20,stable
4,138.11913494958375,3,26.561603979642477,54,at_risk
36,1127.8457872796425,2,38.340411623600936,1,champion
2,196.80135998585553,3,4.116163846217724,45,at_risk
46,812.0332012801036,4,42.56497574031604,2,champion
38,1106.2242831750075,2,21.832306506011623,1,champion
19,368.43771825404986,3,2.608848768589156,4,active
16,485.82617510942003,5,28.61287538187154,3,active
8,384.1868815221106,4,41.669551398873786,21,stable
37,844.5143809970094,1,62.32428149052581,1,champion
4,59.442773956830166,2,7.411814881878264,63,at_risk
4,118.38314165273337,2,28.735946459500504,59,at_risk
38,1605.6109882825451,3,39.265608364689776,1,champion
41,746.554815447806,0,31.892211892056345,2,champion
48,1625.706513619986,2,1.9678601128487183,2,champion
30,1968.8181666747987,4,52.759846520224855,2,champion
41,1327.2628904682642,1,24.139744418441822,2,champion
45,1521.4159234136205,1,71.67347987805577,1,champion
0,167.26109403791583,5,21.562769034664964,87,at_risk
47,1019.6809736249912,2,82.93126314772313,1,champion
8,145.443719531913,2,44.925797918805834,77,at_risk
4,117.46569769488124,1,79.9555778464662,37,at_risk
50,623.0967091565828,2,93.49283563564308,2,champion
52,971.8925143761672,0,19.729408972130646,2,champion
12,769.5651247169134,2,75.16923991670733,2,active
10,294.84748064221105,1,2.9649944406451856,16,stable
3,109.42614394748124,2,58.51873430106957,60,at_risk
3,104.0094275457007,2,67.68156103190479,61,at_risk
22,663.5056932357195,2,37.90778047602473,5,active
16,364.2522179032097,1,85.36990828403864,5,active
21,479.0660437412925,0,38.198277839470464,5,active
10,280.9625092664986,2,70.06840808145017,3,stable
38,944.8168210620709,3,47.821251320787695,2,champion
1,117.18506011976199,3,62.99003690382842,33,at_risk
19,527.6182591681492,1,19.38187144963196,3,active
2,149.43262455237942,0,3.8194907342472995,62,at_risk
36,1218.3350243786035,0,80.23692128519016,1,champion
13,709.5456534398003,4,60.874339518682085,1,active
20,702.057193918527,3,38.7058988548783,4,active
42,1965.1508512577775,1,44.185065435597025,1,champion
4,62.100703870507964,4,12.831205686838675,83,at_risk
2,103.88263061630715,5,76.89653226009871,64,at_risk
5,489.71364598123057,1,66.69676281169481,25,stable
3,120.8283394709214,2,6.7887991134386265,42,at_risk
56,1207.7244173111735,1,41.23138583038693,1,champion
18,497.64674064830007,2,32.86145216891872,1,active
3,133.85222366127613,1,40.76367084284577,44,at_risk
21,420.4558968711445,2,46.67837996163943,2,active
4,87.94785006227983,4,11.24751223317455,53,at_risk
45,782.7130677670963,1,41.89498445016159,2,champion
17,747.1321414523304,3,38.26594469975214,6,active
22,396.94171378505683,4,7.068037162307483,5,active
12,437.5313828055705,1,56.01678572621466,27,stable
44,1565.3096201073793,0,84.13069974608452,1,champion
24,659.6784876242369,0,97.32748306809823,2,active
43,1335.942015891268,3,32.15842174544932,1,champion
38,1411.5553148812799,0,47.941327740613424,1,champion
18,425.8030703030844,1,19.775167226740066,1,active
13,313.3167371551235,2,21.398257242480557,10,stable
1,137.01739022492717,3,57.83547699276905,89,at_risk
3,57.59339197258081,3,80.84405810758649,61,at_risk
10,222.52664369113296,1,68.45310883318771,11,stable
22,643.9462888843781,4,59.94657901120305,5,active
44,534.2300299035522,4,66.34079191067254,1,champion
3,167.43175870630927,0,12.901766654983737,69,at_risk
38,1669.2268374269026,3,30.257837362537366,2,champion
20,353.67351659200693,2,66.83254705346855,5,active
4,50.10657916118026,2,9.913587409036928,33,at_risk
20,572.1923075392214,3,86.13694869200481,3,active
3,119.83083714099934,3,32.110372768117124,32,at_risk
18,680.7096736686906,3,72.48609731097028,1,active
19,206.49492107973632,2,80.95735669907411,12,stable
4,91.19548368184486,1,5.337035446471794,48,at_risk
4,199.42214380138148,0,36.70939943144591,57,at_risk
0,163.2902906341422,0,18.720869247203787,85,at_risk
1,173.5427422452673,2,13.155159524026406,50,at_risk
6,468.91346011374196,3,8.5110650449022,28,stable
39,539.3772490378816,2,51.175422106852544,2,champion
11,434.9838544697809,4,66.4093412633237,20,stable
11,229.81995966302662,1,26.239896364736914,27,stable
2,84.90302151885234,1,99.48890571398894,37,at_risk
2,189.15168598724614,0,93.02044726448483,49,at_risk
26,1631.983687177501,1,13.66620036200008,1,champion
2,185.7908302965615,1,86.77661778753314,54,at_risk
36,1218.3324805086695,1,11.039515320759907,1,champion
2,178.55396848308254,2,19.548153264837985,32,at_risk
5,87.74825308126876,1,91.80656302284686,84,at_risk
18,490.09600230539945,2,33.39935311472283,1,active
5,479.0733862649065,4,44.19306039523897,28,stable
9,270.20367402053455,1,51.536397417179145,19,stable
36,605.0920284024164,3,99.83007026748028,2,champion
37,1508.3059093945449,1,5.860903579014154,1,champion
8,316.86770991769515,2,7.829311135421446,18,stable
8,320.2613046465912,0,1.6843847036360438,17,stable
46,1957.004924976311,2,89.86395481961164,1,champion
42,1367.9484711812295,0,29.150201818047925,2,champion
7,268.60065049233475,1,65.80563349897754,20,stable
15,350.1748590300125,4,73.87918455876233,4,active
16,311.26668523615484,0,19.383174864826604,5,active
11,436.5713380884924,0,24.364213678046887,29,stable
5,86.88842062510209,0,19.047489668924843,53,at_risk
1,78.34070957949947,2,39.06494614203505,82,at_risk
43,1773.57202197421,3,27.994577140217068,1,champion
38,1540.1603353485136,1,85.05899496616726,2,champion
2,141.80532563114684,2,85.89350020481459,70,at_risk
25,503.74559702876104,2,63.33069022549505,3,active
3,118.38967652864416,1,57.273991617241826,68,at_risk
45,1777.750413280679,1,31.620986431613098,1,champion
8,321.47092356341824,3,62.16957228514859,5,stable
7,313.7963269967768,2,25.655789029454745,22,stable
28,413.8589240423571,4,45.71351319890443,4,active
2,198.1547984324272,1,61.72480219826297,86,at_risk
4,72.48480826833357,2,98.02851769768597,50,at_risk
48,1217.6046194159505,1,58.113270893004824,1,champion
8,303.0837161805539,0,41.16306374055154,29,stable
21,713.7309309624435,0,32.603946853967244,4,active
32,1326.0164922687288,1,3.60058036375992,2,champion
23,304.6167917408606,0,75.35157274293643,4,active
13,525.6750171962082,0,24.36914736003688,4,active
33,1744.7524223588578,3,55.482363410692024,1,champion
8,299.76181339533485,2,3.3192651845407317,9,stable
21,496.25743366751743,2,39.55969532533569,6,active
24,784.4757437449978,3,92.36822789323732,4,active
26,333.97742195654365,3,56.30592242489707,3,active
9,302.05363056702566,2,78.79418427249682,8,stable
16,479.4448356332114,3,22.34751221442205,4,active
20,758.1173078135863,2,7.430015097327825,4,active
35,992.6320054416831,0,35.83218214092662,2,champion
31,604.3299293811137,5,42.039461805720855,2,champion
14,448.0377937719391,2,24.414795549172563,6,active
46,1768.847145747571,2,6.718787245037506,1,champion
36,1848.900834627948,1,59.877364059747485,2,champion
41,1759.13742429456,1,35.01022267082947,1,champion
39,703.6920519183867,3,63.80206901418776,1,champion
1,135.544357712061,1,87.09356436242463,61,at_risk
30,1255.1768244172126,2,62.98219948313696,1,champion
9,342.42499575902747,3,96.28593298709274,13,stable
19,763.9333980756373,2,73.62893366179557,5,active
2,165.88173355432966,1,89.29007070106421,77,at_risk
2,50.64624535135572,5,17.954643677154568,65,at_risk
8,270.26357309426703,2,28.900332328711652,2,stable
12,440.9403043280183,2,98.55568893391737,4,active
27,550.1071523685125,1,61.9746836369397,3,active
18,312.1199122632331,2,69.23802801407842,2,active
8,170.2706982568355,3,48.58349869143187,60,at_risk
28,678.2829182848245,3,67.95881859355916,4,active
8,251.1910464825029,2,73.36852571147118,20,stable
9,405.0711291611692,2,80.33258572394956,4,stable
2,123.93313831059564,0,77.3746635748198,78,at_risk
11,402.84959187009014,2,39.988718050439054,28,stable
17,590.0192537535596,1,65.75472875951725,5,active
20,642.5449176409498,2,21.009342181556633,6,active
11,400.0122094007469,2,66.66731190561711,22,stable
20,404.6785222497925,1,38.85699030186479,1,active
14,653.6083388129865,0,80.44846059479377,5,active
18,662.6737114557613,2,87.81857407627305,6,active
3,122.46088670417666,3,4.733961681823429,59,at_risk
25,408.5161033409663,0,76.52939599223035,2,active
35,1954.7905116161296,4,54.08614218122164,1,champion
14,356.72479129486373,1,42.33848449599341,14,stable
24,333.0291170701706,1,73.85571120688714,6,active
22,742.2830777136093,3,78.1294599812824,6,active
5,235.77497771648973,3,0.6617827187183178,25,stable
6,357.0700303541296,3,3.1231999493416374,19,stable
52,1447.711118437822,5,39.9475670070252,1,champion
45,1958.5446768725171,0,10.49363878233539,2,champion
13,444.46310521699723,2,57.569416663840336,26,stable
4,175.6722729253631,4,11.92006193705063,76,at_risk
41,1881.3900949154304,0,64.80853902590326,2,champion
20,300.9126875020659,3,34.93452196638055,5,active
1,182.68584914776486,1,48.409395332096906,81,at_risk
11,262.0753397310549,0,53.60487024502834,29,stable
34,884.5879449554045,2,86.74746930132221,2,champion
36,1466.4764911462948,1,62.34408159276917,2,champion
0,113.47253865633837,5,49.391927116072466,34,at_risk
5,50.77750764529841,5,85.97986437967438,78,at_risk
1,90.0703198190254,1,78.96976405680196,30,at_risk
10,440.4109292664151,2,10.570368339313285,1,stable
3,177.01650743110625,2,30.61090286275291,65,at_risk
41,500.15867666491954,0,85.70848891926451,1,champion
19,579.9714760286821,1,30.02032362618625,3,active
15,233.67657471275726,1,72.80330413820832,5,stable
12,210.02478470507458,3,61.178190338117574,27,stable
25,565.946265730839,1,65.50155230683696,3,active
4,139.12518743556373,2,82.02270604471936,62,at_risk
27,1945.125039129804,3,46.19034569677313,2,champion
3,75.00358688946282,3,29.86452957151524,36,at_risk
42,1240.0141902138819,0,31.700854342038898,2,champion
40,1387.4240909484513,1,50.60113502647029,2,champion
6,202.41224865153458,4,30.897865111436428,23,stable
8,233.38193530436774,1,42.732723104709194,14,stable
22,649.5308804779277,1,32.550500989044174,2,active
44,1213.2793391266785,0,4.750154963030462,1,champion
22,520.7642370721709,3,71.20971733851883,5,active
1,67.20172926223772,2,35.27958287744825,54,at_risk
16,322.5312823519756,0,49.63774248684108,5,active
23,705.8221131882625,1,17.487834917589616,3,active
12,769.3066723467153,2,56.586299840120866,5,active
6,60.32606552528047,2,20.49307915293168,76,at_risk
2,105.13530667934293,1,79.74479649883173,86,at_risk
39,1955.4985575100395,1,80.9147556057664,1,champion
36,561.7943508201299,0,46.524109755127995,2,champion
12,673.7963150690985,2,5.877278710277434,3,active
11,437.80429838717663,3,87.3503205883353,8,stable
5,184.60239042334754,6,66.25961454562595,62,at_risk
17,451.61897653843675,1,77.86766308848581,6,active
0,165.18620348958166,3,68.20216887656342,58,at_risk
7,226.37945416550264,2,51.856981156712614,12,stable
8,436.69751562466126,2,78.79247507296373,21,stable
13,319.31670512100516,1,44.83178832720635,15,stable
2,186.0856795422818,3,84.89930144277534,53,at_risk
2,51.89296513905075,1,17.50491393457082,82,at_risk
12,296.5731790430635,1,85.72805372908559,19,stable
22,687.9252267680206,1,9.836988049763363,2,active
39,688.9390120699367,1,75.80646313411299,2,champion
44,1876.6317825612362,1,92.71076004722995,2,champion
29,1806.264673986296,1,40.15217916321906,1,champion
5,151.41765371479678,5,79.95525110963894,37,at_risk
1,155.394133406156,4,24.097391993493243,88,at_risk
24,565.7580516072148,1,76.66667160743759,1,active
20,633.7624485682796,3,73.65336855372277,3,active
11,492.122200531766,4,68.75913697707269,5,active
30,385.6439602368981,0,8.622854225105492,5,active
2,193.03182659388662,2,54.19326493939528,44,at_risk
45,1306.9731433126412,4,88.32742354404655,2,champion
40,602.0250168951395,0,8.511891990553766,1,champion
1,75.16336581673609,1,18.59169263158086,52,at_risk
26,1837.6457859107568,0,89.1142008476228,2,champion
17,466.79176338281457,2,88.0708645812949,14,stable
14,366.84138835347653,2,9.24885758671472,6,active
8,333.00924745740645,1,27.01529901951426,26,stable
20,332.8541236496384,3,77.49349295742286,5,active
10,227.29592521396384,3,1.6182088830394292,25,stable
10,254.98668141213645,2,66.86155058941279,14,stable
3,95.54230814722446,1,27.571844136536285,44,at_risk
47,939.4868540480857,3,58.49507501767316,2,champion
4,67.6409301326639,2,21.70037572632182,84,at_risk
21,624.7339834221984,2,32.09426942841691,6,active
45,603.9299640094107,2,97.9471819332404,2,champion
53,1876.674335566544,2,44.84600157044755,2,champion
8,451.58373078461716,2,99.45869839542998,26,stable
31,1157.019387826195,2,65.94173342645169,2,champion
45,1883.8771660738958,1,48.48839416560799,1,champion
10,492.83697682555913,1,32.79559894278565,14,stable
49,808.106611271047,3,10.72700477108558,2,champion
17,414.5590996046243,3,82.23866947791979,3,active
25,304.3577348648067,4,38.585506445726224,1,active
14,748.6408738141636,3,17.508653539080456,2,active
48,998.7423123238891,1,47.85098746911024,2,champion
46,808.0808199694064,1,72.55156728072814,2,champion
6,480.49244990219256,3,40.44749807876155,20,stable
24,519.4109441756331,0,61.95903459375517,4,active
39,1782.848944826993,1,16.432152510470686,2,champion
48,624.9900176889668,1,6.134127965545078,2,champion
8,384.04023750739094,3,80.5348543643893,12,stable
13,214.1862059438886,2,41.57545291306373,9,stable
9,465.89504440489367,0,46.615446972420905,16,stable
12,303.3727871339538,4,44.80801523171878,25,stable
10,390.51370313905625,4,58.58652555133902,3,stable
6,273.8534955800476,2,55.40366181727819,21,stable
45,1676.7866076239534,5,2.328014364319486,2,champion
1,191.72081324265008,4,71.58325620050165,69,at_risk
1,64.51896794611415,2,6.3549422668050415,57,at_risk
17,339.3681438503777,3,70.37338098162718,1,stable
3,51.253257052756,1,13.179964117965671,74,at_risk
20,668.7779746939024,2,55.94428534684673,5,active
50,1541.1459314188694,2,69.64500004334748,1,champion
2,124.87883354393115,1,19.93538452781681,41,at_risk
23,772.3438412017905,5,18.282495951713884,4,active
6,136.9091610088257,0,40.27163953731895,33,at_risk
3,144.2090833969632,4,66.35831488248152,62,at_risk
1,149.81113914485843,4,21.594847415927767,40,at_risk
21,302.75235446957214,2,23.75146708360919,3,active
15,306.0429766773391,6,58.07108025293554,1,active
3,134.38155727820399,4,22.001513618231517,72,at_risk
37,1651.4387446681835,3,52.36960672059672,1,champion
3,178.92799310682602,1,62.05149578927621,83,at_risk
24,609.3160126391751,2,11.92050077689818,4,active
7,84.2897068208701,2,40.78486652879335,31,at_risk
9,251.76661085255395,2,38.60225251548252,24,stable
11,289.4156891275572,2,70.8859392847168,8,stable
11,386.279140874236,2,62.17268731682767,21,stable
36,710.2598420541163,2,2.981314386178635,1,champion
9,229.5552936222994,1,86.20763069971693,5,stable
4,195.24619311550242,3,87.76037551833485,57,at_risk
8,144.36199680794982,2,91.7290054072707,85,at_risk
6,249.39165058932602,0,90.38572862278933,28,stable
13,244.05204026241145,4,79.7156399716515,5,stable
30,1659.9372258939954,1,40.69945038166261,2,champion
12,210.7777892438317,2,96.89547148188574,28,stable
9,379.34173545210405,2,63.29357930284105,26,stable
4,111.88507987035716,1,44.62548006006535,49,at_risk
15,364.65010666543475,3,3.169731567796985,8,stable
8,388.3275954894523,2,90.0131351754686,20,stable
10,324.545129882788,3,80.2086723614577,5,stable
26,718.7859714006701,1,44.5006686528478,2,active
10,362.58090734518174,2,59.00533438110984,7,stable
15,610.871722968536,3,5.511422953493583,2,active
25,447.84521492597304,2,67.51030893662005,5,active
5,460.5321545520298,1,30.219479046032383,15,stable
7,70.34726835795716,1,1.6361299484475622,35,at_risk
3,148.58939757742093,4,89.65441083748813,73,at_risk
10,369.06011315121515,2,52.13374064999233,14,stable
18,446.17691841934925,0,45.269470669758185,1,active
26,1401.7534662769845,0,88.66039037670159,2,champion
40,1063.6263126431772,0,5.106194459893098,1,champion
9,436.308280580064,1,67.5515521674576,2,stable
34,1787.03927523799,2,15.005993796513428,2,champion
12,227.31410130538572,2,97.0200467710616,18,stable
23,444.44243408136117,3,70.7864381758616,1,active
24,717.4177423446862,0,84.44017808318888,5,active
35,964.3972941564732,4,59.87268967379964,1,champion
3,165.11935605402934,2,1.839932931953947,49,at_risk
47,1958.3226476648547,1,10.659448439703967,2,champion
23,652.6687968205489,3,91.08738973609056,2,active
39,806.9235570641231,2,2.8170547217147957,1,champion
34,1793.777656029759,2,25.85600940595224,1,champion
41,1320.5604222092256,2,75.09441662905522,2,champion
13,387.8623268587678,3,68.65383296807407,3,active
38,1311.3326965429535,1,22.67865273542663,1,champion
20,361.42589487821846,2,46.94318246362366,1,active
23,522.8968918107105,2,49.15412690975085,1,active
5,165.1045928322452,3,34.431760553848214,57,at_risk
4,61.961507799209436,2,37.53356241815633,45,at_risk
11,432.1896637553452,1,8.804435016062795,15,stable
4,117.31644296773398,4,93.3589662310854,53,at_risk
40,808.9632247315852,4,23.5529077875294,1,champion
1,79.82458168801234,4,34.33456266107948,40,at_risk
4,163.49210480001824,1,22.606177661032312,57,at_risk
4,118.14025973821049,2,22.140820698573727,85,at_risk
7,159.36171818950865,2,8.165829793065239,51,at_risk
12,416.0307531586797,1,98.68134260167558,25,stable
28,789.617602668846,2,82.4331271283601,1,champion
40,1574.2520449324466,0,27.011941707861787,1,champion
20,640.2506825665581,0,56.041998144770254,5,active
5,155.04795758956186,1,54.1967970557112,44,at_risk
36,1253.3659812747285,2,6.875114762696288,2,champion
3,126.4629996669446,3,60.758971363701406,62,at_risk
9,346.1386637566958,1,50.00252253253509,2,stable
34,987.4412450889089,3,9.691466255026304,2,champion
41,1044.034554816208,2,82.01684983196395,2,champion
46,1421.2489243302232,1,73.642358836764,2,champion
16,370.0487021772179,1,76.24364487165569,21,stable
4,83.87215320295125,3,31.92429838696802,64,at_risk
23,533.871375050776,1,14.95332025079541,3,active
18,745.592645131479,0,61.621945518072366,6,active
10,438.24546971582157,2,3.2516550477623363,18,stable
18,768.1166509136418,4,58.801943817809374,5,active
49,1711.1177786360404,4,14.357156870550947,2,champion
39,1224.070834175276,3,32.986897043677345,1,champion
8,277.03307763430894,3,25.394040439726695,4,stable
36,1505.827379605115,0,68.09144644915013,2,champion
1,134.68341568835123,0,88.54889246290017,79,at_risk
46,1563.0814733697243,3,90.82069412665999,2,champion
27,1892.136727553274,2,57.0205759931727,1,champion
14,205.05678922207673,0,59.4451143783739,26,stable
2,134.95857185627844,3,94.35755823672561,37,at_risk
9,451.49918141095634,1,93.88385124726469,28,stable
3,134.56985984360963,1,45.34131827268809,77,at_risk
13,378.007620909215,4,17.83611510310714,12,stable
46,1773.5981562544573,1,66.1291268515592,2,champion
8,440.081532296739,1,0.7566928957224328,23,stable
4,150.27211761429874,1,64.79497108319342,87,at_risk
20,313.60604969238375,2,17.94527897880821,1,active
3,167.88806367043267,0,29.3752758797454,31,at_risk
12,362.2790374782196,1,98.790815797668,21,stable
23,319.09469427500784,2,83.15864443351863,1,active
27,1567.4824758155885,2,20.065736081937345,1,champion
9,494.1369236289286,0,45.8064325683494,17,stable
44,953.0005990038597,4,58.94023080578107,1,champion
12,265.8898211397872,2,75.84280241726921,21,stable
37,547.8599121129257,1,24.691013992872236,1,champion
8,478.56621652802966,0,26.425792841834017,6,stable
23,620.7541113071555,0,73.69264150933148,5,active
5,112.13831193757896,4,22.410339541802916,79,at_risk
9,393.26997147053385,2,65.53769724195779,17,stable
41,1927.2988723943452,2,64.04266412709202,1,champion
42,1825.7996668374717,0,14.855196249129454,2,champion
27,1482.004536816201,2,98.31462570649644,1,champion
2,172.2919782388563,1,97.61827556811862,76,at_risk
4,179.25079352341825,2,91.15551009605201,78,at_risk
42,1448.5722406966765,2,80.73741394919416,1,champion
12,470.9424582260685,0,87.48836787392622,25,stable
10,461.3508051362505,0,54.63332828487773,8,stable
1,188.74496529405585,3,32.117920390969836,85,at_risk
2,50.176798611713764,1,32.183953659294595,45,at_risk
44,1171.2343680963324,2,6.614521125663186,1,champion
23,446.2330744212905,5,41.867655499166446,3,active
25,366.4314652214975,1,49.006266602884594,3,active
41,1843.589655095612,0,55.847839467608615,2,champion
13,208.67496748652763,3,13.036773814522007,24,stable
10,473.9397721233927,3,11.950780516688997,3,stable
36,1408.5997503480044,1,93.2190727655721,2,champion
1,75.80890866136356,2,44.63469362438121,58,at_risk
48,1938.418113120795,2,26.8250958709633,1,champion
9,200.90646051689558,1,66.11735684563732,28,stable
10,410.49722597511436,2,42.89529090680158,12,stable
3,175.58437515735926,0,21.057171608357304,66,at_risk
39,1324.8421682116661,3,29.095060327222612,2,champion
22,722.4975094366922,1,4.826490910212621,1,active
3,137.40676878546552,2,78.4411887358096,42,at_risk
44,1754.2328014622476,4,16.194104645162465,2,champion
3,120.92129029757557,0,36.71483343350421,30,at_risk
38,1695.5052888543405,2,50.75607275270653,2,champion
32,729.8468467017207,3,15.445365652620001,2,champion
4,104.52116514567706,4,88.53387456708055,63,at_risk
1,52.5132924340498,1,34.773707179690746,56,at_risk
3,80.12263773327062,1,19.98691060606571,38,at_risk
38,1015.89667232372,3,39.968551907537154,1,champion
4,155.74981512353995,3,35.51472274234565,42,at_risk
5,188.2467257487982,2,52.874786335211056,65,at_risk
44,1295.4269574271423,2,1.7210157258504277,2,champion
18,535.0046198670657,2,37.5413403703041,1,active
17,322.44655974881664,0,47.87204487592438,5,active
4,61.77322129801239,1,20.16164871488353,79,at_risk
18,570.0432923389181,0,40.3028824564051,6,active
23,633.5301339225127,0,78.71537976869351,6,active
1,102.83290670838903,1,23.73052054681346,37,at_risk
40,732.4900482210116,2,79.63177480599465,1,champion
1,98.83069038667786,1,17.547367494206277,55,at_risk
6,448.64861672532953,4,44.94992300659836,2,stable
13,620.6464950257821,1,30.366240686388167,3,active
10,433.68646560346747,2,10.635520851411396,5,active
36,518.4066477033581,1,57.07685094375231,1,champion
6,354.2210963500103,2,71.60343193887918,7,stable
5,130.12555850036165,2,18.2117853679455,75,at_risk
11,223.8738421270864,3,51.44756309694284,29,stable
20,331.1385188017356,1,44.775307094752,3,active
43,631.6702521828521,1,71.26201501678332,1,champion
13,444.32968356270203,2,67.24011062087027,22,stable
2,94.81072706724508,4,40.9750141716962,63,at_risk
5,267.9484460850019,1,0.5674998203938131,27,stable
4,61.01605814747721,0,72.08571364832689,87,at_risk
13,293.7962434535827,1,15.33675826807226,18,stable
5,95.51484478401426,2,85.77553554529823,44,at_risk
41,1744.6510077763965,1,55.63291253544723,2,champion
3,71.8806639107543,2,70.4918021086699,32,at_risk
48,1085.384721084426,2,51.75617076699507,2,champion
51,989.2247012252923,2,81.89160011918605,2,champion
21,543.3101317273702,2,53.216469756436794,1,active
15,341.93973818206433,2,7.801968793257574,1,stable
21,613.4339804191393,0,87.76582906401748,5,active
5,342.97231591123915,1,61.73329576184694,29,stable
6,258.8833465723299,0,62.24889973600899,5,stable
23,605.7148708981291,1,97.84722172759275,2,active
5,99.88964135691147,2,2.429642624655781,49,at_risk
14,587.5046071238559,1,68.62833790167164,5,active
21,737.4455321069879,1,62.565130434598615,4,active
38,1094.2604921940322,2,77.25414920598061,1,champion
14,369.73084822144983,5,32.69893692179642,1,active
41,1538.3886534962264,1,37.27446483566297,2,champion
8,402.6660016467135,3,70.02664087888719,4,stable
42,1116.3267209967428,2,19.768637723204584,2,champion
38,1926.0591736034887,2,52.31701837375843,1,champion
0,180.0066070594139,2,8.951765089917185,57,at_risk
23,496.3257598694978,2,74.40300937721821,1,active
27,623.1079714290967,3,36.67793745915892,1,active
35,341.0501304932965,2,45.45609780015107,2,active
0,139.96367328136532,3,78.260684784776,33,at_risk
9,275.89296761679196,1,48.81369517475136,29,stable
14,390.61475992098036,1,54.689101942337395,4,active
4,118.95077044322277,0,57.22933470779733,43,at_risk
26,506.078942207564,3,52.99348726341838,1,active
36,1584.1933968331427,4,36.521899841643844,1,champion
39,742.9283455333943,3,46.636914175130016,2,champion
4,161.18182735800903,3,28.606174143480423,34,at_risk
12,327.96323183192266,1,23.620839307868547,4,active
33,1430.95550378803,3,7.456475073713287,2,champion
2,110.37837584218829,3,29.73538606051873,32,at_risk
5,199.48398280778434,0,53.63128806225488,84,at_risk
7,185.64236084522986,2,33.76310934264214,84,at_risk
6,84.99868512113558,3,11.811829107141081,60,at_risk
7,337.4841411390971,4,68.89524782518137,21,stable
8,233.53106077547173,2,90.478916737216,23,stable
0,150.16089044618195,2,56.33798965322837,59,at_risk
18,301.5224217743445,0,71.33764417512116,3,active
7,496.8635938656433,1,90.67505428978116,26,stable
8,355.3986683066888,6,23.743446665700006,11,stable
15,359.38658797314906,2,38.16032287208094,6,active
5,490.28603834163596,2,24.084046569725015,16,stable
7,327.35628733866434,2,97.85432562403574,11,stable
12,472.0020625737862,4,20.698071890433724,25,stable
22,366.06847827397917,5,47.540512258019106,6,active
15,433.2704096825816,5,93.55311407232193,23,stable
19,422.5659866017044,2,43.15953629586594,6,active
43,517.7025454344829,0,21.70092253172048,2,champion
53,1224.3796366580868,3,91.24958453362736,2,champion
47,1768.6511371281308,2,63.364125208727415,2,champion
4,67.8932841236969,2,49.556662766145564,42,at_risk
5,235.98701141511265,2,57.020906394430924,19,stable
2,199.6094241059089,2,19.901648196669097,76,at_risk
24,648.9964416340194,0,30.48953280389859,6,active
41,1434.2827370313482,2,22.497492577213396,1,champion
39,1953.1656629241425,1,88.9038758592844,1,champion
3,127.12867447406167,5,63.294536292679396,66,at_risk
4,81.44071546537575,3,62.448274041980625,88,at_risk
12,205.19940094162467,3,53.67359636565856,1,stable
11,457.20519500887366,3,84.32941623456999,6,stable
11,411.9200177381705,1,98.71675982250704,2,stable
20,399.05492437952216,3,49.18286587887268,2,active
11,241.44277609066495,0,13.75891251428978,23,stable
18,720.1281345513258,3,28.777592078613978,2,active
13,395.5894554191751,2,77.98437999002273,18,stable
16,342.03013225021,3,39.48313775107746,28,stable
27,538.9496411591542,2,12.91775903408553,3,active
4,117.35776402177554,6,78.23101398574151,88,at_risk
6,185.6608016326478,0,26.129329333040996,46,at_risk
49,1039.8995242478659,1,6.655023696738893,2,champion
6,379.73896632732647,4,53.262703025133426,25,stable
10,386.8691576140186,5,49.23591125870968,13,stable
14,230.13470364704307,5,67.40359013837667,7,stable
0,60.028003549629155,0,48.076540158794934,50,at_risk
46,848.1486338469248,3,92.63151293025079,2,champion
10,387.88744662766834,2,11.010069423816793,2,stable
3,157.3728124075686,3,13.516740239458425,89,at_risk
4,140.7533344398002,2,65.81280998701523,86,at_risk
3,74.52565163080745,1,73.55329476177921,37,at_risk
45,1653.0405758209674,0,45.59078963133436,1,champion
6,172.5697527623992,6,3.3322996630001156,46,at_risk
22,678.5603850500075,3,84.97451701383012,6,active
21,405.44616221910775,0,10.03235064369228,5,active
19,457.8045993237126,2,10.044496424549976,2,active
12,233.8207528057798,1,11.187939160886263,25,stable
7,276.58231961072613,2,39.685644787957806,26,stable
24,511.23231783583276,2,1.2114346392119613,1,active
7,361.5299256663701,1,74.38963088426786,13,stable
7,225.57288003485328,3,70.4529664503185,23,stable
37,1656.7198223817334,3,51.68128544549431,1,champion
18,770.5987195241141,3,89.23462287036202,6,active
0,68.01777126334278,0,26.5813109210954,32,at_risk
11,441.6272722808373,1,63.02534952994676,4,stable
47,1716.8954397383636,2,80.49759363437762,2,champion
25,530.0680741803307,2,79.10592984815882,4,active
15,466.4899116191195,1,83.84875456387445,2,active
37,1413.1953930113095,6,61.78827486991088,1,champion
16,612.2535275660509,3,9.125353445150974,4,active
15,567.1346104539874,1,58.05364342233735,4,active
8,444.4852328148829,3,51.70700733446745,9,stable
9,429.973653858448,7,14.328678800045914,22,stable
0,156.80622677636606,1,95.38678270626745,66,at_risk
2,54.77407142341523,4,46.67595051670701,68,at_risk
42,763.4156193206356,0,66.29246428287559,1,champion
40,1994.1886044134333,1,28.34692286377347,1,champion
17,280.1916058136526,1,77.407417498653,21,stable
4,130.98578046461017,0,35.38118564262529,55,at_risk
15,271.2133552393949,0,92.65979616455165,29,stable
23,448.1292849368091,2,28.646016767849723,5,active
48,1630.6095373006697,4,80.99267808459666,2,champion
36,1327.550064876008,4,82.36599886685666,2,champion
41,945.4114170540006,2,91.01735997758271,2,champion
2,134.8898225535987,1,74.66167873956839,84,at_risk
15,472.9240887757441,2,64.59622695450847,11,stable
47,1700.7914434997713,1,68.15532305645498,1,champion
29,522.4465531712501,2,43.49953960381095,4,active
11,282.9288639057882,2,81.45069367493653,15,stable
34,1374.5961785256147,2,57.79158278228874,1,champion
18,462.4056036472156,3,0.7675338273787857,1,active
10,234.9026901792283,2,5.982420019631873,14,stable
24,643.5721984098283,5,65.68331145266036,5,active
18,381.71129056223253,4,57.00283799228488,4,active
0,114.48454335208162,2,94.3259839647858,42,at_risk
37,997.5321613692599,2,70.98016355375755,1,champion
16,478.97543348197644,1,28.031316452324397,5,active
3,88.46660869491372,3,3.5099810358257932,41,at_risk
28,578.2233724313727,0,80.11591854358024,3,active
1,50.32689864199044,1,45.56680469499506,60,at_risk
1,92.17364993136347,1,3.0938806633834526,79,at_risk
20,385.44645507726045,3,58.62446598219728,2,active
8,214.55036006660444,1,29.559598019630617,19,stable
11,441.24096767526817,3,11.419110719934478,28,stable
5,164.20722750648306,0,11.529591065688294,62,at_risk
2,106.56549287175338,2,29.097130217359524,83,at_risk
15,643.6110190102323,3,58.43000594348634,2,active
12,375.20400743765913,2,44.27547235405941,19,stable
4,100.37990281943284,1,74.40798752229279,67,at_risk
16,462.03941139955833,3,85.6467813196051,1,active
13,644.442144264199,3,47.18899526564565,1,active
3,142.85442791184406,4,79.32791990824371,43,at_risk
23,313.25800732888723,3,39.16811575786746,3,active
16,316.4952802879094,4,38.405557321162306,13,stable
11,418.9856033278189,0,25.98688192026024,10,stable
5,193.0714245627703,1,63.933347349980195,31,at_risk
23,540.4145511029483,2,84.8954261615171,4,active
37,1337.5865356350214,3,66.12574827990166,1,champion
3,190.5355025441324,0,61.093978654475464,74,at_risk
7,205.39252905186183,1,0.07615357322557914,29,stable
49,588.1013246347076,2,14.019426274241898,2,champion
21,652.9596782079079,2,55.37363252301076,2,active
2,180.3140687438146,1,54.937979527035864,88,at_risk
18,329.26403028518166,3,84.96595517091053,2,active
29,711.1801335267685,2,99.12627885600007,6,active
19,308.58577706146986,2,46.28679181118566,5,stable
8,217.55841496397247,1,69.25402460881561,1,stable
19,594.9613963208316,4,70.44833444162438,4,active
9,456.8089363887015,0,43.01580745807987,23,stable
12,342.60545835049066,2,12.893254183401503,24,stable
4,111.18937517742467,6,96.84344725318006,68,at_risk
18,332.66697504894523,0,70.99391892611638,3,active
5,351.7908396598022,2,35.28471112866017,9,stable
21,452.8201992337891,4,94.1707151394684,4,active
15,206.77057010196972,1,26.763811294659124,13,stable
43,761.4471936909144,3,55.41424871363658,1,champion
15,423.2477450866503,0,3.3303106240872515,1,active
10,234.60238786506417,5,51.10255064681595,17,stable
28,702.8230292006873,0,50.78529707784172,1,active
4,181.07786648376592,2,58.21268738819917,70,at_risk
3,168.59851677611053,3,96.98710131932685,39,at_risk
11,486.5129137263177,0,78.82097454264071,22,stable
39,1393.6744987749994,3,49.969504371427576,2,champion
24,401.5174338262632,1,42.778868077112755,6,active
32,917.0566398212843,1,5.940103400669605,1,champion
42,1210.500924548203,0,0.258036350373525,2,champion
26,666.2710826193392,3,3.9054795919460594,6,active
24,393.99085617203644,1,37.46628203798446,6,active
5,81.61818834011697,3,3.620483895927473,39,at_risk
2,198.98834341179284,3,88.36755109203534,55,at_risk
10,468.6989655364176,3,35.70050898864391,12,stable
33,637.4332430997384,4,86.05897429680911,1,champion
32,1138.9210281030014,2,41.4914358739398,1,champion
4,143.69458438209946,2,75.98252179065986,59,at_risk
8,442.003500546032,1,54.13256169009901,16,stable
15,250.44148401461956,0,53.37320257228868,20,stable
35,910.886979579915,2,9.430566206811509,1,champion
44,1486.9378025996466,2,39.127349552296366,1,champion
4,78.2145861311504,2,26.136355165290926,76,at_risk
6,498.0170865608998,4,87.93984652773995,22,stable
27,322.51133112217684,4,70.20589230339127,1,active
39,1402.1637716420514,3,3.195168474229604,1,champion
43,755.4266358166457,0,54.03706427393892,1,champion
22,454.3730624523858,5,41.27988586210123,4,active
35,1572.5855476335728,2,77.30773468140642,2,champion
9,418.0697318990693,3,14.761534896936856,2,stable
44,1427.4426319680217,3,12.06165844215108,2,champion
13,244.85515916221377,5,2.2413171761132666,2,stable
13,275.4346580698743,0,4.74644551432818,18,stable
45,1965.1406851020768,0,70.17319678606107,1,champion
5,119.83942483110542,1,79.32845502977476,70,at_risk
37,847.8731086100863,2,52.93469922285156,2,champion
11,480.47803380752674,0,20.828734262609107,20,stable
3,163.51649076006237,2,54.125188187880916,46,at_risk
19,457.59087962853704,5,64.86052147972163,3,active
10,285.4769785308622,2,0.309559999718656,22,stable
42,1091.9481249342105,2,46.53441775891434,1,champion
39,1065.9140124674627,3,22.283271202530898,1,champion
2,147.36911304881536,2,84.39578931436749,60,at_risk
14,471.75599616691136,2,85.70604517775656,17,stable
4,191.00589592492085,0,93.20122771274364,63,at_risk
1,198.70890049409687,1,33.37720909166778,63,at_risk
5,192.64838775782232,3,69.48037285682514,60,at_risk
49,1663.8733643723315,0,77.43692490520306,2,champion
2,188.04858503757603,2,1.6027782647639044,61,at_risk
34,683.3925731316658,5,2.303920702046014,1,champion
26,684.551690610582,0,58.09004361800633,6,active
19,387.62878534987595,2,92.99062662807707,6,active
40,1866.612587106181,2,31.660158735516163,2,champion
36,643.9774819703686,2,14.189921009068552,2,champion
21,775.6548502606623,1,98.26199088868833,3,active
5,155.27255679383313,3,79.83791777227489,63,at_risk
35,1297.7414644208395,0,1.6365203852162669,1,champion
5,166.70540454868305,3,20.389354083862045,80,at_risk
23,424.6235412042768,1,78.07796231420984,2,active
4,166.32998153162882,3,30.400287985262075,68,at_risk
0,128.0551876481287,2,78.96537146683528,31,at_risk
40,1017.768975782147,2,33.30843644855417,2,champion
23,715.7054091812298,3,59.67125957479469,6,active
30,476.0686740766275,0,91.14139892999266,6,active
11,455.68415858009416,1,53.816252660826244,8,stable
22,643.3505424428296,2,13.071763808166548,5,active
15,605.870029471743,5,31.29061096183009,2,active
20,460.334236363213,1,49.915407883277176,4,active
7,309.0784281260925,0,25.11868435664628,10,stable
13,363.1543325679416,2,27.237796006940595,4,stable
25,646.3548949272171,2,85.56430578750546,3,active
39,805.7143361142386,4,89.05320083319452,2,champion
4,482.99904235477237,1,88.06539311498022,9,stable
15,318.0969273112676,3,16.659933909337788,19,stable
3,50.094472078899685,0,4.196220733798639,89,at_risk
13,377.31858606481524,1,22.133388867066785,19,stable
12,496.4456477877248,2,95.70332855256731,3,active
4,63.68810488432356,0,47.58286715253036,39,at_risk
3,192.12517416257882,3,99.62813782994789,81,at_risk
37,1242.3091128336537,2,82.3538193365139,2,champion
11,491.17394171811986,5,66.53938332700065,25,stable
48,1130.863336675362,3,21.939753049302425,1,champion
18,782.1377712423125,2,54.8054094518576,6,active
45,1480.7476872472769,3,84.04513282307605,1,champion
47,1021.7503526636141,5,6.977568200697504,2,champion
13,268.346726705715,0,81.21456629897916,3,stable
2,112.36853892604873,0,51.02254569836748,32,at_risk
12,219.654360581499,2,66.12182867650846,2,stable
6,178.32758083069737,2,12.921436325987601,66,at_risk
23,522.1498075489773,5,19.859414570442656,2,active
1,156.77411347520962,3,38.92243154006275,30,at_risk
12,765.7469593482156,1,0.24975660257747778,6,active
22,790.1451704431007,2,11.806937212199319,5,active
11,263.6574488525683,3,18.123442845479566,21,stable
34,997.7019851079218,3,4.920187647956431,1,champion
40,1997.6324059126082,1,9.58406212608921,2,champion
9,412.52187448624454,1,4.103073911257993,28,stable
12,227.63302849313357,1,6.748749075255988,14,stable
52,665.7737970834212,1,15.562554688200937,2,champion
14,426.38663338752326,1,51.32537779695553,20,stable
10,325.1664315395239,1,56.770282598884414,29,stable
11,240.51650020154295,3,33.34126673219924,13,stable
7,467.6821161234221,0,17.0993732418774,13,stable
1,88.08483815031761,2,87.62589728514398,62,at_risk
34,1829.516029151451,3,56.058950167264335,2,champion
21,650.3673665996595,1,4.889823175202245,4,active
32,1524.437751516666,1,81.30886796158066,2,champion
18,317.7050709243893,2,54.58021121640897,4,stable
47,820.2736624531337,2,30.828639454872288,2,champion
21,578.3038761724944,2,86.35625374305361,4,active
25,665.652602611443,2,44.95123039885646,4,active
41,1550.2910779396602,0,66.182482625299,1,champion
43,1190.9511381188238,2,3.4861313876125677,2,champion
25,699.3520097194644,2,90.78673387463589,4,active
2,87.4492601100432,5,5.13240009421434,42,at_risk
4,97.19994843602163,1,26.582498658874385,54,at_risk
18,634.8258965345209,1,29.49407171634838,2,active
12,217.48218692619926,1,5.5338879591343755,20,stable
39,795.7407704790916,2,63.530893752237716,1,champion
22,640.7686551413686,3,5.1096402969528,6,active
10,477.32824222695126,5,58.39668227186603,20,stable
18,289.1692625972169,2,83.50465691510716,21,stable
4,199.13078673257104,1,18.132552511791744,74,at_risk
13,345.39772197422474,3,46.48982118837854,4,stable
48,1146.5078595363975,1,25.501130184764985,1,champion
0,66.98621968301771,1,66.60754238926778,40,at_risk
37,1720.3278638244146,1,82.96400286345714,2,champion
4,138.04891515890367,1,23.82211420571554,71,at_risk
18,716.6527743808524,2,19.99073572990526,1,active
39,740.3505583129254,1,70.08304522441847,2,champion
17,484.6689329232637,2,15.381532197237291,7,stable
22,369.69372345342845,0,38.99810788672544,1,active
1,122.66338227507755,1,17.565625326703447,74,at_risk
33,1933.0075726247487,2,14.59192284630182,2,champion
9,306.34545805126345,2,55.29705069100228,6,stable
42,1583.5457194401267,0,32.12115867781424,1,champion
18,335.3401271470116,1,96.09339479109774,1,active
2,121.89212223529366,1,30.35776309019954,32,at_risk
6,145.43967009537008,0,41.57875885590874,83,at_risk
19,484.7768613379994,1,8.861911864044458,3,active
19,350.7924125174094,0,94.7049356726524,6,active
19,318.27469961936237,1,62.33933325979915,4,active
15,415.1606353581048,3,54.717134066679705,4,stable
22,646.5754381707158,3,17.38570095505002,6,active
36,1843.0628093861185,1,93.96034684965629,1,champion
48,1513.9510009538058,4,30.642735247924623,1,champion
21,671.1233164340356,4,96.39128787729318,6,active
3,158.72085871651126,5,5.449651658339427,40,at_risk
20,739.2451971597039,3,77.56394381700179,2,active
5,87.66260558875382,1,20.365382851049528,62,at_risk
3,123.0482372220002,2,82.85457870570909,86,at_risk
16,532.4380650579797,1,45.97603512593673,6,active
14,750.7821783121684,2,62.97796978595359,1,active
4,60.3914714989415,1,94.54063394199619,67,at_risk
42,971.8460449442464,1,82.91315798121033,2,champion
2,146.61221022326305,0,15.560435622847212,60,at_risk
38,688.0115935413742,4,93.57877359082548,2,champion
31,1647.4134076760056,2,10.060137747068676,2,champion
25,664.4016839538259,2,28.513479686543917,3,active
7,272.12783851960774,5,88.7169099635017,19,stable
2,105.48293410404229,5,71.30912510383108,58,at_risk
35,1439.581900911142,0,51.75349603429294,2,champion
18,473.539865174695,0,14.25995879628742,3,active
11,293.0993457997019,2,13.294874413876679,7,stable
3,197.21574767291293,2,55.68082722763209,54,at_risk
13,480.5662107928459,3,66.20790359184397,1,stable
24,339.4744906705831,1,49.408073397631156,5,active
20,468.5725375999958,1,15.250461066361797,5,active
2,130.5742836447133,3,70.27729009984364,70,at_risk
40,808.967786640695,0,14.871015315340097,1,champion
3,101.23408007877802,2,5.259597214614109,51,at_risk
12,401.9251556042967,3,13.700136561291831,12,stable
61,1914.8085988342634,1,10.453825135678619,1,champion
8,71.9887858257777,0,21.999593577549525,55,at_risk
9,467.39382767885814,1,52.464477933342245,23,stable
1,86.05618574713512,2,47.34207045270876,76,at_risk
26,609.3746345307974,4,37.5273220570002,1,active
37,776.7971278387021,3,92.1269839964648,1,champion
7,61.06343425543628,1,52.9595797888312,54,at_risk
14,451.24482932317295,1,67.24100017542112,6,active
4,134.11002323997974,2,35.89190026507518,45,at_risk
23,493.33927399920725,4,70.75956478825634,5,active
10,469.6762177221408,1,93.33978954962592,29,stable
12,242.86431661164937,2,55.40352930296566,23,stable
16,694.1090450909556,0,68.40327283068719,3,active
12,455.2212908675939,2,57.28622393986418,25,stable
41,1566.4782382674011,0,89.01245129060176,2,champion
8,428.9465553711429,0,1.7447802648874244,1,stable
0,132.18545723423324,1,76.46746741569797,49,at_risk
40,1538.2739599750437,2,78.41258592953534,2,champion
5,187.30389709003458,4,28.073965642246378,78,at_risk
5,194.78256197165388,3,61.56523527716885,50,at_risk
11,443.8328284428404,3,29.245936764013237,27,stable
36,1032.3716934591148,4,2.653383956456079,1,champion
49,588.3793011890995,1,44.52202169686701,2,champion
4,73.65727971486687,1,31.119115564502042,47,at_risk
44,1390.18455985495,5,36.827425218649964,1,champion
19,534.3328352942552,1,51.99994157867987,6,active
53,871.2245254767565,0,29.322669848060034,2,champion
17,340.58432047692554,4,71.5614846728005,28,stable
3,105.74075210543045,3,7.1127354897492445,31,at_risk
18,439.2779964834937,0,33.3155423110515,2,stable
14,420.90228952573284,0,8.556082657708963,27,stable
16,591.2922578177966,0,38.71708406540924,6,active
3,95.24971254806835,2,80.68581115657918,77,at_risk
19,335.5224623069983,2,53.14121952375002,2,active
7,324.3714337808437,4,22.552854815233125,3,stable
42,927.51931917239,1,55.74462904189789,1,champion
41,619.7247909960332,1,86.04464564931259,2,champion
27,561.3601075075132,1,13.600416978073394,1,active
12,209.33929160721442,1,87.69539131833342,2,stable
12,371.6537015254961,2,77.7443787320302,23,stable
6,90.45553761890203,3,86.96764073910522,55,at_risk
49,1686.1792245904467,2,91.7055284237566,2,champion
36,1135.9711626656333,5,29.93886802253464,2,champion
40,682.4546780754794,2,9.697341137444104,1,champion
19,524.7942629570518,1,42.82453588526738,6,active
17,478.34658349744717,0,92.52787870703733,25,stable
10,495.9948277842802,3,13.152468216222568,29,stable
7,224.95529266322342,3,17.12546546180336,17,stable
43,847.1975839102353,3,4.4093952318307705,2,champion
2,63.47752828606107,1,26.45603494892743,87,at_risk
12,333.0659569330991,3,41.76091816881154,1,stable
2,83.80597512707253,0,85.46648152927888,34,at_risk
12,687.082772900364,3,88.60285507092848,5,active
10,295.6036508795676,5,62.560000686458395,5,stable
16,422.3741457299203,3,36.09109569422869,28,stable
5,79.78413970697189,3,76.70171543510183,66,at_risk
0,134.1577133537135,2,78.44851986851099,35,at_risk
12,424.1812723416741,0,11.460346005369892,4,stable
16,747.7768064426182,0,41.293505715349234,2,active
1,198.3594607444344,2,27.777422355114656,74,at_risk
11,255.3318412289219,0,71.16657130211522,6,stable
6,102.71958709841155,3,19.553614856037726,54,at_risk
3,476.1878384730117,1,1.1093481358390722,20,stable
6,55.50410205627632,2,89.23859604805705,53,at_risk
5,105.53911733352264,3,97.21126521976124,48,at_risk
45,559.1344623689552,1,94.75756286101021,1,champion
7,359.4405807478125,1,32.18108239931501,8,stable
10,289.6884956455318,0,77.79057129723584,13,stable
20,700.1476456843089,2,77.39677805248432,1,active
20,486.771203646499,3,88.23082011889281,4,active
21,428.96724989113216,1,86.74078673374883,4,active
15,725.4868800477707,1,34.978968140872446,2,active
14,481.8336779496087,1,18.127949307763757,4,active
16,402.6834880503023,3,14.075673012365774,11,stable
5,132.80986025167005,0,0.851839113949826,32,at_risk
15,798.7057457581383,0,20.375528916040153,3,active
39,704.7564101915551,0,32.124957369911414,1,champion
17,445.9108867581876,0,17.529281843658552,5,active
12,404.9566097735923,1,37.788692524769665,4,active
2,87.61344647688962,2,95.12177288294981,87,at_risk
42,1583.983460432328,2,63.24751226498672,2,champion
51,1545.7722808964056,3,32.225466710069675,2,champion
19,311.3609314919228,3,11.955366529628918,5,active
13,485.1875418697572,1,16.345561107126972,14,stable
15,471.0863257468228,0,68.37305257907985,12,stable
0,60.196621165380115,3,57.67460481835817,64,at_risk
9,431.09530597813364,1,69.66678684111966,16,stable
11,203.1662781312327,2,25.681351135692022,28,stable
24,775.2762696634999,0,55.86996511237873,4,active
0,167.47200618816638,8,51.07826176845146,44,at_risk
15,608.2761787197339,1,20.50409115734919,4,active
4,119.14015322601279,3,29.95391152221184,33,at_risk
16,374.4397068959211,1,20.575512498563764,23,stable
39,1354.2550938113152,2,43.953028528706085,1,champion
3,91.98614379954374,1,97.61795704512,81,at_risk
5,167.7396771833369,2,60.083622284108706,68,at_risk
21,793.2530677634826,2,32.258690849810534,5,active
41,1933.5167134521419,2,7.32111906793087,2,champion
8,478.4120556407963,2,16.927516341740567,9,stable
4,115.17146796128544,3,17.36764874842247,32,at_risk
2,64.14732973273144,1,31.69292190233798,53,at_risk
7,227.1340450349982,1,42.3487564306401,28,stable
39,1050.731827539284,0,43.51940581226018,2,champion
15,248.10729337170258,3,44.87981608696763,11,stable
20,416.52685131725457,0,38.39864192779946,4,active
5,209.13214157109212,2,29.347473132616308,27,stable
3,71.70366206391859,2,28.393629888140804,86,at_risk
9,359.6833888614283,1,97.18832055692623,20,stable
2,57.82488981017401,3,1.0836336319403506,53,at_risk
7,235.3168171791125,0,83.21441421382055,22,stable
38,1146.5652143837465,0,13.718132960464935,1,champion
2,104.05278656531385,1,73.14629150971962,43,at_risk
24,405.53646997494246,0,95.1451451103629,1,active
41,1696.538356433212,1,32.89486929956921,2,champion
10,252.72587480151574,1,50.5813564456427,27,stable
2,132.06699566836218,1,45.19032290671675,49,at_risk
15,322.3586455877047,2,68.66151401805172,3,active
37,874.7734004910986,1,91.78491694385981,1,champion
33,1330.546917076706,4,74.9112522470898,1,champion
41,1881.4105478641134,1,76.0061975352263,1,champion
50,640.2497448082148,4,80.65685002742326,1,champion
44,1582.5608181297916,4,52.89989148372025,1,champion
1,90.86798256290429,0,8.492018549794656,54,at_risk
28,556.2476142175967,0,43.68721473570568,2,active
3,52.14099256684312,6,43.34095734040139,87,at_risk
49,1133.3766702130001,1,18.112921074555256,1,champion
4,125.00142828146733,4,0.7147844021581418,77,at_risk
39,1274.8099513183784,1,92.18281099751545,1,champion
21,423.8466326972909,1,53.74136667105102,2,active
21,703.0836573695572,1,75.0741012572704,3,active
19,301.07726547689316,4,30.587377919072544,5,active
36,1962.4402756169532,1,72.48293937876933,2,champion
36,585.5386762453053,3,64.56353347619638,1,champion
38,1515.052857207643,2,31.928736766896925,1,champion
11,401.93616001448913,1,72.38779062469304,25,stable
8,267.7977785847929,0,97.28838854925476,1,stable
60,1406.5617076004783,4,89.60588184228361,2,champion
3,118.96144376779232,4,33.59512350570875,42,at_risk
9,305.715997564031,2,31.473962222716136,24,stable
3,164.27218561868975,3,57.286405626859136,82,at_risk
14,412.13083551278123,1,76.8409702499651,7,stable
19,774.546004705269,1,6.2238024268918,6,active
3,176.2376874402744,2,18.43035622943181,46,at_risk
21,475.3631452681357,1,43.16743874242122,5,active
4,121.57416066836953,2,79.03390765447482,35,at_risk
21,493.5554494827611,6,72.20961934421895,2,active
1,114.02545044608048,3,8.9520574293241,84,at_risk
27,631.9835694764676,5,20.752471504555626,6,active
4,163.15929208101943,2,68.32394320856116,67,at_risk
33,892.1082934460139,2,40.59519762793289,1,champion
5,463.1604092098061,4,93.96604054543398,11,stable
24,528.0496138377033,1,28.68691520629516,4,active
21,660.5170833877154,4,14.170255452078862,6,active
38,781.5874410164243,2,27.833708550286083,1,champion
19,594.6832056356379,1,92.48821419133523,5,active
2,74.03256160046615,2,1.8070251582233854,40,at_risk
8,483.88869919064103,1,37.54081973491255,6,stable
8,390.1956125830251,0,11.720345848548696,1,stable
41,1955.8656284436647,1,47.06099303468897,2,champion
20,425.945283797121,3,92.04450459668489,4,active
41,928.6561663126898,3,60.526299626739366,2,champion
19,469.5497617098063,1,76.74355004822424,7,stable
12,407.4194501410402,2,59.85021554014751,10,stable
9,362.44830217039356,2,5.720372293627307,17,stable
42,523.2562332691301,2,94.88827623423305,1,champion
20,542.7286345842424,1,81.37653867239193,3,active
8,324.1098759770772,2,14.309670842059552,27,stable
10,474.05253948276726,0,27.25751648460475,23,stable
7,124.98111868247582,1,84.50265269261543,33,at_risk
3,185.19431834430694,2,6.048947394162452,61,at_risk
15,550.5257598264521,1,32.21451425441945,4,active
11,241.79732011054537,1,72.17966132195238,10,stable
4,163.90034732128373,1,37.39141247512489,65,at_risk
21,375.07934777507745,1,26.36815406968053,2,active
42,661.6132798362581,0,40.1384574776632,2,champion
13,415.4675081943411,6,52.12210113339254,16,stable
35,890.4460799304342,3,2.961544417514017,2,champion
41,1931.4033938458851,2,54.12630570408239,1,champion
11,461.097451538815,1,32.76251499907167,15,stable
19,576.8334627152807,0,93.42091523226567,4,active
22,545.9314990287604,3,61.143377739867255,6,active
50,1247.0706555876352,4,9.385273223263102,1,champion
19,439.04393440577275,2,11.685849309602613,5,active
20,784.8708749354066,3,15.234264739428937,5,active
22,1689.966837037473,3,17.962433514819487,1,champion
13,422.00739466681324,1,76.8838226716472,15,stable
47,1177.8178507079106,5,78.91835506364518,2,champion
41,1542.681974485145,1,83.82218594780521,2,champion
9,327.5619826993079,1,0.7129883275417304,25,stable
32,1746.3950892815733,3,45.26933101941053,2,champion
14,750.1702567821183,1,20.485764765529336,2,active
49,1983.19211009963,2,32.89669699346665,1,champion
35,1696.315288268611,1,12.407397487423367,2,champion
7,132.91761707157184,2,69.73961371584366,39,at_risk
2,61.149501185298895,3,92.64313991486691,72,at_risk
50,610.9314664360899,7,35.350409371184575,1,champion
38,1580.5255989238053,1,55.45010189616354,2,champion
6,93.72802279069488,4,56.232318292183756,83,at_risk
35,759.4918972688408,1,82.2310465155297,2,champion
44,1213.7914244443664,2,6.501398950855886,2,champion
20,469.2009378687551,4,64.6374958826419,2,active
15,460.30530987294264,0,58.29584995277322,6,stable
5,69.29598783715524,2,34.12483743273496,47,at_risk
3,94.87327193510495,3,33.522659491228936,82,at_risk
3,155.4647772529328,2,59.901603154516515,76,at_risk
20,385.27558147011274,1,44.508635429785755,6,active
11,320.3944447646619,3,52.24846674843222,8,stable
3,67.83285741526335,1,49.20045904707098,85,at_risk
1,121.12185381822613,1,93.8890348006593,35,at_risk
12,316.9048469828884,4,41.14388959877816,20,stable
26,567.1867032970728,2,85.0819539861724,3,active
1,159.9882327187474,0,2.5391679323131466,45,at_risk
38,1803.0022394296454,7,56.51583519199676,1,champion
36,1794.7202945084407,0,14.333892008109771,2,champion
19,385.38733064868757,2,50.88558535612571,2,active
48,713.7306379026813,4,79.04594467676895,1,champion
16,677.2744899994694,1,47.8241036651965,1,active
34,1626.3996460613482,1,11.979335789556057,2,champion
4,87.57292281337489,1,75.20400077464282,40,at_risk
48,709.3117312208886,1,80.64314800527048,2,champion
3,218.41257016411393,1,63.377623565466045,24,stable
12,228.58880931771884,2,93.45260715245476,16,stable
20,544.0201859200598,1,94.40645009493026,3,active
40,1394.2232004799246,1,81.02439068223177,1,champion
1,55.881852531333806,4,83.88136464034042,53,at_risk
18,491.2785530070052,2,34.64081708066987,5,active
3,106.39233759347925,1,14.910629636533724,65,at_risk
9,355.13081067624296,0,45.35114229184076,26,stable
34,714.4062581192136,0,53.90505616870919,2,champion
41,1110.6965990649137,3,25.339273228586755,1,champion
27,665.8981293504497,2,70.35314308014314,2,active
41,1952.955872925574,2,10.935938482572539,2,champion
35,729.3815634314298,2,30.061773041186648,2,champion
21,629.5762099718173,2,19.728095578905236,3,active
4,80.10230937168876,3,32.31589312615591,70,at_risk
12,396.2699027262762,2,83.66396818057436,16,stable
1,99.40135411096783,1,88.54954810861612,73,at_risk
31,512.2309829284194,2,95.57508275467558,4,active
6,416.90139882313923,3,7.525203846737827,29,stable
46,1883.3870592793144,1,79.71228314824296,2,champion
18,768.7838853102093,2,57.16201128224234,5,active
43,671.460474707051,2,23.529924534181333,2,champion
51,1413.6467841398637,4,87.98339551146437,1,champion
8,341.2692743325229,3,72.30851242515752,5,stable
6,80.26991778052476,1,79.45708453805383,81,at_risk
40,796.9482929441168,4,28.9445292197987,2,champion
45,1532.4421389786376,2,53.65729735804125,2,champion
43,1510.0231605657557,4,87.80427507070807,1,champion
24,701.8652823167083,1,44.947080242613126,4,active
10,375.15034951013797,2,86.81338022605102,14,stable
3,136.17465959905576,2,25.908114107408885,64,at_risk
16,400.873326311414,3,15.872331469939272,2,active
1,88.63636184305788,0,80.15195743163609,71,at_risk
0,125.80961246765301,3,11.532896562475115,66,at_risk
22,448.15245474437353,2,16.962502976188286,1,active
5,111.62156251350058,2,19.11127656468444,39,at_risk
17,764.9146817094696,0,14.276152685295552,4,active
4,161.28975406586605,1,91.84756476505528,52,at_risk
0,125.50307885075546,3,73.92694421472567,41,at_risk
4,198.83802322547166,3,27.659221973590775,40,at_risk
34,373.1777359668284,4,46.73409540878839,5,active
11,402.3355746133211,1,41.14240652542966,18,stable
2,158.56749076956618,2,25.285505704053556,73,at_risk
2,163.92454692947229,2,39.45221833982586,49,at_risk
34,583.4544206760762,0,97.88552969059697,1,champion
4,79.25972901209727,2,29.439058445887046,53,at_risk
5,402.8646528063517,1,24.00153664962792,12,stable
16,370.023211199056,1,52.29275289076374,5,active
36,1059.0261909585097,4,88.09595855023886,1,champion
29,692.7984504919496,2,80.17679758758119,2,active
41,662.3825268828352,3,5.847538109084994,1,champion
18,646.2120516068187,1,41.13082174631909,4,active
10,348.1903075325548,1,51.8450853490502,10,stable
23,713.6480679885419,1,86.5000096312091,3,active
16,582.9142888707145,4,71.70328520827103,3,active
17,772.7143119236254,2,98.87819213914044,2,active
35,1050.88797947917,3,12.31438953532048,1,champion
3,88.81370299171289,5,23.126569292536537,44,at_risk
17,614.360413560317,3,38.733105289199834,5,active
3,86.46883754788371,2,40.38454202740331,72,at_risk
12,460.5790093619391,1,95.23429617006632,12,stable
8,363.16947408518524,2,17.64779238642663,1,stable
26,625.3972719843285,2,80.79339996453173,3,active
4,116.01478000806813,1,12.268799100389504,47,at_risk
17,698.0459394352168,2,78.85660821191087,1,active
20,771.1743036140905,2,9.484164292813336,1,active
36,735.2035575677828,1,4.738856346045228,2,champion
48,1685.5204094033552,3,46.824568402209486,1,champion
12,439.6287436674495,3,2.8088005481504696,15,stable
34,1618.747978409317,2,31.484776924017165,1,champion
24,465.069979509074,5,27.250442726686074,1,active
43,587.8223943596813,4,74.8342723668359,1,champion
8,295.32778855921515,3,58.1622140754876,2,stable
23,328.6418808751481,1,88.47402723797822,2,active
21,625.1705805874665,0,92.14085143750953,2,active
10,360.0038556764389,3,28.571125663709353,14,stable
43,1033.370076604045,1,86.45185479367984,2,champion
4,378.04033876242596,1,25.09318200542564,21,stable
19,350.8609852898392,2,94.39400794710127,1,active
1,95.19668844128718,2,65.00653254446654,51,at_risk
6,211.84949782604053,1,80.0277959127094,10,stable
21,369.0918746993873,4,33.47340210776285,1,active
37,1252.8041793945788,3,51.12196400739069,2,champion
3,66.0462251693503,2,14.147564785299426,67,at_risk
15,606.5410934665133,0,94.06940943221328,4,active
22,340.1037195879806,0,15.676360223749853,4,active
2,63.59879742532889,1,60.66408002453373,65,at_risk
39,639.693780381814,1,81.62715659030476,1,champion
17,337.16290368041,2,43.828971777163375,3,active
3,179.1485020347326,0,27.926749466548884,85,at_risk
9,240.3393783014588,2,67.52801819266668,22,stable
1,120.10453972813221,6,19.372904740495233,45,at_risk
23,573.8015539916844,3,91.15896495326493,1,active
1,140.43632428696648,0,75.5545455644909,75,at_risk
3,182.24340471214848,2,13.722138554572794,88,at_risk
34,1045.2907902498741,0,79.4974568764079,1,champion
3,98.60007688584437,1,71.7524821689541,70,at_risk
11,453.55755009298764,2,20.839115013647593,16,stable
27,556.1726407403189,3,62.19034846333474,3,active
32,1839.5056940093527,0,3.0756304370311405,2,champion
6,344.8812756623677,2,71.76586907146604,15,stable
30,483.48468826722893,3,6.904429300782933,4,active
18,607.412161821879,4,31.932446321529195,1,active
17,322.5373773908022,4,14.617046658620325,3,active
33,1415.3421315667847,3,22.46477862484777,2,champion
3,79.16973872118915,1,21.958981900178365,75,at_risk
39,1080.261007957175,3,12.100873607592677,1,champion
5,196.11757198339632,2,46.42574733713967,44,at_risk
18,331.32397251790684,2,38.605644900408755,4,active
10,438.6921374056445,0,38.126794395928265,3,stable
45,1315.2250088321143,4,6.2095127394946275,1,champion
18,674.2899830210348,1,10.005727992661207,6,active
41,1742.0607108869767,1,55.299373079533666,2,champion
2,193.26890639232474,2,37.78887719382984,64,at_risk
0,124.32894207206475,2,36.886095137431894,47,at_risk
17,470.9763553038509,4,51.06699933886818,5,active
26,1351.4542543398518,3,83.59846002067985,2,champion
10,424.85434481923267,0,11.0959571527101,27,stable
17,347.6490707716073,4,23.382149119237972,5,active
9,375.52311652748523,2,13.871273022458762,15,stable
20,546.0343113701236,1,13.975754989851497,2,active
6,158.24257267352476,3,4.878317132280053,54,at_risk
4,56.36040675128695,2,13.78120258100033,48,at_risk
3,131.69347198188765,1,91.8594781368761,48,at_risk
15,601.6237440108002,4,10.235933690418763,4,active
42,1516.2467604311812,0,66.5868432478556,2,champion
2,91.31749178864492,2,80.37856340841314,50,at_risk
5,158.14774872615612,3,78.44933230181003,87,at_risk
8,204.4540907546395,1,82.29090072772193,27,stable
33,1306.8913442446149,2,83.08950083306635,1,champion
14,740.527643391887,3,51.17892058884303,5,active
42,1810.8938235031615,3,41.3686279531608,2,champion
38,656.982567030341,2,60.67602964420823,1,champion
15,422.6578791968343,2,2.213201601605197,29,stable
43,1786.5627788819902,2,8.004524746363217,1,champion
27,313.4184008126508,0,17.193498525900676,6,active
5,79.96159407921118,3,27.898142372570845,83,at_risk
7,71.6432265724472,2,47.17880800075951,60,at_risk
33,1200.4114631027594,1,71.66582463537208,1,champion
32,1531.0444064700334,2,92.42605929394911,2,champion
27,539.9113579565342,1,26.06154498153067,2,champion
39,522.6417553386848,4,70.48263885260349,1,champion
2,82.25796528617217,1,79.00591300150313,77,at_risk
14,546.85753533809,3,51.96375504735718,6,active
37,1217.9341127437067,2,77.4353837490653,1,champion
37,1795.7164278257005,2,66.03707537834958,2,champion
12,210.15361716293765,3,71.42104546146255,1,stable
9,324.586349581535,3,4.262544680368285,11,stable
20,458.6973238785778,0,29.43321614866833,3,active
20,331.2934940164328,3,84.23474080363955,2,active
18,632.7036210024619,0,97.47790560266493,2,active
20,546.0936230587888,5,3.4735866862137033,1,active
0,180.78525438682934,2,79.0703478479495,40,at_risk
36,1504.7389397016973,1,39.37617210370795,2,champion
6,193.65940792335778,6,30.981001829615384,83,at_risk
27,455.19381741841056,2,57.645466267681414,1,active
3,184.83934968731444,3,97.21713055521491,51,at_risk
11,209.36438356170694,2,63.81203419506014,10,stable
15,436.5707195066901,4,14.027278678792854,11,stable
3,100.70311446748535,2,23.160757011595155,32,at_risk
44,1949.9380691694396,3,62.92198792583809,2,champion
8,244.9549924769856,3,50.43404311591395,25,stable
41,1525.1462075441032,3,21.963311477823876,2,champion
41,1689.6722713950148,1,5.3224055357315,2,champion
37,519.2914848496278,1,88.10073369600694,4,active
41,1745.4886840885442,4,28.368002593168928,1,champion
21,672.1245462536983,1,12.459088944897767,3,active
2,99.8219452737931,2,71.09271305042988,45,at_risk
17,381.2846232067212,1,59.33769995902366,5,active
23,489.82409148417855,0,19.84253445192039,2,active
11,474.0310080557538,2,15.88865919831417,21,stable
1,154.027576156458,0,68.2718162413461,79,at_risk
44,617.587278458078,1,29.89528133930933,2,champion
26,501.2170026279495,2,73.24124555022658,6,active
13,356.67042878686095,3,77.90833334663863,4,stable
38,1952.7675282328885,5,39.38083182403426,2,champion
13,419.8942436005427,3,53.175054915057494,3,active
25,648.7577767981453,1,59.960108031779036,5,active
10,261.87726195524124,1,93.48348652202492,13,stable
40,853.1964805738705,0,14.304128431582408,1,champion
21,709.9521439699026,1,96.9519290015932,3,active
14,440.6844505978358,1,20.40733634537305,27,stable
25,549.8257033900287,3,30.794849490620535,4,active
9,170.5397232338026,0,66.67857662191193,41,at_risk
10,489.266807072214,0,92.5051423888671,14,stable
22,474.30571397637,2,37.72708579230196,1,active
23,446.87362544120055,2,5.61279784674944,6,active
1,82.023046772135,3,66.3497699073213,33,at_risk
20,356.3152036655505,2,4.387063819797621,2,active
1,56.849990744032254,4,97.41545816853738,44,at_risk
2,104.8778057171382,1,57.705651882478335,89,at_risk
25,719.9805549637954,1,13.65344399356493,2,active
13,339.24243892377814,4,50.71300542994949,10,stable
19,485.8890096576743,3,32.69006432241186,2,active
28,578.113167756762,3,10.554965699003848,3,active
20,523.8849806189959,1,23.875023549817254,3,active
49,992.2935501217877,1,71.54850914653512,2,champion
20,612.6846147151474,2,73.47358085430324,2,active
54,1132.0199103149207,3,69.83252951364499,1,champion
36,801.3117128777467,0,7.547970696454254,1,champion
12,393.2353248709136,3,34.56730455298139,20,stable
8,268.87075154996245,4,68.43357226573123,4,stable
34,807.0880560631392,5,71.88571882981573,2,champion
10,338.59761479199824,1,19.43938748586743,13,stable
7,471.2079056734509,3,35.923091941050856,4,stable
16,645.614489785951,0,83.242210164039,1,active
4,197.31174357173995,2,84.5029236715556,35,at_risk
2,81.3416448530259,3,65.45763895668077,58,at_risk
7,462.8712199073831,4,21.729882016936664,4,stable
27,304.387628416901,3,62.39993565336479,4,active
46,1020.9581253143086,2,65.92338119740755,1,champion
1,60.63640991796867,2,8.602045162648054,48,at_risk
30,377.88966363098746,2,67.85817001152982,2,active
8,362.5558135714828,4,27.66016517267532,11,stable
16,297.34197841861004,2,41.2721591026612,24,stable
7,285.0931205717341,1,48.497178681429354,10,stable
22,465.4295937833117,1,40.01217032349744,4,active
7,439.6759330816029,2,24.507321761199396,6,active
1,61.99026305318538,0,10.037369411210761,82,at_risk
45,902.9401378056248,2,75.92068361456975,2,champion
51,1181.5766572870962,0,72.28770416359829,1,champion
4,79.22160271814316,1,79.69956454912881,33,at_risk
23,656.4226100118422,1,27.4919560804065,6,active
27,1643.371508311612,0,27.583725785775883,1,champion
14,354.33894998883443,2,92.02831263864721,3,stable
9,414.0661413678264,2,52.61617686337969,28,stable
1,169.90459951941668,2,84.32456399629632,89,at_risk
14,497.52351039544345,0,98.26820584061295,3,stable
3,107.8843290555799,0,23.256922121452096,83,at_risk
32,734.2570323855118,2,13.148269677677282,1,champion
18,410.2876443019312,0,31.44123123711018,2,active
33,1310.9878597257416,2,24.617708131803838,1,champion
42,1047.4460970668008,2,6.372759032712905,2,champion
37,1635.918854097418,2,82.9801492941868,2,champion
51,1047.7202938872376,1,64.50916117542107,2,champion
24,648.8368674723282,2,9.96289927192846,4,active
20,363.35546791480743,0,57.36484664731346,1,active
22,732.694003239022,1,87.44768822734336,3,active
23,323.42979637327113,1,27.648571818458013,3,active
22,513.3730276618321,2,31.224144031844535,6,active
11,407.3150996374445,2,7.339242607341001,2,stable
5,53.22318183040723,3,66.13357992553718,49,at_risk
42,1251.3234547487268,1,16.796371433971512,1,champion
7,351.0625000678083,1,89.31894659885697,22,stable
28,906.0000724625299,2,90.51197274154256,1,champion
49,1608.6407725071704,0,40.83818664914162,2,champion
2,142.45232568395056,1,75.81774195656912,38,at_risk
32,1309.1884061204173,1,17.491835144237335,2,champion
22,405.65708216891977,1,15.835904720366933,2,active
29,459.3787339725534,3,90.26016731606954,6,active
7,60.20617755340593,4,64.0387835586216,67,at_risk
7,434.7341411804994,5,42.48644925027554,5,stable
54,1259.1869050355292,4,23.943119874320963,1,champion
41,1233.0336614067458,2,67.53124413285609,2,champion
36,670.8844005674963,1,67.8207264924269,1,champion
23,543.5523990387193,2,79.48957297360973,4,active
5,87.06733062113923,3,66.62063501867611,85,at_risk
44,906.374407889845,3,42.70870305044959,1,champion
11,305.84932379062246,0,3.897940932298516,13,stable
24,650.985540557353,1,68.89254045439185,5,active
7,223.34349241465827,3,27.06211478374825,16,stable
1,71.01240580887956,4,18.863015583593278,70,at_risk
35,929.6362888422522,1,37.47332037078587,1,champion
46,1499.2391544877255,1,10.843947131854259,2,champion
19,773.8318875040501,3,92.28694314246772,1,active
3,87.23115065915928,1,76.92885834945403,35,at_risk
20,519.8668782295705,1,19.574553664718973,2,active
49,1893.5757619617639,0,87.82788817212133,2,champion
13,436.64437136732573,2,20.972803551666807,2,stable
37,1134.4284564965014,1,45.20810923806417,1,champion
18,782.3466858090248,5,97.67460319476733,4,active
23,663.354034775993,4,4.197521608524413,6,active
2,125.1721196929276,3,60.826694064306395,71,at_risk
3,75.5366883048514,1,3.5251726368910052,83,at_risk
15,353.1525027010191,0,21.781294774612793,27,stable
1,103.45095889735896,2,70.36920351036574,53,at_risk
20,673.9416374555531,1,86.7053400108649,4,active
2,114.16200402699933,3,4.099490382275272,70,at_risk
22,577.2540165986867,5,32.584196514441956,6,active
49,1675.3288503777123,5,79.34597981593127,1,champion
11,463.9092060363383,2,60.76263490525707,19,stable
47,1445.315874866313,1,79.14610497573153,1,champion
24,530.5838077995365,0,89.23037026988077,1,active
3,121.7904762711241,3,25.55164006651972,49,at_risk
9,291.5704777012992,2,38.699312917523486,22,stable
0,92.79721276225648,2,36.77369814559876,73,at_risk
17,479.79926829483315,0,15.472809654201036,4,active
18,788.903363401593,3,78.89053240551887,3,active
13,373.65595263129467,3,96.02306458691127,23,stable
2,166.2676405490056,3,51.517693377025765,76,at_risk
12,393.99606496975565,4,97.50139261422534,23,stable
37,824.4929207028391,2,39.365403905518924,2,champion
31,1763.5284010349394,1,67.72684324636295,2,champion
15,337.9903520791232,0,8.814125652047922,3,stable
3,53.219594646171245,0,18.658640012564888,88,at_risk
42,1146.586256542873,4,99.88893093569466,1,champion
14,282.90682288916133,6,95.94335507880358,14,stable
29,1636.7238668200937,1,98.89061943372582,1,champion
3,114.90707638261838,2,76.22859752650703,46,at_risk
20,580.0530890916789,3,61.16394718471953,4,active
12,418.0033880222706,3,22.7760806322018,11,stable
38,1513.3819813148073,0,82.6872061656197,1,champion
15,472.11852202191574,0,79.21432102316153,8,stable
38,1666.7739670258563,2,51.955654906936466,2,champion
3,50.069982341147046,2,25.75091492245527,67,at_risk
20,533.0375510788825,2,2.8417669172457805,1,active
6,135.22100508629958,5,29.57856155670835,37,at_risk
1,85.7429929749339,1,15.44263930868528,40,at_risk
34,1179.8740649128536,1,53.60423625274424,2,champion
2,189.45047251387035,3,70.5664249326436,75,at_risk
21,796.2717259839734,3,57.94717307848627,6,active
1,66.79105561721079,2,98.21080295413174,64,at_risk
11,483.3874564962116,3,80.98169229417121,26,stable
25,525.4972191238176,2,62.25259036134994,4,active
6,487.1873408867596,1,60.56448801744845,8,stable
37,1381.1653194631176,2,37.99790733401546,1,champion
16,547.1213463826329,3,24.225515987860234,2,active
10,328.16786865365094,3,96.34718516543191,5,active
38,537.1479589358747,4,3.8458889250860495,1,champion
23,481.612392241812,4,29.740689412954225,5,active
9,242.80776117900257,2,24.665933557086316,22,stable
3,153.66037623346628,3,36.86886150047489,31,at_risk
43,1138.821801240997,1,22.7229998071934,1,champion
14,789.0104462737863,3,67.92226805515304,2,active
33,647.1679149823389,3,26.381236147342523,1,champion
5,404.1119819863712,5,15.953077604573862,21,stable
3,133.92690967441882,2,71.15302605532061,85,at_risk
7,471.486450912454,1,22.061855987962765,3,stable
16,673.0522446495945,1,73.42740715985614,6,active
3,169.2991372525426,0,36.58913731064977,46,at_risk
9,464.7752450491019,2,19.218669682053545,25,stable
16,599.619838387833,4,51.97882049969279,4,active
40,501.04189914062425,1,21.792837283775768,1,champion
11,342.94251445707226,1,86.64156122208306,1,active
19,741.4392290039432,2,67.36996205927885,4,active
3,171.96967436499733,2,71.11252461284663,86,at_risk
3,144.712690446135,7,0.17125370397997886,62,at_risk
28,1185.8812719243035,2,46.0110327491006,1,champion
6,333.8073013396962,2,80.24621757517255,7,stable
13,291.8617742966002,1,8.785689166054544,25,stable
9,499.70517973066836,1,0.294949443695125,17,stable
51,1467.3471398313775,3,9.733645689931613,2,champion
24,662.3758324039237,2,91.09486863958838,1,active
5,184.41845238987997,1,61.92059345886398,61,at_risk
3,189.226771344525,2,75.56597324862395,89,at_risk
39,1652.1789970133232,1,23.623263720911105,1,champion
41,1362.0413419279748,2,16.572974790300943,1,champion
34,1822.9922495020146,1,91.03529461739141,2,champion
12,263.4333442037362,2,71.49304935211971,1,stable
3,57.9283253638376,1,45.61854960648276,46,at_risk
0,69.57447139062515,2,76.63224631297044,53,at_risk
14,591.2342199054787,3,69.43991848306418,3,active
9,244.66167822486062,2,5.79292456755458,12,stable
12,452.0881376158561,0,60.48526013426214,16,stable
2,57.48859988436539,1,91.87046689819407,81,at_risk
51,775.7995721954503,4,70.74428586368522,2,champion
43,553.169105024572,0,48.73870608605117,1,champion
8,211.6324659481269,1,33.63823815932925,27,stable
24,643.0423992950832,2,80.52146899850689,4,active
34,1334.6827353440997,0,19.001631538872765,1,champion
20,569.2227178192437,1,47.49087357774132,2,active
12,233.9420315847169,1,55.28534383336735,10,stable
29,1312.5322180503156,1,96.61737766120328,1,champion
46,1855.7478480799682,3,94.60673052173222,1,champion
49,1671.6561862012122,1,48.83184072965048,2,champion
11,355.8824434382782,3,64.11329193022281,20,stable
14,354.67774262987666,2,5.006955223253195,5,active
2,87.77478134681718,3,43.79399169334452,57,at_risk
3,72.97100332244612,3,55.85432504353858,63,at_risk
36,1426.8581870449148,1,58.7035719206354,1,champion
37,816.7481040813148,3,97.74922340534047,1,champion
16,654.9400894932883,0,86.29729411136968,3,active
3,89.41872374921111,5,79.06557885075621,48,at_risk
37,1683.8516119645326,2,15.888812170255607,1,champion
3,168.6814641533931,2,81.36389159571871,63,at_risk
4,115.22769235706407,2,76.102969437664,70,at_risk
38,1418.8576944809902,4,89.40131942404376,2,champion
32,779.1639911009269,0,10.92409779619199,1,champion
4,95.65852866189466,2,17.2583741578651,39,at_risk
3,137.33517919726762,1,58.57339996440123,49,at_risk
25,735.3458589933472,1,12.247195803518562,4,active
22,627.339504615401,1,15.41361225399438,1,active
3,153.8078287355938,1,83.80356464604442,80,at_risk
23,344.4949096728737,1,74.00522015224212,4,active
13,392.6934060307093,3,77.15886062119843,5,stable
19,461.34224593063107,1,74.18816200214691,1,active
16,518.1735536891664,2,49.50392573344564,1,active
21,448.5228384475874,3,64.07635330812653,2,active
1,67.4354397105463,2,86.33378289206209,69,at_risk
39,1867.4031521190236,0,72.74054267241252,1,champion
9,468.288597828078,2,93.5404222327021,26,stable
9,440.3037559111397,1,24.986151746855967,6,stable
19,793.8248966489585,2,38.57529699339547,4,active
39,984.9215399267388,3,2.0490388658181535,2,champion
14,650.0944512151077,5,33.652899572313785,3,active
11,305.35456422461107,0,27.546631493686213,22,stable
16,658.4434745311239,2,13.82918597430043,3,active
5,197.47487550823826,1,2.0003435070455766,46,at_risk
8,266.5399274647972,2,35.79698688670989,11,stable
39,1429.6378633558347,3,32.35609559239837,1,champion
46,1202.4047236607937,1,11.490065792701499,1,champion
3,103.55345371718857,4,89.47536406075872,86,at_risk
37,1457.8826135827558,1,97.28006283953894,2,champion
44,633.4579345938876,2,18.404768165352024,2,champion
17,594.0517852887758,2,34.885723082324915,4,active
5,68.77724268006777,1,90.7333862127907,74,at_risk
36,1500.2231777814945,2,3.1673671706357487,1,champion
20,485.55986012780886,0,13.419805975841559,2,active
45,1433.3717210199807,3,28.022741339722668,1,champion
10,494.36372966440007,1,35.173836875462385,17,stable
5,167.52685847977986,5,41.61749885743895,62,at_risk
12,214.29298074501938,6,60.2528107487146,1,stable
28,1590.9163815016136,4,15.327392158195629,2,champion
8,225.5855270583938,2,76.17314152289876,13,stable
2,53.81140363660766,1,67.92004535264935,32,at_risk
43,1412.96639773585,3,44.58140228870574,2,champion
16,693.6198592633384,2,5.516699875198272,2,active
18,756.8817144252324,2,62.32734437752586,1,active
29,1499.9503677704133,3,18.132306510272954,1,champion
11,398.1376416207333,0,45.07739089259708,20,stable
38,1270.533319105596,4,16.130193896284485,1,champion
41,1173.047284925329,4,37.82150177444335,1,champion
20,672.2103103070494,0,52.76256094679199,2,active
21,677.8570572747926,5,73.71604767960412,6,active
26,782.0539079325285,3,81.29727812992017,2,active
16,497.4066676037256,0,71.49283867991947,5,active
23,449.42181668878106,5,70.53518030795455,6,active
45,790.582887527992,4,20.07396084838594,1,champion
37,1015.3823313422656,2,28.098469933572613,1,champion
15,416.4547409774178,2,98.70732127410716,2,active
29,670.6774753803185,1,10.851956990767187,2,active
41,1972.7716586799693,0,32.15615914453637,1,champion
7,344.6127186920941,4,15.446502242652027,21,stable
8,486.4315516367193,3,83.34917987367098,16,stable
27,1149.3514153479537,2,26.786913420579083,2,champion
2,155.28490793094454,4,77.88824225144211,67,at_risk
5,108.07037902530196,1,18.124656145180097,89,at_risk
8,215.19773409172538,4,31.23265995981623,5,stable
2,82.19824129307813,2,19.609806651578776,33,at_risk
2,148.77551653856912,3,3.7894590787971083,61,at_risk
5,84.7567308481581,3,59.059927646276414,52,at_risk
12,361.1049800723574,2,29.35198354606999,17,stable
3,101.29988048285894,1,59.119250450313984,75,at_risk
24,511.62307250199933,3,95.66532485858811,3,active
20,495.1968413925186,3,63.14748063964125,2,active
20,705.9504491986269,1,77.7886835008168,1,active
41,1338.7117952689093,3,98.88797243786898,1,champion
36,1039.312292488894,3,90.06578010771048,1,champion
10,465.4172012570998,2,53.79653483681635,18,stable
17,309.0177815183321,4,59.13402500604042,4,active
12,796.928233089489,2,10.679300277110181,4,active
3,109.46013500283559,3,60.08061967281863,49,at_risk
9,424.65275417816594,2,4.34263705733573,17,stable
20,439.73128289682893,1,85.27460226859344,6,active
0,90.20785130282411,1,44.188241192747554,63,at_risk
30,1290.225458423086,4,23.326278264606305,1,champion
1,176.76997602599542,0,20.870502444024876,76,at_risk
15,654.0218225335043,1,76.24096864578208,4,active
49,1554.9530982110791,1,24.826635399060226,1,champion
25,559.8187557156187,1,72.46423983211395,2,active
19,626.6608669341209,2,52.174122356509464,2,active
8,421.0014523623117,1,84.46145985046266,2,stable
31,557.7486115999043,0,69.69299491180836,2,champion
3,70.29752848534909,5,4.543969425465355,78,at_risk
1,188.12377063989257,3,99.40221962809827,79,at_risk
22,717.9635372078426,3,19.936804475504477,4,active
9,265.46325712669733,4,17.653180792806143,7,stable
16,302.01218977217707,0,51.198939514449535,16,stable
15,472.4865511373003,2,38.400368812293536,12,stable
18,468.56519207479926,2,50.61233603583939,2,active
12,251.12647552180914,1,33.81593116277786,20,stable
45,1326.5695194205318,1,35.86041584064971,2,champion
19,480.3838062991597,5,13.18551637289781,1,active
34,1599.3292197967364,2,38.41734991837467,1,champion
36,995.1357319006077,1,81.55589642304477,2,champion
47,1977.6666263431946,5,67.750477241982,1,champion
49,1262.8048742399642,1,15.157977184575067,2,champion
16,379.30034609721855,2,88.76765420911696,24,stable
1,136.25569962500043,1,8.490704504150592,81,at_risk
47,1238.586151644362,0,9.10350082109941,2,champion
12,771.0589497309712,2,26.019401773570262,1,active
19,776.0380105519145,2,8.885550392564168,5,active
1,124.75011537047115,1,81.43710982085106,66,at_risk
31,480.9675199561024,1,25.15808095321028,2,active
11,444.7966221736173,3,51.01662450340633,29,stable
12,364.28279756242864,4,63.7463683284829,4,stable
5,143.94755061979777,5,87.96597975994733,49,at_risk
1,178.57569593975595,5,20.510726460729323,48,at_risk
25,417.8202237174197,1,25.940367353649187,4,active
11,447.03568852588296,2,25.043848758953846,20,stable
15,400.9168103585219,1,40.072870235370104,1,active
2,144.65072722580237,5,23.984794257779896,43,at_risk
17,364.3591073058659,1,76.45465061189365,1,active
4,59.61241302890162,1,91.10219078427465,88,at_risk
1,190.36192920425773,5,5.776728837029877,71,at_risk
37,1314.4484523975718,1,78.50622331633859,2,champion
18,516.7295329680851,1,74.95822923980825,5,active
39,1756.9121165763806,1,52.41777369433066,2,champion
49,1310.668610913693,0,14.355974452239362,1,champion
3,193.95403328049142,1,74.44847249236689,86,at_risk
5,77.22724962195767,3,32.74349873414831,48,at_risk
11,269.86195749593014,2,95.72218684067977,17,stable
17,294.88553477804606,4,69.68151531321699,12,stable
17,559.4059121446504,3,29.698068907088548,1,active
2,76.87448648319454,2,1.4038601143703255,46,at_risk
6,234.8069611641322,2,87.23328246254492,4,stable
12,286.96206347122364,2,17.170465606687223,8,stable
12,390.367511693944,4,51.3963878340316,5,stable
10,385.4148509351825,5,96.28200892083039,8,stable
7,459.5768943545782,1,52.61168505231271,21,stable
19,689.0806619389268,2,94.05775789352361,4,active
48,1533.9706594322433,2,52.52876978361033,2,champion
7,60.26233636022129,4,78.27218370343013,66,at_risk
1,198.7258698924187,3,21.96243857301252,57,at_risk
4,54.00879715305281,0,9.90333804727862,54,at_risk
6,136.5218501142564,5,25.28852100424216,54,at_risk
1,63.023067805864194,4,29.5393535962705,42,at_risk
21,426.8628883131441,4,24.261428508177506,4,active
3,75.16008339242647,0,12.668073364318433,53,at_risk
3,61.93633822751532,1,26.491920220826902,86,at_risk
20,761.124825920251,4,8.440585065095352,5,active
9,220.36868490476485,2,37.888185062382306,20,stable
34,935.0535567076081,1,95.66312119669328,1,champion
37,1919.3595218082655,1,73.59015840493849,2,champion
2,130.1724220524701,1,0.10835357076829366,43,at_risk
4,134.6721795842641,3,40.871652392470125,65,at_risk
50,727.3419600345669,2,4.383629953850443,2,champion
2,180.3361732494432,2,34.794359883524265,40,at_risk
5,184.53107608203194,2,65.27304836178688,77,at_risk
2,132.30178291301448,5,44.195136586284654,78,at_risk
11,325.06433237275377,1,26.365357841333093,26,stable
20,632.141894589186,0,59.674033868853236,2,active
37,1077.3099024805147,3,0.8928376022506401,2,champion
6,103.57245380700876,0,73.2293559761748,70,at_risk
41,821.2542252007031,2,68.34954105384017,1,champion
33,1901.9183857678124,0,24.453841348312466,1,champion
7,334.0567950221954,1,3.3717343842994962,6,stable
12,304.50174752550237,0,21.089267681362035,26,stable
25,520.8380330351548,1,61.89449353758578,1,active
21,498.004720036329,0,57.61852656366575,5,active
11,239.7183610195996,1,32.80221061075831,16,stable
13,393.54098884129013,2,5.743170234294814,1,stable
14,457.1583347664665,0,28.99588346001174,24,stable
9,332.6741418621267,5,62.47100904751291,22,stable
55,1881.4227126340234,0,57.94747166674764,1,champion
0,93.45816548980861,3,0.13156224843895448,36,at_risk
9,250.63395059453018,0,69.5797701371096,16,stable
9,451.1853772772694,1,26.579076541573098,14,stable
24,675.9567042521551,3,5.742288997676582,6,active
10,354.10790900003775,2,33.2966159096726,22,stable
13,412.76820883433874,2,80.47557249011376,11,stable
4,84.41425319842855,0,17.88033190387174,41,at_risk
39,1083.9273593938015,1,26.657812794501623,1,champion
19,366.7790897069292,1,70.24099077303872,2,active
15,541.6076561060078,2,45.978883261402046,5,active
6,131.7791553800383,3,0.27473361273253616,83,at_risk
39,1011.0935940122653,0,75.58198784910175,2,champion
29,759.7864570404482,1,44.834585751285594,1,champion
23,421.61851509118566,0,67.65356909862487,1,active
29,1600.52101327183,5,15.408353700599475,2,champion
2,117.87554366982894,2,43.50113367249864,38,at_risk
4,127.82569522336192,0,27.002704678939004,73,at_risk
3,111.12091048033408,1,65.40928332250108,54,at_risk
25,576.39336083594,4,46.99615791408962,5,active
2,159.99280305691343,2,63.02888955812469,50,at_risk
26,687.0811343097588,4,79.22071312397283,1,active
34,1691.1989596311419,3,36.189690431102775,1,champion
1,133.2154037349146,0,91.82491003194436,51,at_risk
2,109.18199206899212,2,74.98522981571128,58,at_risk
37,751.8203029401923,0,9.504881204183802,1,champion
40,779.1418372038307,1,35.43573468926121,1,champion
11,394.7246693108063,2,54.740616756630004,18,stable
20,369.93529577665726,2,54.430709829373946,6,active
2,56.1513048419248,5,54.68863551070029,39,at_risk
17,620.9996741675297,0,76.55551026001834,3,active
7,224.8281100774865,0,7.612895999113844,29,stable
42,1467.358683664291,0,55.9974877653572,2,champion
6,196.02567664346452,2,32.92782443604314,41,at_risk
39,675.3339659332484,2,45.70397646704563,1,champion
16,479.904274457322,0,19.416756033126738,1,active
35,1563.4437103406337,2,81.33350218722045,2,champion
37,1688.3199461350928,3,23.00688513846695,2,champion
19,713.5840889817788,1,62.674347426082925,5,active
12,353.53032722685833,1,57.32926380059248,26,stable
41,1642.081398391716,1,87.84611228698861,1,champion
12,471.37602285776205,2,78.13920416615684,3,stable
1,105.39498754261597,1,53.63342455834975,38,at_risk
3,104.63148964809537,1,57.71822749780373,87,at_risk
42,1530.20756318348,1,41.87773927083036,1,champion
39,1392.22531170304,8,77.29634399025596,1,champion
16,380.42895252927434,1,56.399013261036465,4,active
17,790.5203332090537,1,78.59645753991217,2,active
15,531.7053357010507,2,0.7013266269316532,3,active
10,227.2322526009775,1,47.35723391882859,23,stable
5,107.06572670014678,2,10.411353286371005,42,at_risk
44,1043.918582923624,2,42.83292098794247,2,champion
10,520.2378795890214,1,73.78887717381528,5,active
42,1769.3835735408097,1,89.51510122973268,2,champion
47,1508.7169888187132,2,89.65547750109306,1,champion
5,333.123004809768,3,1.3806456221353236,17,stable
16,631.3235849079039,6,69.9997955181598,6,active
4,79.40226572674172,2,62.39419678790921,73,at_risk
38,1880.338071241539,2,4.0006811323083475,2,champion
39,1090.5974859517148,1,78.15659591755846,2,champion
55,1425.7915380708573,2,66.88541954481356,1,champion
2,198.29091952438927,2,30.311793901710416,58,at_risk
29,1370.9263238844953,0,41.844121022080735,2,champion
41,1674.0113533717367,1,93.74068331565077,1,champion
1,145.27814025891206,1,73.489357914683,44,at_risk
18,708.202312430061,0,8.90645150508963,1,active
10,227.31958685313737,1,98.21429597866589,16,stable
10,348.81197852094164,1,89.15433247007465,5,stable
32,1798.4437741746428,5,18.24979338844013,1,champion
1,171.06586575996425,3,61.58536388035667,74,at_risk
14,332.3513138804408,2,21.738753959480285,20,stable
4,139.15434925138786,0,65.30998224422034,78,at_risk
6,232.51024572989695,0,22.139273188656883,26,stable
4,77.6086747896627,2,84.37038024936435,47,at_risk
33,1503.3742081984558,2,43.48053537147477,1,champion
4,151.36924283098023,0,63.78884715299413,54,at_risk
20,650.6290060369188,3,19.80031305842771,6,active
3,73.48973739952122,4,15.571493963369088,71,at_risk
16,423.8720615260898,3,1.812605665658873,2,active
41,1622.8697122623023,2,2.561078722832699,2,champion
2,181.92437949094665,1,55.06313084421773,43,at_risk
1,170.37046845013586,1,57.366121268302436,75,at_risk
31,1145.2215619541735,1,55.09886910425158,1,champion
44,1899.42009571283,1,84.11603353192318,2,champion
49,528.4735590451698,0,84.42058984223569,2,champion
23,692.2735881539509,1,66.48698176390583,5,active
7,309.9414791543873,1,85.43923390407977,7,stable
11,387.48418032055497,0,79.08396894830581,1,stable
47,1446.821335244711,3,40.7749245843277,1,champion
13,373.841858294829,2,1.6775434544030077,23,stable
2,164.02315982500153,0,15.292593788931718,89,at_risk
42,633.9910067224044,0,77.19721226497835,1,champion
39,716.7056480445478,2,54.530062938437155,2,champion
14,747.6875918549406,4,45.649302832215064,5,active
38,936.5192333876327,3,45.022873774572915,1,champion
18,361.81113732218324,2,2.227853470179497,1,active
4,352.86014563122785,1,87.58073870382424,10,stable
18,391.38266027496087,2,93.36613501686047,6,active
8,228.49797819570628,6,90.6059936965239,11,stable
21,410.81667207681744,1,75.4989868396734,4,active
4,64.47767846969636,5,56.36331055537367,84,at_risk
8,327.74053752868474,4,95.09259605969326,16,stable
14,772.4194570414805,3,13.640074338245933,6,active
4,166.56619725698434,3,53.94608311102901,62,at_risk
4,63.67311105603423,4,97.28697713109675,32,at_risk
7,248.07855093423868,0,14.447150529124652,25,stable
9,489.131282096292,7,9.51706380636047,25,stable
3,147.0238190541945,0,6.019480752323558,55,at_risk
4,58.70225016503734,3,20.477724611531013,63,at_risk
7,288.9458069563563,2,28.025811373880227,22,stable
16,582.6796951922383,2,56.30398605140984,5,active
56,1951.9993150401099,0,61.19278686464872,2,champion
8,227.65192490199968,1,12.495641239876177,26,stable
43,1075.3359240694494,2,21.6673372720112,2,champion
14,799.6594770918791,3,68.80481973497031,2,active
47,813.5481381096319,1,56.60988808460555,2,champion
39,1172.86735457458,3,1.0237382503630266,1,champion
11,452.52106520385036,2,90.71193203877128,20,stable
22,358.8706656136214,5,54.986051170337,5,active
41,1889.6179661985032,2,64.4887103833368,2,champion
16,270.2728885802796,4,5.543007854797688,17,stable
12,256.94823073349284,0,53.547300932408724,17,stable
3,113.27295176979933,2,11.67173449244543,72,at_risk
2,69.0034942420389,4,31.522568673791586,88,at_risk
11,472.8211721841985,1,10.758563943892286,10,stable
48,1475.3328735878247,4,75.98213803590737,1,champion
42,1886.2628186499344,4,58.04890149915419,2,champion
16,318.3350815373348,1,4.698451151873062,4,stable
22,656.6385780761801,4,0.27412914882924966,3,active
6,131.35557369911464,3,13.146690767590751,77,at_risk
18,417.942467119913,3,34.17279375549994,1,active
40,876.4321539886352,1,90.12397558578647,2,champion
1,119.58101064664524,0,63.66634938720242,83,at_risk
2,121.8741397454179,1,46.082503274703456,30,at_risk
3,71.68031527390693,2,68.15384983838449,61,at_risk
33,1986.3804501881757,2,48.13808100614834,2,champion
10,337.180610723642,1,97.33014006923845,26,stable
7,420.7488004668274,1,67.60533995459556,29,stable
51,1776.5958833873174,3,1.092707617347366,2,champion
3,160.362505126782,5,30.29588529047861,72,at_risk
0,167.86980482036913,3,46.55037979896962,65,at_risk
20,789.5087981640224,1,52.32974699916495,1,active
4,110.73160157105652,4,17.185376851507062,45,at_risk
21,591.5958166826947,2,48.174617773996985,2,active
20,469.63038192497083,0,12.544710812214866,3,active
4,83.13520791559404,3,14.247370850285257,81,at_risk
45,960.0774686748783,0,88.92636431040542,1,champion
25,490.3213621319271,1,17.680832392510027,4,active
42,894.3349844897508,2,27.01084680339584,2,champion
53,1057.3255985670119,4,12.27873914733263,1,champion
11,224.53809965287957,2,92.9745070072958,1,stable
3,147.52586719866576,1,29.47028231983563,72,at_risk
1,186.42877896015634,1,94.46837801437964,88,at_risk
15,404.8429979757528,2,68.24287428786607,5,active
12,338.9531880083198,1,94.36040242835392,22,stable
6,235.03160937364905,1,76.60428208957339,26,stable
7,441.5457502153107,1,42.79423487344229,8,stable
29,1228.1677420323788,2,53.45440179732732,1,champion
18,435.2013763593141,2,52.47969734106559,6,active
45,757.2100421783704,0,45.39458932201078,2,champion
18,402.8592049628302,0,31.33979459430404,5,active
19,424.9877667187063,1,88.89183707384541,4,active
43,892.2986629924764,0,71.46041674890661,2,champion
20,492.4865734081543,0,35.53412067365854,5,active
24,313.46302936972234,3,21.37636880279442,6,active
22,563.2645144964736,3,95.79573659344321,4,active
3,178.50807003986696,0,5.167394139763493,79,at_risk
12,392.4719132728534,3,82.15303231672858,11,stable
2,137.66854810931363,3,52.61162929173218,67,at_risk
39,1458.9051891271276,4,3.4462584401677043,2,champion
5,147.12585178606926,3,55.533120470811696,45,at_risk
12,352.80351176007446,1,97.04757940122781,3,active
30,1805.5583473339702,0,14.86761065092379,2,champion
13,500.09226367364624,4,77.82451454238465,4,active
12,249.1517830630127,5,89.62415523721761,4,stable
42,803.8051699923236,0,9.007264261116244,1,champion
7,259.5447566411209,2,93.30338518902913,15,stable
24,328.63711661290955,2,43.72927708620743,3,active
38,1275.785487764404,2,48.65510583349929,2,champion
14,348.9995663493023,1,20.162611758481553,2,active
18,631.7582992676713,0,21.94624810945498,5,active
15,433.8070085359729,0,74.57953980391106,4,active
22,408.808106518404,3,13.276854338746647,6,active
15,747.5120136694968,3,84.84420748300933,6,active
12,237.97329418718323,1,58.23065835412828,12,stable
32,1426.7719861955734,0,70.04625384314224,1,champion
11,290.0395339400346,2,55.51792170055441,11,stable
40,1034.1547362025497,1,75.3124830731205,2,champion
8,64.59663402884516,6,38.53345338912578,87,at_risk
17,385.5757009553603,3,55.66606016871286,3,active
9,324.48754536649136,2,70.69081616602298,2,active
37,1224.5595869778135,1,58.189038657973015,1,champion
6,58.42368891493845,3,84.57584821008038,36,at_risk
42,1918.8148517111129,2,73.2762322019823,2,champion
21,415.80659556567105,3,83.37924436594705,2,active
2,64.70182744002341,4,40.159261664579034,50,at_risk
37,988.4980087581588,1,68.81800743681677,2,champion
12,211.522821422585,2,70.81979069292062,17,stable
10,396.41680109095034,2,83.6151728168417,25,stable
37,1233.003209322578,3,66.71145150364542,2,champion
17,655.877023222952,0,94.43078285242005,5,active
19,703.5436875581383,0,41.97559925369482,2,active
6,353.1171640879972,4,1.3600111397920278,14,stable
23,304.2812208786508,0,33.17565639291304,4,active
5,53.530377546208605,1,76.88092755273613,82,at_risk
5,255.8972568202781,3,28.1794297101844,2,stable
36,1737.152785865425,1,5.118070584857016,1,champion
2,110.9449955449958,2,97.95566518807036,40,at_risk
10,229.44871132860285,1,96.08806625809406,29,stable
13,236.5134618740043,3,1.5961253777414974,2,stable
16,452.73478980733216,0,44.59785358174069,14,stable
39,1714.4776997559027,1,27.963408816316893,1,champion
3,118.01550189309225,1,54.26023226443193,84,at_risk
12,249.413880485116,2,72.33082370568063,15,stable
15,366.6588325557472,2,66.19671275133115,29,stable
49,1977.9979781680147,1,60.143092193986305,1,champion
6,197.99509893221955,1,65.6886754748575,59,at_risk
26,750.5623684927771,5,22.49934666645441,3,active
25,616.1566886676744,2,19.041841875207943,4,active
26,377.3053655186735,2,9.4812531111374,6,active
48,1358.9793084170026,3,26.530738930473376,1,champion
33,1677.778885325411,1,94.83106785911241,2,champion
8,370.3903760311533,0,61.824860442613016,15,stable
24,900.458071991388,1,95.8733331202968,1,champion
2,181.52067961590998,2,1.5077290861381543,52,at_risk
3,107.75441093913456,3,37.15062781358821,63,at_risk
9,472.11701796248815,2,27.506079722290433,8,stable
22,682.6864484185139,2,5.647900156537878,4,active
20,373.43653386420425,2,44.86953447768518,5,active
19,444.15628914739733,7,10.477609506763663,3,active
4,169.32603967721303,0,57.51997211690377,44,at_risk
3,102.9797418465232,1,43.734752067618864,73,at_risk
41,623.2443781919599,2,94.34689199010057,2,champion
32,414.5649574383168,3,99.96910725176087,1,active
9,449.93496777758116,2,42.2377874023249,27,stable
4,152.48728259722424,2,92.3135850292795,44,at_risk
24,769.7161705764962,2,24.644366771967185,5,active
15,469.1044195048607,3,53.33093163840241,4,active
17,326.8103205153353,4,62.97752332726845,1,active
32,1831.894865550665,1,75.77630288665964,1,champion
4,52.453579512397084,2,66.67686730740976,70,at_risk
8,92.97662718276821,3,38.39559185841493,79,at_risk
26,743.9903636051066,4,40.220826933992306,1,active
46,1711.4506777922372,1,24.109152013287005,2,champion
29,709.7208325306057,5,89.46033982580828,3,active
2,62.31161198057478,1,39.98643243571096,70,at_risk
18,633.6637667389715,0,60.36860804065927,2,active
5,466.7221302507071,2,20.40553255413229,29,stable
31,1378.7553026545174,5,60.90674523082008,1,champion
24,712.4247976982508,3,8.793310775796638,3,active
35,766.4909108882282,2,52.53812892218578,2,champion
2,56.48424925949394,2,60.6581677068658,47,at_risk
2,86.52875086187406,2,82.72539663350747,69,at_risk
18,375.54044297936304,2,14.623781250650236,6,active
12,410.8873277800489,3,6.821530532571318,21,stable
5,360.3988964885489,1,54.22434174645269,28,stable
24,788.4194226117887,2,58.56901904825151,5,active
40,554.7889346120724,4,96.04120713689639,1,champion
12,726.4815250663366,3,5.122765262956208,2,active
16,782.9793466403814,0,63.19179448555984,6,active
37,1518.8660362903427,1,66.73335390433162,1,champion
2,75.07459765226554,3,56.740378611987516,76,at_risk
41,1277.110681630172,1,92.66535223397952,1,champion
15,253.24467506374737,2,89.37134477086572,14,stable
15,665.2974144338135,1,58.250137224348684,5,active
54,1852.7200357670888,2,30.415990967820537,1,champion
5,157.5277055056474,2,28.330719019968143,60,at_risk
40,1314.850124397791,3,35.83286033123936,2,champion
17,435.07385277646955,1,53.98993038935951,29,stable
34,1141.2177854863403,1,15.421307859305333,2,champion
37,1319.5987320953948,1,75.44203444979016,2,champion
6,162.76005885037443,2,70.35635488279553,41,at_risk
23,300.1410260769877,3,93.36126132838618,1,active
23,784.7021515111201,2,38.56239355122931,5,active
18,360.8217294745748,2,82.92068393747064,1,active
2,129.88658967746545,1,73.94470932357146,48,at_risk
3,53.52145022879014,4,54.890551970231385,77,at_risk
24,784.8141867564444,0,15.306474074122944,3,active
22,499.3779112829939,4,20.76440047150545,5,active
18,486.1937433688487,3,52.93122223147621,4,stable
11,337.4712366204512,3,38.60229316630428,27,stable
0,81.31639046291616,5,74.91399902868933,88,at_risk
3,162.46162260765817,0,15.668652900986146,52,at_risk
11,324.32806414932725,4,87.28918363231008,7,stable
19,731.267892375059,0,90.90697609705478,5,active
22,473.2321519165306,2,76.21576487807054,4,active
5,164.04987770400015,0,32.60655322331749,34,at_risk
13,353.28846847984624,4,58.67986770006609,23,stable
17,564.5458355179761,1,61.071278633785596,2,active
5,171.60074902846338,0,93.01800428913505,43,at_risk
17,448.18037834967714,2,21.870747550799653,1,active
1,146.68514876852856,0,62.66154978639072,86,at_risk
18,607.7348207339891,2,92.85794700300475,2,active
42,1438.089777182392,1,70.03753461059968,1,champion
2,117.64426515627106,3,8.998521802779525,65,at_risk
8,208.66000141164687,2,71.97001392455708,23,stable
21,392.0662231819062,1,64.6837721486607,5,active
10,399.6502629703508,3,45.664211720197265,11,stable
39,1644.6317251317207,0,68.49425721694537,2,champion
7,385.4474465938569,1,6.110370093765094,22,stable
15,404.3993830729528,5,81.1907524650963,3,active
7,496.5398789343701,0,22.603988450460676,17,stable
8,267.48522473736534,2,28.08219417087827,21,stable
13,345.46948560169943,1,41.23829519553257,26,stable
49,1992.194517165537,3,94.64830300850355,2,champion
46,1125.299357814114,1,35.613747586982136,2,champion
22,686.6976076777848,3,47.16853943220176,2,active
47,1924.40981142963,3,50.2603094906249,1,champion
6,208.5006875160753,6,18.10106874290617,28,stable
21,527.6520254250516,2,70.73295893448213,5,active
16,777.150529674105,2,1.1983656208427673,5,active
7,55.62416625106555,2,98.2565320348532,59,at_risk
46,1194.7086403668716,0,60.09793792619244,2,champion
5,118.05499629477553,2,0.9372761453739553,43,at_risk
36,1086.6024134498405,0,50.41001533815469,2,champion
32,1900.0135413215019,2,52.27007635803541,2,champion
41,1969.8743653737029,3,23.772139544611182,2,champion
41,1613.7198999679465,3,19.116764559667942,1,champion
18,734.7535057556138,1,55.34229119086817,3,active
14,326.92011984715356,2,10.319199520031363,4,stable
4,153.8225335728038,1,12.500779050391387,43,at_risk
4,88.23681403796485,2,85.10950392134842,71,at_risk
10,308.9357265119474,2,32.93350783900906,22,stable
3,88.05380133522087,2,37.164121006379084,53,at_risk
4,66.35526356085644,2,84.9739521915462,77,at_risk
9,437.0778685305817,0,37.268880664698436,28,stable
17,512.5523006713875,3,2.2738678013825564,2,active
3,162.68063799904192,2,42.84264634593612,30,at_risk
34,1304.9043374517364,3,60.05903259185117,2,champion
6,456.53507611947254,2,42.902644766021616,22,stable
44,830.9213307307383,3,30.415665100697133,2,champion
42,1277.1742406495832,1,34.17612860289944,2,champion
8,395.16506878457886,1,54.0964125189934,9,stable
17,600.4168481570659,2,84.40345568044958,6,active
3,163.40567948230523,1,42.41098572227037,64,at_risk
28,686.9711467362025,1,73.44608615078147,1,active
32,1669.0085138697295,2,20.48657061807091,2,champion
11,766.8553230403066,1,92.73958463653447,6,active
41,1706.4878137878936,1,4.579311901566041,1,champion
37,1803.7652230514655,1,15.424422671353689,2,champion
4,92.01885944328306,1,56.59617705351672,45,at_risk
4,194.9408696859323,2,48.63784655506367,52,at_risk
34,564.4408582459232,4,6.2213212706404,2,champion
2,106.26812680351608,2,32.95737087320556,70,at_risk
20,434.65332621198183,0,65.91038831492585,6,active
6,450.3262625880582,2,50.59789384211538,9,stable
24,701.2362195148645,2,32.859980729829,5,active
4,148.40969092222898,1,16.834272399796603,74,at_risk
18,410.12172805475086,2,87.16949674161448,5,active
12,392.53680653583854,1,6.271170814761485,22,stable
16,294.4288009147212,3,83.30316012281239,23,stable
24,632.7205337352414,2,74.48001266084229,6,active
4,105.7307896549945,0,21.70726813382432,50,at_risk
26,764.2931797455246,2,16.10664968065414,1,active
26,620.5842284571413,3,14.593205773270302,5,active
44,1620.8535372382044,3,88.58220628173089,1,champion
39,1518.0283338962997,0,18.63612885180076,2,champion
50,559.5868169562548,4,92.18349221319363,1,champion
12,250.27248508721468,3,13.969129953100401,23,stable
9,280.23149479170416,2,14.386590360520014,2,stable
3,199.94267261460664,2,26.5015637991048,73,at_risk
6,445.91529026864896,0,20.327071354810233,20,stable
13,219.9834300374173,4,88.59554480922519,3,stable
37,1624.3632667130273,1,37.55801130389914,2,champion
52,520.6520314364525,2,72.97246623115026,1,champion
28,697.0736755662348,2,39.378904029670316,6,active
18,791.3491952534811,1,27.44088854481411,1,active
38,1152.4720932864486,4,10.288232212241644,1,champion
12,202.42778416822486,1,77.85050644396898,16,stable
4,120.84214221907082,2,94.61115203844432,32,at_risk
18,715.969931751179,2,46.76622601233459,6,active
4,180.80567428357867,2,14.496352683362545,47,at_risk
44,1598.8075689673217,2,46.42403699228746,2,champion
4,114.77731667532285,0,45.55698096347458,67,at_risk
14,245.53464479114822,2,62.3320629584195,4,stable
42,947.4874369320809,1,66.99444501948012,2,champion
24,620.3247058231038,2,42.06327155310403,1,active
18,568.9738717589659,0,87.00865819729871,4,active
29,619.916976934299,1,86.3744319723883,2,active
23,587.0621618053889,0,38.2600639041925,3,active
6,362.85559757981866,3,5.046919780153569,9,stable
5,250.2453043864505,3,16.085629592808324,10,stable
3,73.83570454821066,4,70.89709130332531,67,at_risk
15,789.8892542253947,3,54.11770695324515,3,active
34,987.641333720605,3,45.630121394599676,2,champion
3,111.25616875996984,0,17.387003240391152,47,at_risk
21,500.97996141070206,2,52.429627807198784,4,active
8,210.86907488629822,2,41.3511900356812,1,stable
24,361.4449926191807,1,83.54996061806368,2,active
2,182.50341974424728,3,46.799852755391136,50,at_risk
15,311.80901995140954,4,66.16924004903112,13,stable
26,721.0277256573603,0,99.38452580636118,1,active
3,102.16877453385611,1,2.896288314262252,62,at_risk
2,160.73414096148815,1,77.30459033557422,68,at_risk
9,365.515550912297,1,13.479461873035204,16,stable
12,576.9380333784343,0,90.57014075310148,5,active
5,126.15148641323765,5,30.9240449299796,85,at_risk
4,140.25138792810182,3,6.7577168560512995,67,at_risk
4,176.6792164491991,1,58.76438232414416,73,at_risk
53,920.2297369551268,2,52.69122127723772,1,champion
25,322.1829774823767,2,93.01522430460332,6,active
2,164.45052582339136,2,38.440413587210564,71,at_risk
3,117.65954744665291,2,31.88204569388421,37,at_risk
35,552.7490080410396,3,77.3356417659179,1,champion
3,141.0369960295127,1,13.55151805805016,43,at_risk
21,780.7428896404069,1,68.73460180405449,3,active
15,372.7569808568109,1,88.38898834153393,3,stable
1,181.86399755667503,1,10.987262285548171,37,at_risk
1,90.44286236321861,2,36.24319863836003,80,at_risk
22,572.4353647730981,1,90.20552361564948,2,active
19,597.4242877939039,0,51.33154979889862,1,active
24,782.3944010372938,4,80.99890871234639,4,active
5,100.70088528480447,4,5.2184933357909085,39,at_risk
3,94.68521073937353,0,7.302731928217976,38,at_risk
17,388.7402618093977,0,75.53779024884818,5,active
4,64.842070108574,1,19.752970326793427,73,at_risk
20,321.1409162582853,3,16.43520638717303,3,active
53,580.9249560289084,1,62.882779418007715,1,champion
37,1586.7989300905979,0,54.37133658284685,1,champion
1,137.0449918856466,2,86.1169412167852,77,at_risk
54,1128.0995137036723,2,78.5211472371844,1,champion
12,265.28072082493713,3,14.171201662954092,1,stable
13,430.2905170116406,2,14.518372276519809,16,stable
52,1584.481270464846,2,62.88229928547805,1,champion
18,693.2443296421341,2,35.498100141739044,2,active
31,730.4324955467558,3,45.216462274660174,1,active
44,1663.4829350304985,1,62.21732666762235,1,champion
2,60.743690121344244,0,10.423384301112604,70,at_risk
24,644.6703597421462,1,22.46206699408353,2,active
32,1904.799879496914,1,27.47380549739008,1,champion
30,763.1493952748408,1,52.098466987930024,1,active
48,1099.0763066923985,1,53.927805509525776,1,champion
7,496.14226967524826,1,81.77273557342505,16,stable
2,67.93594867283723,3,29.529524352813286,32,at_risk
17,557.0443915755399,2,74.42223770614586,3,active
9,257.15012461361067,1,29.70185130973071,21,stable
24,308.38415824063645,2,2.173587588494552,6,active
21,302.1256876886834,1,19.027065497504125,2,active
14,213.9062500886242,7,63.34900914485774,27,stable
8,347.2329375836822,1,19.627541127653515,12,stable
14,630.2732515179447,2,79.20041322885623,1,active
12,682.0497192986514,4,34.118231345656326,6,active
13,379.97803212246714,3,27.34365591650201,2,stable
14,328.9545095819045,0,62.36336691663736,1,stable
39,908.8230625060011,3,85.34672649066295,2,champion
40,950.3401893694669,1,12.781500524401402,2,champion
28,669.4176711407907,0,31.02882892044232,1,active
41,546.8873843626967,0,19.47024055834695,1,champion
3,188.10743433816813,1,22.33863688433192,71,at_risk
15,397.31788646736345,2,61.45216206586148,3,stable
3,187.43232622801122,2,46.030221795165474,62,at_risk
4,335.6545471203486,5,19.599563332902846,19,stable
37,1367.8890723787836,3,34.697706446119035,2,champion
12,468.8002924886099,4,93.57137485216033,13,stable
41,1737.4585056318197,2,84.57554303987558,2,champion
35,1345.5061664319205,1,86.98785934417359,1,champion
12,721.8508682069416,3,32.58835467330958,2,active
7,253.12763282883483,1,52.41637150011962,8,stable
12,389.5910925632728,1,38.665790955455904,1,stable
35,560.1453196484058,2,12.115095906961226,2,champion
38,1019.6457742005816,0,45.583350567777934,2,champion
21,368.9163329665158,1,85.9928550123476,5,active
14,750.719633423955,3,34.169934973089276,3,active
2,76.94838301211753,3,40.71179746137597,52,at_risk
3,197.648643306619,0,55.57864156919644,30,at_risk
13,254.80054640694857,1,30.904388381536986,12,stable
41,773.6137631667544,1,67.83316281009462,2,champion
20,324.79118221214065,3,80.32153034704943,6,active
7,384.9660280947466,2,10.388311052911748,17,stable
26,366.85559168688354,2,15.871983614310336,6,active
9,243.34574584220312,1,65.03045338833584,19,stable
54,684.014250286598,1,96.56615001689163,2,champion
23,778.0820114517265,2,37.106580902469645,1,active
44,507.37662725580464,0,56.25920984371383,2,champion
37,1351.1792988084196,1,27.479502572407057,2,champion
38,547.900457543355,2,77.05652116278928,5,active
18,677.9411671172415,0,58.63434957684562,3,active
53,1971.3434161453383,2,97.94855600851915,1,champion
5,161.58717721896252,1,49.3888839617156,87,at_risk
14,295.20920931609004,2,95.740327070967,1,stable
11,224.05459568478105,1,7.325625213410425,26,stable
3,185.21542374694891,1,75.71456673417977,31,at_risk
14,469.48868555877243,3,34.981268085627136,6,active
20,525.4959740907461,1,41.573312349866974,1,active
15,420.6155701712905,0,42.157300923585815,5,active
6,52.704395290146095,1,90.2605747302744,40,at_risk
21,1544.0632639401042,0,42.35077637672,1,champion
7,235.4036445549782,2,19.41346453553574,28,stable
10,478.34852198698593,2,3.554466140840684,29,stable
43,1644.2311634559378,2,60.637889777006194,2,champion
20,587.5473129121388,1,19.0892332025408,6,active
4,50.78510901550164,3,26.586568018993617,47,at_risk
41,803.3436442516052,2,0.13650619610326986,2,champion
33,567.0202008581317,2,87.81877245962451,1,champion
24,394.20046186737034,2,32.371329180277655,2,active
38,1237.3665117548226,1,18.484146674832523,1,champion
23,730.9819675934338,1,12.090164995057384,2,active
4,71.45435736876638,4,31.208807226581612,35,at_risk
4,188.50714603014393,1,53.0898226416599,61,at_risk
9,471.35588094606504,3,43.77141415724603,25,stable
39,1093.4770945751588,2,19.674635919174577,2,champion
3,175.96537945898172,2,5.927231598749982,80,at_risk
3,85.62208710101754,2,29.53646545897274,51,at_risk
4,195.95093912037612,1,25.336561000788627,44,at_risk
3,87.6909973889952,2,94.7721000328828,59,at_risk
36,1493.3956433265757,3,46.83495682993824,2,champion
8,275.69207476127895,0,22.892389040489192,13,stable
1,79.23104723380528,1,21.113929865110293,39,at_risk
1,127.19771250084636,0,39.45783302117809,84,at_risk
14,449.02444754232863,3,20.51577360156973,1,active
19,341.6160430057966,2,27.421853169732202,6,active
11,243.5268135809185,1,9.966344237590718,24,stable
17,602.3723379320708,2,8.457383771385018,5,active
34,1696.6351551866046,3,2.8362763991705675,2,champion
2,68.16973071256469,0,27.22258474525142,46,at_risk
7,669.0975930452992,1,65.90154956849364,6,active
44,1029.9436148732336,1,38.193827098932296,1,champion
52,1148.1775967876074,1,59.279775558371675,1,champion
4,173.42837500685044,3,66.99343454256072,42,at_risk
23,765.6120539392026,4,16.218322063884706,4,active
14,205.47240600710504,3,85.24346115593822,27,stable
10,494.44025703302987,6,33.4547094965921,18,stable
2,84.20764327710918,1,85.09701019140654,35,at_risk
16,409.5886843036779,1,32.53820025332086,20,stable
9,347.1220464910965,1,58.156536480671306,20,stable
10,422.59321189864227,0,76.79713654205148,21,stable
17,328.35971172321763,4,62.10338634630782,5,active
12,559.2519915923344,1,14.328748844488114,6,active
50,774.1059962738569,4,43.0557244973789,1,champion
10,223.15801628845162,0,94.85683527486178,10,stable
25,1301.989475069161,2,59.52651041326141,1,champion
13,286.8602868243366,3,91.46296776120333,16,stable
2,151.89013346531206,7,83.38834937411245,49,at_risk
44,1419.730062949983,2,92.90968563424539,1,champion
10,373.5669563922547,0,9.748692496498412,12,stable
2,197.52593928085457,3,85.5394932579422,74,at_risk
13,405.92223087746527,1,82.59893245481315,21,stable
31,1577.0246119181486,3,28.32513827127122,1,champion
29,613.4611668748599,2,58.863756284932464,3,active
5,193.32286360858294,3,21.460484071866716,53,at_risk
21,456.11021765926273,1,27.56720874699837,1,active
1,182.56852759470507,2,73.25377428558178,59,at_risk
3,100.52630714739828,1,98.06022729779438,46,at_risk
10,217.6265692010664,2,35.22982469759221,23,stable
38,597.7938672076527,1,49.84290902760671,2,champion
21,432.90122609784396,0,74.38466843879856,4,active
22,340.7138632462621,3,85.4920920523628,2,active
17,427.7562978104522,1,42.52462207023186,6,active
19,758.2672894084926,3,34.92583680214897,4,active
26,660.8497956592441,3,92.90185506616324,5,active
10,215.63182659929194,3,39.4887427321584,27,stable
15,480.29247087487516,3,51.48829936601344,14,stable
4,154.2622689596833,0,21.644777213501342,70,at_risk
4,51.35684104136761,4,80.73221672350799,88,at_risk
18,358.9894094740655,2,38.33253950872131,6,active
7,466.603797988081,4,38.15973725741328,8,stable
20,709.9418786185508,3,27.166662172789703,6,active
13,480.9772471820469,2,69.37184949343555,5,active
25,429.47654524121697,3,8.16277208828371,4,active
18,347.52719781091895,0,78.49328327049423,21,stable
18,628.3812186135413,2,86.83606476100381,1,active
6,303.20936934029584,1,71.27738925802856,20,stable
28,743.7599124769183,3,41.26558910966717,1,active
47,1227.7422140947385,3,93.85671174807791,1,champion
9,348.15276704226324,0,44.381656380679615,11,stable
38,666.9959193770967,1,99.54871453941684,1,champion
50,1250.9331973383225,2,65.1643172683851,2,champion
4,110.56276214410244,1,67.53388338157916,54,at_risk
29,1006.8982387874024,1,62.770758495957345,2,champion
13,584.9401588570848,0,60.007804890771396,1,active
2,191.77956665198565,2,29.271377601800985,88,at_risk
36,1967.300992842261,2,31.94998860099506,1,champion
26,332.77164910459913,4,61.973600507396,1,active
43,1626.8463823694244,4,67.09280532934993,1,champion
2,91.43614749454507,3,94.7458995526241,73,at_risk
0,114.47419352104154,2,92.83986619435338,65,at_risk
13,448.55059724036937,2,47.27636186732113,11,stable
49,569.0227352100904,3,4.1798037186234875,1,champion
34,747.4830179587948,2,69.12000044898676,2,champion
39,713.2709370917247,1,30.219152421071584,2,champion
38,1789.8779482628856,3,99.7765424598069,2,champion
6,169.92746274163198,1,42.31081494861401,36,at_risk
2,196.48834905734037,4,20.00765540755477,77,at_risk
52,1024.6314686400488,2,19.309302548815765,1,champion
42,1061.3841629376711,4,81.64863400303757,1,champion
13,610.8927726583163,1,85.67318698361345,1,active
37,1706.9005373159105,0,86.78341439732034,1,champion
15,620.5573155339204,1,79.18705752443663,6,active
8,326.50282050065204,0,38.525210549825196,15,stable
21,775.1884643697069,1,21.00207765831018,5,active
7,456.8506909816515,2,96.44617627269223,3,stable
1,122.32050910030965,2,94.69346489485385,88,at_risk
24,344.80107848324803,4,43.7512875497258,2,active
10,385.8014145751019,1,99.36021467795824,5,stable
41,1523.669154214453,2,2.4077653044536684,2,champion
4,126.53739279644765,0,2.930277371140555,66,at_risk
21,798.9604902673359,3,9.897424731995875,1,active
29,712.6612481589938,2,97.5483388972585,1,active
44,970.6536465129734,1,93.67274044048818,2,champion
47,1395.5154779505222,2,14.166303872322993,2,champion
7,438.2892953714901,6,5.169193788224358,19,stable
2,192.6623797608786,1,25.150340632576263,47,at_risk
10,438.9510345198052,2,73.28921265798904,7,stable
19,361.5414455799791,2,30.400458732658496,3,active
12,373.4957357531063,0,26.077041754037545,12,stable
14,679.2988498505907,1,82.97398426773704,5,active
9,216.7391784294321,1,37.601729968529675,20,stable
25,595.7432362453807,1,49.30747853598633,1,champion
44,1023.3758984351091,2,92.9158392368504,2,champion
38,1612.8358775472907,4,25.170390873614878,2,champion
48,837.2936669349225,2,2.715249949004084,1,champion
40,1643.556756997392,1,39.62675686134157,2,champion
16,321.6928557988182,5,76.22166732359395,3,active
9,403.3610420609258,5,79.58558045143688,11,stable
4,69.90470699547119,2,16.758562225699634,33,at_risk
3,195.09486336399928,0,12.235874257481715,83,at_risk
10,356.1922237535487,2,37.5967845287513,11,stable
2,78.98081973278202,2,18.941215922396005,50,at_risk
21,693.2296391068273,3,93.6950038849032,2,active
11,257.16480875768553,3,14.587723727266056,7,stable
3,102.47620447935158,3,46.33478600724635,36,at_risk
40,1391.9439336548173,3,71.13460277733094,1,champion
16,299.9257569170958,1,45.53730118463485,23,stable
35,1707.8948455496907,0,74.38650816618512,1,champion
38,1415.6440266765123,3,6.630509393705641,2,champion
5,480.94311934956295,1,46.616799462611006,13,stable
7,266.15428712362325,3,28.94047628855647,20,stable
10,332.3304984432965,3,55.385836595845774,11,stable
7,398.05335641847125,2,89.56381440905804,13,stable
39,1039.9213683666374,2,68.26015912648216,1,champion
4,87.25841757623552,1,80.53257047448479,60,at_risk
17,790.7947338363706,0,96.4273520906433,4,active
36,1037.947638280313,0,65.92992662743829,2,champion
49,1571.9932149622211,1,44.71261214780353,2,champion
31,1961.0426597485077,1,26.56325222154903,2,champion
6,82.17158931714778,4,68.4857575803779,33,at_risk
12,203.92391928982428,1,72.73931381093945,18,stable
22,455.47075258978833,0,69.31886250805522,2,active
44,1428.432901879543,2,86.65794171318811,1,champion
37,1643.4418881206636,1,99.84554384310321,1,champion
2,100.32187154140259,2,1.9182179917435982,47,at_risk
41,1394.7218394127829,1,15.094328729625527,1,champion
11,436.4819223635247,3,99.83602996821185,26,stable
8,236.62548926000636,2,21.4818873013231,29,stable
11,353.3840024180532,2,76.63410115160355,7,stable
9,373.464976200963,2,13.13269614807101,14,stable
13,204.49440222140285,0,37.48654086048408,7,stable
1,170.29335875510097,1,33.13644824035941,76,at_risk
9,377.0699048353238,4,72.76292402739824,15,stable
21,593.7752247890015,1,80.53980571575033,3,active
11,222.061553991241,3,57.297160556375296,27,stable
2,187.04278650002112,3,48.68102682785359,79,at_risk
46,1418.351336393101,7,34.43220033437758,2,champion
17,416.3897571739712,6,12.574870807850381,1,active
22,578.9743309248116,1,43.166270694230235,6,active
36,1146.7662802700554,2,63.881206520062086,2,champion
9,437.9326299886266,3,70.63212392550969,21,stable
11,249.57328429018224,1,62.248227374800344,9,stable
2,53.29041460175941,0,76.74811701936802,45,at_risk
3,146.844073873594,4,78.31926478410432,50,at_risk
12,302.12695706526,3,22.56227685256014,2,stable
40,1200.5055171984377,4,48.35125627836007,2,champion
38,1524.354202206197,2,28.625869693604145,2,champion
4,227.67377133131203,6,97.01283550550292,6,stable
16,647.8719722773292,3,2.0699734634401556,6,active
21,662.9552444429994,1,64.80891586487996,6,active
19,750.4334521762509,1,51.756982518160314,3,active
0,161.9829840122234,3,7.952887333548853,45,at_risk
1,146.92173746415867,2,52.13499076687448,67,at_risk
3,185.4484106652446,1,18.64414698989848,43,at_risk
4,96.51731449975962,3,84.6707730338136,85,at_risk
44,514.1367410133172,3,66.99582659308065,2,champion
4,141.38837109587095,2,0.7379558324551172,76,at_risk
40,1799.5904592618144,1,84.78403626920917,1,champion
4,167.48386552688152,2,73.29915194599944,80,at_risk
10,435.25529578688696,3,25.366488591675285,26,stable
23,313.0719137907116,1,17.935075691461034,1,active
3,423.65458532998423,3,60.91766118004893,16,stable
38,606.8693821511937,3,46.41542642502687,1,champion
18,790.5106831874934,2,48.71452919070192,2,active
25,790.4074560554524,0,98.9722218614319,5,active
3,127.788687284901,2,82.05253311552302,83,at_risk
23,556.1287118176651,1,30.284038676497715,5,active
10,356.21927739743217,2,78.87127046826897,8,stable
24,350.1254025128256,0,70.0860848350523,4,active
7,244.37684424839114,0,99.0573861665845,2,stable
22,450.4304432214773,2,68.06783132007006,3,active
8,450.72414070199795,0,56.33461567890926,18,stable
35,992.5092267911532,1,92.10838737353873,2,champion
17,352.49330138505076,3,81.86473207467041,6,active
7,166.7745246822364,1,75.32035329224507,54,at_risk
26,352.7762730567473,2,24.149734191851337,3,active
36,1547.8157938515933,0,57.78794264166449,2,champion
22,313.2566984570099,2,14.316018923123764,1,active
4,196.76173661402433,2,38.58271764896354,73,at_risk
8,205.05344921765862,1,83.42464497462397,2,stable
32,645.8741414766354,2,31.289797534021325,2,champion
25,775.3631641495258,2,23.690006306664824,1,active
11,398.01219857952117,4,65.7041334597528,5,stable
2,99.58054623424,1,67.26145925160652,70,at_risk
40,1958.3811402894837,2,54.6599325907516,2,champion
31,503.41100864212166,1,91.30312456109937,1,champion
9,449.67332384576383,1,92.58972625505825,1,stable
10,263.0369958400614,1,55.06898459111997,4,stable
9,247.61930741153225,1,76.75786280816881,5,stable
8,445.7207221330449,3,52.21707324150918,8,stable
3,126.95288331957106,4,57.306779532112294,49,at_risk
4,91.2712491076323,1,99.15803479059713,45,at_risk
23,647.540521341234,1,61.764220955876844,2,active
10,314.45058663202553,5,58.29291457359093,9,stable
12,363.7461105028889,4,57.765431927435884,15,stable
3,122.52050902773503,1,58.923663910894675,84,at_risk
32,661.3474717934246,2,88.89558410511104,1,champion
41,961.6584277571586,0,73.11320581063198,2,champion
47,1808.1062183762726,0,89.0344949691358,2,champion
11,470.93954224483,1,76.016762129348,1,stable
12,228.46174906539542,2,97.05381367573257,18,stable
24,759.9604848303929,2,98.83936403313811,4,active
1,105.26601546293233,1,84.42197079654437,32,at_risk
1,59.57810845343271,0,21.70937211321894,88,at_risk
25,739.1376150910199,1,24.816763753194472,4,active
45,512.1591818673038,0,36.20268851735163,2,champion
37,1555.6079967101591,1,82.32703493365709,2,champion
7,268.0476984869831,1,70.47316306926814,22,stable
6,193.15035748698514,4,2.6200459258821307,51,at_risk
18,349.57566336261465,0,34.1181309754966,1,active
1,170.5738407836101,3,47.769390398786804,49,at_risk
2,95.77341553386042,3,96.55920114958194,41,at_risk
8,208.325440785005,4,12.585445304984066,14,stable
20,404.1791817910464,1,61.729531360081026,4,active
1,194.38774652774353,2,97.88005920629986,74,at_risk
42,859.1528689041864,3,58.95475621092674,1,champion
46,739.4220104155474,1,91.80170471151119,2,champion
2,108.91286885159805,4,4.368619383604044,85,at_risk
7,176.08306073550145,0,84.52298299893536,79,at_risk
29,492.1749768948274,4,93.9619591230192,2,active
13,348.1595720977622,1,54.01554826231351,15,stable
6,456.1511782637358,1,5.142629075665727,4,stable
49,1782.606719830823,1,46.30450030189943,1,champion
28,392.8887731569038,4,52.98754624006386,2,active
4,98.1541581157494,3,93.29696844609234,76,at_risk
0,80.52059479797828,0,69.27066704637711,63,at_risk
41,1849.868468141001,3,46.86442776409492,1,champion
0,374.8344902237753,2,95.74205257070932,3,stable
7,498.2980747881363,2,80.22928982349623,22,stable
11,403.9881872065147,3,32.622564142223354,5,stable
14,496.7721778317885,3,47.72535569562972,2,active
37,1254.0531196684958,2,4.249195632347513,1,champion
44,862.6224763174492,2,79.66284965837922,2,champion
2,108.9090210141775,3,41.954808198613904,45,at_risk
5,195.79464683699288,2,45.2777181631114,39,at_risk
50,809.0525305341986,2,13.465638313831507,2,champion
41,1801.6119063337799,1,79.22813901289403,2,champion
21,483.9534334674346,1,79.20801895287232,1,active
22,740.1539351155933,2,20.326200535937254,5,active
2,187.7480791517701,2,22.75499512268475,55,at_risk
1,98.81155582576775,2,84.12066373091845,78,at_risk
2,313.96837243381054,2,32.133556989283186,14,stable
27,517.9766580812761,2,41.622213211422775,4,active
40,1864.611421724852,0,64.87545442528504,1,champion
6,143.75955228974257,1,49.64663512702457,76,at_risk
43,1120.6781173752672,1,21.155741272939977,2,champion
12,659.9041848345298,3,18.027023379413244,6,active
6,349.06103530701995,0,29.21974521576225,2,stable
37,1483.66635755341,1,77.53979154277405,2,champion
55,1893.3253051069748,1,21.07443291401999,1,champion
0,148.17546717620576,1,56.90550004248238,86,at_risk
38,1203.706507907126,1,43.57010166868851,2,champion
1,96.42549342840252,1,32.43760911072094,34,at_risk
2,58.91137270387905,1,34.35620265540356,71,at_risk
57,1630.421442070976,5,84.28269554343451,2,champion
35,1290.7188299835507,2,71.3725673805051,2,champion
3,174.82094620650648,1,24.133629484502915,73,at_risk
2,120.61576742001732,1,25.406960188135464,44,at_risk
7,319.7698230318699,1,7.564004635824107,4,stable
36,734.2560546840436,3,75.06089502767594,1,champion
20,402.68480236794926,3,18.740962248949366,5,active
5,192.89571480237927,4,51.859302060905776,70,at_risk
19,533.0909099469076,2,10.333430146956113,5,active
11,309.3490597991554,0,6.781674431082285,23,stable
14,696.8770864817058,3,43.71338377147937,5,active
4,175.64300849377625,1,35.519975180573596,35,at_risk
4,213.49228193788338,3,40.65553913112886,6,stable
4,306.75693761742815,1,78.68429240657547,29,stable
3,215.2116420504546,2,90.96482527215235,10,stable
9,325.8895581497337,1,85.39659676461369,25,stable
7,220.78728473731974,1,96.54705204646807,14,stable
3,71.21356375702211,4,67.57609988165581,50,at_risk
19,694.7724720755959,3,94.26900877468324,2,active
28,1810.9617887394336,4,70.55173493368724,2,champion
28,408.6975734402193,4,61.7462393686942,2,active
14,344.25449247346546,4,55.08045614793725,5,active
32,1134.4400113473591,1,21.105212652398375,2,champion
36,1330.3769561669335,3,87.36752324448177,2,champion
8,412.73385226774883,1,99.76300564752998,17,stable
5,182.02279586295293,4,90.67446226128217,53,at_risk
10,439.6291330942062,3,60.952657719693924,14,stable
2,69.08334918127589,3,42.38153948031304,36,at_risk
3,134.8095002545345,2,16.5538781724069,36,at_risk
49,681.9212282023444,1,50.580357391848295,1,champion
19,617.5030124758408,2,70.22481534385503,5,active
19,376.65786238273984,4,5.228364725166346,3,active
7,372.2630709655748,3,90.86528014452293,12,stable
9,323.08101485235227,3,86.76954559326721,14,stable
55,1957.630176852147,0,66.63351438904903,1,champion
8,262.9504223964521,1,26.254940438732888,26,stable
1,189.90622301540006,2,12.891405213881324,56,at_risk
15,507.23081820882084,1,82.0926601135762,4,active
33,1938.3202309808837,2,23.625019454098094,2,champion
22,548.9749159295608,2,99.75593657676872,6,active
43,515.8229140913687,1,80.58061477655188,1,champion
4,70.83291551737969,2,55.89378529963256,48,at_risk
40,1988.6483732858583,2,78.47196138603971,2,champion
10,221.37521157319532,1,50.18830736783395,19,stable
3,121.94191076261606,2,18.404111593326288,80,at_risk
20,529.0939711912334,1,21.568179507972385,4,active
15,285.9610579595033,0,39.490935182140404,16,stable
15,394.94168115265376,1,33.586004356533024,7,stable
27,382.55671832036785,2,83.1548102826205,6,active
44,1139.984466329971,4,45.023018272165096,2,champion
2,187.28914172579928,5,39.521731693775386,63,at_risk
8,428.0572543450806,0,60.31510859518874,15,stable
25,541.9013386421555,1,40.22747957188639,6,active
4,321.7187244486943,1,71.93555298884067,20,stable
1,171.3640620626965,3,8.899006518116847,31,at_risk
3,181.9029920218329,2,42.378038061578515,49,at_risk
17,664.5706543988057,0,84.57545488517204,1,active
10,366.90339743009,3,70.10132832270772,8,stable
39,1928.6462344696713,0,99.57654759318856,1,champion
3,77.19066718139129,2,65.5062958957558,77,at_risk
5,116.11103949552859,2,71.92142569641973,30,at_risk
9,220.23667381767515,3,35.49276682866043,20,stable
16,210.89580700615306,3,39.64979702449594,14,stable
9,495.5256789177506,2,31.788679922940233,2,stable
2,118.10117762488895,0,40.57006973716133,83,at_risk
3,90.2932659072761,1,46.87365370885497,79,at_risk
1,112.3274058382631,4,55.19286448203638,64,at_risk
12,763.7971549184092,0,8.879122809434792,2,active
8,294.89037195597535,1,64.88033838781952,8,stable
0,141.2704689829066,0,13.003327229679694,58,at_risk
6,89.05548525633901,2,54.370346793165425,30,at_risk
8,434.87527262321055,3,80.27435510081018,25,stable
21,352.9083512355746,3,3.640803550276084,3,active
8,277.85678655087344,1,19.494138776932946,29,stable
40,739.7189838895782,4,35.62528762576833,2,champion
27,475.3439561802467,3,89.38070878707003,2,active
5,181.4960558399722,2,86.9079972801413,49,at_risk
4,153.0762149958957,2,0.28729134583415084,38,at_risk
13,489.1393493305149,1,65.86891982791681,10,stable
15,288.34948281064095,3,73.14606137687373,11,stable
3,479.36613845689874,2,64.83027499572451,3,stable
0,55.86868414299135,3,57.51891836253432,71,at_risk
6,270.6170360591604,3,42.829029632182746,12,stable
3,139.57373049199342,1,27.744239883765754,55,at_risk
40,1540.9773656652665,4,0.2019873232285918,1,champion
25,532.3969463791884,3,78.40320226980884,3,active
15,617.3130191298902,0,42.43093007152542,2,active
20,477.2868607450412,1,48.43107707850201,2,active
16,718.0119945314074,2,80.04710345736346,4,active
43,916.3790536059354,1,24.998183014661112,1,champion
2,142.07386162081556,0,92.21153578464494,33,at_risk
8,470.9190804976291,1,28.16550416167236,8,stable
43,1362.8469340689053,2,23.702567822128717,2,champion
11,229.87088034288152,2,16.950223666376218,23,stable
12,272.7479215678124,3,72.23026680745687,14,stable
41,749.2636024896452,1,76.97915722390881,1,champion
48,559.1086608168376,1,49.36129006259391,2,champion
16,458.07534327443256,1,55.96498395155272,2,active
21,499.65813716045955,2,91.2323075117316,2,active
39,1913.656974111859,4,12.198625319346789,2,champion
9,219.84376403739915,3,90.29355664640532,12,stable
19,630.5560129813091,0,49.89088677908489,1,active
4,180.16898162461024,2,27.398582577572817,54,at_risk
4,111.279995158726,1,17.18894279024853,57,at_risk
10,470.7643099512298,1,20.291985296946248,14,stable
23,590.3140932639948,7,14.734368154538336,5,active
18,378.9385595563186,2,41.23788969577499,3,active
19,466.25129266868515,1,5.5940597738179605,6,active
26,527.3030619857615,1,97.3118971229794,1,active
4,381.8485202685082,0,69.58793277131058,5,stable
12,273.55052980389405,4,84.63306101069743,21,stable
13,522.7526504922082,0,81.17591847130423,6,active
14,497.2170387000388,2,0.617198484032766,17,stable
17,325.6329227288569,1,14.351487018755304,1,active
7,235.05339481747464,4,67.58291009939613,4,stable
1,162.9790200240155,1,88.56635910119806,40,at_risk
16,770.7564194344252,4,51.30546257242335,4,active
16,430.54485354930614,0,5.502027234076845,27,stable
21,741.9363453192992,5,45.905444056510504,3,active
9,412.03741093554976,0,15.808958044851462,9,stable
18,332.36226629268066,5,16.258970193588652,6,active
3,125.53486643685406,1,68.00308035691882,82,at_risk
9,358.24966120667466,4,73.99207045168664,25,stable
24,682.9502402870411,3,36.14409690375939,5,active
6,72.19989772828444,1,53.42118259447044,33,at_risk
4,192.94074230149604,0,65.66179611675852,80,at_risk
17,537.4790699171782,3,50.22610417475089,2,active
38,1906.0857415486432,1,90.338888428302,2,champion
13,210.51161593267673,2,64.57288415696226,2,stable
14,477.416452543886,1,56.746131970025495,3,active
13,455.9922250561383,2,63.83371442919182,9,stable
4,185.16392849712233,1,58.33320314967116,81,at_risk
21,539.9517130440313,2,57.63609664251692,5,active
8,337.3038475780696,0,23.441835236778953,16,stable
16,740.8974896521013,3,70.22365201351889,6,active
3,74.86410356267822,2,78.33879481090406,38,at_risk
49,636.0184786226661,3,95.20876561112897,1,champion
11,314.96637122010657,2,24.32804293959134,22,stable
34,743.1051868393985,3,74.12847080293686,1,champion
7,314.8138796413001,5,13.512444568668347,29,stable
42,1671.451973419997,0,82.86202534637202,2,champion
40,1247.4258533709917,1,98.03716748857447,1,champion
20,406.6225268563881,1,25.60984700528929,6,active
5,374.91080254268877,4,55.97689864983926,4,stable
19,743.7926319323302,2,24.374341645945897,3,active
7,249.69919570181023,2,25.629289435377146,24,stable
1,65.57840271668374,0,14.642813935968624,72,at_risk
28,1264.2688404972798,1,97.71959586377254,2,champion
47,1513.771575819309,3,70.9663361171069,2,champion
0,165.68293233466608,2,48.406756516277596,84,at_risk
1,57.33505139588929,2,54.22343063967503,86,at_risk
5,115.9227172077768,3,82.10178853110321,57,at_risk
36,762.3395586927547,4,89.80957086899498,1,champion
38,1926.4071280959035,2,52.77372608919077,1,champion
38,1771.3160229912235,2,26.597366102753583,1,champion
3,136.42137859240154,2,66.24724527994128,51,at_risk
20,645.7048306098993,6,93.07524729608565,5,active
3,78.18126519796266,2,72.1601589939791,83,at_risk
2,181.58443600360303,1,20.14827171972138,65,at_risk
37,509.82479047484884,3,1.1167019252193766,1,champion
3,191.59824007852453,1,4.662420561383673,62,at_risk
33,1092.9231495748368,2,10.927630107085673,1,champion
9,355.4185618089153,1,84.83458752966543,1,stable
14,421.84923582050106,3,13.195584698094109,8,stable
46,964.2299223069972,1,23.77980736620865,1,champion
25,421.46711889157814,1,46.195002177205865,5,active
13,236.15743249210442,0,55.07112643399347,14,stable
7,269.53393037027865,1,42.14750043472711,12,stable
8,244.6223429755314,4,7.993354672040931,4,stable
7,389.231802844732,1,52.61596558945894,25,stable
20,721.9831962459457,0,76.02958674032419,5,active
8,358.4303147642849,1,3.1426479109768035,1,stable
44,585.2728835184441,1,83.67876474543095,2,champion
4,64.2679866531218,0,97.4837025499521,69,at_risk
27,415.00385193573925,3,21.860564187792452,6,active
15,442.1903113132638,3,61.43440181433019,5,stable
43,1203.6544492599978,1,62.16748529138854,1,champion
3,154.3752173012396,2,85.63852298087613,83,at_risk
7,427.19878528843174,1,63.48383930748673,1,stable
42,1229.8163706645612,1,50.0981911815804,1,champion
22,742.4097381304313,1,21.401210845666352,2,active
5,64.79337371744413,1,69.49911721693589,63,at_risk
35,1611.7697981112563,1,91.96086062584611,1,champion
8,489.7836856347204,2,15.770667136892913,22,stable
14,734.378851574671,1,21.461492154903006,1,active
2,158.77748506226362,3,11.03478144980664,61,at_risk
8,260.5037894367501,5,38.34963763279495,16,stable
2,64.03102928399657,1,72.53447217528947,79,at_risk
1,170.9326840817764,4,58.55990764354364,56,at_risk
1,74.21847408331604,3,8.62591421791995,82,at_risk
8,358.95309500126814,3,59.11095753339766,16,stable
35,1295.5406508105941,2,82.76277026795262,1,champion
11,295.9042190738431,4,97.00888115769371,22,stable
35,1087.753726528788,0,48.90931005284451,2,champion
26,689.3133185555072,0,5.847390050385936,6,active
10,448.61336490862425,4,14.947044545236842,24,stable
20,523.555399369208,1,52.10705865681249,6,active
2,169.04274258519948,2,72.6387641981967,81,at_risk
27,623.2480804688195,2,87.84783436850493,1,active
4,279.03788660301433,0,86.9208992052277,28,stable
18,615.01898082771,1,74.65624814031368,1,active
7,121.98150289182352,2,83.62909693817677,50,at_risk
13,723.9507263031703,2,72.19076083902057,3,active
21,477.6925087990095,4,59.30636428042123,4,active
1,129.1915261662539,3,5.905777057787698,76,at_risk
5,79.5030598792044,3,30.698078010432273,43,at_risk
12,438.14495447298907,1,99.22229300066454,5,stable
3,146.44171706349184,3,41.77819690810711,44,at_risk
26,698.6491620459916,3,47.32865259433918,2,champion
35,1181.6267770260094,3,15.648698222386914,1,champion
52,1822.8120645216543,1,47.69002174353827,1,champion
6,148.70194824548736,1,45.9913187340298,53,at_risk
2,58.77672196898547,1,71.90876960125033,47,at_risk
1,145.42383322213985,3,23.916611866261828,32,at_risk
41,1281.0705354779325,0,69.95406022507348,1,champion
18,788.8571049206348,3,24.374011383446337,2,active
34,792.6167552365298,1,24.98404860158897,1,champion
1,54.44553669648541,3,90.2567856299159,49,at_risk
1,188.12078675340513,4,81.44940056461807,38,at_risk
4,194.67137868200325,4,31.756553458926405,57,at_risk
9,275.6174410384755,0,21.351745416435218,12,stable
39,833.6429704632111,1,72.16681678998576,1,champion
46,1636.8537347260883,4,67.5034485781626,2,champion
10,354.48852139436553,4,23.83685609585401,23,stable
18,493.4918776636721,1,86.8179042883366,1,active
38,600.7954363549997,1,53.10883603751455,2,champion
8,359.57195921180903,1,47.77995505055841,5,stable
4,110.48156345213046,1,47.225781318838145,87,at_risk
51,707.9486420770215,1,14.410449851375917,1,champion
4,180.31289072023273,2,80.3118500760549,75,at_risk
2,166.5631920132975,3,98.15612093438027,63,at_risk
15,375.65084779503155,1,56.08748103912396,4,active
3,71.31519760592552,2,46.786383730080104,41,at_risk
8,282.3240637813954,3,94.33389733825287,25,stable
23,588.3616953252197,1,45.13027545736652,5,active
4,150.34209348967323,0,17.71227046529562,53,at_risk
20,435.96916596050005,3,58.981689922597404,2,active
18,388.6003386228699,3,94.7963249295677,1,active
2,59.134674185280076,1,13.016235439193458,81,at_risk
11,454.82368988419677,1,66.57316362307657,18,stable
48,588.480077758464,1,31.79764659976698,2,champion
2,129.4075747041383,1,92.91275287594166,81,at_risk
31,1995.9198947481416,1,89.74518941156082,1,champion
30,1823.7023592419596,1,17.040120053573503,1,champion
9,432.3043015467209,2,70.04953843412426,9,stable
13,405.5450439185864,4,99.38610733803715,5,active
18,531.9821801357754,1,64.78367773995791,6,active
11,612.7294036380075,4,70.50984692049228,6,active
7,352.50896087988065,0,59.438453269933035,9,stable
37,1225.2965800254576,2,88.06938034604066,2,champion
12,237.44677252712478,3,30.322660138381174,15,stable
27,368.7507572454773,1,99.44876213894891,3,active
15,350.41022342576576,1,42.94605556912195,10,stable
44,610.2611192011422,0,95.95827763251064,2,champion
10,288.9562749996219,1,69.58192950612826,12,stable
12,674.4103280151633,4,4.596556631752824,5,active
26,758.0489215844506,2,13.182124948850483,2,active
35,1056.6773357859354,3,40.21764968320706,1,champion
13,218.74673472488928,1,78.34921911285913,25,stable
40,768.7625017725917,0,29.82385866689746,2,champion
1,171.50277570763774,0,6.694277876938748,77,at_risk
41,1384.3686714380508,3,47.727095229982176,2,champion
46,522.413824965402,1,1.6275127621289465,2,champion
27,1672.5060975339265,1,57.31489361851815,1,champion
0,185.12469547664577,4,27.49201635782843,36,at_risk
2,59.61154170522859,0,59.7278783594318,88,at_risk
31,872.742298170219,0,69.83379000795823,1,champion
13,467.1083252394538,3,98.16505005486016,11,stable
6,174.88199942644505,2,57.27379930342232,65,at_risk
37,1137.2287874664673,5,86.08875411888029,1,champion
45,1575.992533558067,0,12.631850963880819,2,champion
6,194.4313208059948,1,22.724835605516137,35,at_risk
22,744.8687275713087,3,55.41941010697538,3,active
19,496.9575983666276,2,75.22850107209828,11,stable
14,457.70712789671853,0,51.64891648190263,7,stable
26,396.25397185317166,1,18.538870637717398,3,active
10,236.99107512571723,2,56.65984581577942,26,stable
44,1373.372958103288,4,6.651694341846848,1,champion
44,1764.9388276660022,2,79.49093973018044,2,champion
11,316.53602407113095,2,17.273203144306017,15,stable
8,242.7019441835802,1,21.029045540195213,14,stable
21,610.5206255182376,2,87.85218734337977,4,active
28,453.4257527920701,3,17.906954599050252,6,active
20,544.5066754793828,1,45.95829264680379,6,active
41,539.1604070156998,3,50.28331462608868,2,champion
18,317.6860720283262,1,84.84317230187928,1,active
41,1459.15100321782,0,38.694146864522274,1,champion
23,766.9846533999435,1,53.52409105837651,1,active
33,1290.3127439367215,0,23.45573504878401,1,champion
3,111.55598608593856,3,13.941187142674593,64,at_risk
45,1058.928126259362,1,99.2529329050661,1,champion
13,594.7721604658805,0,46.36335827469564,3,active
10,331.7515075384195,2,39.0922760165128,26,stable
16,598.0697415323143,7,97.95314697015775,2,active
2,117.35325868715255,2,30.237788030248115,42,at_risk
31,1047.332527562895,1,77.92292540792832,2,champion
10,390.1495197570148,2,83.38421181902622,11,stable
39,592.7779772835559,3,90.63516662596712,2,champion
49,1122.247654765732,0,47.97147657177585,1,champion
10,456.3160149837072,0,64.73023265765197,10,stable
11,340.05101706304464,2,97.93354255823047,5,active
1,130.0821319735986,2,1.8525170438721927,64,at_risk
47,1446.4235570339881,2,54.64910943951583,2,champion
10,214.18299280819463,2,17.089810512258197,7,stable
4,83.22170637713944,0,32.520496056979,57,at_risk
5,136.3606258359692,0,92.7189913416702,64,at_risk
15,449.9707379156121,1,94.8179876457198,2,active
7,76.08696279154658,2,65.34256192676987,69,at_risk
1,68.08889349330236,4,94.84256121983084,64,at_risk
26,609.2231902058949,3,81.79989345352782,1,active
5,127.55969065310036,1,61.34445959088626,34,at_risk
14,389.3473361793509,1,96.66335410160393,13,stable
5,101.15752187616123,3,55.77953831752489,88,at_risk
46,1982.5635989539862,4,89.2202773542776,2,champion
19,784.7368931704964,2,85.18136540280199,5,active
18,395.4999557588193,2,82.47474624886975,3,active
7,265.53494181414476,4,73.53190507534697,21,stable
2,165.02120396982323,5,67.49442893163962,54,at_risk
45,1017.6957553159331,1,47.965500890126336,1,champion
39,1921.8033390172495,2,66.3918819998565,1,champion
2,145.15024881490234,1,38.32641912431837,57,at_risk
18,595.986255819694,5,25.99610263265586,1,active
43,1111.5135152363973,3,28.749675750027116,2,champion
11,473.1360290612133,1,10.296625121541126,3,stable
7,491.0503398444457,1,81.60718691643896,15,stable
18,330.25258464362736,1,2.377096233807263,1,active
0,97.95817590887951,1,21.06055654714879,36,at_risk
0,199.35973642399225,2,54.4786009089256,74,at_risk
13,466.746951242902,4,26.044030000581188,23,stable
2,90.69125885083537,3,59.8175228360693,33,at_risk
13,286.7827498384783,0,15.138190471406531,25,stable
9,356.6732912785692,2,9.301212918920932,7,stable
26,345.6833315832707,0,26.136923515433928,4,active
8,485.64245890613506,2,28.264589956131083,29,stable
45,901.7657972891063,1,83.5885242193688,2,champion
16,685.277628672062,0,0.7094750243423986,2,active
54,1611.8786027672454,2,57.382613724485964,2,champion
9,324.38097535447275,3,70.88021962389662,7,stable
8,339.9804395396935,2,77.17113825273996,17,stable
17,400.60683539919444,1,41.47357030190525,6,active
24,315.05415514768356,1,26.540227051896416,1,active
24,786.3138705315038,2,11.057150722565968,1,active
18,699.6562050491975,3,63.12235377639911,6,active
27,628.5346517704138,1,89.5683522683086,5,active
4,183.84447200717676,0,70.50456339522007,73,at_risk
6,62.40576629294415,2,27.12579325845561,38,at_risk
22,581.7710220483506,1,12.303917261403875,6,active
26,731.1114602382543,0,6.110593111327988,2,active
2,191.7618463250437,1,63.97678849103029,53,at_risk
13,342.65130223517866,2,50.35061648192072,8,stable
12,402.4098909977431,2,40.31362899987262,18,stable
14,290.551497747725,3,68.88274865325427,12,stable
46,1186.884857543511,1,33.15119616170256,1,champion
24,392.5898275213854,1,94.1214005922728,1,active
21,429.7225378293703,5,48.254827093641836,4,active
16,491.2891668610765,4,72.96902044524953,2,active
3,102.72769452832219,1,1.9068473576487,44,at_risk
36,1828.287677254491,0,58.169496868965844,1,champion
12,477.4800819076903,1,58.97574817995965,23,stable
20,443.43845912338816,0,11.129484239659348,4,active
44,1670.0223795337856,6,55.817287274465365,1,champion
37,561.1876872523704,0,97.70377387424888,2,champion
46,852.2543935475077,3,42.967853986636015,1,champion
12,366.3969391741688,1,43.55896261248292,8,stable
38,1516.7918095698935,2,79.37425350386764,2,champion
18,711.1452474022144,2,91.80849926848741,6,active
2,184.60157850568083,3,12.028976458879592,42,at_risk
9,478.9183626661026,3,85.01657336793826,10,stable
12,239.00753021319116,1,92.54614512013836,21,stable
16,509.33378720888635,0,16.94447258024747,1,active
27,1415.4830878056362,0,0.7240152298213176,1,champion
2,102.74279424671585,3,64.90010853740857,75,at_risk
13,333.2699465165007,4,54.458322268499394,3,stable
12,400.07225329667915,3,16.72753033012786,23,stable
12,381.6461681352588,4,64.87274310911143,3,stable
19,607.4993091124811,0,5.894788116706384,4,active
24,335.1287779862803,4,29.062550373211337,6,active
42,1685.655993032927,1,14.97284483879583,2,champion
30,1881.3939025046939,1,77.36882055718515,2,champion
43,1366.7784571618881,1,22.481082104558215,1,champion
6,285.4973196065642,0,42.82884039393879,15,stable
7,241.03739242633674,4,32.2368758351533,6,stable
4,118.38106721478061,0,6.51952535191469,38,at_risk
14,786.3628991789916,2,10.454272168510704,1,active
2,151.34376367653647,5,50.47902805250091,60,at_risk
12,476.15700273413773,2,81.68076452832344,8,stable
35,553.2246947549436,1,2.267436261026168,2,champion
6,338.36304982522626,1,33.83641316444725,6,stable
4,61.16584296716193,2,10.562373798334946,88,at_risk
18,662.5367694021352,1,1.441090062693895,3,active
10,446.35196615368517,1,70.64703339465827,9,stable
44,1333.1788745605204,4,36.97305489412811,1,champion
0,193.79070658873616,4,59.768897893601235,53,at_risk
5,130.94871992253772,4,85.86477857050588,78,at_risk
46,1717.2542373363995,2,99.90985768833764,1,champion
8,307.93704152854264,0,80.76026340798865,1,stable
36,1586.2379975375864,2,52.86301953862363,2,champion
5,54.27630439865605,1,6.744602136609967,31,at_risk
30,1025.2048394920405,2,9.442643308857557,2,champion
3,66.46306656546248,2,32.495633851059516,58,at_risk
4,192.97051039095803,1,12.90033600011572,80,at_risk
17,591.4712137005499,1,47.2154105105094,6,active
46,1150.0382250277682,2,4.950393257972285,2,champion
2,135.4401755997491,1,40.74066345349111,84,at_risk
9,246.51270062821953,2,35.589606543335684,13,stable
1,109.06364646635211,1,1.4737116472884226,32,at_risk
20,577.7367694336273,0,69.73230903017796,6,active
18,518.2781113282815,2,12.526563087587972,4,active
2,55.53573558747271,6,59.89170027835008,46,at_risk
4,173.70771090116597,1,86.15193294112224,61,at_risk
3,114.25389373499786,2,31.42283881369552,59,at_risk
27,391.1043150114627,0,44.69072513721126,1,active
10,359.89978750567167,3,57.043836045354425,25,stable
40,1802.5453218882653,1,94.30194588249967,1,champion
8,306.7404021025895,3,60.31569784480612,16,stable
14,458.79084175885924,1,41.42306863746293,7,stable
16,364.73622712995217,1,30.353570862072885,1,active
8,140.73475444157972,2,85.32847664543326,51,at_risk
15,360.21799968652,4,13.292143335259842,6,active
36,895.0555539041118,4,67.779336308999,2,champion
44,749.9440473194231,1,34.42992578447862,1,champion
7,398.6436933169896,2,71.1864998798919,28,stable
34,500.4508015588681,4,47.07492019172118,2,champion
2,116.81169369853554,1,7.957812169612232,71,at_risk
19,666.4647694504432,1,52.7917213385393,4,active
11,352.6391987052531,4,93.75041386674722,20,stable
21,356.4836554030689,0,54.60363256810995,6,active
23,358.5614680279342,1,34.8826545579256,4,active
3,168.88229075367974,0,59.27957526782838,37,at_risk
24,930.973831731945,2,34.054362635745704,2,champion
1,55.693750875298115,0,7.9510644324462305,51,at_risk
4,124.17383765596595,0,31.096116142448928,33,at_risk
8,269.0488297045516,2,75.67711294183641,12,stable
6,171.55810963456685,3,62.071504811440924,65,at_risk
16,472.7664366339199,2,52.64055390839246,5,active
9,221.6574464910087,2,41.46816997563908,1,stable
4,67.5300631043075,3,76.87762984196546,78,at_risk
25,776.8340801617411,4,41.21722836130554,6,active
23,638.1064965054914,3,33.64310081889901,4,active
0,167.49007893678908,1,72.82062292103312,37,at_risk
1,100.0311825108073,0,65.70154633449967,60,at_risk
4,144.9522719197225,2,12.517321112660774,70,at_risk
19,470.90702721347446,3,5.6753732932435685,6,active
23,463.1073829665207,3,33.9123741446315,2,active
11,463.31058113461427,1,0.8660352370450153,2,stable
1,161.9444567845914,2,2.8371712712293773,43,at_risk
1,59.88214426485231,3,30.048280263591632,37,at_risk
43,1134.417724488001,3,15.192370306305115,2,champion
20,629.0099318402212,2,47.82741449449516,4,active
3,161.34272953477105,0,84.41770644803444,85,at_risk
34,1028.551890168413,2,48.76082169588065,2,champion
40,1686.6681139440543,1,13.352629470922839,2,champion
10,466.81932517595305,3,34.26760248345484,6,stable
6,385.82008617320616,2,32.168423159087844,20,stable
43,1274.4477081911493,1,18.9255668033785,1,champion
11,447.0146947375131,1,69.40484718653019,2,stable
39,1255.0533681748377,3,67.36923041006943,1,champion
25,476.79991995916043,2,52.55261323058452,6,active
12,353.27655546846523,4,36.17670729821897,23,stable
2,113.33245966762397,3,66.61287595083625,79,at_risk
22,422.2082330577444,3,49.47318553483515,6,active
17,358.8148098768271,2,8.897428025646148,3,active
18,266.1361851107615,2,3.770510716116915,27,stable
2,125.14451181053151,4,46.05445256157068,68,at_risk
19,586.2885959839547,1,29.406878631300682,5,active
15,455.39083556401897,2,60.86077395298057,26,stable
6,316.9415662087104,1,66.19648369496922,10,stable
8,348.05526321039895,0,34.050722244690526,19,stable
11,330.69854493179986,2,7.363248999677485,26,stable
24,760.5813798933816,2,51.523226883563964,3,active
3,63.50965728408658,1,90.27295641947639,63,at_risk
10,331.950046906776,2,80.38935455085473,13,stable
21,413.7453315314767,1,55.29519878044733,4,active
23,640.7470206760197,2,75.20312836668417,2,active
28,880.7863999179064,0,51.97504835466208,1,champion
25,571.984330432658,3,65.06882098968774,1,active
37,582.9215699965181,2,46.99008763890225,1,champion
1,128.95724481319454,2,60.38974051405186,78,at_risk
35,826.6234280301896,3,9.852312986730627,2,champion
17,498.2617021699434,4,25.902731989576743,10,stable
4,79.73330801834445,0,38.685706685120756,72,at_risk
4,170.41554780194338,2,37.50765453422099,83,at_risk
3,193.4643207194596,2,13.353785419641607,62,at_risk
10,380.15789592146035,0,17.249871153636054,20,stable
21,414.39352212058975,1,46.94179758651917,2,active
44,714.5685881180354,3,55.10517732722566,2,champion
25,374.2640520131526,2,88.65832545196952,4,active
6,203.81506237011428,2,71.40359192269689,4,stable
43,1124.0456308365046,5,88.24972597545204,2,champion
41,777.5063028579491,2,40.10588868674607,2,champion
19,314.2128166856446,1,75.52416361990726,4,active
8,171.05342702117832,3,43.041417926580706,34,at_risk
2,117.23256597121843,3,33.254375242337005,77,at_risk
2,77.13050996526424,1,66.01003792030039,43,at_risk
32,844.153309948304,0,29.849263897024315,1,champion
18,598.0259355112074,1,42.27132830049432,5,active
9,247.34237483179464,2,7.642918572559365,17,stable
39,769.5644087865495,1,30.851385911153262,1,champion
2,113.92332156683409,2,98.83920481286587,53,at_risk
9,259.64136212621844,1,28.745841556743134,25,stable
32,1838.1784654793735,4,12.090626285183959,1,champion
19,451.8798484263634,2,38.04990937836009,6,active
6,317.3933712801018,4,16.129322888390963,3,stable
37,970.3713734099599,2,50.14891983312311,1,champion
50,1723.2722276545383,1,83.26384112922455,2,champion
34,1867.5483704008443,0,7.10202733945674,2,champion
3,495.18742891142983,3,94.46611031186208,17,stable
3,180.29164521812177,1,30.812308119568076,52,at_risk
36,562.5418383556557,5,12.466279831959238,1,champion
12,353.8666029545744,2,63.1230806274964,20,stable
13,394.9185118599205,1,41.10642652265155,13,stable
37,1677.550617836961,5,88.93757706392942,1,champion
15,310.11030998470284,1,33.227384295611586,1,active
14,648.995616072599,1,39.700076878874256,1,active
9,727.4283036481119,0,94.70955950159372,5,active
42,660.1736788279031,0,98.50587345925408,1,champion
4,64.22133787662294,1,51.802118893569535,73,at_risk
21,611.8075359127764,5,64.61767698924844,3,active
2,135.04890990224766,2,18.30780082197342,87,at_risk
40,1938.967265328408,2,78.57803868440118,2,champion
38,1376.0647591978732,0,2.950605694201758,1,champion
20,799.8683347367437,3,19.41561964696409,3,active
20,756.3379382012663,3,56.13669237977072,5,active
15,332.1142416786578,3,67.23880582332482,4,stable
0,159.21239807597306,2,14.017196872346426,76,at_risk
49,1192.1196151723557,4,63.63211637441397,1,champion
26,454.20612619790717,0,38.8829818811505,6,active
9,416.57480576967026,2,59.567167781017396,5,stable
8,369.7113271152995,2,63.840573919258034,16,stable
12,402.81268770648217,0,82.96075929805586,10,stable
2,147.31111737033464,1,98.3761337056889,70,at_risk
37,1772.4127586048908,1,62.98442276360097,1,champion
33,1530.8853243744327,4,92.14301635184754,2,champion
6,429.980980840239,3,55.41562316969888,3,stable
2,66.8612632533546,6,19.453615598004436,68,at_risk
2,187.9199009893563,1,4.943981779681062,49,at_risk
12,426.44040338473906,0,6.298949607193826,7,stable
6,481.7210399389219,4,95.5422633356564,22,stable
27,715.1189324192084,2,70.3979432540945,5,active
36,1193.6292617538415,4,94.97362373129268,1,champion
33,1627.699546357276,2,22.357399826821357,2,champion
17,363.0730545587045,0,17.432267961275482,1,active
3,156.96523516260464,2,74.4291704941453,32,at_risk
21,384.8608220916033,3,47.470892835652656,2,active
17,414.0265760650903,4,84.43819045352737,26,stable
9,414.3514814699342,1,85.32386813502633,10,stable
23,584.6867558787297,2,21.701053164260475,4,active
3,127.07971895932324,0,24.10523293348693,59,at_risk
7,156.20492090647315,3,29.006212492875772,38,at_risk
15,339.2441306510258,2,48.720457473590564,23,stable
44,1312.474445421265,1,29.047814739120415,1,champion
24,424.6578385871756,3,32.04273708961184,6,active
10,232.89234485379063,1,70.06886853681709,12,stable
24,554.4131082998026,2,64.28668997872836,3,active
3,84.99861072489745,4,47.67734635161358,55,at_risk
4,116.85419633814375,2,53.579907450204246,55,at_risk
6,235.6987922843516,1,89.52838531907678,5,stable
37,799.4347753224077,0,52.786204740218025,1,champion
44,907.4017443588289,1,8.865148624848507,2,champion
6,63.35561872342261,0,65.1406208929143,61,at_risk
1,106.62906407877459,4,95.58753226988628,50,at_risk
10,355.8270964581786,2,37.59724432914071,25,stable
14,205.18972008200248,1,19.190394749753303,9,stable
22,636.576850412729,1,97.07831395276332,2,active
3,67.56259883356238,3,92.28356022895927,78,at_risk
3,87.70283248883591,2,1.9922765421712896,66,at_risk
17,491.8969859958339,2,41.166279683536736,4,active
18,537.2141957667462,2,45.237542070711136,2,active
21,321.0366316086001,3,17.198437487211017,2,active
13,210.32153440985616,0,79.53845861255616,13,stable
42,1937.9718365765864,1,59.25584567866486,1,champion
11,331.4056823330638,1,61.35671206440934,12,stable
18,385.7512747878829,1,52.77986079733948,5,active
39,654.3922691339255,2,68.98139083521028,2,champion
27,535.9508725222421,0,20.768163989462664,4,active
5,67.73344176396438,2,69.71043670343272,83,at_risk
23,425.8196523248475,3,70.06280512146968,6,active
38,618.9035959447885,0,56.30482936420512,2,champion
38,921.3535561100823,2,63.616560028535154,2,champion
11,305.5017644382813,2,59.523030085429184,1,stable
9,321.2613857564109,1,11.619223551950563,19,stable
23,376.9464731746206,1,64.06252741232672,4,active
41,1166.0119176269627,6,81.0792065423093,1,champion
19,693.5739658782626,3,14.665214461778675,2,active
24,391.4132717644808,1,47.006749406981875,2,active
10,241.12809429053857,2,55.51738385188113,12,stable
45,1934.0459131553362,1,93.90501917655502,2,champion
0,96.95258863410557,1,21.52328453585658,88,at_risk
5,211.41650883142302,1,34.14041043276177,3,stable
21,365.9456748710891,3,78.00670238831185,1,active
40,769.4812603919324,3,18.7519756540258,1,champion
1,197.4006564948789,2,95.89406257815017,88,at_risk
2,107.2642412592408,4,61.00913713663041,71,at_risk
13,306.0995636796851,4,78.0223614126138,28,stable
26,315.9271699450739,2,88.07156580949835,5,active
3,106.76488987982576,4,25.331387514893922,75,at_risk
3,88.53895136823414,1,27.19873253001861,53,at_risk
3,91.56052863372311,1,4.121017462451837,42,at_risk
18,539.6471272423078,1,99.59973201524281,6,active
2,67.86738191766426,1,25.298237722060712,76,at_risk
48,911.1804088424382,2,22.35082676815501,2,champion
11,213.78610812548678,1,75.70509718146961,19,stable
18,495.1325174158169,1,29.210279822342066,3,active
18,494.29188316062107,2,11.315503841253005,1,active
25,775.7548479074487,2,83.61376574124554,1,active
27,422.2920234512897,6,5.406693057782985,3,active
43,1728.565717287188,0,44.77324826945732,2,champion
2,58.801435040856724,0,71.77554434668714,41,at_risk
10,288.85205780313,0,1.4508258375350302,26,stable
2,188.58418036357077,1,52.982208669321416,40,at_risk
2,106.26995859406905,2,15.456610791384161,52,at_risk
18,796.336775724218,4,95.69177109239125,6,active
3,147.0176512731271,3,98.40339497873828,58,at_risk
4,194.93708474320843,3,34.5247714909308,77,at_risk
16,789.6012425678049,2,74.64559817445222,6,active
30,1443.8144855064882,2,25.031360729661166,2,champion
4,108.5092452350854,3,53.3991785496375,35,at_risk
15,491.5530135118428,0,50.354218974786015,15,stable
43,1101.2358341371025,2,62.12876113988527,1,champion
17,497.60106781229786,0,75.7510364693921,19,stable
1,94.5468685347954,4,70.46870298925081,56,at_risk
38,589.0384904104748,3,77.56286231535124,1,champion
27,1977.4326847409745,3,38.488511442318675,1,champion
18,549.6328924117357,0,17.543976212255895,4,active
4,127.52776600975821,2,43.78409276921137,38,at_risk
9,310.8719497066698,0,71.65467908509157,20,stable
39,535.9046575633209,2,46.36362534461509,2,champion
39,505.1640823465225,3,13.484056033056524,2,champion
7,69.55189363606146,1,39.32609055008144,75,at_risk
49,1103.6666337635334,1,3.331039103851996,2,champion
3,80.1367463190303,3,54.561680956657135,64,at_risk
9,396.70485907077244,0,10.908652317820556,20,stable
58,961.0561051695153,4,11.133764487106113,1,champion
9,238.66047644988538,3,59.97342462102235,27,stable
8,259.717682570945,1,8.921055057191252,29,stable
12,279.4760817488046,4,4.6449691619170235,3,stable
23,331.309610427263,5,53.57612357771176,1,active
15,703.7292244901133,3,1.172455663397809,5,active
22,586.1558765257428,1,25.690301700955377,3,active
19,698.7772788909647,3,3.150881738579858,5,active
11,755.6697565052416,2,68.05128094696413,2,active
13,336.0072380707145,3,61.23067195948509,22,stable
20,416.1199035089434,2,85.77553338855036,5,active
9,208.7576888155959,0,81.10100536244865,6,stable
5,130.9951391894602,1,25.079451399244057,57,at_risk
25,729.6963433300743,2,87.8696131722328,5,active
9,314.09978679186753,5,15.933981576864165,18,stable
10,489.67732923041643,0,58.69887093548891,9,stable
9,400.4437868757169,2,90.01894530125651,18,stable
0,55.7737234864057,2,51.557322516960326,70,at_risk
28,727.2444732299823,2,29.362912800301288,3,active
4,123.39167989132271,0,50.935151388191194,56,at_risk
2,179.68526875535179,2,39.928947261875656,49,at_risk
8,211.25880765567229,2,41.49346437186649,10,stable
5,260.5246985919315,3,83.28543641695366,28,stable
21,757.540753631226,2,35.70803626867109,6,active
30,612.6095314201012,1,35.47150416325573,3,active
9,339.59290936025997,2,90.32628867731376,26,stable
19,662.7569205051575,1,41.96644136793148,3,active
11,323.82478810062935,1,9.923337056668124,16,stable
12,222.42993913612446,5,30.779574379871477,19,stable
25,461.2249882925589,1,9.561847405799572,2,active
10,389.601771652633,2,74.149349754508,13,stable
6,296.3143553508524,3,7.808745487513469,25,stable
4,153.40586277167668,1,71.18254727224918,59,at_risk
36,874.5889896159306,3,97.79661646279239,2,champion
46,1802.752070404268,0,76.18285153236789,1,champion
7,466.9239731973865,2,12.57952217046352,28,stable
12,411.5717723960012,0,4.913408609048819,27,stable
28,535.6549291730494,2,5.356070413943826,3,active
20,403.23085211820813,1,71.65162378147191,1,active
7,452.24480307696444,4,86.54584417985096,17,stable
23,666.0341245588487,4,49.96803959270466,5,active
45,865.2867807107408,0,65.27504716135859,1,champion
4,432.6490749444304,1,22.332973821252157,27,stable
4,55.80385355973944,2,24.02784350222438,85,at_risk
2,72.55362592640635,3,74.67267021210412,63,at_risk
2,126.11912701288132,1,54.990047323306925,75,at_risk
8,226.5438842471027,0,8.60658898567781,20,stable
20,609.708172064851,1,91.46426159379091,1,active
18,748.8093316448902,0,58.931043908229356,5,active
15,393.7749926654601,2,31.60307829559358,15,stable
18,324.9062586774522,0,63.29219101441604,4,active
33,1622.7684204321986,3,98.97160110090498,2,champion
4,117.19292481491844,2,44.629573172541505,35,at_risk
5,151.07053727355589,1,7.199840031939941,60,at_risk
28,502.5117649832664,1,76.07849253448865,5,active
7,496.2581285234421,0,3.709202733035677,26,stable
43,1444.7495609017083,0,79.62088652238222,2,champion
28,561.6482628257337,1,84.77656076584935,1,active
43,1274.8587068490338,0,58.04317449848231,2,champion
5,399.4755678631738,3,95.44319733967214,28,stable
1,91.36444684628091,3,46.18466098316753,42,at_risk
10,376.34584233862483,0,80.51302735956128,10,stable
12,230.4216227756597,1,28.698474996012724,26,stable
9,337.69195005805955,4,60.095102363641764,29,stable
20,344.65564930636293,2,27.6481003373674,3,active
43,1851.773360420035,2,96.14026488624978,2,champion
3,51.388576681876216,4,0.09015023717422466,63,at_risk
22,776.2465816409428,1,84.4015706291644,4,active
38,1161.4800250842638,3,1.7591315273343788,2,champion
39,1434.1365752552638,1,80.67347556030128,2,champion
2,180.87227997136125,4,29.568313928133993,66,at_risk
22,774.149251123164,4,55.46967267144559,6,active
34,1234.9359339465857,1,96.37948366889827,1,champion
10,416.16900368575415,2,46.20586398015818,11,stable
2,103.58822692396215,3,72.78305786110376,84,at_risk
9,242.79114999164685,2,82.49986801807667,3,stable
13,462.5496130798027,1,25.77118593229568,7,stable
2,176.47711276170963,4,50.062468581617836,73,at_risk
6,167.8918822969242,2,0.06834157128040586,76,at_risk
4,63.0932142277012,0,86.05171795467147,53,at_risk
44,1792.4408922156372,2,2.386354088314424,1,champion
8,438.2568657430818,6,92.89079108834932,5,stable
45,1066.679762159209,3,70.04842526562379,2,champion
41,1915.461992252102,3,42.83659072233322,1,champion
9,355.80431841708133,1,18.70001244650631,10,stable
2,89.99107724466168,0,94.11781734757446,62,at_risk
39,1895.292900762151,1,41.30593520441591,1,champion
7,490.9947827267592,1,10.064854294044778,29,stable
35,1015.6555582388435,2,56.04013555191105,1,champion
42,702.8337188457843,2,12.189059773543065,2,champion
22,652.4090409247631,3,10.070443151341578,3,active
5,184.5446400224641,3,8.37694848551439,87,at_risk
6,492.2219961578314,4,34.21623878049183,17,stable
5,58.534697370840675,1,89.03893478814716,80,at_risk
6,264.433647692135,2,54.18922266505027,10,stable
38,1441.7210515497627,3,27.414123846779447,1,champion
7,277.18340148648144,2,54.43820683787679,9,stable
20,497.44434397680755,6,34.10351934319251,2,active
21,415.50633424180495,2,35.22666798398362,1,active
33,1957.0507892623245,1,17.05673015112359,1,champion
42,1932.6441537289622,1,80.00631874965836,1,champion
26,453.7698843842645,0,43.972848328843696,4,active
42,515.5794273920335,2,89.23555453455506,1,champion
35,525.9613158935855,2,52.178387662475444,1,champion
32,838.5606523023159,4,52.52322483822894,2,champion
38,664.6899252935904,1,16.28805726044973,1,champion
33,1971.8454265256926,1,39.42140010215962,2,champion
0,162.36931208228623,1,71.85880795212789,84,at_risk
22,630.7715962445907,3,25.04039516140474,4,active
15,651.6469118845527,2,29.492950278755494,4,active
42,908.5378972522578,3,45.99208808147266,2,champion
10,270.283582313088,3,87.37186923347062,28,stable
1,190.92830990450258,0,15.797199586837651,85,at_risk
3,190.4142122719722,0,62.653700261046396,54,at_risk
48,1539.2567695829596,2,93.69931613572105,1,champion
24,680.4261071912744,3,41.52039804887507,2,active
20,474.09216537636416,0,89.50753063657297,4,active
47,1517.794531617131,3,66.85388181317424,1,champion
19,379.28081913975876,3,64.42269530801077,1,active
14,441.3335396466243,1,14.47993915606044,21,stable
15,244.97463215567993,3,82.01048905573123,2,stable
3,71.50698513822255,3,96.7225484397551,58,at_risk
6,414.55640986163905,1,92.02795950401119,8,stable
44,1494.9651095194629,3,53.16330515386765,2,champion
53,1022.8254252268471,2,76.36764486673091,1,champion
12,305.0878993633721,2,37.084516989967675,8,stable
43,764.2489239261477,2,9.222070809921867,1,champion
25,577.2840447614359,4,41.60043714217967,4,active
12,739.9126880060319,0,97.74312247828459,5,active
2,189.23180281937005,3,39.846733525974855,52,at_risk
5,114.0677691908932,5,79.816232980442,39,at_risk
24,321.9301174066981,1,34.26065496956332,4,active
21,494.60623316992616,2,10.771648547590907,3,active
38,806.0188835661928,0,57.03986190817476,2,champion
10,458.283404824986,0,15.257268127375045,1,stable
38,1391.2700503333972,2,44.182870705238145,2,champion
38,1639.1641310437087,2,32.00214284547527,1,champion
6,199.16830127552632,1,83.01757799737625,59,at_risk
42,648.5178116081942,2,36.599119255008105,2,champion
13,266.65251547820384,3,18.286157628177612,15,stable
4,153.27976870286528,3,24.920852849669195,69,at_risk
24,651.0628829375297,1,92.33590400230901,2,active
55,1345.5047775063829,2,86.57536814999632,1,champion
41,1731.8964064113366,4,69.80553667657142,2,champion
23,685.3166215134607,3,44.315574008037814,2,active
22,693.991395096689,1,72.22239384808475,3,active
23,1217.6164378565834,0,4.388484800101522,2,champion
8,315.3301971592642,0,75.44569619455056,6,stable
21,619.4173911874383,4,65.36300357807285,5,active
10,221.74494870959404,4,31.772600161025167,16,stable
21,711.4994139570897,0,9.680156178387666,5,active
11,413.8720272838424,4,43.192795426815614,25,stable
12,338.5425627398572,3,78.9368167283798,9,stable
8,239.9826733038084,0,74.81657788299857,15,stable
38,1862.8862183401568,2,30.059243256117206,2,champion
2,131.1321055653899,0,46.02779307798439,40,at_risk
15,314.3824509078404,2,50.123803533984876,1,active
15,324.9405351523331,3,22.195536402558147,6,active
30,304.69390830220243,2,33.09089319667713,6,active
20,535.2555047822517,1,34.70652825599014,6,active
6,323.46241526576983,2,50.3057873665737,8,stable
1,56.31047798961814,1,86.3571131595508,76,at_risk
24,757.2272267281772,0,81.76532784205799,5,active
21,382.04209564867983,2,40.40682820795678,6,active
1,112.62748178130173,1,65.40540711832034,45,at_risk
14,572.8395237021649,1,16.12534732979416,5,active
11,237.63558529605515,1,81.38399585643802,17,stable
38,1781.084327390741,2,2.4113241598003765,1,champion
25,585.2752857554926,3,48.60733222996875,5,active
8,340.60831309267365,3,94.17838269107467,22,stable
3,75.03893840349828,1,48.288527522635846,30,at_risk
11,244.05020965229306,2,70.48653879215605,10,stable
15,799.0778767766218,4,36.87178887967083,5,active
21,379.91967275945683,2,86.41709187315413,2,active
5,117.16410329710068,4,14.942722332719892,83,at_risk
15,489.01275127224056,4,24.087844432489224,3,active
42,745.7473631753678,1,87.36068411539824,2,champion
2,99.46530768113813,3,37.556991508421824,55,at_risk
3,90.13997157946466,0,7.6582186308807865,43,at_risk
2,81.22084790918369,2,98.60056630375881,73,at_risk
38,1115.8863915179982,0,3.617749604211562,1,champion
18,468.69095612942147,0,95.39599760720239,25,stable
19,495.37495591386715,2,83.81841516126936,4,active
15,501.2257813688484,2,53.77206614895469,6,active
7,185.29156982031958,4,47.11886079721409,47,at_risk
7,144.45735154107845,1,73.78548159083903,65,at_risk
4,139.9469286125296,3,12.038144764061688,40,at_risk
44,1313.458154274492,1,63.43184686942666,2,champion
11,260.9967143328323,2,96.4218624621695,17,stable
44,1065.7321094945883,4,48.03590120901564,2,champion
3,110.347365040778,0,81.20671163568758,54,at_risk
6,175.6189456104534,2,5.988927647079634,88,at_risk
1,93.4743322378542,6,12.206098183517522,58,at_risk
1,93.70237671440174,1,58.65143152189286,81,at_risk
9,453.2535907231949,0,18.523092975007238,24,stable
43,1045.3283963334827,2,26.995279488738465,1,champion
4,131.89223638785845,1,8.235389809499782,43,at_risk
27,338.40862804519566,2,95.5371516199227,5,active
10,423.16752278112375,5,25.700394204246358,16,stable
21,458.52967733527265,3,7.218539174048377,5,active
6,56.826410262170874,2,50.81946106782777,72,at_risk
19,707.8786252508603,3,46.579857440367945,6,active
30,1838.97860052686,2,4.40830809156304,1,champion
19,576.3489206298079,1,5.7787495880741275,5,active
22,358.4148685039,5,85.93329974329717,3,active
24,316.03485177843675,3,75.50047263790763,5,active
36,1747.1697436124937,1,57.68610436104963,2,champion
29,887.9252210600494,2,82.14558587192094,1,champion
4,477.99117594337315,3,10.354279989260695,20,stable
3,122.96926971881346,2,83.42218542883361,63,at_risk
39,1432.4121538809986,2,39.337506923372125,2,champion
24,663.1561926582835,0,66.94295754120286,6,active
2,162.35122629448867,3,14.174113312128211,72,at_risk
35,1493.724943642724,2,35.020505579213854,2,champion
48,1687.1471082831458,4,60.1861993515884,1,champion
3,152.88454351898864,1,46.198169402591546,67,at_risk
2,190.3328583052583,4,47.214010544974606,31,at_risk
22,405.1513197906204,0,52.208405900833,4,active
45,667.4229146735763,3,47.46428319609335,1,champion
7,375.3138746770276,1,49.97493720755983,22,stable
1,59.68889638175078,0,96.05075530184918,52,at_risk
1,130.30061708997343,4,89.81301769303917,65,at_risk
18,708.5886395083444,3,23.277678455010744,2,active
46,729.0375084328704,4,83.94557204295255,1,champion
15,389.65752612362786,4,26.461289895377483,1,active
8,229.5203621797373,1,43.6956433839002,25,stable
31,354.4169755506789,1,36.4868581489701,1,active
34,1822.540723967367,2,65.73855789768272,1,champion
15,302.78198312192796,1,92.79289506263599,19,stable
3,109.73670431529686,6,98.5482393098941,41,at_risk
16,639.8574162912511,2,28.275111263945895,1,active
12,525.6931026906606,0,19.82047246093449,3,active
16,553.5333662037466,0,36.58253202611157,4,active
27,1328.5509763681462,2,70.30549255122226,2,champion
12,309.91688867172354,2,19.098230219362446,14,stable
38,1610.9591159866382,0,17.05423501488099,2,champion
4,56.26211980458614,1,68.9477100995483,63,at_risk
37,1681.9442821360924,1,65.07235373965852,2,champion
5,250.1670796392981,2,5.404216942661688,26,stable
18,620.145893859916,0,21.769154597676767,5,active
8,289.54385439542847,2,5.698746549842204,18,stable
21,458.1039746035214,3,50.99388272608266,1,active
18,694.6318007104136,2,76.86625572014584,2,active
12,635.0445400011963,2,77.62163762407427,6,active
1,77.79177885158403,2,8.939619709874357,75,at_risk
16,498.05845591312516,1,88.61424659899271,4,active
3,151.25202552425063,4,2.654081625410909,62,at_risk
20,301.4945539798316,3,39.67102723340741,4,active
3,117.33220745508929,3,78.39461310296525,82,at_risk
50,1873.5674965367532,4,43.96777690897006,1,champion
41,1707.6806019914259,2,4.625951936837902,2,champion
5,228.92353814137772,0,80.76906227965944,27,stable
21,700.6572178317222,1,70.05705284470692,6,active
10,469.42474789812366,2,65.59353241777632,20,stable
4,73.4297738533504,0,26.715130760933704,87,at_risk
6,305.76948544430184,3,0.03698233605656798,9,stable
11,381.05682446473844,2,47.62381834506101,24,stable
16,433.95377892215276,0,76.63635542923882,3,active
20,430.91594123966945,3,7.768102114937847,3,active
35,876.8205520853078,2,23.248417424118706,1,champion
8,294.2523809849513,4,58.773135013756416,2,stable
18,358.37899083182,0,15.054918731138189,1,active
2,148.79953242605606,6,8.474507097772044,83,at_risk
18,540.117165863468,2,99.79899925478361,4,active
27,458.72225617156636,2,36.87995850501075,6,active
23,753.5196330753716,1,60.063014017674696,1,active
44,1185.5973205324053,0,93.71199519382216,1,champion
12,410.08387907327625,3,99.216329655606,23,stable
32,912.4775734788199,2,67.44405780019285,2,champion
2,82.2065390794995,1,88.95438833007697,38,at_risk
13,402.0168877043576,5,31.467795107609064,13,stable
13,208.88277864555255,0,76.64497960964435,11,stable
46,1600.0548379786842,2,32.10386336873238,2,champion
11,495.15292183025525,1,61.74582616558886,21,stable
41,651.873093550384,2,78.47774235320091,2,champion
25,769.2714170599698,1,43.05080711876358,1,active
20,469.48706765729054,0,38.627133723721755,6,active
33,545.3467442482903,4,43.8869456390107,2,champion
43,1942.319607514586,1,62.265534080361704,1,champion
48,1914.453901349251,1,63.53151388765907,2,champion
1,171.36042670298923,2,56.51025949227974,42,at_risk
45,949.4820024235481,2,14.66783481540751,1,champion
11,459.2841420775963,1,40.449955318579946,19,stable
43,1055.2318870727338,3,6.020713688535906,1,champion
10,291.44541210720786,0,18.68993989799862,9,stable
21,437.88801312060343,3,30.285221417797136,4,active
6,53.5487160364915,1,8.123049615672262,51,at_risk
21,746.0622797665425,3,10.66083702016517,2,active
15,499.387619753726,2,19.100074634379162,1,active
28,649.217893107707,1,63.701258884604314,4,active
34,1893.6069886524567,3,22.25469508221175,1,champion
19,319.29873794926004,2,10.21724621466843,3,active
34,1125.333043215045,2,96.54363780250074,1,champion
5,219.08323141100382,2,97.83798784148956,27,stable
14,343.0936224786834,2,0.8660130539909328,13,stable
48,1451.8386515175303,1,82.20581692454473,1,champion
5,133.21653137611878,3,87.52584320153758,73,at_risk
4,188.8931715386345,1,57.35608869272778,37,at_risk
15,661.8116149671336,4,72.77716789800566,6,active
22,435.17867455366337,2,31.031267700684218,2,stable
49,1495.8216763194134,3,59.66095747538439,2,champion
27,485.0509805131335,1,86.57156767046452,2,active
2,62.135539637476136,3,24.442265134032937,37,at_risk
21,778.359855154597,1,7.958037114296457,4,active
5,199.16927513801642,2,96.93226353015486,89,at_risk
4,176.2970748395501,1,42.697270249612416,85,at_risk
10,356.54368635458246,3,64.07188460093916,14,stable
3,70.31724988039625,2,94.6762163178554,62,at_risk
4,77.80762135090352,2,18.15098028366139,59,at_risk
33,1857.2859149991052,3,52.88953474817678,2,champion
2,193.9201622686154,4,0.13749488650685038,44,at_risk
19,692.4337152245641,2,19.04949326900799,6,active
4,194.95901766226464,2,78.17292988879181,53,at_risk
40,1889.2780481223247,5,30.48285043202347,1,champion
9,203.41530133911937,1,81.08209227366113,20,stable
9,283.8191585011693,1,70.96425673590011,8,stable
43,940.4906147652262,2,90.67102053032005,2,champion
23,718.0133034958845,4,49.387434119234264,6,active
9,466.7508015613377,2,8.901742410073044,15,stable
41,756.153190005885,0,64.80355594098737,2,champion
45,1594.80600244122,2,77.69309360312043,1,champion
20,260.7880278572017,0,67.34507213938397,8,stable
26,535.7217951840117,5,86.81691633005221,5,active
37,1777.2756207845077,2,64.26350131534757,1,champion
10,468.6103772562948,0,5.413721980155472,6,stable
4,83.08913776463088,1,42.096390414971665,80,at_risk
3,187.92074298788046,2,24.57075382125756,51,at_risk
35,1127.7539483349758,2,17.495918270518086,1,champion
2,143.06349864621336,3,54.462021524404605,77,at_risk
39,1989.7993957471085,1,24.466481654172377,1,champion
10,335.30087653122973,4,91.41735688013021,16,stable
7,60.75124284971671,3,84.4656194507452,72,at_risk
46,1908.5632545866918,2,88.86112345153555,1,champion
8,389.5595147344128,4,91.51975435787072,17,stable
16,368.4486113392333,4,58.99903187592616,20,stable
2,106.92293672005088,1,89.6704115374605,34,at_risk
22,781.8355882244512,3,11.327855571114364,2,active
6,183.08712879120608,3,82.44486550727518,53,at_risk
37,1864.6823160274746,3,65.87615804359817,1,champion
6,469.9308508957154,0,6.878243082572721,20,stable
0,143.69871897682398,2,81.46953341469903,88,at_risk
11,416.51186218095734,4,65.96103498970265,20,stable
23,784.5123020635571,3,14.543808866237661,2,active
12,475.18052892971167,4,51.49207857550685,5,stable
17,436.3982477750946,3,10.679595445000523,1,active
0,112.51516666791657,1,46.58931313765736,35,at_risk
4,186.37833872852954,3,66.86706156563571,41,at_risk
8,233.18913136732888,2,21.549404715829866,14,stable
47,1401.7227304135536,2,97.60937960100503,1,champion
29,1359.6571592660644,4,67.8784976278397,1,champion
13,234.95231915121212,5,12.628425887865314,17,stable
23,620.3961533369726,1,54.50204422783047,3,active
6,264.13603270772506,3,43.31218207481554,27,stable
10,379.3728999370417,5,71.34810716167357,5,stable
13,784.8433292571735,1,49.0978506152573,1,active
2,56.96334982247143,1,10.281565331983433,72,at_risk
0,76.82590878235065,2,34.42395936753244,75,at_risk
13,500.30490005013854,2,53.345090645355654,2,active
5,115.53261041595667,4,11.269730267364686,41,at_risk
20,705.7814353413435,4,38.14044478436382,1,active
21,790.6460494915073,1,59.426144193781575,2,active
23,459.9468156605604,3,92.41885494027142,5,active
50,1509.3478130288665,2,37.11954529618183,1,champion
16,330.7665126607455,2,66.5265854699574,5,active
11,246.729851437923,1,92.98226059668951,12,stable
26,314.83154694507215,2,53.48226430137696,6,active
34,1368.5357748497981,3,59.37959263736617,1,champion
7,349.6658010627923,2,19.98878860956257,21,stable
5,395.56859963955594,0,59.00068887798934,21,stable
3,129.25847996418184,3,87.02452385936002,52,at_risk
36,1687.6135270317504,1,18.642646912106475,2,champion
43,1067.1602505574908,3,45.79175177984419,2,champion
41,1114.9307534947488,1,85.55799710683185,1,champion
4,182.46755542928403,3,52.19822287396487,54,at_risk
6,152.66137601809405,2,38.09155604391887,60,at_risk
44,1540.5442571609574,3,31.982902667693715,1,champion
19,599.699174299231,1,62.24939479169615,2,active
18,496.78069987408674,1,64.3035508074312,6,active
2,179.40680340445212,1,9.366979433799328,49,at_risk
25,510.8353482134226,1,71.99387472415859,1,active
3,114.44305431425269,1,72.38370728520067,70,at_risk
18,528.8597434319338,3,61.90322093371762,5,active
46,1414.6490535111975,0,73.05341416952156,1,champion
3,171.2392554879029,2,69.92934705995462,67,at_risk
45,511.00455424810326,0,18.13123495948933,1,champion
6,210.17204217124885,1,35.28144752255331,7,stable
3,179.08553684080277,0,0.7698355782238986,76,at_risk
25,797.0181189275784,2,99.92606271650118,2,active
16,471.22679919709105,0,33.475672477092935,2,active
31,1341.4119639566397,2,18.443101475669355,1,champion
27,1002.1511625148917,1,89.93933718916752,2,champion
8,383.8479426405917,2,80.22224408753378,4,stable
12,478.7453103040493,2,77.5369041033083,12,stable
7,445.59765656548194,3,45.47450794269178,16,stable
4,317.8767547857172,3,57.44631095356741,29,stable
26,698.151974131648,1,73.51786938000085,2,active
41,699.2165919242509,3,79.1420970168582,1,champion
5,106.47124203374558,3,95.3398741669772,88,at_risk
13,749.462508973557,4,97.66702165947969,2,active
21,749.7075327268606,3,64.28580003052346,3,active
3,114.03202615291022,5,7.380890622447922,45,at_risk
4,134.07350801083487,5,58.1277574617309,38,at_risk
16,733.5133481341156,2,35.32472328538632,5,active
12,284.3100558881623,3,27.855449006412858,18,stable
9,241.3589334204435,5,17.724297497137588,26,stable
4,104.86629584200536,4,60.84022274049363,89,at_risk
11,448.6962466432094,6,6.41298981717574,2,stable
16,713.5037206814848,2,54.49184815647213,5,active
28,338.70810958218215,0,12.207979463358342,3,active
8,442.71575360481035,0,57.221119471687956,20,stable
7,264.02151386854814,3,90.07906530951327,16,stable
2,126.1481023864183,3,40.02411608818137,67,at_risk
19,628.1866804382721,2,91.6982526231809,3,active
4,199.43723183552984,3,1.3647268288529246,89,at_risk
8,379.93507420146744,3,59.97927421985179,23,stable
21,313.3877455680101,3,7.372410465730539,3,active
39,1084.1751708504992,1,61.21482480352229,2,champion
13,471.833158860189,1,18.199210302793144,19,stable
3,143.04306107038906,3,7.853696510771247,50,at_risk
19,512.429282172957,1,22.710417680441175,6,active
2,187.3407764748694,3,99.20620883414037,52,at_risk
17,425.98586894317805,4,21.496634266740998,5,active
9,303.28824392057936,2,77.84108095711696,5,stable
20,233.85887077997998,2,48.74599170473164,14,stable
57,1827.338955334056,1,1.475955397510309,1,champion
15,764.181848046048,2,1.1251327783158849,6,active
37,621.7011119640363,4,28.758061234469036,1,champion
14,660.5624881428247,3,94.75456608768089,2,active
16,793.3567208417162,3,2.7925322870070213,4,active
26,576.1306679835825,0,71.20948110634865,1,active
2,177.81345444567845,2,25.957506943352683,49,at_risk
11,421.9038958379467,2,53.61446937594558,8,stable
23,505.67646333035094,2,23.80833853800841,4,active
43,943.2583071236588,4,90.0502903449638,1,champion
45,1467.4916688416881,1,32.80373586022011,1,champion
8,123.39039385162363,2,36.585367927227296,37,at_risk
40,983.666165229897,2,82.58686069428339,2,champion
2,187.1085562986571,3,44.14648534796708,48,at_risk
11,430.7455409240816,4,57.861138389844356,28,stable
39,1400.7481060841963,2,72.06393836170109,2,champion
40,1099.2546892864514,2,62.71754104437899,2,champion
18,456.41177679443945,2,30.32570699829995,6,active
7,379.6418292392449,1,38.897749668396145,1,stable
17,402.79785361852123,3,30.016250584301574,4,active
34,1038.131627424895,3,9.879309447943186,2,champion
9,200.67621076905337,1,9.223516063516934,6,stable
10,395.29294614653554,2,41.67923578974981,21,stable
12,451.5787562558343,2,94.02909214678392,22,stable
2,189.0120701384232,0,64.5214810077296,74,at_risk
2,157.7590498064004,3,78.04916928710256,53,at_risk
20,745.8516829612134,2,61.72727627110105,4,active
41,1929.7529089148688,0,27.019349998197285,1,champion
40,501.30802315659326,2,68.4854187434995,2,champion
5,101.03759540185438,4,1.0956243733321824,35,at_risk
3,114.8860274799956,2,66.94265338357518,64,at_risk
42,1353.6642186787933,3,47.635223344027445,2,champion
5,158.76898447565176,3,33.30890388250776,59,at_risk
8,396.92929017903685,0,84.91280815689926,21,stable
3,177.8491087161966,6,57.15489062132306,60,at_risk
9,438.98141148599865,1,10.91254216505747,9,stable
10,201.25627946923984,2,33.274908978496384,20,stable
5,159.62945478029107,1,49.516154883068154,55,at_risk
4,118.85397135311686,4,70.01522924382326,52,at_risk
35,1759.4464358508537,1,51.9044605220425,2,champion
49,778.2592589728101,2,31.416623423918743,1,champion
1,169.73811197746835,0,39.03169084173441,79,at_risk
39,1172.5172414082333,1,88.6826004901192,2,champion
2,95.17496214487873,1,80.69597736920619,85,at_risk
3,160.67156970127667,1,91.66090110916105,88,at_risk
21,643.7165913848646,2,28.384071345404216,2,active
17,467.89764946890494,1,58.06713491968789,1,active
14,207.6046053266968,1,76.18513947660375,16,stable
5,171.49262027850432,6,96.44665209432766,76,at_risk
40,1958.354718027987,2,13.031541092106968,2,champion
7,425.73683275581675,3,28.362315371155432,9,stable
29,515.0585340640638,2,65.35476073344583,2,champion
16,451.37710599274396,0,78.84221142973614,2,active
0,105.24347320342228,3,24.453107960390362,35,at_risk
31,865.2653647742256,1,69.6276271349019,1,champion
13,306.7650852729853,3,19.833642797495855,20,stable
20,305.35322839801694,1,37.918644440251995,6,active
15,414.85648478091434,0,49.344557030373934,3,active
45,1512.1891649734032,1,78.52547258905356,2,champion
23,652.8565459814939,3,38.08182571261056,5,active
13,387.8381091195147,1,21.71168390714935,2,active
8,349.0830549662789,1,93.14061479091414,19,stable
4,112.36208366601154,0,7.780960778842882,50,at_risk
19,771.2921638668741,1,2.33786647543911,1,active
3,192.0752112104834,2,83.06227796420583,66,at_risk
1,150.44670669930656,2,26.036977919790903,74,at_risk
6,67.74196646700206,1,16.741957273506603,56,at_risk
3,68.58274561551599,2,56.77344108431047,68,at_risk
5,63.156412884119916,2,54.428046998341586,59,at_risk
12,433.080883145569,4,89.37511695650232,12,stable
8,336.9108526852863,3,58.828673055954404,11,stable
6,363.11146177923484,0,75.59038373637989,17,stable
28,316.67553129525874,3,1.9507355083039135,2,active
4,183.0767065715488,1,65.62238782350902,58,at_risk
19,655.8551657066928,3,29.023486624448623,2,active
37,1842.8284548441613,3,64.29790943842208,2,champion
26,714.8423795858768,1,51.6630257346885,1,active
18,794.6885986798355,4,84.44779655759751,6,active
21,694.3414911043496,2,67.42297713898947,2,active
16,404.1280668796696,9,53.444250998044296,26,stable
22,758.259069308901,3,64.474388908574,4,active
20,664.8100170455191,2,58.720788899813705,1,active
1,72.89821987672036,3,42.64775665756551,86,at_risk
12,373.2602809285455,1,31.57819146784434,4,active
11,794.3037633830905,1,81.87279160363138,6,active
14,463.9524648415145,1,91.85022980447462,12,stable
8,215.82065484261489,1,6.5406904231730785,5,stable
8,487.3449899570865,3,44.10342992457779,29,stable
2,140.557448287484,2,29.893937386329263,72,at_risk
10,443.76946272375784,3,22.840076313928726,13,stable
6,380.1446166177681,2,64.93515599473282,24,stable
13,244.5840767011499,1,50.86039805250567,1,stable
3,73.94946129199751,2,50.4570447839498,66,at_risk
21,743.0362239632188,1,45.61750335471526,5,active
3,167.7053471311988,1,42.47071985035454,44,at_risk
3,125.89552006232202,2,40.934339366042636,61,at_risk
3,168.74488948212138,1,73.8898086872471,80,at_risk
8,216.30936506011182,1,19.215582608745642,6,stable
36,1016.3134067207816,1,27.286816685983982,2,champion
19,463.97742922517654,3,69.94281711705234,2,active
6,150.85396628019032,2,16.123189081875246,46,at_risk
54,1369.7448024368016,0,29.944160583461066,2,champion
36,742.0122508227938,2,3.8267792141851054,1,champion
24,334.0675756866055,0,95.56496192723952,2,active
2,117.12020589506292,4,38.35433758088593,57,at_risk
18,503.97462537850953,1,2.447366173837362,1,active
29,691.6695438459861,3,81.29666224031317,4,active
8,299.2085239874677,2,11.38373037882695,21,stable
21,425.9440862319286,1,98.81587417432752,3,active
12,494.6775484565915,0,79.82728891135103,15,stable
1,105.33485009234569,2,57.388794502004835,30,at_risk
1,85.38348993719939,7,82.20458482114769,76,at_risk
15,277.11800830635855,0,13.160693583734295,10,stable
47,794.9336770289701,2,18.85010046211556,2,champion
41,1305.114493975807,1,27.5836239326246,1,champion
26,688.4081253810965,4,35.62367996764391,3,active
14,203.7325822990178,4,8.668498855146044,27,stable
3,67.0880587225001,2,6.959414719901025,81,at_risk
19,709.538635105685,1,46.11511312220323,5,active
13,205.61979656119524,2,98.17059674033783,13,stable
22,315.5893402468262,1,26.18506395792367,5,active
4,119.43866535947795,2,98.64309910035917,83,at_risk
20,763.9262337401382,3,12.968136261073893,2,active
14,485.4165128090148,1,8.011257444751196,28,stable
27,400.6574850376277,2,37.44853293972448,4,active
41,1922.9400837415094,0,39.235978360360704,1,champion
44,1964.6215611460098,0,84.06978725827406,2,champion
1,81.51178540959692,3,65.44577674107579,50,at_risk
2,82.17641839075434,2,5.197536366539746,68,at_risk
7,221.37202128369432,1,96.24822888960296,28,stable
23,751.4575257345306,4,30.47136722654219,5,active
18,649.9877821840066,3,20.155090362440355,1,active
3,65.62916054934091,1,12.132675544227157,62,at_risk
39,1446.558882131141,0,4.460963957200748,2,champion
46,887.2442208292243,4,66.11570287817867,1,champion
38,1480.282300929406,4,59.85406312360786,2,champion
37,980.4466931381672,2,49.744192351917164,1,champion
51,1297.56059872855,1,75.56994999573018,1,champion
35,1735.3245498541455,2,83.03432083019104,2,champion
2,100.3226395362562,2,29.388737178576307,52,at_risk
7,262.0314432401659,0,20.660356798656952,18,stable
8,287.32916660457516,1,21.13109572372094,7,stable
39,1897.6243470326324,4,90.51518295367535,1,champion
12,301.3476971620474,3,10.265349331981943,4,stable
14,794.6444673741697,2,87.21622720786871,5,active
10,330.59833754130415,1,30.087935795604515,16,stable
7,200.09589371485134,3,27.93890033073594,28,stable
9,347.83282773896826,5,36.45480586003642,5,active
35,1599.9208826477238,4,52.137962871415255,1,champion
15,396.21523614594696,0,76.51419767908013,1,active
15,417.78044395495476,3,90.25122258716345,3,active
15,303.4130687411946,3,78.79915631734505,5,active
30,421.11533307303404,1,53.035165815593366,4,active
10,376.43835441686235,4,50.79722937292295,9,stable
52,1470.6602970721638,2,28.440894829553486,2,champion
3,132.54905291603058,1,77.74113349717874,87,at_risk
1,60.507469124991076,2,93.65409011290377,44,at_risk
3,105.81476521051368,4,32.03077039017397,49,at_risk
4,60.82419367041108,2,24.35266211669641,69,at_risk
44,1753.169107498443,1,28.106039773981916,2,champion
9,454.4566872025342,3,66.21981174826762,4,stable
45,1522.7768703796714,0,72.46272192506058,1,champion
31,1163.7396188035511,2,52.13983161933352,1,champion
27,565.0338755438332,0,35.98369831602738,2,champion
6,456.8137099995495,1,89.01088835675877,19,stable
52,826.470041025096,2,51.483209012942034,2,champion
42,1082.9927811870164,1,14.113265184033663,2,champion
17,395.2746967406989,1,85.43987821447968,4,active
49,1660.4674762068532,1,66.36837566906868,2,champion
5,217.45694428704437,1,8.766313563303052,23,stable
44,1157.471237693835,2,31.423494061928814,2,champion
10,474.072689630342,2,14.465173882289816,6,stable
5,450.2757944488169,3,33.68125509201767,26,stable
16,325.99020697684387,4,15.843975348452478,5,stable
9,463.00400655969304,1,60.97957549274698,9,stable
3,172.80599667509784,3,2.907105729525239,32,at_risk
31,1844.8125538869326,2,80.98941628229915,2,champion
19,776.7630813742294,0,56.002154171524964,2,active
18,434.6108849037632,3,76.11020924006829,3,active
7,290.34274371458196,2,89.52404834854696,5,stable
46,582.2481680065943,1,3.235635849409779,1,champion
20,556.4159405057766,2,97.52760203255609,5,active
3,62.607181216521646,5,63.953167462580716,39,at_risk
22,742.7925855983166,2,61.26964457825588,5,active
34,1166.2277663249781,0,83.82599476909803,2,champion
7,476.52670779410744,4,7.8472942672791035,10,stable
1,110.78024213519876,1,1.345625872163203,71,at_risk
47,1424.745396496425,4,61.04463120015999,2,champion
12,221.57766471567038,3,82.52462378333811,25,stable
21,403.76045754159406,4,21.557520072806902,6,active
44,1150.532306119308,1,84.79799543949242,2,champion
29,538.8077914476056,0,13.559167550737182,2,champion
34,1319.2101997315913,1,16.4085687847335,2,champion
1,92.52887982086268,2,8.427052876618513,50,at_risk
15,339.0330625940131,1,39.08655096776281,2,stable
14,389.5947533167692,1,74.40978867561033,11,stable
18,406.2139604843286,1,82.19299585424083,2,active
9,317.88432523869017,3,51.74530766728568,9,stable
3,79.9890129422127,1,4.022318013706794,48,at_risk
1,75.67734795698219,1,49.571562697646065,52,at_risk
3,156.45336902262636,2,63.62262783058554,54,at_risk
7,299.0741314543013,1,43.38290771119284,4,stable
38,1106.7749910006191,0,53.629513256354514,1,champion
19,506.6118488317878,3,29.520985577944302,6,active
16,573.7224636631425,3,98.10547066854262,5,active
11,284.14805081655607,1,8.184931551668129,6,stable
3,190.95611199354155,1,81.58695505755549,62,at_risk
2,149.8563055484607,1,66.8278123042244,74,at_risk
19,385.8690633711807,2,45.42745559978992,2,active
26,758.596383702217,2,54.46619376459868,3,active
49,1225.6327394997652,2,24.189968462626076,2,champion
0,107.68820862840722,1,39.10721829858333,82,at_risk
24,754.898221159843,0,34.98368498553862,4,active
16,728.0212453483933,3,15.091151507728895,4,active
10,418.0899288020479,2,33.31983508246438,13,stable
14,602.0953636987999,2,74.4792421738434,3,active
40,1942.6835476587826,2,17.23520716198841,1,champion
39,1854.1759242078417,4,64.56564264983962,2,champion
44,758.3973344934167,0,82.53003012278644,2,champion
10,422.27538314472656,4,10.629764807259235,5,stable
45,1871.944909121172,0,31.51730628516273,2,champion
9,265.2169158812069,0,73.11684177927036,2,stable
28,363.6990374904083,1,98.66114670873225,3,active
39,875.7940467256334,1,70.23888135063984,1,champion
15,346.8103847706006,4,32.1998552750608,6,active
6,232.03207649183716,1,61.12327797011011,3,stable
6,280.95158036079306,1,39.069836676074885,22,stable
32,897.355295953983,0,63.55476970179651,2,champion
18,525.745739452943,3,24.472326729792528,5,active
12,252.731886523314,1,66.50905904223455,20,stable
4,93.10032279913976,1,82.67329002149326,72,at_risk
15,241.6132873814794,1,10.644093644542385,17,stable
4,65.07886557191112,0,53.46695271790068,45,at_risk
4,57.6442575278464,2,40.60537815454841,56,at_risk
2,75.76621967992371,1,30.716237795343737,80,at_risk
30,521.3322311466426,1,1.4401134261748605,2,champion
5,208.97832733701742,3,4.740002546670052,8,stable
39,1494.0413749613683,2,71.1241347868529,1,champion
5,112.45477390820548,1,91.28216941036786,57,at_risk
20,422.6116408525998,3,78.2258515574886,6,active
39,848.3191133904961,0,95.77352780913905,1,champion
3,176.35562250309553,0,61.51803510260984,60,at_risk
23,452.8845851725055,0,71.74241546733705,4,active
3,152.7649020774681,1,2.1584312610402057,88,at_risk
13,296.14166018918394,1,66.01116393103302,13,stable
39,812.6933662412952,1,27.20455108791555,2,champion
30,592.4283798774677,3,98.033341610869,2,champion
9,465.0985567613647,3,56.726711298606844,25,stable
39,656.6276755715447,3,66.4963807951778,2,champion
44,776.8562431247926,1,52.955447033527435,1,champion
3,164.44788409388275,1,17.27572618277614,51,at_risk
2,124.06928402743425,3,77.47256569653076,73,at_risk
34,1302.5499618242802,3,60.868999053688874,2,champion
12,271.8641810240316,2,78.10564959864867,15,stable
2,179.0014472088926,2,13.958133791671411,52,at_risk
14,311.61630431405297,2,24.570875929206704,3,active
33,776.1552281138867,2,2.812971908004591,1,champion
9,367.057446191854,2,3.2094275182414034,25,stable
3,178.84382345125184,1,18.00912647198435,59,at_risk
32,1748.0349558588634,4,0.8646594286738418,2,champion
44,1241.5502418345498,4,15.962272909257337,1,champion
2,183.65792884366797,2,66.25220154314326,48,at_risk
8,227.10929559148784,0,17.181910036418323,26,stable
3,61.35820182688392,3,70.05254165483346,45,at_risk
8,342.39342454270314,1,79.75389683742553,17,stable
6,423.5018964699727,0,70.53346254275374,22,stable
38,1294.1337119786247,4,91.41190527117423,2,champion
10,66.57368045711503,3,56.03532913739806,39,at_risk
20,301.3542348239032,3,15.920246685942296,4,active
39,535.7012411847794,1,49.723529246092525,2,champion
4,152.02984531952856,4,63.03723212263617,39,at_risk
20,307.2768838710376,3,14.388979628327924,1,active
41,1417.3179234704783,1,27.63182599511268,1,champion
22,671.9306628053018,4,99.90465731108728,4,active
1,56.27663991011524,2,96.91903459011044,75,at_risk
11,246.16758698356128,1,62.144102900774726,28,stable
6,100.35880954476198,1,40.67218520358832,33,at_risk
2,62.000134257207144,1,55.24415028708586,69,at_risk
37,579.1341243774636,1,8.704475744582407,1,champion
4,95.46669777390244,3,29.179673237085268,61,at_risk
40,1245.1964418978912,2,76.71616380726131,2,champion
21,527.6944979474893,0,40.624916602675555,3,active
27,679.4401986684497,1,22.653255922316283,5,active
43,1487.3136604653948,3,46.10846041043194,1,champion
5,298.24833293620924,4,41.32929039893255,13,stable
19,500.54132921154627,1,66.76407913400234,4,active
44,1956.785605759668,1,54.55522273252155,2,champion
15,639.753198612621,4,88.44530030160514,1,active
23,304.58890685154836,0,39.860138382640486,5,active
47,1314.6637713078455,1,72.57029331683236,2,champion
40,1663.0422657924807,3,77.93398550161486,2,champion
44,873.4051142347372,2,19.03139493147953,1,champion
37,959.918893199216,0,42.01964846522208,1,champion
6,162.89133925366457,4,94.17658212018341,41,at_risk
37,750.0579560217061,1,80.62565918197234,1,champion
5,370.06952295847395,2,99.71054718177102,22,stable
12,374.88349144004354,3,95.98769858024194,10,stable
8,300.96721278177546,3,62.143649394744514,16,stable
13,375.75089271957853,4,29.77546187851705,13,stable
21,379.3979908205562,2,35.491138085584694,4,active
22,643.4652667017239,3,50.322788350289535,3,active
47,1865.408148460287,3,63.656006804364566,2,champion
42,1275.416170500631,2,82.00800381682768,2,champion
26,594.1408783933039,1,47.0973611858838,1,active
7,274.4891172856389,3,58.08530842701576,13,stable
30,773.2986637633766,2,23.444498362794864,1,active
44,1861.5186566139034,0,7.802951169316785,1,champion
36,1410.4677399300597,2,8.249183127953918,1,champion
48,1682.6011422773677,4,67.42607552907359,1,champion
1,133.4425004467098,4,2.3060368463201253,69,at_risk
44,1791.1802978930962,1,52.979103456130694,2,champion
39,1222.8502722893286,4,46.25719433474826,1,champion
4,61.66700331925338,3,1.487797892344056,72,at_risk
6,113.10725542566658,3,48.94093534794207,54,at_risk
3,162.32571165718122,5,30.983864276105898,51,at_risk
43,710.7486420565688,3,98.09260754148646,2,champion
37,1802.7602562971815,2,89.61757832315152,1,champion
38,577.0674502037217,2,41.2068664960662,2,champion
16,385.36048516628006,3,63.8058786761657,8,stable
39,1833.245828850768,3,26.75604603282403,2,champion
1,155.50929456374953,0,93.4033152099921,81,at_risk
8,196.89946051850754,3,18.656690374869235,57,at_risk
3,113.23423484401135,2,8.316762332744332,45,at_risk
3,102.03415861634888,1,26.044980599988797,83,at_risk
3,84.76929565164998,0,20.471240864901286,80,at_risk
12,338.5977988212994,3,60.051924499648976,21,stable
2,195.48510897220032,0,1.7864688810699803,86,at_risk
13,371.77344929419365,3,23.957542568914725,3,stable
35,1270.6229493428727,2,69.98165457610249,1,champion
11,345.1334547660978,1,52.8926109867591,22,stable
3,92.48188282093277,1,94.63922802357922,69,at_risk
0,181.71475916321896,1,99.60146664334869,85,at_risk
5,73.91469623409641,4,53.92167498136736,36,at_risk
24,564.0443299585833,1,90.82066503166827,4,active
19,788.8465486365425,4,71.15374422823089,5,active
40,861.4722456138539,2,44.69227194239666,2,champion
4,73.78198038959938,1,40.5719019950171,57,at_risk
11,460.1607224671823,3,76.86333103386912,17,stable
2,88.82236311356657,6,94.92913542913806,58,at_risk
12,336.6573490070037,1,75.63488882067591,2,stable
47,867.3522542351037,2,72.11624903735854,1,champion
6,480.6935099002702,2,23.05125520649215,14,stable
11,349.1954749645541,0,49.25581000177238,20,stable
48,694.4260199950545,0,93.86132700412007,2,champion
37,1039.3612115555318,1,17.639213719393076,2,champion
17,306.775057731696,1,24.008861379809986,5,active
3,86.20837430011011,1,55.613299902051864,76,at_risk
19,443.54455177282586,5,93.71249209830336,2,active
19,706.5756272342728,6,10.801316770566395,2,active
20,554.9778071866516,3,10.69002214175746,1,active
8,265.15840748702,0,46.13787558597612,4,stable
39,1197.876257377531,8,57.2517713308887,2,champion
17,730.1464815772902,1,46.10874707582078,5,active
21,438.51849029158603,1,79.81959223936109,1,active
26,553.8215614374299,4,65.98556165186919,1,active
44,876.868737458778,3,22.002158990332997,1,champion
8,200.875280838433,2,29.917787121201656,4,stable
1,156.59728759544518,2,13.079578211908082,75,at_risk
5,183.67248834729457,3,17.343961098760417,40,at_risk
32,832.3486353866579,1,92.83593405618473,1,champion
12,273.38628794099475,4,82.8408582137603,23,stable
12,408.2329343000781,4,65.02841278685176,27,stable
3,163.62558720900688,2,53.7544839354898,49,at_risk
5,87.77533729319173,2,27.94282990932394,76,at_risk
27,567.9432324599102,0,68.11048554860201,2,active
5,435.8095212631634,5,60.170399858453486,1,stable
20,649.7663731136223,3,97.45931416313144,2,active
20,390.9577258738437,3,78.08054983883646,1,active
29,564.105290200781,3,42.70899400467749,1,active
1,172.27186382236633,3,0.8339368919686785,30,at_risk
5,149.21136991641424,3,6.366438186305546,32,at_risk
8,300.83075311716584,2,25.41051884541209,17,stable
19,600.0491015142986,4,51.647820569985,5,active
13,225.87345734619907,3,71.01501369031695,20,stable
2,111.44026037253295,2,10.762745795424989,58,at_risk
41,535.2298041904501,1,47.28131207416353,1,champion
34,1352.242822398226,3,40.325350712515096,1,champion
46,910.528656499619,1,58.53796986290906,1,champion
27,715.5206925479398,0,84.01151225032342,5,active
3,79.30994947095377,0,3.9952885969385843,54,at_risk
22,534.2469458884427,3,20.663999726257963,5,active
4,68.8852187847597,1,12.034569227995807,67,at_risk
7,213.83154349297138,2,42.336484131540495,7,stable
42,929.8164828174425,3,15.148705686237419,1,champion
23,735.7166677655009,2,87.7817034106405,5,active
12,207.28062465726825,2,7.250016692402905,19,stable
2,187.66073543612532,3,65.42284780845378,87,at_risk
4,120.36037886948898,2,12.912368178465282,81,at_risk
27,1220.0207856779084,3,68.3851310976714,1,champion
24,329.0517678253719,2,21.532172534563855,1,active
35,711.0555375944539,3,20.75841897999915,1,champion
38,766.4557625959433,1,80.62207231543007,2,champion
57,1212.36925365862,2,74.93808388116368,1,champion
39,529.8601236400924,2,26.067848268847026,1,champion
36,1779.8678905577747,0,49.530662071845825,2,champion
40,627.9186642585227,1,40.29407804741483,1,champion
10,409.2219421515725,1,99.92238721561056,23,stable
5,113.18569266437456,3,67.65541617880086,48,at_risk
3,307.13000776266165,2,73.8409488467892,8,stable
1,135.45480395468294,4,78.08858565262341,50,at_risk
22,480.32353406689236,3,70.29826150888455,4,active
2,63.317305690028434,3,66.9096126547612,46,at_risk
13,591.707129092509,4,98.80860390076273,5,active
5,175.96587822931676,0,62.61474094035711,52,at_risk
41,1881.8110729076036,3,38.46257102106534,2,champion
30,783.7590040067051,1,28.39984181813704,1,active
4,133.56865385748802,1,91.11560174635926,76,at_risk
37,1630.0075916083197,2,59.86699712446257,1,champion
17,369.368662480131,2,59.802832770652046,3,active
5,183.04540040288504,3,3.3256594714947574,58,at_risk
17,699.5126606523131,1,76.49790320437558,2,active
4,112.96529818996206,2,14.63096640952295,73,at_risk
26,591.392291377836,0,90.06449575117347,3,active
8,484.8732703551868,2,7.888768236986465,2,stable
15,425.8173740793557,1,22.507365829105407,1,active
42,1586.875874336837,0,51.87644688978911,1,champion
10,236.6784602030876,4,37.42638286882675,19,stable
36,868.2164617354737,2,60.83407184414181,1,champion
19,493.3877384894888,1,61.28592660795326,4,active
36,755.4371953073371,3,51.73324482218995,1,champion
42,1973.7349288452756,2,65.95944284037924,2,champion
29,965.9759390867081,0,7.460570131230837,2,champion
8,328.10393535034956,3,77.74728432175472,13,stable
4,139.68534110989617,1,18.852620624632333,68,at_risk
6,416.09011996224046,2,51.24306257103905,27,stable
41,1581.376937632227,0,97.05006646038312,2,champion
2,130.18789107593338,1,84.20965322803698,78,at_risk
16,387.6081243334269,1,48.59446011667949,23,stable
14,365.2759109612556,2,9.646830048290822,14,stable
40,952.926726004947,3,75.60305631063845,2,champion
6,366.31234225510246,2,28.913730889055643,6,stable
10,313.3421561288568,2,5.264206915450909,13,stable
4,135.63517859649522,6,33.89252880362675,36,at_risk
42,1149.6299552189764,3,90.67361175841032,1,champion
13,420.4465400805793,2,24.99703743974412,5,active
16,393.81196542604164,4,97.10349614992397,1,active
0,122.12211833271863,2,28.46607341868076,70,at_risk
41,650.6098322091442,1,13.951723795670713,1,champion
11,278.60010735684006,1,38.02904181359025,19,stable
4,77.04063140088554,1,78.71692269625039,37,at_risk
6,209.40608634792162,2,73.15287927963061,18,stable
15,268.3044489371346,3,86.5451254314802,16,stable
11,262.8456389944338,0,10.499812318179558,20,stable
18,691.9923276573769,0,8.690479435442999,1,active
38,795.9802453564461,3,91.17859529241916,2,champion
19,539.4175861347679,2,81.98103771810995,1,active
37,962.0290510209711,7,10.423323461655098,1,champion
25,684.9196089424004,2,64.61916235855817,6,active
5,143.59878546717383,1,40.52549370547365,89,at_risk
23,676.7638323449016,0,34.540042672070015,6,active
26,586.3967498932398,0,22.10980043265606,1,active
3,161.40106906559444,0,27.93564086499012,87,at_risk
15,309.81238064627166,0,25.377892800447842,5,active
9,318.84099275067064,0,54.42994961373348,11,stable
7,266.73070741506086,3,6.820211625622219,11,stable
39,786.2156223407778,0,13.310258698962906,2,champion
5,115.12632008058587,0,11.767612416320162,34,at_risk
16,302.8068379370183,4,9.45111677596352,5,active
37,1777.6010589522898,2,62.180442261079726,1,champion
9,265.31683402188446,3,21.231780171571913,2,stable
24,435.4355364021169,3,5.429436897680418,2,active
18,395.92491998454545,0,35.06138289164195,2,active
8,263.70783533641315,2,1.7157749169694148,19,stable
40,1233.4619077004998,4,77.27530734885177,1,champion
12,268.287346578583,0,36.93125176388898,4,stable
15,798.2307210467642,1,71.59945005674844,4,active
3,88.75864484709608,2,0.2809747001448759,88,at_risk
7,77.06251411454868,1,15.828542215550456,46,at_risk
36,864.1279456822579,3,25.77597121897347,2,champion
47,1927.2517253151905,2,39.97014726007332,1,champion
16,381.08124241160084,2,22.178862447673396,3,active
2,152.2836198313926,2,57.2827271523996,84,at_risk
26,533.7262135922349,0,17.105998189608805,2,active
36,1450.8522093464364,0,94.65131496876491,2,champion
13,289.9525002518801,3,4.659449880638089,28,stable
8,370.43760718841236,1,5.898674640691171,15,stable
1,115.31130501099176,4,35.66459355906824,31,at_risk
47,536.9881516310651,3,59.14509303365352,1,champion
4,166.39188352410173,2,54.32588561443828,32,at_risk
2,65.6973014150208,2,24.331538148671527,63,at_risk
39,1346.394145354066,2,81.12059811180076,2,champion
3,75.44664940560496,1,72.09625067821676,87,at_risk
41,1257.1226948045226,1,79.03835615445185,1,champion
20,311.33429913225746,0,79.95575967367611,5,active
3,61.691840017861004,0,98.35330596894639,67,at_risk
21,768.1822338041969,3,76.79592923341035,1,active
8,261.635607478026,2,10.141930907575302,3,stable
10,239.6069112399614,1,49.1307140951579,3,stable
5,123.82185855117854,4,18.08933940515959,39,at_risk
7,272.6302348610284,1,37.48141581360257,15,stable
49,1159.163493621169,6,37.451166409167456,1,champion
10,435.5125540147243,2,37.84974351688108,20,stable
25,460.4500499369195,0,62.71693889824097,2,active
9,356.0894232219424,0,97.37083752986686,26,stable
9,342.58478684954076,2,71.85664700853924,21,stable
14,276.73891529284595,2,76.41181410093053,14,stable
4,184.01544209335015,0,32.756584165581124,74,at_risk
6,65.54665132258108,3,41.24729119953684,56,at_risk
45,1808.537173220525,2,47.12560136488471,2,champion
6,145.0955227793022,1,85.88493960276764,54,at_risk
10,479.5377662073511,2,13.999188584555522,3,stable
40,1184.6070168118595,1,75.78231765925219,1,champion
38,1360.763648557406,3,67.80523194837589,2,champion
40,1053.4805297064675,2,71.61466081737852,1,champion
19,427.51910721826505,3,36.48719246096584,4,active
6,215.377425790521,3,53.67849005718078,16,stable
3,80.52575057587762,5,94.9811125865177,69,at_risk
1,95.21855443795515,4,59.27252583687618,38,at_risk
5,122.5257978470747,2,89.14290347727189,37,at_risk
10,470.42277426864104,1,3.753442297726528,22,stable
16,488.3942707397454,3,69.62372059106092,2,active
30,1019.4668169457217,3,6.34645434992086,1,champion
12,414.57240411497474,1,44.37015017076098,24,stable
18,342.63501356336957,3,36.91040737060279,3,active
6,184.7885950746268,4,80.50248937470113,71,at_risk
36,1830.445610229297,3,35.80543935965819,2,champion
17,778.0227937012696,1,16.12143402067183,1,active
14,435.605711013147,3,58.82788722262649,1,active
44,1692.9988030096463,3,76.17603502125083,2,champion
9,375.31661600812185,3,33.70764447207995,23,stable
22,392.23706982080495,2,3.721072727607899,5,active
46,1473.4538632181084,3,29.791343582623952,1,champion
31,824.5178039925717,2,44.98932317321005,1,champion
39,1235.7576489938963,1,17.52650446976555,2,champion
18,552.3277561229273,0,58.077061495042905,5,active
1,175.71713909473254,2,63.88569475838012,36,at_risk
1,96.73842856583087,1,30.844889217662796,39,at_risk
19,372.6113476061056,4,77.88773341766827,5,active
3,103.6922510479732,1,72.74068955075623,33,at_risk
6,460.92447033970006,2,20.1388766813277,8,stable
9,252.12411876178206,2,78.39195178575429,15,stable
2,58.973513099111166,2,51.061950462348406,60,at_risk
25,491.694692175713,4,81.73015803208582,5,active
15,673.862559432648,3,67.4442567060254,5,active
19,780.6729583758994,1,24.840211752747066,5,active
5,96.7477639905409,3,62.54408732495542,75,at_risk
21,381.87317791833584,1,22.70430547755896,1,active
15,409.08889116112704,6,56.31368188119686,3,active
2,108.9681160752158,3,6.972773169788438,64,at_risk
21,712.5939535983615,2,11.196037148483196,3,active
15,589.2299865542708,6,90.00865330051772,5,active
14,379.0925110831925,3,39.85427393330002,1,active
40,502.2082386350326,3,67.41259082396357,1,champion
5,426.4722184629427,2,91.56873406099272,7,stable
38,1939.430595578237,2,26.59155036734333,2,champion
30,1941.55497779768,2,74.45148758247107,1,champion
4,441.0170473927105,2,82.15524938962822,15,stable
14,396.06124451307045,3,97.90341299822995,5,active
33,1604.9297377567534,2,2.0173591562234083,1,champion
46,1800.9320473079129,0,43.68043764916868,2,champion
3,166.1669765491309,0,54.38362783657759,74,at_risk
37,1306.1221517428394,2,80.6751394973727,1,champion
35,550.5203932027532,3,21.967398759672353,1,champion
21,479.6996092245817,1,8.065929745947054,2,active
7,446.36382449823793,2,23.66745261127463,17,stable
2,147.44288256018308,1,4.267708114695945,79,at_risk
25,516.2742559696895,1,4.2325307433640935,4,active
3,112.84541730722816,1,39.150122736034774,42,at_risk
18,422.23204450617527,0,18.04980463397905,2,active
18,413.7076857909749,4,92.31282533777524,5,active
4,170.26213397418232,1,49.743806543780146,68,at_risk
41,832.0324570959376,2,49.59593422724922,2,champion
38,1993.77360082866,3,57.43542776433986,1,champion
28,853.3886387850805,3,63.45032156526755,1,champion
35,729.3614256113616,0,31.648134939717355,2,champion
3,139.2079806120794,4,56.034484444859245,75,at_risk
34,1294.8658808148057,1,95.04871773715658,2,champion
2,129.13156908721078,1,14.609199505536674,68,at_risk
19,439.5585679128089,2,99.61117592375187,18,stable
12,760.6631055335213,3,94.49245812054635,4,active
11,499.85083260159274,5,60.37475412722938,20,stable
12,362.56319641986096,1,61.133898571237964,16,stable
11,223.21640693240855,1,61.209158161733825,28,stable
6,252.71621841354835,1,53.337664148729466,16,stable
21,677.1064797933641,0,1.240695050663232,3,active
41,1691.8443966189777,3,52.88243017636327,1,champion
10,425.322143673649,0,27.572625832648534,22,stable
30,581.8291890984852,1,55.87384878827463,6,active
12,432.5213038426613,2,1.538584413665789,6,stable
5,95.43850460302808,4,2.274059115209326,59,at_risk
36,1683.4216305005618,3,60.40981238954569,2,champion
19,548.5920917595777,1,2.163809369879943,5,active
29,530.2962576257476,0,59.46366571777927,1,active
29,334.16662187424294,1,3.3567725754741096,2,active
32,1766.4716395823364,3,81.97409583131379,2,champion
8,266.2941250469998,2,73.74390847906005,3,stable
11,238.47807519266783,0,78.34711591957794,2,stable
9,319.93101013949587,1,69.08386492678247,9,stable
41,827.9562766449352,2,1.635335099328905,2,champion
35,1600.6971595439989,4,28.97218693306418,1,champion
19,300.2186089047814,3,24.140399936635106,26,stable
13,577.4398391042362,0,65.66681989900502,5,active
13,563.7293823093485,0,72.60624937828919,5,active
21,415.56830756791396,2,18.94079568670255,6,active
35,1689.735114677507,0,44.6339002307893,2,champion
46,951.2094206063168,3,20.07232609371057,2,champion
5,144.61433438877532,5,7.181900487524706,56,at_risk
1,191.74990925675687,1,17.078676862509322,57,at_risk
11,381.04620510048477,2,79.00309307277762,13,stable
10,455.89705070831513,2,38.19343439538606,19,stable
37,865.0719221228027,2,37.277261672158936,2,champion
33,522.5573696942173,2,57.28333405715319,6,active
38,833.5312554967054,2,76.77326340869092,1,champion
12,778.1845025655743,1,24.7678642299358,2,active
3,164.75490022245327,2,26.78860627050691,65,at_risk
16,724.5100366405862,1,69.82100662206179,5,active
13,523.2943830381802,1,41.218187411356155,4,active
12,784.1932230554705,3,14.728920481041596,5,active
38,1970.0330096910843,3,87.64450144563567,2,champion
12,368.3702393980092,2,89.85363942133291,27,stable
46,1715.0456415905128,5,30.25383219209038,2,champion
40,967.131114610951,0,79.08499610955504,1,champion
7,300.97080023687926,0,3.5748972492921194,28,stable
7,327.11561067429113,5,25.598312772582066,21,stable
4,193.41974845974937,2,32.60030794820699,61,at_risk
5,212.48176282590774,4,53.45498223640751,2,stable
55,1116.0896678712163,2,55.140339892298826,2,champion
9,306.76371592668687,3,78.57358052973707,19,stable
5,84.93468409480985,2,64.75679881382273,74,at_risk
5,95.8672188529817,1,66.11763906467596,78,at_risk
0,55.714790327785465,2,28.94758657317854,38,at_risk
19,359.782810368789,3,42.2512350762712,3,active
9,337.5636928937849,3,76.2845625415201,11,stable
48,1613.4312707723718,0,56.89770767406921,1,champion
5,73.0699073841383,0,9.714808307997858,78,at_risk
15,395.5794846503211,1,16.014912748702383,5,active
58,1157.6577304451407,0,89.58193948854287,2,champion
16,455.0492917467317,2,14.419435536460457,11,stable
20,751.395907939171,3,78.58292754583876,5,active
5,110.37980768880178,0,51.898464784913244,72,at_risk
3,104.70822294911899,3,10.00632885576822,68,at_risk
17,614.9147892128204,2,51.86853145714711,5,active
2,174.24950196403017,2,28.388266863612078,35,at_risk
18,304.4792314533979,2,6.5921621369108845,4,active
0,162.58563329197312,1,52.91026636677923,60,at_risk
4,176.08401574062,3,54.63509275539818,48,at_risk
14,303.55169338092196,3,99.75987308073874,4,active
19,328.9356933518876,1,3.0815385437602982,3,active
44,1926.3105605114167,2,20.355863090185434,1,champion
31,1868.1304415420248,2,84.98422081250094,1,champion
13,277.2756898629707,1,79.01329002001327,8,stable
5,75.15175266037537,2,83.47140091849539,37,at_risk
40,1689.3318850703338,5,73.53429759942868,1,champion
15,579.3141765586014,2,81.01579824056971,6,active
14,621.3974290917671,4,60.491426495994546,1,active
53,1938.633616850695,5,84.80776779990828,1,champion
7,304.1101253398602,1,43.97513319934651,17,stable
4,162.3973960214657,1,21.39812010830028,40,at_risk
3,142.6210509340398,1,91.2407423244047,65,at_risk
20,787.6144925742996,4,67.46140672088434,6,active
3,82.67388817839458,1,38.64357741277088,51,at_risk
8,299.1692075940593,1,98.68719457524861,9,stable
19,581.8795341991706,1,48.25742354534407,1,active
45,784.6443653879209,1,36.18856275850428,2,champion
6,389.5988377870668,2,17.720760685396574,2,stable
5,164.13488316115834,6,77.70881923110605,78,at_risk
38,1216.725990650253,3,93.06889495755402,1,champion
21,644.1817734584995,0,63.37048273380779,6,active
24,507.4717119419392,2,19.346661474857484,5,active
39,1361.7070647691826,4,86.14205070664721,2,champion
11,461.9120741785441,1,65.07282537553814,11,stable
42,1210.2504446852397,2,69.06524442523857,1,champion
0,119.65156213070013,0,74.48082802700978,41,at_risk
43,1225.817714860631,2,41.05712297686295,1,champion
9,230.0961193533634,1,17.017277137078256,13,stable
28,1723.3515903647237,2,39.29193081761102,2,champion
48,552.7833654580836,5,31.97378383242444,2,champion
1,154.15189165333138,3,22.42131478802363,53,at_risk
27,786.8584549280821,1,36.72398462082804,2,active
33,991.8155481893398,1,24.355089960164566,2,champion
25,313.44737998718006,2,19.465179320891124,4,active
11,372.1958969308282,0,60.988546563346254,15,stable
15,771.6443567800362,2,71.48687238479658,4,active
13,568.268459450668,1,64.73949764270243,3,active
15,628.779338203062,1,68.62346970769599,4,active
38,758.5423805187952,2,34.18543423691598,2,champion
4,144.78311963251315,2,43.620389232414944,78,at_risk
3,143.81873098011138,0,57.72640903302645,68,at_risk
42,869.836418921335,1,44.69112577227444,1,champion
22,624.3043386266152,0,86.18370260174477,3,active
34,1429.6052925922495,3,6.781630211323719,2,champion
3,102.76999936653556,1,12.275626086652691,78,at_risk
2,185.26206670925723,0,42.0025948096641,33,at_risk
43,1129.832095259806,2,97.668128049883,2,champion
5,61.88160615964439,2,85.95474988638213,65,at_risk
3,225.11526187808323,0,85.68849086248854,2,stable
16,454.6142089892721,0,93.03873779754626,28,stable
37,1263.9476000153406,4,77.82962391225878,1,champion
1,56.34752274560928,2,98.79489058820646,51,at_risk
3,140.6135320080077,0,9.441103954079333,87,at_risk
14,461.51228743189444,4,66.90497000318615,5,active
20,457.55810007798016,0,43.92647565923594,6,active
6,243.28081709730276,3,77.12029397737084,10,stable
12,651.5807861212388,3,98.11599816148245,2,active
9,333.2156116452597,3,18.256716099720883,29,stable
44,547.9001200623472,2,46.94605032461645,1,champion
36,1915.0012671659044,1,37.535241526047294,1,champion
41,1260.2804539941712,4,61.2236243369671,1,champion
3,68.50922826261755,0,50.446748141246445,31,at_risk
10,382.1145291625099,0,36.34876776529313,16,stable
32,1550.7844741869362,0,42.687299825301714,1,champion
44,1371.0420378470121,2,80.26253650835439,2,champion
40,1859.8025018620663,2,65.539422454526,1,champion
1,187.71384139815612,3,40.93787244167771,31,at_risk
16,363.63749897425794,0,1.4306129352675945,5,active
4,162.41028889327848,1,71.76249138341367,44,at_risk
44,1053.917352176542,1,7.697242896969858,1,champion
3,154.23791423873584,0,85.04502569250592,41,at_risk
4,459.68671048955775,1,41.91360956577128,28,stable
9,378.52422496737427,0,16.756269139285905,24,stable
16,793.2802847658367,4,58.293407596455715,1,active
7,383.7843158870919,3,74.67851194166842,6,stable
5,199.55547782308798,1,19.340819828273446,31,at_risk
6,281.74365011738024,2,94.27539404728074,26,stable
8,301.9298840195705,2,99.65067844698528,1,active
21,744.3812449248734,4,26.145786281471437,3,active
1,166.1569622604569,4,92.35419395366849,31,at_risk
8,359.5429405162957,2,85.41455427334147,22,stable
12,241.71910380853998,2,48.69871858474831,12,stable
4,87.77847456968108,2,0.914463527652698,89,at_risk
40,649.9189869180756,3,15.145924602443461,1,champion
10,484.8422314807587,3,90.69204815027675,28,stable
41,1846.9753296289018,2,81.76966900050945,1,champion
6,214.9875150336323,2,91.92078592461364,16,stable
21,514.1434908180748,7,68.64072925889079,4,active
32,612.7724621042184,5,57.4482670254359,6,active
3,180.96177108753275,3,92.85652201183916,64,at_risk
9,302.9763007858297,2,66.81157120390635,5,stable
38,720.5580193540947,3,70.64906807966352,1,champion
23,315.8476024051912,3,40.778152786131216,3,active
37,1519.473354326549,1,55.52077411562999,2,champion
1,163.737092284161,2,96.0884657469935,33,at_risk
39,1587.5420256346874,2,49.57639494535041,2,champion
7,331.5484663056541,1,77.67950766228027,22,stable
16,403.97042544926677,2,58.18299593348757,6,active
19,581.6665215316634,1,63.94921232361243,5,active
43,1899.6430182591516,0,38.19238934699637,2,champion
37,1416.5015424334997,1,83.28292898694629,2,champion
21,732.793818326576,2,56.94391044745228,4,active
12,430.7480038550001,0,69.02257075551645,23,stable
36,1721.0421102153875,1,4.803664269547747,2,champion
18,506.04513616157686,1,47.68300453541482,4,active
11,760.060605465258,1,96.21950542603285,3,active
11,410.8333071236507,1,74.66078282922751,18,stable
44,1679.655808576279,1,43.090139908999994,2,champion
5,487.06832641840623,3,96.51883749774531,17,stable
14,341.62224135925743,4,30.642747468346332,12,stable
2,77.92808963655085,2,1.2072912097996102,52,at_risk
2,131.00288841742235,5,93.07294367301884,84,at_risk
19,529.1618600771885,2,32.725114518363796,1,active
53,894.9263470986203,6,3.2330752104981486,2,champion
41,1398.5164510554787,2,99.74784118634983,1,champion
5,172.44943165044157,1,28.29876150273163,84,at_risk
6,216.76112076028747,0,53.499582933593615,26,stable
5,149.03439398041272,0,37.81425186697134,32,at_risk
1,113.37156832444491,4,20.11171740358677,36,at_risk
24,686.6815245160958,0,16.6159334539144,3,active
21,482.4106915009085,2,82.10467332309004,5,active
20,510.2637735756581,3,46.841719749408526,5,active
36,1546.4652241840952,1,1.1523798434700527,2,champion
8,333.06342562477977,5,58.66351266182544,13,stable
15,387.6553251727287,1,9.483036510951038,5,active
0,103.43580090381785,3,65.75869363801439,75,at_risk
2,52.748779185180126,1,54.79390085202225,65,at_risk
2,151.98049217586973,1,8.907935890133,87,at_risk
7,255.38089498405046,1,45.290877095042624,7,stable
1,176.44143085666113,3,28.20079195611902,39,at_risk
4,119.81464894453937,1,97.94694429200497,89,at_risk
8,268.2849181333607,0,86.83560704102572,10,stable
6,230.66244362841044,3,63.11152822699643,4,stable
14,432.4613340548317,4,36.53698959034683,18,stable
13,236.58098956334445,3,84.27526947125307,8,stable
23,364.01519747597405,2,81.03828355116876,1,active
17,722.7211561749098,3,72.46012930230134,3,active
13,437.82383476058226,2,44.0600725300785,17,stable
10,332.22325490664815,2,95.93799484336554,12,stable
14,458.7758955771888,2,4.873972315598085,1,active
3,163.74323458941822,2,83.62130038277036,50,at_risk
17,792.2369211905841,3,31.21587939168011,5,active
42,1196.7645738320698,1,89.75699633433922,2,champion
15,338.48522099371627,0,22.221801732445755,21,stable
25,706.9054823452661,0,74.53464260594434,2,active
4,170.89068634784175,3,91.18677551050138,75,at_risk
40,1571.9231585493117,3,51.6789725722008,1,champion
20,626.6036029773715,3,74.73291787435724,1,active
6,110.44845927277235,0,75.68569373377272,47,at_risk
10,423.8804557634443,1,0.1339501136877308,25,stable
11,774.3755117149404,3,12.647720271185403,3,active
10,237.8303267721194,2,90.48069346748566,22,stable
21,601.7295438739717,3,61.647818681421974,3,active
16,642.0134117034831,2,34.58013150237236,2,active
16,630.6316656676955,3,84.1051072665244,4,active
21,658.417637265144,4,58.163418254613845,6,active
13,213.87093938543052,0,33.144776849066396,10,stable
10,419.39507005830376,2,5.989028310295852,8,stable
21,709.8856601798708,3,32.70142589711173,3,active
19,756.929114555026,1,53.32573072905832,6,active
37,1881.5017833171034,1,50.1157223594208,1,champion
15,326.2178500911049,3,71.55045438075477,2,active
37,1401.6776882656795,1,41.48497319397233,2,champion
17,566.4060383686141,1,26.608813122751094,2,active
4,109.1154263319995,2,31.235652435308815,54,at_risk
24,392.6300787785023,1,56.44450125160685,2,active
35,1519.2209030055435,0,55.2678044040961,2,champion
43,1334.763239213048,0,8.748038928283952,1,champion
7,350.69126169345844,1,58.3275050501359,6,stable
18,411.66565687426396,2,85.21267241484928,1,active
46,816.9942734340736,0,29.907325190585222,2,champion
8,356.36467099724047,1,64.0118711173466,1,stable
5,333.2134582771605,2,33.43533770562866,4,stable
13,433.56951905160133,5,76.40811362552743,13,stable
5,144.99028329155493,2,64.12577049365714,71,at_risk
34,712.4490670214934,1,55.61364199383625,1,champion
18,643.3242147135304,3,60.62989523057748,6,active
43,1080.316516738215,1,68.69580581326916,1,champion
6,50.083959014336905,0,30.615975456531164,71,at_risk
50,1855.5589999268116,4,76.30282980031323,2,champion
21,512.528309972231,1,46.58190059425111,5,active
16,709.0216324216078,1,65.49955728453605,1,active
7,274.0987956177981,2,85.38327193715593,5,stable
1,132.50088332406455,3,7.275880971970638,73,at_risk
39,1147.4470339589848,2,13.523059296255113,2,champion
4,92.48458195298092,1,5.668700084996081,70,at_risk
7,495.347618571966,3,37.58468301733633,12,stable
19,531.2460747314212,0,25.598339098923027,3,active
46,1252.3268356778547,2,82.83826943547294,1,champion
6,336.01155804558124,0,13.661175515875811,5,stable
33,1573.3478309011418,1,53.88692533727085,2,champion
1,66.23591407328206,2,63.7531350506714,75,at_risk
16,547.0175691972642,0,79.32222674225952,5,active
3,192.15562849054092,1,62.0824218109199,46,at_risk
3,153.47054567665532,2,87.469638334949,36,at_risk
44,1264.1554617111067,0,39.06477570009535,1,champion
11,270.66053762844945,1,66.47755544313759,26,stable
11,544.1640403679057,2,63.08084107482195,6,active
25,487.0509500232434,1,28.45745236805638,4,active
33,1982.7557450539086,0,25.221047755516,1,champion
7,366.7490719763014,2,67.25504026942907,17,stable
12,454.40175222484766,0,71.05402187431883,27,stable
5,126.6136529543899,1,45.83571129978174,84,at_risk
4,191.05005437617197,2,20.599883787809514,55,at_risk
23,302.5002158254501,3,66.49258662726709,4,active
44,1474.0791753925512,3,88.7815986619817,1,champion
7,458.3874452265991,2,90.16991340850583,1,stable
3,286.50832516963743,2,49.659741656346526,6,stable
36,1459.3351710509357,0,1.7267999356626262,2,champion
7,420.5769084981875,1,92.69057979676482,14,stable
3,105.36325610798902,1,70.46345027368538,47,at_risk
34,541.5629804437111,1,12.562021216601337,1,champion
4,182.1435330710684,6,7.251359916708777,32,at_risk
12,319.24024003108826,2,64.57462922872628,16,stable
0,91.85991882235503,2,87.64409019479487,37,at_risk
10,487.59419837665496,1,4.2607266683212135,25,stable
1,140.74878398927882,1,88.2309863100501,44,at_risk
2,143.62973705324129,2,27.658478565317857,84,at_risk
10,446.91763551988316,2,43.55157430221126,17,stable
8,376.1712229088892,4,44.011822907553636,2,stable
4,176.44779559213544,3,36.03686639847089,52,at_risk
2,93.60364250444103,3,93.67626854248817,49,at_risk
20,710.8766851814072,2,82.04771125755084,6,active
19,451.03279010716045,5,90.84649272375955,5,active
19,312.938253570001,2,83.97525132228729,4,active
20,728.842193384022,4,38.176216851770896,4,active
5,494.39519787186293,1,29.935748872376088,29,stable
18,650.7237716932287,1,26.875586379602932,4,active
40,1328.7833912496335,2,24.34041588945959,2,champion
13,494.07738884527885,0,53.216837710072404,8,stable
3,132.833169760773,2,2.8098308629996516,60,at_risk
6,86.51985184081437,3,85.65232353372787,70,at_risk
3,58.62095739163054,3,3.9492589213957374,55,at_risk
5,54.56256201330329,0,95.32687675288862,33,at_risk
5,333.7954506834309,1,82.97576290021802,20,stable
13,749.4621300325226,3,90.20755822324585,3,active
40,819.9410105310142,1,99.99649309064792,1,champion
1,59.87754029508729,3,71.17979897993062,83,at_risk
7,423.9577667344097,1,96.79143917277857,5,stable
8,326.0836395855341,1,90.82490296252172,6,stable
33,529.5836427583587,1,85.03196371559905,2,champion
20,462.72833596976926,4,30.97944944411862,2,active
39,1224.025781016091,0,39.96836049800009,2,champion
4,79.77075288424662,4,13.43774017551974,60,at_risk
46,1388.5216930808353,5,49.3406747669594,1,champion
20,517.5706130858996,4,71.01852818509269,1,active
12,404.5668828610451,2,45.00240075661945,1,stable
42,1363.5612186139274,2,29.390445412875156,1,champion
7,359.08291655626596,2,42.75003782062379,27,stable
1,76.06759004099816,0,69.6161305108999,32,at_risk
46,892.5828046911341,0,25.061362478640593,2,champion
11,163.8137598299537,3,31.425459797950992,74,at_risk
44,1108.3941685576378,4,21.947742059353804,2,champion
32,1673.5095560816105,2,12.483941475619586,1,champion
1,67.69773885226452,2,74.06006960109876,84,at_risk
4,110.61507120789545,2,9.31752375410193,59,at_risk
3,118.66997693965588,1,43.179270829366665,81,at_risk
43,1147.5706006989394,1,42.2074388537032,1,champion
46,1306.3108780506884,2,90.44386118122377,2,champion
3,57.93110699127346,1,50.63221050066985,63,at_risk
4,51.094909558208705,1,19.023328677108285,43,at_risk
19,644.69928154907,2,47.771739964365025,5,active
1,162.75212179146283,1,97.97130692275556,63,at_risk
5,404.2419865286146,2,55.8613602127021,1,stable
49,1950.9286578525723,3,33.2876091302077,1,champion
41,645.6674689712498,2,65.1351871510363,2,champion
9,479.1007706066038,0,49.81382855623243,28,stable
16,506.4031318562604,1,94.63384950282763,4,active
14,260.9535316292214,2,32.08099442499191,2,stable
3,172.79764165304255,2,9.318992485172972,86,at_risk
51,1853.8854540929785,2,8.626850842913669,1,champion
18,720.0074921751437,2,82.05983246593284,5,active
36,1855.4236671590334,1,80.80905778778494,1,champion
24,314.57437956562603,0,67.37204361324419,6,active
2,149.19281891982953,5,82.71402567470146,86,at_risk
2,59.833807666706136,1,29.17965393359244,84,at_risk
14,326.06988846545653,2,79.53353812508557,6,stable
10,278.4634096216762,0,78.32473998453645,17,stable
28,1322.0151046201827,2,11.423094346713592,1,champion
56,552.9301710792251,1,51.88700180337488,2,champion
13,473.56290211460123,2,55.49939369195784,5,active
39,1744.0487289063478,2,39.614677741366265,1,champion
17,403.67123853669176,2,32.16152053159252,5,active
11,280.4910662413769,3,62.06296250303575,12,stable
19,328.68470585901144,1,88.9887703748543,1,active
10,295.6795879327075,0,24.569824746045477,12,stable
53,997.0218015916777,0,19.879728717093037,1,champion
37,1240.3043961053122,2,99.87613339598013,2,champion
2,51.267696694608546,1,73.5282732723821,85,at_risk
6,414.010321165884,1,78.01390071843574,6,stable
1,123.9002585017331,4,39.1852343705916,87,at_risk
18,382.6080960335845,1,75.68460955508708,2,active
37,1083.0679880463756,0,55.11697015929443,1,champion
47,1812.6761934211083,2,14.356205193364557,1,champion
42,1664.3159600269735,1,89.9558034989203,1,champion
36,1271.2225228617478,3,14.728679524468657,2,champion
23,683.9306201787275,3,27.954508961236968,1,active
48,768.6532190061604,3,78.44031263967601,1,champion
52,597.5173488560613,1,55.72654084616807,1,champion
10,218.71764280275187,0,74.5199248015466,4,stable
33,710.669622027285,1,13.026709273464409,1,champion
53,718.7143929981943,1,95.76165467201452,2,champion
10,465.9757293358522,0,14.736490551451142,6,stable
8,451.1439680653208,4,45.091402284380045,14,stable
3,160.4494506104982,4,73.57009587801551,78,at_risk
16,451.0322015111803,0,74.57902338333552,6,active
10,486.7566560050125,1,48.64237882461578,16,stable
10,226.47183504921412,3,72.89747063620837,12,stable
3,71.41713650399558,1,53.817994823999285,39,at_risk
4,59.72808034099407,1,40.96658110498434,38,at_risk
4,156.95859285594693,3,17.473368918340714,81,at_risk
12,378.0085568578786,1,39.865476971578616,7,stable
14,306.0960699076558,1,94.65644984073481,2,active
8,313.5994022398875,3,14.818412579791618,11,stable
41,849.8714842531684,5,26.98827636953357,2,champion
16,354.3650223552416,1,46.704572843026135,1,active
32,984.0478995491967,3,98.36324031270249,2,champion
6,492.6317701272344,3,43.45101157579529,15,stable
12,286.7966984379785,1,20.02204683019344,22,stable
13,499.71639244375945,2,23.243679182877486,25,stable
47,1036.3546799174385,3,55.5307771589903,2,champion
13,482.7827640080654,1,49.6759106922812,3,stable
17,698.5415428522347,4,16.42068243188548,1,active
18,505.2022770139193,2,23.039008029401952,3,active
2,130.4553699863655,2,11.069215035680969,62,at_risk
44,763.6821049813635,3,38.05592247831042,1,champion
2,179.10306417719045,1,2.5927238600689684,45,at_risk
41,1705.2656301890381,0,48.408981338876444,1,champion
4,191.94250174938398,2,90.06737812412251,62,at_risk
14,481.66001218461633,5,76.73394551993734,9,stable
11,386.6269508031169,1,94.0149490262861,4,stable
32,1993.5352083157813,0,75.00417776946146,1,champion
19,625.5588381287073,1,81.47415094320569,4,active
8,237.3804254416402,1,85.5877893479289,15,stable
28,312.6646938780826,2,88.15329966215857,5,active
33,1517.445522834717,5,1.476774417782356,2,champion
24,332.5344111636435,3,14.15730104973637,4,active
20,550.2365694727474,2,25.275792878620518,6,active
33,541.9330753953994,3,26.54088142009683,2,champion
13,227.56576579408912,3,67.14671239213322,6,stable
1,67.61361130455325,2,28.454942859972622,80,at_risk
41,1603.2899509392093,1,76.12889731821046,2,champion
4,101.9953542666515,3,50.1715702722396,79,at_risk
12,423.9830164209529,1,66.75032785326398,10,stable
7,446.26318491174726,2,10.373134329893574,23,stable
18,792.0067570229104,2,61.53419396524473,1,active
4,94.89611664564023,4,46.09665903493884,79,at_risk
40,826.2186501511098,2,60.60698782276043,2,champion
44,1631.4909164645292,0,35.156667890658,2,champion
10,385.052694415554,4,36.000368705019284,14,stable
13,590.8277980294869,3,19.174429318694088,3,active
33,548.018716124261,2,28.133691088507817,1,champion
8,465.76329745334084,3,99.90079239575975,18,stable
21,676.1056135193412,1,91.9458334449759,3,active
34,465.61128827712884,5,21.125286749647586,4,active
40,1953.8866573828743,3,99.53980502496293,2,champion
0,50.87520483919108,1,56.83536721908852,54,at_risk
17,504.20526034631587,3,32.00779224875707,3,active
7,362.45579899926577,4,76.25535805622495,21,stable
18,360.35308241366243,1,23.5932794926391,5,active
10,457.1381183632266,3,14.169579174172375,29,stable
10,472.37672777554144,2,57.54557516227409,11,stable
21,700.229339872542,3,5.000444248461067,6,active
2,60.40871136003583,1,5.9997761788230015,53,at_risk
4,398.9161584162893,0,25.34133678902607,17,stable
16,204.27266068125218,1,74.92279197448065,9,stable
44,844.5497412832603,3,90.30855942523239,1,champion
39,1445.4765550343443,1,69.40454612836953,1,champion
29,1331.3623778215242,0,19.751039500497313,2,champion
3,76.00317479937402,2,46.42415156235769,80,at_risk
3,60.07458192619465,2,44.67370910698624,67,at_risk
6,259.0788802269018,6,96.44468844856743,9,stable
5,75.17752346167238,0,4.506942887045806,85,at_risk
23,789.9948018859767,2,39.750163898440924,3,active
0,162.11987928573262,3,76.57744076686942,41,at_risk
4,154.53406105380466,1,91.74838529521422,33,at_risk
15,508.8428935514979,2,24.82179079636333,1,active
13,492.18706124586447,1,62.8177185426796,21,stable
21,475.96968650662245,2,17.09763106596376,2,active
2,90.62454197910614,2,75.07176275816099,31,at_risk
2,112.15479185189135,1,3.299477920111926,60,at_risk
0,51.30048331154133,4,54.152346244907534,73,at_risk
18,387.90621800827336,2,16.743335461106145,5,active
8,108.8574464798152,0,12.481266541572344,34,at_risk
32,1990.1269377520928,2,47.25119586808748,2,champion
41,1871.121937973625,1,49.5793035006727,2,champion
15,329.4916434662863,1,8.92798895661786,3,active
5,54.69212581755862,0,74.45617475515844,77,at_risk
9,370.0066662836625,4,26.5658262650986,24,stable
7,367.7785189862439,0,74.59404652423795,24,stable
32,1106.4801058039272,2,60.14580481324564,2,champion
5,131.61133367350536,0,67.81597647137868,39,at_risk
37,1115.0759817431237,4,41.771133028165764,1,champion
43,1063.9940692257555,3,71.70169807469995,2,champion
2,187.0092448791798,2,2.984377538124894,52,at_risk
4,128.13686399075436,2,6.877492928758466,76,at_risk
9,270.0140934826535,3,80.64963208401906,27,stable
45,1180.0106446400202,3,16.365222882419573,1,champion
37,1731.1493366443274,2,62.23573902967301,1,champion
9,259.4034583621887,0,47.92014188378514,1,stable
10,202.28364628775665,2,80.16768196866572,6,stable
19,790.2707282447147,2,15.925201645649311,4,active
15,651.284124467545,1,93.6757400966175,2,active
5,95.93773446527378,5,92.17894511148688,38,at_risk
33,1284.3241826280232,4,93.88422816104072,1,champion
39,1085.2092606918134,3,93.4905880958903,1,champion
4,150.37014281485787,4,44.078736567181444,87,at_risk
44,876.1514209264577,4,2.750253540917058,2,champion
19,597.1940470848457,4,60.15968097600417,3,active
38,1895.5595819515545,1,37.62505588355231,2,champion
31,1794.3242966654059,2,49.06611269575757,1,champion
13,239.47777126815546,0,53.494909848913096,29,stable
11,208.46332012949708,6,62.55112954595434,22,stable
20,371.82331547099403,0,4.8275378112429435,6,active
38,649.2458531877056,2,20.171534392015566,1,champion
36,1180.6205550394466,0,99.40658412130834,1,champion
10,473.4117068582873,3,45.18436419207998,13,stable
0,122.54819842440732,0,47.980015313129485,80,at_risk
40,1493.02286942758,4,73.1761962371524,2,champion
3,64.52527063421721,2,11.628969771503606,63,at_risk
9,490.0508776264544,0,76.08971565542159,26,stable
5,170.18948350903537,0,63.92583928319573,88,at_risk
4,101.33759752394795,0,83.43130884461785,46,at_risk
12,748.2250737535072,2,90.5632905388885,2,active
1,148.26539359370733,1,75.58581586025093,38,at_risk
47,907.5702410059649,3,82.18192463486176,2,champion
44,1933.4239882644356,0,5.628839737542124,1,champion
25,470.07810474931233,2,10.959752536182943,1,active
15,584.8129178137315,2,31.421647347641812,5,active
4,62.24270398614776,1,22.67075351615462,77,at_risk
20,770.5381744733875,1,31.171651383321997,3,active
10,268.69002548226945,1,76.55548673217378,24,stable
24,769.3716418618999,1,40.58707200973116,2,active
18,571.9790272657243,2,9.55124075159256,2,active
8,131.52671669538776,1,63.8894180321489,51,at_risk
5,129.4017593917926,1,55.08810292544326,68,at_risk
4,112.07412654179889,3,49.45444909119935,53,at_risk
2,181.8727341625747,3,40.44356602217739,73,at_risk
34,569.6874885459802,0,2.299745724621871,2,champion
45,1739.2749921170102,1,60.15464022067073,2,champion
9,416.16370066225676,1,28.162860409064095,24,stable
41,1482.8483933238006,8,48.42904925258507,1,champion
5,124.62595848729542,0,57.886832057126355,47,at_risk
38,1449.3888712478363,1,18.261843338617822,2,champion
22,721.844549454151,0,0.21394878934026806,2,active
42,1972.4379174368482,2,24.435116711601225,2,champion
15,701.9215792480346,2,6.531138402004865,1,active
12,731.0066415300533,3,4.489494162295015,4,active
6,306.17526844924305,6,49.501656369330696,21,stable
1,160.5923693545038,0,59.26479004893902,67,at_risk
7,331.38118173425573,1,70.78225486518728,19,stable
8,262.0279254576624,0,19.427308261827026,12,stable
3,151.60346100765733,3,67.60389960533516,64,at_risk
16,323.3137324389108,2,97.89456522438839,21,stable
10,703.7693065923767,1,90.46395612295277,1,active
19,614.1306915716538,1,95.81699604599983,6,active
23,321.712540634376,4,40.11904959659333,4,active
11,302.72007887317267,1,24.815375555800646,29,stable
0,182.51337534870206,2,15.124927768591634,81,at_risk
36,1502.8923389421307,3,48.477427919505914,1,champion
4,162.09251114230403,1,44.94780751521491,57,at_risk
0,97.28439736367724,1,97.43707768364338,85,at_risk
34,1076.9357758811232,1,36.904543930542935,1,champion
6,202.4694550127528,2,64.02688715007488,2,stable
8,270.661567111548,2,31.4204572859224,6,stable
14,289.34150911945045,0,69.30545512280207,15,stable
21,545.7954298270664,3,69.70971968135076,1,active
46,1257.5990273976324,6,40.060793942844185,2,champion
26,1734.7696201078927,0,18.285080855225154,2,champion
1,80.47633048655494,3,51.699961013268,43,at_risk
4,89.73004237243775,2,72.01169321561368,55,at_risk
46,1679.0411987366995,1,9.165211844991594,1,champion
37,1304.2037112795945,1,22.440281185364363,1,champion
35,1714.464836247376,5,50.888289020689314,2,champion
2,50.266097144349374,0,74.94262135640895,65,at_risk
6,342.43184174083046,0,21.90620912629727,6,stable
20,676.7943435373205,1,76.85277297997854,6,active
35,1121.730721867682,2,58.661580148317896,1,champion
44,989.2595372567203,2,26.373854561369637,1,champion
1,133.68688128843667,1,91.99027499861478,61,at_risk
3,83.1292821687319,1,7.968086910454508,56,at_risk
23,577.9746580772413,3,37.27940022337778,4,active
6,456.64260641355594,2,18.909318633591866,29,stable
11,299.2541823201026,1,65.89271282792949,7,stable
6,422.57680524491207,4,94.68292078577018,2,stable
16,696.6554253246027,2,31.54747841422657,5,active
7,198.10448068820943,0,53.657959564468314,54,at_risk
42,1422.9595123130991,3,63.51957840172285,1,champion
3,166.41846157461393,2,53.36047015890332,63,at_risk
8,371.9437524782795,1,73.71607511881176,27,stable
22,502.05171432452494,1,96.19094186881662,2,active
5,186.05579902827694,2,70.64278238894073,78,at_risk
3,126.44113231214969,5,98.17249937297734,60,at_risk
8,310.7934012064105,5,53.61117653461367,18,stable
2,188.7784808277315,3,40.504060950478326,55,at_risk
1,122.55157270992675,4,44.694454838983134,54,at_risk
20,319.7552621554263,2,0.3297770630534713,6,active
55,1015.0517638816153,2,66.40746888391799,2,champion
4,56.866460121106016,1,15.631351976944385,59,at_risk
12,387.40597974955557,2,15.805994473767038,9,stable
41,1748.9746737883816,1,31.201560521263616,2,champion
7,309.68834652723103,3,69.39688623885705,26,stable
20,687.8027696840342,2,52.78118761413803,6,active
4,70.60919118097043,2,32.72167606773599,71,at_risk
4,143.18229596713923,0,81.00675501725694,34,at_risk
23,603.1472441342389,2,76.65813187631227,1,active
35,820.2342349314919,1,43.16192036296827,2,champion
2,102.75853027030854,2,79.43483173054211,45,at_risk
36,1614.9884323934625,1,97.29556169346844,2,champion
24,742.4685134336104,2,27.91914127295395,3,active
11,203.67520580322324,2,57.12029869680101,16,stable
15,523.4376082788423,0,25.258678301576097,2,active
0,163.77368933884728,2,47.99273733676179,54,at_risk
1,195.80074069404148,2,7.7988869379997166,53,at_risk
5,184.48660796104483,2,21.429923539777974,31,at_risk
19,594.8455444198755,0,65.86237701363825,6,active
10,208.52087345937238,3,78.03586100622627,4,stable
12,497.8103867220108,2,55.21400593014393,16,stable
2,112.056989160928,2,59.72844129644665,45,at_risk
28,1393.298182416816,0,61.051566927786205,2,champion
12,244.26545522719246,3,3.6596485217947894,17,stable
40,1993.554266334172,4,15.42534847692666,2,champion
4,148.4836845367897,4,45.45459923054956,84,at_risk
5,144.06800615139332,2,25.5294998834667,63,at_risk
21,418.4574233984366,0,5.855484021886371,5,active
16,388.77504821520324,2,51.60897909621666,5,active
18,344.43303149149745,4,41.700679158038454,1,active
10,486.4586478211791,3,56.994383608757936,6,stable
2,105.29881923407602,2,28.081212935015778,68,at_risk
10,293.8666774977639,6,94.48967879926832,26,stable
9,409.70707593690497,1,26.530563167476707,9,stable
4,193.38001145030947,2,49.274890713129935,64,at_risk
15,665.2289080560943,3,43.91980381437358,1,active
45,1080.8972417013297,0,34.11951135766574,1,champion
9,314.67686692595896,1,31.936489269612157,1,stable
15,300.5423226263107,3,39.44269685202444,2,stable
18,746.3043386497626,2,6.963252395055464,1,active
9,242.23703478856172,1,75.08252147410845,20,stable
10,467.4745196755111,2,76.2649237959181,28,stable
26,592.8370414695992,3,90.75495956372158,1,active
8,490.14511381763657,5,37.93867246473748,1,stable
19,310.6300324742194,2,84.95324168161295,2,active
2,147.87368200306824,3,1.841766853720539,88,at_risk
10,354.3101092102707,1,12.466010052201003,9,stable
15,477.294150478202,1,77.02350868068115,3,active
16,447.1752759085773,3,96.39472738096654,2,active
4,195.23474509260126,1,0.9945982042681822,88,at_risk
31,698.6990968058068,1,72.7572974534784,2,champion
31,1840.0491359117582,4,64.33319687473177,2,champion
12,310.1500910665881,2,89.42507245528219,2,active
1,163.28146376111832,2,17.13171632890105,76,at_risk
8,751.5272393137204,3,24.17791578716476,3,active
2,172.92443259875233,1,56.493901409505774,87,at_risk
45,1415.542419787655,1,44.219880853788766,1,champion
5,80.77632169687779,4,95.57189406109981,58,at_risk
44,861.0999253510347,1,90.93460032954576,1,champion
17,798.1373862258641,2,93.9289088373614,5,active
2,64.12170219448949,6,14.433569587875139,66,at_risk
7,242.20665878094255,1,71.88783089088139,22,stable
13,322.12727499924887,4,13.355597161942933,11,stable
23,504.11343678335356,1,86.92995710968391,6,active
3,134.42396306388568,0,77.85057930965692,86,at_risk
2,126.7336193945551,4,99.98510067912366,64,at_risk
5,179.5122984140865,7,53.984990025694245,86,at_risk
21,614.2124256013524,1,75.93652404157787,3,active
4,91.56533878627137,1,20.016926518080723,85,at_risk
14,523.5048185022268,4,53.515802129249145,6,active
25,467.38365020018773,1,30.908345116902126,4,active
2,139.69190994015761,1,65.76954250979584,55,at_risk
41,755.1554607467633,2,23.05442632062149,2,champion
40,1116.8564319624004,1,94.20414306549674,2,champion
17,724.1808423394094,1,39.953221144959215,2,active
30,1511.2569916590592,1,46.59699077037212,1,champion
3,68.47586767035038,0,44.351109508643006,59,at_risk
44,1386.03503165125,3,28.19567634929089,1,champion
40,1851.5083923827242,3,26.298759568627972,1,champion
27,563.9474554099817,2,62.27093177444111,4,active
9,276.3434689311738,1,48.48597226714553,16,stable
6,108.16440287305991,3,36.15287957961604,86,at_risk
2,125.54191801995428,1,24.69244230283555,39,at_risk
41,1618.3823934134912,3,69.31487276845331,1,champion
2,142.3457310268196,3,42.510994868749066,72,at_risk
7,131.2536785695845,4,30.049099017758696,72,at_risk
38,701.2728322302121,4,39.15417912071998,2,champion
11,237.85936123817214,3,11.39633634710514,4,stable
1,116.38676353176484,0,73.30935919845243,45,at_risk
25,761.5586219654376,3,47.47917581622364,3,active
46,1529.2201062644165,1,44.57664918630076,2,champion
18,613.0333091272926,3,45.49107848417082,1,active
17,662.4656077762324,2,75.79934434185134,1,active
18,313.8108743264877,3,98.13915637455243,14,stable
46,1049.7127651136627,1,22.588503358231403,1,champion
18,763.997536114813,1,68.82950872549054,2,active
3,55.003727279517925,6,63.68904457137866,52,at_risk
19,585.4414758151969,2,83.12784053455734,2,active
37,1007.457168781028,2,6.804395830630772,2,champion
4,163.37940938537906,2,82.65957968770773,67,at_risk
15,478.12788984634767,3,28.411351075655222,5,active
44,1570.7717686844805,1,34.06461574821499,1,champion
4,126.71526538188616,4,87.85009373550612,50,at_risk
41,1660.3775940056,3,92.68195319868651,2,champion
33,1015.3591163098755,5,32.03337823971616,2,champion
20,726.1311631886604,1,15.169438381997836,5,active
3,101.30523536491687,1,68.99154878231288,84,at_risk
2,75.81389812539878,2,29.727331148957436,44,at_risk
8,333.55405398007866,2,94.41000437146243,27,stable
6,283.76280050594596,3,21.23784107758415,4,stable
2,130.9034854731625,0,39.83634341952873,76,at_risk
20,633.4005184157869,4,67.58190272521186,2,active
3,77.9419265093424,1,57.29128904929082,72,at_risk
18,794.781293652508,3,38.16692423363545,1,active
17,717.1677496593082,2,2.9068827530931207,2,active
9,364.5622505637775,1,41.08026201618018,28,stable
5,50.98000127940232,1,33.61493116373694,31,at_risk
3,129.55746763595084,1,18.018482016344194,60,at_risk
12,469.2586221458196,4,11.784692629171921,19,stable
3,205.9281063097501,2,1.2171794403617264,15,stable
17,760.5368378023586,3,78.97074797970515,6,active
50,844.7651343842128,4,23.222414396577072,2,champion
12,377.7065767769301,5,68.05469172391957,6,active
39,1602.0038234399037,3,23.74797877613576,2,champion
13,323.9650427065838,4,59.865164655885,29,stable
23,647.9162527505866,4,33.20653861423266,3,active
38,1800.497407702018,0,24.789073182970924,1,champion
2,196.05808693656977,2,37.131733535060604,43,at_risk
13,463.28172691324096,1,91.91583389484806,14,stable
7,359.2690975366875,1,10.784701167491207,25,stable
7,60.55013465641777,3,54.67326207160122,31,at_risk
22,420.2277537179844,2,12.895280652941343,1,active
13,235.22531388604082,0,55.98850657342399,22,stable
5,148.6777408296298,2,81.16743961298143,53,at_risk
40,1934.1157421082323,2,30.480855022525645,2,champion
11,491.8838060862617,5,74.11749519475913,22,stable
38,1196.9916384429075,2,19.44504440774022,1,champion
22,404.0446247825825,0,17.06071071929579,2,active
10,215.1359108937797,4,20.589125512789398,26,stable
6,194.7303960858608,1,43.45194863162407,84,at_risk
0,66.73855002928919,4,68.96086271950261,41,at_risk
40,861.0506367737423,2,23.22815689545764,2,champion
15,321.2757641925445,1,33.62555699575164,14,stable
11,341.7513723100548,0,38.499247772932364,21,stable
3,145.04609071987073,4,88.50275273756941,82,at_risk
6,445.5472816577109,1,30.751118588472092,4,stable
20,546.3204653897646,2,23.689088238784738,4,active
47,1520.9531833460956,0,96.90079544884122,2,champion
23,559.6687922167579,1,49.4495907827626,3,active
46,1447.9416752831623,0,82.92803311909381,1,champion
32,658.9181997961634,2,5.178850817343528,1,champion
20,416.4201085490997,1,4.711940296723494,1,active
37,1181.373085511954,3,83.8661440627973,1,champion
23,460.6635811654698,2,18.973669486822587,2,active
38,1071.8059343052298,1,95.01296920890819,2,champion
40,1832.3101003144977,3,36.597542186197195,1,champion
33,836.1069266626848,4,15.696695334715416,2,champion
8,238.49086951887756,0,62.007150047457394,13,stable
6,166.78184832602477,2,24.272779451862668,41,at_risk
11,395.2403487143334,4,72.64212082050712,20,stable
9,118.01550854974242,1,7.854526530880501,80,at_risk
40,1947.653436283257,0,84.84701277461035,2,champion
1,192.90340321065653,2,72.02059935947148,89,at_risk
0,169.6869094597518,1,73.53456150540559,60,at_risk
40,1670.9130033212846,1,44.47297716667807,2,champion
38,628.3867915107161,3,43.78244393294306,1,champion
12,413.2943570318063,4,99.19494968651153,24,stable
9,485.73006461170326,3,92.87475989101159,28,stable
14,531.5241627655453,0,96.363782386789,4,active
3,129.5456921245657,0,0.6100912999728703,75,at_risk
36,1732.079073727051,2,4.384006517729288,2,champion
44,1162.1291854264002,0,58.225737929121394,1,champion
6,97.51290996662104,0,32.0485518553692,32,at_risk
18,369.6537146696716,3,1.7634784490959787,4,active
41,1054.9659135253787,2,88.36985861663865,2,champion
2,62.37192080092395,1,6.658268290032677,37,at_risk
39,570.1635212331174,3,25.41774880349624,2,champion
25,799.1651426535658,1,41.74493961778266,1,active
39,1764.8721478574935,4,77.17309103502969,2,champion
17,676.3382163303943,3,84.22026767065593,1,active
25,593.0284913725711,2,24.61265909568542,1,active
14,390.05628681377567,1,92.1776504460004,5,active
11,208.73109605946212,1,68.82270489725515,22,stable
1,111.48689518822951,1,38.76795621317505,60,at_risk
12,410.6602712526064,3,71.15070290631856,18,stable
7,304.53562757286977,2,33.47792336501912,13,stable
21,743.7974955566898,1,93.73920081903253,3,active
4,91.75880086491901,0,9.23819602990691,87,at_risk
17,647.5360386480568,6,1.386982883712673,3,active
46,747.9844247752947,2,47.6074773485865,1,champion
6,112.95790335624525,4,91.55635879796968,31,at_risk
18,462.97776800423384,1,43.23437375464445,5,active
1,142.82354765429398,0,99.9292051482859,60,at_risk
3,72.35318638915405,1,99.81770663995792,59,at_risk
8,225.752189620971,3,92.69375936964637,11,stable
17,410.0370262541019,4,59.18251310441832,21,stable
1,93.25794666597214,1,33.38634847478593,71,at_risk
30,1368.6618325213008,3,4.814445304538739,1,champion
20,376.3047681858699,1,99.84625046385075,6,active
3,50.3940657737519,0,81.21656735434223,53,at_risk
10,467.80555689574715,1,5.2749676058217005,2,stable
16,735.5217282531506,2,80.05310918340344,5,active
17,620.571965945199,1,33.13637208155259,1,active
40,866.357359802165,1,28.71542735314848,2,champion
7,84.30986145400101,1,31.818017050881952,64,at_risk
43,1089.1006229854809,3,72.735804339603,1,champion
1,86.7731336221223,1,35.566100885552885,86,at_risk
40,1543.03459473942,3,60.18561741667463,2,champion
5,355.0788928429043,2,89.2172617886102,22,stable
8,349.7583395139906,3,46.72632008586645,17,stable
12,281.32164630944186,2,73.16927533565803,6,stable
42,1094.5764209037252,1,59.71853584740202,2,champion
19,798.5783955939095,5,11.64710453394109,2,active
17,344.16435553993165,4,68.19891492364437,5,active
33,548.8836414125396,2,91.82034565365849,1,champion
4,132.7205732906718,1,20.114946542449243,75,at_risk
20,578.9954728644116,1,95.28521901522593,2,active
9,297.5462540784101,1,65.20830294098347,8,stable
43,1066.0230715491125,2,26.4306228118257,2,champion
12,279.47401242668883,4,13.899493585020794,7,stable
33,1295.0049470084382,2,5.469250013865201,2,champion
36,1832.7659715648767,4,18.732983328172104,1,champion
24,640.8917046708715,0,65.42133681764196,5,active
4,162.42377220523989,2,7.166907828349844,70,at_risk
40,1415.0230454249058,1,98.08778997993942,1,champion
15,765.458996459061,2,56.00831216465855,2,active
2,159.12230557516378,0,55.637781856583736,52,at_risk
57,1553.3882804481063,1,88.38005698140434,1,champion
9,428.3648521261947,2,98.50755785559356,15,stable
42,543.7197058436108,2,9.20067840168124,2,champion
19,659.161459606364,5,13.161330495281598,5,active
13,415.9113603352355,1,43.06063719156407,6,stable
27,608.0610475111213,0,22.47134837122122,5,active
5,440.3512651400475,5,54.12944706115764,12,stable
3,110.6012871256064,2,61.510092143407704,71,at_risk
5,169.46034521101603,0,5.371173660644979,37,at_risk
24,551.3197909097764,5,63.749284211921996,2,active
32,1582.213153590214,1,36.73538670261243,1,champion
14,576.6827731731865,2,63.283870038230894,6,active
38,1054.3166654070503,2,48.15331416815256,1,champion
8,292.15328226214143,2,10.495995785549416,28,stable
3,158.9620118270241,2,22.532722390985526,81,at_risk
14,460.20810915529063,4,93.7875311698977,4,stable
55,697.263159904596,3,87.92131293194859,2,champion
3,192.1629833616315,4,45.05670890691958,77,at_risk
16,577.692398489625,3,77.38486215395478,4,active
7,249.2882920673027,1,3.9195062304765327,8,stable
22,684.7516483326273,1,28.429344384822464,5,active
8,232.0862873761264,2,96.47948200810077,25,stable
4,114.11857938006001,0,5.657070263472952,86,at_risk
3,95.9114140423187,1,8.074677855476697,50,at_risk
42,1006.048683528073,1,76.45185948329176,1,champion
2,154.37486878129684,2,94.85541141048813,59,at_risk
2,92.6926903005909,1,24.26375070967485,77,at_risk
14,330.49218464549256,1,9.550580197883352,3,active
6,109.1037870101878,1,51.977760181143914,37,at_risk
5,85.1456945350281,1,64.11062252529653,63,at_risk
47,1818.9622451960518,3,6.25770119900505,2,champion
50,712.1267100157769,1,38.358474972328,1,champion
3,123.5269608861218,2,4.100272900385892,31,at_risk
8,431.1966076373955,1,66.04566681361898,3,stable
16,578.4545450279312,1,9.983951213765852,1,active
5,184.01119485532658,5,41.294488097553895,44,at_risk
5,84.13592899373448,2,67.08826992072845,57,at_risk
6,192.16865452795548,0,53.58866985870871,72,at_risk
21,466.9591231528254,1,27.91742302489545,6,active
7,487.44023466962926,2,41.4752526337248,28,stable
40,1602.963394059215,2,36.0087893106707,1,champion
3,118.08694292920406,4,32.86944467193772,42,at_risk
5,140.75975326637698,3,23.162709396206083,48,at_risk
33,1246.9560785300828,1,22.785489992944974,2,champion
9,471.3406653901953,3,30.441738591210843,2,stable
21,450.2078142773669,2,47.40281965268769,3,active
14,748.8429560057189,3,71.64367039549327,4,active
19,491.7424894949558,0,39.57020412964307,3,active
15,418.45976470992065,0,21.05743761395592,18,stable
11,353.74592198599345,1,9.481749838617636,3,stable
37,1753.5551826623746,2,66.57136103053273,2,champion
32,1321.0853399070838,5,95.25590755339569,1,champion
5,90.70162613768883,1,83.78671836560281,66,at_risk
21,349.7468190928167,5,76.41506547914973,1,active
4,178.2379363984042,2,67.97611532910311,74,at_risk
15,363.5858694174384,3,90.23827834329038,3,active
14,330.7712189916962,4,65.70638460111168,4,active
4,101.8346766710151,2,30.662374538454863,69,at_risk
4,190.61546848522943,3,38.061568035020244,56,at_risk
7,441.70817106979456,1,25.81986294354407,23,stable
23,557.9820549351176,4,50.83691950169767,2,active
20,703.0468021792279,2,70.9476487973211,3,active
38,1726.0448126060787,3,54.51958804527523,2,champion
47,1453.8537452981518,2,94.30148439949741,2,champion
7,431.4176840302864,0,59.164644743403414,27,stable
33,716.355984284443,0,87.3470151098591,1,champion
25,491.2310849043601,2,72.5520874541512,2,active
9,466.09612634227494,5,45.47110425500196,2,stable
5,92.8447246672426,0,22.00122772671823,46,at_risk
35,1006.1619681512828,1,79.82987114911961,1,champion
3,133.75870020884065,0,48.825453329260405,49,at_risk
33,934.0476375168467,2,40.46780880075048,1,champion
15,302.5252824081831,1,51.520894093015336,26,stable
38,1586.2191634837598,1,59.35926246228124,1,champion
11,419.1722772579724,2,18.20230739361478,24,stable
7,232.690776750049,4,84.96860846117671,26,stable
4,57.51952067216711,2,31.99110971995075,66,at_risk
29,600.954670108549,0,9.524571452081066,1,active
7,248.7534781635849,1,61.64385011948772,16,stable
5,124.57721837052999,2,33.7184055879615,38,at_risk
18,602.6185702333173,2,45.302406926915836,6,active
5,469.4174738286466,0,30.604452202884847,23,stable
6,277.50291492746584,0,22.322620355500423,11,stable
12,730.7777174337524,2,98.55560330698714,1,active
15,239.5152176640748,6,27.2874298485983,4,stable
7,442.9062737409893,2,3.5392123556797217,24,stable
8,363.023067542422,0,34.820437236645574,20,stable
11,348.62306439875937,2,84.86966724055662,26,stable
4,66.08841250720167,2,49.27037493857348,49,at_risk
30,1928.445872270766,1,23.913814624248097,2,champion
20,689.7693291031585,3,68.82631474507865,2,active
23,659.8958500963569,4,13.972892952924587,3,active
22,488.722781920287,1,14.065502188871681,4,active
14,300.2256766847088,1,85.12342426065938,20,stable
7,177.7516208604644,0,17.741371587121936,77,at_risk
24,716.9939232997142,2,24.624092093672388,3,active
11,289.2741435685119,1,76.76028938215384,26,stable
22,538.6694585766595,2,76.68303162884054,6,active
22,469.78477945774364,3,5.483464847402342,2,active
2,130.59592177786456,1,27.016748450596495,88,at_risk
39,1279.5218745511088,3,46.63944225859191,2,champion
39,1120.5072551964279,2,4.756402989337816,1,champion
12,762.512482672248,2,71.83076778839639,4,active
24,644.7567344394888,2,83.87474092138739,4,active
2,80.6721245478062,1,48.48397536362391,47,at_risk
4,162.22133450356833,1,53.60946406931454,48,at_risk
18,410.8010105571881,1,98.78479455861816,5,active
13,312.66206533633857,1,99.71109802291743,25,stable
19,327.00527063717675,0,56.70534765645241,4,active
33,1900.7350000364368,3,55.81254547297952,2,champion
49,1924.7398453894011,2,9.38075974684035,1,champion
3,73.56140044352766,2,96.38171061447328,86,at_risk
41,1510.1487671323503,3,52.65498039865576,2,champion
18,316.74336762321326,1,67.40710843789674,6,active
49,939.4309137555133,1,73.55767522141147,2,champion
19,368.43808242549295,0,72.77760042178788,4,active
13,374.8863788129682,1,72.83839747232619,3,active
17,302.83270423855504,2,91.77009063960159,7,stable
22,486.05299941869805,1,42.28760731744509,1,active
48,1602.12502346964,1,22.19066503357434,2,champion
12,575.2087379753044,4,44.98861093629167,5,active
23,375.96268365635166,1,76.0586132004263,4,active
26,697.6209479832148,3,54.81971580981989,6,active
16,664.8014458551958,1,98.22138244735248,5,active
21,451.86301886030736,3,89.7099445647584,3,active
3,141.15259504844187,4,42.677796372465735,62,at_risk
5,76.14294387111693,6,43.6584298508164,43,at_risk
0,50.73648389188573,1,21.94757336865374,48,at_risk
21,552.1281566402583,0,26.84434488640085,3,active
7,92.94709718890442,3,61.41825791783232,59,at_risk
22,541.7925203856297,4,7.987692979943139,2,active
4,145.99547023783762,2,36.35994821002413,89,at_risk
3,86.91449692355197,6,71.50654625255633,52,at_risk
7,347.4540165442555,0,0.5288557531150873,29,stable
7,457.53447620254144,2,32.491881065639404,29,stable
17,698.3660843049283,4,1.992192585701369,1,active
47,1970.2654700642834,0,17.195316295835028,1,champion
17,450.628658888309,3,30.306387244920074,1,active
4,87.70212256975881,3,60.91007227038345,30,at_risk
33,1375.7957004585703,1,27.136964291726084,2,champion
51,713.5333312207621,3,73.45046870256635,2,champion
3,177.68213455761784,1,53.287624689801916,57,at_risk
11,458.0354177189157,6,34.1148495055556,8,stable
2,76.26801901797398,2,73.13819440713671,38,at_risk
0,133.451149828223,1,52.87693823410162,77,at_risk
13,448.8112107597708,2,5.674068109060859,24,stable
0,117.65676116261423,1,95.11844453588068,35,at_risk
3,144.37558211396868,1,78.23185206219128,47,at_risk
11,215.96269556900546,1,59.34208779965891,20,stable
4,123.7767575923953,1,27.17300853710929,88,at_risk
7,310.0743808019447,2,31.072268263759174,29,stable
11,455.6081221616397,3,53.59932451257412,12,stable
8,237.98055985717005,2,60.51838608569605,10,stable
24,491.8193865392832,4,81.65406747307068,3,active
52,1408.9592983843547,1,19.519876581694106,2,champion
22,334.68614203075543,1,32.50286779334844,5,active
33,1210.4299438113676,1,97.16946494505771,1,champion
47,673.1673093275278,2,56.48201440641244,2,champion
18,715.6768949849536,4,44.41539866007531,4,active
12,788.0683908573726,0,60.13667496068009,1,active
9,326.844768150381,0,43.29722282146826,10,stable
12,255.60092852102846,1,72.83797612519668,4,stable
11,299.89387776075495,1,80.92740770862027,6,stable
13,360.8629456324727,1,24.051960519587144,10,stable
10,249.12529513589897,4,90.45408557020752,23,stable
14,229.00465598614431,2,91.89367914395669,27,stable
46,908.5332517287154,4,98.05727651755952,2,champion
2,131.09184538720518,1,98.60844494077853,31,at_risk
2,158.74570505164237,4,93.16572079520057,80,at_risk
31,517.5970077504033,2,73.07980525366457,4,active
2,175.75708580290168,2,49.1958272118945,35,at_risk
12,445.6283625047537,7,30.187083463615714,20,stable
1,181.53759077952967,2,17.823116483417458,67,at_risk
35,1991.1464884564627,1,1.199567334386642,2,champion
21,343.5269233893812,2,53.92754676872564,5,active
42,618.2003858063924,0,92.22099545292262,2,champion
21,763.835456583563,2,98.72278598175252,1,active
15,462.9364813296073,1,10.017673008077644,12,stable
26,797.4362031784656,1,50.16847318026058,5,active
5,95.18402092476468,1,58.07398042080768,38,at_risk
20,729.3935995442474,2,30.511309414717747,2,active
10,388.5545679445495,4,96.8397927279681,10,stable
41,535.5358898057298,3,23.316422034874197,1,champion
11,217.7842301474411,1,88.64352821197468,28,stable
9,302.4049159444943,2,69.80164782701104,6,stable
3,62.55323886065809,1,17.30450471826478,66,at_risk
29,1044.973726636637,1,50.34965987825674,2,champion
51,1968.2662809628455,1,60.10887124013647,1,champion
25,484.7724544527091,1,2.094786455301767,4,active
10,308.9367985003807,3,57.73726148047913,27,stable
23,427.2877958747287,0,55.985385437998104,5,active
14,470.5018838558423,0,21.82057833517789,1,active
42,775.8387488435026,1,83.18435997309122,1,champion
25,387.84808392543334,3,73.7938936216452,2,active
45,660.9156117638936,0,83.66744859637653,2,champion
46,771.5587742599967,1,3.8716658833811146,2,champion
22,404.9317884332536,5,7.242091357147274,1,active
15,367.8855444748761,1,34.66146710075515,17,stable
23,762.9518729800432,4,54.98808279593125,5,active
55,1931.6988586002124,1,17.240793621771676,1,champion
12,429.53048867979356,2,50.80683096206228,6,active
22,442.8892569442539,1,98.81481436015149,5,active
43,1367.4566184404314,1,43.725490947160836,1,champion
22,586.4077065743888,3,95.62884191784133,6,active
9,373.60590520032747,1,99.51496415663547,13,stable
13,224.7559434041465,1,13.68482776336265,13,stable
12,321.9102763953793,0,63.42616431562513,7,stable
9,217.83614887610582,3,5.409370237418543,24,stable
22,350.1272403969341,2,63.19899881760925,6,active
40,1281.9066582323871,2,72.41638577549196,2,champion
38,1233.6716252800484,2,56.53616787546917,1,champion
8,262.89367934825003,0,78.85716724628668,10,stable
0,150.2552823549877,3,4.005712367890979,30,at_risk
10,216.68227289545422,2,86.41581462526614,12,stable
46,1101.221920925091,3,2.5315849110043698,1,champion
8,431.8580956651123,2,76.3540716620219,16,stable
32,887.7113556986801,4,20.350165975416836,2,champion
22,321.58269620213736,0,60.43738951970566,5,active
8,372.2829731718485,1,93.94904486696535,20,stable
9,447.19907137983506,4,66.8095286016728,26,stable
19,770.4405659891814,2,95.29323140262692,3,active
32,1699.0487087012002,3,54.742552474581515,1,champion
20,410.48567551222806,2,29.831286625071897,5,active
17,537.584023122721,2,56.34385308623535,4,active
1,191.17010211573088,0,30.211580880066936,62,at_risk
5,192.03712922044295,0,88.30181945024303,54,at_risk
20,406.8838437216589,3,97.81804953184415,6,active
3,137.57246113900004,2,41.320809962121885,43,at_risk
11,262.6657059479333,0,67.36412966473033,21,stable
18,529.2193978802785,2,49.00177726330208,4,active
9,446.55354161435025,3,59.62012211761277,17,stable
21,376.255866496556,2,85.3490546466788,3,active
15,431.59898996250104,0,21.64585719937814,2,active
5,113.15831697616206,1,12.608030477003085,81,at_risk
47,947.3224944780804,3,27.450227214739797,2,champion
49,959.2946755565442,3,48.39002650940406,2,champion
45,708.9241930678305,2,51.900606355138265,2,champion
2,92.49657490271998,1,67.3709242759069,53,at_risk
28,463.2120798056197,1,61.00950807133311,1,active
25,553.1063488712053,2,21.22514818099158,5,active
23,558.4667920169944,2,82.39519285340565,4,active
19,589.9761449551671,0,10.119457770018714,3,active
1,180.53966094156627,1,50.157519784436644,55,at_risk
38,1885.5701166374167,1,82.02424480531091,2,champion
22,748.8156375525788,0,43.50542334721901,1,active
14,229.9861975188702,2,37.81335552131549,19,stable
3,69.54207140341808,0,18.535365820508897,36,at_risk
35,861.1413223754955,1,59.58061968823139,2,champion
49,1958.1215836350652,1,30.664345492388712,2,champion
51,1521.5342915699207,3,27.71082645032543,2,champion
36,884.4078919335093,0,9.090180536127013,1,champion
36,1123.3633116773963,3,48.5636106455289,1,champion
27,738.7967988458216,1,11.251111694433447,3,active
40,1895.463609637304,1,77.53142842083169,1,champion
23,681.8165209822605,1,18.35385921166157,5,active
3,355.54209020813096,4,89.69997411534328,11,stable
6,249.8602374509808,3,43.45031543847414,17,stable
1,54.10452554867795,1,37.59922290039549,84,at_risk
11,307.7401205783536,2,24.923239442690114,18,stable
22,717.8953090041435,0,41.09946666713661,5,active
15,329.75396917176545,0,56.974752440075505,2,stable
6,124.34093678160406,3,26.679463832839357,30,at_risk
7,303.3007229717538,3,36.76508793080075,27,stable
4,128.18455403059042,2,81.86870616257703,72,at_risk
3,161.226729042843,2,96.87466306548687,52,at_risk
5,124.06930320997935,3,86.39927386600323,43,at_risk
22,677.5198658260834,1,92.58192912190185,2,active
15,249.11448712097254,1,80.54294077573621,7,stable
12,293.05597655855377,1,87.9064970562927,7,stable
38,817.4521113255811,1,26.00100973712356,1,champion
9,426.6407479320008,4,64.40821137359823,18,stable
16,556.7855337547488,4,39.994978763727204,6,active
15,217.27698575440837,1,49.95377072752625,14,stable
3,174.67156972777568,1,29.887610903671245,51,at_risk
13,584.4744579816318,1,97.74989074734648,6,active
18,321.4420075969683,1,16.283920328515567,6,active
42,775.0833792126563,5,64.8694217273096,1,champion
23,627.662119520856,1,83.48113480706807,3,active
25,460.1853823670004,3,40.38046236875429,1,active
46,928.105296785776,3,88.91637264985832,2,champion
6,97.89278944704978,1,81.89141679181027,70,at_risk
24,614.7737112057027,3,46.34433072723905,6,active
25,1871.699624143195,1,60.87571735618169,2,champion
16,578.2955074818311,1,99.92096084042129,2,active
8,258.6889971579807,0,20.26211174707321,27,stable
20,694.8121256329492,3,21.18576555011521,6,active
40,893.4196858764677,2,5.204594336056134,1,champion
16,412.5711703181412,2,21.15391209914267,3,active
36,1911.5189344866167,2,89.18417471941592,1,champion
4,97.41223277765347,2,64.51947872297195,78,at_risk
46,1527.0771550226643,2,16.645574715500743,2,champion
39,1639.0731078858846,0,54.552868310446655,2,champion
3,68.16713812285538,5,99.04116357533754,61,at_risk
19,636.7631272245392,1,31.914097029859466,3,active
7,350.36552230131736,3,10.915521557589635,9,stable
3,143.44589552022836,6,24.687056398327456,86,at_risk
15,268.41549773898015,2,95.67807707386568,26,stable
11,419.14757489261956,3,80.2544257466801,22,stable
19,609.6657756196931,2,79.30593775454892,6,active
48,938.4101997207673,1,92.01545257467524,1,champion
0,137.44775867788042,3,27.564081383769977,78,at_risk
22,417.81208553425296,1,17.983264531326792,5,active
42,1919.5972163062752,5,35.03726618731318,1,champion
4,188.7656491858927,2,91.69825961164435,59,at_risk
0,77.4312008751736,1,8.725620578173654,43,at_risk
28,506.27823971070285,2,18.128457721538172,2,active
10,431.5492190217897,6,41.00764515006931,28,stable
4,59.12750034666298,4,10.739844531141408,48,at_risk
12,443.0759405600046,3,35.381923893802906,9,stable
23,417.95113624718874,1,81.33151065000163,6,active
30,1497.7600139575618,0,98.33362059986058,2,champion
16,766.3973756523422,1,13.909945905381448,6,active
6,246.9146138962705,3,29.865436009631296,16,stable
7,85.28242321494565,1,30.93974710033044,57,at_risk
15,421.96526738655774,2,13.618708034089455,9,stable
8,312.3439321289922,3,3.5772522788044103,4,stable
6,192.3982416833482,0,36.06907722011983,56,at_risk
22,642.1494693503679,2,48.717592523893416,4,active
6,340.98120507251116,5,91.8487759630278,27,stable
1,59.01321168898468,2,74.97783094412476,88,at_risk
44,1100.2877817116057,3,72.97448428533406,1,champion
10,285.6959874133987,3,69.66581153313419,8,stable
41,1441.2001087496974,4,28.591300940414456,2,champion
20,776.103865599845,1,24.484527515035616,6,active
3,57.29183944911967,1,30.33336192209243,76,at_risk
13,356.1933802341792,6,71.73383990477551,17,stable
17,463.70742461629413,1,40.1451107376013,6,active
31,591.1992389756016,0,27.96850066489165,3,active
31,780.3394212923512,2,26.134127046488675,2,champion
3,175.19333709435543,2,30.328444713149228,42,at_risk
19,484.7074660832913,1,93.9438851164749,5,active
15,546.3086116345524,4,27.52644272592011,1,active
1,76.5380827467095,1,10.842069717210856,50,at_risk
12,272.01978619041523,2,95.20991838902921,19,stable
45,514.5099547169332,5,33.768281549404236,1,champion
39,1207.7306897178207,1,5.716210145411226,2,champion
6,383.68724750602047,1,72.61271651316895,5,stable
14,658.4469666369245,2,82.18500412632459,1,active
14,423.6937822467563,1,98.8892797520402,16,stable
37,1957.8510948285325,1,92.53162279598348,1,champion
37,832.8882059451055,2,89.99019762137902,1,champion
16,312.57832463534703,6,68.30985375311234,2,active
17,403.97016918373095,0,90.64276156098524,3,active
12,469.0883944203772,1,8.174768196702786,2,stable
35,1629.9960565349677,3,89.35163955523511,2,champion
13,495.4027939999204,3,86.16137276546931,22,stable
10,326.79198091481425,2,80.76992962380545,14,stable
38,794.526226901364,1,39.817525897591786,2,champion
7,236.50085304151438,1,80.44581030183929,15,stable
13,248.23454285929185,1,58.09943191916458,21,stable
3,383.7803189444457,4,77.85863533129947,7,stable
13,317.9918875085205,1,10.163644182775322,3,stable
44,1061.7268387100794,2,18.94344578389625,1,champion
6,200.30389844842676,4,19.572138430844056,16,stable
2,102.27407813724348,3,69.30360690691568,44,at_risk
39,1512.9439236629826,2,19.789020581025852,1,champion
7,473.49521489364224,2,96.06567915956983,1,stable
11,293.6444183910881,1,20.349947288518187,22,stable
3,62.672859838348835,1,38.64056348118851,30,at_risk
26,656.4074291306167,1,62.67639571169467,2,active
3,85.01426391307544,0,97.64205843864468,54,at_risk
20,423.8759785982192,4,60.17298562711628,6,active
28,440.7992229274543,1,78.69372022672184,1,active
11,238.59100004668886,2,55.545429176298825,15,stable
44,1887.4192938392425,1,0.16089675728067077,1,champion
20,767.4126080926045,2,1.2525153846759673,2,active
13,231.98432375186323,3,85.3256466147051,15,stable
1,147.8228898158804,1,58.855270466918086,68,at_risk
3,93.50220067448276,4,33.96951235815815,77,at_risk
10,477.43591724179356,2,98.07251758136258,27,stable
1,112.1405080677989,3,13.691289508088877,84,at_risk
24,560.8794701289364,1,24.24615790699055,2,active
11,261.14836115521916,0,4.357952685993727,5,stable
5,112.49118096354742,2,47.36840797206017,68,at_risk
12,344.47400846284995,1,88.04781738556066,2,active
15,420.18036836379173,2,74.54998901995143,14,stable
8,362.223852794289,0,51.21780592884962,23,stable
13,474.92020416048405,3,82.48357249373245,29,stable
16,443.8424328136505,0,99.38553139424681,5,active
16,465.85443341710743,0,95.27647562479491,3,active
51,1949.0339739814465,0,55.62518593426029,1,champion
40,1612.43334432931,2,70.32530228415597,2,champion
8,225.15376653181215,1,72.5323695066558,19,stable
2,173.2570211433131,2,99.1223320114776,61,at_risk
21,756.175601671815,2,93.75552149092812,6,active
8,407.8141103267963,0,83.04234927583747,16,stable
4,161.208432188598,0,75.02521344977801,88,at_risk
11,355.64745713894166,1,74.1377885573052,8,stable
37,1594.9422467257161,1,52.95646304492493,2,champion
25,469.58824916745033,1,24.57800068307212,5,active
14,353.442487586805,3,37.72329404310186,2,stable
7,241.13960053672727,1,30.61360999900875,5,stable
12,530.6001460513017,1,58.49128438811695,4,active
41,669.0267056854376,1,73.60125502289081,1,champion
2,193.1364826034905,3,81.4581149251449,83,at_risk
7,307.2419375751524,1,88.96513424960268,12,stable
1,70.33459287661262,1,35.042260693524284,71,at_risk
15,464.26610153594436,2,22.402737154071005,22,stable
2,83.86848588613611,2,84.78120424085884,39,at_risk
10,396.17377670206747,0,13.160889829627553,5,stable
2,151.0379104452111,4,43.64076074965985,36,at_risk
4,183.16443802354968,3,28.76208921404849,48,at_risk
34,817.0568739771352,1,20.1114263065855,1,champion
6,379.7251843500822,4,62.46049974417773,7,stable
11,493.9438994148008,3,62.420274333458416,8,stable
3,105.37549025617511,2,46.53360476063541,40,at_risk
13,369.2084611999489,3,31.86152269869037,16,stable
4,153.69361728389467,3,50.28063547210906,43,at_risk
21,450.23353091020397,1,5.814588945418098,2,active
2,50.91807935166749,4,12.201085413552914,69,at_risk
39,1092.968816447374,2,87.17247648245095,2,champion
4,55.512304646977185,1,73.28221333991925,88,at_risk
27,793.7640901674323,6,39.795612236142354,2,active
18,681.6840890978117,1,8.74554568793986,1,active
9,334.0845177697355,0,19.77741203247618,12,stable
46,1354.4964445923533,1,63.8182264733589,2,champion
13,253.85917038876045,2,48.28529251522695,14,stable
1,53.18621740539536,2,13.62873175019741,33,at_risk
3,65.08551124914982,4,79.80448946723301,89,at_risk
1,152.35344807234938,1,15.008417669514685,82,at_risk
45,1926.7085135127465,1,27.63888978767053,1,champion
7,292.331321777964,0,84.87691579110832,13,stable
5,57.033091137789995,4,87.12561131495043,84,at_risk
7,268.6289690912232,1,3.8126463252602494,24,stable
12,448.76571512191254,3,15.097724229118947,20,stable
8,451.4522906890658,1,97.7971337549206,7,stable
14,390.84993718340604,1,18.410002294582583,24,stable
13,741.0440581136451,1,45.48026212118552,6,active
20,400.1145232697502,0,17.766190477299414,2,active
3,132.95912944010624,0,84.96206678523352,36,at_risk
4,113.92373940171744,4,40.48321265026785,50,at_risk
4,78.82678307189794,2,67.34828345503776,89,at_risk
0,61.6219318559424,2,9.92570358907936,41,at_risk
48,786.5833143990718,1,3.553426648976721,1,champion
42,1581.027274263325,0,34.59587014165169,1,champion
39,524.3202199966762,2,28.646873645483772,2,champion
6,89.09789417167143,3,52.05505424880942,33,at_risk
21,732.4450203178394,2,60.010421678985196,2,active
42,681.8869160533542,2,36.918864124697336,2,champion
16,626.0708415373479,1,92.86430649301923,2,active
22,703.3313373471865,0,27.507619217391454,1,active
35,1822.741831951003,3,43.32663199517756,2,champion
18,657.3418272633223,4,6.2522413370423084,3,active
10,395.9778463530248,3,95.18433288320179,13,stable
2,171.74983289017283,1,1.458901279535607,39,at_risk
3,73.01943761957367,2,9.212153940103128,78,at_risk
8,454.7019563846721,2,62.80428266075433,21,stable
9,227.70684877260894,2,87.26092386484058,8,stable
13,248.6346436143385,3,75.86038138593693,13,stable
13,412.0090324257664,1,65.19305354412886,19,stable
24,778.2535555755048,0,73.0064516638326,2,active
45,757.7824573477125,7,80.2704823388449,2,champion
4,154.0907287040386,0,29.46809424854282,71,at_risk
21,534.8339965234289,2,11.779359344962604,3,active
41,1440.2535985491354,1,65.16769364501589,1,champion
4,158.47662346746063,1,45.891073799324055,50,at_risk
29,334.02784709789785,4,68.11763062941516,5,active
5,193.4610091129362,2,2.3652792850264115,71,at_risk
4,166.55147115933664,3,51.98911402970809,78,at_risk
26,649.23130095243,0,23.764834591950677,2,active
9,422.9058166140518,3,65.8230872398582,28,stable
9,193.01518929017453,0,34.69710463289214,44,at_risk
10,458.7108059615436,5,25.80026477023134,25,stable
31,729.8184676681979,3,62.65513282078532,1,champion
10,246.1087986830213,3,8.061027753930395,24,stable
23,383.8984879902482,5,0.1327704843270161,2,active
1,63.435328867048376,2,59.710459457646714,86,at_risk
13,443.72988774221125,2,39.19352990031887,3,stable
17,796.0217834401764,1,57.06447949646102,3,active
2,119.21055620423802,1,72.30812535658572,40,at_risk
1,67.12571614879947,0,61.92111171730309,61,at_risk
9,358.2633146648033,5,77.47944422736346,27,stable
15,597.6756149839916,2,20.440321461983725,2,active
9,438.84172363801355,0,30.796025564561937,13,stable
9,283.7478183861989,4,2.2627251078309096,29,stable
28,1479.1485571953015,3,63.87426483198462,1,champion
16,360.2706280431118,2,76.39354280572238,11,stable
22,338.11930696166957,2,84.7652668374079,1,active
29,623.4298682337947,5,13.798702775772242,3,active
15,276.42191555703744,2,28.164253434274787,20,stable
23,759.9237864380809,1,34.08910828767918,5,active
39,1023.7250848351998,2,66.64051847044668,1,champion
40,1069.841384931122,2,28.738411629150086,1,champion
43,1591.2680584859443,1,24.459062558914557,1,champion
6,269.1158119783836,2,4.030647721042923,5,stable
1,182.7695765766147,0,71.48431377591267,31,at_risk
45,780.9518643843666,0,82.28387584146151,2,champion
35,1272.3126193571932,2,79.89463199040584,2,champion
27,448.70613607354,0,52.446070927216184,1,active
23,747.949163568792,2,60.867870013525085,4,active
39,1907.947306237696,1,25.32360830854451,2,champion
40,790.3205977364779,4,83.3423562090356,2,champion
9,137.70073266616404,3,97.73466172388561,43,at_risk
7,406.78719664549124,2,34.26430050117967,18,stable
29,813.8031375377886,0,6.657689010345624,2,champion
2,89.82776058511588,0,95.28693234948665,80,at_risk
2,181.0644180680751,0,65.87759794367172,39,at_risk
36,1224.4892314624758,3,26.144389171576364,2,champion
34,1526.506348697413,1,50.066229398859775,2,champion
26,460.7723507650235,1,13.197145683825784,2,active
19,600.8207707149126,4,24.850834634452458,3,active
8,481.3414983848312,6,20.826722780061434,19,stable
2,173.9465970833843,3,2.4594524690058073,77,at_risk
27,576.5399635617207,1,92.08744070210622,3,active
1,487.4218730091353,3,47.80543956061798,17,stable
6,233.2606055254178,1,47.5970611897593,1,stable
4,82.30883901238006,1,85.77837442637724,55,at_risk
9,299.8947392908098,3,40.29566986072065,2,stable
2,50.3103310250288,3,33.20924307865973,86,at_risk
4,64.99629912716534,4,10.37861282539474,31,at_risk
10,265.1247960980431,1,56.677975035603836,22,stable
2,160.4115279781348,2,53.85162185569149,82,at_risk
14,466.6351421705646,0,68.21374388141803,10,stable
3,163.14508535687708,2,99.1224735148902,73,at_risk
13,316.6182597593933,1,11.367058581963875,1,active
10,453.3384740321792,3,82.26124118537668,1,stable
16,347.8661172185186,1,74.59615327827211,2,active
6,116.53139705926223,0,41.41632600473224,48,at_risk
42,779.0925486392017,1,11.865817443984206,2,champion
14,307.7887253768666,2,56.76439690517069,5,stable
52,751.0341555203795,4,1.9534975207454508,1,champion
19,778.7571045613128,4,28.19345870321652,3,active
6,221.27990056833042,4,68.70662883038439,6,stable
5,125.99779087214503,1,31.36147137932297,79,at_risk
49,1870.2082590156033,0,60.9038525335743,1,champion
14,267.00139156899223,2,97.62020907601108,26,stable
29,534.0691905816356,3,5.2191175371490655,3,active
28,1812.8311899116325,1,12.184957327707968,1,champion
15,481.3404646932753,3,30.774587549723385,1,active
16,741.7856523947104,4,0.7494036981330221,1,active
8,477.88969769988773,4,29.369758432678683,6,stable
34,1711.5123077973467,1,98.49384842011999,2,champion
6,416.7434001263509,1,90.55151800160637,3,stable
10,324.12229189853275,3,28.38375497231267,7,stable
18,462.7772550422874,3,23.057562791754226,3,active
37,1223.198729899554,5,1.0527758138367593,2,champion
36,1858.3355021344255,1,73.61158307353935,1,champion
14,387.309063382832,4,84.61581856357135,14,stable
46,1603.5024061513107,0,19.20786516793026,1,champion
18,404.69426108430406,0,92.34924817824496,3,active
36,1616.7292206413158,4,18.764376640011015,2,champion
24,757.1582992572876,1,8.444925674209703,1,active
7,291.35716007556744,4,2.3948327414337167,3,stable
25,630.7042371448348,4,6.820509584715884,2,active
3,198.71010466779194,1,99.82562628961064,39,at_risk
19,458.37028799139404,5,30.51163334149718,5,active
39,1296.8283070283226,2,61.34836170495637,2,champion
0,51.52971762430381,1,66.72031924298304,50,at_risk
40,1484.3844403681949,1,4.318651116623906,1,champion
11,711.6137031210824,3,73.04549395589733,2,active
18,301.5370835535881,1,77.93729004064039,1,active
18,619.1969031013599,0,33.342801317465096,5,active
2,146.38820116398486,1,3.2100879200116172,32,at_risk
1,61.32568470722817,1,82.08231707597764,68,at_risk
15,443.844931528855,2,55.17643601889745,5,active
50,1124.1177657362089,7,65.39315696392327,1,champion
4,59.837319152528934,2,20.02858634166219,50,at_risk
7,462.16221462903485,2,79.80299475306526,17,stable
2,114.75873420144657,2,77.12686665754137,62,at_risk
34,1730.4790543360787,0,68.29278600358634,2,champion
3,159.87718004890556,1,70.69030126217818,48,at_risk
40,626.5384762631024,3,97.9278675035906,2,champion
12,249.16981567837544,2,83.33540626688048,13,stable
3,126.25163633123753,0,64.83860125334637,37,at_risk
3,78.23166433258073,0,45.19829118785955,59,at_risk
12,367.33189254122925,1,65.72230489140047,6,stable
3,175.5925360406504,0,28.18015375345173,85,at_risk
18,457.9079495709464,0,9.180000159417867,5,active
24,462.8207373114826,1,97.89087284364993,4,active
21,449.57513780017786,2,72.1619085028824,3,active
10,385.6369984039036,4,94.44207214991086,6,stable
3,117.26443313614513,4,45.39764316643213,65,at_risk
14,382.2347622527825,1,56.62416456116199,12,stable
12,219.61106093083816,1,16.799788998809085,28,stable
40,1644.6613697661405,2,48.684574975729625,2,champion
11,492.7959556494317,1,10.294406904180908,4,active
22,438.14763311536785,2,43.42068058316394,6,active
40,1595.617953292031,2,1.9725904915047443,2,champion
57,1193.7202859457134,2,74.82973037421455,1,champion
25,492.63566444186864,0,32.74520987455786,4,active
33,1672.233628608725,1,31.91911975812519,2,champion
2,165.27049715646493,2,65.21139592802663,43,at_risk
18,684.4154123005777,4,55.56467840032799,2,active
24,523.3689473447763,4,15.817107221553917,3,active
10,306.233123977341,6,58.518791629605374,5,stable
1,66.23786612618086,3,68.2328809448444,32,at_risk
37,1943.7074688470068,5,58.009983784259354,1,champion
11,437.1108573891886,0,79.90962831653002,25,stable
44,1609.7814309999808,3,99.78004191945216,1,champion
22,541.4483925477654,5,80.4156773775734,2,active
11,254.6523216053008,3,36.812664434278986,29,stable
11,387.3618762073198,2,54.488963207941445,21,stable
45,752.1424499898195,2,51.19600723695462,2,champion
2,182.95002412638175,3,19.527391344569732,63,at_risk
1,61.40955920807073,0,9.916317125298669,43,at_risk
10,462.7440280933129,7,93.87968521079577,8,stable
42,734.9964073486549,3,66.64419105420262,2,champion
23,323.0304460677842,0,87.19355621059478,1,active
4,338.3328152443728,2,96.85205727566024,21,stable
36,1842.916717744238,1,25.85414759460273,2,champion
9,412.46633407758986,1,10.001363222192339,25,stable
11,251.38935259639365,4,32.35232229000019,18,stable
2,54.89639290591572,2,69.2190464908744,53,at_risk
5,59.134692947543684,1,1.4001589266522285,82,at_risk
36,1793.9136992453086,2,49.246347159431146,2,champion
10,242.99247282298623,5,99.01267767184882,6,stable
26,601.1682239846036,2,62.67806071071935,3,active
27,433.1510595957999,4,94.04261785927588,4,active
29,1633.0886875664073,4,58.60372123218981,2,champion
29,936.7256356813999,1,9.606559448916553,1,champion
23,501.5632228835207,3,12.65864790583533,2,active
4,70.5632317491343,3,51.43322702297573,43,at_risk
22,762.679308222946,1,78.92318094660298,2,active
4,79.80403859001942,2,61.34794531860055,87,at_risk
38,1676.8476036543252,3,50.32547113770519,1,champion
13,465.07207371535605,1,12.656051739388474,12,stable
16,202.4532908369169,0,37.0621252466944,17,stable
42,1557.6114175102548,0,94.12602361213047,1,champion
43,1990.854443760576,1,92.6116655823469,2,champion
19,384.01481529588386,2,53.244006054926764,1,active
21,467.25047791690685,2,95.70190184161189,1,active
38,918.0067408804857,0,73.9896154179515,1,champion
11,462.6966210502825,2,24.44097926148192,3,stable
2,167.71608851568635,2,32.19247848046142,69,at_risk
9,302.5022835361739,2,86.35099391242942,8,stable
13,483.74405243457187,1,17.415431284885052,2,active
8,327.2769531237177,1,76.44314964848998,18,stable
3,149.90620426739588,0,63.13455499467724,89,at_risk
32,1061.9098209239814,1,64.92142100059539,2,champion
9,353.21789155073776,1,41.29040208292098,9,stable
32,1022.9691288472452,1,23.452532488414302,1,champion
7,471.60780751147325,0,41.68933247477108,8,stable
12,359.78921386767297,3,8.746452641105328,18,stable
5,65.77611897662632,3,51.885082268839135,38,at_risk
14,304.48973616246377,2,19.54365712842999,21,stable
15,508.12657975912214,2,15.087074845219917,1,active
2,105.41783242761646,1,28.48540818746287,30,at_risk
43,1425.8696723342273,2,66.9339610735244,2,champion
28,375.62307402910335,4,59.983279373280354,6,active
14,244.408306871978,1,69.36366956202323,19,stable
6,492.33246011504974,3,29.41252606104612,22,stable
26,932.9407483999336,1,19.693806572864993,2,champion
11,411.4385803785106,2,83.57096009371338,4,stable
40,1647.9394371119763,3,53.23800850803468,2,champion
15,498.8227089382792,1,27.404919087258328,23,stable
14,374.1229077799887,1,64.2258415114946,13,stable
3,131.5656704194642,0,67.71740720510905,48,at_risk
36,1877.948314405979,3,25.343549730104144,2,champion
21,355.23938531407293,4,68.83194898155745,6,active
7,290.7862148953376,3,39.18864303316894,16,stable
41,628.3300238852886,3,54.396176766184034,1,champion
42,1501.4368187677153,0,50.78964794199838,2,champion
2,152.50871369364074,2,39.621267696919126,59,at_risk
38,873.434314785024,0,87.98823066067798,1,champion
25,425.42018005633565,1,63.972401473809725,3,active
3,170.92688659361124,1,2.0901571514089334,58,at_risk
48,952.4942539078706,3,57.08958522414519,1,champion
23,580.457665053949,4,83.65373420426562,5,active
18,525.3123388189681,2,62.42428220597357,1,active
6,238.08747716879336,5,85.89233848091857,12,stable
24,586.0535677968013,3,74.54126330158766,2,active
41,742.0351935083935,0,43.919052368600696,2,champion
10,259.9377198659267,2,29.952033409749014,11,stable
40,1359.3731611632804,4,28.163710905162255,1,champion
19,606.8557018904304,4,75.86579335436997,6,active
16,722.045040820619,5,86.9850518557688,3,active
17,215.87595065044744,1,93.06738076541238,12,stable
20,798.1024031858815,0,43.304783671834855,5,active
16,653.876341523239,4,23.163655561847772,2,active
57,1940.4056845627317,0,78.69131090173578,1,champion
11,468.67022163966067,1,47.55251931254635,3,stable
12,256.2340132673597,0,6.174630456882568,11,stable
2,167.48818304155526,1,69.99236742644544,52,at_risk
3,89.872816183709,0,46.74880760461873,70,at_risk
16,772.1392232391845,1,99.33657559845165,2,active
2,85.97778085059151,1,5.115809153090334,86,at_risk
46,642.6628530193636,2,28.006581522055285,2,champion
13,384.3623597931118,1,35.54140344645307,10,stable
48,691.591233838419,1,97.22583362753288,1,champion
20,359.79134115499943,2,87.57661467507081,3,active
2,69.81265641062107,2,34.16160137883685,66,at_risk
2,195.21062499477134,4,51.43722050117272,85,at_risk
0,172.0509170512146,1,12.702088770275942,69,at_risk
37,1976.2109464068456,3,77.33380702780302,2,champion
19,698.8071263435435,3,18.341453381288662,5,active
42,884.9775026106694,3,83.3821813693049,2,champion
2,142.76845904910996,2,99.98439030183852,46,at_risk
20,323.1785014955323,1,45.665096102074834,2,active
14,341.7018086697337,1,40.32633644306858,10,stable
3,190.54249528816456,2,86.68526937538246,88,at_risk
4,85.18445083592721,1,24.502464597740502,54,at_risk
11,323.5369779776193,2,90.8579348707784,5,stable
16,244.3556234482017,1,18.30807705234687,29,stable
34,738.0526718652031,3,27.77850251171611,2,champion
21,763.7130747699675,2,32.612842744199966,6,active
16,618.7223876920202,1,12.09044994725722,5,active
3,117.2071031195187,1,0.6421935750367647,65,at_risk
23,550.6018836158611,4,95.55830326793523,6,active
35,1926.4196879439505,3,38.673921644179366,1,champion
22,614.4772181367157,3,6.822357205764817,2,active
13,459.7305014681516,4,63.64294337911826,5,active
15,369.7410649068627,0,76.25593100110241,6,active
2,105.30925743594784,2,25.86454376041216,86,at_risk
16,378.3731889574165,0,91.97458163011217,11,stable
5,165.61789501840596,4,96.5371893999723,70,at_risk
20,601.7214571600766,1,51.582987741255,5,active
2,57.84740088459067,1,72.17689359751938,70,at_risk
44,738.7182493061496,2,54.387617596920855,1,champion
9,228.74516515450793,0,75.92272280902165,17,stable
12,458.87552489785395,1,7.721172261404341,21,stable
23,779.6624437699614,3,81.5157427249792,3,active
8,474.0640907964191,2,69.58914946554488,13,stable
4,122.45566120241182,3,42.76484379126736,82,at_risk
10,488.1668253510516,3,99.79856124271753,9,stable
22,363.17897716085554,2,84.57897748456604,2,active
14,328.20435157547047,3,32.149109549175655,3,active
12,425.5178324779767,2,83.56960305926103,26,stable
20,439.5178953943655,4,38.722628382331045,1,active
2,149.78601289672133,7,20.02739694714013,40,at_risk
13,418.5656936381983,2,1.6863722627367683,4,active
8,297.41870583101235,1,35.43862948165961,20,stable
24,573.1390961550321,0,86.24165855274931,5,active
6,77.1811087915242,1,4.138109219491948,42,at_risk
20,594.7181280191211,1,29.177841428139573,6,active
37,913.0960221124694,1,7.7261473845725686,2,champion
18,531.0886556643159,3,51.44873887639645,3,active
41,1368.9790359504143,5,21.12473290825122,1,champion
14,377.49635537315015,2,73.53781299223019,4,active
3,157.04598025385968,2,9.926331012881462,44,at_risk
20,663.1210457732799,1,38.253479121948466,5,active
31,1650.9244377107161,0,19.08114675783742,1,champion
5,191.1239696526147,1,26.385299097295977,45,at_risk
2,97.17758400558313,1,49.10839299911224,51,at_risk
33,1921.0557822753387,1,13.922213993094912,2,champion
36,1608.0462954795762,2,48.860026634538656,2,champion
4,80.97464064651433,2,96.04126446097436,78,at_risk
7,303.0559924272004,2,61.19648241373105,23,stable
13,301.624253217601,4,32.68269011871534,1,stable
3,88.43582020453701,3,58.99155277705373,65,at_risk
14,426.88859060747507,4,81.82632896900208,2,stable
11,384.3755694839389,3,20.827285898356795,11,stable
10,223.90016913891148,2,72.28123195046481,10,stable
10,455.61578762238145,1,16.238850911423285,23,stable
9,415.30016524688284,0,46.03844853579879,13,stable
18,335.319732844298,4,43.39154096535256,4,active
24,761.9442666142884,3,74.63443828382627,4,active
12,334.1945360375519,2,35.492232913629266,24,stable
45,951.6764201098714,1,57.796344025192305,1,champion
8,416.6555925814609,3,28.295009969963502,16,stable
12,368.8143045701372,3,49.31169856327973,5,stable
37,1023.981804113627,2,62.73142964777445,2,champion
9,271.4405684856011,1,32.86962112123837,18,stable
31,1074.7145641584464,4,72.74515207318632,2,champion
20,745.9540948009267,1,35.01758422453778,4,active
12,215.4614938801375,2,21.359897153197338,25,stable
2,50.00500194614882,1,7.42418491928154,79,at_risk
3,120.34561376096494,1,18.097906981152644,39,at_risk
16,690.530408268317,3,69.26189842660293,1,active
47,1250.6064989547417,2,58.36867319696981,2,champion
19,387.9737154030297,2,64.97874661547812,3,active
2,114.7295144219062,2,70.86054559242221,36,at_risk
35,862.0854919619886,2,76.15020773733792,1,champion
34,831.9340009427394,1,98.34232355337866,2,champion
4,61.13281531782016,2,26.367443142883072,47,at_risk
10,461.72999451867884,4,75.53619112788469,5,stable
22,434.5256897354276,2,37.40319818670012,5,active
16,686.0031180412113,1,66.32751935023907,6,active
5,107.74377472034998,1,87.95730618431068,60,at_risk
41,874.0071389453973,2,11.485945157468414,2,champion
35,1540.282174505306,0,93.81795892003204,2,champion
8,266.2455414638027,2,99.15463291199728,17,stable
5,79.54534314715733,1,6.525667217552988,69,at_risk
13,348.58822616983264,2,10.672322031198222,8,stable
11,383.4288568905466,2,27.133442669791318,24,stable
15,703.6965901956478,3,32.77497918467351,6,active
21,465.56281586911757,3,73.0250150724915,2,active
0,83.12204999883139,4,36.99807508359508,81,at_risk
5,67.32253155864822,1,74.0758130701817,47,at_risk
18,466.315083481695,1,74.12890789516052,2,active
24,351.013110993719,1,34.237069070968,2,active
48,698.8656547954299,0,31.968343576042123,2,champion
43,1292.513962063524,4,12.507483438812905,2,champion
9,378.3449789121908,1,58.29455095553826,6,stable
41,931.8105122297043,1,88.39386023885358,2,champion
38,1497.2503755115608,4,86.89225898569515,1,champion
39,1394.935782734971,4,61.246361294636046,2,champion
2,85.38386254665544,3,70.44498507123785,81,at_risk
17,304.1329442430182,3,67.2554737466793,1,active
6,422.50503224661696,3,84.63165511920121,11,stable
49,1091.0296516202486,3,12.926534851957538,1,champion
18,751.731375945145,4,5.360404958033627,6,active
43,1146.3072534924386,0,93.22638930096768,2,champion
5,212.0806391256894,4,42.72555674734127,18,stable
18,753.4189088509094,3,0.18238383925128776,1,active
19,324.9930709466569,2,47.8537808300129,3,active
13,535.3006291366081,2,56.09845610556255,4,active
7,331.07826586711224,0,56.45330632802421,2,stable
17,325.41157750769213,3,94.56435060654897,12,stable
2,123.30801847613328,2,22.1503035795631,44,at_risk
10,255.23949423559554,4,43.429121970293636,27,stable
2,171.91659570649554,3,6.433126017720681,64,at_risk
25,1282.5760286143804,1,98.00066197798265,1,champion
14,524.3186889136932,0,92.86728531614094,6,active
7,300.45623965866815,1,10.072118607951964,23,stable
6,182.85168419415726,4,61.039235557080694,73,at_risk
17,636.6197594056162,1,57.44625033480894,1,active
42,1226.385259123621,3,80.79710648300187,1,champion
21,378.56765555271386,3,26.444621663247613,1,active
11,432.0159418850031,2,59.18739281512953,1,stable
21,428.32960526772473,2,93.21466299702158,1,active
3,168.52248129116836,3,18.17402058592651,51,at_risk
5,190.28974077785307,1,59.677280142368474,65,at_risk
7,479.70827211834313,5,84.37916549109819,6,stable
48,1839.696894145387,3,14.949076287035478,2,champion
46,765.4654134211039,1,87.79476078807133,2,champion
18,464.73119988283935,2,57.99611855169611,5,active
40,1298.8912048082286,2,43.11777834904906,1,champion
36,768.6156028142861,0,68.3953088175495,1,champion
28,366.94460396551005,0,87.13754058075772,2,active
36,1206.9889271091854,1,9.027922047194947,1,champion
5,68.88565305620422,2,42.4770503534994,38,at_risk
8,298.30175860411276,1,39.606304255836946,19,stable
11,324.69907196299954,1,3.3969151556313193,20,stable
16,409.500636118708,3,50.302851604762935,3,stable
24,355.89745994328234,2,77.64245572319108,5,active
17,522.7754439899165,1,80.96726491250578,6,active
29,384.3649781603311,3,7.424953855382254,5,active
11,497.7077170643891,3,29.78649141450944,3,stable
44,1502.989663122658,2,22.244931382955258,2,champion
10,474.4642568611567,0,66.23924445753082,25,stable
16,382.01107076253646,3,92.07160072479616,6,active
52,1197.5123436875704,2,39.649007649292614,2,champion
5,294.1945390134932,3,19.325686233262285,12,stable
33,1705.7454755907852,3,94.09371915217442,1,champion
46,1937.1046045754551,2,86.18534455666432,2,champion
26,391.4089797130224,2,69.94338206478648,6,active
34,1729.2829319985613,1,66.4950310415299,2,champion
13,691.4819737249286,1,86.91779107671367,6,active
4,226.34682209591878,1,24.4538679672889,25,stable
21,432.0481895798397,4,56.113010118891005,1,active
3,105.61371306370103,2,16.08392597312135,34,at_risk
1,100.62057244639935,3,60.27312925439362,63,at_risk
4,403.71632846748133,2,59.719854593979896,25,stable
3,130.22518337242482,1,85.01766638262356,30,at_risk
16,339.07069124516215,2,63.21903024007801,7,stable
8,279.2399786097633,4,10.174641859389732,14,stable
28,686.8437115474178,3,40.31849743784092,2,active
21,673.6628579810226,4,35.38043651618443,4,active
16,491.3446478584413,1,31.088783035236077,2,active
11,367.38101453792115,1,40.893218256784195,24,stable
46,1033.762777152425,5,43.430119091132966,1,champion
1,118.20143614434328,3,41.466998116479616,41,at_risk
20,659.9048668275653,0,74.70564278163737,4,active
3,111.05650905383878,2,11.447905430930394,47,at_risk
29,1920.549988699107,3,52.74317308845935,2,champion
16,478.7807222062022,2,75.80566175210642,4,active
20,366.8480481752206,3,4.098598080135152,4,active
10,448.4026397131029,4,74.2676314568164,23,stable
14,240.74328056610256,1,27.244667834823165,7,stable
3,181.9365836687406,4,23.545594219181154,32,at_risk
14,649.2011508624873,8,56.085397040053444,5,active
5,89.8432608458972,3,15.812683533008565,71,at_risk
39,1348.1480336607485,1,64.09472865654278,2,champion
19,783.4070384241909,0,96.95617206487653,1,active
43,1902.1905982635374,1,85.0083330955812,1,champion
3,320.66663588504457,4,21.932896556982172,5,stable
7,195.2546163939129,3,57.21094752153664,59,at_risk
3,133.93846215474582,0,15.08760709414878,83,at_risk
8,314.56550020395247,3,18.446782882992842,26,stable
2,181.51089019777314,2,97.57252214906956,75,at_risk
4,76.80858826017663,0,88.21138250091259,60,at_risk
5,112.8437306110724,3,76.57598644038775,48,at_risk
17,558.5393489235844,6,18.814535952175227,3,active
4,179.60938204093435,1,48.03832392431022,61,at_risk
4,183.15080465256446,3,39.385345613309774,83,at_risk
36,1268.982949493127,0,26.048378244899816,1,champion
36,1876.271739531712,4,28.170461775708468,1,champion
53,1055.2172477569973,2,8.815604738095917,1,champion
53,787.5444323216425,4,18.487137846889002,1,champion
3,178.81035422029066,2,96.190346814532,60,at_risk
54,784.3953760823512,0,5.451443922014654,1,champion
5,115.17524426614484,1,23.280022872995964,49,at_risk
13,641.9268321125061,3,33.83492374328871,6,active
37,1339.1376812204858,3,99.2878300984718,1,champion
33,1254.7720666031516,1,59.21034784070498,2,champion
13,316.8535553288389,1,49.9574125719638,20,stable
6,129.67519767351698,1,16.175519271996908,40,at_risk
6,321.0107863797249,1,29.95841111536518,23,stable
1,176.86090181554445,2,24.711052688149103,66,at_risk
47,1980.9485665496575,1,94.54463970154579,1,champion
43,1308.0459385405454,4,86.65432543173245,1,champion
2,194.8059911757444,1,21.4516616340236,42,at_risk
10,202.21027346904597,1,41.842689595136605,10,stable
29,712.2043518160598,2,16.710628338653656,6,active
34,1631.344747704032,1,29.446188810067696,1,champion
10,289.88399233712744,1,9.63171778591565,25,stable
10,547.6176717120635,0,42.95851170019594,3,active
18,356.7113651186443,2,16.48215064313099,5,active
9,421.25684126598804,0,32.00252481954375,26,stable
16,781.9509256352502,2,88.93020424170135,2,active
14,258.0627443028391,0,60.7235539973794,6,stable
14,404.8154460530713,2,95.8757970381747,4,active
5,117.7643091839862,1,86.71038759229468,89,at_risk
3,129.25626240335657,2,41.4521028432034,83,at_risk
1,74.45531795973635,2,93.01408665033618,89,at_risk
2,149.81068005380908,3,6.071581973544172,51,at_risk
41,1241.358687481594,2,69.84418837465167,2,champion
44,1182.594714656207,1,97.52923527668209,2,champion
13,489.5574589064934,3,67.43057206315326,5,stable
8,477.43485345288303,3,46.15825567238224,19,stable
7,439.79983251541506,2,81.64592772266745,5,stable
15,429.0698686794499,0,91.99462948553554,2,active
30,607.5713876944293,0,40.10854235631795,1,champion
3,76.22952537222065,1,47.21695175952673,60,at_risk
16,318.3226859931978,4,31.91888099598035,3,active
12,448.81410513097535,1,36.51866940060322,24,stable
11,295.7388894336634,5,49.60992194606491,21,stable
7,418.69324956798596,3,6.263154789889702,24,stable
46,562.5178485338502,4,67.39852720620449,2,champion
1,161.49763424922529,2,50.92395202732975,44,at_risk
50,1760.3705107205046,2,85.01053735705887,2,champion
3,137.2056141264307,1,45.04545307565452,52,at_risk
11,355.3924749513881,9,65.2837514766277,16,stable
4,169.88676329687925,4,75.58217804753338,65,at_risk
21,652.6101824247816,0,38.39396543737242,2,active
40,1711.5024143620217,3,65.13896214633358,2,champion
47,1762.8475990508439,2,1.0211296661377878,2,champion
19,569.3485738814701,0,84.8867527771725,4,active
34,837.2837668108466,1,48.99930069167369,2,champion
4,163.75703248109912,6,39.76989806636101,70,at_risk
37,967.3819811393604,0,68.57857075413214,2,champion
2,145.3134883634057,0,82.35947066057393,39,at_risk
24,1246.0318823424134,3,94.0192993396153,2,champion
11,212.65019180922883,0,99.22972299211284,25,stable
21,634.5838166518068,3,7.801480116662751,4,active
22,663.7008630855777,0,11.48539823716983,2,active
2,97.01795117264932,1,41.73562051912224,46,at_risk
4,80.70747531209457,5,9.895181970397704,63,at_risk
27,322.54184868701054,3,26.538240084445654,2,active
48,1325.635946261798,1,58.79199735030777,1,champion
1,162.4374852307106,2,55.524542772179245,82,at_risk
25,454.9627106297748,2,28.321781626761755,6,active
13,265.9373267965412,3,17.70952527366155,23,stable
22,658.2991985014694,2,33.046003948457226,4,active
12,487.23748648612496,2,44.61687165521595,23,stable
4,89.20765976064085,5,23.248485205009185,54,at_risk
12,413.17479286123967,2,12.148794787553452,16,stable
5,195.14690980378623,1,66.68291910918404,35,at_risk
4,101.91835432620105,4,43.3291904609877,34,at_risk
35,1852.6662888187132,3,1.3805035262191567,2,champion
11,450.7037711767971,1,33.41791358549317,19,stable
24,556.6887749311186,2,33.61636297346542,3,active
25,437.0709996360386,3,60.39909189067751,3,active
11,344.80976208742317,2,60.87264957935662,16,stable
2,88.4345623999776,4,97.90266420445252,65,at_risk
11,715.4041886822142,4,16.419226362726715,4,active
21,733.9451543265913,2,38.55922115074114,1,active
32,483.8177468892667,1,82.72944840168863,2,active
19,412.54333901774703,2,43.8635005326407,4,active
29,598.9701316322421,2,66.22812641025473,5,active
1,122.55668988291306,3,80.51170111764246,70,at_risk
12,387.3063361898434,1,67.72403735933791,21,stable
38,1933.0384872817463,0,34.25822784537244,1,champion
47,1175.8408769430725,3,41.77176802372195,2,champion
5,167.59392192085346,1,71.74067050539789,67,at_risk
1,109.5746242922145,1,72.21446907259973,84,at_risk
14,778.3530513365615,4,55.535169609161336,5,active
19,724.0886016750319,3,20.646309171377542,2,active
22,376.1459181235871,2,5.284682073327707,6,active
4,109.66090560236707,2,94.85978697153044,77,at_risk
13,293.79303172239696,1,30.317690639827756,11,stable
24,599.3556940845882,1,82.85690170989169,1,active
1,159.45545185370466,2,62.34071824737968,89,at_risk
3,85.89610395260843,2,21.714823738608267,50,at_risk
15,533.6406070969576,2,25.987082802852136,2,active
31,1505.77638627847,2,21.175098729146967,1,champion
9,320.32174040378754,1,46.890580774103874,27,stable
13,223.04915307168315,1,99.8673671638914,13,stable
1,126.7956315904309,2,18.016128796283816,81,at_risk
35,1477.2578384485644,4,62.074766613528176,2,champion
10,223.45943122507703,2,17.31078244619245,11,stable
3,131.93670987059275,4,7.64265867011501,32,at_risk
4,177.02637431087757,0,1.9488847383738794,43,at_risk
39,1719.1406069629104,1,85.812769555405,1,champion
12,344.30205197902075,2,68.33205318405679,8,stable
7,251.11001377352702,1,90.05016888424458,26,stable
12,466.58424743929476,1,57.332040390933514,12,stable
12,364.0926147045396,0,64.23513717257134,20,stable
1,122.20456490498671,1,69.63591193381163,75,at_risk
36,582.3208760860173,2,19.81176398495891,2,champion
38,1355.8641660804437,5,49.08746717226137,1,champion
31,535.4951912241959,1,76.74488916199532,6,active
9,383.52064491222615,3,28.181612325453443,18,stable
5,118.80837792324719,0,31.764007284087945,31,at_risk
28,348.71088122948197,1,90.70517586784408,5,active
36,1297.0493703315897,1,27.555637452974267,1,champion
2,105.51337679311857,1,14.96066867397654,79,at_risk
36,1916.4871669985848,1,51.85608866791242,1,champion
35,1361.5496950381157,2,41.28656420788831,1,champion
24,419.5750256074274,0,84.57493965176228,1,active
17,572.5441290651883,1,19.39590477675598,5,active
22,553.6996728773738,4,94.11109307641675,6,active
13,379.3972962770178,2,27.19730642288264,13,stable
37,1252.9644871926348,2,8.997935883358444,1,champion
13,488.0734614696862,3,19.377372567759764,1,stable
35,1352.7424538894531,4,91.98631360059962,1,champion
6,439.80338030271685,2,14.395354157773133,19,stable
24,584.4713734525842,0,43.222497634438895,2,active
15,759.1146829055466,1,42.26151459040276,4,active
13,244.39655223442338,5,3.288761948773855,3,stable
21,755.8681577566196,2,85.32983350648288,3,active
37,1892.7919570616086,3,44.521696957536975,1,champion
29,562.2614448877289,0,45.49915898767421,3,active
1,175.54652899395737,4,2.7787086376174996,65,at_risk
8,210.43182159156285,2,36.81120195901022,28,stable
13,362.8452580276611,2,38.08488011764389,6,stable
13,269.711483945192,2,70.76730871871413,18,stable
44,857.6348782446137,1,67.62280069956812,1,champion
17,653.8899169763097,0,77.4063358508134,6,active
14,366.6242113367448,1,42.77790207852625,3,stable
18,692.3097038055723,1,62.13259420213409,6,active
35,804.3214616548819,2,41.83676102025108,2,champion
17,521.2857205999876,1,10.42137380170608,1,active
1,181.25128647907152,2,78.80734754387542,67,at_risk
43,1461.2521623384441,2,28.370138422862755,2,champion
5,145.27530660682044,0,65.6010670786668,36,at_risk
21,746.3596872196597,1,76.5251940389046,3,active
40,700.5899266115558,1,95.4453421618887,1,champion
8,201.40989826108068,3,80.29000092056496,21,stable
0,177.4737684414042,0,86.40245378085315,69,at_risk
2,142.3487246335569,2,9.408202064106796,36,at_risk
20,763.6036137286302,2,55.55776952707912,2,active
13,262.6299066954928,1,58.290788009531425,14,stable
5,180.84240063830805,3,19.50733481342923,59,at_risk
32,671.9823021968438,0,78.92131029429497,2,champion
63,1980.0855758126045,1,28.802167568108274,1,champion
44,1778.1396504006418,1,14.215104348125518,2,champion
13,694.3458124702706,2,61.151680985359306,2,active
17,791.2075513361251,2,33.06919635941389,4,active
6,144.70816633607515,4,10.33866168579528,36,at_risk
2,163.7157099934709,4,76.94105773498625,32,at_risk
29,1776.9994083898268,0,66.32479923290902,2,champion
2,174.97104637563416,2,18.342048377093654,34,at_risk
41,1804.3155779713036,1,37.066325866170416,1,champion
14,457.3873002548572,4,79.08437215871369,13,stable
3,189.94819574967852,2,92.51965584101289,57,at_risk
51,1309.1149484481964,1,70.24537810275476,1,champion
12,332.8143975321397,4,44.851811418130126,26,stable
12,362.0913785611082,2,73.1398763024201,1,active
17,579.1519352812069,0,15.109037488031785,2,active
40,1289.6175165091413,2,3.668754206505198,1,champion
17,324.7323479835289,4,50.798711207876266,5,stable
4,106.81444841661056,3,69.39157990003174,86,at_risk
11,310.8478168287971,0,48.865891472560165,7,stable
2,69.97249404728879,2,66.87811760506199,43,at_risk
49,763.5242004056697,3,11.20927728132356,2,champion
2,171.50734876324867,1,85.23541446234591,62,at_risk
12,496.8224565733276,2,92.43708585259178,9,stable
8,331.9386117129649,0,77.85600269132195,25,stable
8,213.48092302188397,3,90.40580132351401,11,stable
11,464.8761163390736,4,51.92715103766986,10,stable
42,1623.1721239263265,5,12.216531351738979,2,champion
4,132.47576791876463,1,7.161824998647514,37,at_risk
20,426.24167447222175,3,2.8117076366361515,1,active
32,1106.5213989037961,2,39.50679678741097,2,champion
4,127.50463397431999,2,85.80561362612133,82,at_risk
8,406.2552241011097,0,44.623303096855295,2,stable
4,94.21702409473868,0,97.67414457071851,76,at_risk
12,331.82635771943694,5,19.538943687006196,19,stable
3,178.63122631093634,3,81.80607389874234,78,at_risk
3,105.53224728405429,1,75.0280187118908,30,at_risk
2,145.3533345292303,2,88.50526548284185,64,at_risk
6,129.25553865715085,1,30.54651103009276,46,at_risk
39,761.0574719184353,3,62.58940450762819,1,champion
18,209.2767018955464,2,0.8861625115655025,29,stable
44,612.552351039278,5,49.92396645779545,1,champion
39,1526.8451158041871,0,1.3753354609714386,1,champion
20,448.980149950009,2,80.2755561712673,2,active
2,56.78430061624711,3,85.69682340815172,41,at_risk
46,1553.3267533745163,2,39.26146786102739,2,champion
11,215.06100133094336,2,31.85753664344094,6,stable
10,221.93960405007533,1,23.646083483882418,10,stable
4,159.48646529654206,2,85.43243936622761,42,at_risk
9,222.91468509292412,3,47.469973283506704,11,stable
44,1585.1283658877765,2,24.30524873786076,2,champion
2,138.4292803926963,3,97.21456040594727,63,at_risk
3,180.87379324278896,1,44.57241325253031,61,at_risk
6,108.71381001992211,3,59.00467632709763,76,at_risk
17,732.2333398605385,1,58.748060178874816,2,active
38,1233.148971772724,0,21.945579432793817,1,champion
2,51.78084780106988,1,76.24467141724011,64,at_risk
7,304.61192578544063,1,60.75159086882046,9,stable
14,488.32326208680314,3,47.746581831766,4,stable
42,1874.9000491351765,2,41.84157349509013,1,champion
1,164.34664498555244,2,24.712904886357222,30,at_risk
7,475.5613297682921,2,73.84773854519722,12,stable
29,421.9106628303824,2,36.45408357449412,6,active
0,51.36618566522036,2,26.431473932627537,41,at_risk
2,114.64658336493304,0,92.83348758684987,84,at_risk
12,471.14603114328725,0,38.65570182082225,10,stable
2,147.51300473354473,3,42.34751268051651,57,at_risk
23,627.2901203561186,2,73.35258376906586,4,active
18,452.826437995089,1,33.33175573875194,3,active
9,471.6756985277137,2,41.36753813768623,18,stable
6,499.580237206036,3,61.36908615816861,3,stable
3,115.1929239284243,0,28.85702065712844,43,at_risk
42,1696.3127250824289,3,58.33862290406483,1,champion
7,451.07913187134426,5,35.59153481375817,9,stable
9,285.4801859007508,1,87.48957974129978,16,stable
6,421.00714672224876,0,26.656431861729068,14,stable
3,171.32125654956565,5,10.031058068355303,42,at_risk
30,1437.607490603258,2,71.35843408673547,1,champion
16,425.3850801764059,0,8.722390080786113,3,active
1,56.28012654897204,1,47.67092630709987,44,at_risk
42,1933.6012376500346,1,78.8774021183102,1,champion
16,556.4992158579205,5,96.33417920421667,2,active
8,352.9636895276972,3,72.65091979477862,5,stable
11,254.5562014254924,3,15.070620172499027,23,stable
13,268.82645214113586,1,79.78691805694147,8,stable
15,285.62824855049536,2,36.74048625194808,7,stable
1,172.09663921607788,1,71.61878877635786,43,at_risk
4,164.6546598004006,1,22.638913549164418,76,at_risk
42,1769.855379768576,4,25.93058017122072,1,champion
5,55.186228621164965,4,45.84115418371096,54,at_risk
22,335.8903591244528,1,61.89601292566789,13,stable
19,798.1384373088277,2,61.44263854386891,3,active
14,451.0283698206955,1,31.61581561079011,10,stable
37,1510.4084226843684,1,13.822053302849291,1,champion
51,1739.5149566309606,5,44.45512448285059,1,champion
8,573.6473841578826,1,18.337206235650903,1,active
2,107.69110419190037,2,92.4668521008626,45,at_risk
9,255.94532416044837,1,73.15901775878334,25,stable
5,82.8047985130706,3,5.932493081925161,30,at_risk
2,192.31434393093645,3,98.49552988079506,72,at_risk
8,350.53527779432784,4,60.653437395495914,14,stable
31,1191.177454630299,1,85.55574501812299,2,champion
14,386.78944203932235,1,56.0645702100533,3,active
17,721.4755406969886,2,60.7645794926698,4,active
42,1656.510203712912,1,47.40531634864609,2,champion
5,127.55243473387351,1,31.68684680671018,46,at_risk
12,335.1190007856849,6,18.38483522364602,16,stable
19,390.72309577598884,1,35.13459493293575,3,active
14,281.3474329113345,1,28.7252734376357,14,stable
7,191.92632900778986,5,61.06238762345739,54,at_risk
7,463.4305414086655,3,24.232824313613357,21,stable
4,178.26603918752897,1,88.81466090588624,54,at_risk
12,387.29135748305333,3,55.67706829683489,22,stable
38,1480.5437142636194,4,92.07671058960817,2,champion
0,153.306286465184,6,84.62032751893992,59,at_risk
11,458.115081942772,3,94.89989447102748,14,stable
23,446.97475726766027,1,90.83358867424077,2,active
33,1446.176065774779,2,79.95003622711863,2,champion
1,102.94464144624321,4,79.95464804551318,52,at_risk
1,139.39201809278748,1,31.366826325932696,59,at_risk
2,139.50717502049835,2,43.59210987078615,52,at_risk
57,1075.616532338516,0,86.0523054874695,2,champion
4,141.22695587931454,3,37.71139214955655,84,at_risk
41,974.5549910074402,0,62.86730107476956,2,champion
25,496.2936147913375,0,13.225542158401272,5,active
3,186.64931573542412,1,93.44940763284416,42,at_risk
42,1164.2778943125209,1,53.151870859114645,2,champion
3,80.27996226488591,2,85.41266050869444,51,at_risk
2,84.33708568512473,3,12.358218372014163,51,at_risk
4,156.41281603167334,4,18.598440026336228,44,at_risk
5,51.345984663758465,2,33.68156156514209,88,at_risk
18,305.53079469690016,4,48.30929067598178,5,active
20,415.9079489405151,1,80.75913198955784,6,active
18,433.03905530592016,0,8.14867025228213,6,active
19,411.54436972153684,1,26.770233799128317,6,active
34,615.0591808005137,1,83.58171457821713,1,champion
10,447.0684047344166,0,22.974539569207398,8,stable
14,737.0078925569627,4,91.88062414169138,2,active
12,486.8936565844332,2,74.79078651294978,19,stable
9,242.14222715239046,0,43.3017893126898,23,stable
29,571.2737224319523,4,59.05753145123847,4,active
12,252.60968362319724,2,35.47951540483145,6,stable
6,216.23912051002276,3,5.712261012275944,9,stable
6,338.09281440312617,3,54.34819719495909,1,stable
45,1565.6319343643802,1,64.63846135533667,2,champion
10,367.05112038823427,1,46.67004238848486,3,stable
5,199.69296193443583,1,33.47543142307834,37,at_risk
42,1488.1963241250398,0,29.96096668992283,1,champion
22,336.65787804429016,1,72.8443962085976,2,active
3,67.52448065623051,2,11.176584702478454,53,at_risk
38,657.1839864161728,1,72.59385791511149,2,champion
2,130.72335265760736,2,76.23004719862759,55,at_risk
10,308.8212465306011,2,51.71430534417782,3,stable
31,712.1370745812608,1,1.0062113595863398,3,active
3,165.51420120781012,1,84.16306551097135,77,at_risk
37,531.4122209320009,4,55.82885948914311,1,champion
4,163.3348605115792,2,48.94668223173307,71,at_risk
9,389.3507600951911,2,69.732515227501,3,stable
39,1430.3661204338264,1,74.41293405798297,2,champion
19,457.2010149679761,0,57.04567449918228,5,active
20,688.993085902871,1,90.99958086509746,4,active
2,180.2656061554188,3,65.83776708202541,43,at_risk
23,586.2536918585857,1,32.657252669431,3,active
6,161.2534208764527,2,22.715654421792863,53,at_risk
31,1994.5552514025514,2,16.109143666719415,1,champion
3,153.56536818805358,4,44.03897386070679,80,at_risk
5,180.21931083821275,4,56.170987324844354,66,at_risk
27,629.0914036694248,1,22.851679959005622,1,active
40,1006.5421428992437,5,2.4189262902084563,1,champion
41,1802.111959096877,2,70.82797076745584,1,champion
5,435.68115968397694,2,24.00680507102546,7,stable
10,363.588754655513,5,40.96669055235097,25,stable
7,270.55952233088175,2,91.18422166385615,13,stable
3,129.6131823666287,2,20.357642624559535,79,at_risk
15,408.0303457892025,3,67.55819498391196,6,stable
33,721.4581264398175,2,49.617364294889455,2,champion
32,632.2067721118104,3,35.141486208057046,1,champion
9,350.6851698364439,1,28.58606299000852,18,stable
3,103.76975657177717,6,67.24521381569393,51,at_risk
2,186.97563142868745,2,18.7393420393126,57,at_risk
10,233.98489685450977,2,57.41650365702377,25,stable
11,320.4136331860092,1,83.81703604131619,6,stable
2,95.76184031163697,1,25.275348696244592,61,at_risk
12,390.23388105335977,1,2.0004287750401972,25,stable
3,183.7403394552869,4,4.06287410044468,52,at_risk
1,62.473704784554165,6,27.08565317249805,64,at_risk
40,1505.9685210549687,2,91.21067405143506,2,champion
1,163.38052442421497,3,0.23930010723113293,63,at_risk
12,409.2419404008486,0,35.88109505382624,20,stable
37,1935.5069153715417,1,7.451249697705487,2,champion
44,1980.0367490996925,1,79.76454612938662,1,champion
41,866.1677415601469,2,45.25171637424232,1,champion
3,51.71230732645836,1,80.67619442085613,75,at_risk
37,1189.0147705604647,1,57.21113825611207,2,champion
27,696.7675788513264,3,26.589540985721694,2,active
10,398.0914130131548,3,18.670776851585458,10,stable
38,1962.8762205135217,3,80.96306499058838,1,champion
37,1396.6401969578574,3,30.011637930552304,1,champion
44,542.5329796923559,0,98.6314563184137,2,champion
19,407.65935229581527,0,84.86540690617693,1,active
15,493.91836140743357,1,74.91792160636754,6,active
8,372.301090584138,7,72.02348721134331,27,stable
18,431.27452716047054,1,54.87019028980662,2,active
40,1188.4860350408549,3,20.695760027672662,2,champion
13,489.9696890996052,1,47.88506185918493,14,stable
46,1731.9690841742515,0,10.994645347644926,2,champion
4,126.45659412146779,1,14.105316102913324,60,at_risk
6,258.6348022462969,2,74.00353260881671,3,stable
3,166.50964912965452,2,86.03991215926328,33,at_risk
12,313.6407283209594,1,66.11870242202272,12,stable
23,408.58739795720663,1,89.75893364324364,1,active
18,381.8183299587833,0,54.482914749196674,1,active
15,652.950123465064,0,18.52801116866725,2,active
11,676.3983498825139,3,31.11632409275874,6,active
18,617.2768388899561,4,49.49939548382963,5,active
45,977.389042449639,3,18.154402811715986,1,champion
1,101.49825908723832,3,69.6594901042569,56,at_risk
38,1973.4635889852304,2,15.453376727097057,1,champion
36,1983.5513067091476,1,37.3159307735728,2,champion
2,102.6137163319845,1,10.838837876804009,68,at_risk
13,447.4492091553005,2,46.51061024018311,7,stable
9,451.2322628207681,1,16.00020022966825,3,stable
10,564.735417908036,0,17.000610033677244,6,active
39,1142.2890565979303,2,11.808677152274772,2,champion
2,104.51033480484325,2,31.16876483479477,48,at_risk
4,275.59450610226935,1,78.01809206526897,5,stable
43,575.1551093948777,3,76.484977080424,2,champion
30,1095.6240116084512,1,20.64548212567149,1,champion
2,69.52222943129327,0,61.546163189817825,44,at_risk
11,240.75036302430223,2,62.006902502078134,14,stable
10,316.3908704124285,1,12.059864868205604,1,stable
40,511.918847995315,3,73.00828828283035,2,champion
2,147.34343526311432,3,9.446965439116294,72,at_risk
25,795.3963855536279,2,63.520947625366794,2,active
18,324.08554722969524,4,46.51317115411826,6,active
7,168.23119036691185,4,85.16345225779533,42,at_risk
10,236.49719335198682,0,86.65739781519727,7,stable
17,327.61765523599587,5,73.23860507657173,6,active
2,78.70844814778839,2,61.33743887782308,84,at_risk
45,806.9943840895488,2,18.177758683910007,2,champion
43,1795.6286886121559,1,60.05053110870359,1,champion
7,253.74079427863757,2,39.67339818962934,5,stable
2,62.2447229973702,3,89.39441578225214,32,at_risk
3,103.49401376247869,2,30.381497597780506,53,at_risk
2,137.16823359383378,2,72.7034818878544,72,at_risk
40,1062.6240733551153,2,18.728311736033454,1,champion
20,335.15440021593867,2,90.77666922541408,4,active
24,380.294916413484,2,49.17614268159426,4,active
9,324.9822664973846,0,50.57788523248489,12,stable
14,397.89697665459755,4,93.35781322960138,5,active
3,105.72027242667468,0,25.291788129663008,70,at_risk
10,462.11551473482984,2,17.526614603376434,23,stable
20,459.9092101395827,3,51.303325108038365,1,active
9,284.19290050211515,2,27.799112797525382,21,stable
41,1046.6956621160343,2,29.923205468067728,1,champion
2,51.99934728853114,2,55.66152434313566,63,at_risk
20,367.37309652747155,2,79.88081438790618,3,active
34,1891.1967808441484,2,0.47264317472061057,2,champion
7,273.00918549057224,3,35.72416154271808,5,stable
47,1229.2154705851967,2,74.13085953190259,1,champion
34,1264.9910069356554,3,16.78077276140124,2,champion
44,1884.3406247999044,0,76.49748082566619,2,champion
22,566.953210162147,0,78.23594900134994,5,active
18,623.7188678252512,0,33.67724296850727,2,active
1,184.32469788085245,3,82.94409005940636,60,at_risk
17,760.9188943441229,5,53.88757916150719,1,active
41,1071.4414463317669,4,82.24319456660997,2,champion
23,364.7929222462323,2,32.088915681168885,1,active
8,466.698375759186,0,44.89453768827316,9,stable
4,238.48125068165703,2,72.78427898380923,20,stable
2,191.5785763931499,1,1.4060161373362967,85,at_risk
42,1641.9951726591805,1,38.09023585750013,1,champion
9,287.87717169294245,2,38.58968209092352,8,stable
24,482.19494328065645,0,5.541274119647843,2,active
14,361.78393065773554,1,0.45435750186958446,9,stable
3,132.9169001964851,0,18.382942803653002,45,at_risk
2,193.2114658883014,3,68.52162106510534,32,at_risk
4,158.71048491664877,2,3.712292649279647,53,at_risk
14,744.939899103846,3,41.07798573078565,4,active
41,1220.4628303886657,3,95.73778860145548,1,champion
2,173.85711238044615,2,93.04507727184557,55,at_risk
1,99.52980554135492,3,43.446542017313995,68,at_risk
15,456.48732962687086,2,61.774335083978386,1,active
4,134.1546735301201,3,73.55459362464745,67,at_risk
15,503.68609956522454,0,65.00797462773372,2,active
39,1929.1265565961453,1,41.43078889180822,1,champion
12,232.028279362321,1,52.59778421041471,3,stable
32,1804.5300056710778,1,19.510076350584736,2,champion
12,380.12977827061076,4,10.905594225989079,19,stable
4,66.59637428418446,3,44.230766758086524,74,at_risk
43,1859.016847215611,1,92.45748508089432,2,champion
22,556.7573502893827,3,43.03157566750039,6,active
5,184.52377094689453,1,80.75948099629171,32,at_risk
17,326.35158254664714,6,75.93672822482297,3,active
20,300.64652970027964,1,57.52798372892366,5,active
5,174.28925414724412,2,81.05791471299995,34,at_risk
4,159.06686494546298,2,20.409536896367076,85,at_risk
4,150.84423390115137,0,83.73410522999572,86,at_risk
36,1525.4530816068184,1,38.45946393487046,2,champion
5,152.7159488670232,3,91.12902934862007,43,at_risk
23,478.02699083918134,5,93.42002590907805,4,active
20,565.8762774801083,3,91.80813063162336,5,active
2,122.91784902489766,5,98.60913851266608,81,at_risk
6,375.1979945296158,2,98.94602397424612,2,stable
4,117.7296760651373,1,6.365434936088777,79,at_risk
13,375.16360878254665,2,26.10445369912907,9,stable
8,216.8608045610536,1,10.977433811963122,23,stable
13,223.35041764573717,1,56.38763273022622,14,stable
15,452.5637260811778,0,85.49991438971459,2,stable
21,611.1558016314721,0,46.51581860605988,1,active
8,361.2281420664238,3,70.59232036355867,4,stable
24,614.8791358349154,2,19.36308624745514,2,active
14,296.2486943072186,4,91.57871644307323,14,stable
4,112.66765200750429,2,94.40722473740595,70,at_risk
11,365.0424689163844,1,67.91290425301527,1,stable
13,483.44701350720607,1,65.00266819220282,3,active
6,215.5775041583277,1,30.006630542738943,27,stable
22,692.3092131799473,1,22.3828395022152,4,active
7,60.63047176524029,1,76.02483981975858,81,at_risk
15,623.7673957724994,1,15.429784716773575,5,active
2,194.39781654888753,0,60.29134807491874,61,at_risk
18,628.7601723142,3,49.488566430832,5,active
34,531.5086413453989,2,93.56504099092669,2,champion
13,305.5631540807712,2,59.726577751300525,22,stable
2,105.64862231216762,2,73.73525918546366,52,at_risk
13,361.79704317138214,0,12.178112154952359,14,stable
19,500.1433984154435,2,47.595750796127376,5,active
18,678.4203727992863,3,39.4394439098912,3,active
3,110.88488652475355,4,26.002804343959664,61,at_risk
18,381.4232909257786,3,13.77421884241935,3,active
23,665.7158467753371,1,46.1083987544248,6,active
58,1846.0133603053218,3,39.27895464201846,1,champion
18,577.602105789884,1,70.4122069809729,1,active
20,656.3089728755452,2,5.67924458003305,4,active
36,525.9315644323763,3,5.390940517367393,1,champion
22,600.6501187485471,0,33.26133622129789,2,active
2,98.57511626256992,1,79.70797393684195,40,at_risk
16,355.60028754999246,4,17.702200984388984,28,stable
10,375.61554853444096,5,93.23978183329183,10,stable
2,196.0402281686866,2,95.2882434518654,84,at_risk
14,476.2324235401044,0,29.17502686374257,25,stable
5,94.27434369536844,3,35.45751726163372,54,at_risk
20,439.003356445371,5,48.26467087626316,1,active
20,605.8983977379875,5,72.8004617055544,1,active
24,567.7064676882163,2,49.97009377076519,6,active
6,234.80077907954936,2,30.78674978533975,14,stable
13,201.2995811042825,2,27.54785030032635,26,stable
6,281.2582674648408,0,24.846702045881706,13,stable
2,132.44094670379846,2,57.3032616914627,53,at_risk
13,230.82989227970933,4,18.50675350388612,23,stable
9,299.3212760823404,2,7.280417685115969,15,stable
5,161.65042666031525,2,12.42176253287386,82,at_risk
2,67.4388534732888,2,88.32827945833846,57,at_risk
17,222.76601975435398,1,74.6537014361646,26,stable
2,84.77684626531149,1,44.39357095977899,86,at_risk
13,455.44752878856417,3,62.0375889371001,23,stable
5,86.13487345935098,0,16.010391338661158,82,at_risk
1,148.2627151126949,3,48.6081965773289,58,at_risk
38,1280.439896450473,2,61.14847481171757,2,champion
39,1478.322096691891,2,85.96269278103837,2,champion
49,926.2561527923874,2,84.79178947220596,1,champion
37,1408.5171500512593,0,71.29542579788665,1,champion
45,853.7798141636221,3,28.06969708724667,1,champion
31,678.6178884357679,3,79.38641769490444,2,active
9,409.38568657830683,1,46.892574482799255,11,stable
29,625.4544465070024,0,79.38236545731961,5,active
4,149.93548024587886,2,14.566727840279869,42,at_risk
21,359.480836313847,2,1.0430496597930272,5,active
9,329.890797564316,5,66.981482089208,6,stable
38,1711.5916835649457,1,12.823839723116748,2,champion
43,1691.5861640023836,3,55.87846095367539,1,champion
20,326.45699490748814,1,7.561369435615939,1,active
37,1170.4450251381409,3,86.97950142448764,1,champion
2,89.0454453185443,1,65.42699486829746,40,at_risk
12,241.42211574225618,1,91.85310925721505,14,stable
42,1062.2841222566524,2,33.26770795631434,1,champion
3,86.58104735660491,2,16.959532076018156,60,at_risk
5,168.15315797496538,0,49.368574398569585,81,at_risk
14,680.3285213449668,0,56.98369457147714,3,active
2,148.06059968196084,1,93.54234730487569,47,at_risk
17,572.3432370795721,1,77.72501272245339,6,active
4,184.7072737284652,1,84.07806015162382,30,at_risk
14,669.1528644149213,1,96.68320917084216,4,active
3,105.74976929739402,1,43.509398540881094,47,at_risk
20,677.7449899889144,2,64.08752666926118,1,active
41,1823.9145282275779,2,82.51900835868055,2,champion
9,399.1431213410756,2,42.40469102440409,27,stable
23,445.48998498057915,1,21.62695834749759,4,active
11,252.52287800623057,1,5.511252435595548,17,stable
38,1881.0144977720176,5,74.92163491172737,2,champion
13,262.2470708490625,2,73.4977991702316,25,stable
38,979.800954467741,4,21.553351893219773,2,champion
3,156.32713947465209,1,79.63815050825268,67,at_risk
14,289.1756421000986,0,61.08751312436226,21,stable
44,1307.6168230255887,1,27.416627671641148,1,champion
6,189.54976892349285,0,65.80871456641995,49,at_risk
12,371.89512519454,1,94.59047055754101,12,stable
34,1415.650037419838,2,66.03350841914346,2,champion
46,1490.2344236140934,3,86.91818922014075,1,champion
20,321.8166254225127,2,6.673063457170636,6,active
13,433.05270503382667,2,58.76695020932121,10,stable
2,86.1691858892587,2,51.06102224144996,80,at_risk
36,1162.4929646805833,4,6.51747385777135,1,champion
16,498.8156078554392,3,52.085968575985596,21,stable
5,74.05800324183399,2,35.25432613321432,78,at_risk
2,128.7795316317876,0,48.68393312959915,56,at_risk
5,127.07510798349179,2,0.8665720148144151,34,at_risk
43,920.0320874779025,1,3.336888054595011,1,champion
2,61.34413496178024,3,62.37030689373413,55,at_risk
29,355.86667579817316,4,90.30767474004776,5,active
16,562.7234503691342,2,36.64277001566922,5,active
61,1843.370479545616,1,61.07856572035272,1,champion
2,218.53878611670225,1,32.61127396580725,9,stable
2,86.67779846831661,3,10.85882078884326,58,at_risk
6,64.46528934624926,2,82.22110690573804,44,at_risk
26,559.4773662517902,2,72.66086226103691,1,active
27,666.3515066164855,6,36.35941505445778,5,active
6,425.59231327963573,3,71.73455560810181,5,stable
18,640.8694400010279,3,97.05868545835224,1,active
46,731.61477358708,0,30.442396436586392,1,champion
40,789.0395962568633,1,31.608177601213217,1,champion
2,139.33823840405242,2,43.67130222529022,30,at_risk
8,224.38365156061832,2,28.728172854810687,18,stable
19,794.2210310160558,3,42.57425742216484,2,active
19,663.2103866720239,2,84.74252156919547,6,active
7,491.4825993868207,4,23.142761677915892,20,stable
28,1297.986978946152,2,20.591241119360483,2,champion
12,264.4568615342212,2,9.92428916596555,18,stable
23,460.91647088596244,3,99.99245626142678,6,active
30,361.5238614347607,1,1.8155357946421646,5,active
13,311.23576785918004,0,69.69204075764908,21,stable
23,782.6692945838395,3,42.53211864597402,3,active
13,337.1009686814732,4,69.47911424805343,23,stable
3,99.72461189718449,4,28.122355180866265,44,at_risk
25,641.0757938908233,2,26.328142232024376,6,active
18,503.4606469095937,3,97.27259286739124,1,active
3,180.68588509475694,1,86.58712892033796,43,at_risk
23,634.935895640856,3,17.87950946426644,6,active
22,555.4230636514718,2,12.768231762302351,2,active
34,1696.2367862779001,3,71.12507183405702,2,champion
39,1362.5383912256402,0,6.256176006375281,2,champion
7,493.4628520585831,2,87.71193453479077,19,stable
12,452.67042004904823,2,0.5379354455360641,4,stable
35,542.4009863177045,4,77.40551782676792,2,champion
27,790.5593185834679,0,36.14690151762758,4,active
33,1189.0005709778295,3,71.60944373748761,1,champion
35,1267.0594941218371,3,94.7949083592905,2,champion
37,1615.612075042199,1,7.198648699747778,2,champion
17,682.2189613518754,2,73.36435560073944,4,active
4,195.00523506351314,1,30.500471988608346,48,at_risk
17,684.9151297207382,1,12.537794012554315,2,active
13,385.4291487395403,2,34.21343245603183,2,stable
15,412.5858927391299,3,94.96720677192165,1,active
36,754.3065850032655,6,79.56912734329224,1,champion
1,181.44528798408217,2,54.83327717808113,78,at_risk
41,547.2607161712704,3,0.0373731231494312,1,champion
10,252.78033006985254,2,73.03058214691586,21,stable
11,210.75209527204854,0,66.72227386768542,29,stable
26,1021.4874130194289,2,62.690568490983914,1,champion
39,1561.6535565059637,3,2.4105006148858465,2,champion
3,108.20062403890209,3,86.84474384970878,63,at_risk
2,195.55957933179238,1,4.24911819698538,44,at_risk
19,708.9224751265054,0,68.72172745271983,6,active
13,300.0496507375021,2,8.874477351759502,7,stable
60,1266.0760879319782,4,38.73131732628791,2,champion
43,669.4669841113408,3,16.740629434303557,2,champion
3,56.60647003280201,1,86.8755261042461,57,at_risk
53,1061.5629912049515,2,88.23596463611658,1,champion
1,89.76784134669033,3,91.17618380463924,34,at_risk
38,1946.7972331948258,3,96.02376642676481,1,champion
9,308.0801864211446,1,25.74441672109218,29,stable
26,927.7083912217628,0,2.5647462855451053,2,champion
6,365.6059840247745,3,50.36705829094325,18,stable
8,372.6993378252478,1,92.46234674230726,1,stable
4,56.39303216079708,1,18.001189440459196,32,at_risk
47,506.215421025108,0,61.381814811654465,2,champion
5,318.08797568887184,1,92.3716188778831,18,stable
11,277.31011993578943,7,59.38461078977863,10,stable
4,124.93700267097803,2,30.46294288662138,83,at_risk
18,427.2256945155525,1,9.594437140756751,1,stable
6,221.46584788371317,2,5.815297837194411,3,stable
11,233.68456752966338,1,94.06762369973589,20,stable
46,1762.4363204158828,3,26.094961202823143,1,champion
11,450.5798094613191,0,71.5015901279113,21,stable
19,384.81099886846226,1,42.035156506158685,1,active
3,147.43842676987686,3,41.47186587813504,39,at_risk
11,470.92762770255746,0,10.570295629163374,4,stable
1,199.86459357970423,1,86.62437880214355,61,at_risk
5,178.2551476685563,1,12.641819919936715,60,at_risk
19,607.6139548540995,2,15.152023173227247,1,active
2,172.99487033635816,2,38.677743048472,81,at_risk
4,151.05121781790038,4,76.32846195121004,58,at_risk
8,407.96013931988387,3,45.24008828111242,8,stable
22,419.86075994257357,1,41.300353498542194,2,active
2,90.98650976157965,3,2.924402904290724,78,at_risk
10,306.84486758083926,3,16.927769561421425,12,stable
38,1219.969371936627,2,40.55997757338542,1,champion
8,408.49177222828456,1,57.93668092293297,26,stable
50,1657.0976351673205,0,70.67965293326391,1,champion
10,473.27014125570463,2,98.2307280976745,18,stable
38,789.8718400054616,3,35.408402582764566,1,champion
18,364.55260622431075,3,20.591362787805988,1,active
19,520.8534581461555,4,89.56166482901236,5,active
10,440.1329586722163,4,96.22419356959082,21,stable
4,195.7623236921141,6,94.71651345847579,31,at_risk
1,91.62105335292785,1,39.400524822469386,36,at_risk
16,707.6022042567481,2,51.31544518362872,5,active
6,160.3666947013697,2,32.176303208811284,48,at_risk
21,467.5997188211445,2,76.79573391389654,6,active
43,1980.9188723930513,2,77.53399673436954,1,champion
6,353.85780173698316,1,36.49816276298582,3,stable
7,289.8385838838673,2,65.29714222906267,14,stable
45,1903.9315743078894,2,1.056732269938987,2,champion
40,1318.946571513483,2,35.289296032424545,1,champion
8,185.7464759303016,1,21.662136030975965,71,at_risk
37,1952.475991548063,2,22.410554564630992,1,champion
44,1035.2446410733137,3,86.19771257087226,1,champion
14,751.9696547713794,3,59.11069990746684,5,active
23,324.23042993593197,2,19.170325738371176,4,active
22,362.9718557323875,1,47.48171508458954,2,active
12,509.1739445428958,3,50.11694824920391,1,active
22,781.2172261966424,0,98.11699820945961,4,active
45,1742.0042589845743,1,27.13130108110311,1,champion
19,524.3813112971544,3,93.8964031082691,2,active
3,50.71103720650187,3,54.09755211564138,70,at_risk
45,581.2060948044189,0,74.03323599041077,2,champion
50,581.7038542956432,3,10.84367916551371,2,champion
8,325.3850996196831,3,56.20989426124081,26,stable
17,677.0886332212839,0,87.93994361521573,2,active
14,616.7482179735139,3,98.03756640754341,1,active
8,437.1780324153318,3,93.40905214297524,2,stable
4,51.66464448595731,2,80.20326504193797,50,at_risk
44,1433.5086619257725,2,43.69205183403948,1,champion
15,292.53994257930384,1,81.58934717058105,9,stable
14,502.3598686675569,2,81.65367595863489,5,active
17,305.0393406633164,1,8.895848817821783,2,active
5,107.74799664081127,0,61.4539151241116,42,at_risk
17,754.6470329584322,4,51.2011191662052,5,active
16,515.5677031371271,2,19.94504857869951,4,active
6,343.9509869886782,0,33.38071863308368,17,stable
32,788.9232523227769,3,35.749332686693776,1,champion
6,127.77618970375521,2,90.02068296442494,67,at_risk
8,395.6483487354121,1,42.16611690087081,29,stable
16,343.40537224350777,0,42.295887600755144,15,stable
5,421.06296265847834,1,45.52160054009013,14,stable
49,873.4422241327097,4,2.7526752962746315,1,champion
13,343.71990447508267,1,76.05452753871907,18,stable
43,958.5324040161173,2,69.53576951257365,1,champion
54,1838.0473458487745,4,32.67345601207416,1,champion
11,450.5159581932638,1,67.69949612822778,5,stable
7,222.80086326239402,0,29.514684400049006,19,stable
3,138.14565041669158,0,91.29559932450513,71,at_risk
16,399.20376666157034,1,86.20135439809995,25,stable
46,1377.9463491984638,3,45.235823462546655,1,champion
14,317.3496306416181,2,97.93407859672428,16,stable
20,768.6256834158537,1,28.537711880627782,1,active
25,321.64984708063406,1,94.17173839601054,3,active
24,636.4964138058612,2,96.14116516465214,1,active
40,1746.7765811047886,3,2.563380422502981,2,champion
40,626.8050487138182,0,35.450838533472094,2,champion
10,377.3778758723875,4,98.40411425671219,11,stable
8,395.20252406908827,1,66.56157485281129,11,stable
48,780.9160033994514,1,98.88565194930011,1,champion
11,539.8096218950814,3,14.847562478244313,4,active
22,608.1124111500999,3,51.93979622257989,5,active
24,701.8166977513099,3,30.4929935174444,6,active
2,93.34508464639336,1,31.080970880337844,47,at_risk
5,128.8314694347959,0,49.43415259243036,46,at_risk
41,1216.8954106826877,4,43.466542694699484,2,champion
33,1382.071146894183,3,14.214258833803228,1,champion
11,260.1559841063337,2,25.320221044020485,15,stable
2,178.44432541734838,2,4.40581614578811,89,at_risk
37,668.7928221470919,1,41.322675438151926,2,champion
12,422.1219019240913,1,34.81845400028166,9,stable
36,1140.5613452680816,4,25.491289493106795,2,champion
49,1130.2000948063758,4,29.72449745105449,2,champion
4,143.8527610760404,1,13.68523810211344,68,at_risk
28,706.5948896970567,2,29.94438330482463,3,active
20,524.0664358683239,5,82.61987037800421,2,active
43,1584.7341934312751,3,38.27993286056779,1,champion
2,109.74241277500269,1,39.391521386064476,64,at_risk
17,504.63641423091957,1,96.26603651615369,5,active
29,1714.4967109500506,3,41.24029649425924,1,champion
11,223.2646784698391,2,95.87989364299737,21,stable
52,1060.6876529664485,1,64.93884635564308,2,champion
55,788.6337631414084,1,33.13878102544824,1,champion
10,208.11532165099916,3,0.8951909617603282,15,stable
1,88.0534940609134,2,49.94962568861696,32,at_risk
13,290.3773662613248,2,73.94878156512749,11,stable
0,115.17979817838204,4,18.659176543950974,56,at_risk
22,672.1475761127583,6,54.23237203806268,5,active
6,156.89425480787014,1,76.37416990074934,40,at_risk
2,75.74980018192917,3,47.69885464084472,33,at_risk
1,86.47177702398004,0,91.02021153765241,39,at_risk
29,668.671096166826,1,91.59027404969177,1,active
34,949.2150995438,1,11.257868844412622,2,champion
21,577.6858996893149,2,14.892563742257181,4,active
19,746.2518615028242,2,82.78583978936864,4,active
9,474.3632503427373,2,44.479210782153146,25,stable
18,650.2694639981506,2,71.8531453373623,1,active
24,748.4790149517839,2,68.36138893989013,4,active
32,1859.1010105420635,2,10.902613191921716,1,champion
4,130.14317172558498,2,62.33597139935695,77,at_risk
12,235.8490113111697,2,49.84346064658235,20,stable
4,178.76984356224358,2,31.951799155860595,49,at_risk
3,70.63908996412093,1,41.16112079279193,40,at_risk
3,132.12473440602926,3,79.55314898966725,87,at_risk
4,120.3778868877396,2,11.113184652602293,31,at_risk
27,528.6598317036772,1,52.44977279630406,5,active
46,750.3558171446196,1,53.76878028519081,2,champion
22,475.75739909624144,5,92.84749259717915,3,active
24,558.2701242055412,3,19.42304769807811,1,active
21,410.81487870644713,3,21.215576738817543,2,active
52,959.3188138996512,3,5.594033925274832,2,champion
1,184.63545560884486,2,51.839224646072026,83,at_risk
20,757.1569101928665,1,88.29142690237734,6,active
29,1166.5337224658888,3,11.562013016265793,1,champion
16,459.8406787451254,4,39.766523914231634,3,active
7,418.14525346285524,2,73.37242734247933,23,stable
38,1914.3916366618182,1,32.04434863494628,2,champion
15,358.2135287292115,3,53.81736951564973,1,active
10,429.08311182737697,2,13.5775282041646,23,stable
1,73.82089119622334,4,73.9067564374021,86,at_risk
16,259.29667970418666,2,26.480316374197166,26,stable
4,62.321228333421885,3,85.45570159611452,76,at_risk
9,240.29226108614773,0,45.224890452656076,4,stable
23,655.2284892051492,1,60.49453723808248,1,active
14,330.2679593818613,4,19.64097833223597,18,stable
13,278.180932689739,3,71.78540712788791,6,stable
5,55.95149735712507,1,51.89848835197724,61,at_risk
40,1367.3765704457846,0,52.26135590538542,1,champion
24,786.4077541113018,3,95.50354075671515,3,active
12,384.1235256285309,4,86.2641986496656,14,stable
8,466.79769959985856,4,9.604184979808872,13,stable
26,1033.2227413324,1,90.89034487319958,2,champion
19,535.0812555793394,3,23.680772292724328,1,active
2,57.038886356677516,1,45.247638811543624,36,at_risk
17,432.94826178596514,1,64.97164092863407,3,active
9,407.0730580737677,4,11.550818329871115,3,stable
3,109.97893872838839,1,60.589461797758695,61,at_risk
14,701.5228355712876,1,92.45234322660777,2,active
20,382.1213635235123,1,97.60099980432942,5,active
2,85.80093014320018,5,92.11701086571406,58,at_risk
19,515.5226169633718,1,60.15493663355591,2,active
12,284.73188671441767,2,0.9834718264923881,4,stable
20,754.6617696983917,0,2.8718582903372147,4,active
28,910.8748717151636,2,69.84458693222918,2,champion
14,314.20256412316553,2,49.510700933110705,8,stable
43,667.0798154739848,1,76.00677373556101,2,champion
9,539.4476291415901,3,40.8851715167145,1,active
4,99.33126168605982,0,26.454902892779753,70,at_risk
7,133.8210896212461,2,47.52104449280991,59,at_risk
5,484.8656816828857,4,78.40027704175456,26,stable
41,1328.6487141811804,2,65.92451363483265,1,champion
13,629.3080593349794,1,9.602084305364611,2,active
26,777.4817503400376,0,70.65996484154098,6,active
31,676.7382455815713,1,15.45870644279831,1,champion
3,148.22489524995473,3,68.38416134451349,33,at_risk
18,443.3600581340134,6,52.50115807868831,3,active
8,222.7561238317262,3,87.24347647372124,13,stable
2,340.81505615785863,0,68.1753283012295,29,stable
2,188.2809928865399,3,50.32089033738482,72,at_risk
15,263.34009439522305,0,63.225533874756614,10,stable
43,1307.6904851136649,1,11.187589079361404,1,champion
18,406.53159181485586,2,53.85813898221622,4,active
15,704.7430076082225,4,99.09135219836774,5,active
7,411.4769466749403,2,91.06486603735414,15,stable
16,588.6423245474211,3,88.64434993233684,5,active
47,1610.470699194842,1,99.43073542087623,2,champion
13,434.1288106560774,1,4.1094524482166666,20,stable
18,694.286201785648,0,98.81851834720166,4,active
4,140.19277001151448,0,4.856286363528028,84,at_risk
1,52.55940764672983,0,23.226778506459034,89,at_risk
44,806.0372939071331,3,31.088759676500143,2,champion
3,147.4817563837762,5,20.074205190573647,42,at_risk
3,68.52238271678915,1,91.65797340973253,64,at_risk
53,1533.9736868920183,2,27.441204925774475,1,champion
0,136.968626633945,1,25.08789804317213,70,at_risk
2,124.68808484079695,1,64.0992061418119,71,at_risk
40,1552.7409906254159,0,74.99715664207388,2,champion
40,1315.1939237809079,2,65.72696622116439,2,champion
4,51.99794253576738,3,90.39250254817388,76,at_risk
6,366.75859761216304,2,77.57005603197304,19,stable
45,1942.5696466404538,1,95.130708555387,2,champion
28,354.1478646343527,2,90.379503740049,4,active
4,126.35631768694672,0,76.31911950782741,46,at_risk
12,662.0889918461922,3,0.6773560141096202,4,active
8,405.16500240770955,2,73.72630716418033,29,stable
33,1710.1447761060758,2,20.104838686510206,2,champion
32,634.8238292528481,1,28.054204634340252,2,champion
8,320.17922523299376,2,22.85382430106373,28,stable
41,1420.9370701996029,1,5.760052669492676,1,champion
25,793.1694640829683,3,73.20533330318112,6,active
26,558.6307257989693,1,52.888837995406945,1,active
3,155.0947267694277,3,3.8841658653634314,76,at_risk
29,776.6002232671572,0,31.200435175661035,4,active
22,668.1624680196678,1,39.08565177250577,3,active
16,337.25420649535533,0,76.77860919832828,6,active
1,158.4316962479212,1,24.175254509976874,46,at_risk
42,794.0939790333593,5,88.4328679179331,2,champion
39,577.4180477064895,4,7.259216940703084,2,champion
43,1509.7134823666343,5,81.15513116637398,2,champion
14,277.5868460093416,1,79.0737236159017,10,stable
10,681.6805026274028,1,42.75940550194156,5,active
34,832.3244792654983,1,23.04854929198684,2,champion
11,303.7679625514895,2,90.46106478007863,5,active
2,111.94141124345248,1,41.19122376117216,51,at_risk
46,1632.5630428193701,2,17.408969648011162,1,champion
14,264.9556605923247,4,31.831258086258917,10,stable
23,465.70791686828835,2,6.429895690036947,2,active
3,54.61350330515655,1,40.14663637704391,39,at_risk
52,1957.9540909961945,4,22.785794061090137,1,champion
11,222.05731007246672,1,14.637322487861903,8,stable
11,221.60394383770392,4,74.65601191830868,28,stable
6,248.7549052434431,1,78.4709871249695,20,stable
0,176.17890869705258,1,2.5149499566587408,78,at_risk
24,614.1895991517556,1,57.138988832927616,1,active
32,1472.8838482255012,1,14.447912469122247,1,champion
10,256.68949723458076,7,20.075014096931866,9,stable
17,553.8115484655528,2,91.41863941444076,2,active
10,219.16570865897742,3,65.76922522244419,25,stable
21,721.2400813639719,2,20.71133094705797,5,active
9,416.2876393404934,2,62.90860184766647,13,stable
5,71.88079820889087,3,80.77826553026561,59,at_risk
40,809.5215493611196,1,77.48467609781035,2,champion
18,482.17716291385227,3,50.05242136583888,20,stable
6,147.63258178677472,1,31.30285466732783,64,at_risk
35,741.2310755038928,2,89.70823249378654,2,champion
21,396.85866559976915,3,85.24969976231895,1,active
11,411.47541738334183,1,53.3455767357693,14,stable
31,1330.8174884671716,1,64.76585247964643,2,champion
14,739.0711250544931,0,52.62808797267129,4,active
16,346.58380061808714,4,56.565865656735404,6,active
31,1085.6313275624523,3,98.82037905217356,1,champion
43,1317.600599864355,2,92.84652135449313,1,champion
40,790.5352560424927,3,29.197234072404743,2,champion
12,724.0118225513703,4,43.795260221309974,1,active
11,280.3468586039374,1,85.49883703277136,10,stable
8,494.2646381820952,1,88.56399285002426,18,stable
8,206.03901957656805,0,51.865190182363754,11,stable
12,393.43977936953405,2,59.82020644868074,18,stable
7,200.5576143942242,4,32.73811278841945,1,stable
16,628.0654100860482,1,57.48638609072665,5,active
41,1202.6064096605958,4,91.86003385769882,1,champion
46,1058.469433555908,2,72.73098624879904,2,champion
13,479.288710327721,1,93.80067540294142,10,stable
6,256.4671215013692,1,59.647906104374826,17,stable
2,60.76417448399426,3,26.835928469188495,58,at_risk
4,137.33982411228564,2,42.25223041354881,38,at_risk
9,447.7010809872117,0,77.09314976221961,15,stable
27,460.2436229278333,3,54.25094083800146,3,active
38,855.904525932568,2,53.40793199621482,2,champion
41,992.5282827864185,3,87.60097725008815,2,champion
20,614.206747551677,3,16.694759417204885,2,active
1,138.8944781627088,0,17.988300001329925,82,at_risk
41,1078.4503368600751,3,31.050424174654633,2,champion
25,736.3029120321613,2,36.432398017329035,2,active
1,106.88349798475055,4,6.253701394070566,42,at_risk
22,572.4841690775856,4,3.97372072881913,3,active
3,126.71094027665903,0,47.269622560496416,40,at_risk
3,109.59216384427788,3,97.53318276916416,67,at_risk
10,205.1830591097598,2,68.30804663203175,21,stable
8,317.98486471914583,3,63.34051405506621,26,stable
1,70.34471399599079,1,91.9604295300698,80,at_risk
29,1021.9837036133097,2,7.690634642584859,2,champion
1,113.36951282561758,3,0.1699198399963575,62,at_risk
2,110.36767801870272,0,31.837029877402678,80,at_risk
20,749.2650943770346,4,87.90172752424029,3,active
12,321.5417399023671,1,31.786035430003768,24,stable
11,368.58038163948413,1,90.46683196081244,28,stable
31,861.3288162353715,2,9.350518572575117,1,champion
25,400.3658266302151,1,77.53220644015273,6,active
17,716.092826677092,2,16.367503232400416,2,active
14,412.50556759067706,1,76.60880165143679,14,stable
15,320.82892272282714,1,0.3951965228196519,27,stable
36,1821.0269608858343,2,94.28050901629094,2,champion
8,318.7903035273554,2,42.96914816444024,27,stable
5,105.03795287985307,2,16.510766642859675,66,at_risk
1,162.36042916305428,2,0.9209071286168768,83,at_risk
1,161.97933413667153,0,58.56033265810553,41,at_risk
2,138.0284556034993,1,30.34280192367078,50,at_risk
8,347.03922421327024,2,19.292735866782817,15,stable
1,132.25373036700165,3,94.31633533718903,65,at_risk
7,321.9398770999191,5,25.734660748366156,29,stable
27,370.99851865203675,4,22.053246139737027,3,active
15,440.8503061982187,1,14.882776730302716,11,stable
36,935.0034630756579,2,33.13617518247183,2,champion
43,1137.68685454248,3,11.157071906308392,1,champion
1,65.67072681881997,2,56.16419488512931,49,at_risk
26,1677.2385481853823,2,35.25793024667365,1,champion
22,434.1161244255238,2,39.41695103567982,4,active
9,422.8069918986331,4,61.83888350188058,2,stable
7,247.86432812447737,3,12.825191087185694,6,stable
8,312.1717500331885,2,46.99348483126303,20,stable
18,342.7336288172629,1,51.96444969492306,6,active
2,56.871422224192855,4,39.2457658097691,54,at_risk
8,227.95321836834867,2,45.07640031467519,21,stable
18,512.6095130612802,1,51.45804129100314,1,active
26,545.118322923084,6,82.44844437411636,4,active
36,1935.278200014012,2,85.92709713556523,1,champion
48,1056.6048453328342,3,12.808958212350618,1,champion
0,90.70426910291697,1,58.588602326270966,76,at_risk
38,1843.723331812913,2,49.416304430139846,1,champion
27,719.2612906338748,2,31.07954239989078,4,active
23,759.912461208427,3,72.03301325382783,6,active
2,51.69612489060814,2,49.287150450803416,41,at_risk
14,411.84356791012254,1,38.2150733847667,7,stable
7,392.6057692084884,3,88.1876238483711,14,stable
21,724.5315297245127,1,57.01925713838426,2,active
14,254.8940262285411,3,99.25502032998963,15,stable
44,805.1213537110003,2,45.79426758630631,2,champion
11,293.26618750217006,3,4.243438755095186,28,stable
48,837.3567517634361,0,95.66172705629955,2,champion
11,247.4858812804014,1,77.21366831328939,15,stable
0,139.20846447152698,3,19.862439865911675,34,at_risk
9,271.0989883392955,2,92.04308422753748,11,stable
20,548.7742151633736,1,76.7644671846961,6,active
50,969.3220126486636,2,44.75584227160402,1,champion
13,416.97421557477094,3,66.85623494315485,8,stable
13,348.7125233948969,5,11.195622348917222,22,stable
51,1765.5130358825147,1,14.612113572573548,2,champion
24,552.0986423377606,2,12.141843073965752,4,active
39,917.0737224369966,2,33.44112642359293,2,champion
7,360.8099729819956,2,16.676373385048883,14,stable
11,205.4861925902759,2,52.195120357850755,6,stable
15,757.2910248106963,1,24.639646529858293,1,active
5,107.8416166689094,1,46.527111336226,85,at_risk
23,514.6515464443562,1,8.422763608563743,2,active
17,328.8511977630089,3,58.47655681938543,2,stable
16,446.7556985750934,1,1.3321050547890345,1,active
9,448.15477258878025,4,1.6197738796639438,21,stable
5,197.61727987698941,2,74.20594443684283,65,at_risk
2,130.0684128840468,3,42.58640741174038,52,at_risk
19,620.2534002966477,4,88.03771240173283,3,active
11,266.28754544790627,1,83.8055978626292,25,stable
47,607.5929853892767,2,30.472100347307528,1,champion
43,1486.4174070532158,3,86.65748716672277,1,champion
11,368.9709669480334,3,88.0692228882202,13,stable
2,115.88742502197229,1,17.48941986885254,73,at_risk
43,747.8513398624214,1,95.96792949900312,1,champion
6,430.36425926648485,6,71.98121347265328,18,stable
9,485.3681985546743,0,40.131598529137676,12,stable
47,976.9923610298339,1,90.15343104714053,2,champion
5,57.08474780179618,4,67.7023140559022,67,at_risk
3,129.69429369084884,2,82.43713459870942,85,at_risk
42,1095.3431748603443,1,21.400633108134727,1,champion
3,61.28621448840214,1,67.78866850742658,75,at_risk
2,88.77776507647378,3,92.34791920561423,54,at_risk
36,1772.9351912041298,0,53.41876472726806,2,champion
2,74.68728700140625,1,54.80376979648307,34,at_risk
34,669.7730032824105,2,99.48147794262455,2,champion
17,765.7832766578705,1,35.94672107161594,3,active
37,1164.2566169799045,1,70.17754693247682,1,champion
16,594.912890312052,1,81.06162336402562,6,active
39,1374.7849479582644,0,54.25936888018493,2,champion
3,115.27963119859972,3,2.0650235837733955,88,at_risk
10,281.52387538939104,2,54.879178447300504,22,stable
2,141.1612606970816,1,38.197445177828136,66,at_risk
1,104.07467606810484,1,20.06254494871792,59,at_risk
20,722.5028481090147,1,11.753014292490093,3,active
17,414.70438101450645,2,23.283311466125777,17,stable
9,258.4013729125767,2,45.054070211962674,10,stable
37,1382.3919286659911,1,19.31267711246124,2,champion
43,1089.514938400137,1,92.88433665704667,1,champion
7,447.6233926565751,1,69.87465990523664,17,stable
44,997.0080904542281,3,92.91232709273218,1,champion
45,583.3869702675062,5,26.94840858306604,2,champion
8,482.2012934733008,0,19.09862538498045,20,stable
39,1373.6714708905822,0,68.06804419791959,2,champion
25,543.9530492140868,3,3.8048503114835763,5,active
8,472.0718807644836,2,55.321998297405116,24,stable
23,514.0707427590653,1,91.46476302713302,3,active
46,1015.0744941354665,2,8.067365428225726,1,champion
42,684.381502336372,2,54.23678974494573,2,champion
37,1739.5440298228048,1,58.838060782118475,1,champion
6,294.2644390710712,2,22.930687179021714,24,stable
9,227.2957806828266,1,56.614553345091466,9,stable
5,180.4668207167243,2,53.12072753249829,65,at_risk
9,453.4671360839204,2,42.61540932263529,18,stable
32,877.6236234918349,5,50.56429519563912,2,champion
15,230.0134678032566,1,61.69837291597203,25,stable
31,883.9252401034878,0,14.357633334566266,2,champion
13,225.67250908996945,2,64.51175760067964,4,stable
26,306.9255000240225,2,61.869142967713444,3,active
3,125.787125135274,1,97.47649111641665,70,at_risk
37,1326.003216824069,2,91.57841829689093,2,champion
53,501.3512164285792,3,29.049425606246025,1,champion
0,82.3920635768699,0,19.620173983572542,49,at_risk
33,577.7608006963669,2,56.421641142311984,1,active
2,109.05220736354622,2,31.59892332314985,71,at_risk
23,743.7083349233596,1,20.393686556573044,3,active
3,97.19261386421474,1,27.333166701625032,35,at_risk
2,54.575987636651206,0,90.68974639849417,71,at_risk
41,1237.5568060013313,3,67.17262530799547,2,champion
7,252.47205913002253,1,31.560577229570697,20,stable
48,1750.9796814095264,2,55.266798300816255,2,champion
48,1116.0299122233166,0,1.908386678283247,2,champion
38,1303.4874010294457,1,95.58613397645895,1,champion
4,102.95943271039572,2,79.09918154113936,60,at_risk
39,1142.75306927808,2,53.162304911874045,1,champion
19,661.9197949570463,2,60.39886376057362,6,active
4,157.77122635321425,2,87.9485699042764,77,at_risk
2,154.19697502856292,3,53.48673497314319,76,at_risk
26,497.15333435309344,1,6.333367108391041,4,active
17,496.5116209160913,3,84.64590867083047,4,active
17,306.6767567024578,2,73.85775254458568,3,active
0,192.16126309270274,2,25.183735730333634,63,at_risk
2,50.859978024535955,3,44.292029081907856,37,at_risk
18,611.5588510158099,3,59.47691065579982,3,active
4,83.26321398522074,1,39.770667944022065,58,at_risk
37,655.5591180145108,2,84.51059234867674,2,champion
8,411.823430311479,4,93.60920451161779,16,stable
14,498.5907812169117,2,61.980692324364206,2,active
20,355.32329059870494,2,11.677698147437198,4,active
18,764.7647789550656,4,37.11330668381705,1,active
12,491.6715818903481,4,92.05158641356968,26,stable
25,394.78564991003225,4,62.45413332868015,3,active
40,1772.3031755743086,0,29.084389349355877,1,champion
38,1349.0438865735512,2,91.91609299672237,2,champion
12,378.22458277262103,1,67.95337510995664,28,stable
9,369.3046673918939,2,51.41315031441782,4,active
35,1851.3690271574753,3,45.25750493285533,2,champion
6,217.63390330717934,4,18.216715415802696,12,stable
9,615.8237520334326,2,2.2323917356863454,1,active
2,81.46647377825275,3,76.41767093920556,79,at_risk
1,99.8940254970173,3,96.96914221678286,50,at_risk
19,714.8756056966679,2,24.354490157071375,6,active
6,87.10276356392566,0,76.34627602365069,42,at_risk
3,188.23895749313706,0,48.64536701188189,60,at_risk
3,65.07635045155206,3,24.610893053606798,44,at_risk
21,790.4760846338957,4,28.377726300409346,4,active
39,1210.2426092373644,1,8.503860764829652,1,champion
15,430.57694727929464,2,80.99047823135291,10,stable
11,372.50398877827485,3,3.479346864510857,18,stable
21,319.139383017091,3,7.8322045112501515,6,active
9,377.82330704490437,1,75.49580591930406,29,stable
39,1013.9236412524917,2,43.08347219606418,2,champion
36,628.7484524618898,3,1.9634443413458547,2,champion
23,752.8086448466322,1,90.40522169261108,2,active
9,288.7687410608717,1,3.33837031075237,9,stable
39,1864.466935710453,1,3.5645341013219034,1,champion
3,91.32410145752705,1,3.08840050175313,34,at_risk
4,137.02791442015754,4,7.54775828147306,88,at_risk
16,527.6344620559943,1,88.79155846062044,4,active
8,290.4012214640373,5,32.34932818520533,26,stable
3,158.10084843296488,1,88.67908580659369,78,at_risk
44,1124.915685568008,4,49.91586236855736,2,champion
24,509.2097570285209,2,79.9773287513748,4,active
6,288.8886135245994,2,36.44783884191827,13,stable
20,753.228434984074,2,7.756184695560753,2,active
2,118.26956601506473,2,62.80342295101674,60,at_risk
15,470.96479714791917,2,4.994854497643219,3,active
17,391.16389142377545,1,61.106874957832794,3,active
2,106.02626863999541,0,18.194947318968925,68,at_risk
41,1465.8986010087997,3,47.57128699904811,1,champion
11,276.0302655505626,2,97.99770603889873,25,stable
16,368.03279053384273,6,31.171698595946996,4,active
3,62.533017809586745,1,27.98632571227153,79,at_risk
3,94.91781859615386,1,90.83711628153036,70,at_risk
42,1953.6829572974548,1,67.74667028002877,2,champion
16,233.47007625549034,4,44.10125796359697,20,stable
46,1247.3659360659726,1,8.585033276532506,2,champion
39,1631.7664778465899,4,19.980362897227366,1,champion
10,453.9979084923173,4,43.86890618284668,19,stable
7,484.46564658270137,1,83.44937007308833,3,stable
11,298.77144696691545,1,38.00135377413169,28,stable
15,361.2666399028824,0,66.33850326139913,19,stable
11,298.05673265954283,3,78.54126460284189,6,stable
36,502.4077112185478,3,22.438138187184652,1,champion
11,226.5558002171342,3,42.28622522653631,11,stable
21,340.6859497199129,1,91.83537622590484,6,active
12,477.3734261556925,1,45.63994999332097,19,stable
2,88.47835443645769,0,76.13714006998806,60,at_risk
9,379.47256029971703,1,56.49258955809551,4,stable
38,1803.7841769151823,1,75.16315869364131,1,champion
4,198.35109316563495,1,8.073921894428626,64,at_risk
44,1535.4791068568386,1,95.03699686641546,1,champion
3,126.85608798570065,1,21.659749476981226,86,at_risk
39,1907.708934074224,0,31.332782099368085,2,champion
16,584.5917195098809,2,16.332114310292646,3,active
9,226.11820516356784,0,90.57075940665484,27,stable
1,161.8155337010776,2,40.22528465228143,55,at_risk
10,397.80252652511393,1,19.964462305123742,16,stable
41,555.7923754192194,0,32.91334745211392,1,champion
4,55.92794106806115,1,69.74236422360478,86,at_risk
48,1593.7764632811156,3,89.53955317027686,1,champion
44,1313.1845168840796,1,64.54890987912667,1,champion
13,607.4903706315566,1,30.947877251256728,2,active
24,600.0074420924622,1,84.5511052676592,3,active
2,463.8623138646929,0,99.0834390849843,25,stable
23,452.02070782531155,2,56.4715533111824,4,active
6,129.65349253110637,1,40.47429351814653,89,at_risk
11,431.3006884890812,3,32.61981924111995,28,stable
0,153.03193777914404,2,56.86422601417927,52,at_risk
41,1268.9931907611717,1,37.75808363666666,1,champion
4,150.79915982995902,4,46.52402055633523,54,at_risk
10,213.46619730038373,1,50.77394409577406,13,stable
17,751.2156036348354,4,2.5394038288010234,3,active
12,319.0736177150265,2,84.88417818995575,28,stable
37,986.6649449462539,1,77.29159091954966,1,champion
37,754.7525218647218,1,15.794973447158645,2,champion
5,61.79535411014101,1,40.770083118038556,38,at_risk
48,1588.898761258972,4,87.18122382061364,2,champion
7,284.17061275401454,1,59.19748553718941,12,stable
31,814.2378852993115,3,32.182205317906096,1,champion
14,366.68405319323756,0,13.06753810064457,3,stable
47,1186.446090896637,4,36.228727215458065,1,champion
14,390.22533029697547,1,51.23667856535945,5,stable
8,337.09254460348365,2,22.780680835424217,22,stable
9,367.19840610780255,0,51.153363876136616,19,stable
40,501.84357302770127,3,88.09285542372695,2,champion
15,436.12576611677974,0,7.373469930478416,4,active
15,702.40694373637,0,70.61310883996651,4,active
10,320.1018745551893,1,99.9654502322087,22,stable
40,1344.3852399149794,4,86.10084990353111,2,champion
11,349.5613339286695,3,4.035874971122699,3,stable
24,498.81729170771627,1,16.73072221769212,2,active
28,1329.8176284815693,1,10.502304553242482,1,champion
47,606.714384163537,2,38.290144135036684,2,champion
9,477.79546064488216,1,42.3297706174739,12,stable
20,339.7833754940545,2,88.17965089927903,4,active
20,719.9581713730181,1,65.97107015903073,6,active
24,712.5939717885964,0,59.615204752732176,1,active
22,321.8457761898059,2,9.315482372083839,6,active
8,413.3671246046988,0,39.79560799347996,16,stable
25,714.9506499299047,1,50.02501861043031,1,active
43,1309.053197819867,4,33.86373634858717,2,champion
1,114.153328237256,4,7.477189639780835,58,at_risk
43,1438.6517735954662,5,88.83236364386839,1,champion
13,202.08137546758127,2,66.26604324625698,2,stable
37,522.8829649598573,4,96.1812028228907,2,champion
6,139.60904380084003,2,35.77606340343438,42,at_risk
3,100.3003067593868,4,54.95368872044048,54,at_risk
2,85.53926457429453,0,31.480797765677828,60,at_risk
31,1800.798429023919,0,1.0503235375756037,1,champion
12,370.72522564364357,2,39.82349355905773,11,stable
1,98.44274731983592,2,66.81285514036742,79,at_risk
22,319.8942557371987,2,83.40840522028117,6,active
5,60.203885233849036,1,13.74294940674069,67,at_risk
10,459.62643143649007,2,9.261059416374295,24,stable
4,186.21292783055583,4,80.50418421241218,79,at_risk
1,100.99722655812171,1,59.20031150308402,53,at_risk
45,1675.6410300538548,2,66.75960727178746,1,champion
5,121.32174090851271,2,87.81038858721908,42,at_risk
12,234.42856978446378,1,46.66967518385534,29,stable
10,272.3527840461785,3,65.74145537315862,10,stable
34,1408.2073517147571,1,83.86864930563914,2,champion
44,1574.645987489683,2,33.21197844559435,1,champion
17,593.1674202750743,0,58.40430258135015,6,active
8,260.22782996192177,6,12.0848628264132,3,stable
1,154.0899836504892,0,35.56772586696084,61,at_risk
39,1118.0581225142296,3,47.753356345696396,2,champion
5,191.47045594513872,1,35.724781292120845,58,at_risk
5,57.03236935859237,3,38.8737852834926,74,at_risk
21,698.6231372965688,2,71.02508322635293,3,active
7,244.10428489579476,1,20.16801727672214,3,stable
0,189.4941274671945,2,95.74430742779546,34,at_risk
10,350.9858112293335,1,66.80392978891219,13,stable
40,1991.0811333075092,5,24.9802699304175,2,champion
16,240.2505167975162,4,68.45443751371832,24,stable
26,358.51914436869873,3,2.4433693981560034,4,active
27,548.2166019704364,2,17.596809749269582,2,active
13,461.3617084993836,1,57.81800460882286,11,stable
2,198.13399097618398,1,76.24375930096329,69,at_risk
41,1756.8773414827879,2,59.02018351723438,1,champion
22,631.5527950079069,1,50.85088742546742,3,active
11,357.0398551162491,1,16.084306878026023,8,stable
47,1266.7605515713788,3,61.52951150798005,2,champion
0,168.9935258447656,2,24.049442659042462,85,at_risk
4,77.92368909946431,2,76.54488836855789,56,at_risk
19,585.178574688376,6,56.573756663567444,4,active
29,636.3904991028185,1,76.63263461099132,2,champion
3,97.02792697386533,4,46.98843697903053,66,at_risk
0,62.533392316932265,2,76.6626555247534,61,at_risk
4,185.92618039700935,0,95.83945830777374,34,at_risk
32,840.788983402343,1,2.111561539145379,2,champion
41,943.6156602736829,4,66.9739482608888,2,champion
1,84.43392874297365,2,10.671394108398724,83,at_risk
15,270.0861934431355,1,85.8810803130149,25,stable
47,1767.4810190928958,3,56.30598670846928,1,champion
19,375.10577507469674,2,41.73721956519518,1,active
51,1761.5088343189166,1,82.16515938000134,2,champion
12,406.11039879324545,3,46.35573659493164,10,stable
4,170.25298339838125,0,66.52191433861611,73,at_risk
5,71.34503632808192,1,33.34073472729683,49,at_risk
33,1268.5812708042993,1,23.66893016956665,1,champion
37,1800.3897233543253,2,36.76676406889794,1,champion
52,1775.5917412923634,0,41.85268299928991,2,champion
12,462.00513941362556,1,94.5105365145756,2,active
25,627.125462720611,3,64.66094259365073,2,active
3,141.77212422656717,0,17.931635803782576,84,at_risk
4,175.27121604392275,5,6.176905250977449,60,at_risk
3,101.72665243444744,2,48.8098691120701,67,at_risk
30,771.27251791557,3,21.139437483471323,2,active
13,315.25138975881987,2,87.17631278449775,14,stable
48,507.3716286305314,3,16.216535334313186,2,champion
41,1674.8595620741955,0,26.120889324991946,2,champion
1,62.000419338965315,0,82.97655499828963,50,at_risk
16,459.5506653669196,2,83.65254256685542,2,active
35,968.7494147580336,1,77.78994650014344,1,champion
40,937.1671560704071,3,21.76432764548215,1,champion
4,407.99883425119305,2,30.297383588208525,29,stable
48,823.9953207763244,2,38.704679502961135,2,champion
3,70.56086992307506,2,86.51869754680787,55,at_risk
10,443.2429333759606,1,44.0003146139633,13,stable
30,1910.400487479646,4,43.852083009388686,2,champion
14,215.0983399385305,5,63.534218464407154,7,stable
14,348.74434367943905,1,28.9398048646651,18,stable
17,390.1534609991407,3,38.01197984308637,6,stable
7,300.640627132608,2,41.981839918053595,9,stable
22,657.5706650144667,2,27.546579516810898,2,active
38,1352.2069926113916,1,22.27412356209888,1,champion
5,70.28073966777474,1,52.37035559878207,78,at_risk
14,700.5961639469713,2,6.284717509111582,4,active
46,578.4620561269544,4,14.078846461460659,1,champion
13,406.70243026759204,0,11.952592788206285,28,stable
25,772.4586582605721,2,64.14219397735421,5,active
9,496.6678658771846,1,41.58654258384404,25,stable
10,481.6528611926294,1,26.02088181750911,25,stable
8,477.74561980286455,3,32.25794587369256,8,stable
4,126.70679054461844,0,85.55800623627023,54,at_risk
46,1636.5127474445856,4,67.14238148005094,1,champion
11,391.16313822550813,5,69.21316711800894,3,active
29,1714.6161419628893,3,3.7050159691905615,1,champion
21,440.65192055830283,2,44.05165935272727,5,active
36,684.9404154583293,2,87.38014749153913,2,champion
41,1894.889937358886,2,35.06383793378875,1,champion
7,331.81226696011294,3,24.519179049327366,16,stable
10,221.61333251360026,1,93.8606301935325,21,stable
20,400.65036562762936,2,33.093570012831776,2,active
51,896.8157371276625,2,2.6265936409082147,1,champion
39,1490.7466354754633,3,20.627268294173117,2,champion
37,1643.8074859358871,6,81.08073567860826,1,champion
11,263.31168111688993,2,38.844591141927665,26,stable
10,337.44206866462963,3,36.77900364121762,19,stable
10,304.5862330591826,3,66.36210824388137,8,stable
0,147.26363344490045,2,34.73947277189716,83,at_risk
0,136.92333435509488,3,86.99678228159287,78,at_risk
0,147.2123372566732,3,7.368225641203319,77,at_risk
5,111.1511684649272,1,21.4187095031536,70,at_risk
19,352.948881380941,4,83.55493977266694,5,active
14,415.04078845401915,4,83.49207710774164,17,stable
43,1830.9280863822955,5,16.334746555384594,1,champion
23,760.115241092678,2,37.13446155474027,3,active
5,88.47084404317914,0,90.48593903976668,36,at_risk
18,794.1893420358284,0,64.3064199142487,4,active
3,54.97212945759479,3,26.204656163404316,53,at_risk
10,339.5967328126255,3,11.993624362509303,4,stable
28,694.0183009724282,4,41.81474535622844,4,active
3,147.3415394257556,2,67.13997895738784,43,at_risk
1,168.65973943890674,1,78.30155821675669,51,at_risk
3,79.90972445361881,2,19.58464351625401,56,at_risk
6,287.35755444969465,3,46.72814331863441,22,stable
5,150.53377288504547,1,61.95180310237164,47,at_risk
3,114.2454436629661,0,11.992018448212004,31,at_risk
19,360.4529011333794,4,77.14215334141761,9,stable
22,774.3033762667653,2,36.8234342814756,6,active
5,102.74508515003562,2,4.151173369701833,71,at_risk
6,130.1200867408596,2,19.8760053529899,42,at_risk
35,771.2042590974823,2,88.52268698641969,1,champion
9,384.49621155066325,2,35.84153239532421,6,active
4,187.95288234727713,4,59.079941028811675,79,at_risk
13,486.69730814538633,3,5.031697389982992,13,stable
16,708.6601641122597,0,99.78435755242228,4,active
36,509.38758933006505,2,62.04372394228178,2,champion
13,452.42809023521096,1,52.50167397857478,23,stable
11,461.9347461074574,1,90.95686728606525,7,stable
3,185.59805727078935,2,1.662096220438658,55,at_risk
13,329.7816898841724,1,50.3247734521094,6,active
4,181.92924737803898,2,96.00344487164962,85,at_risk
40,1396.8589838996693,0,96.8907178921801,2,champion
1,134.16127588147532,5,14.18644095862376,32,at_risk
45,1856.6845712052443,2,46.076209195996896,1,champion
2,76.56290348348266,2,22.462616649322353,84,at_risk
41,1546.3746123882268,3,25.176950420163703,2,champion
0,70.73062583793103,3,55.80514206780819,71,at_risk
23,349.2735990259913,1,8.174848822479152,6,active
5,379.8455639411729,2,55.09847913304529,29,stable
46,1150.1489069741044,1,91.92323578920306,2,champion
4,146.8684684210622,1,98.20818756709528,50,at_risk
30,783.7924747529034,0,61.334104585165264,1,champion
8,377.7708661859987,4,77.42103626246711,16,stable
4,273.9876357013034,2,56.71813201430446,25,stable
4,193.59500933742487,2,69.74646522135004,87,at_risk
14,277.4808363655846,2,21.363820126902766,25,stable
7,115.69732470692497,0,0.8652082572887521,62,at_risk
7,224.52026352845883,1,89.60724105377842,7,stable
43,692.7774189197603,2,29.61707861887939,2,champion
26,323.37993010478624,2,65.98614993012683,3,active
11,461.92012732579303,1,26.21309783906315,14,stable
3,164.82409070735153,3,94.20316985311617,71,at_risk
20,786.0165352990318,1,62.986357143941504,5,active
47,1623.9450987603893,1,32.54650836004238,2,champion
33,1311.9629012332055,5,13.676692479386377,2,champion
19,320.5331476309611,4,23.60073318228405,2,active
14,464.494895900679,3,5.933656983429936,23,stable
43,1257.269555532751,1,66.08786272459159,1,champion
19,418.75489041867985,0,24.84194885797242,1,active
1,58.3767902783593,3,47.768890180362554,58,at_risk
27,779.8269468361168,1,65.99090189288658,1,active
14,772.9489520476052,3,89.63397013402525,5,active
31,1076.5895845371433,2,81.42776394155817,2,champion
47,1425.889266713972,1,37.50282881104068,1,champion
23,461.25018793942513,2,52.829634707447816,4,active
22,628.5580676149591,5,69.74259108693141,6,active
18,634.9568854543393,3,96.34484145487787,5,active
20,633.7503903015319,3,45.11949969470125,1,active
6,94.68193097082535,1,5.878823276431511,68,at_risk
9,776.1242798337913,4,5.377656236495854,5,active
18,595.0971564669308,1,94.9317132207047,6,active
15,730.6960779531805,3,48.090925123968674,1,active
42,872.2541011302186,0,13.460677829698465,1,champion
41,1473.4055203640753,5,85.1365659385948,1,champion
9,380.65868128165056,4,53.499559458368154,15,stable
32,1266.5027252732004,3,87.70715664450991,2,champion
8,412.35985725708855,2,1.2133649295236526,29,stable
43,1717.0642593996995,3,1.7498430145211796,2,champion
1,189.9952303024926,3,26.65393092876841,83,at_risk
49,1695.707327684766,5,54.909537985881094,2,champion
22,487.34793081707187,1,18.835080365725055,1,active
35,727.162728333576,1,85.45836397761843,2,champion
10,469.3893674126002,2,32.494928906266274,2,stable
6,229.01977051139684,3,30.383785131833573,5,stable
2,174.08716798884907,6,99.36727935599777,82,at_risk
29,1703.555073726429,1,70.86734567476533,1,champion
2,83.54331933561625,2,7.151902773185004,32,at_risk
10,226.4329865042852,0,38.12008765022576,15,stable
32,346.8229109923481,1,70.42031476798164,6,active
41,1992.567294940851,0,49.981782126214,2,champion
3,71.67539717416511,1,70.57684882274111,44,at_risk
7,50.91158501520062,0,60.2451266735426,53,at_risk
8,275.329237222474,3,7.081282999654759,17,stable
22,574.275536889444,2,14.585266645938312,4,active
36,1475.2754346739528,1,72.87269457078497,2,champion
47,866.7967241879995,1,86.27730258055837,2,champion
15,320.4430456376184,0,66.33142302722163,6,active
11,244.8725168225631,0,40.533408633884946,11,stable
44,1309.5135206931689,3,56.4678312379957,1,champion
8,460.9252916652041,0,86.19648070751293,1,stable
1,75.40052936095175,2,20.596326235865792,47,at_risk
26,518.4937156867629,3,16.17826636353158,4,active
7,455.69072082611336,3,8.13060411420703,20,stable
47,1004.5275481570606,5,2.490137588482355,1,champion
20,565.4018845435654,0,4.510927352539895,2,active
52,1401.7877529674163,2,73.8730742171464,2,champion
41,1170.8741547471677,1,19.042000300793195,2,champion
4,127.25993373089503,2,29.591228769688893,64,at_risk
19,459.13330499690295,2,76.91138008756894,1,active
6,354.8889164144621,0,57.94441573611001,9,stable
30,1147.0323846536844,2,65.69959273844748,2,champion
49,1414.0974466955904,0,35.71221096354569,1,champion
15,608.5744081552667,2,94.86584760123553,1,active
12,256.1209310669362,4,56.0506742692084,14,stable
29,500.33213391199973,1,97.0616408136118,3,active
34,1366.1837982382904,4,24.460528297942,1,champion
3,162.24545292135687,3,16.44206854348329,33,at_risk
46,1213.4597410080194,1,78.5261425518735,1,champion
12,428.34134333382065,1,63.62697823815756,5,active
7,299.4742901890834,4,75.52419920774098,14,stable
9,323.83115708373464,3,25.211295815238,9,stable
4,186.23302307285144,0,65.2249321137083,50,at_risk
47,1521.2522262989173,6,16.179502859985007,2,champion
33,723.4898005840832,1,67.2442340991084,1,champion
17,379.6906368628279,2,36.09310228327279,6,active
21,404.4851235904716,3,70.11859687251643,1,active
7,266.55852094730056,5,75.51086728907819,7,stable
27,333.25315918122277,1,45.17327038207779,5,active
20,731.1815646307898,1,5.041651932624025,2,active
34,1204.6392696403075,4,72.86648590451257,1,champion
12,475.1009262178091,0,96.96436044033196,27,stable
2,90.59180812643187,3,24.225817003986915,46,at_risk
2,190.32431393131836,1,62.08317999184919,71,at_risk
5,82.81192430351396,4,52.70032387792769,38,at_risk
22,551.1423354621336,1,70.96307494884395,4,active
16,454.8398975650409,2,65.10637096163993,13,stable
10,285.45928135114843,6,69.42887911677164,3,stable
13,359.62671001347746,2,10.502527829827624,29,stable
1,93.62341702920969,8,64.26032073660264,42,at_risk
10,336.58309660563503,2,33.13612909512557,23,stable
16,306.18074359272373,4,29.39285094565669,6,active
10,296.7221810784599,2,65.68223467409855,16,stable
7,287.6875732375843,3,98.19118301750775,24,stable
18,539.3161627928512,1,33.30644518166854,6,active
42,1962.3442760226374,2,37.83878834469356,2,champion
40,1081.3015595327577,4,41.592535204235006,1,champion
19,401.924980548623,1,61.89421588074915,2,active
20,508.9207007901058,2,33.55400140142136,2,active
38,735.0904237311225,1,50.87765322368221,2,champion
6,184.28643188892121,1,69.64504621777108,73,at_risk
19,327.88696800884696,1,79.54020005831347,2,active
10,218.67080792666295,0,48.484518716430124,4,stable
23,496.21299992962577,2,27.478882414358164,3,active
2,147.93390147212585,3,10.816695668757959,65,at_risk
17,511.86871767181447,2,28.473078460214484,6,active
13,204.35690336721862,4,27.33700758436989,17,stable
34,1869.322008072454,1,20.987192362302885,2,champion
8,408.22039686363297,2,4.260652495021134,1,stable
43,519.5618327199193,4,71.22832687041632,2,champion
2,143.3065569112547,2,51.69619741433012,86,at_risk
16,355.3078059115023,2,76.94176237502623,20,stable
16,398.82052363356024,1,95.76286903876084,15,stable
10,360.12651110109863,2,29.627834461754244,17,stable
22,633.3241776096459,1,35.115296584396084,4,active
3,159.45245884646343,2,62.40609243672066,54,at_risk
3,188.57236630882247,1,96.62814682235945,73,at_risk
9,324.2410134329254,2,58.132219554551256,11,stable
20,592.8541779823987,0,65.43079346419331,4,active
3,147.91705291352582,1,55.16030082046256,74,at_risk
12,480.1083735710333,2,5.82030846813939,10,stable
4,51.079967964538,3,21.769831393900386,71,at_risk
20,704.6049186931343,4,95.63832326367138,4,active
12,333.4651582816705,1,26.966906146719804,3,stable
34,794.0105992091046,1,37.56579257221653,1,champion
32,517.523045146665,1,50.21641425564779,2,active
39,886.3887804322101,1,42.89371556747684,1,champion
21,458.6810693517479,2,18.888799483081197,2,active
3,118.01544884320633,2,97.16575351623752,43,at_risk
11,438.20883064283726,1,5.068288109754926,9,stable
14,402.7897409235879,0,58.1175329874804,6,active
39,1179.76786582593,1,89.12363708657747,1,champion
45,520.0833088466009,2,81.20199188307178,1,champion
15,307.163709180486,2,98.2091977893166,29,stable
17,456.0424165075935,1,89.97589291770576,6,active
23,447.584123935747,4,48.89805343361694,1,active
25,309.9904558667623,1,82.91134940286908,6,active
40,1676.223273848394,2,39.00955100624487,2,champion
11,632.4602205382439,2,99.43600973336744,1,active
33,1947.7944905641907,1,21.336086573619728,2,champion
14,326.94067774285116,1,92.05537012761403,25,stable
1,125.28426461599756,2,82.33362008207916,49,at_risk
19,336.9840069595055,1,49.64978391273499,18,stable
9,478.13762226708917,1,67.22338142382351,18,stable
3,129.77182516176435,3,96.21545646471783,30,at_risk
9,370.2034796064879,2,29.704246125175526,12,stable
37,1005.1519543505016,2,40.10169843495096,2,champion
20,628.5662740214455,3,96.59458714925331,1,active
18,335.231730145704,2,18.23561317884369,2,stable
33,1382.049311274531,3,7.969522376371662,1,champion
4,134.87420142072253,1,2.623653539737958,51,at_risk
12,457.7607104372271,1,36.155683879497204,1,stable
21,478.92208129941827,0,15.508691183967594,1,active
2,98.018665724865,1,60.436361636690584,78,at_risk
36,923.4783550480192,1,59.46826032919,2,champion
33,719.1861513415683,2,23.24322650462153,1,champion
24,306.6063602930731,2,33.56893732599884,1,active
8,380.94513175916944,6,93.14449798595508,22,stable
1,171.2234684032136,3,56.7721484714536,39,at_risk
31,656.4934385588745,5,98.72887853002797,1,champion
5,267.25864987859273,0,75.00522745281292,29,stable
2,147.82926542118466,2,29.702000336358847,67,at_risk
2,106.51501883913433,7,16.848812332847263,87,at_risk
27,848.324969591454,4,14.293953941425098,2,champion
19,499.92188093537726,1,33.530804684449286,3,active
36,852.9665978106758,1,85.1190822462318,1,champion
11,474.01019053626254,0,13.842777858442313,20,stable
21,331.9494008104389,1,83.37235061336318,1,active
15,431.43282748825254,1,13.506078120174692,20,stable
12,266.0514046296099,3,64.7376819450038,12,stable
46,702.9076456842377,3,47.53988950887843,2,champion
11,450.9000626775266,0,41.26011440300089,19,stable
10,450.0414706644884,2,80.09975168895097,24,stable
12,371.79662396743197,2,20.110559193506962,16,stable
5,228.36944961469032,1,23.435611243498798,13,stable
35,365.2679535552412,5,75.7784715473802,2,active
13,621.3989272855414,3,37.34320812052724,1,active
14,784.6078250412469,5,99.30144297559069,2,active
11,722.3911605346123,1,1.1572372497648642,3,active
6,244.39909126989073,1,71.46642211256146,23,stable
38,1020.959428997099,3,94.7018508506586,2,champion
19,596.6272662530623,2,38.34118463266712,6,active
11,411.3793792566012,2,95.13726228252027,19,stable
6,390.9013390790734,1,49.772390258953436,8,stable
36,1096.4113473741336,3,88.85276212820298,2,champion
10,478.20120821457937,0,94.63345751102659,10,stable
0,107.46276970156694,2,49.077163232412616,52,at_risk
3,127.19630759787329,3,3.114176483728015,34,at_risk
30,517.5152277023726,3,34.34319799434873,4,active
11,303.2687957081735,4,66.24943484498603,18,stable
6,326.0644481259553,2,75.87930771345638,1,stable
4,178.96975448963838,4,70.72405306359613,46,at_risk
23,697.4455562794983,1,95.39978893160523,2,active
30,526.5036056961227,1,25.89524142774904,2,active
10,267.4261810853869,4,94.5782440017006,4,stable
12,350.0269261793753,5,67.64235271625813,14,stable
14,430.9396892798448,2,0.9464831577170152,5,active
13,332.67705496183385,4,54.06904045788525,18,stable
10,350.0060958308608,1,11.378861873459101,3,stable
42,914.8115761187339,3,50.43107614422655,1,champion
8,312.8846459871758,3,36.158404157022176,8,stable
7,486.0715545423103,3,71.3510437138868,29,stable
3,74.35442730342986,0,34.98133416852751,73,at_risk
4,190.23690792402158,1,83.6722720999341,67,at_risk
20,586.0266747343018,2,48.789006916937915,6,active
26,575.8445027698771,1,5.308153117947867,1,active
10,355.06356615330145,2,25.009468556591806,5,stable
47,973.7041723252385,2,38.648699504270525,1,champion
20,372.2517862523944,2,55.170656618064754,5,active
2,152.97052435566826,2,72.02774755240512,60,at_risk
45,1310.9733172752715,1,96.77511765408437,1,champion
45,1339.3975679619105,4,74.59450676695127,1,champion
26,449.26644178175695,1,74.52564864971069,5,active
17,401.8214336499955,4,80.16365183369115,4,active
7,103.92716408341998,2,63.88450546496096,54,at_risk
16,790.8043801671473,1,61.131779130691875,3,active
4,171.5336964473782,5,98.99169659848626,73,at_risk
5,238.54380852513557,1,4.723151302787098,29,stable
32,788.4213147660366,2,2.3153115666361135,4,active
19,592.5428932243641,2,85.606919556231,3,active
3,100.52468581652424,3,26.85627171390198,72,at_risk
22,433.6603580028535,1,95.17638521941744,4,active
13,401.35553577311714,0,53.91458790168039,2,stable
11,207.78598716812294,3,20.78021400278136,28,stable
7,326.38410678773886,1,64.69489396954489,14,stable
18,423.45152189245397,1,70.02547442271968,2,active
3,163.79447368913824,2,47.260482594791306,40,at_risk
42,1906.5126491384442,2,24.099794197722645,2,champion
1,81.11988948478522,2,22.744845350850152,72,at_risk
4,167.2350258661986,1,50.23783518249174,34,at_risk
41,1504.9903893751423,3,24.218207837801685,2,champion
20,606.3990013321051,0,48.73736986920032,3,active
5,78.62896272490319,3,61.15304012981859,75,at_risk
22,571.387748758776,1,86.9316257160688,5,active
8,341.9633001023823,0,93.01151973922798,18,stable
22,637.0898573626464,1,81.56982507223367,1,active
3,78.7907765942678,2,57.172796463357066,40,at_risk
24,560.5379790636822,1,59.71361708468721,5,active
4,75.44763740443541,2,35.462641632557556,46,at_risk
32,938.0450130058874,1,67.65421987434821,2,champion
47,1698.642939503956,2,18.94736659842907,1,champion
43,828.3474762268743,2,62.05287446837232,2,champion
45,1766.8266239216857,3,70.7087532166264,2,champion
16,771.072796019602,3,0.6634566840595157,4,active
18,593.0870523115368,3,69.7601471190493,1,active
6,467.17205920611525,1,54.01618986089657,10,stable
3,116.73783411061423,2,92.3471421593775,34,at_risk
34,1643.6636051308012,5,74.8666303072363,2,champion
3,143.85105023974253,2,53.2017791812745,48,at_risk
15,229.98214115787357,4,60.75828182763095,16,stable
2,172.06445602511783,4,7.964359681010991,78,at_risk
19,675.1059267331391,4,20.39911700223993,4,active
7,225.72909220023396,3,61.9687345211293,21,stable
14,687.6568944518942,1,74.70007268571416,3,active
24,349.31669716682427,1,42.44403174998715,2,active
22,520.852550602286,5,39.941299392875926,5,active
3,98.58598924326166,2,51.38549211683328,49,at_risk
3,168.4131765004173,2,90.23127216816084,69,at_risk
17,220.63830627973283,2,19.952244528760577,2,stable
19,424.87633152394477,1,4.666166140288707,5,active
6,129.31159349716162,3,29.271097884649166,37,at_risk
47,961.9887313768097,4,23.86591486332549,2,champion
28,534.6635041136883,2,50.412298805529346,1,champion
37,1419.0007037496398,3,98.55651385989707,1,champion
9,342.86562047038615,1,27.444627877253748,7,stable
16,516.9465673609186,1,62.55090163551543,6,active
4,67.1316042458119,1,75.48016666430564,36,at_risk
44,841.8110471160018,2,46.43489682608782,2,champion
0,152.36452945399532,4,62.286505493287734,59,at_risk
27,396.9916148316198,1,11.548795402179667,4,active
13,226.46325893457615,3,70.3924764076033,27,stable
15,222.63609081452674,3,54.117519853111176,28,stable
39,715.4691668122736,2,29.16074834115008,2,champion
36,830.4196698256409,3,20.24797602217361,2,champion
4,75.31162611992629,1,92.13616572542706,49,at_risk
10,338.8940423727834,2,38.367610259729624,2,stable
13,423.5765767715634,2,15.552429496813591,3,active
37,1479.5291026636737,0,22.994345369027826,2,champion
30,1233.697764758784,1,73.63507019352487,1,champion
19,382.4506243735475,3,27.82856694114032,2,stable
44,693.8051736191583,4,11.765252093292865,1,champion
40,684.7403157228227,2,14.79953809155673,1,champion
45,1379.9298921612062,1,16.698843526547247,1,champion
8,401.2260334750241,1,54.13766092513417,5,stable
11,267.81039007030387,1,40.4965987557561,6,stable
1,143.0643996978506,1,15.541705705181519,34,at_risk
30,518.69804918886,6,77.93793191910824,2,champion
39,1018.9513444372042,2,31.283453378154434,1,champion
39,524.500978616226,2,76.92290175215028,2,champion
49,1950.0112314664486,1,98.92628403513783,1,champion
13,747.9521266311427,0,75.6336088973026,1,active
1,153.56561008859617,3,7.012178767100075,51,at_risk
1,62.96742927603046,0,47.50339553064842,59,at_risk
0,65.78359384975022,0,79.50981524045208,48,at_risk
15,479.6642245364534,4,62.30875099987448,17,stable
15,379.26902874956386,0,94.64156593535111,12,stable
16,585.4265181722616,0,73.96380864377402,4,active
18,300.7428729530372,1,7.775426108808203,1,active
40,971.5747110199719,1,98.03376802273732,1,champion
22,522.5130327024455,1,15.174502869707784,4,active
32,627.14486167122,1,16.605307612110355,4,active
3,148.87973996685304,3,4.282651523962377,72,at_risk
9,476.08843381236227,1,31.247845587488833,13,stable
37,1139.5912897689634,2,61.483685704075086,2,champion
24,410.5611306718874,1,76.01019478831206,4,active
36,983.1341802854884,3,93.72780483557239,2,champion
6,239.0749121102165,8,82.19916826082934,13,stable
19,484.88255230035054,2,49.98354487965081,4,active
13,412.777087130805,2,77.75524355174922,5,active
3,114.09643142734444,0,0.5986929118964701,41,at_risk
38,1602.7142594030056,0,48.14466599767708,1,champion
19,616.337387315276,3,69.36006093102505,6,active
15,460.51578823947114,3,89.98894663453156,2,active
3,441.29731096533794,2,66.510558128993,14,stable
37,1206.0126963072803,1,74.52516066864715,1,champion
7,328.3620312293714,4,63.74369378602687,10,stable
35,1952.9944795831102,1,91.85784004672497,1,champion
7,468.32522181408655,3,99.01201155619408,7,stable
20,421.8839959503967,2,86.07942687903302,6,active
16,612.8739495697563,1,89.65955925719285,4,active
49,936.353367890768,1,56.82037104530444,1,champion
13,361.58820918961806,4,29.10343359600269,6,active
42,1504.9727572613976,2,30.91419035418155,1,champion
12,402.64712521603116,1,47.55957995724629,11,stable
1,172.37647484772032,4,88.3863384300581,69,at_risk
7,366.38925936052044,1,46.40644620653593,13,stable
24,650.8815045109615,1,19.062923630514263,6,active
1,111.96556976309147,2,67.26356695347798,35,at_risk
15,247.13243008579505,2,7.911853809137737,24,stable
3,161.65823081297253,2,13.69782004279596,39,at_risk
16,468.66856617372247,4,39.24694584307239,2,active
2,192.5516764640232,0,79.51628919971326,54,at_risk
10,391.9664740277424,5,7.439915198292891,3,stable
3,82.70924420839921,2,18.84816713334354,45,at_risk
22,640.182603018543,1,29.228014226487055,6,active
6,111.29321270167887,2,35.46018555908894,84,at_risk
10,481.99904390186043,4,94.23425305729418,22,stable
21,422.73782210248726,1,57.12259254885134,3,active
21,387.422934786488,4,29.291178014991527,1,active
0,101.27662463487219,2,50.66735577678808,44,at_risk
14,472.0716127607466,2,94.60246589034129,29,stable
36,944.582435251352,5,67.4749941727083,2,champion
5,56.367562989030525,2,32.293169235048936,61,at_risk
45,1786.1532639583927,1,52.04303995279786,2,champion
12,486.52390520329266,2,77.51111135203035,18,stable
5,93.3363410498963,1,72.37121023275466,45,at_risk
35,1725.05645076526,2,89.79387677408003,1,champion
7,412.5714998820738,3,14.969104083540364,8,stable
15,608.5018364912204,1,91.79132788194441,1,active
45,1153.5426478839468,3,11.184157964494945,2,champion
37,869.098629926618,4,6.3967791558313225,2,champion
43,1141.405492650993,1,2.7737720327622672,1,champion
28,590.5792641661816,3,90.88153942921741,6,active
18,516.886404664253,2,37.09276669909853,5,active
38,1030.5774833690425,3,3.142135959916381,2,champion
20,740.3204929787898,1,94.28560030827104,3,active
21,352.5639478078604,2,44.987289525248386,3,active
2,57.02796577577714,4,8.778488585331779,46,at_risk
7,383.52537365640796,4,4.441554498975275,5,stable
14,603.4762920936951,1,25.214588750486534,6,active
39,1395.1290335824096,2,81.83689366865795,2,champion
42,532.0527370833022,1,72.30389280179892,2,champion
12,231.1119712274586,2,6.9051345150920485,13,stable
24,761.3791011478663,2,14.615508704238989,6,active
37,511.6755398818836,4,34.10173819309754,1,champion
19,418.69504535077033,0,13.127742470888048,1,active
35,726.0306134865007,3,9.541602745933819,2,champion
40,1138.3025337466277,3,99.58050187713475,2,champion
19,453.12414625640884,2,63.674842507359664,1,active
50,555.242799522735,3,65.82013388203801,1,champion
27,502.30200864034464,4,92.56658891458633,3,active
2,100.56167168393209,0,34.24867661325982,58,at_risk
21,728.8316687754145,0,27.686695367216984,1,active
23,389.8773937501512,3,43.634496435168266,6,active
39,700.2786427411803,2,53.02448373691478,1,champion
3,92.01657946033087,3,58.40491507149158,68,at_risk
27,1884.863194742956,2,69.42939551643916,2,champion
17,698.4466687955846,3,60.392903504710894,3,active
1,55.81568103183663,2,47.56526444795311,67,at_risk
12,202.38543802123942,3,9.500699024622804,25,stable
24,355.3849350302694,1,89.88898598189967,2,active
15,650.5264117997783,1,86.90711478332662,5,active
2,56.10355957873067,2,72.94067271044854,55,at_risk
11,419.3887386596432,1,22.18517750479555,3,active
33,1450.4284663341396,1,95.2064376916361,2,champion
12,269.8241267158266,3,82.11889035110022,10,stable
10,220.83909663262205,1,26.081287193243817,15,stable
28,660.0543278481296,3,46.711455634719314,1,active
7,179.3882274283203,1,36.958856990659186,67,at_risk
6,191.29333717586226,1,51.92353189128082,61,at_risk
43,692.3415929944962,0,39.218554503934335,2,champion
27,698.6042328133814,1,17.349513112989346,2,active
20,300.96531577671743,5,78.42769531888976,5,active
1,140.58507442692743,1,55.128674932383426,80,at_risk
19,449.06829969810894,2,65.83513127131542,2,active
26,769.7980215174975,0,78.11475294646561,6,active
6,127.14708977361,2,91.15580767704334,73,at_risk
15,275.31924631778435,6,92.67757062489468,15,stable
51,566.4388379303183,1,13.592176800182653,1,champion
26,470.083711380604,1,82.63438045626212,5,active
47,1611.8611915930749,5,6.266588870678136,1,champion
6,123.47482879259785,4,91.11220316090142,75,at_risk
38,1701.8312987649317,2,7.493890327939634,1,champion
31,819.3799304521162,0,56.530028679039,2,champion
9,436.4611071222265,0,97.50579503240844,4,stable
14,394.1719406154634,2,91.17338107787728,4,stable
36,1369.1697641284427,4,77.26064037955645,1,champion
20,369.9630719947299,1,92.06623342276791,2,active
2,187.1668096138477,3,42.781351204818684,38,at_risk
44,1121.8361168711078,3,56.68126275387806,2,champion
37,1892.201161226089,0,91.22971183707858,2,champion
2,140.20376915074036,0,56.44707249135394,36,at_risk
17,681.538554841558,5,77.05317445728225,1,active
8,305.5255172977387,1,66.04522141204494,11,stable
6,169.77323571091515,1,61.42533366258501,62,at_risk
25,554.9745714467596,2,84.13432721372402,1,active
4,198.5948613824515,2,94.36466228120898,37,at_risk
21,602.2989497201004,4,21.680777669188387,4,active
16,442.298318051535,2,51.65331109554132,6,active
17,336.11413821717355,3,16.766216397331334,4,active
10,219.30766711452645,1,39.15808604298178,15,stable
3,149.18339009978058,2,90.42696516413106,79,at_risk
37,1082.6794900811828,2,56.79290754771999,2,champion
7,292.77214625102346,4,20.111804374366226,28,stable
2,195.94950672011078,2,19.448338354362583,73,at_risk
17,608.7040996290325,1,57.34676097452331,3,active
21,532.4483751374622,1,63.41098326361166,3,active
12,360.1590122190822,2,37.06740546628965,6,active
11,268.8917377881627,2,22.856708048091978,3,stable
14,280.770074328915,2,57.904259041345796,17,stable
5,125.92536655499147,2,86.9817781644335,83,at_risk
35,1331.316048226149,1,14.454043959595442,2,champion
30,549.4547373232737,0,84.00702162739644,6,active
8,271.0252075092426,2,84.74933739436109,13,stable
40,672.4150217134718,1,2.2757172514056734,1,champion
10,343.82632002109773,2,92.40976166735904,8,stable
12,410.5150027513963,2,46.31304689616793,12,stable
9,307.9496395293683,6,67.57752889754973,22,stable
7,214.28949915273878,4,62.82593781789576,19,stable
3,85.62169480290301,6,37.56790227616844,30,at_risk
13,485.30735060061795,4,83.3634275374928,26,stable
5,172.06641934670006,1,52.05371538928847,50,at_risk
43,1393.329317013221,1,54.46595526289566,1,champion
18,522.378164667897,5,40.77577977924845,2,active
24,395.5589285461375,2,8.144435476570521,1,active
1,192.52964609164044,1,42.36923153515314,81,at_risk
2,133.04145709187313,2,18.883170682293184,80,at_risk
39,1444.8757696996206,1,86.29314644633281,2,champion
3,62.55215788278419,2,27.698929888382718,61,at_risk
36,1798.0908632532964,1,72.56487781668676,1,champion
10,400.7140662358192,1,30.223739364740332,10,stable
6,158.88351535822133,3,66.08677596931393,47,at_risk
9,393.6609262701247,5,95.73529014828796,28,stable
0,96.20968887130718,3,42.49710225092309,34,at_risk
15,361.6310867711359,3,2.5962692006501364,29,stable
42,970.968471717378,0,52.84185876807804,1,champion
3,162.71558823371382,5,49.91370327051807,43,at_risk
2,61.52072521709601,2,1.0542556034744521,37,at_risk
18,785.8883911535482,1,50.052750122215706,6,active
21,350.2825071244081,2,48.55808037717112,4,active
1,183.61785089724938,3,19.722470909560343,69,at_risk
4,188.6212068895497,1,26.450219217430217,60,at_risk
46,1393.1050196843944,3,27.012680078829355,2,champion
44,1153.1375859373318,1,55.116681271069254,1,champion
7,332.1508873067461,6,28.713134688039453,20,stable
12,232.04308930962105,1,15.426278544893945,23,stable
9,459.3070770363153,2,12.953267126276447,13,stable
1,84.42500859324412,3,78.92715397045859,77,at_risk
4,140.31317376589058,1,58.73201706401204,61,at_risk
17,375.47533416072963,4,5.783703958082908,3,active
16,612.6251603692525,2,63.22759138216685,6,active
16,391.2289828571327,2,52.56863833177271,1,active
46,1909.0902906180277,1,56.915952013062466,1,champion
22,680.350198766214,3,16.864311630065988,1,active
28,596.5346327019206,2,48.22844510063932,2,champion
2,148.5893592209408,0,58.413606311946964,80,at_risk
28,764.6521318539931,3,92.6326583505958,6,active
19,341.32334888376965,3,89.32688364576362,6,active
40,1260.2806961949607,3,40.8813777149582,1,champion
47,528.4288289152651,1,54.42195355997117,2,champion
2,111.86306589660389,1,80.28711628566644,89,at_risk
43,1001.3744730633072,1,25.18546683335344,1,champion
2,78.63676478727622,2,65.51809903396905,85,at_risk
20,632.5132957717589,1,13.863288033587962,1,active
8,59.316339241633514,3,64.55046781033528,51,at_risk
22,662.1142440610847,1,28.057141484500104,2,active
0,82.08066482836131,2,26.738456452072445,70,at_risk
46,756.1077416721191,4,70.01291640673878,1,champion
3,85.35103303263236,5,53.02561581840373,49,at_risk
25,562.8542300422496,3,94.38702443776978,4,active
49,1797.9952852079691,3,91.08383159400884,1,champion
16,469.63111240717166,4,39.496059545576315,6,active
3,162.80408475082785,2,70.29546120312928,40,at_risk
14,489.00616893390736,3,77.60314085878596,26,stable
37,1769.0245454179317,2,16.269428535254193,2,champion
1,81.33685689777414,2,55.11701495141921,75,at_risk
10,377.0320311529015,0,78.4613327902647,4,stable
3,66.15715164950358,2,94.86345525119579,41,at_risk
10,462.37502643060645,2,27.43909448559544,1,stable
9,233.2926569192183,2,21.17810465705443,18,stable
53,1151.7338145977194,4,87.79893261501648,1,champion
8,384.716242265331,0,56.95819271641114,15,stable
1,173.61804046491517,1,55.443049233630795,81,at_risk
8,295.15846373813577,0,6.80394934700862,5,stable
9,230.78517532572698,1,77.82730227878581,11,stable
3,70.93776256488748,3,86.15705578690518,69,at_risk
27,530.5711407048249,1,29.649445763019756,1,active
14,527.4423400749897,2,85.17671102440593,4,active
9,60.748372395462056,6,39.113008240600344,49,at_risk
1,158.97616971145752,1,94.1895310421772,66,at_risk
14,484.68215933591557,3,60.53140512511966,4,active
11,301.45926019539115,0,23.612892690585507,6,active
18,443.7712428763932,2,67.57364514693037,5,active
51,1116.6935924920454,3,49.17711661837693,1,champion
37,1044.1606011784759,1,54.308811806962474,1,champion
34,1431.4634190814131,2,74.11057978410561,2,champion
29,1277.3284825582539,1,2.3014550351738605,1,champion
16,783.5469361035566,4,20.91792747598522,1,active
43,559.0346759073126,1,65.67732918338727,2,champion
13,763.2311499783688,1,69.1413654818159,3,active
16,509.8546042000145,2,53.40311206979212,3,active
13,478.1123670100741,1,54.54635901611225,14,stable
10,236.11348146505927,1,65.7571423745746,21,stable
39,751.0787607013834,2,82.13203721828518,2,champion
22,412.0886515819627,3,18.83341653229126,5,active
50,1695.8371930129667,1,63.43382011799108,2,champion
7,390.36557806206054,2,89.0263091365338,6,stable
2,76.10908440128539,0,64.37204790843484,61,at_risk
6,101.13126926182164,2,52.04944441898455,64,at_risk
5,95.62828988530183,2,72.572880191419,63,at_risk
4,198.96281155904265,1,13.894424417957897,69,at_risk
5,142.69945865067453,0,97.32746921665981,33,at_risk
7,175.43586253600975,1,7.236578171491093,42,at_risk
25,303.81621906826564,4,66.0655360626067,4,active
12,400.37309631403707,1,39.2496607515283,3,stable
2,86.30275656722627,7,73.94149421668077,83,at_risk
3,53.530457922481325,3,75.00285885954374,42,at_risk
27,798.4272932487156,2,70.3177297686662,1,active
4,71.86064640507661,4,20.620893298239707,34,at_risk
40,1041.568380048474,1,4.630950605480377,1,champion
37,1527.0292325411172,0,6.294131240855383,1,champion
6,139.1552534821119,3,90.82653376428743,56,at_risk
10,435.69319191724094,3,87.70793605897234,18,stable
14,504.02197152004135,2,30.360236642510795,2,active
2,130.52779184306578,2,53.92036915451642,37,at_risk
14,345.44775421387396,3,73.8945576110617,2,stable
23,617.9808451096029,2,78.12135022430951,5,active
40,1657.6960886252787,3,79.3680838186111,2,champion
43,1004.0134698004332,3,49.05926612787245,1,champion
2,95.03386930472738,5,50.3122365595579,40,at_risk
7,487.0372913042224,4,33.76233888327219,28,stable
17,420.1156839991782,2,88.39711867352348,4,active
7,204.46521689147085,0,36.42693373739896,10,stable
24,595.9577384687426,4,42.52799945588438,4,active
19,600.1052445189202,1,38.901143584840334,1,active
19,417.75216269841064,2,95.11038047912956,4,active
10,412.50980329547644,1,19.79504891453905,23,stable
9,255.21886005594533,2,56.7022116972327,17,stable
19,461.9220216760301,2,80.51897652413254,5,active
6,86.28059370870534,2,43.612584893285856,77,at_risk
4,223.63275803663964,2,88.7419358079661,19,stable
44,896.7791535368697,1,69.46799571893808,2,champion
8,384.5247805426004,5,61.52429835000437,18,stable
20,340.26068168639097,1,87.09387215160056,3,active
8,237.4811898092863,2,59.19925542379841,24,stable
39,1377.5050135443269,2,45.29657114043889,1,champion
2,147.35006560800898,1,5.010275884154436,72,at_risk
17,336.5228593776058,2,51.06816436639223,2,active
19,727.7059989840703,1,32.7893703418901,1,active
37,978.877789261284,1,40.28190881256351,2,champion
17,325.6439544911322,1,18.46317909826928,7,stable
48,1302.2604235843,2,1.2833917588990884,1,champion
8,253.7876974934127,2,95.87252326335953,25,stable
5,83.85259904342384,1,78.33246796643282,56,at_risk
2,129.59285775202798,2,14.254137306638903,66,at_risk
15,510.0875816134027,2,62.99992225167962,2,active
5,148.87328979410432,2,6.931061098223379,44,at_risk
38,1442.280167227114,2,55.635635343126964,1,champion
2,185.36080830318835,2,97.7919947882951,63,at_risk
33,1482.5386851663563,3,54.55611787426247,2,champion
24,551.8028892383132,4,30.69111445979712,1,champion
39,1276.2774396620268,3,24.291339585288007,1,champion
20,342.0749515011928,0,7.0996195161280635,3,active
43,1068.1919179820657,2,11.165173368132496,1,champion
2,100.27492276393515,2,43.532871285354524,35,at_risk
42,1936.089476063,0,72.83119051513445,2,champion
9,283.00813247492994,5,44.39017195018048,19,stable
1,180.39190278781035,3,79.44880242690992,42,at_risk
18,768.527017831798,4,77.63051966176519,2,active
2,101.70206850269444,0,29.414253793981516,66,at_risk
25,518.1457878693286,0,97.3173390367733,3,active
9,202.1178812874991,0,3.369488410126109,25,stable
4,124.18189104919698,2,35.30565516628907,61,at_risk
10,430.4428393350907,4,20.00677201908365,17,stable
23,313.5140927072186,3,65.90590703980422,1,active
29,551.5143415262615,2,45.96928109816295,4,active
3,136.96627840773215,0,76.5780800711249,75,at_risk
19,304.906817449463,0,48.47054119899337,5,active
40,1351.4551450474578,1,93.50026532906828,1,champion
12,219.01308459412724,1,59.74567321963438,19,stable
16,727.5734303819556,4,77.46176997022032,1,active
11,322.39181373679116,2,7.122347154912867,17,stable
11,612.4464942163737,1,21.635837326669925,1,active
0,168.1977481709854,1,68.08468247318933,39,at_risk
8,490.9787550928768,2,78.38025128883856,23,stable
34,1981.7539657329912,4,82.43869993535885,2,champion
32,994.741035744582,3,59.853292947535195,2,champion
48,1962.2570090950962,1,71.74640813105572,1,champion
11,430.24911377596993,0,4.184391072461413,5,active
6,95.45195524421784,1,44.78700771330823,79,at_risk
21,561.0287936788028,1,24.312451025083924,4,active
3,119.94351089850764,2,25.578836966974293,76,at_risk
13,304.88020923613476,0,86.12745432216839,21,stable
26,748.8543128348581,2,87.36439217415862,1,active
2,89.22951844965257,2,97.17361550359293,48,at_risk
3,96.27803083728514,2,9.444130416154795,69,at_risk
18,797.135930222529,1,80.09120036745125,6,active
11,260.17547404002795,2,79.73749057910845,8,stable
15,371.8324228644341,2,78.2513115932984,6,active
19,428.5284461125536,2,48.944276746159,1,active
9,369.65659453083924,0,16.408256179296842,19,stable
11,230.71861726128904,3,23.94002668962667,21,stable
12,371.2751862748852,3,84.36653679902504,23,stable
11,322.6034480849542,0,62.95212350229099,5,stable
20,585.4230624899438,1,26.581877756286165,6,active
19,488.35163252449223,2,63.817703242494716,6,active
3,112.77990376629435,2,83.55936841931234,62,at_risk
37,1402.4269507055049,2,1.7388971505169493,2,champion
5,170.4901738840194,2,12.81939835911723,83,at_risk
22,602.9226872369859,3,42.586745028615255,4,active
9,253.83319059294408,2,84.742965611259,7,stable
18,746.2724452117722,3,30.99983151714233,2,active
37,737.6250983708223,2,18.837157979217455,2,champion
5,165.19592759945922,2,75.23097310229218,34,at_risk
1,80.88059609180381,3,98.03897624441538,87,at_risk
27,600.9719567622861,4,56.4362026320414,3,active
18,565.349451764215,1,16.837914833236866,2,active
2,180.3317569091645,0,9.53349432753462,51,at_risk
33,585.9049307039302,0,93.06006481386964,1,champion
42,801.7114795198603,2,51.51780163677001,1,champion
20,760.8901549560309,1,6.323960195024291,5,active
14,357.8273301505723,0,64.59362148242694,3,stable
11,371.3903916689635,2,91.39434061227092,27,stable
13,428.1174747152498,3,17.360782733457604,26,stable
41,1192.1425554335722,0,47.574514713076354,1,champion
10,74.29452192581175,4,41.68829178216337,56,at_risk
2,100.41545947093422,6,30.11668379131549,49,at_risk
38,1132.4844658357545,2,71.93201782536224,1,champion
7,220.7871267191864,2,50.70414226089602,15,stable
11,314.1200563677138,2,11.120686026818284,29,stable
21,380.29793109364385,6,72.06336617501987,5,active
38,1761.659225068453,1,23.00641119872178,1,champion
38,822.3848728752505,3,11.436653071211255,1,champion
7,400.00987088638567,4,55.2195592571882,5,stable
22,799.1828644062377,1,9.977432093023308,1,active
17,340.0559584078985,4,67.41939183301996,4,active
37,528.0463965495655,1,11.376600577448691,2,champion
6,337.2105444707628,1,60.32781095680734,5,stable
5,165.08542807098235,1,19.81475951079279,72,at_risk
6,438.8130911238554,2,85.65055952274537,5,stable
38,1093.457631680997,2,55.3253260685567,1,champion
12,341.89034026302306,4,86.79362572185377,29,stable
6,268.19475518869524,3,80.96842985501216,1,stable
19,342.2529856857297,2,86.42282466820862,5,active
49,1353.473856334568,2,89.37530687288269,1,champion
4,176.49526573975646,0,59.74857944335117,31,at_risk
5,124.49923430316703,3,25.115034787524436,82,at_risk
44,1278.084912259164,1,16.960618631306033,1,champion
6,135.07372961045397,2,60.9779586500195,69,at_risk
36,1759.0508321312664,4,18.10532751502345,2,champion
23,724.838782883911,4,59.083406950505626,3,active
21,450.2044894053926,4,28.09955048678946,3,active
8,59.081109545690175,1,41.4447909372124,57,at_risk
5,169.1170425700759,2,49.999245933450744,86,at_risk
2,110.20697078851973,3,72.75754462129483,37,at_risk
2,92.8315935443991,2,34.382585641565186,45,at_risk
25,406.0966556380904,1,96.62675191951399,6,active
21,610.4340458949457,4,91.92362809554973,5,active
4,83.16465061472226,6,29.96177115855534,77,at_risk
13,440.0178202560534,3,83.64945042963002,23,stable
5,175.39859988534465,2,49.895822858607275,36,at_risk
47,1003.0095473615723,2,66.57666767852898,1,champion
4,199.00581977154314,2,54.19570761058671,59,at_risk
9,340.42147769932757,6,83.12935074747415,18,stable
23,391.3570800354575,2,89.85380895006317,6,active
3,155.62454968679825,2,96.73751208765904,52,at_risk
10,241.98311327169228,4,26.665747882771875,16,stable
8,246.26873902019702,3,61.775260559732125,2,stable
21,496.0405550971064,0,47.37432386958476,2,active
3,163.95208593712573,0,94.91242891371132,88,at_risk
15,608.5576598074363,2,94.69012456899398,2,active
19,636.2186094521305,1,25.699630896180594,1,active
14,226.85209163527136,3,85.77631719246972,17,stable
40,1199.9163824047716,2,43.91643127629202,1,champion
40,516.8770702743061,4,69.2038314126671,2,champion
49,1701.0648516054705,0,42.525485278493456,2,champion
5,183.9837863886637,3,17.702466362034986,67,at_risk
16,478.30494494831225,2,54.50478709474278,1,active
5,116.11266854140467,5,84.71163682078404,75,at_risk
2,111.10909633357655,2,17.95422095370125,73,at_risk
37,1811.8515230902506,3,71.00894693248084,2,champion
24,305.8464119876746,1,47.98575169334399,4,active
55,635.8769933374332,2,21.628813382686975,1,champion
9,412.2614070594751,3,38.10741421532714,24,stable
0,162.95315980997785,1,71.74357931994602,50,at_risk
36,507.25572774213776,1,28.594406790893245,1,champion
33,669.8901345232248,3,50.05034626475129,1,champion
19,717.8980093041271,2,38.45814959205964,5,active
21,745.0014129053495,4,44.537035772046295,5,active
8,486.9813059353566,2,64.91788465929109,16,stable
15,301.04490601840666,2,34.804671503039664,24,stable
12,373.31561649966477,6,67.34279685117457,18,stable
8,289.6069909283741,0,80.99209567041316,1,stable
21,536.492134611942,1,22.737515318142933,5,active
4,174.3384258189119,2,17.479653197600843,54,at_risk
23,546.4049978212366,0,81.74851819468675,2,active
3,51.5009884353924,1,81.33706640250634,32,at_risk
34,504.516732234009,2,0.27302194091392007,3,active
18,501.38931739072723,3,98.56848431114146,3,active
9,427.56659765613966,3,95.46054675724078,10,stable
47,708.055016797677,1,15.197031004001216,1,champion
37,1025.612210393734,4,71.05567943099177,2,champion
5,308.46293038459015,1,28.471319312382704,4,stable
15,687.4291387338748,7,84.76791901050798,3,active
17,753.7476850395773,0,6.053790664347936,6,active
28,954.2012082761568,5,78.61360362820858,2,champion
21,606.3109731012088,2,22.658213115113956,6,active
4,118.87347558847631,0,97.1986105593571,67,at_risk
49,1672.7946512321964,2,34.302390919739345,2,champion
6,462.3306853296499,4,84.77309117087489,5,stable
11,418.82834296588925,3,32.29409059698322,24,stable
3,69.86873618678685,0,88.20532213159356,57,at_risk
10,319.1392872595132,2,45.09157534490002,15,stable
54,1702.4234430073275,3,49.758360604329965,2,champion
26,554.7511333617331,3,97.17866642316322,2,active
42,1155.8902882174953,3,91.95594747457841,2,champion
43,1177.4600420882612,3,40.84691245004775,1,champion
38,806.9530715712095,4,58.31365724608535,2,champion
17,409.0349980293121,3,66.57011143856664,1,active
25,464.845691386288,2,52.22650549748491,1,active
40,1412.8159699885762,2,72.23572658246134,1,champion
10,220.39063818722468,3,48.25876380252231,29,stable
13,418.5449219642304,3,77.45606158490119,4,stable
9,618.5658704850205,2,45.16492565593959,2,active
13,206.71224193311514,1,88.92130426354653,18,stable
49,1030.1432451730004,1,78.59511392791126,1,champion
42,1822.211645165185,1,93.01586987505549,2,champion
16,453.1122541131394,0,38.16767113714824,2,stable
46,1751.0108856910265,2,49.046517285164256,2,champion
28,1934.955682796963,3,70.93761439479613,1,champion
24,383.54746324373104,3,4.319135787379425,4,active
16,323.5257154857099,0,41.58206136457581,5,stable
4,162.28040143992817,3,53.34465688089073,86,at_risk
15,431.0296408807493,2,17.385486448842702,6,active
2,136.86831001354562,2,3.7175059238815367,70,at_risk
45,1468.7957001319417,4,12.210160032133766,2,champion
9,431.3047105240099,1,96.3315883560117,15,stable
17,774.7075802250283,2,90.05796095093305,4,active
39,1836.5224765772375,1,50.18238754915602,2,champion
8,293.9853958511098,1,17.12443202052225,7,stable
11,454.6931195839105,3,4.258358041406285,16,stable
39,1026.0494478142039,1,19.978145300771377,1,champion
30,1037.2212801938651,1,55.21017723140983,2,champion
5,174.79303645860026,2,57.70208604551649,68,at_risk
17,300.33830982369597,1,80.94943916709373,6,active
20,604.3177307257806,2,11.512171696953654,2,active
3,404.6017202971897,0,13.642786012075803,9,stable
23,494.6138093338181,1,36.271231607711705,5,active
3,141.106279344408,3,9.96092932077377,49,at_risk
17,302.99863640289,0,12.26518002388406,1,active
17,396.5165588333897,4,86.47345571249376,6,active
36,1033.1361420168366,2,88.66627300790668,2,champion
37,1968.0809085695582,4,37.1284462603849,2,champion
17,551.4603008859816,1,28.03894312605413,6,active
9,495.93795985811016,4,32.64321843399741,24,stable
26,700.4752572773845,1,79.82484958985991,4,active
12,245.40221039763495,0,40.96939258693093,7,stable
29,1530.3349240603548,2,60.54370235275932,2,champion
14,484.6610371412658,1,15.081277172847084,4,active
46,733.0450230130168,3,17.35014053463476,2,champion
14,203.954945799274,3,48.60270046103916,7,stable
27,442.9435357084622,2,17.75346799345846,6,active
43,1631.6949399285925,1,43.64904883698102,2,champion
10,298.0499335469734,1,92.99368469282308,17,stable
37,1035.6952545161018,0,23.580668833016137,2,champion
3,115.85392185961788,2,26.683800048641338,68,at_risk
15,444.1573953454328,2,12.193358364896056,4,active
3,159.51983880799807,2,44.895366105733125,71,at_risk
12,481.10445625731086,3,84.05383583163224,21,stable
1,145.99830828475538,3,23.574966866555723,48,at_risk
4,183.5402406094166,0,27.02858392894334,61,at_risk
41,560.6165342402629,2,70.94078030106459,1,champion
1,59.95634143433047,1,60.923766221404044,75,at_risk
10,223.0752866479294,1,57.217316215614176,5,stable
13,380.2091056604419,1,17.50419098436975,3,stable
5,130.48054470861757,4,13.476840011390223,45,at_risk
42,1879.2839728630258,4,91.18171915394299,2,champion
39,1439.0419276839416,1,26.975645339463107,1,champion
16,629.1535425976557,1,58.28702513380295,6,active
7,309.74708268884353,5,73.6956217948879,1,stable
21,471.09311011229977,1,11.922317081971713,5,active
39,666.9419024510286,4,63.65068912185967,1,champion
6,203.57651094087393,2,40.201581832097666,14,stable
36,1358.3342121737724,3,95.72973625695846,1,champion
8,201.78330672557067,1,41.26910048846717,4,stable
5,81.02911693970434,2,55.11052126795164,31,at_risk
29,413.25979515752476,1,17.07950780744011,1,active
26,997.8617317746637,2,56.93035322571244,1,champion
45,721.6155186711294,1,32.55218223741786,1,champion
4,65.92108079045327,7,99.31578958970907,35,at_risk
5,177.0869439982121,3,24.21830340195101,52,at_risk
10,207.1026872293061,1,95.89306751032531,26,stable
7,333.95344332077923,1,83.46950108320526,15,stable
23,427.70276544185515,3,61.41144752127617,4,active
16,684.711903652256,3,50.123937406181795,3,active
18,740.6919239138484,2,46.72358597661553,2,active
24,791.9772512569012,4,26.69470199492291,1,champion
8,367.2844363062594,4,66.50359864265258,9,stable
41,803.1361256146005,3,51.00935584630306,1,champion
11,229.8865788697518,4,53.00937685907095,23,stable
18,799.3213769326271,5,14.064554810995912,5,active
51,1360.9827340180482,1,81.90956623939462,1,champion
16,763.4340998354724,2,40.469437354852964,4,active
3,154.9632144093047,4,82.6302071676701,80,at_risk
37,1025.890044818307,1,86.83357451821443,2,champion
2,124.14103335039235,2,67.82274874290748,77,at_risk
3,113.79569304159959,2,14.568244225573856,79,at_risk
46,1894.7011187591988,2,67.40457703877831,1,champion
2,194.37768567787097,1,48.708985494569426,76,at_risk
6,162.08924909885383,1,73.18358459625021,59,at_risk
6,276.4807027898307,1,23.91442449206831,11,stable
9,169.46955676525474,1,52.86644688137532,39,at_risk
20,472.71276284519746,4,48.39551478906438,4,active
1,62.434353874980076,1,40.79372160246177,46,at_risk
0,123.62482637627323,3,51.563585004011244,82,at_risk
2,99.37022685887433,2,33.06696186365471,30,at_risk
5,190.94601940832084,3,8.148932502074224,34,at_risk
3,82.4307024259902,2,15.375909785676022,61,at_risk
18,482.93539965868143,1,81.4079861780652,2,active
4,94.89862651894235,0,22.288987680081107,69,at_risk
8,227.32842975459056,3,60.36253830074939,2,stable
31,406.1530319183341,0,58.6054376938852,5,active
15,501.5746614676209,3,53.59024370368163,3,active
3,50.5462907722228,3,34.11295988628251,83,at_risk
24,1726.8839133206416,0,95.37194008543311,1,champion
7,474.50040237003515,3,78.68595773365877,13,stable
3,114.42739205584337,2,56.01079345867554,63,at_risk
8,324.9584201926581,1,50.38178720241145,7,stable
37,1247.827812870215,1,80.83829030923062,2,champion
8,395.07727805349293,3,78.82610138813521,14,stable
12,273.689912936989,1,5.248343569434233,23,stable
8,218.15120547676435,1,54.264323481784785,2,stable
3,177.01369757571663,0,5.350585267203134,45,at_risk
5,142.05872288166526,2,70.14705079370145,52,at_risk
38,554.8898433149453,1,26.008679163760828,2,champion
24,376.3021488867186,3,47.377065986238556,1,active
2,198.51683169917172,2,39.05894071657736,61,at_risk
18,370.57806627802916,2,47.60154353306702,4,active
23,549.7692671087758,2,47.44310122498635,3,active
45,1714.6547023154533,3,15.144014871818301,2,champion
13,267.84356204448824,3,5.8004017792930735,5,stable
47,1955.6166627686027,1,47.30292629118884,2,champion
3,50.35261245510396,3,30.152652847884877,30,at_risk
3,108.76122423774912,0,37.712060598314864,44,at_risk
17,458.74247814710367,1,62.527122775945166,1,active
17,370.18624390172585,3,92.57629841151558,4,stable
40,1855.9445975465485,1,86.11869573658726,2,champion
11,292.19655309260736,2,86.7637615882018,23,stable
44,1667.1498523332723,1,83.71336601489386,1,champion
3,177.96798304366604,3,66.63171550857624,57,at_risk
43,1010.4477942901823,1,53.9247221991083,2,champion
18,673.5037688930581,1,17.25600586224204,3,active
7,402.49351357898894,2,74.52212381827344,28,stable
5,95.02046939854293,1,65.7293101003392,78,at_risk
45,1589.6601659186615,0,25.18319170302714,1,champion
16,314.970347323369,5,57.78508388928104,1,active
5,242.26518472598977,3,3.2216703676496095,27,stable
8,310.00778861086894,5,22.703051703005517,13,stable
44,1151.5575388397824,0,53.51404062566017,2,champion
20,370.89864802806835,2,94.7269047601128,3,active
15,360.40819410655075,3,19.05677190066577,3,active
42,1675.3312334842608,0,51.538264906766976,1,champion
42,957.2741675866502,6,37.92018327063018,1,champion
2,199.2439130495356,1,14.28541445074034,71,at_risk
46,926.8850104879876,2,60.196902010993526,1,champion
5,151.30421116106834,0,99.26495567291137,85,at_risk
1,102.33382872908753,1,75.03184620903443,75,at_risk
12,418.7554569061697,2,89.35594953350491,28,stable
15,644.7116516107661,2,6.833080821950876,4,active
49,1767.2110067405981,2,43.25089698993766,1,champion
8,383.6103989439363,2,77.42502293537599,1,stable
4,72.58249864818214,3,52.57579879556881,43,at_risk
13,460.71934237449426,2,29.220085729657164,23,stable
0,70.651443186517,0,33.03192064392657,55,at_risk
6,306.8007219783051,1,73.24646312838303,4,stable
3,62.06253088241218,1,35.063300230241104,82,at_risk
41,1356.9130652864837,3,9.474004777932976,2,champion
16,333.61504688016555,3,67.59014654738738,16,stable
15,291.49436559792457,2,66.91247400896864,2,stable
40,1931.29725370703,5,60.20323309430082,1,champion
17,510.90238831805726,2,27.703972603199045,5,active
9,394.8462753126454,5,84.83114040754627,23,stable
3,90.06738878519262,2,92.5627430344952,45,at_risk
11,306.1145754936543,2,19.348864416464963,7,stable
2,171.26124572898448,3,64.86657519462558,64,at_risk
3,188.2337784536302,3,58.66414963657722,36,at_risk
6,103.79765109764958,0,73.09741970964005,55,at_risk
16,504.9668789163659,1,29.57727154229437,1,active
10,358.39145196770926,1,56.85582499260558,15,stable
2,90.10495457441687,2,10.767310389525331,45,at_risk
18,569.6361824666467,1,13.919972314721385,1,active
40,783.5617147948011,1,18.988609041301054,2,champion
5,280.6045113448089,2,69.34128747064163,18,stable
51,1382.9162733050405,0,17.581832951513764,1,champion
41,1859.4404939443111,2,28.776415116637388,1,champion
7,230.48766307572927,1,11.938172531201518,16,stable
3,124.32369672226298,0,74.89507332119429,70,at_risk
27,385.2870539302443,2,56.88007985438423,5,active
41,679.9214320310657,1,63.94490455743483,1,champion
19,391.2061970382038,2,15.652554162854226,3,active
38,1519.0312612940452,2,39.74701728249137,1,champion
36,990.3550772634874,1,48.28714571004804,1,champion
10,442.2758094738654,2,59.398733174435925,28,stable
34,1382.988129564677,2,4.896836195789933,2,champion
16,320.10746022379686,2,16.675323878183345,2,active
23,303.8992213630944,2,28.14976742882659,3,active
11,706.372404520878,4,0.4728095412479205,3,active
7,116.73386879652307,1,60.87920644455554,44,at_risk
2,105.90798632357966,2,63.321493289668815,30,at_risk
38,1617.6362809822194,2,5.603883281761535,1,champion
14,333.87734445176875,8,19.843814838160757,12,stable
9,419.99545974470817,3,40.227718171128615,2,stable
21,479.913897554354,1,3.653800823520026,5,active
18,446.8163415050254,1,10.746591922855275,4,active
27,626.8013472354195,5,55.851501655783274,6,active
8,308.15956876813306,0,33.50768124070016,24,stable
7,490.5059167887364,2,83.86522323001384,8,stable
1,179.6807010682004,4,86.81270256506302,52,at_risk
2,113.23339960371341,0,23.71391197955561,81,at_risk
38,1055.9187030203004,1,46.60615643246844,1,champion
37,1959.877163861849,4,93.50714073933283,2,champion
6,176.19684531640308,0,57.736928569050086,41,at_risk
8,208.67030483348404,2,97.31449269476067,17,stable
9,493.4726847505848,1,70.844444620248,24,stable
2,147.01001230003072,2,30.02019321525068,55,at_risk
39,792.0142388053004,2,22.700651865081046,1,champion
36,1108.6961317158512,1,40.60369486022408,1,champion
20,752.1580703458467,5,60.02590243596325,3,active
11,281.9137118700628,0,78.33576527102922,4,stable
22,569.5902271766129,4,70.55261900518698,2,active
34,651.2923039113412,3,76.39984588031132,1,champion
35,991.5343732229669,2,93.44391302009308,2,champion
3,174.63488486297518,2,43.88397624932351,66,at_risk
35,1138.4293400681263,1,96.74953272570292,2,champion
11,410.0796556905001,1,1.243643864212285,7,stable
3,74.09369772951037,0,58.67535006944905,55,at_risk
18,406.2747739496031,6,30.130787429229866,5,active
44,1385.642485943029,0,86.08058017115293,1,champion
0,191.12426104344416,2,65.20710203540648,52,at_risk
40,879.9748009782526,0,11.125771165904553,2,champion
47,1501.9021676323136,2,77.47297242403442,2,champion
13,255.8576201261213,0,26.821770434408254,21,stable
21,360.33298730372957,2,26.916126570198053,4,active
2,173.4263188331,2,64.38490297683629,47,at_risk
1,51.179523589224644,2,13.44865698374862,49,at_risk
11,394.4394180410502,1,97.83907796491273,4,active
11,249.5910575524389,1,85.82197844431543,17,stable
34,775.6521134975799,1,44.82372225110942,2,champion
3,132.73035715634919,2,33.00782443357677,71,at_risk
12,423.12717583161407,0,14.865172003875282,3,stable
19,326.180696240083,0,17.179574648711682,6,active
15,701.5499278959617,2,62.67504907110163,6,active
1,102.2113162973428,1,35.436929742433634,52,at_risk
19,406.92529590644125,2,56.335064293467376,19,stable
2,199.7433371189162,5,53.43414436270623,86,at_risk
37,1401.9174347880244,2,42.08147446170667,1,champion
53,1623.9466581227161,0,49.40361054657092,2,champion
10,221.88723296395818,5,31.243212594180182,27,stable
0,180.2105195949994,4,71.10306842550942,46,at_risk
7,470.36181709798126,2,65.94340823376344,10,stable
40,1758.7647573088302,2,39.42887597753925,2,champion
6,102.9262509180996,0,14.921076164315327,76,at_risk
25,546.50197401809,3,49.362922808057604,6,active
3,70.00398418657079,2,9.359467268155008,74,at_risk
12,489.56520121786207,4,17.408381833899632,4,stable
18,398.63828812330604,4,67.55689099837761,3,active
14,450.2613035113783,3,0.047061924596691895,1,active
7,76.29135762400995,0,24.258063353056357,58,at_risk
35,1251.4064858656307,5,40.49713536419978,1,champion
14,398.3722598485088,1,21.204285519318876,1,stable
8,201.25792782529066,1,55.76920873266774,14,stable
26,1887.7769697019576,6,71.37110900474045,1,champion
30,1313.2724069463493,4,85.76894690625015,1,champion
15,391.88152015236136,2,97.50850434188358,4,active
33,812.8922889818837,4,50.0952530953504,2,champion
44,1331.582124249691,3,93.25205494737662,2,champion
12,253.1294469413166,2,47.8887627228464,29,stable
15,745.4225960633999,2,98.28284186192609,5,active
21,619.0126002919777,2,93.63339304365098,5,active
35,819.7101002358305,2,63.41394357583352,1,champion
6,140.3352219029123,2,80.27293854935961,87,at_risk
14,681.3024559040928,4,9.9264521866133,1,active
0,178.0755001395514,1,93.2758768793861,49,at_risk
7,227.89369392448376,1,42.750241862287766,11,stable
16,249.8333771131445,2,82.12001096493006,20,stable
2,138.12383004911146,4,29.114023639064424,62,at_risk
18,319.0727937735717,1,51.85272319451559,4,stable
23,700.580943544336,4,42.491043989419396,1,active
48,1976.5766353496697,1,66.37238979543439,2,champion
35,758.440993790878,0,5.3935051552090325,2,champion
51,1676.3668023165785,2,18.2193326173274,2,champion
12,223.18696995403081,0,36.25238338373222,24,stable
43,1811.0311571188665,5,98.79759389155872,1,champion
2,62.58035905059915,0,40.931792202046665,50,at_risk
0,141.17484225364086,2,34.18743604315838,69,at_risk
43,1076.991473046506,0,83.04416295526838,1,champion
6,109.7594263692677,2,50.23929483757475,50,at_risk
11,352.4712617407129,2,88.27521195828754,12,stable
8,280.57980521407086,2,95.8354410505473,23,stable
6,52.97200356959276,3,94.04752455738668,30,at_risk
2,147.23381686736568,3,77.86535867358828,30,at_risk
42,1879.9140836186318,2,16.899836886225504,2,champion
37,1961.906922819943,4,31.946540038339666,1,champion
7,422.30050024602684,0,91.14921583147077,29,stable
16,708.323003481128,3,48.38559394937655,5,active
5,129.3895052526547,2,64.11350163457669,44,at_risk
2,58.29878555787357,4,35.61290419984569,76,at_risk
1,64.75128953711084,2,8.376561530074266,83,at_risk
5,128.6089382259042,2,92.02166324254229,82,at_risk
16,387.655111707955,5,4.387322539749716,3,active
23,621.4425910992398,2,91.26602689890515,6,active
18,593.7734393048257,0,2.600845821656539,4,active
7,166.23679237618998,1,31.792583344313318,39,at_risk
9,350.71525699361376,0,35.47338771855133,15,stable
1,193.6184656016499,3,58.26767494989523,58,at_risk
28,598.8398422842913,2,61.38070621919489,4,active
29,872.1898650186024,1,61.98406561670644,2,champion
1,180.93803733556953,1,20.544045230328155,87,at_risk
2,147.3819678380895,3,67.96610961837284,72,at_risk
24,450.40928865185805,2,78.71690667857987,4,active
49,709.8439206931406,3,26.72640895552988,1,champion
12,493.2373099145785,3,30.48317649750637,16,stable
9,231.40865899074933,0,33.80942894870705,14,stable
36,1910.3914097997217,2,13.225005313292348,1,champion
15,516.249454230137,1,16.482619414580636,2,active
3,76.55143777659134,1,31.717309438949037,39,at_risk
46,1155.9282249156117,2,94.59917237927084,1,champion
7,278.37396501879533,0,60.071590171902024,12,stable
1,184.33561441529844,2,89.04082173341197,60,at_risk
16,453.687208275512,4,73.74990610002872,3,active
19,490.18155847235795,1,3.4233235073481194,4,active
24,578.8927530251033,3,61.687845875439265,1,active
3,147.04179869637832,0,3.7095622005430595,83,at_risk
2,171.91332236588292,3,96.57810124785881,51,at_risk
28,1260.655436574013,3,10.8335048950845,1,champion
8,245.0936610485996,1,44.140710569653166,21,stable
4,178.9175970997416,4,56.86526472548462,55,at_risk
47,1725.8988895442317,2,32.754666785770844,2,champion
14,751.0305095910586,1,65.28784286977381,2,active
5,69.78425311225575,3,61.465639126129936,66,at_risk
11,490.09869976180914,3,10.387380821927806,1,stable
32,1813.5578283515058,4,64.96053378644041,1,champion
3,191.18789782088191,0,49.18499929421707,76,at_risk
17,495.61588355261597,2,65.40700473077901,3,active
3,173.19951169566454,3,5.607416647518426,64,at_risk
18,788.2028083133425,1,57.96048228706098,4,active
5,199.59435225281356,0,61.1831716599324,66,at_risk
16,587.9479575858188,4,70.38103527890122,2,active
4,179.92262118342992,4,95.38090563210126,80,at_risk
3,142.69768437447712,2,2.41715727752827,73,at_risk
20,381.1396383630849,3,97.3617330260831,5,active
4,374.10555681739885,3,39.08172900951627,4,stable
5,444.40951376384237,2,87.6329145565682,11,stable
2,188.69398791013623,1,47.6738767321905,80,at_risk
13,757.8584112487652,0,21.355501303035528,1,active
1,158.0737934514989,1,48.38118895071245,73,at_risk
20,720.7926592017317,2,95.62609675435895,4,active
4,115.010764437126,5,53.863624701863955,52,at_risk
45,1841.9203169129646,3,71.26647511700106,1,champion
1,81.41947488572463,1,34.721121207283254,89,at_risk
2,91.35710045633483,0,25.470099011965218,69,at_risk
0,89.38153910112513,3,58.75516525392952,84,at_risk
24,312.0026528378816,2,25.222538016190455,4,active
10,496.6852320017365,2,60.93500059514923,2,stable
8,291.39555418086474,1,58.983630407899554,23,stable
5,86.35107335355062,1,64.56517410889478,35,at_risk
16,563.1861084517168,0,85.56662571828171,1,active
6,299.43191178137226,1,32.1643670032176,17,stable
46,1962.1064944165787,1,57.372050861716986,1,champion
1,50.661192658209885,4,79.2604106674935,71,at_risk
11,409.6071548128233,2,57.73198013142936,4,stable
10,335.3107950080762,1,33.533684007821115,6,stable
2,74.85287416115739,2,20.02425738435608,44,at_risk
16,502.79161179517484,1,38.7941345106387,4,active
14,534.7052433149111,2,51.43301183489901,2,active
4,228.610841439751,1,98.34234367886314,11,stable
7,437.0353473585556,2,93.30695569174193,1,stable
5,58.076886953696025,2,26.24978596768941,57,at_risk
34,899.0493521089476,1,57.49574127275433,1,champion
1,184.13598045403108,2,85.89313324150197,58,at_risk
3,74.99773070608879,1,79.81675609550688,62,at_risk
16,374.3558242646823,2,96.23631078370293,1,active
4,146.33559573328102,5,54.12118610558131,74,at_risk
5,340.7724595965014,3,64.86759385965308,3,stable
39,1508.5043171746022,2,55.41878885358982,1,champion
3,117.03841702019928,4,98.07679596581771,53,at_risk
15,404.1966745889226,0,87.16490533491233,2,active
7,458.6501822782074,3,76.32493127395023,19,stable
2,155.61849043845257,4,97.73360060307023,35,at_risk
3,171.06209987341825,1,35.709774091682746,82,at_risk
49,1110.1793187238534,1,76.34428889304662,2,champion
20,769.1913991300052,0,1.8893039574364612,1,active
10,242.8405347777747,1,29.15587546773766,14,stable
12,387.14888142161993,0,68.29934139995076,17,stable
47,1065.3117065119397,2,15.878248237299243,1,champion
21,436.17564735597915,2,23.511047205429815,3,active
2,199.4247657899126,2,30.251844910786318,41,at_risk
42,1571.1257681679108,0,54.80945791317365,1,champion
7,411.9522355730397,1,31.59368282749232,6,stable
9,373.9640880658085,2,95.27787465858371,2,stable
4,149.7979637905536,4,54.13189432920179,89,at_risk
24,483.00126466751306,1,19.566098217460357,3,active
1,127.25658190091197,4,89.7748655933309,62,at_risk
37,884.7774660165423,1,38.32639692555914,2,champion
39,1310.9651362875245,5,79.51157729360177,2,champion
45,1114.0177277122084,1,12.725007912732256,1,champion
24,555.4353501145278,3,70.64543749063779,1,active
21,579.353322133285,1,54.33646081276623,4,active
2,82.72812344075062,0,64.50641528836817,31,at_risk
9,366.84635381959447,0,46.84328823938968,8,stable
37,1166.0381806024,2,9.424689344794112,1,champion
21,669.2864778581044,2,60.72929088905933,5,active
20,673.0642070081003,3,39.883287752762186,3,active
6,371.88982332324576,1,16.416998259671654,18,stable
47,1014.5080967943529,2,96.9134341337426,2,champion
1,127.63741862525252,1,41.14880456015598,44,at_risk
44,769.6852856088229,2,83.85763615790827,2,champion
7,262.0998133776187,0,65.08391997051662,21,stable
31,1008.514488707815,1,43.29589801617038,2,champion
47,1787.2983422097866,4,43.50598512768045,1,champion
37,1191.2654785802306,3,36.90697621029888,2,champion
17,570.7347765619451,3,47.583748304870866,1,active
4,100.54910838432554,1,99.7656715666508,59,at_risk
20,608.9053924843976,0,7.184295026079235,6,active
39,1331.4745762222926,1,73.01454595770147,2,champion
40,1642.3784177723776,2,41.539572380221145,1,champion
42,898.0227621536599,0,23.696058641467644,2,champion
25,498.2905201778194,1,13.111858318168046,3,active
10,480.77969757656007,1,41.31036851222023,9,stable
4,127.7515085729278,1,58.15605375920997,89,at_risk
2,73.54264046839452,1,90.98887315524294,38,at_risk
21,716.9059053118082,3,24.793952320849264,5,active
11,340.82480685738665,1,45.095926695653674,13,stable
12,387.2001035862548,1,11.469150738193923,29,stable
52,1495.0600054970043,0,2.2616834837051125,2,champion
25,338.66949311060847,1,33.937614162650945,3,active
40,1001.0118631604914,0,23.320601718253677,2,champion
4,168.55863378458528,2,88.38325872878173,62,at_risk
23,477.11009863235813,3,24.812921234213082,6,active
11,398.9027743791255,3,51.351873661144076,10,stable
8,228.38471299185733,3,74.91000414241515,7,stable
52,733.8113840625277,0,62.46117349819349,1,champion
40,944.3138568358037,0,56.88009965508072,1,champion
2,51.27933184010188,4,96.92862294955502,85,at_risk
47,1812.765884727053,0,58.61261264541068,2,champion
2,138.9480035602395,1,74.76326973159169,61,at_risk
2,111.53371711953135,3,39.896514034188954,69,at_risk
17,366.38254494990224,2,53.889098021368234,5,active
57,808.9288128324655,5,17.39048109024396,2,champion
22,681.0490789951731,4,49.495306866479204,6,active
39,1329.603049533027,0,51.05219210172377,1,champion
11,415.40932226718274,3,32.41427795413122,17,stable
13,284.17354036936564,0,18.9698303778303,7,stable
33,1808.8936003174897,2,66.37565969090247,2,champion
22,311.283568442797,1,61.80443397288283,2,active
27,319.8034017162394,1,23.795829794240575,4,active
10,343.24976363152433,0,82.03796236407786,7,stable
19,562.4989880445861,3,22.796422310209085,6,active
44,1141.3480413135912,0,40.870199471340875,2,champion
51,1616.005522910544,1,1.5152429671303924,2,champion
40,1391.0797751000316,3,62.05896649270149,2,champion
38,1627.5751889144074,1,47.12392813728948,2,champion
16,663.4183861679855,1,28.220823724906374,3,active
0,158.43091514530568,2,82.61789786050016,74,at_risk
27,664.455157666775,2,90.27170712414407,1,active
5,320.7653583083252,4,22.98743188378447,1,stable
1,161.79740420784054,0,91.3216638074349,47,at_risk
21,779.720191498976,1,8.98370842011107,5,active
7,426.22976420246306,2,47.63357921895586,14,stable
43,659.4415763687016,3,83.12224736883728,2,champion
20,738.6734878648505,3,77.10095924874084,4,active
19,642.6240003913645,3,93.8754125791627,2,active
33,1621.2103053007988,4,94.15468513853857,2,champion
48,852.726849797725,2,23.76908554657584,1,champion
12,278.289911318457,1,76.45841804237176,26,stable
1,101.36068232708205,2,22.556280486589376,88,at_risk
49,655.6321662521459,3,62.32191107179694,2,champion
16,674.7471562126912,2,69.24698987374383,5,active
13,340.6850719850103,2,34.28147697273567,22,stable
20,758.5070965309977,1,65.41894589567625,6,active
9,374.43775408153294,2,96.22809843585758,1,stable
6,146.50057884518188,7,96.98907502533874,51,at_risk
12,320.2823951925092,1,24.76702182429139,16,stable
19,317.60440420738746,1,98.65241079586085,2,active
2,119.64754130927784,0,76.52461829035371,57,at_risk
18,790.8207320256971,2,1.9307696775110017,4,active
1,167.93556486026094,0,70.81926285485277,34,at_risk
17,605.0942452065444,2,91.99148608420455,3,active
7,143.04788652056385,2,26.45090592092866,78,at_risk
2,105.04331410347038,1,70.09072429866596,34,at_risk
3,82.44687617295176,1,6.7331884907178345,79,at_risk
33,1531.854144582157,1,75.04822670350973,1,champion
43,1926.8599480328508,1,99.42957664430784,2,champion
5,51.50042306085455,2,94.9188409661029,47,at_risk
0,94.14582147536632,0,9.024745794877887,36,at_risk
18,613.2036101893758,1,93.96463604689461,5,active
4,122.45463009779023,4,53.369461321144904,63,at_risk
5,114.81047147057738,2,10.972850978657556,68,at_risk
21,409.6375431924424,2,74.36716736180196,5,active
3,121.8195720372098,4,76.3174076555986,42,at_risk
20,501.57429549763714,1,29.30520415695781,5,active
34,972.1555355768207,1,59.05893243680277,2,champion
42,1139.1459271746357,0,28.610514249143193,1,champion
11,248.95464032017392,2,16.133070113494608,12,stable
19,328.18085549636123,2,28.966546431515717,5,active
24,610.2421824573493,0,24.295691826101862,1,active
14,387.415390074431,4,57.95862546373791,3,active
10,246.4705123568752,1,84.79660104522986,29,stable
18,587.8519968872641,2,50.35388370195716,4,active
5,58.3647174283233,2,12.381626512794641,57,at_risk
40,1917.3949566091765,3,71.59955752851687,2,champion
7,291.5351228347809,1,60.05231701124218,9,stable
2,59.81042050840498,1,58.10988470195281,49,at_risk
11,376.68396521864446,1,47.83496914852804,28,stable
11,321.7482521152072,1,68.1331728903975,6,stable
9,493.8273087545767,1,48.22741724712279,21,stable
13,259.5562103591093,0,0.8970636468751292,21,stable
20,461.70628215579904,3,74.63393970208159,6,active
3,135.43312539172314,8,33.45393781221041,72,at_risk
7,159.2480343198551,5,70.59625750883185,64,at_risk
0,103.66376317605611,3,14.536534754702824,47,at_risk
2,103.14477740904667,3,86.84657273757743,70,at_risk
17,553.89469839128,3,67.8951847379128,5,active
43,1938.759357636685,3,85.29509818977601,2,champion
25,744.0180293599035,2,77.93909762705657,1,active
10,467.90143944080404,2,44.251088605568725,2,stable
13,247.94804523228615,4,98.61621382364264,15,stable
5,148.4792044161166,3,7.087903264100781,41,at_risk
2,94.82666387906136,4,72.36682865908242,33,at_risk
7,172.75217178151308,3,84.44659160795499,81,at_risk
43,751.6428620416534,0,0.8541208914960685,2,champion
36,1301.5424650770633,0,20.893971809227562,1,champion
2,110.3413134980484,2,25.558896261394803,73,at_risk
5,147.29616581054395,4,43.28223066920748,83,at_risk
17,389.404466641549,1,58.56884595227001,5,active
1,196.95601505520386,8,28.16363639291043,65,at_risk
24,776.3618178074616,2,40.68641075579923,6,active
8,375.32269902855893,2,37.65232012320088,21,stable
30,516.857987520738,0,75.13296762307094,1,champion
38,1316.6288908165047,1,79.82285241790254,1,champion
38,1938.674029942488,2,95.4180580789956,1,champion
34,1027.1117428296945,7,49.93263960376243,1,champion
37,1805.280239203889,4,46.4691407133883,1,champion
35,1898.6736764324926,1,80.04288424340388,1,champion
12,304.1708684170055,2,79.2659366833057,11,stable
2,193.52110932718432,3,77.91353189969445,41,at_risk
12,395.5908927315046,1,32.81344796033069,8,stable
11,232.61047426645302,1,54.811888766283914,27,stable
4,111.17816050793111,1,9.929312802030088,38,at_risk
14,457.3331336604814,1,13.131891161370202,2,stable
17,678.7201131814752,1,28.572763887567763,3,active
17,303.22501447675467,3,45.37951999049449,2,stable
12,431.564316376611,2,50.587539144445756,5,active
24,321.07118733292293,3,57.172365659223935,1,active
51,687.6147380768989,2,52.796523502072425,1,champion
8,429.58243421834015,4,75.80388996634629,2,stable
10,466.05717396717364,2,64.77624979715722,7,stable
0,163.32041555962914,2,78.24682629487653,60,at_risk
36,1141.1293140831972,2,97.7637643770748,2,champion
11,348.06995671896686,1,37.68720757557232,16,stable
0,90.99126648515,2,84.17392761097723,34,at_risk
22,354.99367233478483,2,12.473681439379025,4,active
2,180.83434816295573,1,13.994112509114377,42,at_risk
1,50.317649224098126,2,24.212923309466273,89,at_risk
6,316.1332475430312,1,35.15785295486976,17,stable
6,187.23275859990937,2,20.950233906406257,83,at_risk
44,1207.6958757906054,2,97.47490708430749,1,champion
3,75.23166540067007,0,17.063758106287718,84,at_risk
15,450.21719430533665,1,80.90808978397823,5,active
43,1496.4751244473885,1,96.86660585988213,2,champion
21,416.9375496236209,0,91.51845655291139,4,active
8,374.9987030000358,0,80.01781249078633,25,stable
46,1004.7561300404265,4,77.82046862748192,2,champion
6,70.6666381797348,3,30.90147829853358,62,at_risk
43,1423.3308165471435,0,50.492708455798684,2,champion
16,790.8848362959594,1,27.516255269267063,2,active
24,330.65751852203636,1,69.90557547928773,1,active
10,364.5915624568547,2,50.19153997613473,5,stable
48,831.0988930448268,4,89.29670435150491,1,champion
46,717.4710527577796,5,68.54937308787946,2,champion
12,401.3075210623277,3,63.69038043743242,5,active
25,432.85356626029,2,80.71233120235033,3,active
3,195.61559894565178,0,89.84447297753762,77,at_risk
8,440.0870230998615,2,96.64815629793875,4,stable
38,662.7901110771551,3,45.7054337446647,1,champion
49,1583.6902175677815,1,84.25204070250928,2,champion
11,212.71959422466554,3,25.249427448597807,8,stable
8,278.2095283142885,1,1.456231876077363,24,stable
3,176.5376352032499,1,71.87310371882548,31,at_risk
21,617.3890701936352,1,54.087717918713054,6,active
16,642.4656194482491,3,2.047676188267822,6,active
8,410.51550580992966,2,2.190528685661952,11,stable
7,228.89580772480699,2,20.083955109688635,28,stable
11,260.2908668758028,3,2.957212615864324,14,stable
3,157.83848993419448,1,69.61118526034039,49,at_risk
33,1031.8460139887175,0,32.34641797156668,1,champion
40,627.9522387822543,1,95.2806421817792,2,champion
31,599.3364542636122,1,55.69516338537582,2,champion
36,1654.5106865383061,2,9.002408032126908,2,champion
2,118.82056330035142,2,38.73573431113401,84,at_risk
3,77.95469088942801,2,75.70649005788574,62,at_risk
46,1948.1208413821278,2,33.081912302592855,2,champion
28,1357.0699897988668,2,25.65095534172812,1,champion
27,563.9039877628401,1,68.89253449335301,3,active
2,121.1967935360238,3,76.25689700438426,31,at_risk
24,1909.028374229362,2,24.74369307012172,1,champion
17,403.48101919975176,3,34.5931045514534,4,active
30,567.043969879902,1,41.18375898271953,1,champion
4,80.82108459341893,1,40.575434165599,87,at_risk
44,693.1386261553077,4,5.0928037439075595,2,champion
19,730.462579925764,3,63.20404637881125,6,active
0,159.70619590309704,1,41.29779821408987,73,at_risk
3,101.96603936479951,3,4.883520602778669,88,at_risk
2,88.54109285960936,2,9.162030923661913,37,at_risk
18,572.3220491668759,2,48.10098970615558,1,active
44,1415.247572667587,2,29.653458973208856,2,champion
0,191.49763632019966,1,53.10724580844297,36,at_risk
19,750.7742489589897,2,74.24912922176986,2,active
2,69.74621128747809,0,29.7593674823306,34,at_risk
19,325.7597818281369,2,80.59039814439916,5,active
22,317.28963945566835,0,94.46414733237722,6,active
57,1940.1415683947228,1,57.754096432865275,1,champion
14,268.3162170493615,1,28.58858208690246,28,stable
2,127.34355043006,4,33.17627434303352,65,at_risk
10,266.13411833555307,0,35.33021458584583,25,stable
16,604.4794311114309,4,92.9712389527513,2,active
1,183.35717688177562,1,78.36042846776625,85,at_risk
1,85.13589277681406,2,39.85132497398991,37,at_risk
38,1091.020609833655,1,90.57051785501575,1,champion
14,200.1775409910941,1,63.67930840710858,21,stable
39,854.2763330645955,1,80.99820331394612,2,champion
41,1761.692184379747,0,43.046639329519465,2,champion
2,177.62969063255147,0,68.44364223829183,80,at_risk
3,105.20575818792504,4,45.83138564886481,52,at_risk
46,952.276289723476,3,27.59481278979995,1,champion
4,67.49379656817035,1,33.24989554777121,86,at_risk
3,194.52070021957107,3,65.3734471000822,84,at_risk
45,1815.8693636334115,1,63.1028467315567,1,champion
3,166.57336199074504,2,4.657231159412467,57,at_risk
3,199.5540121827145,0,83.50604407307613,78,at_risk
6,131.579174850093,2,17.590729178109488,41,at_risk
3,116.2602396645648,3,7.517529881258056,34,at_risk
10,444.8892328249981,3,3.6801623356033653,25,stable
9,288.27153385681265,1,51.07020147357362,8,stable
11,283.0015415869843,2,25.951218000746046,10,stable
6,235.93995311686993,1,1.467169347073971,27,stable
4,141.85298328779433,4,94.20547536804351,88,at_risk
7,390.7428974444539,0,83.33070035127194,7,stable
31,1891.9302555794375,2,49.097081091653614,1,champion
51,1743.9320836369695,1,46.06687260731195,1,champion
40,1965.5922357232123,2,40.0720101532445,1,champion
1,164.87281212431074,2,13.129275960674324,30,at_risk
19,588.5672224366642,2,2.092271174799387,2,active
2,185.61493350011216,1,97.41427056808632,88,at_risk
24,413.67703561447837,2,84.40105180696976,1,active
10,352.4370412301081,0,17.854581929258618,28,stable
20,300.21170376832845,3,22.499836269348428,2,active
11,434.0340019869031,2,73.99959350426319,27,stable
24,401.7394521211977,0,41.37196469639587,3,active
21,707.8250266535192,1,17.656695924480193,4,active
37,1580.457377377464,2,96.39158260662974,2,champion
21,782.4291848359574,0,27.240773823854937,2,active
4,191.54271267984393,0,16.293217584675713,85,at_risk
5,87.30430569384971,3,37.400288856885425,65,at_risk
10,274.95424704176895,2,81.44250989989467,16,stable
21,330.5702038509579,3,30.821872946916805,3,active
17,736.1737913971311,0,48.69750589175585,5,active
14,319.2100142783215,1,46.79967511531257,29,stable
5,478.3268354645746,0,2.2013813293634943,18,stable
36,613.8537920655938,1,63.3819260361353,2,champion
8,491.43586619153615,2,17.233762775013982,5,stable
31,1752.1582338163385,0,43.29659738169111,2,champion
4,131.73488802396173,0,13.600623362404573,73,at_risk
51,1199.3521572395232,0,51.94507477268595,1,champion
1,149.0672861869278,2,75.333915618803,69,at_risk
39,1071.1489846761701,3,92.7904139162097,1,champion
29,1524.8326228591604,2,14.471671393050444,1,champion
42,1911.722719694372,3,33.60504666479821,1,champion
16,443.75057182222696,1,51.89530546715231,3,active
15,661.5789477085802,2,11.11889726024109,6,active
40,1571.2071820805418,0,43.02800676168484,1,champion
45,986.7232953281382,2,58.81371829103931,1,champion
14,313.4453303536114,2,80.44100213206461,5,stable
5,299.99956350742974,0,97.03018261468523,9,stable
10,264.2948885561596,2,10.742300707895335,2,stable
31,329.990420783134,1,55.609043394354906,3,active
18,246.82534911066807,3,34.2527957742946,4,stable
1,197.1413211949964,1,3.6170386726767867,37,at_risk
52,1277.9212415479526,1,62.041945933068554,2,champion
3,121.26652291968263,1,56.59309293641064,51,at_risk
36,877.3248513604859,5,49.95551432531193,2,champion
14,641.6363543253611,1,48.50798406722247,2,active
28,461.7726673582247,0,7.360539629124907,6,active
31,1384.0808668610696,3,10.171976812047301,1,champion
18,323.4773826267753,1,64.07797287373825,6,active
3,64.20500984876442,1,69.88968378159073,52,at_risk
3,173.97018343679076,3,34.97817740361896,52,at_risk
21,334.05092823792256,0,80.51058634906965,3,active
2,50.3197683470333,1,32.77785348712955,68,at_risk
5,139.31483726396414,2,31.606196982718703,39,at_risk
47,1672.4867961022887,1,8.693278788422754,2,champion
17,532.5321021651979,3,81.24281624392634,3,active
13,475.5634018920146,1,49.135414770211405,16,stable
25,673.871989230392,3,6.087464673250831,2,active
13,344.98535558062656,2,45.932824415783294,16,stable
39,1941.9396944885657,2,41.569643850467564,1,champion
15,570.4553675801978,0,83.71817359336993,2,active
8,396.2560658243923,1,10.80373019884382,23,stable
10,241.1408530957471,4,44.19598700270502,22,stable
2,94.61995336968532,1,45.80804111887957,82,at_risk
35,971.148254180423,2,72.85901484310554,1,champion
47,1824.3543112607913,2,89.31841372151612,2,champion
2,74.04133365571467,3,7.242540384271045,45,at_risk
25,310.2235422092933,3,92.66024474869805,4,active
13,406.19592025210454,1,61.620441241831,4,stable
4,143.0546979804357,3,25.95996890819213,81,at_risk
8,340.82593555914195,3,7.3561739007769305,22,stable
13,289.70452065388565,1,30.88377596308365,25,stable
10,311.47389262103525,0,9.083196297810215,7,stable
1,80.20183639072103,3,26.456103675525135,52,at_risk
44,679.4187365310336,2,33.76596585741499,2,champion
21,320.63787994675556,1,92.96775007095276,4,active
14,302.97325273472154,5,27.50843703326289,5,active
7,283.23426168641055,2,8.418343521534178,1,stable
1,176.5329921454571,1,3.1677176567364906,44,at_risk
4,119.546456523435,3,9.760978748171622,83,at_risk
24,642.6166115548806,1,26.363623863477613,1,active
44,1196.5079181055519,2,86.67172939525344,2,champion
1,54.67046488617706,1,56.61320082516881,38,at_risk
44,1372.734729683078,2,20.12317093027659,2,champion
1,146.82506830717577,2,31.046289950425532,76,at_risk
11,364.88045088862407,0,37.65378595800397,8,stable
22,307.9400172472477,1,55.14199480389611,5,active
49,1680.9933779665917,2,74.75553747695547,2,champion
22,753.9932274306954,5,60.66555829712873,1,active
9,414.9193491122269,2,43.53061407070389,17,stable
34,331.8605936848081,4,7.352812323676727,1,active
12,308.70897949321346,3,93.8755536767366,21,stable
35,695.1797506481014,2,89.11631402659533,2,champion
11,387.4900526317792,1,79.9431777323597,20,stable
1,162.1746941326171,1,84.8326535031884,42,at_risk
1,62.094909138092106,1,45.22218688250216,49,at_risk
33,842.2731005863766,0,75.35210911155225,2,champion
19,383.7987071356591,1,42.675151877507375,4,active
5,51.213436907746036,4,5.701512732180147,58,at_risk
6,435.3342039541963,1,40.084095220635554,13,stable
4,105.52402607655608,3,25.15657428972311,43,at_risk
16,670.6114354950437,4,99.99394155950378,1,active
18,408.9155071154085,1,27.75981957096201,6,active
2,64.51400126740896,4,2.202944003042495,73,at_risk
9,437.3070142888795,2,8.428720645382237,11,stable
0,149.0857734741209,2,92.40777541949403,78,at_risk
25,748.3606144373086,1,66.59735565452827,1,active
11,444.0537824444408,4,53.293796838913586,29,stable
4,169.2496368355297,2,1.5249887085850289,42,at_risk
8,307.1267689822346,1,7.014904934818899,10,stable
19,786.438929537847,7,81.12390771199416,1,active
3,88.54960588136638,3,23.713385998547633,45,at_risk
14,309.88939958620705,1,32.39525661946051,11,stable
2,146.7380215157042,3,83.70191058614374,60,at_risk
45,1798.0270309827783,2,80.12414932627172,2,champion
42,1981.6629125018028,0,81.89433821678622,1,champion
10,323.2433295694715,3,85.12225841337882,18,stable
42,1712.5227546458334,1,28.84207319002029,1,champion
11,231.02929487283055,1,78.61282428245386,6,stable
3,133.44929548338507,4,78.12855409529331,51,at_risk
8,411.6971934824928,1,12.705148697229273,28,stable
14,311.99094028559847,3,33.38007453683605,5,active
52,1393.5446741362562,2,72.227120014018,1,champion
14,759.5910313603522,4,39.00457960243418,3,active
26,717.2315682863559,0,46.19050237018259,5,active
17,721.6767647837374,1,86.71749818271032,6,active
35,1545.6852206180743,0,14.147073301628287,2,champion
1,188.24538850148417,1,82.8026907293515,57,at_risk
2,124.31744275904876,1,99.36096257122941,53,at_risk
22,446.7752643932496,6,35.960542887999466,5,active
42,792.4819968656468,1,50.57908241927891,2,champion
42,1124.060448550498,4,86.77282257920018,1,champion
38,1268.5748601933744,0,90.30920681177291,2,champion
17,435.24471600266776,1,42.351516577198865,28,stable
9,365.11908634684835,2,30.591826891093277,27,stable
8,407.63152050030374,1,55.57650724983545,3,stable
27,526.0794473639386,2,63.609434243371865,3,active
47,886.9328888231366,5,94.10924202381317,1,champion
1,179.5547599027751,1,75.34333807225205,87,at_risk
10,270.73646512555155,5,49.54630219965159,20,stable
17,733.5982970116207,1,91.83143414958245,1,active
6,430.48448390690766,2,24.23199071615999,17,stable
12,280.40036700566776,4,3.648598913974399,24,stable
7,302.9935999667161,4,77.84332639266111,28,stable
11,360.851260801737,1,67.38202348403442,13,stable
36,1782.368470419422,2,68.28235643489265,2,champion
42,1472.6880325285476,3,63.588722781607885,2,champion
17,782.6266819298622,2,35.03455520208241,3,active
4,171.6593965787048,3,23.586359282346024,48,at_risk
13,295.56044453946345,2,62.78863823978429,26,stable
13,203.83986258151631,1,95.82712848709613,14,stable
15,696.4047409471787,0,19.449171639875264,4,active
3,66.95262047690996,2,33.01271805119905,75,at_risk
8,479.7185244021883,1,72.76555684776423,6,stable
47,1524.95226044722,1,63.076113123573286,2,champion
18,482.3378490489853,2,43.38981323199879,3,active
8,420.2463376567738,1,31.553823262092408,27,stable
8,386.60570085132116,2,67.78679599589064,25,stable
14,276.1502352397042,4,25.670294795405056,28,stable
14,466.3613065920431,1,3.673417330328266,1,stable
7,161.06791600440985,2,44.29459384106702,84,at_risk
8,259.6557046485797,4,87.75014240484667,22,stable
3,91.20771516360689,2,85.29858372248255,80,at_risk
37,1708.8201237395272,2,84.34140995220528,2,champion
3,162.93733312006037,1,67.68184341481177,57,at_risk
38,1893.7308725740384,2,89.39507162880534,2,champion
34,1909.018895285344,2,37.385510155200485,1,champion
1,186.25195434476115,1,37.2578397497366,79,at_risk
38,1864.06924888545,0,83.47760203773369,1,champion
8,272.7140317347946,0,15.284264116937551,1,stable
4,141.68193149384342,1,46.21056678453387,68,at_risk
3,169.77610422155237,3,81.36590855797404,38,at_risk
2,131.85343268621193,1,21.61168270075551,88,at_risk
28,774.4453696529775,1,5.433652577614123,4,active
12,267.3075048097651,4,28.157054655071157,22,stable
14,387.68155334660946,3,61.07725084149456,13,stable
3,111.38638808396381,0,31.24096518959304,66,at_risk
4,162.04754886089015,0,11.739792610437604,52,at_risk
2,64.11272390510565,1,2.7273003187051725,48,at_risk
47,569.176283999109,1,57.40752085703198,1,champion
14,247.04171511484589,1,44.098046098405995,15,stable
9,454.83599677575677,4,66.59306553304098,7,stable
21,342.32590902221824,2,18.019807375017816,5,active
8,438.4715841672937,3,88.73062167933473,22,stable
7,98.74620150717914,1,98.06596940420275,50,at_risk
8,397.15677419692884,3,71.69532321791804,6,stable
22,380.5862202678113,3,42.5385186171374,1,active
52,1916.9761385039162,7,35.55833441353216,2,champion
3,134.0905064905266,3,55.48751798657933,55,at_risk
7,156.69856428132292,1,6.100142303871503,42,at_risk
10,280.42425204574846,5,3.366098184905042,19,stable
1,161.82040679825994,1,59.44533042247593,48,at_risk
48,691.2058444414619,1,14.329516855893221,1,champion
35,1404.9764516567045,1,1.829548809612136,1,champion
42,1011.594114956587,4,65.96480557808346,2,champion
19,602.5069736617056,2,79.07908174490906,5,active
8,321.662841074599,4,22.589735309048752,23,stable
48,1719.3975598598158,3,81.26293481602353,2,champion
19,618.5086685120397,2,71.87009119342474,4,active
28,681.1197673053728,1,96.50438767154654,1,active
19,415.14229928095756,0,13.729961245612643,5,active
41,1856.0700108128947,2,69.59112413930029,2,champion
10,420.3312681532622,4,49.728286346712494,8,stable
11,341.1373215954329,1,38.123136398621725,20,stable
21,419.2868028355551,6,61.099873956840966,4,active
45,1514.8263479528607,6,55.05050780587505,2,champion
1,67.89921580775746,1,60.93711519879085,60,at_risk
10,313.21924230301994,2,19.83819776489434,3,stable
21,782.358156137464,3,29.761719952633026,5,active
31,1602.2145217006905,2,67.17307859949938,2,champion
8,308.6468152681488,4,17.134100136900177,7,stable
8,267.1049997351473,1,91.38832028501609,16,stable
3,178.7471559690548,1,87.67702394475556,35,at_risk
1,100.54891249030761,2,87.19469945092753,70,at_risk
16,330.63965292979765,1,10.239865965721028,5,active
47,1080.8533142382594,1,25.3713233166045,2,champion
1,155.08573880719155,5,3.8522258587814884,38,at_risk
37,620.0378586512805,1,84.92448474028805,2,champion
45,1600.2727851144216,1,53.09016346866857,2,champion
20,386.4616493553851,1,84.95190621818584,5,active
40,567.5879819916361,3,91.09849673522177,1,champion
3,120.58830639431918,1,45.23724522427213,50,at_risk
38,1693.2227479132127,1,94.4854643379194,2,champion
33,1149.509121997463,5,22.65062345603631,1,champion
3,131.14683021475045,1,90.23329150194235,58,at_risk
27,514.3832741666682,6,3.9068711988701432,4,active
19,763.1646514664242,4,76.39889657692459,3,active
5,63.590254527101166,4,64.70983509919098,72,at_risk
3,115.27739287655348,3,7.854170655191917,51,at_risk
30,518.9961855767467,7,2.3062913320819223,1,active
11,431.87087426520486,2,31.337387458722088,26,stable
17,769.47073694322,3,32.065074117584324,2,active
4,129.48699291837463,4,35.39457817796799,35,at_risk
26,315.0543597027044,4,65.89229858659755,4,active
3,92.31667208584783,2,98.53566513223258,50,at_risk
30,1441.5098999714562,0,42.92105987545428,2,champion
23,661.867590241227,2,82.84787963976423,5,active
16,325.97051828036774,4,34.801635701460256,3,active
10,406.2797065681077,2,31.25409405010845,15,stable
49,1385.5368424056887,3,54.91557481950369,2,champion
44,997.508661447791,1,12.212336132541346,1,champion
3,155.9535477050449,1,69.98380714542554,89,at_risk
5,244.80686678230057,3,39.13418618324036,1,stable
11,252.73496828331702,4,85.53146964164937,25,stable
10,495.2831705485592,3,45.20223587012933,6,stable
41,1983.7625158747605,3,41.5439313483374,2,champion
14,381.13414424957153,3,68.3773778840361,24,stable
15,403.5792143956475,0,33.5137359297438,22,stable
40,1233.132253186381,2,41.073269778183864,2,champion
19,393.60662491901155,2,71.98811694113458,4,active
11,363.014657963017,4,17.64393360516552,13,stable
4,67.57123516574391,1,98.37307462021461,89,at_risk
4,143.95632092921286,2,29.552021309748877,33,at_risk
5,167.13073992458044,2,50.602085201259115,35,at_risk
47,604.5855654460984,0,81.25962365787484,1,champion
16,719.4957353718763,1,97.07410098450109,1,active
55,575.0066320414566,2,10.561732015608028,2,champion
13,366.75857023986424,1,15.841147846481785,8,stable
8,276.04951673247115,0,6.498290007373242,13,stable
14,300.29275378096145,3,94.86729518394455,16,stable
10,98.48016446453344,2,18.609212540013743,78,at_risk
20,341.37126010569597,0,27.319611741354233,1,active
19,636.5536990212412,1,71.05178190979406,5,active
1,74.43873857847117,3,77.6062373972792,61,at_risk
43,1464.190773394498,1,62.60497694033321,2,champion
5,68.55593695444266,2,48.90128297415075,72,at_risk
5,156.786862915356,1,64.07048422320433,80,at_risk
36,702.8427323019584,4,88.64304029907503,1,champion
6,100.44108986023222,1,42.632553805958175,63,at_risk
5,111.51088157516877,1,18.204621262758426,67,at_risk
26,368.4662310408306,1,30.98030627937026,2,active
3,119.8821136656739,2,94.05444719080994,56,at_risk
11,450.57310962558483,2,2.7843252866951107,1,stable
1,88.87993713576222,2,46.44699377831421,38,at_risk
13,271.9075003669631,0,76.56336689723993,14,stable
39,1950.9126446887603,1,25.56366293990956,1,champion
57,644.1496851673799,1,93.21437441718933,1,champion
2,97.33885834789474,2,24.650954941068626,64,at_risk
19,400.7057455419424,2,52.67712312601166,7,stable
9,251.2130511086628,0,20.875153144048497,24,stable
47,1924.132441540017,1,36.06957790608449,2,champion
10,476.9333540660292,3,16.93262983974676,12,stable
20,503.41027958883797,2,0.24107398654968915,3,active
15,393.7451225033145,4,10.244185109639826,6,active
1,110.81027056833825,0,44.693337544385145,81,at_risk
16,313.597000494749,3,39.288856989951704,2,active
10,438.09249604203137,2,24.923587739328678,14,stable
22,318.84635653640004,1,84.23671422225286,5,active
1,132.72350366366692,2,13.111684162600422,40,at_risk
10,445.34815933009565,5,88.76290072998879,23,stable
8,452.7203061514091,0,90.2727222145006,14,stable
12,769.6144001830213,2,91.31488130827967,4,active
15,386.44225350345533,2,79.2684980690725,1,active
1,80.84244879041965,3,39.07611507781602,70,at_risk
26,678.6378555351168,2,5.5209924438225695,1,active
9,491.89900239721277,4,85.73245628731254,4,stable
1,71.19711907104349,3,72.25103107610208,64,at_risk
2,90.16811059022447,2,26.584671791749194,33,at_risk
1,122.82536347605388,2,15.599618984102504,50,at_risk
25,625.7647104373244,1,87.32782594784886,4,active
42,521.2442564613059,0,46.025812517352996,2,champion
40,1665.4313420027415,1,81.92327254273467,1,champion
42,1156.9522679038894,3,68.71269807263083,2,champion
10,375.59698178149716,0,28.770130974748376,14,stable
18,461.30334435359026,0,77.33354393752148,3,active
10,381.9261540358345,1,80.5918578701012,28,stable
20,367.6110541142084,2,3.2494359092365643,4,active
35,1004.4391424394134,2,82.46812739217823,1,champion
15,236.52134820043523,1,96.00800646276234,13,stable
3,152.78405610516833,3,4.05764166446847,40,at_risk
33,886.48818157405,1,23.32108812276399,1,champion
2,188.49476958801597,5,85.88376072978758,35,at_risk
32,790.7446709117808,1,71.25062364753589,1,champion
50,1040.5360940629712,0,73.82335327354158,1,champion
39,1627.9611321959635,3,36.334881409852684,1,champion
8,311.8879221447181,5,4.410907222576843,28,stable
0,126.9384957698403,2,19.33740727569092,48,at_risk
40,955.8957129452631,1,25.304392963801114,2,champion
14,263.22155485043214,1,49.796581625464306,11,stable
46,1381.6369477218825,3,98.84534737462425,1,champion
18,330.85785247797486,4,45.71954559352586,3,active
33,671.9403382083034,1,52.09630578837755,1,champion
41,1990.615743441485,1,13.220530409463782,1,champion
22,678.6779804915525,1,86.46363168365815,4,active
