app_sessions_per_week,feature_adoption_count,avg_session_duration,last_login_days_ago,push_notification_response,adoption_score,segment
14,6,7.854198634077303,1.2687296695183765,0.5395313862152885,0.6294480794462685,high
10,4,9.3217331306121,2.4785422312395426,0.4170757222405466,0.496891529573179,medium
10,4,2.01666066034848,0.2543925370854508,0.46785492373890625,0.521875034500545,medium
8,4,7.315169153299477,1.7637026816731582,0.5335087207025768,0.49494372626269434,medium
13,3,6.879140662874318,2.341403423197764,0.80764125927092,0.6009188956995323,high
8,7,2.103054790227766,4.5333846434575635,0.9279693930527295,0.6153713143208288,high
14,6,2.9498009536641168,1.4796447324868796,0.7796600205092756,0.6760677058852759,high
11,5,7.489457363582002,0.40799237810271605,0.5206267144488622,0.566405393702421,medium
10,4,8.621972235427137,0.06639311747852479,0.16161875688800154,0.4618811305944101,medium
11,10,8.862837541123906,0.389038681438344,0.7833702936877748,0.7190804675279661,high
13,5,4.330004337127127,1.01145491730988,0.529971915873764,0.594251350392687,medium
13,7,2.1888050982121525,0.6794189985221054,0.7027460042532471,0.6710197408605021,high
10,9,2.567186099083315,2.300159757536058,0.7445930020546904,0.6635842020273643,high
13,6,6.094262591993349,0.16120914089508934,0.6126268349204229,0.6364506393781173,high
16,2,4.947097174633202,1.1747973526571103,0.6619122231971692,0.6045504622883864,high
11,4,6.894850802417029,0.41756343049341044,0.633583880585737,0.568933019913858,medium
16,12,13.90798685892085,1.6438090155031204,0.7104868092216309,0.8111386350743054,high
14,10,8.975299222231738,2.447914965206588,0.6515763677147991,0.7239958404415825,high
11,4,5.943267508692857,4.304302912734065,0.532355847663162,0.522775816781072,medium
8,4,6.838264436653574,0.25400802278382306,0.6512356277208131,0.5285537387256038,medium
16,11,8.373421883859459,0.24460823850017632,0.7963256705888975,0.8176344125277784,high
7,5,3.361766896994693,3.4300275698793667,0.4941113429003529,0.48095541811420817,medium
13,5,7.90986583342129,1.539489004428847,0.7831782200612601,0.6413723839827263,high
9,2,4.094522960617412,0.5349225508399263,0.6785826323519929,0.5071503761314657,medium
9,6,8.32967370457303,0.8076169818100449,0.6051619612012119,0.5706482790281755,medium
3,4,5.641098259304841,0.6294754748871075,0.5512069200222018,0.4310448808385263,medium
9,13,9.850748925461826,10.300849375312854,0.7011828867966249,0.6665642481905727,high
8,7,6.297508561481906,1.8154497759912591,0.5361490078122313,0.5551268030558378,medium
15,8,1.7110204810754555,1.1070616414142456,0.7785163899616733,0.7333228670495731,high
17,3,2.5360432942785414,4.992414433854206,0.7552741485075921,0.6327720668091571,high
12,4,4.615764117787116,0.2257324428840219,0.6103775344654724,0.5805706239405344,medium
7,8,6.359258822619499,2.890934980052331,0.524844013635516,0.5506959028600876,medium
12,6,2.3280129720961344,0.12570707063782552,0.5839749329080604,0.6159569394440265,high
13,5,10.061255112104618,4.798246102466579,0.5637022400432554,0.5757521406588739,medium
17,4,17.733809493315547,0.9881660137414447,0.5740227796113541,0.6432167824973278,high
9,3,3.637611393678736,5.41462700430301,0.36234320802215136,0.43137112824241025,medium
12,6,15.402901789208318,0.08491770526430611,0.800931922539836,0.6596202664728719,high
14,5,0.8138715733915356,0.011855490714545395,0.6463412187043059,0.6391892071360976,high
8,9,6.547210607690433,3.846824886076825,0.6480586919276616,0.6039662391450201,high
13,6,5.649180201045677,1.8364959680502448,0.4993615906896774,0.6026290116842672,high
14,4,6.239913460240243,0.9246672079927847,0.5646330255710458,0.596762157060924,medium
11,6,0.8393841196128322,5.030538124773988,0.5953401392547241,0.5705311070191182,medium
15,8,2.6567272203185213,2.844791453873754,0.5714539171553297,0.6803255070719075,high
19,5,2.4525581326937287,2.4152701888008927,0.4918561292290387,0.667269424587135,high
4,8,4.906400055859832,0.8074449767518934,0.5569382313458259,0.5260046797574859,medium
10,5,3.844848316528223,0.8939066619626604,0.6085693064659532,0.5657544835467729,medium
13,5,12.58413847561916,0.05550646584635013,0.4834715449822689,0.5913242658908114,medium
9,5,3.77092543892721,2.7334376945286762,0.48332428974354685,0.5134419399851848,medium
17,6,16.693148720726327,1.0470968135984453,0.6915967273677812,0.7063387000495667,high
13,7,10.36926020722148,3.2513531584064164,0.6956280814536557,0.6524499285680218,high
11,2,4.484675303799786,0.9125326392849279,0.8709293121479023,0.5731023115010143,medium
11,3,2.4235637166842667,2.0224550217953188,0.5540473606739558,0.5223264386561557,medium
20,7,3.5718065435516015,1.7765582385089542,0.7657719154806335,0.781310661506067,high
4,7,12.444845934987342,0.9832634291732395,0.4112587943779756,0.4756966693477735,medium
13,9,11.275927020494239,0.33020434928230713,0.7061430484229319,0.7140272473560377,high
11,11,2.216549337084346,0.511727085216928,0.359224607955225,0.6534334076895989,high
11,3,3.469591509743135,0.3310589428594671,0.5755935388465745,0.5379116481502518,medium
18,10,5.146561879086979,0.2947448868163123,0.7246988804595974,0.8129748101798107,high
16,4,5.822180720948052,3.688403083273677,0.5563850849080605,0.6066876630931209,high
9,2,1.337988407325382,0.03179826887563453,0.6855479794980208,0.5118976074404333,medium
11,10,7.4226998457190385,0.676964476371377,0.6142113750116341,0.6833291784931843,high
12,2,4.934891688222657,2.8943731614295003,0.5533031713258451,0.5113648131889723,medium
14,6,1.8494591166213725,1.6695218877930056,0.6155711821318527,0.6419840905077505,high
10,6,2.213300874331101,2.2774667035390967,0.8085188177631748,0.6165206521957076,high
5,6,3.712023588267075,3.6435482119929157,0.3600922241862665,0.44272812342396717,medium
7,16,4.217291283397024,1.6007290612429115,0.7248076110280384,0.739289995130655,high
18,2,0.6443643397195897,1.6338429389477713,0.5852858281520359,0.6161648793707554,high
12,6,2.8352711099112575,1.940789227531475,0.46895525344255407,0.580852455838301,medium
20,9,6.5873768329475695,0.26050183425054335,0.7508069171112469,0.8284247045272458,high
12,4,9.581650161500823,1.27003002568831,0.5411283011655654,0.5597587933951911,medium
11,4,6.705596423776038,5.787615694947105,0.7408030924292642,0.5545765138528721,medium
17,6,9.805105995769813,0.6723737253488256,0.6461759562655338,0.6997526997507812,high
12,2,2.5955267579423538,2.9658987347785826,0.7195970846197518,0.5441467586920932,medium
14,7,2.86464016274036,0.18959735206648007,0.6474832264537941,0.678232662943649,high
13,3,5.100896358337776,0.12795828487834293,0.3432989744365688,0.5228067396547915,medium
13,7,5.13449966714916,0.13418873823517877,0.5860985386577185,0.6513251161433091,high
16,5,1.2175554437492795,1.038428326860468,0.7134728347556841,0.6757717114387336,high
9,6,4.755262629765565,0.5755362292572567,0.7150555142892379,0.5941741946627992,medium
7,8,10.963231434861125,3.788629884240306,0.5784697169497267,0.5554364108283433,medium
12,7,8.978093951492049,1.543466045728012,0.6272571295602246,0.6351616522738581,high
13,8,10.077422938583192,2.2361888565396253,0.6304676772639681,0.6661856097425295,high
11,6,5.114930079309714,3.802333126717485,0.6566716274226819,0.5909854379730866,medium
8,2,4.773427135865166,1.3398438589490962,0.7252250459908263,0.49611271680517127,medium
13,4,12.137741243754542,2.9156671601540363,0.5917539436169641,0.5739130076556993,medium
11,7,4.659529974045076,0.0960819042888558,0.6545980139498435,0.6352790567613763,high
11,2,7.293199144277663,0.4103641720024097,0.5563788070755037,0.5135400002684181,medium
19,4,1.188510534294737,0.9047207212383485,0.4070282318724849,0.6403741748995746,high
10,11,9.261892454054266,0.026249958436009642,0.6719471954072359,0.7042144393585404,high
22,5,4.9017168222529754,0.21288729384995608,0.7548253308512932,0.7495458175445922,high
9,4,8.22851669848069,1.0577854639151825,0.8183832171007961,0.5716247403273914,medium
9,5,1.6244516738882429,2.7472135802855506,0.5633632111583545,0.5293578850297672,medium
12,2,9.453654564994178,4.388991707594927,0.3972405702480708,0.47018816933231466,medium
10,5,2.481267745862344,1.3332826948615162,0.6085071644061635,0.5628128815821559,medium
13,7,9.845305409345793,1.3398800554405301,0.6248046023046075,0.6510283867579847,high
16,6,8.250276302663785,4.183220711066995,0.6591837111191524,0.6639486041500505,high
15,4,3.2382865921617556,4.201839824439711,0.3888578136441044,0.5547592972325561,medium
16,4,8.541307053510725,5.087249330362823,0.6954518914456752,0.6251753827533829,high
18,4,6.581056651896148,3.688514401568583,0.4090762845151782,0.6072251608925785,high
11,7,5.587367512659694,0.689852290163218,0.6998473516562812,0.6403704550635015,high
11,3,12.166911901906001,0.22199409300146095,0.7001003761567541,0.5635401146113411,medium
17,4,6.855217613632871,1.3343653613293098,0.4120451874774211,0.6085132684199555,high
11,6,3.867561863485897,1.4998918809490087,0.6976506728992351,0.6145308553735203,high
14,5,8.496766245449338,0.67529668751802,0.6161848240491484,0.628734986893043,high
8,2,1.411423179476483,1.918410704386996,0.6608088335106652,0.4793723620062198,medium
13,9,6.752829915117477,0.19724563167964196,0.72428053666439,0.7185411364550137,high
8,13,4.322409495925529,3.405195385913549,0.6254768399346182,0.6823940654141667,high
12,4,6.6107956307757565,0.1077234118678809,0.5442653988154269,0.5681349236839661,medium
13,6,8.170793279796944,0.13650977251333465,0.4305805976870345,0.600206054387318,high
12,6,11.610927171784411,8.768850966470051,0.43599211986274555,0.5287394175294154,medium
12,4,7.655027669640597,4.163569757507091,0.593878062285381,0.5510184807403623,medium
10,7,11.858629917450992,0.7010902544657631,0.5192760974903243,0.5891812844682931,medium
14,7,1.322785373326991,5.1263502714056965,0.6913092058975169,0.6540861727034654,high
15,5,6.511576961570583,2.2549573708601387,0.4817197538950279,0.606310901639938,high
13,4,18.386772071599992,0.47729085260004184,0.6920788329290825,0.6102338275684829,high
19,5,2.807137310045115,0.22937861401534587,0.5759101940947338,0.6986528480588444,high
8,9,9.086746420114464,0.7425643668384979,0.5769894995377929,0.6104474707953019,high
10,11,0.637464624760995,1.2690186400320635,0.7806436954480461,0.7176686148227288,high
9,4,7.502148644688663,0.5568218710574578,0.6384790706449978,0.5389836683219499,medium
11,1,2.15395437058437,0.8015197652611964,0.4357494202836199,0.46680641895498265,medium
12,6,4.882226807626925,2.6791253251447897,0.5174201292010676,0.5856231903392483,medium
8,12,4.066989024921747,0.5656592623128897,0.6474381493303422,0.6857165681173159,high
7,4,9.339386422423528,2.3145488917243764,0.7528360095771822,0.5201368759706073,medium
16,8,4.124103505894793,0.07253347020454502,0.6336078466090976,0.7262380128537893,high
16,8,1.870113723120139,0.6223637116547354,0.6849978569727818,0.7328504799835249,high
11,5,6.417352138869121,3.3500481526599413,0.260031318650961,0.49467260937912594,medium
5,5,2.9957132709159033,0.7969136299831152,0.754027131427206,0.5204926687522204,medium
9,7,3.483299761836659,0.1411841866418712,0.6461893914227509,0.6032966503736044,high
7,10,2.4827232629338543,1.159897416476831,0.7134163395155086,0.6399506184599228,high
16,8,5.0554606434024585,1.0850231694703603,0.5779554986897691,0.7083576119414847,high
14,2,4.069635112099013,0.3382555327131817,0.6032182011061555,0.5683886033364766,medium
10,3,4.772427895556223,2.0956956710741896,0.7019739970446267,0.5364234949350974,medium
10,5,8.46568529834714,1.4059644776245739,0.6081680583086435,0.5622605151442316,medium
9,5,6.21775295844512,0.609481729181938,0.5663214754543185,0.5442010835629841,medium
22,7,6.876709539534046,1.706331572278747,0.779942998001635,0.7846130557851354,high
9,6,6.7835345596623124,1.1391474850462948,0.5349720643712114,0.554400096307267,medium
9,9,2.015576565937005,0.5995821036350493,0.5521783427459072,0.6214384545249478,high
11,6,3.6659141799729427,0.09405615648230872,0.6408911416135444,0.6125511872794935,high
11,4,3.2503953932515945,0.9631934056094925,0.7916161954273931,0.5969019497147487,medium
18,4,2.040830052583191,4.1132945243654575,0.2738982733845661,0.5773576911811436,medium
7,6,7.9252350213775395,1.3784561676887077,0.8327979712122955,0.5823698864578677,medium
16,4,3.383641462334343,1.2863990961489506,0.5115250011842091,0.6137290062625155,high
13,2,4.609687452442617,2.379658180809567,0.5346885736316798,0.5260733268542722,medium
12,7,4.535467996898057,0.8240114880792496,0.8847490152247485,0.6914563931244213,high
13,4,2.745736178691106,1.042912463074542,0.37167788414880965,0.5423828270759317,medium
19,5,2.04944895057164,0.44634519709965137,0.48565155253636105,0.6791546758599412,high
9,7,4.641751121473941,2.4682278887975118,0.38883214311780245,0.5363115760315772,medium
10,6,0.7497405783661111,3.349117728771051,0.7354076007321071,0.5947540686212811,medium
10,5,4.813700826998578,1.7995860034932403,0.56209829350276,0.5504224186772638,medium
18,6,3.359291991910441,1.1935447879723344,0.7434966759734727,0.7307423699415457,high
8,6,9.351184742351606,3.206232576057581,0.6580696543502246,0.5502390470296611,medium
11,5,4.55127915058004,9.64692513477676,0.41791948408942753,0.4842710625860405,medium
8,4,15.626620970159125,2.6271152935813316,0.43526196447993076,0.4695382909387773,medium
12,5,4.177161831748855,1.5655617345585238,0.8229423796489904,0.634151397699408,high
16,9,10.695276058342856,0.3336914525076049,0.8076650478099635,0.7793083998786087,high
15,6,11.424633373880761,0.47283812786485185,0.32274306403923037,0.6063963586220804,high
13,8,10.227879361280536,3.5930059253969406,0.7542214760605603,0.6818909223761325,high
11,8,8.691214261583545,0.7562725763484166,0.6891443127107856,0.657787045366501,high
12,6,5.556060080541283,0.8138631689070501,0.4486842061905698,0.5843110867787337,medium
11,4,5.865778290180229,0.6065414674142839,0.4640345361729718,0.5337632974518325,medium
13,7,3.791159183057003,0.5278446980248261,0.5162182465818682,0.6347246846628748,high
16,6,4.68050270824285,0.8893391456511325,0.6510793585618593,0.6842869440746977,high
10,7,10.150645522247677,2.806983175432021,0.5152576787725971,0.5743383145849725,medium
6,5,5.623940888468386,4.960429775397478,0.4760057449021761,0.4521316171444521,medium
9,8,11.172695695830178,3.1602015317038212,0.6330848880664798,0.6005489674019372,high
16,5,0.6577958716438007,4.100881723539607,0.6308371490482437,0.6388282183193847,high
12,6,3.874670244257941,2.396712934758363,0.5073393619333917,0.585489786154956,medium
13,10,6.3870096038369795,0.6699574405137936,0.8586214928955435,0.7622579156423501,high
15,5,5.8695454283638755,1.2403906664065354,0.8674953899529338,0.6902298068812098,high
16,4,4.537903482187474,3.7076247615699267,0.674743326535076,0.630231166896549,high
3,8,11.73809918287575,3.9486765411530196,0.7668221553252841,0.5320399207907034,medium
4,8,3.78629349809085,0.6861602211971808,0.7792623651891277,0.5712780715631777,medium
10,5,1.9902918820241595,0.8183612474958601,0.3043651054484739,0.5054172794397225,medium
8,10,13.262453790800691,1.599819727574357,0.6697897914634015,0.6432924934421845,high
9,7,8.354584959145091,0.019176615394412594,0.5884632283590188,0.5925648015691745,medium
12,8,5.498002661161394,1.8852191635865627,0.583873658826157,0.6442066040079877,high
16,2,4.5880535830731315,2.4264663772768236,0.7080683720699238,0.6054372318988059,high
7,4,7.618562211025317,0.8927844771925874,0.6022806918823014,0.49950424186184306,medium
15,2,6.917629650723969,0.8596761984266401,0.6264987177920112,0.5845685689022246,medium
11,7,4.6236266921607365,2.2595262186063714,0.6675271066284327,0.6234419132016441,high
10,9,4.6045841153688265,1.4942488188786858,0.8587355691683899,0.6917854550411534,high
7,8,6.328053226157121,4.234421092044164,0.30391541615909246,0.49755360928485737,medium
9,7,1.3432119086876444,2.7703670212290517,0.8847194202712505,0.6334747705793898,high
14,7,5.6464614461286455,0.40420447846073765,0.7069564705803159,0.6886965975929916,high
13,7,3.827975916394533,6.067562205228162,0.3533096625857696,0.5652115178156328,medium
9,2,4.3534015421067345,9.706523124961224,0.4831500151984603,0.4069198488732839,medium
15,9,2.4829357556238763,1.8271088966971543,0.7346015008545689,0.7397395741929327,high
11,4,6.574404228111303,0.5551642442923825,0.8442784896908858,0.6101546029762279,high
6,8,2.1278535109580745,0.1641374459197639,0.6735703624081382,0.5836198228421625,medium
7,6,2.788239322160174,0.030602780645706734,0.363162763200291,0.49742853410242016,medium
13,8,3.1360471175040456,1.8866954707149244,0.7064164164474548,0.6837053134847249,high
12,2,5.5781582573928095,1.7825405902793183,0.8201857059763394,0.5721535372600725,medium
11,9,4.538901192764161,1.2592799343993384,0.6804149733553589,0.6726877951084095,high
13,4,12.882645759732187,4.191814154125773,0.695093585141439,0.5860732893341161,medium
12,4,9.094255849989013,0.6277885133256249,0.6641854606866179,0.5886518353818195,medium
19,6,13.567902967039034,0.2624495361738483,0.6883896776933334,0.7409282719641743,high
11,9,5.915372185315583,0.9127766454734358,0.4674036041021895,0.6323955431839483,high
10,10,10.795727789967803,0.8625492457614737,0.6213419316848291,0.6685180580318892,high
7,5,6.58693402207539,1.942401986981496,0.5667239416012086,0.5053954417403651,medium
10,2,7.957323957130198,2.310313047129042,0.42192409403605047,0.45898273182634985,medium
12,7,2.196758619207092,1.9683564006172642,0.7903495189750538,0.6649475277908956,high
7,10,6.718674319913988,2.4169953665743846,0.7069542609796797,0.6302775497521067,high
18,4,7.170897269533819,0.6402436178175273,0.5276529629693646,0.6512623018084227,high
11,4,10.080357705535654,0.28722520776164784,0.4969870484653925,0.5424825749746676,medium
11,2,2.9303746499671175,0.36284611787848364,0.6158448979190475,0.5257500054646196,medium
6,9,9.755205580504121,0.12595211147383875,0.4929186403239525,0.5677440473216316,medium
19,5,4.32538218071953,2.59325806629837,0.5136645903457796,0.6704445309605002,high
12,4,5.798221639311788,7.937945890594723,0.6552619090027088,0.5381327425299103,medium
11,6,3.6053394109621975,4.89258023989989,0.6893971181751525,0.5902622220356979,medium
10,5,5.400399895509047,2.37451827403022,0.4063032328495603,0.515430524743044,medium
6,8,15.557930022594046,2.641812377680851,0.41624225208431337,0.5156363678989904,medium
12,6,4.58844626529978,1.0457682695428172,0.554243477698064,0.6038769070759941,high
9,4,11.563523058780813,1.6012649293489838,0.6659404785610322,0.5375129961832132,medium
15,2,6.548407756029329,0.07694411545364623,0.4286834193125508,0.5502237230928191,medium
10,8,6.241186730731013,0.204012399266529,0.5365296138358463,0.6159458401053926,high
12,8,6.895242218294781,9.76543933444265,0.6989283795607464,0.6146827470158649,high
5,4,10.295068424305594,5.163508424692169,0.7118516388269525,0.4629469382674427,medium
7,9,1.67545416463734,2.7736771230176407,0.5621631061029553,0.5789414404004735,medium
13,5,3.5062298101069684,7.23059149217664,0.7183975298377666,0.5904755626863757,medium
9,6,6.986793850385916,0.9030258843257377,0.17851782332625055,0.48468339210307854,medium
14,2,5.1459535640431024,3.916031733640817,0.44058681660529375,0.5120104850967867,medium
5,5,0.5990245095993527,0.03608561176445341,0.42879732027427925,0.4605188933097595,medium
15,6,5.284768401577216,2.159163520769119,0.43186639229137747,0.6169788549864813,high
9,0,6.9014867344521615,0.5297138389855103,0.5329184749174911,0.4380522693902615,medium
14,4,6.362534366733103,1.4298545858108984,0.6645995974119552,0.613387555576985,high
14,3,8.690830746978978,0.8694914454818585,0.6692633088059765,0.5980560521246496,medium
9,7,5.601361303860081,3.111778143746594,0.6992778336647887,0.5941103791079805,medium
11,3,6.806478808342018,1.0353274846553315,0.4706753308996258,0.5122328829488896,medium
10,11,3.325846911869469,0.455259048066907,0.3747848988656514,0.6419219194526843,high
15,6,11.207917253060709,7.304964515581285,0.6070115152859011,0.6177025396199717,high
22,3,3.7476078504721237,1.5258257693120747,0.558520490557037,0.6615319263159936,high
15,5,9.505690771870412,1.660431304223878,0.6360362615401285,0.6411377102798665,high
8,5,6.424164518548992,0.3598069651104786,0.45773089348250984,0.5091474655957654,medium
10,2,4.603987714030271,2.0641672961734123,0.40117895836051937,0.45647467636428113,medium
11,5,3.338805892063017,2.240761679809912,0.7202396583780648,0.5941095204768803,medium
15,4,1.4733150123882333,5.84491431992344,0.6666696015361998,0.5993678248410838,medium
17,4,6.272690589846622,6.057248904812886,0.7061324450692319,0.6358448296484271,high
14,5,4.808329793072387,0.2634826726555654,0.5723794897734132,0.6227193468036456,high
14,6,9.901693572771281,0.7869042472165436,0.38009720673942515,0.600773413033108,high
13,8,7.150055459609569,1.8658125362012843,0.5158772473929595,0.64573669923725,high
9,6,5.062703620065862,0.8732819837970736,0.7450174076466276,0.598181601637345,medium
5,3,4.862683802170064,5.393196531313082,0.6124565298288166,0.42153666242367616,medium
7,8,5.209007986545216,1.858302952835136,0.5571514026622911,0.5640415941802239,medium
11,5,6.528682153928848,0.0863153956918282,0.7104088625184656,0.6065063365324143,high
21,3,1.5750158929477975,0.954165795094869,0.5152251100206531,0.6566839167034981,high
13,6,5.7427862808352375,2.969960788382707,0.7477565142772423,0.6447515642662305,high
18,9,9.82067213988579,1.3761054879443608,0.6169595825945271,0.7642178799326098,high
18,7,9.794790813791561,3.090215666864305,0.42845258379230977,0.6750890789793667,high
10,7,1.3556997621108544,3.0435998866289857,0.4695765929696649,0.563624652683073,medium
7,6,7.385594339777109,0.12640985496489748,0.8665104218853467,0.5974593520106366,medium
8,9,14.141435510861879,1.424834207090817,0.6291673915558073,0.6163345835972227,high
14,6,8.110966333055309,0.14126816355473004,0.5146328016157884,0.6319847725661262,high
18,1,6.166681969445493,0.5434954965465142,0.7537916732454975,0.6371350313387895,high
10,2,3.5097275257706735,0.9997159390594706,0.3903289295050358,0.46140101297394404,medium
12,5,6.8848820588674435,0.7093863828034104,0.6753996373389262,0.6103506849157625,high
14,4,5.2839033845316905,0.5895001813547083,0.5783964282029418,0.601749284431557,high
13,6,5.298034509096258,0.27800977859660164,0.5284929166330051,0.6188451848026237,high
12,8,6.5262309100929485,3.7331214119545177,0.5518985588186226,0.6254922356840277,high
19,11,4.980471832321928,2.1978686080538177,0.5585360488540736,0.8020547523837892,high
12,6,5.387305183521304,0.989518386061988,0.7964994530881677,0.6527031013772203,high
11,10,3.607646409731258,3.3471723167480985,0.7056014750528417,0.6838058128989144,high
16,3,6.763987206283138,3.242084107267206,0.4910822841702338,0.5766025627855987,medium
10,6,4.634598497285958,1.3239778492570264,0.590406401814811,0.5792547613679153,medium
15,3,11.777293542903,0.6299671344522694,0.5558018630843742,0.5919605917205264,medium
10,7,6.03293947354343,0.12606203146612002,0.6300242457328125,0.615164435603455,high
13,6,4.270475059029569,0.015962050828083798,0.713061756432417,0.6575059376142962,high
12,4,2.130295987688423,0.9283763867023207,0.7441159872962516,0.6026340215479016,high
9,7,6.449780005637193,2.1430511144584536,0.571896902345933,0.5750923730394636,medium
14,3,1.9061606383881007,0.8159542434933749,0.48614361610704615,0.5617890282647868,medium
10,6,4.501466081880368,0.13417436913718692,0.5847349251940652,0.5860524892445652,medium
15,7,8.703674941563232,1.8446833368282018,0.8966183831418288,0.7320257877161778,high
10,4,3.800839666516812,1.077190056127124,0.8578629869115657,0.5943913303414656,medium
11,11,4.431552121625341,4.663248462963505,0.743653243763586,0.7026423256662939,high
18,9,3.5969924991398448,0.7714348439354252,0.5204924790061135,0.7489555968416532,high
11,3,5.455557495701979,0.10360246363892688,0.6256407792571413,0.549437472760502,medium
12,6,4.952302880434164,4.857059288707401,0.7051633562630963,0.60865227599457,high
12,4,0.9512024582762129,0.5058166698794803,0.5306278601674891,0.562753460900968,medium
18,10,5.566452840656424,1.9579118199398493,0.7871778047629846,0.8143828154863312,high
12,4,6.146092792991458,1.789752864719837,0.5627365467978409,0.5606156235947692,medium
9,6,6.315918601030996,0.8530112869299632,0.44822243692871644,0.5389577454728769,medium
15,10,10.23071978610276,1.12493096068677,0.29034383703661876,0.6755692276694119,high
2,5,5.1351335009488555,0.7753328587880496,0.863526578798501,0.49753643003444653,medium
18,6,6.660679274848918,0.6815666467491205,0.6869437048963992,0.7228449633342858,high
17,4,2.4964364930020917,1.0059967361074296,0.6937481250328607,0.6670429800991894,high
14,8,5.951653385486374,6.11815085347951,0.7151243085056185,0.6722371893445936,high
13,6,4.5112012303555655,3.287860459154563,0.4961554926051843,0.5923120287933398,medium
10,9,2.031284850254336,3.0656740045279793,0.6692828740709402,0.6434187481173348,high
13,2,3.4942754288763394,0.7828947420580146,0.6157122899337699,0.5529231597063673,medium
10,5,3.201755415003599,1.1426607629474403,0.8679856276374988,0.6159793871078502,high
12,6,8.596071797520572,2.1780461108146882,0.8040244420550505,0.6462845810055788,high
18,5,16.439454243569894,0.4668554704530093,0.506793951320531,0.6682464204610862,high
10,4,1.393676397164991,5.153616441269927,0.6473148638360888,0.5251055298254182,medium
11,2,7.640664834213479,1.06913393255037,0.7852839256879729,0.5549292255872589,medium
12,3,2.579567001894639,3.332629248824723,0.3223439689780827,0.48225126547011843,medium
12,7,5.576889753984958,2.686835492044476,0.5814050970404103,0.6183687827944522,high
5,4,6.329493991102135,3.218881385274542,0.8600156218164636,0.5055439151281291,medium
16,7,5.413811879718961,7.033838830764751,0.40921483516194734,0.6149507081606245,high
13,5,6.796005844425861,2.0077187107303898,0.6296608023829868,0.6075473690717281,high
14,3,16.95356478599478,0.8420275778835689,0.47204196680927524,0.5587948761759646,medium
17,9,4.921848148313919,0.21987277954187703,0.6770544130934485,0.7689450640884106,high
12,9,3.5318323785927053,1.883411080099981,0.6636342341865722,0.6801707729699813,high
14,4,3.1164611185073747,3.311033117786821,0.7964556510055969,0.6272175760825406,high
11,8,3.8987490030340446,0.46732797108548296,0.40578357771295054,0.6030411957353535,high
19,2,5.976496490996896,3.7996427362747176,0.5098968566359678,0.6016484197520288,high
12,4,12.114292146195009,0.4712016742840652,0.7061685926508321,0.5980923740349393,medium
10,5,4.701544216329845,0.17102158207577836,0.5998305469821701,0.5688259655159289,medium
10,4,15.560901848277098,0.35229124882877516,0.6970167683573728,0.5670547453459495,medium
14,6,3.276774765209512,2.544661408378834,0.8070248259367574,0.6744405557981592,high
10,7,7.692835069813612,0.3024290055936087,0.22659925785406,0.5333036582001879,medium
15,5,3.292460859189248,0.2365553361257836,0.583724511158092,0.6401678666574465,high
9,8,6.083168438332597,1.589822387283366,0.8151528717530383,0.6474317584353853,high
13,9,6.59889082287894,1.7165973703326483,0.5901223440455069,0.6815804863402171,high
12,6,10.448530491734951,0.9488377479904287,0.639292759479706,0.6215329669093383,high
11,6,7.8010486071241445,0.8975893371713075,0.6560017774605397,0.6102164265776326,high
15,6,13.12423082100792,2.588186743457668,0.6013017591502278,0.6480057735403277,high
11,10,2.833791639472299,2.732153284288792,0.44307679685341894,0.6354010041420919,high
12,9,2.6085724526666874,5.223386068758092,0.7323481387686231,0.671647053962004,high
11,6,6.213765140529309,0.09933166812316181,0.5935351118616345,0.6030448112515059,high
8,11,16.172086767522394,4.502511205446434,0.661352311021342,0.6422537208346255,high
11,1,3.8644974084325066,2.5201862018230354,0.78019583093091,0.5242379248406952,medium
8,4,6.142441678447181,2.584468298177691,0.43176909572151195,0.46912403048978446,medium
10,8,5.164290239291796,2.097218841238044,0.647321226453951,0.6254827863492032,high
17,11,5.235980722599482,2.6876583343834475,0.3218888474103653,0.7214600472528501,high
11,3,7.210705630045091,1.9048457443099047,0.7222003395300001,0.5567410962772673,medium
12,4,3.636601179102203,0.6230452361492961,0.837336171117315,0.623313599315801,high
17,5,4.954427762370249,3.3799600874230964,0.5531004053979605,0.6430870138301048,high
12,2,3.3745985055701917,1.3325824997154283,0.626619410425318,0.5364399987536275,medium
14,5,2.2721430896576633,0.5766718105844296,0.6973050303474155,0.6456165273322535,high
15,6,9.653805452942203,0.9235645417760323,0.9373838012814887,0.7263196633111242,high
8,6,5.14230930051585,1.7555732129504609,0.5199093036437074,0.5322780393090717,medium
10,6,1.3305999583465247,2.0424993766673674,0.5801401733494119,0.5724113721587667,medium
17,6,5.631111027602428,0.21567982466269253,0.4564160344410495,0.6648453413904586,high
19,3,2.675278563849107,2.1674697687443936,0.4799353841061649,0.626537278362937,high
14,5,9.0946791188553,0.17869526429924082,0.8761707361619095,0.6840428454703871,high
11,6,4.562138014623109,2.2520221545495587,0.8775914876685356,0.6455048165033768,high
7,9,10.320305657763997,0.06629834521471001,0.6138325359196293,0.6073245182158278,high
7,3,8.73934385537088,2.6371871297806972,0.5428156651895446,0.45598188550603763,medium
7,6,4.909686353731051,1.2756939170050734,0.8307291863192763,0.5826412111504881,medium
11,5,3.091117340917015,1.3581942495339012,0.8130849787762764,0.6185623674250293,high
13,11,2.873776849271823,0.6134075667945691,0.591978902574358,0.7293063967362412,high
10,10,9.503710067719817,3.8782454014242407,0.692158968993742,0.6625768244559201,high
13,6,6.946972342325144,1.8621818538208823,0.7138928247998992,0.6453640192678406,high
17,2,5.793915359064176,0.6555982086404264,0.7402949465331479,0.6386883345823601,high
8,9,2.6770835251399427,2.5652948178380175,0.7926224547843397,0.6414225255046144,high
8,5,3.406125165450801,0.20029732543058335,0.7833441113681733,0.5753335067707641,medium
22,9,11.305747642282629,1.0495407707071867,0.6806540134692768,0.8091338642224741,high
8,8,4.005202273577574,1.6521557162115807,0.5330896511829369,0.5756035587951769,medium
12,3,3.779788393871832,4.102339120136616,0.8427529654082448,0.5812016656140715,medium
9,7,1.4385229215398523,1.2409188899855186,0.6462305799509627,0.5959733233902891,medium
9,5,9.594522552917127,0.44672787550664134,0.717268227547733,0.5754754596728356,medium
16,3,6.593699011866752,1.0854612105257022,0.6785635462095937,0.6284763011717474,high
11,6,13.046861721433695,2.347483837652639,0.301106434961659,0.5295713947413142,medium
10,6,8.025224699503557,10.280090345013356,0.3213053657215332,0.46572713751088424,medium
10,7,1.858317186150233,1.7645940709358314,0.7115405343346436,0.6205441463940232,high
13,4,5.091750481638405,0.41074118045441144,0.6848901830013441,0.6092397620639062,high
12,5,7.322562839969503,1.0528515472625766,0.43874420870810377,0.5607298314265369,medium
13,6,4.692938443179624,5.239339714898174,0.5870875123616078,0.5974885710396671,medium
11,6,5.697390718183106,4.396133673009644,0.5788608145370898,0.5714646050873537,medium
13,4,3.5163628627456203,3.7594351450196997,0.6416991652708485,0.5782769320873717,medium
17,10,5.429601351780794,1.0024714168073376,0.4699287567027614,0.7423026085618367,high
8,12,4.8714951670982645,0.7674396846024367,0.685688315276436,0.692021398491271,high
12,3,5.790948640686063,1.8834181388725162,0.6129823714975582,0.5500403533736948,medium
14,6,5.924390559816886,2.0633911245745495,0.6313038369862446,0.6425048265667519,high
15,6,1.6486493872414765,2.0426016033217667,0.6609826167051807,0.663579179318891,high
13,1,5.928637239594097,1.549279800625952,0.776468627338639,0.5599651934635548,medium
15,8,6.4634449395821,3.2504345354187163,0.44711615183737313,0.6527536667980165,high
15,9,6.349519894800932,4.116335370819356,0.38734631394003655,0.6550270269825449,high
10,8,10.98418216983398,7.387061224801773,0.493631949485435,0.5594793150650752,medium
16,9,8.483111443129093,0.5474880556110265,0.8771580331262215,0.7917816862545042,high
18,9,7.039473701331902,1.282292942139229,0.391985790183191,0.7198485384223767,high
15,4,9.66295109528363,7.585361627251748,0.4696387685064189,0.5483586761862721,medium
14,2,5.9624880031999705,0.051433239800227196,0.6628108879949285,0.5822192893336509,medium
11,6,7.220601943763276,0.35590537067104805,0.6831542524802996,0.6192581480249196,high
13,11,1.8863396104442949,5.986303029885873,0.43000180503595836,0.6610916741412859,high
10,6,7.575594148790121,1.7603824452101697,0.6435063253381532,0.586965382099563,medium
9,6,1.3966629100823014,4.5215337750709335,0.8936656258259054,0.6035895666647082,high
12,5,3.8381315321885916,0.0697790696992999,0.4219370024780073,0.5639222066976062,medium
14,7,8.023368248386893,1.9673436274584886,0.7529273091481047,0.6874698376465643,high
13,5,8.713677267935012,2.7565282355555705,0.34480730492368056,0.5455846060810323,medium
15,7,5.9826585945342226,0.8646919037183481,0.7102274994067095,0.7012808871898863,high
19,11,5.509245559077425,1.5213686541855442,0.6397902458141654,0.8228155914682627,high
10,5,3.001175963780714,1.3662037920385348,0.7636022129983278,0.5936124173194086,medium
18,7,1.3327550629607439,0.2681085529778947,0.5594843826822669,0.7201094861832675,high
10,2,9.86596599764238,4.781081530336136,0.5615519951642081,0.47043652216393406,medium
11,8,0.6294221085829427,0.24823202068307773,0.6729988389602538,0.6579448876541636,high
6,5,2.886522472325825,1.984672565170732,0.8535568915517092,0.5474802278758704,medium
22,4,2.0800523651651264,1.3711400966994467,0.38885198824399275,0.6486294636708022,high
10,6,5.613058088434883,5.454961299766776,0.5007776863406943,0.5337891286030271,medium
10,5,2.6889505488297196,0.35095440168900144,0.6533860931195865,0.5783375226126574,medium
15,5,1.6412969035654732,1.3777446506168498,0.4252154933168482,0.6008581343259239,high
14,6,2.115342730140193,2.5388422986678076,0.3755650768972498,0.5881874000549978,medium
10,10,4.970126087371238,0.45448936345165164,0.6978665214464551,0.6865433751996134,high
6,4,14.310983670254553,0.6424293410897889,0.7722523118160958,0.5201676000892872,medium
8,5,6.282120410444748,4.394354582344518,0.7027959310798028,0.5312634890003304,medium
14,5,6.974898596734315,0.3225501758792464,0.5405885338602122,0.6159673722661808,high
12,7,6.482148038661042,0.6765035500929861,0.5970176795043468,0.6348935122335828,high
8,4,5.971660874170114,0.17053710715135256,0.3401966274411557,0.4669024114405555,medium
10,8,4.869115167080126,2.8905700906372465,0.7781070399637643,0.646350940721838,high
15,4,4.187143067510245,0.23305534952386725,0.7169840742899015,0.6468431125278211,high
7,12,3.656534491735955,1.2317996910181832,0.890748501710631,0.7149377024020049,high
10,5,2.9000517076906296,1.0389148779482442,0.5226845282582477,0.5476108064653279,medium
8,7,9.435107252524812,2.5558694345641437,0.6605911637266997,0.5750791031815791,medium
14,10,1.7974992293787841,0.7349541201548042,0.6354978434408304,0.7321998745538006,high
11,9,6.333569045777489,0.6527759791994047,0.7103744638193956,0.6827230529025496,high
13,6,14.299287861084697,0.1137072773148441,0.8539560021617177,0.6850331519169113,high
13,6,1.104680520172507,1.1176908408206654,0.4483284460447227,0.5972144169368069,medium
6,4,1.7916144045841804,1.3052031025891366,0.7950195276072229,0.5203025515041837,medium
14,6,4.327714795127665,9.120510535500996,0.9490753703244984,0.6590116704948931,high
12,5,10.294090761318927,1.5315982347928758,0.6530409641101483,0.6003975379234106,high
12,3,4.114846188949961,3.6061677025883863,0.6647056492359763,0.5489000118299394,medium
11,5,1.0076642031389584,7.415556209734249,0.7027467371601477,0.5561123060338012,medium
10,5,6.373135112088943,2.1753630503836856,0.7157228931979761,0.578642158303704,medium
7,9,11.826748105697085,0.05390283470125472,0.6976521618374671,0.6241710801361517,high
10,6,8.45247309045022,1.1424634177771271,0.5670308215030365,0.5757897415154265,medium
14,8,13.372310131907527,0.16311359830467617,0.5235843274889819,0.6736294415090985,high
13,7,13.511095211035062,2.234935412839119,0.45306815025074654,0.6107140606312218,high
10,9,10.259725154231516,1.3374711002117399,0.5995536767071141,0.6409942613400113,high
18,5,1.8539700123439955,1.8707537241037706,0.670973988599236,0.6917231062258221,high
10,10,5.795045138775621,5.2904348234841985,0.4672428365335031,0.608179001816806,high
14,2,3.294830699031145,0.5311583676513965,0.6611092521018995,0.5786807946360373,medium
10,9,6.745259551585651,0.46280881682020913,0.3646835425162591,0.5998513163911171,medium
11,5,11.692850334078518,2.874449483571275,0.35060440025825673,0.5159578834945096,medium
18,6,2.0675162356356607,2.771844649862419,0.6514845033319431,0.7018179363339726,high
11,5,2.3712182699430495,0.36069322339395565,0.5574696624189479,0.5740893109944966,medium
15,4,8.053158984633278,0.24253113255048045,0.483152603108217,0.6000136464046402,high
13,10,7.216618573651918,5.078632104609653,0.7477184970985498,0.7106861520556456,high
7,4,11.811325098651725,0.5959154293031196,0.5932428367031398,0.4996757978119405,medium
17,9,4.879369194522171,3.3098437838605923,0.5287214412185307,0.7186786630179689,high
11,7,5.885593693605409,2.8375885762172035,0.5460863320667347,0.5953000092385656,medium
12,4,1.727647418403457,0.10735833651096273,0.597648715713233,0.5788140208992403,medium
14,5,4.184857820163531,2.046255982924812,0.46093446993812726,0.5885451874347933,medium
11,4,4.976802370801828,0.1517564392109585,0.7143853390993411,0.5868653582251285,medium
10,5,3.9239528213984034,0.6394062702806657,0.6697661623241616,0.5796905239962946,medium
12,6,2.401893659974518,2.9281845469234375,0.8460132976827881,0.6496814292237347,high
7,6,4.062954832033284,2.894012681567151,0.7697766267141839,0.5596619074657225,medium
9,7,5.446767976738478,1.6820771360284335,0.6704227706480267,0.5978707065560824,medium
19,5,2.6417434728438574,0.11627931556953726,0.7913252703237104,0.7424898586276119,high
13,7,6.586910776240246,0.8289266697904398,0.590454364553972,0.6475646951121915,high
15,6,5.899076652764743,0.8593893586328165,0.5689863042365518,0.6530679984564249,high
6,4,4.913361766012043,3.303136522877106,0.7374585642067367,0.49547080268883326,medium
15,8,4.092124098133954,2.391018643082839,0.6085776911805404,0.6907754139488891,high
18,7,2.905074277601557,0.5476033639554018,0.38408673920661307,0.6831666587482866,high
15,8,6.344264327664615,0.7831605494032102,0.6926577163098093,0.7183104729326071,high
13,5,6.854111221811538,0.6313348862914078,0.48955870442424554,0.5887028416429063,medium
15,7,3.0427575946149936,2.710365222288303,0.6280864713192579,0.6725481927819296,high
5,3,3.1761596069600415,4.199265550119884,0.6351556432530913,0.4340360249831524,medium
7,6,2.461261396313083,2.729812076761256,0.5474089326811897,0.5162830393578296,medium
11,6,4.706749904517846,2.0305338464144054,0.5432539476339566,0.580113897217362,medium
10,10,6.521168063204908,2.4636834340405462,0.5923435907215036,0.6520441619173637,high
19,8,0.7878401482406692,1.736011757104069,0.6012290370291988,0.7536723956918127,high
10,6,6.710652235552223,4.37034955611864,0.6709045950932309,0.5750452553111886,medium
17,3,4.916063135079337,1.024536715280154,0.7254125789206278,0.6532522710155912,high
14,8,16.433921188838994,4.196279243597086,0.6142894886300349,0.6648827027686931,high
11,6,3.6341444708381063,0.838763814336087,0.5536627979608137,0.5901408008299223,medium
10,5,4.425717466839969,0.8809146783887152,0.3977049646305785,0.5236682284035242,medium
11,6,9.128137219640527,6.874072242821574,0.7355067519273173,0.5862742020999864,medium
15,4,7.005570074567796,1.0581067367119963,0.6014166364540248,0.6182292823793917,high
8,5,6.477764305705159,0.3028800696654286,0.38017860336427955,0.4940165202084197,medium
15,3,2.890462434903851,0.1402530378652117,0.516272293764441,0.5873194385004534,medium
7,6,6.971741296714761,1.5837898688363212,0.5573468957140678,0.525910780017238,medium
14,4,5.347535432564453,0.32985001613120685,0.7202708153805641,0.6318551629685715,high
12,6,12.50809680273484,0.42758375798983517,0.6062870971677206,0.6184068610469452,high
10,5,1.3054582056797441,0.4965450975717915,0.7249977432030088,0.5916892479901232,medium
13,5,3.6658552094131385,1.3338388146193638,0.4861546745326437,0.5833386761423996,medium
5,7,13.303636829761881,1.0526962681354213,0.8052172331556469,0.5690254715102265,medium
9,6,13.365085464777724,0.9791255665835903,0.6869329434260408,0.5858590849079842,medium
8,8,6.523870860183931,1.8082776829194738,0.44275549818810894,0.5564959150848253,medium
8,5,7.9094377813118495,2.9342947955516347,0.39182766607941544,0.4788035679122055,medium
9,3,6.34104906453984,0.6421208810861129,0.8129546866599198,0.5533101314580765,medium
17,5,5.695996231776385,0.7888582911888619,0.5296213518808897,0.6556652151015855,high
4,11,5.817786349168992,10.899608350538827,0.5515575042554441,0.51764744518083,medium
8,6,12.880613481063586,3.169392940191371,0.4139077980374971,0.501652273339557,medium
9,8,6.5601497130697926,3.387007137064608,0.9230727586143646,0.6570345041424422,high
5,6,1.1901875657676486,0.04448026548961691,0.7823362091948748,0.5511707067357109,medium
10,5,4.031819105020984,2.544020643674571,0.5528118483693366,0.5436022320493702,medium
11,3,3.152229783225004,1.3061114388855222,0.8401679120299202,0.5843261728134139,medium
14,7,2.300207014320944,3.335056022667798,0.4262000877165459,0.6130063107255239,high
13,8,9.751967449435424,2.6853834494923676,0.6685125128262699,0.6707999462353048,high
12,2,10.325168371573293,0.5204441489822849,0.6521646597800711,0.5469633042961324,medium
8,9,11.178917630017242,1.6778772623918479,0.47567977116260385,0.5839501058165751,medium
14,8,3.309396430701114,3.0038258920448757,0.6801428922211392,0.6860030724972621,high
13,8,6.300977082794583,2.5712399089824682,0.7280300284075204,0.6834644062882875,high
11,4,2.495708103249269,0.5628103775681822,0.6692579100489361,0.5750995128259994,medium
10,4,10.642944814016904,1.035496825917244,0.6332090736991687,0.5497385025670521,medium
16,4,7.270383004608285,0.3671809543701061,0.4810441881875246,0.6137609646083708,high
16,11,4.4992187181090095,1.2262458659525564,0.5725514201774079,0.7663353115957978,high
9,11,2.4052679995997632,0.8640573825405452,0.7446318259888769,0.6981659826475051,high
5,7,3.501316774095126,0.5007278065631066,0.5515316457593447,0.5219681437747816,medium
9,9,1.9483077340361972,3.9144829467831053,0.43922170188335496,0.5767477873981169,medium
12,10,12.777450298454866,2.391319800167942,0.6967390252315374,0.7034056730451879,high
14,4,1.7910324885189743,1.626061070030983,0.6818340065016719,0.6155263941667944,high
13,3,11.74758420060046,0.32002253876184,0.5864751716151217,0.5701615507312787,medium
13,5,5.344657977971,0.4589442880191606,0.6188253090155443,0.6157054332163144,high
5,4,6.527092807347763,1.655697242935382,0.5915843588048844,0.4622788901414077,medium
12,9,6.971287862493758,4.5017496004830235,0.42957479998116155,0.6159032959930122,high
12,7,4.666020157856318,0.710484308056509,0.5029130231620569,0.6158460425787013,high
11,8,5.599915496905123,0.07064978096381563,0.5720788392389745,0.6389447693080362,high
11,5,3.364233260008993,1.210961409222212,0.7072341522541695,0.5983737543893526,medium
9,2,5.3598013875329755,1.2495170429823104,0.6049107176733619,0.4876520299147904,medium
11,5,1.8696399838599218,3.1194028606823614,0.5414039816052567,0.5524847772498356,medium
13,3,4.740088543487687,2.7256350736399093,0.43654666162263883,0.5241384318335951,medium
18,8,1.5754446574890273,0.6706842034554321,0.49971060417900065,0.725470892812764,high
11,3,7.314581297197739,0.4722144133274284,0.615767242288609,0.5450053523688723,medium
9,3,7.643304162133298,1.5870070785121828,0.5999703154242049,0.5044140158947598,medium
16,4,8.8627099113659,0.47745831462195576,0.8098410655745488,0.6787851576840969,high
13,3,7.597476796143633,4.254730752735178,0.36199128257830115,0.4990333848307591,medium
12,4,11.811510085393323,3.1645089500752963,0.5891988642556124,0.5567430465172872,medium
11,9,1.484914569196273,0.7568534056406165,0.2973964468923003,0.5994336000075225,medium
11,9,5.262540264169159,4.023004330727416,0.5954017432591211,0.6372603197803082,high
9,10,4.295866942632079,0.6029660245173667,0.7163834032388069,0.674256907150979,high
12,3,8.697827305103434,1.4696511212210304,0.6742436750075995,0.5650510608600464,medium
10,7,6.5282902884769225,4.676618723621959,0.4550097115397472,0.5498244841504697,medium
12,5,2.3583748513522766,0.2610697957050322,0.4662149014600326,0.5715025149873063,medium
8,3,6.2562864284252315,0.5321710312469137,0.47251665598798975,0.47095552432261856,medium
11,4,5.1637049237561445,1.0821829947057402,0.7780486723887076,0.5933951811797032,medium
21,10,4.870421700566396,4.094442609379384,0.49923796755281086,0.772551309448033,high
10,6,7.294025529844177,1.6306129664748115,0.8525995560865898,0.6296491581074859,high
14,7,6.688770464419794,4.798947149885084,0.7055177681963503,0.6591105726400361,high
13,7,14.50373358630824,0.3295897096807577,0.3717669736450455,0.6071561299978041,high
17,4,6.3487200711641885,0.17752365864915404,0.9282186070037918,0.7194602303430974,high
10,7,7.796808042067477,4.890020527446601,0.45609763677520493,0.548619390505397,medium
7,5,12.31926857917302,0.3300481464520289,0.39118079237938813,0.4810358374995307,medium
12,4,2.7997480997277515,7.148023367027679,0.7238909798371954,0.5571247068539212,medium
10,7,2.791191736849127,0.036192693796796065,0.6954049319525367,0.6288397017651953,high
14,8,10.468260680589005,4.137192358924782,0.6525021997782564,0.6729191575628194,high
15,5,4.414522423118324,2.9268062340324716,0.8214238862069376,0.669772735681171,high
9,2,7.827623975089232,0.0378472759267357,0.44641887086706666,0.46403145900056847,medium
11,7,4.181579565766679,0.5695478518672576,0.49985120045176146,0.6011732544112373,high
3,6,4.869414221358572,2.630037842979084,0.8118791022774535,0.5098422348356302,medium
9,3,7.1212474692684795,0.07812419069599197,0.854341636704578,0.5653474994029424,medium
16,4,6.767883103591317,0.5560756803621806,0.4692558017102577,0.610143989139637,high
9,10,5.520545961019076,1.7619996760185141,0.8621889167669928,0.6956911188466084,high
7,13,9.880242174018944,0.36604728494516875,0.4849018646028101,0.6595400576875943,high
14,7,8.31512744825772,2.157608580534324,0.4137649844012679,0.6183689396766915,high
7,3,4.11164211434798,2.865043359338718,0.5836886689729142,0.4626374447323247,medium
11,4,15.139492591980977,2.8984177477314543,0.7566162463116523,0.5770004642774541,medium
11,6,2.199164341681508,1.644104216437423,0.5349133570192789,0.5810219766276064,medium
10,8,10.301383628661895,1.00061823449879,0.6215021732236851,0.6276296464147452,high
11,6,3.0559767615192657,1.7580817307280305,0.6999616000836318,0.6132717751452061,high
16,8,4.488317769899699,6.938867938424621,0.7414439204201747,0.7020296644945376,high
10,9,9.129272219744959,1.3273295837079233,0.7074488577383026,0.6626409076562744,high
16,2,4.001815962863509,1.4788641176249375,0.5730911091414492,0.5847591277107902,medium
12,5,5.96324061745763,0.5307900822035221,0.37075636025501235,0.550612671502979,medium
11,7,7.4464288508941365,5.0482891890230075,0.6153893442952932,0.5944226075989053,medium
5,3,1.7204920968928277,2.1152389126450477,0.3525068340246015,0.3913997740539534,medium
9,4,10.339853588099771,8.794905443477749,0.25184931206766714,0.4067371594570151,medium
12,6,5.405933815615527,2.760955706763222,0.6669421977706212,0.6149820681757028,high
19,9,7.896063953248026,1.3920754431354116,0.7233464605367061,0.8003887891531052,high
14,5,10.278359412537984,6.4360326570235165,0.5298147640654364,0.5730560684329306,medium
11,4,8.368484481784693,2.9175409209310446,0.6210209292555011,0.5497539130448933,medium
8,7,2.0236723924062554,0.735054936964017,0.5507115083116656,0.5652419354159064,medium
18,9,3.1615567164754372,1.4385877760406847,0.6878987550853052,0.7779891658434566,high
17,7,4.802389801524016,1.7588612388300195,0.3882763298930288,0.6609295243864056,high
11,6,2.714890315334932,0.671729030838918,0.5660020990015887,0.5937222262613917,medium
9,6,5.96990246040576,1.6121302983599632,0.2628636284338633,0.49682519036437295,medium
7,7,1.4745588890492913,2.3284459081907545,0.8591790583303125,0.6013128389447908,high
9,5,8.85091231016768,2.6714045428706354,0.6006762801955006,0.5373258924199625,medium
10,12,3.9663353599280224,3.338674462895704,0.47477807265892663,0.6626977847791473,high
14,6,9.36115371205215,2.492019408036765,0.7638614101927259,0.6661588193183001,high
12,6,2.378166024490063,4.443147345810911,0.7885419195973984,0.6280874016140736,high
9,3,8.612542360672531,3.5327188096526236,0.6003036033185116,0.49150926193268485,medium
11,6,5.150010954250637,1.2308200782642094,0.7298046761670844,0.6227554680449888,high
12,2,3.035408243219173,1.2976670029279802,0.6912494151980595,0.5495987696867587,medium
11,4,5.639334921397868,1.6255398752474333,0.8386689284723792,0.6018968531928263,high
13,8,5.896824690784285,0.42409631662687386,0.706929416072693,0.6935585744370261,high
12,7,2.46034644863603,0.2978173476491884,0.8041015495456753,0.6788348609248072,high
18,7,3.8674224791637397,0.7827721284484874,0.7714038374264865,0.759062286628974,high
8,6,7.176663517554353,0.44677282539245333,0.5277713389920308,0.5425757822957898,medium
13,7,3.762201208053785,0.691421460143743,0.6472550005342611,0.6598415237058939,high
10,5,3.4014395754721733,1.5604767439041414,0.6528902984376023,0.5701748813948262,medium
13,7,13.214505560919648,1.7855447705767649,0.7503513231048655,0.673166632817128,high
9,5,7.76794049376466,0.6532685395429539,0.6603708318554982,0.5627190427741466,medium
14,8,5.863296016566246,1.1995692208926967,0.5905732179162313,0.6801175154439617,high
12,6,4.593528121222475,0.6082068419610352,0.36552282956069176,0.5690498536323981,medium
6,9,5.174361879470027,0.5225512888027471,0.6341892046805011,0.5933541656774153,medium
14,6,3.2073961552797887,3.6147724754347412,0.5681950987090657,0.6195405365722482,high
15,5,7.307123460136937,11.254308750718092,0.7059247816834119,0.591156231331895,medium
9,4,5.572360743483772,5.400237118362636,0.6881340055056421,0.5166252203120443,medium
17,6,8.681839998353231,1.7157226086810613,0.6330636153804441,0.6901745723515484,high
10,8,6.183037727513067,0.7743142241135287,0.9246400196738324,0.6897659091073429,high
11,7,1.5214134320163462,5.59043433585302,0.3037594462684961,0.5284823270146791,medium
10,4,4.802915591060552,0.2190373808055355,0.6210875316764607,0.5527572571299219,medium
11,3,4.622098782103267,4.344787411595984,0.5896102878019505,0.5139568081497502,medium
16,4,18.350906195801556,3.563596928719142,0.7065155189783887,0.6375457909375501,high
4,4,9.090331756229334,1.22002427098422,0.7411571008507803,0.4800979250302613,medium
19,3,4.4761907833741095,0.03214036930724137,0.7376775424889191,0.6923212393690689,high
11,6,4.08637285271029,0.040216253285057665,0.615977289547729,0.6079273495543122,high
20,10,1.9781635543449565,8.62597316831062,0.5338373240143771,0.749260977014138,high
14,7,9.885649844323627,0.6629152576801258,0.6515354559855204,0.6758876561459033,high
12,10,2.5064940600021592,0.3476504689595586,0.5209284617907831,0.6818680225650929,high
7,6,4.4212155085967355,0.36241435477210593,0.6380307003227166,0.5501900443660626,medium
8,4,8.175503199960183,0.5767725736064305,0.38560163702971717,0.4732751769152339,medium
13,11,1.9477376068046839,0.729202941765301,0.8000016592055061,0.7701389788959991,high
12,5,10.854223527142345,2.1088728583210727,0.6715555716055742,0.6002519619323077,high
13,6,3.265740457369196,0.3387254968190868,0.23356991655607146,0.5594558133324203,medium
9,7,9.309180431921998,5.958861020342994,0.5538719989902542,0.5460486596624309,medium
11,6,2.4888801728493624,3.2636113128451774,0.8125978847424681,0.6257621681961925,high
14,8,4.491085802868444,3.145061632320484,0.5868367933529292,0.6664002811217826,high
8,7,2.077398317695198,0.16446534081477307,0.7620161361845644,0.6113067916314812,high
10,10,5.5674768053409505,8.273846363040574,0.7512429448199492,0.645089613210386,high
14,8,2.3611484481028557,1.644572241750378,0.8928288024438253,0.7376019455437626,high
7,3,7.73109012877452,0.4796715403228434,0.6271485151438596,0.487231892759953,medium
14,4,10.769875458027165,1.3994924004409266,0.5422884941777559,0.5891277494992784,medium
10,8,2.2264098700677293,0.5957527628721432,0.4187549048493717,0.5897792958840601,medium
7,1,9.910056507724603,1.7679115654052107,0.6437957984976027,0.4419730825968191,medium
11,6,9.081022428060166,2.561223558393194,0.6996332023089201,0.6078518167391628,high
10,5,6.512207514029791,2.3293826954942976,0.6383578696513647,0.5621423559603109,medium
11,6,7.0141300995361355,2.39723194130571,0.31778653049106037,0.5325757598228407,medium
10,6,4.069403003459961,0.1402358585144513,0.6509952497740983,0.5992641442313901,medium
21,5,8.919987476341825,0.7674830863907566,0.491989467863624,0.6932813396634531,high
13,2,5.703138056615458,0.09462765828316587,0.5215809856954428,0.5386853460838674,medium
9,4,3.3301294456844954,3.4118696992420383,0.354749021186007,0.46320400624225455,medium
13,9,5.09429733356228,2.6133466716572333,0.5160811583883049,0.6607939205332795,high
8,6,4.789334187001708,1.47678149117808,0.6190949825468887,0.5539737865681905,medium
15,5,8.726981244327014,0.09719691813816836,0.5633842768879511,0.6370288759233357,high
13,4,2.4848778249497934,0.2944876509076838,0.7256705451369538,0.6181708580213396,high
9,3,2.945394485377424,1.1716049238690658,0.5133864741759179,0.48986659534272314,medium
19,11,4.917025838715254,1.7670242799742575,0.6798816885801859,0.8291961758495421,high
10,7,2.460584397629286,1.823341988982832,0.5425524873982434,0.5863548842197631,medium
13,8,5.817662811780588,3.1338542582008615,0.3753981562740218,0.6091872695334652,high
10,7,3.9828233038747562,9.157633469458936,0.5945347469746542,0.5478560595985379,medium
12,10,16.313799442604044,1.3933609952539407,0.6974487012163919,0.7102006669415855,high
12,7,3.454029575920787,2.108699992328509,0.3928057357462126,0.5845031472003858,medium
11,3,3.2827950454055057,1.7608388698891144,0.772287885164471,0.5677186512336334,medium
10,5,3.2141944051447444,0.3300519782397208,0.6031461355683894,0.5684288805920797,medium
14,8,3.5271857324013216,1.4620138352820158,0.6735816263449032,0.6949695663671005,high
13,11,2.4654688462457077,4.062241675316439,0.8803097360761701,0.7639803360464578,high
9,8,4.218367113927855,2.2617726015607613,0.5167736090719486,0.5832762378039847,medium
14,7,4.69008763075257,0.7237184212991405,0.5069116756443021,0.6465575456535327,high
11,5,3.5497340909611457,5.776394342281357,0.7679041829407454,0.58007154097294,medium
17,7,2.775463861337011,7.536684198358153,0.2899676224516554,0.6027489631679435,high
11,6,1.8070937947112458,3.4622856014737367,0.5117498479645346,0.5642680655830821,medium
10,7,3.4668629249099965,2.133280072870279,0.7238155065022359,0.6205412341479787,high
13,7,9.131589037812416,1.4214588395782373,0.5157490970605998,0.628673427148265,high
7,5,7.611194312394422,4.092614416912938,0.5234670483009702,0.4824093135474411,medium
9,4,6.271718601694815,4.351190510144137,0.7941290027285491,0.5448178638114156,medium
14,4,2.206427912149358,4.10455767098924,0.31970708955653776,0.5265777001047126,medium
6,10,4.033621834355737,0.11931675861486352,0.6269332792930628,0.6145912108011801,high
16,5,6.874718431942018,3.772042177700385,0.5965392466834355,0.6341609014853512,high
13,6,10.017228437551973,0.7921776247358707,0.41508092904741356,0.5927350016445769,medium
15,9,2.313534404015508,1.2141365995743048,0.6323807398440026,0.7233819039716385,high
10,4,5.595970961440393,0.48351506762364227,0.608261781175402,0.5484289224509228,medium
16,6,7.646445103122179,0.7431699078639735,0.7815539734680125,0.711356328641176,high
15,8,14.55384526654155,2.168789121256962,0.526106565374268,0.6757627189331405,high
11,5,7.817598666043038,0.8390344723393774,0.43476077769034,0.5463585923891389,medium
17,6,2.9448697379064837,0.17055874225463508,0.7096937085178612,0.7158016834218747,high
9,2,1.8305022198214147,2.058589087071171,0.5257714043042244,0.4664303536137038,medium
19,2,6.289888523475678,0.5203303078020042,0.47396291309463373,0.6163237139002468,high
11,8,6.795736303719416,0.3283227263389684,0.4586502900021572,0.6145412398248383,high
10,6,5.3256895291510755,0.39350143705903523,0.8235707417489149,0.6320908054360561,high
14,8,2.3515830501736845,0.8390893945625486,0.3316971021794569,0.6307454911388077,high
9,7,2.8614843830756405,0.10080383755094138,0.6902966336067027,0.6123873011376677,high
13,4,5.807404176433437,1.5676411113758304,0.6201327400063549,0.5885756072587655,medium
13,9,2.2941362617106287,4.169663547223751,0.6412079063486872,0.6754438242882459,high
9,7,7.094606274461922,0.5518864841000599,0.6054077418024638,0.5924023051331591,medium
10,4,5.532260034925337,0.38873583908500736,0.6037433700521828,0.5481571017498699,medium
12,1,4.311901144685818,2.45182552331144,0.5566655676708515,0.49498761004542735,medium
11,6,9.280523598346953,1.3033195069149812,0.71164155479202,0.6186395142456376,high
13,6,2.1650533356107444,1.0399225948996218,0.602273623301918,0.6285219073610528,high
9,3,1.0981470726645979,7.639978202712321,0.6418061260620689,0.47242803719433163,medium
9,5,0.7178389921156336,2.1804374695391093,0.8106415850972255,0.5825920672225177,medium
13,4,7.78863019095928,4.453565448743328,0.666955939690503,0.578700751613145,medium
12,10,2.9781545904741895,0.06652545357285124,0.6886045586379933,0.7172774087037798,high
22,8,3.6621887277631555,0.20526319891977649,0.45744466739372497,0.7501205121526131,high
10,9,8.065237535571345,1.3387997320542409,0.5184791909698161,0.6247705066469349,high
11,10,8.242701323345052,3.221572317539086,0.6015624910236378,0.6638353494211336,high
9,7,5.088561755030485,0.010559278399600395,0.4873515323823308,0.5723999112871355,medium
14,11,0.7722979168301138,1.8186500475224974,0.7634533878252594,0.7705663439149018,high
12,11,6.8603681868595645,0.18970138334785325,0.6834066433989965,0.7354166527908136,high
11,6,2.9218663407250394,4.442965689923434,0.7749249480558834,0.6103652183450206,high
17,6,5.206401515126733,5.213507259020157,0.3803840998951055,0.6163201049188867,high
11,5,2.767684007653016,0.1516130351670382,0.6521034510623788,0.5944099366446955,medium
8,7,4.40197427097985,0.6620515916491606,0.8190215464590113,0.6193906320141412,high
19,7,2.9152967490184185,0.7881345004815277,0.6050347227260142,0.7407527145419927,high
10,5,1.1458461405094535,7.735143970938959,0.9028001440556078,0.5789924023381952,medium
12,9,7.945946841567772,1.8833708286682742,0.5959726848090353,0.6666387314373519,high
16,8,12.244596686022101,1.4640125448847987,0.37582131368364846,0.6654041791041644,high
15,6,4.510072821521806,1.8467502382075989,0.6305306374595636,0.6587944592371954,high
13,6,10.248770134432775,1.124579915885636,0.680708270647901,0.6436444546903427,high
17,5,5.976163417986986,0.42668646576909186,0.2936756233828509,0.6108905482381095,high
9,8,7.380613890271453,1.1934173628161613,0.5143825757038272,0.5899203993886577,medium
13,4,4.604923201417247,0.31851563013160816,0.5526142959992165,0.5833994216656326,medium
10,5,6.327631415477784,0.3123776659160088,0.5287541853779157,0.5536683193028098,medium
12,6,5.316385288319595,0.7530757881687571,0.6474166393250954,0.6244628226105606,high
11,3,5.5954177587388525,1.860601472059806,0.44821786571051286,0.5022395633283705,medium
13,4,2.0054514518348325,0.510238490801191,0.6156791344999583,0.5947342369613171,medium
12,4,10.857434291623372,0.237227177018904,0.6947577882170509,0.5973700431299508,medium
13,5,10.78665652204221,0.9475266889580465,0.6604221719161237,0.6207675897901711,high
7,6,4.512616933566842,0.22241822626145358,0.4219549034341126,0.5079081925117461,medium
10,10,5.551945427037187,2.6191817920622715,0.6846261554877268,0.6694640191504636,high
14,11,5.78634071836466,6.303785572804737,0.6166172126261353,0.7112982053731954,high
11,4,4.784707729512615,2.043634543974043,0.5545591094721505,0.5422875916012698,medium
8,10,6.783509934816072,0.3752628759444922,0.5492363105546144,0.6273455096046262,high
12,4,9.63052282469296,1.7870813880756677,0.626067144713844,0.5732995530222643,medium
11,7,11.16566302852654,2.1867443289729773,0.6474344350419964,0.6199085914819128,high
15,5,5.908371959852421,0.363017474708256,0.6503046843458707,0.6526408203711191,high
8,1,6.832994618862264,2.0467386481470102,0.6958427452723082,0.4655236247334816,medium
2,5,1.3886703605567787,4.235020900170025,0.670862932024456,0.4359391137370911,medium
10,9,9.857886049984428,5.505298387156881,0.7266042794046248,0.6386188666332124,high
14,3,9.153674272702755,0.25565583965239336,0.8359420666552216,0.6354840410666951,high
13,6,4.391311829662087,1.575475171227272,0.49051635421318995,0.6026001030344562,high
9,8,6.412233179390357,0.8815331017988749,0.4970401129865259,0.5885311352519794,medium
15,4,6.248155432487441,1.4550176729480955,0.46598823917901766,0.5884975300161496,medium
9,7,3.1104612435192545,0.10383066303106886,0.6734100041488459,0.6089897964095621,high
12,6,4.78343039580267,0.35699475241305256,0.4839386718130257,0.5944077693465182,medium
13,5,14.37034474994284,2.682508348303118,0.6544410420545982,0.6080048194222322,high
15,3,3.2476762084718076,0.31111233799332283,0.5578858963955763,0.5945030970258265,medium
6,5,2.5112074567652245,2.428773470496527,0.8249654096717427,0.538801258797705,medium
8,5,2.7808744950859987,0.45547384767787946,0.6446359627225806,0.5458907002266635,medium
6,8,7.185032479942212,1.2035133029009153,0.7485670971185262,0.5916899974043659,medium
11,9,9.561649350304366,0.5257357055034767,0.779161843422203,0.6973274639810841,high
11,3,16.09405824624762,4.048057387699934,0.675551399568138,0.5331232306622948,medium
13,5,3.148990172174109,1.915643276061197,0.4913482170374536,0.5804986882337494,medium
11,9,4.915335774609755,0.795873537593412,0.7270358171177007,0.685101339839584,high
18,14,7.494726018326949,0.41975221665906626,0.676556170096975,0.8825128859083347,high
13,11,2.5119684440298387,1.753990024065499,0.6628673812171552,0.7358802094163278,high
12,3,4.645386344689713,4.649605021621453,0.7023275235279861,0.5494681378947875,medium
12,7,2.7373944005274273,1.5266747174518216,0.564553116205181,0.6227327917913573,high
12,9,7.067688007788027,0.30459535020653244,0.8204603236695616,0.7220614290658688,high
5,8,6.051244331840438,0.16085465756998404,0.5376657884724135,0.5414607933106828,medium
16,4,2.1779021789554864,1.781975877581075,0.5301873369030436,0.6141576281967349,high
13,4,6.580674937474471,1.8616596597437982,0.6275846614519744,0.588105867892103,medium
12,9,9.719178212374876,0.249713414082224,0.5606482595257722,0.6704648958112729,high
10,8,4.590182566830602,1.6136650116712794,0.6590012140087393,0.6310424760572727,high
18,8,8.639771104083799,1.0965587897994706,0.7164603949805605,0.7659816870641156,high
13,3,9.115359204336933,3.33764560141739,0.8737479483913629,0.6074986190021566,high
13,7,8.118849846284464,2.0042486267208854,0.7372320614129956,0.6690847547711265,high
14,3,2.0373827676328657,0.4470275138545971,0.4172584294293021,0.5504715024601631,medium
10,9,7.576295055529105,1.4155857099128768,0.31572702789479834,0.5837081675128738,medium
11,5,1.1105340839682318,0.5857276846903409,0.6415599053169725,0.5894071298321256,medium
14,6,6.464864132403855,3.1445701167856086,0.7949534628596443,0.6680268917933582,high
19,0,10.318870419088956,1.721140956980998,0.5261430657811271,0.5787543401096854,medium
13,7,1.1886764215670516,6.846119602426323,0.48871867608090125,0.5871029378666714,medium
12,7,6.247625355611428,4.693813711481188,0.7332667050144703,0.6353612495930194,high
7,7,1.4199859532934327,1.4503262179998178,0.597613257391024,0.5548538100248728,medium
11,6,1.3945781027420256,0.2729319699502195,0.5546504783280726,0.5941105491992797,medium
13,5,3.3594827831593603,4.421906814145551,0.5778008450122201,0.5810807902414736,medium
9,7,10.996439220016182,0.8749462285707277,0.6332415130974098,0.5958153277623438,medium
11,7,6.169638396771152,0.3791939939533328,0.7839901400582477,0.6592700680519606,high
7,4,5.770245289861686,0.5455977272688792,0.5868886757872215,0.4987404169756518,medium
13,3,6.214907913937672,0.7931483327562596,0.6736163951078988,0.5844356234698713,medium
9,4,7.92556578564636,0.988277757140785,0.6613395358085988,0.5406793887807813,medium
10,10,9.807748802484479,2.479272223548187,0.7448439135582471,0.6824403012213283,high
14,6,7.157210585695063,2.566738203723327,0.6529990640019646,0.6434882247755707,high
11,11,3.4086924892823274,3.4119367877498044,0.621425692090073,0.6865388931663492,high
11,7,7.582021932773243,0.30646105980676874,0.7679565493084748,0.6565482361296499,high
13,10,5.507814095213637,0.8407386728257156,0.7857536931076039,0.746545814136016,high
8,7,7.863335873459937,0.35057876159148993,0.41009598653322393,0.5396820055627015,medium
6,5,5.257529139745603,0.998368562469904,0.42501528402465083,0.46834726638846413,medium
14,6,9.057814824454923,2.7926749359085603,0.37746318895989955,0.5868748048859228,medium
7,9,2.0568827103198664,1.5217512480644735,0.7488822918198358,0.6246314500435374,high
9,6,4.805655353335766,1.4926189375650796,0.3289209280951798,0.5108333927019355,medium
11,5,4.964334883959333,4.916081613533442,0.8620933966908567,0.6046448019146151,high
8,7,3.0027423425967514,3.2220651660342554,0.6172114655865337,0.5619618586770785,medium
11,2,8.120770472526676,1.0694277345381362,0.6048504170826098,0.5188405651862678,medium
10,9,6.996188020630557,4.423283639587375,0.524465580560025,0.6054045585147558,high
14,7,6.796901202656372,1.3136570073367086,0.5378696141356809,0.6488162094448915,high
7,5,2.2405013857742015,0.8989863485221636,0.6389655594615544,0.5267998695688298,medium
17,4,4.348669134707592,0.2113527669653335,0.8201770016067151,0.6976263818749074,high
16,6,8.158039383591454,0.9258248282432615,0.66904862103343,0.6876375586850643,high
12,6,1.05279853341931,1.8597287053511928,0.6370252127955743,0.6150068511901069,high
10,5,7.278363600484711,0.04129553095087068,0.5406617514232616,0.5578570467449798,medium
9,6,2.127335725031879,0.914957207755076,0.4409902816893366,0.5370983416195002,medium
12,6,3.130112450238136,0.5802692949869401,0.5445908766301086,0.6050497133594421,high
13,2,8.395225999696056,3.23718006267709,0.5274476111013693,0.5189083218024266,medium
13,10,4.939851737914699,5.5825873165066815,0.6707377104972356,0.6919302933227359,high
12,7,4.019283698747423,1.3029119179638564,0.5950240885778746,0.6303187382624825,high
17,12,4.628437126324363,3.1169807860440955,0.6755059085571932,0.809321309804478,high
15,11,4.284614323046293,1.8836029825297291,0.6745378756294466,0.7673502219090245,high
9,5,4.115773046446416,0.7881351172306164,0.607451423255718,0.5512360505362729,medium
13,4,8.973672042148447,2.8571470749000882,0.706083900317457,0.5971691328974909,medium
9,5,5.301741165515168,2.612668647992621,0.5524182914308401,0.5280658672995505,medium
13,7,4.353019014274715,0.0192056649535157,0.3838062791004981,0.6116332180537428,high
8,3,2.9854472962758294,1.317394169181473,0.38985246627226994,0.44918786545991085,medium
15,4,4.698752855025562,0.48407193287769085,0.48902972462877387,0.5995787987065702,medium
11,9,6.324504236438219,0.07969459660185216,0.6058969172654424,0.6656480861424094,high
17,9,8.82433570275381,3.8101331328795114,0.5782328242333393,0.7252456772941379,high
9,4,5.50301458117308,2.00523832714959,0.6813408887783915,0.5378999222413477,medium
14,9,7.443431533831413,2.9177230388703754,0.47577834167095717,0.6657041814083889,high
11,5,3.577750282115587,0.5022504924652632,0.6285523532331821,0.5873621340302013,medium
14,5,3.106750431152265,0.38076501379079375,0.6132997829891833,0.6301215231725648,high
11,4,11.784988847483556,1.8069363530796256,0.6029425450312136,0.5535422666523786,medium
9,5,8.394299112458729,0.13485559532497188,0.7276933606159256,0.5796396348210187,medium
13,5,3.5540858505224073,1.1612904905347807,0.4714591685959162,0.581549897115618,medium
16,9,3.35109072283122,1.152081276761715,0.6861969145719399,0.7495588410693098,high
13,2,1.1295459268569075,0.02114463499504038,0.6414396215981965,0.563146960086339,medium
13,5,1.8416240502469494,0.38061134226821197,0.5261048983627421,0.5976835707240936,medium
11,11,7.363230764225513,2.551527273061132,0.7157730745440692,0.7111444330884064,high
5,5,3.70278946209095,0.9828569624096349,0.7393866656375396,0.5163249533781104,medium
11,5,10.423297573511707,3.8368816707612354,0.7662240862403729,0.5926656061096663,medium
9,6,6.171942678273501,0.058226670509398074,0.5254666891012083,0.5597051600168457,medium
9,12,1.6712657473775308,1.7164412513771432,0.5925187604084734,0.6820608104058471,high
15,5,4.805511288742043,3.9840876659373365,0.5589224705206334,0.6102239096645444,high
10,6,7.75954916017276,4.547214257899556,0.6689814014266892,0.5734815185660075,medium
15,9,6.0886424632570755,1.7070479508992675,0.6351380742326573,0.7206472951738696,high
14,4,4.598312107458298,2.391206978972875,0.7574667616609723,0.6255519724723753,high
12,1,3.088031860400214,3.0809171936872075,0.6932933374256429,0.5181192195272138,medium
19,3,3.306969439252912,2.2197450602245423,0.7540476396736813,0.6810112275332393,high
12,8,7.466303534243495,3.2572032202889405,0.8314952148708129,0.684584354838903,high
15,6,3.260296577629044,0.5633480809481259,0.7080597892885699,0.6828563039847264,high
10,4,5.982878092898571,6.513628389276601,0.5179751938733455,0.490170849512825,medium
12,10,2.232866404751106,6.7877767684911525,0.6356301146987774,0.6618741778164812,high
13,6,3.3789644865231687,0.9684011073016927,0.569341193150082,0.622412231248005,high
16,6,5.930032305038022,0.5929465822044186,0.6469730262841151,0.6854416280421268,high
11,8,2.5481377992347385,0.19748477236015358,0.7797266005138588,0.679628754953704,high
18,10,8.097458002642279,2.520863152179333,0.776025871866276,0.808399420025393,high
12,4,0.6656915512156678,1.1519686982163928,0.7785508953627563,0.6080303877511086,high
21,5,5.406294246155996,3.3001148713143547,0.6863705993322515,0.715273354057688,high
10,3,5.270156421411284,1.8174764310049982,0.7211703622995337,0.5421175629198735,medium
11,11,5.559861853448339,0.6426857297547892,0.5986979533151778,0.700455019131337,high
16,6,0.9754805318471808,0.43528621863316524,0.45320085397631854,0.6477382626710426,high
9,8,8.372546780130712,0.35797488221259266,0.6750688229724151,0.6276272653797325,high
13,2,7.992423998590393,2.1184159148051247,0.7364871030279821,0.568174647840229,medium
19,10,7.459838227966871,2.745672899854237,0.6583592957249849,0.7983673731459687,high
9,5,6.216333791233115,7.86311880755704,0.5642683184736886,0.49543287164435745,medium
16,8,5.817837596284158,1.691139678092797,0.7944104023137112,0.7476078159421236,high
11,6,1.9261184757692895,3.5493606824710997,0.5941105882479755,0.5801597130997878,medium
18,6,5.560155122116472,0.8878196394010097,0.6633486462327784,0.716750931650549,high
7,5,7.386167141120343,0.5351373923663792,0.5449847273752474,0.5104293628592736,medium
12,7,5.7437219912294575,0.4814257238721058,0.5923897951484894,0.6352684542038839,high
11,5,5.313495613621601,1.2311927384521966,0.8039081480373749,0.6175736780177937,high
11,8,1.9393205595483458,0.8539981265641807,0.4576858471823248,0.6108438485927038,high
14,4,7.8456356095794115,1.771280935535435,0.467016261403428,0.5715947127104494,medium
15,7,4.753063496522702,0.9654137817604461,0.8559497054034078,0.7297538492022786,high
19,0,9.766254578591322,2.2847401512453756,0.6590083087550141,0.6015700607427004,high
19,7,14.125972964543195,4.0703642130168385,0.5814909138868601,0.7141624213572597,high
20,6,4.367072611861915,1.045868975607739,0.3663241951678429,0.6862923791961837,high
17,6,4.882036919403015,4.606326030231263,0.44560670776237027,0.6334125013509323,high
12,6,2.7254929155791014,2.7583033783944324,0.858846831909513,0.6533806771926064,high
9,5,7.052690041525406,2.206806408627689,0.5885642987340325,0.5380008170226218,medium
12,5,4.560765960244824,0.09074820853739152,0.5566345712776416,0.5907219261986123,medium
10,4,11.635738183900376,3.365563349832617,0.6962440082208716,0.5468117126452902,medium
10,8,9.345986084334312,0.992189840925278,0.951590253178895,0.6937034516962771,high
12,7,7.74380096349765,0.012975630682066933,0.5955149710603456,0.639016490007522,high
4,8,2.1929181521187786,0.8774122200011604,0.6289960507860848,0.5399497953572092,medium
15,3,9.499998984756903,3.050836032586839,0.6088691955230604,0.5864349322206999,medium
15,7,2.6229221867762593,0.01551133253604013,0.4464857993359657,0.6541937509836195,high
8,5,8.191072108042938,2.399665836714662,0.5051316045374665,0.5050285486627288,medium
13,7,3.790175160264912,0.6068110144321927,0.7618179302377626,0.6833181792846712,high
15,4,3.847165891580688,2.9179899953146755,0.6848766360856157,0.6225220605816919,high
11,5,2.6540975707191814,1.4403623621733563,0.6266496248394776,0.5807275092200732,medium
14,4,7.787135363922631,2.3581638672715513,0.6310248831110886,0.6004838841737407,high
12,7,6.088683010465061,1.9583619030216435,0.561619904410019,0.6192682348618594,high
11,4,3.866435368351288,0.17183352968291704,0.5133707690079867,0.5465285969370446,medium
9,9,10.087803565953353,0.8955738653329499,0.4669454946415797,0.6024186064927629,high
8,2,7.642687687306258,0.19310821619960175,0.728388864230372,0.5043903847380771,medium
14,4,3.6315978812880254,4.106898378190754,0.28271883126146347,0.519164443731021,medium
10,4,7.5339234743922185,1.4768480662951853,0.28832514667393117,0.47781937555948495,medium
10,6,5.204370125306332,1.4874951627307391,0.8178690242322317,0.6236571704282414,high
6,6,8.976393119619411,0.7233476362128536,0.6626322388645035,0.5377041301981483,medium
13,6,2.9773865377686652,4.155940154127421,0.6136423113106789,0.6100221945679529,high
14,6,2.2270784178755023,0.8410376302073068,0.8671663894640291,0.6978263603580904,high
15,7,7.680177593865174,2.0814121051415726,0.5864250256182327,0.6684089244227028,high
9,6,8.304656593113673,1.383051269574205,0.5589829594377387,0.5575762500903864,medium
14,5,8.449496138204367,0.9553303816227936,0.2515018526942659,0.5539315013280346,medium
8,3,9.160625304838142,2.5486081374332876,0.6450554539594643,0.492020369875671,medium
9,5,5.413700049117383,2.0470352662158127,0.5343560413934798,0.5282243065039239,medium
6,4,10.94118267748003,0.43655484566173286,0.853741869881338,0.5378380083385228,medium
13,5,8.34121352962892,0.5987496505126445,0.5518034469048573,0.6013690250442205,high
15,6,10.105200924566045,2.638330174724678,0.7528151127335598,0.677974154715214,high
10,10,1.1863412681607552,1.1783692619728092,0.5388193957168974,0.6499080840635607,high
16,9,4.942977039563631,0.1731099256358156,0.5797574849253465,0.7347974308141639,high
10,6,5.330553214130358,7.573013823782363,0.5810794003828466,0.5357291212513536,medium
7,3,5.423958071206308,3.4725107352499807,0.6164978786813615,0.4651495041679391,medium
17,3,2.93689747957946,4.639286697045266,0.49314983193951645,0.5827013884076016,medium
15,9,8.016609634493257,2.5877476663007952,0.44480210711755186,0.6767087703148383,high
13,6,5.532279902964046,2.0787828668755868,0.31497903900470225,0.5641372553551033,medium
15,6,6.828761549909175,2.4270570916258762,0.865656439321745,0.7019509072535097,high
19,6,11.089554162352472,1.8955301057198224,0.6707466891687518,0.726512470462285,high
13,4,2.0382513134733258,0.11869139318732294,0.5297276716162403,0.580154258368666,medium
9,5,4.318246858968935,2.3094234825269324,0.5120740081296976,0.52201864507576,medium
10,7,5.708512100972145,9.074352949690978,0.7681998215385369,0.5831442779764342,medium
16,3,10.54209877785502,0.8753120841245758,0.8521863652657972,0.6646018591589956,high
9,3,2.9859031878270246,1.4405017969020004,0.5632946721421918,0.4980555891157583,medium
10,12,6.737516133860961,0.6345045042816476,0.8881713274194137,0.7634042354553384,high
12,5,7.804329497451339,2.243852358560194,0.6353406092741503,0.5921091061310955,medium
15,10,3.4375566838807945,3.3718251676508646,0.7212063925203466,0.7467624440530635,high
8,7,3.733877502047542,0.4368835973033014,0.6609318771740833,0.5892738181194613,medium
14,7,12.977323202002022,3.845580992892996,0.4677275712242704,0.6179083076255674,high
17,6,3.166730273033017,9.519153006653042,0.47258508081082484,0.6060559961178115,high
10,6,8.724627795493435,0.160659604724691,0.6745372879351161,0.6038363935555253,high
13,4,13.131229929032664,0.8289847135472538,0.6985057159744192,0.6091745784379021,high
14,7,7.737666563556752,0.7605439498690665,0.6980962246607694,0.6845489519330268,high
8,8,4.719569094030596,14.231246393326883,0.4011121035852456,0.46534744476153656,medium
15,6,2.017860382054237,1.490578478395533,0.6430495596617463,0.6636727220763791,high
10,5,6.015976083380618,5.115153247350842,0.5088346666293478,0.517665911676864,medium
12,6,4.929328569480239,0.3098361838984647,0.5151159295115302,0.600957611342983,high
12,3,1.8669380297966758,0.07716523518494213,0.44902641268747384,0.5292908476362618,medium
16,5,4.901571514714928,1.27704699311621,0.7076791188101137,0.673022177141248,high
13,5,4.05035022405654,5.640767729594729,0.7379394220699906,0.6049827662167,high
11,8,0.7530338809629138,2.262817902708959,0.7514139864708137,0.6601973446094364,high
8,6,3.0793069219744944,0.08832087959562855,0.5394253556784447,0.5472962652717182,medium
15,4,16.0722076911034,3.7503314160066683,0.48070916345419823,0.5761396232507952,medium
13,10,3.6435262480029107,2.1100643635042258,0.488827367685375,0.6786983777803801,high
7,5,2.9616485963914982,0.42259698724462086,0.7415612774211259,0.5504949422359278,medium
10,5,5.069995952534368,1.052632782587724,0.5917650642457908,0.5613354609652401,medium
10,9,10.909645951581247,0.006686613358927444,0.7068241177059789,0.6713202461188028,high
6,8,8.81197658300117,0.20873850665042396,0.544147297098368,0.5574378693753375,medium
15,11,3.746759661324087,0.19308067710602372,0.8496818396214877,0.8136491634102574,high
8,11,3.8054806201842846,1.5505737027899433,0.8911499685289417,0.7078928356871887,high
8,6,4.795125235150965,0.7291012530203949,0.5781290363434324,0.5507651322485505,medium
9,5,4.506811665056278,0.30281124226265765,0.5632138425726898,0.5456240268994537,medium
10,6,14.982830174669015,3.8048649484869723,0.858451437521931,0.6163245211811398,high
14,5,3.475626732665832,0.5449404346495965,0.7578735962903601,0.6579417830270748,high
12,4,5.395194868759507,3.873025313025205,0.9258809303947566,0.61935601732545,high
13,3,5.437340662092534,1.7177614157102319,0.6148304636771206,0.5665143499640226,medium
13,6,5.224408461848557,1.2303920153248245,0.5889800781002832,0.6245934021845578,high
10,7,3.205913380010416,1.5258478016063381,0.5698038276664764,0.5937884468559197,medium
10,5,8.200654013655447,0.6676252808962001,0.7973683030197461,0.6050228253979746,high
12,7,6.499926092186037,0.8765694720496079,0.7297658793396025,0.6601093793875898,high
22,4,2.6152639955972714,2.9983111991642133,0.6093359174141356,0.6818784421550657,high
10,5,5.448700440314427,7.185695503224837,0.771989621832136,0.5564932876782617,medium
9,5,8.811670888391617,1.2347974314387988,0.5907749984929714,0.5449230168223357,medium
20,7,1.6138913039584324,1.4000276927415207,0.7045392996801983,0.7715743419844295,high
13,4,13.012426093942175,0.6944681116610657,0.4027813299274406,0.5509264785744145,medium
12,6,3.713938373365094,11.207876662927152,0.635483492457656,0.5523775207386836,medium
8,10,3.79527527759044,0.358564618599413,0.7471717238026154,0.6670439139698603,high
8,8,14.320273783783286,3.9886360233867677,0.6904904943589247,0.5915071920492065,medium
15,4,5.851491700117692,1.0525898714754662,0.5186770466054215,0.6017181435112479,high
13,3,6.275126941460109,0.6188635631303143,0.47162720043614054,0.5451996829996927,medium
12,7,4.913799163740599,0.34656180052271657,0.4925345841793976,0.6161965048323947,high
10,6,1.1814007704833764,0.7095151224073616,0.3968858399980603,0.544647067183563,medium
8,9,4.130261977613785,1.5634624964636632,0.5048176412779184,0.5905404449458259,medium
7,2,7.129287131497081,0.8095023518196879,0.7489264617001925,0.48938860999457395,medium
9,5,10.465051036741956,0.920427646878479,0.6239823156253032,0.5536602788125374,medium
5,7,6.123362446959104,1.1483051566920277,0.5141621970590612,0.5101770717005321,medium
17,4,3.186975493454398,3.1101732641794153,0.6533764947068009,0.6449408105134975,high
8,13,0.31231368961824396,1.1911640508629426,0.34396395182659156,0.6408516966928987,high
8,3,9.344453020162597,6.45490633343697,0.49174750298025605,0.4353167917064714,medium
16,9,4.433785023320903,0.28739094649540897,0.7518420698961623,0.7684524743359298,high
15,4,4.330105243985313,0.3447148900568802,0.5911545724006011,0.6209328152130743,high
9,6,4.851290486238636,11.416868725171847,0.7950639793312739,0.5379003376984425,medium
9,6,1.0010898419844667,3.071305661195273,0.7640357290488409,0.587331774735133,medium
12,6,2.2233918957568495,2.7734678281990237,0.6386622152678421,0.6092426575322416,high
15,8,5.698184658198706,2.4881981324879354,0.5335988009527219,0.6751317726406248,high
17,8,4.0716699187313035,2.3565915452474817,0.3900416079656143,0.6772977112914731,high
12,3,5.575674493272552,0.08355312664473563,0.791386770227528,0.5977203332012073,medium
14,7,4.481909747241766,1.450759272846523,0.45879222418985377,0.6320867163523273,high
13,7,19.12712348080017,0.601837347128413,0.2633090485157277,0.5836495607222894,medium
11,6,4.7441122597299294,2.0017712701117922,0.6740775453917145,0.6064703672775977,high
11,7,2.283069669824094,6.987744665200721,0.32588067697694323,0.5235911709607172,medium
11,5,13.673862862759886,1.1917770482833911,0.5033122602510174,0.5577172717283143,medium
9,4,4.151303492852026,3.451311016244462,0.3668940234696174,0.46537006458562713,medium
9,5,4.891383352282109,1.683641089413365,0.6791787949773379,0.5596114850660452,medium
12,11,8.700453764907223,1.1528154124712084,0.4827302136765201,0.6888606066521625,high
9,3,10.869809967219094,0.33968365138673406,0.416630952416491,0.47606163280738667,medium
10,3,7.556615426588408,2.3104427687309905,0.5804128835830833,0.5106796249250768,medium
6,7,4.423121633289038,2.3630829605609414,0.7472810311310023,0.5637023198224609,medium
18,4,4.061727944112341,1.0490680431132953,0.37039458020212795,0.6170851290863371,high
10,8,6.328949830094875,1.8990509540394143,0.4609965482028182,0.5895389699469675,medium
9,6,5.7899728178244185,2.0433500404349063,0.6918401823050552,0.5797457028581117,medium
5,3,1.7264723658758272,5.1890680376844385,0.4312895221655045,0.3866641175152047,medium
12,5,8.19661897906978,1.4115308191451095,0.4261994692507875,0.5558296883891901,medium
16,4,9.603611339546877,5.041504605891068,0.5588817015181528,0.5981663095976901,medium
8,5,5.667711577787302,2.9315506726238088,0.8819444147611658,0.5768452118014078,medium
11,10,6.814982467434255,1.4420232670762947,0.5793873037411246,0.6712639723010496,high
10,12,5.122879272023633,1.6640141785161735,0.4808323716510879,0.6750730464734431,high
12,5,18.68104213809037,6.799859379032048,0.6196173011661744,0.5585910643730212,medium
8,3,6.43337306023695,0.8372341712974825,0.5484533557722815,0.4841091100124731,medium
19,4,5.706392894673424,2.0084998125919933,0.4407295377607588,0.6397559088015385,high
10,8,12.139855286672246,0.5367917798800562,0.4278004019811644,0.5919814685303658,medium
12,7,4.778756092873142,0.6000643399445075,0.5965153605347767,0.635302643173992,high
15,9,3.883295253994513,0.7608724611302485,0.46861804893730324,0.6936511267132589,high
11,3,9.528093371720969,0.40832542040063025,0.5747600924287569,0.5372298490164139,medium
9,3,11.21007244495541,1.6759609052331619,0.651763128147321,0.5141795529279098,medium
9,5,5.925608810628956,1.8132010300254011,0.8041581383013503,0.583743620793434,medium
12,9,1.431387359636106,1.7765791722151798,0.43705124041106247,0.6355663869341113,high
15,10,9.549671137590805,2.9537179703336567,0.720305652911385,0.7493696774467192,high
9,7,5.466735574460953,2.3498488011590486,0.7827473734756535,0.615883816020737,high
11,7,1.0022509129854602,0.06405687661594592,0.3579825606263272,0.5761694662811591,medium
17,5,5.4016722378612885,4.084135045641673,0.426185045184566,0.6130094420659687,high
12,11,2.6069840003263356,2.6558470385832122,0.7465293231894387,0.7316002177139996,high
10,10,7.509969916475264,4.508360672535002,0.7437182854263855,0.6686879192683771,high
13,10,3.6475231976388955,1.1137982975862941,0.39975538424617973,0.6675257548653274,high
6,4,3.5383760707645817,0.49938036461149005,0.6230324305137278,0.4912772836720023,medium
16,4,3.8414179124537235,4.086319515340485,0.8069370170907845,0.654145273315887,high
8,8,6.271908304217241,0.31918013745627644,0.6250911058866923,0.6028903535942967,high
8,8,0.7036141680936799,1.6722109958497466,0.5784801750322982,0.5845479617007947,medium
12,3,5.693919652675786,4.145892012948854,0.7536961703273279,0.5630999539791399,medium
11,5,8.224982862618054,1.3657138387332821,0.6120436323832542,0.5783039675517623,medium
11,11,2.662530296578171,1.1349012374273595,0.5828520760729156,0.6940044069650674,high
12,7,1.401588023956551,1.9027915221429257,0.6074581505107944,0.6288063532878727,high
11,5,4.580211028369961,0.22148125468131177,0.31569520341640916,0.5266624989854064,medium
12,9,7.367135340658646,2.5938689406055464,0.6956552898089938,0.6818385983577618,high
10,5,10.92857935065728,0.6571425933595596,0.6105697636661301,0.567733002110829,medium
15,11,9.493987440658596,1.7826504922691193,0.6136448757463686,0.7558446385341462,high
9,10,1.8307580778053225,0.8561676616010498,0.5788321201000534,0.645058639609337,high
12,2,5.815877260180558,4.452938569396012,0.5935943257885946,0.5090326080284122,medium
10,7,8.382933674832003,0.6002018899196859,0.48514102570944856,0.5830268592090918,medium
14,6,5.52918338469548,3.057015061164551,0.6393788434356403,0.6374956682793644,high
8,3,5.613478685114039,3.069175408011351,0.49846953858932175,0.459232738331122,medium
9,7,3.9571006895522918,3.455304069128199,0.825792531791254,0.6171231458973961,high
13,7,6.345863942010011,0.5445312895344921,0.4936658338060665,0.6301029581643167,high
12,9,7.907737611380973,0.82049045300384,0.35372843808562815,0.6252757512637667,high
8,6,2.7555354442922178,0.9350571038586429,0.6231839605206143,0.5584030780783986,medium
13,7,8.031325846810624,2.26057611380597,0.5506708829589964,0.6300636691664261,high
18,4,7.831449834494607,1.7602733584843966,0.6493748589118769,0.6681398160591462,high
11,5,7.349871554544892,1.4935134412454611,0.5945156530730807,0.5739463743396465,medium
11,3,1.835897433962959,0.8764020279316039,0.5731419864310358,0.5337857170999964,medium
16,9,9.530111754503675,1.9812975067327787,0.6041345730974107,0.7276182645745969,high
12,3,2.2777904033144063,1.2313001417792042,0.8672009194852801,0.6052315162851947,high
12,12,3.8286729091530054,0.08705211788412046,0.2927104849498949,0.6779617495374182,high
16,11,6.7323296428393995,2.2528045881516556,0.5944973413475512,0.7638807710151658,high
15,4,13.537290037556044,0.3400018035103836,0.5275527543105105,0.6082438721720329,high
19,5,3.3032807677342824,1.8057266012517617,0.37690037287004147,0.6483418972323298,high
3,8,6.90033912043679,0.02796610416912576,0.409509809105285,0.4867155211265962,medium
12,5,5.373911003355997,3.6543762311087744,0.7019473900735662,0.5960269698073214,medium
15,5,5.437964818476077,1.370856646114439,0.4316266266804255,0.6021862810286556,high
13,5,3.073906282862257,2.557804734583287,0.5943398328316725,0.5968159350024459,medium
17,5,3.9093172019151585,0.6864398609923277,0.6781552723639244,0.686054788732836,high
12,4,8.152351020678891,0.3301534181407211,0.4826853923263843,0.5543360556776721,medium
13,5,1.7967398579443217,1.832321158099298,0.43143740708781775,0.5690720070302349,medium
16,7,7.651322646968027,0.41705726669089815,0.7741604144821023,0.7320517011184812,high
7,7,2.4869588483826,0.3121669000656438,0.8509385080267668,0.6131065889382491,high
8,3,7.673469207355984,1.901776280395401,0.3096936736494194,0.4292602261939145,medium
17,4,7.70159028194303,0.4398550128101941,0.5024233347251574,0.6325523001929636,high
12,3,4.381040764173156,0.021851331672249112,0.48485864919545113,0.5368260542946085,medium
12,3,4.563535187491054,0.549205767447234,0.6583423559997759,0.5680070994169736,medium
3,4,8.254645187041014,3.2277703678740277,0.6141285433004594,0.42630723954093175,medium
17,5,1.8492163110667783,3.2592055187018594,0.9161974515774861,0.7165114535241515,high
15,3,1.4387814074894503,2.006803609202484,0.8430037539954611,0.6402220600710756,high
10,5,7.071284178457876,2.353397078855704,0.7491547492471039,0.5841416359903828,medium
14,3,4.534798191103921,0.3324639250995761,0.5244582441946105,0.5726752226715917,medium
10,7,8.212147184064618,5.506495161349413,0.5766188400769633,0.5686138002730632,medium
8,6,5.830576307429427,0.5317900690013091,0.6584290523933938,0.5681405433520034,medium
6,8,4.147890156971873,0.06488511446031599,0.770105378109155,0.6035885081920955,high
10,6,11.797908008291575,0.9352645529871203,0.8006916967642763,0.6239032423329411,high
7,0,6.787098733338032,0.7652884220490171,0.4428623876888671,0.3884705547241133,medium
9,6,8.961822495568496,3.612430541682844,0.45749546623819104,0.5224162229697527,medium
7,8,8.396495294203799,5.178105832530289,0.5662864128920837,0.5437365770282149,medium
12,6,5.205448064976396,0.30041337632079873,0.8824246961099872,0.6744821833798588,high
9,2,4.601043821486156,1.404723913972431,0.7602850489338451,0.5176921836936196,medium
13,6,5.509350481168072,0.6849435726134256,0.5320135198863186,0.6168364134931742,high
9,4,3.8376466284843618,4.435237140578779,0.8354812047456873,0.552527993345279,medium
11,7,1.939118426674931,1.3520151164059244,0.7139360263943643,0.6387737711695001,high
10,7,4.507173042164131,0.9561764243663176,0.5772228522661359,0.5990700609574517,medium
13,4,6.842111609390309,2.9356135190385118,0.8374411384851023,0.6229174709034304,high
9,8,6.074731786849254,2.214775759465684,0.3748495409595316,0.5552047364621351,medium
11,5,3.458395737187383,1.594477902623282,0.6126426725756798,0.5768986818309808,medium
9,9,8.097763723504144,3.2448100094947177,0.559086065158073,0.6051851463016499,high
12,7,4.551165779137488,7.35586146249263,0.7487596139631286,0.6207128463760081,high
13,7,11.310033966229774,0.6747878913475089,0.7659033521395625,0.6836820844855958,high
16,6,10.227016670205904,0.8781252641741811,0.8951602205376202,0.7331778756796962,high
11,7,5.497021968662542,8.884081925832804,0.6030347582479867,0.5663797388107119,medium
12,8,4.430571694106423,1.9576670642905671,0.6689051942863441,0.6607299250953318,high
21,5,1.8231892608847204,1.579871712432124,0.6342770014212327,0.7163229222013657,high
10,10,10.94922598388769,0.878873445988057,0.727040519504022,0.6895489475942174,high
7,1,2.5791667092818775,1.9580049891634315,0.8291539184170468,0.4777774170889865,medium
9,7,1.2138933238376237,0.33590131753183655,0.4879120994196725,0.5703430777670557,medium
14,8,5.605111830407098,2.530625179852845,0.4747717178995679,0.6480835090475613,high
9,6,2.9601255234349715,1.2617390083072055,0.49381978154325057,0.5453523629199354,medium
13,9,3.7157162189119792,0.7072195026603539,0.7670476617166898,0.7236947356589356,high
12,5,8.386065243270249,0.5786688777842885,0.7954673051446217,0.6352356685103624,high
13,10,7.6157232088551385,5.354696896773096,0.41874392984124525,0.6430508066564284,high
6,2,3.8280597193680137,1.373652433014564,0.5552511334348474,0.4318925438002058,medium
16,6,4.311807916321523,8.22269295059474,0.4741029250821113,0.6000026320124574,high
10,2,8.273725524071718,0.45959402984323616,0.5320183079877983,0.4933397013986047,medium
14,6,7.18450957475864,3.7750588018419164,0.6430509258324805,0.63344312648755,high
10,7,3.4734151117544068,2.3192457470403274,0.3367499275080271,0.5418883471880032,medium
12,10,4.172602132119627,4.661423682537829,0.4438698243339681,0.637697806983208,high
14,8,4.3392469049969105,1.112385727319494,0.4384002992373395,0.6502641549986712,high
12,8,12.83354055907851,2.572754927931687,0.7339874824835481,0.669645796977165,high
13,5,6.027112873092911,1.1286991047350325,0.5367334733805232,0.5948220339778711,medium
8,3,6.013005266962633,0.7437069256347222,0.8045426560581914,0.5359504850407402,medium
12,7,3.7212373454051857,3.626743181966532,0.4469592545703035,0.5852135630342838,medium
8,4,5.204295465313906,2.5360870846559287,0.7039950616210835,0.5238917650931771,medium
18,6,3.5827237818787,0.13211220726234094,0.4097931094252162,0.6710778738366276,high
10,5,7.103610491091311,1.178469456244032,0.6802988254076713,0.5782033020399074,medium
7,2,5.457764800852088,1.8269447293567669,0.5543339038527121,0.44368714924149727,medium
10,6,10.713946099534024,7.432524304723938,0.5411434764212152,0.5286785332527502,medium
11,9,5.561502305896043,1.7331259360556588,0.7045295542800354,0.6743517379489694,high
18,8,3.7359878371301893,6.600367061921734,0.41979443981941883,0.6699564408844055,high
10,3,2.496832281113673,1.0440998670096904,0.5689985908775734,0.5168390523954501,medium
7,5,5.751760046373056,1.5546688916137845,0.8148908787304059,0.557613716468656,medium
11,4,6.36103573780405,0.5668673830161887,0.4806369332236653,0.5373482707579584,medium
10,5,6.239834498810438,1.8845863397945661,0.28907188080720325,0.4952504672294769,medium
10,6,9.703994976868112,2.3747762031566557,0.8690505197696299,0.6279782625995483,high
8,8,7.989853653011467,1.0557773643111847,0.7783698650218533,0.6286354572422962,high
9,5,7.762740077727548,0.04619201567250479,0.6661220453269853,0.567916462294247,medium
11,8,10.84289411250565,1.3301798609571098,0.43833107494762946,0.6037983492498118,high
19,6,5.606465751713807,1.243643189696459,0.46005881723075165,0.688720808848174,high
15,12,5.984664400095326,3.117946504326164,0.6653805948915331,0.7772898089494655,high
15,4,16.53680814159745,0.026488631306330564,0.5139278147756817,0.6076089720797608,high
9,4,15.77955684992692,2.8557836979520563,0.5218132475781851,0.50032409152929,medium
10,10,8.848279690756474,0.20285917333668035,0.5793702777808425,0.6645216610672573,high
9,12,8.230352647527933,1.4649548465033946,0.7305510085534594,0.711343836067336,high
8,5,16.253436412597793,1.2310861266602176,0.8349182290578754,0.5787764049671736,medium
10,6,6.760071604739798,4.465625459028312,0.6326851396839834,0.5667661915432747,medium
13,5,7.531871678054039,1.470457219485271,0.6090632099813785,0.6070095938663739,high
12,4,13.776648621230432,0.18019815783939702,0.6327215468497206,0.5853429883176815,medium
13,4,10.752364931802811,0.7611023315585034,0.6325624034688594,0.5964384651500485,medium
20,6,8.709479741585628,3.0198441580608124,0.8533215667199182,0.7705320189569116,high
18,4,2.2244020514101215,0.020364761176391473,0.4377823477431664,0.637420704474124,high
10,4,3.6338931849330107,7.407359816327687,0.6406966987916678,0.5087569409828157,medium
11,8,7.50461702686567,0.17033835050985616,0.6770985442709626,0.6592841198507935,high
6,8,5.230577339002481,1.6315364030631887,0.6271898338623217,0.5645610574187098,medium
13,3,8.832265413856787,0.9094245650415831,0.7225259417625195,0.5934423579188933,medium
9,7,2.699717206487366,1.0337480004975874,0.4754117931889024,0.5631907053011299,medium
16,10,9.732849182945856,0.9498483733558677,0.8137351817127575,0.7964147138535124,high
10,4,3.1913675361098663,1.8177830135415014,0.5337333999199234,0.5246281265603747,medium
10,7,1.8948376826048117,0.3741226047029126,0.7371898003497162,0.6349438093719239,high
9,7,7.562702780059013,6.676626201286701,0.6946372296109509,0.5694166045802789,medium
6,5,7.908419221037811,0.5306574159610676,0.5088598877723776,0.4882342614480684,medium
13,7,4.267969848466438,1.27270634473928,0.6629442396540973,0.6591041389658909,high
14,5,6.31945553416827,5.2672532596003485,0.2636708310151957,0.5276191444723701,medium
15,6,6.880690227558423,0.2197875680134799,0.8271896005066487,0.7089726696479065,high
12,6,5.404130822472952,0.14100854049348277,0.6133632849335566,0.6217326000500881,high
14,7,11.438312168597381,0.5385825337488405,0.569841617013819,0.6603777731777716,high
14,2,4.025680710316625,0.42154532682426926,0.6794912538923142,0.5830879485996344,medium
9,6,5.706694908654641,7.239605790050852,0.5916420206978169,0.5250643655392244,medium
16,2,5.880653993782662,1.0801373825420248,0.8024204155519671,0.6332831672267799,high
12,8,2.795318241774048,0.275177659924564,0.6104659641735533,0.6602586751018802,high
10,6,3.701581649473893,6.41871305312495,0.7852584806387549,0.5842602757735846,medium
11,4,5.159593144851476,1.0813724119316537,0.6233069562820985,0.562452241843542,medium
15,7,9.67965106814709,0.10855413900944601,0.7774845217049705,0.7197732100809311,high
10,4,3.184805440685965,1.4272903502233891,0.25022041318893684,0.47052881363629806,medium
21,9,5.35718990022016,0.8069327986198166,0.7917632414134863,0.8329730962918984,high
10,9,3.6917643277999677,2.036508910123249,0.19966655681614476,0.5563565852957406,medium
13,9,8.111775941678479,0.27370808254651163,0.6437463458928441,0.7019245486282588,high
15,4,3.563795608826152,5.595651774993763,0.7454023027303829,0.6167761153794515,high
13,10,1.9846781723810611,0.7220797597936535,0.735536581315345,0.7372934511977781,high
15,7,1.6646099367459937,5.2470836069509925,0.5120514873231058,0.6324297400849479,high
14,10,3.964905089559119,8.599168971902326,0.6274281616557076,0.678157839185126,high
9,4,1.7111217806876964,3.6513359208942395,0.7603614871491884,0.5427300579572094,medium
14,3,4.157084159272382,3.496221933805714,0.8375558546925438,0.6142030247131374,high
11,7,12.591331446130553,2.830849703131348,0.7343783144272558,0.6330033315312422,high
9,2,5.127022918018997,1.0504948725198222,0.5541918549583815,0.4788350718415442,medium
12,2,2.0921892048227058,4.414172957509476,0.5621488453736074,0.5030019493579917,medium
12,6,6.16989981976756,3.827593332251406,0.6433249772651078,0.6031477065713455,high
17,6,11.35077381684307,0.4317013712487573,0.6844157013381287,0.7090051311259673,high
16,6,2.741259066931687,0.07912802997823785,0.5906211485404317,0.6775967095082315,high
17,9,6.998341161509691,6.127411722022599,0.7074400394134155,0.7356385964025325,high
15,8,4.710021343682602,4.15556948111828,0.4912732585297798,0.6555508551651674,high
14,12,3.713753936657067,4.971409795617178,0.4222591545461646,0.7013090989384517,high
12,5,9.773928507633142,1.424311443911313,0.7309345849128627,0.6166915073564971,high
12,5,12.069759810058752,4.657809997043528,0.6518372606392298,0.579315385480889,medium
12,9,7.691237911609731,0.4962716306893954,0.30956180562327734,0.6186038835867261,high
4,3,8.722761624249854,4.539603098992844,0.6501514556012049,0.4197662704602887,medium
5,7,2.0632540449643617,1.2145565829313527,0.6792152666999762,0.5427460094537861,medium
8,10,11.932317684698486,0.5045979784134211,0.8333936210423426,0.6833147376857124,high
10,6,4.642140045040813,0.166891534546111,0.49305655563378076,0.5674987008964488,medium
11,5,6.715572849228231,1.9694693190668984,0.49837665071935777,0.5515455346834256,medium
15,5,1.593583692278383,4.33613579684269,0.5861805327556848,0.6133285345721857,high
19,3,7.80770074171644,0.7335795777289513,0.7428958618324008,0.6886886418482872,high
19,5,2.175395407414857,1.0940302172752554,0.7826323725724668,0.7342329397326584,high
9,6,9.740849080971888,1.2419942158971429,0.6645646716825084,0.5796329728971874,medium
12,2,9.807724362943933,1.3151700939359892,0.5621688545931263,0.5236659702923854,medium
10,2,5.294371030990086,0.5899129054629869,0.23889611549414957,0.43384647039574337,medium
13,4,6.6230259935352755,4.022028904577605,0.6835269414309088,0.5848918622556644,medium
8,6,6.718168763788288,0.8813697961787924,0.78781156115174,0.591686513589156,medium
10,5,3.7535373875956237,1.3871474602602762,0.7924962165529422,0.59925159357552,medium
13,2,14.540887643865162,0.21041005321461265,0.5040539808021044,0.5344080624723235,medium
10,6,4.790203268601134,1.535792094621549,0.6607704255459215,0.5919154711450407,medium
13,13,6.549922404491149,1.0797199975356093,0.6168207816539409,0.7711660230138843,high
11,6,8.945220274630469,2.380202349117414,0.41466465678994785,0.5520649156972068,medium
11,8,8.533994627583542,2.5212778181234485,0.6263760066823355,0.6334666825489774,high
12,4,5.539902641056661,0.9263140441086931,0.8300093436604701,0.6198264417713694,high
14,9,1.9248642709084545,2.174011150289039,0.5694084672259765,0.6893882857766017,high
12,3,2.544530305036103,1.2371628515710378,0.5592363252541708,0.5435995127070272,medium
10,10,11.754377742356882,3.5960006527004453,0.45779954249618965,0.6175865708145682,high
14,8,9.820914750973891,0.41439502414718904,0.5789861083035355,0.6830345881663924,high
20,4,1.5714772124429448,0.2462766283581979,0.47726928521491624,0.6738120128539287,high
15,6,7.826831275709879,5.582960760917973,0.7571555802726428,0.6592113776484088,high
11,11,5.567596915850897,6.11315162361251,0.48219113227697025,0.6406838822979772,high
17,0,1.6462394530704545,7.230681633122188,0.8410376392671176,0.5750029836326089,medium
13,5,10.126033348914987,1.0465730137386822,0.43994239634599935,0.5760113258442753,medium
16,1,3.2070726511663388,0.2222961462849217,0.4230191406814347,0.5431218538277208,medium
11,5,3.8234052711753144,0.22081420946580946,0.6155447124622451,0.586636847762677,medium
10,4,16.813362713519428,0.6645805475452602,0.7777385878844014,0.5811171805932451,medium
13,8,7.91710163018393,7.3269982499209325,0.5524295234912098,0.616639249698769,high
16,5,6.959139566206365,1.0415376421351599,0.7076627642169777,0.6745889685624944,high
15,8,4.789984446544921,4.038161460786044,0.5463648458081092,0.6673518927563816,high
10,4,9.955217341531721,1.53482985978989,0.8391303700036077,0.5875938749354557,medium
6,7,3.917069246849584,0.2930990097216695,0.5901010552805085,0.5460662176579573,medium
15,2,4.790401976552642,2.1095173288051035,0.7409807666392347,0.5991327044691462,medium
13,10,2.1478077754224794,0.5273149911604439,0.8341495430298304,0.7583144753315632,high
10,6,6.823389031544341,4.1178213903305965,0.36119428300714973,0.5147867139992259,medium
15,9,5.575326769418997,0.9066010133484024,0.6832434419651108,0.7356046816373661,high
12,8,3.2399416864775494,5.263111425153572,0.7621890057180531,0.6573503916425868,high
17,7,4.747582280446485,1.4198699716011398,0.7833898276097575,0.7422121657112772,high
14,4,8.93666734820098,5.9368739052125035,0.666866690586446,0.5837941787492058,medium
12,8,1.9508120713383392,0.7367150814297138,0.6525757565010839,0.6656037174240186,high
15,7,4.493538008429287,0.5190596804000623,0.3676243870184561,0.6350644795343574,high
15,3,6.553220184503641,0.7975800869391583,0.8083446304678662,0.6413517255139789,high
8,3,7.968174634866843,2.944963097013164,0.7561568532959253,0.511598283345764,medium
7,5,3.805728706225413,0.7014108394791394,0.46902956593774614,0.4941298409243549,medium
11,2,2.1633664929322625,0.24408061969419453,0.5439817575081499,0.5121691473703354,medium
19,5,7.578766471593839,0.39111721290187773,0.8208456020929353,0.7465616723325745,high
16,8,1.6551456310941797,0.23680462240735742,0.5784984170297803,0.7141209859232404,high
6,5,7.955180292363467,1.9962237758661008,0.6270503935256021,0.5021019201993464,medium
17,7,2.7995948733710234,2.672803986866203,0.5276259233624971,0.6827064914267247,high
11,6,10.045818412217734,0.37220850187741134,0.7612489280327344,0.6347683955940309,high
17,3,10.221479676378264,4.714981808624458,0.732835613468568,0.6301339106362173,high
13,5,4.451203616418926,2.0538845400466914,0.642496212716154,0.6098066789429195,high
8,11,7.045246406390811,2.0689691048979495,0.5042941342655026,0.6270656994871142,high
13,9,5.952525551764916,0.31889658080964695,0.5270848597158144,0.6782909947377652,high
10,4,3.1987819353756217,2.346182126226756,0.39590800122204184,0.4935403860695633,medium
14,2,6.915476873580417,1.71764277176091,0.4822912481185276,0.5350072978119661,medium
13,3,6.527623485666084,0.3358852510897703,0.7917528391144191,0.6111113328156187,high
15,6,6.393645196489147,0.9934935662927367,0.48432579113123403,0.6352418677842953,high
13,9,6.205128900733987,2.5249373415090934,0.5727413597073644,0.6727153563314122,high
12,6,9.870564288455542,2.949412433173265,0.5018895679806918,0.5807151640416499,medium
17,10,5.8376265290443765,2.828270654597275,0.6287381252376901,0.7618924873502229,high
9,7,8.216266840577997,0.48475136320164564,0.7501921591405083,0.6218067560734241,high
6,5,10.18550783505054,0.4741376795274777,0.37313604002797307,0.46146629014207813,medium
8,8,3.2032284445128587,17.43636216194054,0.4673605587754768,0.45722969734215846,medium
16,5,3.730627381816535,4.293794121177196,0.6181862937948938,0.6350119646177975,high
10,9,4.775784656995661,7.38946575336139,0.742187939802878,0.6291744829381662,high
12,3,3.2313329120300027,2.6202205165711376,0.6185374401044682,0.5462393512437527,medium
11,8,6.333489349607739,0.10497882397543015,0.7888510081691227,0.6820703428073216,high
11,6,2.817993716206003,1.6758646725403912,0.6531788015847514,0.604463329166681,high
14,8,4.516599872777655,6.360386633864634,0.6187475845862955,0.6513469393581616,high
10,2,2.0760765493206796,1.4984589167227376,0.654197649568006,0.5108498038021163,medium
15,3,13.056518991600287,1.30367934716018,0.6585702935642057,0.6080228630651066,high
16,7,4.736105626093386,1.3471913880934494,0.6320177794818913,0.6974222799757553,high
13,3,3.9454413331340312,4.525917231590254,0.6230674702748465,0.5494407125110343,medium
10,3,2.9564344929535165,1.3791644281301243,0.5470640243102315,0.5102183753411789,medium
11,6,1.37178914295903,0.5816460745450776,0.48174889178542546,0.577472137860118,medium
14,3,3.3411048292868424,1.8829261941678612,0.47537104144265435,0.5525213669940785,medium
11,5,2.229703763712065,0.2857346034952176,0.828690949405498,0.6288332925244648,high
15,5,8.665091560512248,1.416634155532426,0.5274486387412084,0.6210455000446922,high
18,2,12.388485550233515,0.6789579883623792,0.5519477717158948,0.6158631677540964,high
12,9,11.93114439027212,4.486790446234563,0.753510463152828,0.6807901563223351,high
9,6,3.5790410555879566,5.443161641235497,0.4178009667724711,0.5022724490795909,medium
11,10,7.651351336478513,0.19665361119584074,0.5227599258089126,0.6682409610871436,high
16,3,7.366427781141649,1.7263063543451125,0.4755997469939455,0.5836112403698217,medium
6,3,5.646986390570736,3.8909245749499908,0.6564031128588721,0.45534112540544114,medium
10,6,4.587630004126436,0.5592763598714682,0.25103893288771517,0.5164792775117333,medium
10,5,7.381639349943236,11.274762313120005,0.6786530390581041,0.5105655257241541,medium
17,4,6.023002843171589,0.040817161796159386,0.7014330717368696,0.6750144999353995,high
10,7,5.4226917401129135,0.13862967242117868,0.35957674694350167,0.5609911515725592,medium
6,5,1.485685204587861,2.108020028021233,0.3896601004929592,0.453878553245117,medium
11,5,8.964274219153312,0.22931436085857923,0.5409313996725619,0.5716575175287886,medium
14,0,5.575137731263763,0.838932165985335,0.6530583890254879,0.5350187966985287,medium
13,6,3.254779502550454,5.443196199772744,0.3932348168429995,0.5573589887034484,medium
13,6,7.614935570724481,0.06682349695405962,0.5723710130286704,0.6290287126260403,high
4,7,4.888053354937445,1.617558753841469,0.48948517373531997,0.48711330972145417,medium
7,7,4.505185996983697,9.289846137822657,0.8575320897675752,0.5545741103680307,medium
12,5,6.426701377928234,0.13001196384722555,0.454601373585452,0.5700535282914423,medium
16,3,4.785234488847638,1.6513408565875864,0.4575581400132509,0.5805026889587329,medium
11,6,7.969878253341642,5.650035381454526,0.7987356890176771,0.6070802352605054,high
9,14,1.0988064922237464,5.742246191431546,0.9328849796588431,0.7632953546555583,high
10,6,13.698996475486142,0.5451040014315919,0.4994229822432598,0.5662505697724414,medium
14,7,8.028501031159621,0.9538098001668022,0.4479834014512188,0.6332379482891317,high
6,6,7.620526227148113,0.7152039917246763,0.6644190196011214,0.5381157773087264,medium
7,10,1.306150340505259,1.377744836661618,0.19149533304137234,0.5341141010305304,medium
21,4,8.699874133890345,1.3840070671076452,0.6448358560471803,0.6997404574287185,high
13,3,1.8562966318305194,1.3828506314129474,0.5066098101824114,0.5471029578270626,medium
8,5,3.3068607731303126,10.300401522904547,0.21837854722506192,0.39500636595898203,medium
9,9,6.112703119071719,1.3496207521007668,0.5666138272827125,0.6193252937758708,high
8,9,6.593549984457418,1.6449416409970783,0.6559987524383367,0.6202334728810202,high
11,4,5.803699341664555,3.085144300242252,0.6951140886451833,0.563455189060755,medium
8,6,4.928941616702243,0.3946737248629379,0.5754773565443579,0.5524643131431186,medium
10,7,5.528990272674992,4.801029034414004,0.65312154552219,0.5886174488750113,medium
6,7,6.9223058957086625,1.2527734291294919,0.7718673698649544,0.5760216511121277,medium
10,4,6.8465120521926615,0.7524755811711608,0.7582328002834076,0.5766300561822071,medium
12,3,2.447021606171764,0.6743362419618271,0.24614019432859735,0.4847324639193073,medium
11,8,6.15338072173719,0.7961503908328021,0.8316828166410228,0.6860288940559859,high
9,6,5.109687207199311,2.434631262500089,0.8681051006786429,0.6123901450523946,high
13,5,7.011680750757436,0.36269807901409157,0.6469415314388284,0.6219703190943384,high
9,5,0.34050271462376747,2.744452844424722,0.8009486973493584,0.5768933871737069,medium
16,4,1.3876453129728203,3.656555002363157,0.7261433929957278,0.6408516452500579,high
9,3,9.100213745369581,1.372107554240239,0.738119761190838,0.5334765685432327,medium
17,7,2.323719860284195,1.1766512113014485,0.4963633108231134,0.6864283207559464,high
13,6,15.608964216473073,0.7406932409209085,0.6382709438042783,0.637716233821383,high
7,8,6.28215546326838,2.0619206527974288,0.5532818401411185,0.5619102303429075,medium
14,8,8.242308666392766,3.045776087976972,0.794495256921285,0.7085938774644105,high
14,7,6.818374179479269,2.802896342303759,0.7693744457958464,0.6851889135438108,high
9,11,7.270860644788469,2.1229638768222676,0.7032297106637315,0.6814928496205979,high
14,3,7.167586210873919,0.863390854251173,0.5677527488004679,0.5777946107317524,medium
14,7,9.145327618928087,1.6681640833548224,0.37919091468929067,0.6147170890488259,high
17,8,4.722164237292586,1.1826474709825183,0.5972564524452214,0.7265669740158276,high
6,4,7.209317269489238,3.1291276536741246,0.4938683204952758,0.447912813074561,medium
13,3,9.930984596891498,1.68422364031197,0.4124566648047098,0.5262631753588622,medium
12,4,7.254049464289455,1.7622093299952177,0.6815098564469676,0.5845539090894254,medium
10,7,7.3714011727426705,0.42560335572655555,0.7278638645814561,0.6327354172114474,high
15,7,12.02950413407251,0.15842004121217945,0.5362915521845072,0.6712021768288203,high
5,3,1.8616953369969549,1.8163856590358016,0.38085180789376194,0.39906112385184705,medium
14,5,11.1348530226612,3.705262096100744,0.7088279353348613,0.627063839759634,high
10,6,4.4224318640600595,3.4942033067172202,0.6107201850615489,0.5688493483008616,medium
17,8,3.758272870043144,4.063653621352127,0.7138079373941439,0.7306705633364814,high
15,3,6.899928821452601,0.47727872166080004,0.5982532922984831,0.6014688003152913,high
8,5,1.6564046651180702,1.4911114449250067,0.8493633886749189,0.5799319347688171,medium
7,3,13.526000242558142,9.1901052785604,0.787032705601663,0.46113917259659654,medium
14,7,4.247893779475712,1.1255176402663938,0.6821137242799683,0.6789192939208845,high
15,5,14.973986668260402,0.7209651685901478,0.5539924548494085,0.630992056512614,high
16,8,16.73434034044665,2.5946203126542216,0.7129685736937063,0.7252962459877131,high
10,9,3.1469566610299387,2.67131094099681,0.6634349268447739,0.6448782457623095,high
13,10,18.85660937619619,4.0262207016842675,0.7118852958180624,0.7105355878190507,high
12,2,5.7270675348350695,2.7199211427364958,0.4289392214539983,0.4876550366725564,medium
9,6,4.673088851191984,0.7628537701405147,0.760897993898252,0.6020939069787137,high
13,4,3.8999457884232567,0.19443050687445743,0.7916486336891019,0.6320335233586574,high
12,7,2.459397864713832,4.022206411440518,0.43191372686342927,0.5795680359630824,medium
12,10,10.27107107858425,1.3014725979933124,0.4585370330244713,0.6630309226182722,high
10,7,2.5319851431553806,2.770104493584541,0.6102480461227315,0.5935822459339827,medium
13,6,8.766426190342909,4.58113108479631,0.6484493413331903,0.614148994367996,high
13,8,8.791540469955478,0.1035250458160548,0.7901254494047459,0.7123349229088421,high
9,7,14.852397387854467,0.2222657694108767,0.7039235715252986,0.6143029425089872,high
10,4,3.791221231420054,2.5493928586079546,0.4100397368737346,0.49501199498402726,medium
7,7,3.7720855295284457,0.255575814677651,0.48112134147650787,0.5395204295307839,medium
9,5,6.7193037219230165,1.3740760386092086,0.6065626532858437,0.5471520237331073,medium
20,4,4.683225789785711,2.442113275513442,0.47063969827581864,0.6578471844850742,high
12,8,10.642452505666625,2.4876528740952604,0.5751877116505395,0.6384531898361395,high
11,3,9.928367266570252,3.6373395910806536,0.6002212118333076,0.5207953117594571,medium
9,11,4.749168935069929,6.136926218303204,0.5021028435636917,0.6145077272573836,high
10,7,9.11839656459151,7.79952405939577,0.9197202415047618,0.6219472212383139,high
13,6,11.811341243415834,0.7695676515493707,0.7130061777905246,0.6524707845477757,high
7,7,9.857592972091409,1.3924856645173327,0.6094754444012183,0.5576118511167948,medium
10,11,9.131587337676544,8.629966787373883,0.44004782124414504,0.6004764523330031,high
13,5,10.44167679374549,0.9952714062038583,0.4517322028313864,0.5787112978582516,medium
15,10,5.6658331560168484,2.4898105879219203,0.7010971425546312,0.7486206912581134,high
6,6,2.2488215623942533,3.3002393033870407,0.7529424695495534,0.5385868985539971,medium
16,6,8.652175109499481,0.6869639873121286,0.6747399341453605,0.690368226913658,high
9,5,7.440668394359059,0.14760904460094004,0.7316383319241503,0.5803436060874905,medium
18,4,4.796738490223552,0.9724965146177857,0.4237179306616026,0.6282602760348686,high
5,8,10.65810309272781,0.012606069254518373,0.5886266771990998,0.5526412949781232,medium
10,5,5.28071784372292,0.258947044579613,0.49942621199216286,0.5481589287679018,medium
16,11,11.011367071876542,3.0588788615816536,0.51570227551129,0.7427479293583803,high
13,9,3.18770525487371,0.41823665278740396,0.8721240139856706,0.7466365584452181,high
14,7,6.792579063083494,0.7755818904986724,0.6001492466734204,0.6648593033980262,high
12,3,4.119612452283866,3.1235285854403645,0.7740802512883781,0.5739925263547399,medium
15,4,5.7426901186832335,3.62518697208114,0.8086494185271048,0.6425619705582134,high
15,7,2.7373469597926823,2.4879316442130643,0.5122945225111822,0.6508726935408161,high
16,4,4.3361709046823576,2.7757226880119856,0.6231058417326767,0.6261163504264554,high
13,4,10.388866429084825,3.1369935783578136,0.35490785506765027,0.5250682804911447,medium
14,7,4.79372729961457,1.5800336514216273,0.5589545429652316,0.6512573509169021,high
8,9,3.022678174145041,0.02179281087205396,0.35198331593154064,0.5702513777804944,medium
11,2,5.226367625803293,1.9615458008224693,0.581972650300093,0.5083175580545355,medium
9,14,6.191193586353217,0.5278599025034514,0.48007301256255486,0.7074955364958213,high
10,8,3.506410904043275,2.513035438644963,0.6595658079024279,0.6251595919895192,high
6,8,6.0526448034511215,0.3488946505110996,0.8138517974975541,0.6104443951627702,high
14,9,8.299945743834654,3.9101249938937923,0.40059419077507946,0.6440513381957239,high
10,5,8.309115561942944,1.8467990064129718,0.7562236560411633,0.5889327378321462,medium
16,6,9.911544090374226,7.9387392127641085,0.7369905202083169,0.6544731759565694,high
8,9,8.686806023676635,0.249782032380938,0.5576560212061821,0.6098659906920302,high
8,5,5.916725071205393,1.1930615082376974,0.7405149564735156,0.5601492479064518,medium
13,8,9.537282840357449,2.372826345594059,0.375092829967048,0.6141997236894492,high
9,7,2.6541641803282343,0.05526990835598372,0.5056822083419872,0.5757679756126909,medium
17,4,1.3948685687967273,2.669685574836962,0.6050157426820659,0.6382052447041668,high
12,2,3.94936524627766,2.3282525259463744,0.521700346731644,0.5088183858400196,medium
11,4,2.3879788974857137,0.8212163951458296,0.5940646853711905,0.5583381611065993,medium
22,5,6.448510547499275,4.0860514287371625,0.30905744334393387,0.634571145810539,high
13,6,3.0719221168065634,0.4808086985249975,0.7999833706020701,0.6717912827969141,high
25,2,6.413763525472138,2.363300943307352,0.587785781566186,0.6418018166911881,high
8,5,2.2221176588342555,8.372628129064195,0.6111128147285184,0.4864050420852757,medium
15,5,3.848511064317826,0.17858389583448556,0.45640457202376433,0.6150903550991895,high
14,2,2.1564960926796863,1.307698975078568,0.448288281546955,0.5309396631422005,medium
14,6,6.634015631401679,2.0239276799868553,0.6021538655267068,0.636937921905429,high
19,6,10.037757059645031,0.39624874826805767,0.6149085918327919,0.7253400600447714,high
10,6,5.503589149492539,0.772816603643011,0.6746566507194964,0.5997792194529459,medium
12,11,3.3892570159930764,2.712714782073168,0.4986369419657949,0.6816426231793379,high
17,14,9.068664686516273,1.1279882877627265,0.6493993689748984,0.8573599518765614,high
16,6,4.942731148160685,4.277305074046966,0.8767021918156674,0.7068250712028205,high
12,5,9.389257216915395,0.925913243831522,0.4899175120154674,0.5718107474442167,medium
14,7,3.662123508088062,0.34920855013853336,0.5949379763491796,0.6666595382689123,high
10,10,10.263377758571284,1.5645385446895825,0.7954403656540617,0.6986578161662151,high
7,5,5.803004116088933,0.6860712615263734,0.45974509608571357,0.4923752108069669,medium
12,7,3.5572614269397445,2.530016646164052,0.5989916190821785,0.622931546175342,high
12,6,8.777083679549925,1.0126832473146792,0.7751246384550661,0.6482737060422488,high
10,7,1.6101636432014885,0.9539815998609403,0.6232081055428433,0.6082817437761624,high
10,5,6.0811455275495465,1.6775252942982672,0.5646441420286222,0.5517453264437361,medium
11,2,2.201229210400615,1.186983166525847,0.5759318200771117,0.5122731429052501,medium
11,6,11.285626135211405,0.5821700424561372,0.6482962240517162,0.610778111193969,high
17,6,1.364545777380185,0.9714698762818023,0.6150491076787337,0.6915333556938681,high
8,7,8.086950565118066,5.272848518756563,0.7083971620511393,0.5665271089518508,medium
7,4,2.665917398812299,1.9918818235687548,0.5554781213502167,0.4828164121129183,medium
14,7,8.112047616807226,1.921307710086952,0.5397347047744786,0.6451382228876494,high
16,4,1.005431887491934,1.1786495495731706,0.6565433488400092,0.6434510061041807,high
7,6,6.395386802475422,4.930135037559918,0.6093927039779765,0.5140109738785292,medium
10,4,5.252413589841346,2.087848252813157,0.566944621473159,0.5294699359425441,medium
6,6,6.6921601194086655,0.0940960263396875,0.6072762439383093,0.5308279419453973,medium
11,10,4.5444155784239975,0.30531466985898087,0.5677296353868618,0.6765104959449793,high
12,7,8.694077443911109,0.8411296795904745,0.7409148871515686,0.6625754462330439,high
9,13,6.222172733634483,4.754245282808053,0.7850518716178293,0.7203154057715122,high
19,6,2.7339615219486646,1.232934094819165,0.40450556482925626,0.6776815523337234,high
12,6,6.913948479896863,9.004749868013018,0.49848707754804406,0.5396657497228554,medium
14,8,5.973733009769786,1.990741180231883,0.6590196370903753,0.6885323195498625,high
17,6,2.4512783720473204,0.6293975592759202,0.5786757093985069,0.6865391581511953,high
8,5,6.328013066911771,5.395299536920107,0.30327518293750005,0.4446863730080326,medium
9,8,1.799468902005292,2.734982293216668,0.80050023259781,0.6368668312314509,high
12,5,2.326843263475459,0.012320613751270118,0.5232218233711122,0.5845622272492139,medium
12,8,5.126155538780107,0.014016792436107652,0.514523234707062,0.642811201658505,high
10,10,6.238040845406713,1.0072785649642395,0.6498083964455627,0.6732464888560176,high
13,8,2.476156828312558,1.3693683428666852,0.5634743092329966,0.6585657395608213,high
15,8,7.520072938741639,0.2307256954139449,0.3765462935925559,0.6587710874157515,high
14,12,5.01455945588857,3.972910769518312,0.5366982785773079,0.7308535839186727,high
13,5,7.824471807578876,1.3382579913093702,0.4879052383024267,0.5836593277184229,medium
11,4,4.207534048014814,0.037369291971669626,0.709369056394213,0.5866246826656981,medium
18,1,8.387040602507568,0.6711812811115944,0.6295119212308051,0.6114278423720838,high
9,5,2.3922215601258303,10.470663326645084,0.7030735064624278,0.5058102791148517,medium
21,7,5.868184191491805,1.0390195617749702,0.3772734666218316,0.7085278962458665,high
12,4,6.192629772657192,0.2717507084364218,0.6938405155040122,0.5969564317112264,medium
10,4,4.450523339435939,4.047497679764595,0.669021577028157,0.5368209975405341,medium
12,6,2.4308358600638074,1.038651913963001,0.6596705197543383,0.625009757857781,high
15,5,4.067710462010196,1.6087037688432722,0.5369217184283545,0.6216596518933823,high
17,2,7.338184894529,3.667757450579665,0.23764995814280934,0.5180782752913641,medium
10,5,4.396895478576931,1.9531640405942265,0.5035642694515872,0.537691760286356,medium
14,4,7.371608270379113,4.189640491175823,0.765211848289557,0.6151114330500725,high
10,7,6.324862806236564,3.600945762192812,0.8079868526539279,0.6275910654495002,high
9,4,3.086818825516581,1.5603379236684456,0.758443259478385,0.5562863990712208,medium
14,7,6.514357366930337,0.003558864887807933,0.7366452551374276,0.6973053252615667,high
12,7,9.588576310259917,1.0496774923243783,0.9303900680246878,0.6990801636561084,high
4,7,2.651554848622099,1.153817438338374,0.42964968489912747,0.4782378207242363,medium
9,4,5.08448356840081,2.328803384379993,0.34824844188405407,0.4691243324809442,medium
10,3,7.933788633958042,2.073140414555442,0.5056949314476756,0.49731805019249886,medium
13,3,11.617448628979066,3.676262521652694,0.41803832218825493,0.5140992476266331,medium
12,4,6.802620363856237,0.44131256194707175,0.8012168644694145,0.6173012891475691,high
17,6,2.934142113901385,0.024735276517615014,0.8117396974570037,0.73718303764795,high
10,6,0.8244737226922716,0.1590721051972117,0.7871743551748822,0.6263743903336617,high
10,6,4.6045040268602095,10.755301296744406,0.7338750198991459,0.5450729953348665,medium
15,8,6.0865851818987915,7.379592821870768,0.7865296422053437,0.6931086429619303,high
13,4,1.5647620660790518,3.713133053986527,0.5476795215509398,0.5597816839502778,medium
9,12,9.13550235686666,1.8063289950548547,0.6590890484986485,0.694775616399364,high
8,6,5.510576231526256,2.0546476015018866,0.7062468040172677,0.5675517101267743,medium
17,5,3.9837039422876335,4.929682671508558,0.5137097742327918,0.6248774037031679,high
8,6,1.4584343213258357,3.4292738003353143,0.4248301002166581,0.5021041947077629,medium
11,7,4.792798426598051,0.37736072966820283,0.5903846281014258,0.6205611874224972,high
8,7,12.01470324097923,2.6949906236525547,0.6211032900571279,0.566254053853742,medium
9,3,14.128272842599905,0.14361350705022016,0.7642062560838911,0.5468838278364435,medium
12,8,6.181771014662965,0.3719054359796075,0.5168584294413204,0.6408923163150666,high
5,7,2.0764600623208134,0.31033617954052806,0.46425087948274407,0.5057812680329452,medium
13,5,4.113714168834368,0.9196383242970747,0.5475988368465854,0.5983888452073366,medium
9,5,16.03098844203749,0.21598869581666644,0.8506155860167076,0.6036831925645637,high
15,6,7.02332626034841,1.1323648216363764,0.7701953892428345,0.6914899790376576,high
10,8,3.6876677755234786,0.17108702858367741,0.2621603642934689,0.5612914926681359,medium
9,6,1.572763960093852,0.5439403556924727,0.7175857391192961,0.5948908787859094,medium
16,4,10.252096416598732,2.6268533406499306,0.5275578543959558,0.6079992152748583,high
13,7,4.477488452795966,3.8245494589946762,0.7337144370485128,0.6562458910164046,high
8,7,5.273917366496478,4.923073246007509,0.4964922885830112,0.5264779694098856,medium
10,11,5.4356589021002515,10.861064136083494,0.5011652012082717,0.5978259460010977,medium
11,7,4.459264425237175,0.668802731574222,0.42781671257192366,0.5861046576372233,medium
10,3,12.31724736438966,1.2906333522006042,0.4636813760574302,0.494132052863482,medium
11,4,3.819643988927681,3.2696706948488856,0.6390254764293416,0.5510072906535425,medium
10,9,4.983920290281888,1.410443311236655,0.46174909122091945,0.6129468628359395,high
16,6,2.5267452107223507,0.3157939005406249,0.458033162731685,0.6495013398760661,high
10,2,6.305057669603308,0.8642915527312094,0.5621133996849556,0.49666073625211643,medium
14,3,3.4080662697194084,3.727411105383769,0.6995541673634885,0.5850614261034727,medium
17,6,1.4288071798055433,3.751980305711512,0.3730964243497533,0.6246060828318739,high
11,6,12.351329816642775,0.02330964693012402,0.8197902055969377,0.6488026434731868,high
9,8,10.479946570857992,2.3608844165606975,0.5412324662826142,0.587507263812785,medium
13,5,3.80449217389618,4.509705998181194,0.7204147625368449,0.6090182458528277,high
7,0,9.517873851940996,0.3422001037456657,0.836252701924736,0.4699692063599761,medium
14,9,7.505022116665121,2.5713843080762877,0.5879302432586805,0.6904434865978941,high
8,6,8.118979914665456,0.035889042109668104,0.41972984627392623,0.5237067089740541,medium
10,7,5.987214020499023,2.2086010809676138,0.8062109825571434,0.6365181893049779,high
9,6,11.815996645711971,1.334371203330896,0.6661541111363627,0.5793350142050666,medium
16,7,1.4118800274926735,11.631415314483371,0.5646994975295251,0.6153971307426825,high
14,7,3.7241481414002977,0.8428258913520044,0.5453529425466551,0.653451749233651,high
12,3,6.762323479284448,0.28310274699989596,0.5133974913887743,0.5407921466310889,medium
10,5,8.342996186221988,4.62765429169369,0.3392127813718664,0.48699152766308207,medium
14,8,3.870141430347467,2.0643465941549435,0.5062394864432427,0.657485586660949,high
9,7,2.421529859872689,1.9778860594523817,0.5491118832749127,0.5716364695919667,medium
12,7,2.580380416649401,7.56318692960703,0.41058428001941927,0.5516956098065036,medium
10,1,2.4253431443063485,0.6651547658167892,0.5855821492808244,0.4826820647507196,medium
17,7,11.125811046375562,0.9028497251910361,0.4567149556214161,0.680323992956343,high
15,9,3.9703506290525863,0.7748524474448544,0.7045119205414757,0.7407367011253294,high
13,3,2.032185130005582,2.4393963642356917,0.6336373267890569,0.5654648229295735,medium
11,7,9.011414313879573,0.5022422690692819,0.5796154992994382,0.6175748180660925,high
17,5,4.558554872892492,0.10291442126614006,0.5888747072190466,0.672088845302035,high
10,7,10.022819799541063,3.370024479255623,0.5934113362337569,0.5862154373850472,medium
11,5,18.278566913230375,3.279644122317385,0.5847579898347863,0.5600873038181747,medium
13,4,8.869431532447887,0.09807431746522823,0.7848113666829448,0.6313084445534874,high
7,4,8.656742197630653,3.493670306808239,0.32263073729020103,0.4262350120793186,medium
8,9,2.830066184824025,4.0964162556062265,0.5288728968209718,0.5784651376601528,medium
13,5,14.498411608344263,9.027318005468185,0.6088320046265004,0.5565842808888455,medium
10,6,2.9406052298372582,1.357373417184216,0.6611501675719026,0.5931808773998192,medium
17,3,2.334148351657944,1.1553879995979597,0.91831779589165,0.6909609725143436,high
7,10,7.523680268619497,0.7920383943294493,0.5270139242684029,0.6051225288914842,high
14,5,6.223802044876195,0.7126526735005758,0.5536379717643108,0.615976576529525,high
11,8,9.863383869520419,1.42008825229407,0.4619492346403765,0.6079225919127815,high
9,5,9.217153569519823,3.63186898625117,0.8935586747557397,0.5894992750428067,medium
15,12,8.207897056849395,2.881879610176517,0.7884193121321544,0.8034713316919209,high
15,11,4.292827607735027,0.3651194541302549,0.7438415315655489,0.791334176618908,high
12,7,13.602032298800967,0.3264828140944062,0.7772490164055325,0.6732732511871438,high
6,10,3.2129543872550586,1.9206305253838267,0.5357700273400449,0.5843498019654502,medium
10,5,5.035261927563774,1.2524133863399098,0.7168430202348601,0.5850191814713727,medium
10,7,2.701390123979169,3.6478357866329194,0.6030820368047036,0.5862975021167213,medium
6,5,7.3054905301041515,0.2578008757186042,0.33254410601317963,0.4547901486978453,medium
15,5,5.789368333211503,1.9014763043823966,0.7544983476399096,0.6632231608320993,high
9,6,6.857288974286992,0.40740044878585874,0.5163498169274653,0.5555539603935874,medium
9,4,7.504001300877226,0.6699913494475185,0.7349934470996953,0.5575320804236223,medium
12,4,10.300355126301383,0.6667623206668254,0.7951170634689958,0.6145783305560204,high
16,3,6.4319345912192,4.068596680439186,0.5788691685907273,0.5886498558485509,medium
11,7,4.300444131664846,0.1214443658013124,0.6309355463846132,0.6303774801715806,high
12,6,4.309626819203384,6.777489270646368,0.5952694101926006,0.573870620234211,medium
12,3,3.599858338164501,2.313155802622678,0.5507842732049081,0.5347358159568305,medium
15,6,9.490762198662434,2.5035087561972778,0.5677645266438816,0.6418628469541279,high
12,8,2.195247015450165,0.6623466289772644,0.5987021709889214,0.6553247900046024,high
13,6,9.9180686103625,1.6412173239108274,0.4541872818352186,0.5948960075409716,medium
15,8,4.902386770583518,5.515725768778797,0.4748037897339259,0.6431892528215932,high
6,11,11.741560112199185,5.335525887179454,0.6211284279757834,0.5986555130139602,medium
11,6,9.159238003847902,0.32483756347452325,0.6725079619002438,0.617336008623552,high
14,6,3.9141663063489536,0.15309147133155818,0.7731208937206661,0.6836035689352562,high
14,4,7.529259356022913,1.5886244631626234,0.51641659257472,0.5826924887605265,medium
13,7,4.785796223876239,3.2852694511552394,0.6891821088769732,0.6509346254343598,high
10,5,8.676442742990693,2.9251105097199517,0.5389445579718145,0.5382881748628966,medium
9,5,1.361158478728001,0.11402703521854414,0.5032307893311062,0.534885977631431,medium
12,4,8.352643560603095,1.2973610980959036,0.6235284142465308,0.5760566088620002,medium
15,9,10.590534601833934,1.1085267830767576,0.7209867882616251,0.7418071790984799,high
16,3,12.724547723079048,2.476637823072715,0.3269700122942721,0.5488830836383697,medium
11,4,5.839653428804426,0.5557839321386445,0.47749175222338985,0.5367931242304202,medium
10,4,10.439913140897634,1.9016513994635982,0.603590148456969,0.5380403536949698,medium
13,3,1.4192345553588583,3.7298264102336156,0.6777978336248605,0.5656940573234146,medium
19,9,6.60589921682221,0.9602991019194242,0.7532037738806756,0.809238760763339,high
16,7,8.494723205366931,3.536505474083439,0.7248418443957763,0.701391665718599,high
12,3,3.9203126932356285,0.6428976900582827,0.53131929018266,0.5419778734361435,medium
10,7,11.340851790509086,2.778746432653979,0.5556780367426861,0.582610631130844,medium
17,2,7.120844891314346,3.6229151317581634,0.23712529952583844,0.5182722923601133,medium
9,5,7.996928850823299,5.08252087573159,0.5392075246273217,0.5089580324205871,medium
9,3,1.7792302877976236,2.753677571324671,0.37299699715212525,0.45124154895492724,medium
11,4,3.6392571935880516,0.622675748789633,0.635343984838295,0.5679176253090615,medium
13,4,7.72993873372456,1.7753815624353415,0.3577851925165701,0.5347211614204117,medium
19,4,6.781825406600632,4.632558159804372,0.38594801585292104,0.6113058821052217,high
19,4,3.4376809885354485,4.976965565128155,0.6260923457771392,0.6570386987212402,high
12,7,3.0483017197728164,2.497962757479623,0.701598714300174,0.6436666578101706,high
15,7,4.2489512647446634,1.642295896670215,0.4201038228554413,0.6380721252599535,high
7,7,5.004416275824061,0.25021333814660396,0.4373427287069966,0.530800456820422,medium
12,4,6.005839194842765,4.228482399548664,0.6604702884901941,0.5639041750343811,medium
18,4,6.72040725005699,2.9615295615756465,0.7356547968786451,0.6773874289652249,high
9,4,3.8534892494744044,1.1414324441226686,0.8902797521689888,0.5854464008063134,medium
6,6,2.876223536625338,1.9271768729952081,0.589524813393077,0.5150571168586473,medium
15,5,9.117330404163502,3.6915633951640383,0.5995936586654425,0.6203083090986616,high
12,3,9.023815371330759,1.3008044542027533,0.45568689640331195,0.5224653495859775,medium
14,6,15.437653347179921,0.47577215142247936,0.414435015206544,0.6097151886984923,high
16,7,2.870773829095751,1.1846627641174128,0.30935213656567534,0.6339726755523524,high
4,1,7.896507799554804,1.7756434496843223,0.7137719905230547,0.41091677510671554,medium
9,5,3.6196625296683713,7.939774594909883,0.3534487040223837,0.45275791017174416,medium
15,5,3.9149467684070416,0.344139740349262,0.6619749821474953,0.6551007314938373,high
14,6,9.564551571300793,1.5444070155849614,0.5072981536734531,0.6211635839641242,high
13,5,16.062488234145135,1.152673393403166,0.5932985242525207,0.6059752155611497,high
8,5,13.61786292562841,5.054486439762126,0.5260571232864557,0.49151484839221027,medium
13,7,15.389798838537198,1.4531272112247127,0.5153441169411811,0.628381308646738,high
9,7,5.2489754887799664,1.2160205398082848,0.6529480086466402,0.5974827981306061,medium
14,2,5.255299206500668,1.9452544554917506,0.5419728945676275,0.5454262158769139,medium
12,6,5.2107998851957165,0.021359508603851746,0.7820130899434674,0.6562602212646678,high
12,7,9.274368480220394,1.6099816806557181,0.4226127103669417,0.5937893308690169,medium
12,6,1.9130032716553649,1.809959736837695,0.612485898927554,0.6104307815399261,high
10,6,6.1640982009084535,3.128673383160415,0.7680524982861505,0.6027526771028273,high
11,11,10.52849008237092,2.056714902828384,0.5625970301162969,0.6838079733377368,high
12,7,11.083657261877862,2.499267330059926,0.5819670419015464,0.6197316261799097,high
16,5,6.032522032269053,0.20136916780646863,0.5847730334042797,0.6556121455621462,high
8,8,5.160906379188701,2.088353725724505,0.7736176088041646,0.6208011635893362,high
21,7,4.337444066447603,1.8290460891459535,0.7508656939197416,0.777979498189642,high
7,4,6.936603108067183,2.238581322376715,0.44385766875828914,0.4588476582691464,medium
9,7,7.051889704390241,2.6304618667559514,0.3593249766143164,0.5293285828778236,medium
9,6,4.828414018272404,1.16138324223664,0.5463000456185888,0.5565174541754735,medium
8,6,6.409408715330892,4.448365779172119,0.536017111790098,0.5175476504968721,medium
14,6,3.452991817951047,0.7089575082752192,0.5841497946314865,0.6421035755377958,high
17,11,4.500036330854614,1.3678814440608962,0.8852860953512076,0.8429380094431689,high
8,7,16.13390017364078,2.7394900201660723,0.7158645976162987,0.5849096527221526,medium
12,1,3.4596423604831887,0.2895176615440078,0.6366549666514073,0.5254008755866548,medium
15,7,7.805910158803972,0.6206734790337686,0.6632199883505522,0.693506174476552,high
9,11,3.646485005994318,5.667999866786615,0.615124756841066,0.6402382855896358,high
12,10,5.858478459257544,2.4452988393049195,0.5948058888320178,0.6826591855043708,high
13,9,6.2707179012768535,0.3362681997733332,0.5975956620197165,0.6922773444054544,high
12,5,11.123375020104499,1.0862995888827598,0.6108371736472508,0.5949254374702317,medium
9,6,10.538466300816175,1.1865115768180132,0.7296475302505068,0.5930194288713146,medium
8,5,5.672294257491883,2.173667317074557,0.44705004512289737,0.49491889357741575,medium
12,6,4.999098858499245,1.1158674881724961,0.6684773736129698,0.6262563581347773,high
11,9,14.327286947005096,0.2906960528557724,0.7028535570678672,0.6836327377278684,high
17,6,14.730749673672545,0.473478496642072,0.7827863417934227,0.7284007450477374,high
17,4,3.155477929903049,0.14573110003426235,0.5475212440845012,0.6435327081500052,high
16,8,4.60520108211077,0.9631234363607014,0.842631344411919,0.7621054459733125,high
10,7,7.057238629692391,1.3782822071929541,0.3751925382648745,0.5558499596050218,medium
11,6,4.477427321180311,0.9348324821487759,0.405224648942607,0.5598127132408629,medium
8,3,11.924677801736095,3.6209873371992614,0.6930055836244573,0.49446120114356307,medium
7,7,5.561538086925894,0.5256502794380842,0.666163506999897,0.5747283662037256,medium
12,6,7.540543174315996,0.8718444720470012,0.7087953791257934,0.6359467793448453,high
9,10,6.8521515646261415,1.973515849746414,0.6164455746718723,0.6451323426027317,high
13,4,4.0249816321312455,2.1220745704384267,0.392403228723664,0.53933348194181,medium
14,7,6.411485917483763,2.6314082865594774,0.6862152047194803,0.6697003190334996,high
10,8,9.371245682818008,0.205845242165579,0.5849575446523948,0.6256192073160418,high
12,2,6.5148610378405,0.6303859733647561,0.7177958781362482,0.5593566024714846,medium
10,8,3.5556187017906073,0.06862623528619873,0.7049730072086586,0.6505370932064903,high
21,8,4.86947731977194,0.9335990081352337,0.650089693583701,0.7837939453291719,high
13,6,1.9207940103784964,1.7020515014657243,0.8208413250853971,0.6678212550073079,high
14,6,13.796398252009585,2.2058699585522117,0.5458810864052804,0.6244704175573746,high
16,6,3.964187063094945,1.4428990906537296,0.48965305856357355,0.6483112844416898,high
21,9,6.783231378618087,0.9763696970111967,0.4559087634337141,0.7646726213733348,high
13,8,3.9648977068864846,0.892470063430742,0.7073917134547008,0.6905285422680686,high
17,4,1.7685454768417233,2.6491694622860478,0.6163697374257316,0.6406128177365726,high
9,10,5.908008698553365,1.367435355659785,0.6302078598143758,0.6519253362584765,high
18,4,10.948860979743518,7.914474898707734,0.3941555598401128,0.5760679459766378,medium
12,3,5.212633292805155,0.07100611710299133,0.5183647333842898,0.543199572562838,medium
15,3,3.727414918446197,3.080524274189421,0.6919340958160677,0.6028499906686173,high
4,7,2.274721509856898,0.8698743022194813,0.5841380764986903,0.5110284532849415,medium
13,12,5.776472553718876,0.6694540547773248,0.7329732772640785,0.7771316284209668,high
15,5,2.9636648930327927,4.73665128906899,0.6578820790671253,0.6249987405529651,high
10,4,2.9573698455630724,1.3999090453118297,0.5572840549391395,0.5321240840190824,medium
10,4,1.1611272038918528,0.2247083290865884,0.9291271131232135,0.6143273670973988,high
10,4,4.525234768943138,3.577518470629908,0.8207043619982705,0.5702907492621214,medium
11,5,8.955410951518818,2.4734722548168238,0.8970724009051511,0.6279246651489181,high
16,5,12.463749869307089,0.18047301461030935,0.5463632918069611,0.6480695049306567,high
14,8,3.5910579618145313,5.5714519024720754,0.7179052524943609,0.676438037815725,high
13,7,1.975874881993997,3.9716257039617937,0.7148895478162101,0.6515004048701634,high
13,12,7.773299477808416,0.47958341057723314,0.6869997466277704,0.7692027265883726,high
10,6,5.889169270670413,0.7066091732233926,0.7732366405410325,0.6199366002867173,high
8,6,8.09061414362456,2.97995682703984,0.6914891438245222,0.5584314499179722,medium
15,4,2.90965102339538,0.08322932528783561,0.4717474002726899,0.5987946178859525,medium
14,6,3.764298032982504,1.1303949442261811,0.7670185857290313,0.675867750850965,high
7,3,3.405241583685929,0.3202542677320523,0.40000169973319566,0.4428653114950921,medium
15,5,6.065098322732148,0.8131055295501135,0.5285539711209443,0.6252900906938548,high
13,8,3.544778531124228,1.856497184911279,0.8744683827089682,0.7175170286423851,high
14,8,3.025495592940905,0.8499948667516827,0.6705412155887496,0.6984416106727387,high
7,6,5.377098583137109,2.5379172087266264,0.4234801723351229,0.49277658640884703,medium
7,7,8.033141536573895,0.22748370208106725,0.6845999608244384,0.5804034341510139,medium
11,5,5.052994959200065,2.666031489350753,0.5384966491368867,0.554925786565039,medium
11,6,8.36277401415678,0.4894169418497879,0.543513414194854,0.5904399032266389,medium
12,5,20.288858041955223,0.1060573626512917,0.7404479266779724,0.6273825362512525,high
10,3,0.9818604857414123,3.130040550210116,0.7939391081175444,0.5479208846221082,medium
9,7,6.589795840673383,1.8133819331867207,0.42864140439085563,0.5486390679902597,medium
18,4,4.68632876416998,1.2613087518505584,0.35031342490251477,0.611653959968166,high
9,8,6.264279246258292,1.7562714557367198,0.5325590767022774,0.5898033389688774,medium
16,5,8.024698572170024,0.8651287438787735,0.761543863370508,0.6865412477149098,high
12,4,2.4191943940907294,0.2069540297819265,0.6420802581611572,0.5870363581003519,medium
19,2,3.9787484761858356,4.033762248212004,0.6910967589430359,0.6363276034671939,high
10,3,9.042543389894865,4.378440727773076,0.6176071711039752,0.5043318293689746,medium
12,6,3.6389602920782065,0.44275198059168314,0.46328239395123866,0.5897047989196365,medium
13,3,5.5732681844992245,0.5733578022139344,0.609718513725992,0.5731213173971055,medium
6,7,4.92839108210317,0.14887786092371644,0.8547487076659275,0.5999572224603608,medium
12,3,2.1358811925846557,1.6159278173388538,0.8520913428903498,0.5996454164624776,medium
18,8,1.3377453299447515,1.7901272928114829,0.3347282976135092,0.6850114775706253,high
13,5,7.143138033487393,0.3462434971686438,0.5907874593957312,0.6108492018980219,high
14,5,5.297733683501486,1.4836261459030946,0.42578755907738897,0.5852666708427906,medium
10,4,2.6922904715788705,0.7719277055578587,0.5731147465499324,0.5394767646062675,medium
13,7,6.389234752017364,3.154286701289285,0.7188623652598394,0.6577438950433727,high
11,3,5.946059290205135,1.193576462441764,0.7401733618162156,0.5650774959469647,medium
5,7,3.768886640841674,1.5063067675758512,0.7773382231810502,0.5604255995190377,medium
9,4,3.789409414602052,3.12664210257232,0.47981416278562167,0.4901185518733089,medium
14,5,6.270427713565221,0.9614604683481449,0.9113189550896216,0.68585405456227,high
10,11,5.760233238202449,4.274530518077294,0.39977224096283687,0.621457578072052,high
15,11,12.51234352595875,2.1135911243108407,0.6005841556174392,0.7510262236280821,high
21,5,3.866508397924366,4.939153733687729,0.6681241253234685,0.7006971335067755,high
10,5,7.816294805668364,1.2663587361335598,0.6813522767781768,0.5778280637814117,medium
13,5,4.067375176720425,1.245326528225406,0.6326777381485641,0.6132333707748768,high
15,4,4.986797105987295,0.1616411019576701,0.5339164386463925,0.6107056803828941,high
10,9,23.974037522224037,2.5111736964296796,0.5078803910939544,0.614834920242593,high
13,3,3.4560744091250095,6.706586795436306,0.6577846427432702,0.5418463499124121,medium
18,5,1.8489857611694305,2.0661664172124654,0.4567514998530413,0.6475758571891919,high
9,7,4.11258999622989,4.1991917552256135,0.7643861922389213,0.5998826267462802,medium
12,10,2.2233434479094782,3.6839080836875873,0.5670771694658165,0.6688560466685795,high
12,4,2.5268056943712223,1.2702610463508515,0.6995521241992937,0.5914420178641864,medium
12,7,2.2744598555975823,0.3276546381963612,0.56228597634448,0.6302728310142536,high
13,5,5.322478822651794,0.1952304624692237,0.7929854731662402,0.6522955582167866,high
17,6,5.395051622102813,0.022381693698541965,0.7113479300475508,0.7171203747181867,high
8,8,2.8881581960247082,0.15752952855509392,0.7379898911820801,0.6265477813793822,high
18,7,5.217797514658873,0.9015853499754927,0.5864923377826482,0.7212878985566931,high
12,4,4.366891336966326,1.1571535587557664,0.6697178760192241,0.586229218145473,medium
9,7,3.6998667438049737,2.266399432992812,0.6976835882995351,0.5994273881066217,medium
15,7,4.69994661377136,7.149364380130085,0.8190970207215577,0.6811569749434443,high
11,9,4.012795340635553,3.69343593842615,0.5620549308995685,0.6327880799237394,high
7,1,4.195170485533184,3.0990691533735673,0.46448986390765384,0.3972375117590403,medium
14,2,5.437789607684625,1.338128348746865,0.6097683688742823,0.563032818116544,medium
13,4,5.743527769308473,0.04481652636085071,0.7270424682236931,0.620109716802333,high
6,5,5.830545839910596,3.3432982019496644,0.7388392253091919,0.5154791903821739,medium
11,2,11.74785970293513,0.2631112616776117,0.5741969443478075,0.5180853137917107,medium
12,8,9.832400765472869,0.5400535501201921,0.5774071375238249,0.6518810705039637,high
10,6,1.4342647535547217,2.643372708934435,0.4579502629308544,0.5439675678599414,medium
17,9,4.648374366445924,4.812089867743584,0.6920437992117555,0.7413281607240606,high
12,7,2.83785336728263,1.1843892099402842,0.336858936591185,0.5794758592519684,medium
12,8,8.11815279682731,1.7984355041751974,0.6315797123066835,0.654326372433502,high
14,13,1.0492151255188573,0.28767801725439823,0.41409071540527814,0.750900289632693,high
19,4,1.4695010692092279,0.8794192790472094,0.6163506218949469,0.6824073291853413,high
9,10,1.2252541077309365,1.0346583845600186,0.5767546595726422,0.643453209350795,high
9,8,7.09362274731159,0.5306505580442117,0.7024444254324086,0.6319512146995203,high
7,4,5.496541152872369,1.964116379785679,0.6158426289028613,0.49507441658200113,medium
7,6,8.78626019554447,2.1927685800090626,0.5738868342506186,0.5251589096500633,medium
12,4,6.3435854766155915,1.0251033107921748,0.6439777978195649,0.5819615374919651,medium
17,6,6.28704680807066,0.8769804486106086,0.5034923069123344,0.6698519250583961,high
9,8,0.9003671607340544,0.6959604365954686,0.320573092790211,0.5544748823140725,medium
8,3,10.341003356107752,1.0682937826986083,0.58782498997042,0.49044303944275996,medium
12,7,7.524061855074664,1.2440096799810134,0.6454455012189546,0.6407957023772508,high
12,9,7.6608477566452295,0.2161799490346142,0.9285087903374997,0.7442605584072692,high
11,7,7.785237096981007,0.5458619893658282,0.48125266917537957,0.5976114539059705,medium
14,8,3.683471377060839,3.2737242417312618,0.5113313454748145,0.6504414408167545,high
15,5,6.051765574549305,1.9301042282827863,0.5109997060278912,0.614332579683693,high
17,4,13.966764119224715,1.518096310285192,0.45696605401932017,0.6162725687352961,high
11,4,17.61888056798378,2.6519077630668955,0.559080870242835,0.5391367889614543,medium
8,6,4.362751290714693,1.7770689543205034,0.5187778606762069,0.5319084457731047,medium
15,6,4.184983387856635,8.511626860235713,0.6115430788770871,0.6105644367071793,high
4,7,4.2649480575477545,2.2031843752269618,0.3886461918372365,0.4630413425326009,medium
6,5,6.4634473339694765,2.616250984626288,0.633245950991329,0.49920751696742394,medium
9,4,3.818297113078307,5.118082467457489,0.5665991495220528,0.4941992801213607,medium
9,4,13.540486630152397,1.9767427980424994,0.5919626846870618,0.5202142516171291,medium
12,9,5.14501977202541,0.9267397670869053,0.9339893508253376,0.7406196050511549,high
14,7,4.102590528169989,0.2835562014486576,0.6818144414774601,0.6844725136191676,high
16,4,6.6583187012870475,2.06380756027748,0.5412044566258133,0.6144821742566462,high
15,4,7.622601174490549,2.0312879943009436,0.5582544816393056,0.6031089763658548,high
9,5,10.722983782035033,1.4887186816551066,0.6474299973591642,0.5545612082607988,medium
13,4,2.226518697273149,1.1098931751513843,0.8771168234725573,0.6430240768601689,high
13,12,3.19550862544447,1.638343993261236,0.4475251494235302,0.7135827365962979,high
13,9,10.329177975408397,0.35797748664863993,0.6148342526138841,0.6955803339451192,high
9,3,4.543303111393126,2.745393336710592,0.6751405458669889,0.5117254869286605,medium
10,7,4.986409505866497,0.9046782259863088,0.4673526339858267,0.5774393386239233,medium
11,3,8.001395260916773,0.14092636528792632,0.6563905978943697,0.5553386104769544,medium
14,5,2.671960871604635,2.4821453495535635,0.5824862986092809,0.6099496240581658,high
9,4,1.3159439594074613,2.4520982937233935,0.6924760759884349,0.537147893239531,medium
9,6,3.104451693091738,1.410796971649614,0.6330533413091237,0.572205355117494,medium
12,3,6.324024429318567,3.305776995869176,0.8161333751785375,0.581188161729913,medium
10,2,6.083909713470582,0.05532241131673502,0.6440983794016555,0.5184508598048863,medium
15,5,2.842717795677932,0.08802572977794157,0.8458021856637257,0.6935735989342255,high
15,6,7.588906953632943,0.7549261419930714,0.6198682479750546,0.6639408086483903,high
14,5,6.97788062473849,0.0332212003892002,0.7368229496972709,0.6571431152701929,high
10,9,3.8763657614936378,6.0300639495307635,0.7105385630476236,0.6319072862793196,high
13,5,6.5633833071255445,0.9177083454851304,0.7413374257121695,0.6371494295058664,high
12,5,5.52829310940138,1.8975033405244073,0.3659686611509822,0.5405437099600338,medium
13,5,3.410986921547489,2.6265994203646144,0.30545397165867727,0.5385801315293047,medium
13,2,9.045302393752772,0.3090276600373733,0.6877450465478501,0.5704888249093208,medium
12,6,4.812561600446648,0.39917552258278094,0.7359820642604985,0.6445352427015478,high
6,3,4.374447598567505,0.6445465190408172,0.3966527553175296,0.4250335742699005,medium
5,5,5.569757135939398,0.35055810143396154,0.7056636918155864,0.5137956843535576,medium
11,4,8.052160322483171,3.2822351171953263,0.41607583655614333,0.5063335998632599,medium
10,9,5.773405320956437,1.266191406046172,0.6307245856423674,0.6477036410881657,high
7,5,5.94701760126086,5.889513693128679,0.4760632037368577,0.46094921612651374,medium
15,6,5.7592104651336244,1.8380663735615481,0.7734541548433609,0.6874370551449286,high
12,3,13.173191491143955,0.3663753543211308,0.756907891102273,0.5889390758583137,medium
10,5,2.779531728232052,3.587354176403337,0.4975170469549978,0.525587714881644,medium
12,7,7.780238896204153,0.7324032263473076,0.7686023567512431,0.6688377831746,high
11,2,6.74718148388492,1.2286728798918363,0.9212516994049132,0.5810591873483704,medium
9,4,4.712602867563234,1.2194213270882162,0.7456856222570472,0.556007648937488,medium
9,15,7.445229819312512,1.564766527778159,0.6407037222405628,0.7527089675962582,high
14,5,1.8181775636772377,2.9682649341888565,0.6015615908252742,0.6105238852704624,high
14,4,1.9246271341836814,0.4490663256258735,0.4879295122004698,0.5845921269359216,medium
9,9,2.6644123769779373,4.794454777231179,0.8306235525140806,0.6491616786546083,high
18,2,3.3232041464122433,1.478987251592274,0.6946735943795934,0.6390748038653036,high
7,3,7.024521834769402,0.40035991030572543,0.6993995107990225,0.5022108360910997,medium
11,8,7.399814193138862,0.43821395253106515,0.5662307389352793,0.6353247214368488,high
9,6,9.593611374313998,1.4070036720507286,0.6511535294407775,0.5758506814078174,medium
11,10,11.007588239180025,5.566716463938397,0.8008547699523825,0.6880595108975539,high
17,3,3.233796020481233,5.885748460490718,0.7582358851881649,0.6274088539676949,high
17,4,5.393794230643938,2.387067954544589,0.49062481436995925,0.6172111765103613,high
15,8,3.1811678023656036,1.6265550729521965,0.4410472104988006,0.6623657416134121,high
12,9,5.641371054253338,0.43358555605147203,0.31304448024134,0.6197183256745915,high
10,4,12.76735090263251,1.511935455216866,0.6770991317029253,0.5553402566391392,medium
10,5,8.343177745680048,1.736747990689855,0.4954001145184842,0.5375017029657645,medium
7,8,2.93765038684289,0.9523274547227202,0.6639773925265304,0.5914466288071547,medium
20,6,8.684961489187158,0.6217336088370001,0.7350127435256232,0.7628576579795446,high
9,5,6.175650827840983,4.412864564244094,0.6142910839462451,0.5284391196942884,medium
16,9,1.4200481107955385,1.5249097674472185,0.5942003556073836,0.728674006005162,high
14,5,9.141315885622696,0.1353215954320707,0.6167861530468074,0.6324550866398144,high
18,9,16.066243197599942,1.3619203186703048,0.3870461531241307,0.7183297618336908,high
11,5,5.21688509504336,1.6652605153188804,0.5152840486023017,0.5569550729516679,medium
11,7,6.50969128953208,0.027627808066165833,0.5643441726328959,0.6176846491394714,high
12,5,11.713837527117713,1.6266712908348884,0.583915948975402,0.5859387145228478,medium
15,6,5.789788494776323,0.8993202835219684,0.20448853226161273,0.5799022378955094,medium
12,8,3.6142928629785698,3.0549383744551863,0.4510232122023392,0.6098383866107666,high
11,1,4.599015105972569,1.5169439380151737,0.45420619248034055,0.4657282789093003,medium
11,3,5.6829915219041895,0.13987746517155564,0.5160442114982003,0.527276325865163,medium
4,7,3.903430294311132,0.5280409645586129,0.48793376107393555,0.49406647911772966,medium
11,8,9.555259947606922,4.607746231072778,0.6382324768679877,0.6219281871664457,high
19,6,2.546749739980533,6.002312676468067,0.454164304963433,0.6558174431495661,high
11,5,6.894115458977565,1.775364945442654,0.8877077562740271,0.6307057849518545,high
15,6,6.045171113902441,0.7106742946629394,0.4046837772371807,0.6211989268163499,high
15,4,5.464699801961135,3.711265860780297,0.7924956364524973,0.6387573548852975,high
12,6,4.049804575426581,2.092445269704063,0.4075054074735525,0.5675514463633501,medium
9,3,10.29347307500989,5.781679155470711,0.7143302672239786,0.49932152574165767,medium
19,7,0.9526088045832407,0.8275006607348677,0.39702464459196235,0.6988882578468266,high
9,5,6.934158541110371,3.3241593225392165,0.6688427743093838,0.5466074927116154,medium
7,7,5.043225025466875,3.3799620700067323,0.43394388480652607,0.5092556964945937,medium
11,7,12.880381563791616,4.145668859623637,0.7550630337356514,0.6283748143496394,high
12,6,6.0169294928632215,0.3393828982308123,0.5279778449036565,0.6033330163258592,high
13,8,3.510332843789035,3.42852032100264,0.5946236953031869,0.6510679369206198,high
12,4,2.5803638207415105,0.6232136857149569,0.2540586515963703,0.5066569724145077,medium
8,6,4.205763797656304,0.6892514069399956,0.5347931495613727,0.5423636205326746,medium
16,4,4.875402709160795,0.767602756213943,0.43552731033899844,0.6019881103597068,high
11,9,8.402355621979655,0.036949285918487916,0.4159089615774129,0.6279354637426927,high
9,5,3.9680549204184983,0.872000811410913,0.5286720540637398,0.5349210720700086,medium
15,5,10.186321158225903,2.239459323311133,0.6031812573536771,0.6307065226486611,high
11,8,8.26427351656157,1.8416008057395978,0.7372332991201896,0.6601693211191073,high
15,2,7.719286135008193,4.536092892412744,0.5634668589627295,0.5474527525097943,medium
10,3,5.420171794302246,2.8750335017487787,0.48248523398583465,0.4873301567855084,medium
14,5,5.481292078478373,0.5792382646862984,0.569533897343686,0.6200451910374952,high
8,6,9.010738965335356,0.6930934241987374,0.7836831299412838,0.5921160031602652,medium
7,8,5.209772097021565,3.827519962083829,0.35869226021504674,0.5112216522957839,medium
10,4,3.2835845025428494,0.5843848083666081,0.5243502628832399,0.5309741538542039,medium
13,4,19.06051442559355,1.2416996320261893,0.758443593862837,0.6184107212257262,high
12,8,2.1262865020111814,1.5079583307012687,0.8665314861629311,0.7032532416945778,high
13,4,9.745129717754315,0.22878775262156095,0.5457686680684525,0.5826284819295467,medium
11,7,16.338078282025737,3.6007865560532486,0.5601294218417745,0.5930206406613332,medium
14,6,11.791128778135679,0.7429022560605634,0.5849219022918855,0.6420316987513067,high
16,5,3.2501896368466014,3.5994176312375266,0.7128446406118155,0.6585728105807795,high
15,3,6.82666294883575,1.8272726757117097,0.38780142264550627,0.5503784666910232,medium
16,10,5.908664880864181,2.7799500148724907,0.8103392791565902,0.783534855732168,high
16,6,13.874353269345571,1.41776489798628,0.6241708700985946,0.6753824080331438,high
11,6,7.8603553810278495,3.119224159328455,0.47586934911030426,0.5593790420932045,medium
13,6,5.091606974837551,2.0168207741893536,0.9382255155534684,0.6891996312827647,high
12,6,1.7207566225777078,0.3739713329872507,0.3664222663787544,0.5707913110558358,medium
10,9,1.0899485960201925,3.3548412892727875,0.697458388115064,0.6471260690278609,high
12,5,9.955823397956493,2.3978154978743276,0.5577379940202041,0.5755621621515453,medium
11,4,8.884253033135296,1.8044859233453372,0.6636905549810769,0.5657082048405798,medium
9,7,6.896521726861629,6.230738643357455,0.8435599633935423,0.6021737350563255,high
15,5,10.666214526887996,0.5362249436527604,0.6445469004451956,0.650334547131354,high
15,7,8.412052428425257,0.9632095728430867,0.8022239740024592,0.7190233976482046,high
11,7,4.268113391161513,0.63389589366772,0.7201258330278067,0.64479919398111,high
14,5,2.870808266211654,5.122180116883458,0.46932811972156196,0.5697177564984227,medium
20,0,4.289809430227782,0.4611798812985392,0.710329950964822,0.6389914576509741,high
12,7,10.49435088852648,1.0898143170853878,0.809037367928424,0.6745420448051155,high
14,4,1.7171530185636605,2.332093830833759,0.5392808130148452,0.5823088703974106,medium
6,9,7.394680975257032,1.9500931361736333,0.7749201501840198,0.6119834091289797,high
15,6,5.308761579399952,1.7253856578845141,0.4639075208715155,0.6262789331217397,high
11,7,4.86385700599765,2.8850600937365902,0.7051246936679346,0.626791204775343,high
15,9,5.1221326987911056,1.0764909343457927,0.3293611269731303,0.663695619165654,high
15,4,9.041200965834246,0.29361351675750225,0.510128792647964,0.6050683350845428,high
14,13,7.766832987820057,0.2907619438776968,0.7444064355934946,0.8169428741595143,high
18,6,15.342780180101215,1.2225994309978836,0.38587938580189507,0.6590252142870598,high
8,9,2.582001124947706,2.651821948006194,0.6438008866136153,0.6110813643360151,high
15,8,2.555451783327335,1.5686467964601447,0.5503602894050398,0.6846144125712736,high
6,5,11.133792899273036,0.06878320384936722,0.5762431043937496,0.5047900661864209,medium
14,8,4.963351589058423,0.040104766906699334,0.5492513868282821,0.6795829122529451,high
8,4,1.4285096640579198,0.7422768894432427,0.40036082706273385,0.47512365281625857,medium
13,5,2.8968687486542306,4.2797709185164665,0.485786519418489,0.5636254977602547,medium
6,2,5.778375206381324,1.4712004220366717,0.6909859676990282,0.45838919072622786,medium
19,3,6.934606262523028,0.13033513116326453,0.6630542476115107,0.6767419486478804,high
12,7,1.4132460271950031,0.48718671130088176,0.7483746710605239,0.6664270228034321,high
12,8,5.111563246961127,0.21201339167127325,0.47111745560393287,0.6328100685096447,high
17,1,10.430800857490285,1.5573590914072808,0.6949398410940626,0.6036055742760974,high
8,4,8.547721743683917,3.537021161331503,0.5355841589021036,0.4835366907048774,medium
11,10,5.423061617430401,0.5559125130556384,0.7142439871004085,0.7041427139997108,high
9,4,6.2458773612537986,0.20560519134041522,0.7994278460345055,0.5735148679312984,medium
11,13,0.8299584398704825,0.2336227079881874,0.5250247537880043,0.7284474660376796,high
17,5,1.3210532308848473,1.003058404382913,0.4011164197381299,0.6285362279184066,high
14,6,10.99076992762887,0.40579770782884117,0.7609861591410999,0.6794919137760277,high
12,14,8.186997015781357,1.7588410380406219,0.7455671286981006,0.7973878188193494,high
14,3,4.230298075049547,0.5126072943955834,0.4922747509349779,0.5650375682243584,medium
10,5,10.795061033327679,0.8175412357638581,0.6606938577853732,0.5766884966519823,medium
11,5,4.0597051509674085,2.059542817352321,0.5186781306503042,0.5550053406810453,medium
15,9,13.826614105114228,5.132106244679639,0.4667254104321062,0.6641310404552236,high
13,7,10.533615954062672,3.693641638198172,0.45482723132687747,0.6013411686773876,high
11,10,3.1828546564279527,1.1535576705294834,0.38058863484131994,0.6334273424980674,high
16,10,3.269771031450701,1.3654906540373555,0.7309892489671349,0.7770945787665112,high
8,7,2.770071060359131,1.1487839429943538,0.7575436075828677,0.6038501618966112,high
16,7,5.541588718270971,4.08093646888036,0.7075329412503292,0.6943003451241969,high
6,3,6.545706714253461,2.392535079266697,0.7572325746866658,0.4854962810755552,medium
13,5,4.485632415708464,1.8820562687090627,0.4050295178080126,0.5634588617702088,medium
13,4,3.1838935467151863,0.27834720343446173,0.47596786896636084,0.5683379257703758,medium
10,6,5.847478341451294,4.537607050857684,0.41405996417452823,0.5225612791625212,medium
13,5,3.5366428519160515,1.3696447640980798,0.3617678589060885,0.5582226066872304,medium
10,11,4.13579178444762,0.33506933514622766,0.5716724037823486,0.6821006851888283,high
13,2,4.1652670778535,0.9393819750949955,0.5810790870878465,0.544953270916936,medium
13,9,0.22931337735847349,2.342894617801214,0.7024111313043987,0.6998629288088716,high
7,12,2.815591877868251,0.28359024790490245,0.8857049390561156,0.7202503861585238,high
12,7,12.889630187511322,0.14545940460116763,0.8222206374122666,0.6834743981184455,high
14,9,9.988671366527793,1.1930005988539907,0.8106883184902649,0.7441843263723598,high
8,4,4.788257010323231,0.2437877756648991,0.9117937416438742,0.5807334964910089,medium
16,7,4.8209250198331794,0.34106382007130664,0.5163378996717088,0.6809938211338664,high
12,6,5.978821938874939,2.30405257825968,0.7001487839892963,0.6246694062761281,high
12,8,5.279138759726007,6.812801802603099,0.47664528491422953,0.5899103782988252,medium
10,6,10.191471553726732,0.344710893923386,0.6473326045149196,0.597168448276828,medium
6,3,7.828979601406226,1.33916505808969,0.7043815421264248,0.4819485413713537,medium
13,10,12.146728525719983,1.3204982860984886,0.9104370557999236,0.7682840892526616,high
10,8,5.3053244818567205,4.272602740142962,0.684948426853893,0.6185056671031588,high
13,3,15.414005865525457,4.19359425640136,0.5762368822637697,0.5422900814100783,medium
12,11,1.9548041764099033,9.233401281747701,0.56706954216419,0.6518578998878534,high
7,6,4.236654804165143,12.247326016636672,0.6563271448418054,0.47461658885744995,medium
8,10,4.199342527145598,0.17564393701392836,0.4528069222948381,0.6093904248788747,high
13,7,8.737339942355796,0.7865318110632474,0.5367777513877092,0.6371120048704535,high
16,4,10.178696281343482,3.112897669802418,0.510466405917331,0.6013406300514501,high
13,4,7.950834761704514,1.570343717809174,0.45521849964264155,0.5555747418098005,medium
10,9,5.6733238773725105,0.9437325779744088,0.8197112109162965,0.68765069166343,high
12,11,8.220063332409428,1.039547082820174,0.7428964913113846,0.741648984376809,high
15,11,3.1152316046157615,2.0355125044823628,0.7877102629705283,0.78897196923089,high
12,6,7.199347971459482,5.277005768886615,0.8152641782350674,0.6278727971877693,high
19,13,8.11519333452781,0.683406117671779,0.5874567812017811,0.8579353154558776,high
13,7,2.102414490441954,0.31145795404607785,0.21772718812827688,0.5764690512653481,medium
17,11,7.1601574555826035,0.6548087009806627,0.5909369923791618,0.7888220071359613,high
9,4,7.269505474954656,6.803138685635512,0.8393130111442871,0.5375083443246207,medium
9,7,1.4732245107755448,0.3515475377672623,0.5457796301508728,0.5818122757783928,medium
20,7,5.731608787252835,0.9606769720697609,0.730495891652528,0.7796946651833738,high
12,6,14.947848971570235,0.028216752131176137,0.5949653308941047,0.6188049544979465,high
10,7,3.226539827518055,0.914285494037643,0.7561670244758079,0.635138168268244,high
14,5,6.996817116559203,0.2607533997328333,0.7705152129067209,0.6623646865831253,high
11,6,5.537791880915057,2.510881237477573,0.462011195031079,0.5606630307563654,medium
8,7,6.202934060321464,5.0541192774292965,0.7236325502500552,0.5710323815338157,medium
14,5,0.8750795496687869,3.2784470635234784,0.6910520389175034,0.6263540940266775,high
9,4,7.069619861212371,1.407710187681638,0.5489457315177259,0.515404411719001,medium
9,2,6.437774778513157,3.883334069780535,0.4516323641415649,0.4394375790297761,medium
8,3,7.669774874036102,3.2975425523646913,0.522518249064155,0.4625200327970664,medium
17,8,9.04983999461286,2.647554716477555,0.7879004503970933,0.7549297253029017,high
10,5,3.7606914879891935,1.6409699957677018,0.4125274414700888,0.521565688322233,medium
18,6,1.770877311462367,5.521360040444909,0.6393861357706604,0.6810681602178327,high
11,4,4.839212443443486,1.0312910897404002,0.5895917136057216,0.5560430687895417,medium
16,6,9.047740741099144,3.74786243667382,0.5538009083212676,0.645774432086428,high
8,7,3.4529529834611594,2.513563750084355,0.5859019169223055,0.5604232917172322,medium
13,4,11.98213091964649,1.4595989386038233,0.370884206491909,0.5394461817076897,medium
15,5,4.973203705094141,2.5439288063081813,0.5985217707367106,0.6277448287719543,high
12,6,1.4453606274587067,3.138035688781203,0.7368015583281906,0.6264400737404301,high
19,9,11.349279888638506,4.053126571207357,0.6847588586046094,0.7749309279128729,high
8,2,8.993246686432371,3.8922089456953914,0.6730297293796701,0.4686578862379648,medium
12,11,6.21031733886494,7.061089257351446,0.34589886825184996,0.6221058452680269,high
11,6,2.14707226514824,1.235877773249996,0.5538286164299755,0.5875265381309952,medium
12,3,0.635473577545125,0.6258856804945003,0.49198886839156847,0.534225202475017,medium
11,4,4.861336035436761,0.8977519451937274,0.7099335909728874,0.5810017052266193,medium
7,5,2.3778149610153747,1.1605908506617906,0.6021626148352918,0.5176952506293131,medium
11,12,1.7156666562771874,4.1098563657739975,0.48297592115661736,0.6741961417928303,high
13,3,4.930325809089006,3.1841021115864607,0.7893088371383944,0.5916344200171024,medium
8,5,2.283326411183931,0.2068036337479754,0.45806460793336845,0.5102342306950205,medium
12,4,10.153488725890426,1.7340865408348252,0.4225944282100508,0.5329583087031113,medium
17,3,3.4870804338428063,2.0337053067882773,0.6038077335384721,0.6222035113291059,high
6,5,6.804434211632479,6.29017647788103,0.43786487428602616,0.435638465004665,medium
12,9,4.050512901000895,0.43973576891308574,0.5891930722561002,0.6749070426584661,high
12,6,6.347616243748126,0.47349299682708923,0.4960162222708021,0.5960466244753132,medium
7,2,3.0896057838943443,0.27354895154417885,0.6125153230113342,0.46567940492530563,medium
19,5,10.129697978045689,3.956274873943942,0.6196435269088438,0.6825535395554758,high
12,5,6.922383796078614,1.1927014026179914,0.6650021719793905,0.6050490917117581,high
13,6,1.4864086190222452,0.7122819799488834,0.5302632366106862,0.6163041007891448,high
5,8,5.62433928068337,1.7342526520381822,0.3689401200211113,0.497226339657301,medium
18,8,6.524906194983261,2.142524117231167,0.6480723636471603,0.7453309786145577,high
9,8,2.0536001321969692,0.3548314419029974,0.6477540033008077,0.6221852577141416,high
12,5,3.7705570753085262,0.2504901679497316,0.573096151664561,0.592949295879914,medium
11,5,4.57041765526945,1.5922504791084382,0.5914645369206162,0.572677904190067,medium
16,13,1.2983810060847762,0.4276246739404204,0.4496353363350285,0.787076236107403,high
13,8,3.9623817416954084,0.003778891209479077,0.568906295680753,0.6687560665280874,high
18,2,5.06923363962533,1.8398118566442312,0.6255178923594921,0.6228381660942702,high
13,8,10.545039489988614,1.8131693495427184,0.7768784056272765,0.6982878854618372,high
13,3,1.6843419932749186,1.1111262927539953,0.7786172886777886,0.6033159491171978,high
19,4,9.86541095642956,2.961228118201803,0.6020974368608252,0.665677966584153,high
19,6,5.635568720517256,0.7070693274346047,0.48515069512165304,0.6973163435081,high
10,4,10.437467474045206,1.8203308864450127,0.6820533904654698,0.5542751388501271,medium
14,6,2.167472627763682,3.8165993354027625,0.5863589463794576,0.6218277937065397,high
10,6,0.9767268058702225,4.884496554528628,0.6642160134298808,0.570279892322452,medium
17,5,8.511856705666716,3.4151307956901436,0.633978535188168,0.6590281683996994,high
16,3,4.082166818051686,3.193755309769893,0.3499921006141156,0.5487067180576904,medium
10,6,12.227299146787065,1.8701408622688007,0.4883440230359252,0.5552011988587264,medium
7,7,2.3985150408037867,2.23264783429912,0.7089647712582955,0.5719086353563316,medium
19,5,7.827911887052037,0.9306734028528876,0.6293618950447973,0.704667889656607,high
9,1,8.991556730584152,0.1455906012732006,0.6653129649732843,0.4870919889861689,medium
13,5,5.69433984163667,1.543303946426314,0.531068188058106,0.5909249446354458,medium
11,7,8.639272259426802,2.941511378939151,0.7865427375984823,0.6426984716601021,high
11,5,3.3790077498312856,0.9812046084261016,0.7378456020795179,0.6060277563597296,high
12,4,4.137792588318851,0.011501934388240117,0.7520408421108443,0.6103314888595806,high
8,9,4.201525507263467,4.196492716894149,0.6001309599540986,0.5920495738781921,medium
8,6,5.208291952692582,0.27023842123863595,0.37770025866580065,0.5137384622582359,medium
10,4,4.089553534758926,2.522962982580537,0.6724044872174898,0.5476611442262944,medium
14,9,3.570539116695464,3.300332514334378,0.7070246076984089,0.7094027047774526,high
14,4,6.052736987598799,0.6497057180636792,0.687816687063523,0.6232319659589467,high
12,3,11.756824324114556,1.1755524708896137,0.5694702714211142,0.5460570378116254,medium
9,5,7.606412790204733,4.703533160545378,0.624604291328741,0.528563970528779,medium
16,3,7.327419607538471,2.0753301236129915,0.43405531013580595,0.5729755278697413,medium
11,7,6.331288843567884,1.9848807792373895,0.5499343854887756,0.6017543385695059,high
13,11,2.4183714664843525,1.849578476879541,0.8105515981190793,0.7647797964446189,high
9,6,5.261449862236721,2.911229813843245,0.6134467901869274,0.5582811592784305,medium
14,6,6.077547359958626,3.353578107142281,0.5841788961377943,0.6244785918466103,high
10,6,1.959301426528275,1.038099673074412,0.6121912959618557,0.5855175947052085,medium
17,2,2.018892652953893,0.15880816708095344,0.4485409770395611,0.5836494742940392,medium
10,5,10.202789277857114,1.8918544541843374,0.5089665016952403,0.5391809373111525,medium
8,3,7.7424207403317595,0.6212209641679458,0.5387899019360892,0.4836165072927649,medium
13,3,7.644152189096667,2.0109017287886606,0.7572378105249733,0.593041550579737,medium
10,7,7.303620367967897,0.3061681920832806,0.7719392176336823,0.6423467222461813,high
17,6,3.354439225938325,0.19015371839609696,0.6575744123104912,0.7052471910061242,high
17,7,5.284023490113229,1.6430231941592583,0.5081290011930514,0.6856723122775485,high
8,9,3.5253796583380135,3.093709765881564,0.3172090322116191,0.54281707466978,medium
19,6,11.704867637818937,1.1558390763716533,0.6410957684939814,0.7255135598563186,high
6,11,5.395940595700203,2.338674249292099,0.6000680061837647,0.6144224395748056,high
15,4,9.989372468422657,3.6940549854276075,0.4281839915946839,0.5660097650827527,medium
20,8,4.565304755049079,1.1446464259488018,0.4841470762594661,0.7491984390789012,high
12,5,2.4685821954445446,0.9069362731793075,0.3550677389765083,0.5449673059741063,medium
17,7,2.0174796971728286,0.3543083903126238,0.5864982231781724,0.7099375887002171,high
9,6,2.8718522910765607,0.3306529906868982,0.4870081803102962,0.5501972827908133,medium
15,6,4.852332211993591,0.017604399647243463,0.6094808432931779,0.6667788059943206,high
11,12,5.152033427094927,6.056583909292452,0.7121034975650521,0.7070434734510608,high
15,6,1.3292678974244228,0.027565294926764447,0.6888326168525005,0.682582754737655,high
7,4,7.0246318196903985,3.615219247017176,0.6252100315397633,0.48594054466117154,medium
8,4,3.1281820081228124,0.20539138094495163,0.48713720167249835,0.4960581644615334,medium
3,7,7.3425676772185255,1.2271883146250782,0.5436427964621502,0.48554730386159617,medium
7,4,6.829851684943758,1.8686179558714706,0.7266329101793849,0.5178691289967339,medium
20,2,9.706146435374212,1.1854689653139165,0.8325049055567828,0.6985978546759305,high
12,7,8.946562811078213,0.36052437464175163,0.8322757630467928,0.6840516567784135,high
12,6,4.78260929639816,1.7084968940722318,0.4727207663868878,0.5831541739835626,medium
9,5,3.6472022674726987,0.44720851177592214,0.4505522576003583,0.5221290614415656,medium
15,7,3.428508372778901,0.5153288824654503,0.7712708728314384,0.7158186486831847,high
11,3,8.76724708538959,1.6958725740749891,0.6768683788668535,0.5490678586128708,medium
11,8,2.7258769402470837,3.3391374134495786,0.7324423416146123,0.6492275522332587,high
11,7,4.590246826005927,2.2377027710837836,0.48430323767242395,0.5869426290605929,medium
14,6,6.715780804686654,0.7049877407910721,0.2296313839707468,0.5712263585222089,medium
16,6,6.7607626214266405,0.8081341378006935,0.7835265799556744,0.7113177550724636,high
16,7,5.735459434649393,0.7445093782547061,0.5906061712123407,0.6931578383874367,high
20,7,1.891652912622661,0.16528106841849713,0.45295400115044115,0.7294889264406316,high
15,5,2.8299339359526288,3.5665195684414854,0.7989594996293526,0.6610151028029272,high
13,4,6.054505220065125,0.0042156344018112425,0.3819022252629964,0.5513523408232539,medium
15,9,3.0451712058602576,0.5956717072342924,0.37002510128605653,0.675033875542316,high
9,12,5.391815888192546,0.19080488416576166,0.40323066484674136,0.6543741004082432,high
12,7,10.020805679973275,1.165343604555507,0.33810556575598916,0.5798521557874944,medium
19,6,2.75479329957495,3.122730128617241,0.8267732725792135,0.7495364536583945,high
9,8,6.688470812560196,1.4715011373532263,0.6586088802170289,0.616911768461051,high
11,6,8.611474851846978,2.7443395103698554,0.33322874778684164,0.5333501528215694,medium
8,4,3.1464983512812896,0.043734970148460915,0.6399971746531242,0.5277078684629685,medium
11,6,4.529831361365572,0.2753322495941136,0.4732125924548998,0.5778069701603525,medium
16,7,2.4747550819727264,3.5688325687147233,0.8004348018748102,0.7162947432501973,high
9,7,4.157328219241264,1.3635015612889094,0.37039319871016924,0.5399886293334412,medium
14,3,7.812234016558705,1.3760175651752968,0.6559798403976407,0.5920225176450262,medium
9,4,6.038744851439525,3.536155419244138,0.4509975053570446,0.4816251316097814,medium
17,11,3.4322494162064174,1.548089554803513,0.5004761710972524,0.7647746371874271,high
9,4,9.241949438979061,1.3957106999770452,0.609152623465923,0.5275257866933376,medium
12,7,8.75263857483267,0.2020797967869499,0.7156131598386251,0.6617754333224787,high
16,7,4.516568982487048,0.0679772749252512,0.6294175222090419,0.7054303226089734,high
14,9,3.556935274985273,0.7022604489716514,0.8014061651806649,0.7455994967096553,high
10,8,2.3471144034347065,0.13067871348451687,0.2652241417688661,0.5621736369305431,medium
17,5,2.5640345360059316,0.46787017236565026,0.7486986796929971,0.7016206014561618,high
16,7,3.801174336705439,0.9177865627879573,0.8016400263342257,0.7342094281815921,high
13,4,9.16621325030663,0.5675748468395719,0.7265943680276448,0.6165350412932652,high
8,4,0.5529963570946675,0.5340239317335292,0.6323296613706156,0.522905772729233,medium
11,2,2.598968698371204,0.3265304757160461,0.5631638449463459,0.5154558991511623,medium
13,12,14.319417953202626,3.441462866363335,0.36578727166801517,0.6852143685578475,high
8,8,7.82772543142135,7.710887176473876,0.6069537385400745,0.5499848331981891,medium
16,8,2.9853449373882346,1.0963257318628798,0.4581939562677546,0.6843299530411318,high
17,6,5.10177147932465,0.06083487801861475,0.7220320703292892,0.7190008482124004,high
12,3,8.353095762224356,3.957509167068211,0.7861303547638004,0.5708426765056387,medium
16,0,2.992822643941257,4.1042668091149315,0.8593979490056818,0.5845178110737035,medium
12,8,8.379041969207595,0.7697500405521488,0.659631137184341,0.6667945604998539,high
17,3,12.478616607966332,1.6374556810080023,0.645084624897674,0.6331005537728147,high
14,9,7.983999885757385,0.5958231377782655,0.7818241571176991,0.7423926771716848,high
10,5,3.6391566410891905,1.2261397732763857,0.8093433937844817,0.6036944136017205,high
14,8,7.536710499852501,1.5784665981677688,0.3981927810639992,0.639115445558348,high
12,7,8.944815173461986,1.3570647311251636,0.80370004651322,0.6716929110951428,high
13,3,8.667025833920537,2.5908778829166192,0.4605653768257463,0.5298405561457051,medium
12,5,5.64883664166862,2.3875771916948985,0.7876498730979614,0.6216127933416262,high
9,3,6.434388493384919,0.8527806121610507,0.32427757631587556,0.4541703111821015,medium
16,8,3.7372804468868432,1.5094473160059951,0.5426954599859343,0.6984761098904804,high
10,12,1.93805606352929,3.255390125419291,0.5874378862738516,0.6857849764186418,high
16,4,1.4261767434688144,3.184905107187039,0.6156918992610998,0.6219056791376397,high
10,4,7.757544406065418,1.475620925802676,0.4361938579278927,0.5074012987468941,medium
17,6,11.991554820100868,1.0279203202330889,0.684038431042992,0.7049548840737111,high
14,4,1.7197901269154374,0.6621723809417063,0.5549336825657359,0.5965722539735357,medium
14,6,12.339725843258584,0.3188049564514684,0.706379925295245,0.6691506186827059,high
9,3,4.315247129255195,1.3883004928987033,0.562886870338107,0.49832203744829673,medium
11,2,3.598301618148069,1.3139295804262308,0.905048887502934,0.577250246964412,medium
9,7,9.370431135597759,0.4422366966839674,0.36084971123122295,0.5442216976016848,medium
11,4,2.0777023008854814,2.228136052674386,0.40232902740296694,0.5106115651294307,medium
12,6,2.258583006495541,1.2050574765843896,0.36959934158073754,0.5658861518055849,medium
16,9,2.6928575516674993,0.27413155664935557,0.5497978805636216,0.7281320324017286,high
14,5,5.008063280402379,0.7844834934028578,0.5857593129240988,0.6219219726288008,high
13,6,11.142872636897678,6.8358100975154015,0.7799287885376809,0.6254136903907669,high
11,2,5.831996805368441,8.77369096484859,0.714342401798349,0.48937720726067924,medium
17,11,6.338234820162232,0.8632126266836011,0.6898886641723383,0.8072229819899103,high
9,7,4.433187816147846,2.16750166952437,0.6899404412156225,0.598538077112962,medium
11,4,8.578370306682961,7.985845643350894,0.5550867161679146,0.5027783722779103,medium
13,6,5.212901872111333,0.8560564962295174,0.4289465590429589,0.5950822685003949,medium
15,7,5.071306190009173,2.0266951098111594,0.29796187410031433,0.6110810740879884,high
12,4,4.928933537168567,3.1990349317672693,0.6852608965406826,0.5757252797630215,medium
13,4,3.0571050451518493,5.372186100539957,0.892331479077343,0.6176517218118689,high
10,8,9.876967757789341,0.8737046655642494,0.6716907410118503,0.6385134504319417,high
18,5,5.7013813804645475,0.10583309139204006,0.5616898667092107,0.6816324193992286,high
19,3,3.795291335755979,0.7398761346616263,0.45483066370790465,0.6310336251771701,high
19,7,2.5588261151462355,0.8477503110676334,0.6938027409264388,0.7581088794448367,high
12,4,4.41276741519695,3.3976118903275245,0.4960538884630009,0.5365600317570834,medium
11,10,4.048081813763903,3.446964240356138,0.6163264265637849,0.6652855237103827,high
9,7,3.888546261314261,0.11504761606216587,0.642248012788522,0.6026826184506233,high
17,6,19.708213712185604,1.1712135393078686,0.6932631778285799,0.7058445453036635,high
7,7,10.060159748272788,5.350004054505568,0.6600535232288764,0.5413440109490715,medium
9,6,9.487978382892676,1.5026628544452034,0.6245840645138356,0.5698990605397991,medium
8,8,6.728077655813921,8.31785392629692,0.6816165748211703,0.560870955455588,medium
10,8,6.871435647786307,4.757604982360561,0.5522020695364794,0.5887230473582254,medium
15,4,9.715456829929476,3.786746879448381,0.2148642026159052,0.5227278613268586,medium
14,6,5.104734827376883,0.0948364630511717,0.7355692634292074,0.6764816095988337,high
15,5,8.289228524846148,1.1704591111214315,0.7878131218240098,0.6747595636239924,high
6,6,5.902705600341442,0.4540411578020586,0.629803635084932,0.5329337859649728,medium
13,7,4.367887214624709,0.4938805598535972,0.8368184107952851,0.6990711450933664,high
12,7,2.416241304982675,2.283573815910905,0.7840964650547937,0.6615954675715526,high
15,4,5.824170926086371,2.796888693851963,0.6963017996282271,0.6256144352999656,high
8,3,5.796494849778906,2.4507676538871817,0.6913350527828589,0.5019285595306573,medium
12,7,6.211467700042251,0.7538319509563117,0.5304638726480913,0.6210672281899094,high
9,5,5.128529596169732,0.7177198725075281,0.6067991853316647,0.5515750379162827,medium
12,2,6.640048731846464,2.4981116913464687,0.407266556742854,0.484799233406261,medium
13,6,10.594412954865064,3.518704611874744,0.7877458606626351,0.6490911413866954,high
13,8,8.324758299371736,1.1753121639918371,0.6333512338124588,0.6738348323358796,high
13,2,4.852637479343738,0.4698703842658592,0.5636771636592965,0.5446029635034202,medium
13,7,4.154868022443575,1.3166834482259802,0.5209937639040322,0.6304208631259666,high
10,6,11.494698196376369,4.647123230644199,0.6117896769305486,0.5613771138484818,medium
9,7,6.937855553631273,4.001151955341995,0.5475097623341205,0.5578276060978775,medium
15,6,2.1287959358941557,14.267606048819605,0.6305753064722819,0.575997687635659,medium
22,5,3.6777366796793474,1.3917976942064687,0.39717098890664904,0.67015554648662,high
7,7,5.041065742701441,3.1540254875029854,0.6566093451625782,0.5552950324491623,medium
9,2,4.958703125679552,0.1614726177537865,0.7020779078830138,0.5143390974582442,medium
11,4,12.335248607487344,1.3349156101872999,0.76088779911777,0.5882781224223054,medium
12,5,11.279639949517511,0.014159143165518825,0.5175850774491062,0.5834226212020511,medium
13,6,4.618731953403836,2.6237450746474567,0.8510417265722149,0.6677167114834599,high
10,8,2.1771451929883794,5.043518862164769,0.49179176454624546,0.5747348938281507,medium
13,2,7.8116417336168045,1.864060680406642,0.5233182291895968,0.5272365746352085,medium
4,8,7.214405975443051,0.17786980230310517,0.5094716047352543,0.5207085222650302,medium
12,11,5.650815388055394,0.11457492232201087,0.7347990356149112,0.7461959743075022,high
11,4,5.198390402235477,1.3385713230085057,0.47665204072590206,0.5314065993251238,medium
12,10,10.632915852091065,0.7152255092404426,0.534326496938902,0.6820971293261775,high
11,13,13.941250561066536,0.8113033821949207,0.750276863392985,0.7696466834639643,high
13,5,8.539007683736344,2.2627486144019002,0.532165452906128,0.5863480998185463,medium
16,9,7.996232256928327,12.61628035156745,0.5938634658330373,0.654664157489491,high
8,7,5.514666830119364,3.7566964098357456,0.8495633094354668,0.604868019154855,high
17,5,5.99042583798292,4.596711197748622,0.3528873118606619,0.5949327210538082,medium
10,6,4.834282495491642,4.242089296371741,0.5464412729000432,0.5510076592708637,medium
8,6,9.679385671034542,1.640956370065508,0.39681140553826816,0.5084225719738836,medium
14,6,2.262240976143235,3.361236843347978,0.7424107371328598,0.6560739018042521,high
9,6,7.265393944096433,0.9465221251238154,0.6796598570478223,0.5846218239087391,medium
17,4,9.641784343095724,0.30194122687307934,0.5726777154540584,0.6475226015783245,high
13,8,2.820968780671386,0.7345114237033171,0.6028756369572237,0.670678384566756,high
10,2,5.382160259060788,2.942951559014179,0.5017966116130158,0.47073964526250867,medium
11,11,11.82150402774164,0.07422095389198406,0.6489238906012675,0.7142899717609736,high
25,6,8.588697929904843,1.501555123606494,0.4553485684672937,0.7010593462027488,high
12,4,3.466253148263071,0.46158253807986904,0.6714793676583695,0.5912186566111415,medium
9,4,3.4724371980001862,0.8168586401989846,0.46427235496622477,0.5024087467252518,medium
12,6,4.573164942924489,0.2386581794793177,0.46307818692015207,0.5910245828541683,medium
14,12,3.83200652087899,1.5475351411576512,0.6646871127211953,0.7726205216031881,high
10,6,2.3959427434474074,2.008218721134854,0.5096629282860228,0.5585444608496388,medium
10,6,12.205407024749473,3.3927738568142822,0.6138947824310838,0.5701604641074549,medium
11,13,5.345636343228333,10.851883159729427,0.4662588867552077,0.645905889619512,high
13,7,5.8354726105250645,1.2223318101050933,0.5872659003881197,0.64430430134359,high
15,5,7.994851665889142,0.11636879298978221,0.46109037549118687,0.6164422831449721,high
17,0,3.5854287911802016,0.5279679999874506,0.8107385980253341,0.6136279329384838,high
15,6,7.612553965398267,6.220749466973923,0.5927276270994237,0.6220738623067252,high
12,5,4.591695668341263,0.0910615128776267,0.8099845138821615,0.6413898260239148,high
12,4,8.688210801824672,0.07205672913789363,0.6810844699799591,0.5957365158017393,medium
13,7,9.47153803315636,4.68838253723406,0.6379876991666837,0.6313416562517763,high
14,4,5.605922474530656,0.16460465048204023,0.6570267928417852,0.6203079942318102,high
12,2,1.8368960139938673,2.56483068540439,0.7350013081647438,0.5499013903969195,medium
4,10,3.873698915789011,1.350473723279562,0.64876920174092,0.580750682192987,medium
12,5,5.555772646695731,2.751601501176141,0.7428653456251622,0.6102290591171915,high
16,5,1.8765378069074283,1.5886538178987917,0.7251631612410608,0.6744416067955535,high
12,10,3.882661404555206,1.0964712116046378,0.486425417007478,0.6699752753241313,high
7,9,9.773836055698565,1.4398048268652441,0.6830764446138393,0.6120165900769996,high
10,10,3.6766800312558403,1.6625515901952854,0.5334181072951837,0.6455999441910681,high
9,6,2.5861557552794365,4.06465839372909,0.4956481399482558,0.5270319053647906,medium
10,6,1.4817896283161458,1.5600086694318605,0.46394992448177397,0.5523899271001425,medium
11,12,3.6590556434224233,0.19944993637283293,0.7921337277921762,0.7620970793159497,high
14,4,2.629081415884609,0.9478549287197423,0.584541779631922,0.6005893230682527,high
9,2,4.327061456449274,11.88900766278581,0.7169395490056798,0.43912785871589727,medium
8,8,4.176868247268855,6.633538137617975,0.2622844948712451,0.4882333113901292,medium
10,5,2.0534420769116264,1.747864594447077,0.6103517069177072,0.5604179107538942,medium
12,6,8.174279423290141,2.411842185282466,0.7228790373156005,0.628496859561237,high
11,7,11.2708555872226,4.477526202489829,0.7557027988719491,0.6262903850911243,high
9,4,6.352994409037099,0.6347043059028599,0.6207165629892066,0.534911950558489,medium
10,3,1.8004853176230555,1.4017920972102582,0.5907759595418507,0.5188099112603017,medium
14,10,5.912231317643249,0.4837686449515737,0.6275873628510562,0.7322923482705341,high
15,3,1.1897157853266602,1.8486894983696252,0.699862146969048,0.612647832738012,high
11,3,14.80490593829893,0.4696078867089513,0.6184658537973542,0.5455624515147445,medium
13,1,13.78892495253456,0.366052560525096,0.7754416792780183,0.567647985452103,medium
6,5,0.8535404300465866,0.9314241501543662,0.7095152931075366,0.5256935642871449,medium
14,5,6.641125920799255,9.449298188987253,0.8052313625623877,0.6080509512525625,high
9,6,5.824437543444664,3.387297592149491,0.7095049705908892,0.5743190101705147,medium
9,11,5.90805259582204,0.1759213673499448,0.5320932876856541,0.6602458484214646,high
22,1,2.2319360945696376,5.155382853718547,0.5058483470299805,0.5868004503812059,medium
14,9,7.238180362376985,1.6732098825892037,0.6436059399111905,0.7075664554316434,high
12,1,3.3042553457387003,1.1703085332443397,0.7344179919686962,0.5390815415054436,medium
12,7,7.847811186780341,1.0765505493219911,0.7847945578927109,0.6697819079163956,high
11,7,5.384919187148949,1.7458161478981868,0.4800655722539951,0.5893743401314777,medium
8,7,6.815811836328455,0.22291510906637518,0.35474287910463326,0.5294624750938175,medium
16,5,5.160310510311591,0.37460901021464404,0.42415989602650683,0.6223345858038705,high
12,8,2.2143945302619548,0.011124051485908993,0.7478563780091319,0.6894971152585869,high
14,8,6.381386744491164,2.6462397545604963,0.3084362484294243,0.6140456513221483,high
9,8,7.772520420187945,3.4864133474743597,0.6509878683629544,0.6019548180227619,high
11,6,3.706267803458716,0.44691914648275033,0.666713975237778,0.615363334071004,high
11,5,3.6094333157422493,3.0712670534743656,0.236278447968553,0.4917805759038816,medium
8,8,3.7273343504792855,3.5755929156653794,0.6277646022676987,0.5817156343491039,medium
12,9,6.423221406229492,1.7617642369911035,0.43897787559207124,0.6360504802051403,high
5,8,7.207221860782564,2.011165668624979,0.5798925475363281,0.5375707383830991,medium
12,9,8.80572010343533,0.041546545468323905,0.5438446690890707,0.6684919568480253,high
8,4,7.4279583000020875,0.14300706160536475,0.6571672479258858,0.5304800691744748,medium
15,11,7.134784931000441,4.904302516589936,0.7155403201725178,0.755412713923904,high
7,5,3.244600724115517,3.077277710994618,0.6287766632218811,0.5102401479044121,medium
11,10,9.61859940171411,1.0307147328791713,0.7408760359910816,0.7063037756456885,high
9,7,13.347244475885791,2.4783049592771618,0.8912973968723856,0.6367374463126294,high
10,4,4.949940314521477,2.2861119651736397,0.7124948449655382,0.5572582225586167,medium
11,8,7.484585206641302,3.1140708594870983,0.5068231873855954,0.6056041650805385,high
7,7,4.141304276517388,2.866255729005651,0.6764253237576512,0.5611766932248259,medium
14,8,10.506353132502346,1.517597779003236,0.5045945837504875,0.6608015982234092,high
18,3,8.110097362071434,0.04913965970229844,0.31824808354939615,0.5933220189785307,medium
11,6,15.23195073908585,0.359109930712937,0.5940141661192284,0.6014087670190928,high
17,5,3.9397314070816556,5.95906735992845,0.5944442658075345,0.6341617374286506,high
17,6,2.1228105751467132,1.1441930721314242,0.6236509353986873,0.692102233265528,high
10,9,3.354490812067063,2.238614796318607,0.4182133186492827,0.5987185650877325,medium
15,8,4.79696606014882,0.4670690704773134,0.5266463187148303,0.687215469939784,high
25,5,3.537793389994882,5.215090151422086,0.4806378128524075,0.6613602948943342,high
7,7,9.17556987700547,4.353266156885671,0.5426443163781396,0.5245070888963901,medium
14,9,5.749510602788069,0.47928752510776956,0.6090278020166577,0.7086103102359465,high
9,3,8.089924278658023,0.4660736270970337,0.3248989724867708,0.456872636983374,medium
15,6,1.1056864119364893,2.3359808334481493,0.6271449883212948,0.654855792107938,high
17,9,4.021786791239255,3.576496026121217,0.6800300517713045,0.7471627035134527,high
4,10,2.858127881542785,3.829622276185,0.6019327303692644,0.5548557308992863,medium
12,5,3.2813948220844495,3.249304427004058,0.6287040993415621,0.584078790354952,medium
10,6,6.3087703291114074,1.9328239186591807,0.6380696913074447,0.5847284454704278,medium
7,3,4.890884553722412,0.7849121144091591,0.3540169405068825,0.4305706406719821,medium
14,9,13.611076599010211,2.7767078334574453,0.43282103733261507,0.6580528219101401,high
17,7,4.303088095911348,1.7380430352387235,0.6453431493144476,0.7124816762946313,high
8,7,4.418224055095782,2.0984806805993714,0.5575594747008362,0.5575220237361714,medium
10,3,7.12091785966705,8.195528996752662,0.35225759586449645,0.4258146591945482,medium
7,5,4.672306471348376,0.3246534111260724,0.8752413914964602,0.5778839222251182,medium
12,9,9.74918893665296,2.550633667685508,0.6829891461255557,0.6795936047738744,high
12,3,5.1057532878754985,1.1844339770158905,0.6675957357684772,0.5656229206402561,medium
11,6,3.8090395095749074,1.104168347824914,0.6324081388809327,0.6041205054573539,high
8,2,6.039719396695358,3.36539513437354,0.8437309413856189,0.5063102207146335,medium
18,10,12.074642998317266,1.6375737688839833,0.4313179808187957,0.7453464377045326,high
14,6,3.950135571885789,0.6282209844925767,0.4699209690106138,0.6197960539055055,high
9,3,6.078256764495507,2.505335658226205,0.843490533435871,0.5469958689656662,medium
10,10,6.393598430279283,0.8874124214128206,0.6254913204862586,0.6691821812878329,high
11,3,6.144757589591411,1.3512821476524206,0.7427396382461583,0.5645393799982156,medium
14,8,3.14593866588792,0.7670463928804069,0.26764564003202856,0.618415485387203,high
8,7,3.548821022939402,0.3107004806670241,0.7307558109765957,0.604079825657539,high
7,4,4.358583592002732,2.012012203292907,0.47885521734728276,0.4673576287808372,medium
11,10,8.50424443309858,1.095517663150466,0.5205077897444503,0.6617981068612203,high
10,6,9.534229215236138,4.180912753289424,0.16153451017105033,0.4744341503456139,medium
11,8,6.7502253513751285,0.9744469461705155,0.6844215762495705,0.655388002275444,high
7,8,5.3217619800480325,1.5605768351567497,0.4013377214922448,0.5348636987307374,medium
14,10,2.302617884364957,1.0568606449810838,0.5766050361470679,0.7182752695962064,high
16,4,2.866983677330434,2.681078126991472,0.7521680411132088,0.6525597540426986,high
10,5,1.8913275435628827,1.2662582076704094,0.7462595325375762,0.5908101851230458,medium
15,5,11.18423651533697,0.09450901239841238,0.4151347022989309,0.60739688037713,high
13,10,3.577456461475766,3.3988657874256547,0.5362541745326835,0.6795917296570324,high
15,8,7.540554258431528,0.4088420722767002,0.5936172677732622,0.7009978397394745,high
14,9,9.26365695890177,1.3084926842318574,0.43573431936630286,0.6684235793117148,high
10,8,5.670348440983387,0.3361200576434793,0.5665802522787643,0.621075250071463,high
11,6,2.6660954640457195,0.47765628034820035,0.74229857982017,0.6302753407617128,high
12,8,3.267512010222424,0.8448301268787288,0.740357205437932,0.6824392402417282,high
8,6,6.5029975688249575,2.4541201414651352,0.8149508087927264,0.5866293608154444,medium
11,4,4.6582279727680795,0.416725464732793,0.5757068754250985,0.5573632053201345,medium
15,8,7.025400846804801,9.785609443838549,0.6374958262123235,0.6472617689502077,high
17,2,3.925247618059157,1.4704132269866061,0.5666258200061716,0.5985224091546569,medium
9,8,1.8116093598587977,0.2896389587013524,0.3752341337888719,0.5681159003664321,medium
8,5,9.732553152600612,1.2593434404955506,0.3744618935206498,0.4864967557674929,medium
9,4,6.795677495553452,0.21763997249009473,0.39756825884378966,0.493062718618824,medium
11,6,2.90482568624165,1.1307781293818768,0.6739014671351621,0.6122417725644866,high
9,9,4.187431087792495,3.18609778633909,0.6139104974431925,0.6165414475797113,high
11,6,0.3827292754711057,5.381077771939164,0.5316295522409609,0.5554520586352645,medium
10,7,15.887943629258508,1.2118285815527425,0.2542439434172044,0.5327699314730893,medium
14,6,5.7109828254092925,0.6242610883772975,0.49487031075519694,0.6248123215618574,high
11,10,7.7527790702551,1.6408852374817045,0.31037634374405193,0.6161360338322657,high
15,9,6.262996229192137,0.9577982816506256,0.48624523925030927,0.695863725972391,high
6,3,3.1434923321514185,15.119379110184774,0.6602297987726167,0.3812500990199582,medium
9,6,5.239669105605262,1.6003009634521101,0.6185471814445276,0.5680407631992248,medium
7,8,10.405020126404517,1.766671025528702,0.7601643590957288,0.6052550649822879,high
13,8,12.587529143455182,2.3534217868558316,0.7562761509529085,0.6905657516115429,high
12,4,7.758610726160061,2.283105704313834,0.7730854718002593,0.5993963896646264,medium
15,9,3.6810132571092433,0.22932819471244176,0.5711951795722228,0.7177101812830282,high
8,5,2.166318461695045,3.190393374500303,0.6646723073441425,0.5316651723054931,medium
8,2,4.5583784163135785,2.42227570236459,0.4763924529190038,0.4391299859013702,medium
11,3,2.0142175249408933,1.2553905416223905,0.6776232813697836,0.5521553859964741,medium
8,6,7.012161067438225,1.0653329652922834,0.6150663333483843,0.5559110469010617,medium
11,8,8.409530126061574,2.653301480290802,0.9468857890309169,0.6966884812709113,high
13,8,3.3832181885289003,1.9210650996288647,0.7434589694162153,0.6908846932190507,high
12,2,10.215400812895425,1.043673439537806,0.7100502074355864,0.5550522185568653,medium
10,4,4.95848302334176,2.186515143057725,0.8077508755124753,0.5769734074821102,medium
10,3,3.087553037757645,5.339272078104886,0.8003010222144378,0.5344650572555216,medium
9,6,3.0842328836227364,3.338642617572593,0.5087623061066202,0.5344948437708401,medium
12,6,8.399176327791249,1.3193318465155,0.6405544022312987,0.6193153348028231,high
8,5,6.193788008781692,0.5854511204480723,0.5845086697875522,0.5329987264878566,medium
10,8,2.2914668478539477,1.0821035477667187,0.47574486649121933,0.5979349496464658,medium
17,8,6.077597238826572,3.056180067859891,0.4821673695210117,0.6910589401184697,high
15,2,5.19194053692401,0.4764836287068676,0.5719699419841917,0.5762174308721258,medium
16,9,5.873548383663513,0.4852014654662916,0.4777769289433414,0.7123207093522264,high
16,5,5.850712105126047,0.16156398141807868,0.8663896200506442,0.712200830800675,high
8,9,1.9408194163232113,3.7108186143592468,0.3493737456570235,0.5451359583690097,medium
17,5,3.1650138168621926,0.43523279770335177,0.5205536552307303,0.656209179061457,high
18,6,2.646804006978073,2.6316371413155637,0.2572038259811444,0.6238965175874585,high
6,5,5.315752427887521,5.7285847016491935,0.5849831658659291,0.46880606849552453,medium
13,7,2.382829186286147,3.312009266515639,0.38372851388640256,0.5896656410005096,medium
14,4,8.181974433551012,4.079789570353703,0.824435667195765,0.6276885363034617,high
18,5,4.345573231065588,3.6271022046228607,0.7262103450087305,0.6910613876375936,high
12,4,2.40175511310217,1.082875841159435,0.8287214543039331,0.6185251185863905,high
8,7,1.641073377246737,0.3977373746692275,0.588784534168625,0.5751053243359302,medium
7,6,5.626808093820405,9.12480531745016,0.5974576751261012,0.48365949957555254,medium
9,5,1.915123433188504,1.7884407376554325,0.432326326366861,0.5095423270223359,medium
13,7,5.360107383988751,0.4636558462423527,0.8420626389011656,0.700321488805284,high
17,7,12.798036940394148,2.344425403089524,0.3301176786541046,0.6453940330435574,high
12,9,8.889627880724136,0.660274883178748,0.6774712960796974,0.6910924266614146,high
14,3,2.129053915564394,0.5680585515986922,0.7216220858748756,0.6105373601643171,high
13,9,7.374891171802087,1.669878085165961,0.6313143319243577,0.6901303458170984,high
10,6,4.118792662452371,1.1377922090942088,0.4801380515473011,0.5584423289154989,medium
11,7,3.5942611778462217,6.864651175415437,0.7440140808250274,0.6080384749955693,high
8,3,13.8280803950429,3.9631374733487097,0.3956880689259489,0.43271669729619844,medium
9,5,8.093283137773918,1.3585434946139618,0.3622300906435413,0.49838906149794854,medium
17,4,5.846609697238257,0.301427744886532,0.6767265378885372,0.6683357892784639,high
9,4,4.87702509829641,4.226201399184512,0.3409036724614673,0.45500605849773007,medium
13,8,4.56968099302908,0.8237016028297662,0.32761609380948004,0.6150318747430309,high
16,1,7.443840141254759,0.806826815307392,0.8029941762164117,0.6152199898078997,high
17,6,4.251971422975426,2.2598346631516866,0.7857012320481845,0.7170746819886258,high
16,5,6.560837792869846,1.74680326385564,0.6675314086491198,0.661860926637453,high
17,5,6.668438528430468,0.6850133695012608,0.5089304210882999,0.652219328420985,high
14,3,3.405378700551277,0.7891326539644785,0.647217392726066,0.59418259418545,medium
16,7,6.852516979843633,2.5724580136833906,0.47041821346877966,0.6569339226025334,high
8,6,4.26122871665492,2.4547679647070417,0.6445092565946998,0.5525367315542263,medium
11,6,14.979765412963495,1.7139332763936248,0.9099144282790759,0.6555566638131911,high
7,8,14.264667099948186,1.1389874890763236,0.7802135912958377,0.613449468331992,high
6,3,7.364750246783975,0.6572633111598798,0.7867929342815555,0.5029768314485785,medium
8,6,9.048220967179912,0.5934801938921284,0.5390841537925624,0.5438602961325649,medium
9,9,7.126106839906509,0.5042448285743554,0.5124629514053954,0.6141309580905834,high
11,5,4.42344014432064,3.8504740111772033,0.7849983231929848,0.5963298378974156,medium
17,9,3.9985903853325793,1.99164028579133,0.29101822887069695,0.6799260438688638,high
11,4,6.289971849693238,2.4380269874592972,0.15366579306789446,0.4594796453638503,medium
8,6,4.83792392390461,0.4864675279186167,0.4417155538998999,0.5250999939271892,medium
15,5,6.544637798656808,6.954665236079537,0.32081427897922343,0.5427984208886477,medium
12,5,6.687986550369439,2.270636866145582,0.6290127085825188,0.5906649626088665,medium
9,4,3.2975195286910517,0.10059951556340258,0.7812483783828483,0.5705790122394804,medium
11,6,7.446219401507282,6.11687228109837,0.6949585334429791,0.58321255814794,medium
12,1,2.90165884948371,0.23345195883244904,0.602122217716084,0.5188680971510005,medium
10,5,3.897549388850103,3.7709706625994555,0.5290229125852738,0.5306647780997251,medium
11,3,9.131764520966406,4.30871726628047,0.5780495778431478,0.5118851337934265,medium
15,3,4.880255714791378,2.1765473161911215,0.7170198445516615,0.6138936534690582,high
10,7,7.905820135368341,0.06558694186445409,0.5369265543581215,0.5969480645925279,medium
16,10,11.436020042895922,1.3043576687017653,0.8267381162982569,0.7966519054683062,high
18,4,6.855078574053402,4.410463682744251,0.7053699402547992,0.6616708968326649,high
10,3,10.151208459680056,0.5364774239749182,0.4115094662735287,0.48872537709487296,medium
14,9,2.397557213477622,4.580118165820254,0.636464052601499,0.6867586894148315,high
10,6,3.878194595770895,0.0544891505812763,0.6774337287751852,0.6051234847511618,high
9,7,2.3751209633900285,1.652239799123781,0.47128424039150074,0.5582419160841416,medium
7,6,3.2647282044593497,0.3522235197020382,0.7378957825560657,0.5702309997131996,medium
13,9,6.596481037141008,3.376366912208875,0.6899450074703012,0.6904798887460011,high
8,3,4.399661843165134,1.3740875001538333,0.7569801917460979,0.5222354550148607,medium
10,8,12.850229312232983,2.519090727627743,0.5282625247025553,0.5988585667563261,medium
17,6,1.784491540597339,2.791922859142847,0.47744104654313846,0.6518753902476754,high
20,7,3.1848338213131666,3.362737971936042,0.6848650988854172,0.7545547666308431,high
13,11,10.24706620838186,0.1831234213648308,0.7960310280587841,0.7729853828026579,high
11,8,12.359762231324975,1.835972439160598,0.4027150989196627,0.5933032035228619,medium
13,2,2.4418219447590888,2.3024731991409424,0.6860335246898813,0.55685688361037,medium
16,5,7.696933181385242,0.7508860384888617,0.7271376354989665,0.6804216201765343,high
19,6,3.629120926570256,0.4190504098176763,0.5398507474909512,0.7101764800994058,high
12,3,5.53763857974255,1.3383459625120793,0.6981408749216802,0.5707058685675888,medium
9,4,5.569839453157421,1.2499137445711097,0.5133231764796151,0.5093318769987824,medium
9,8,3.6701950930826683,0.6754104443341182,0.43748618125648814,0.5779944999557369,medium
18,4,10.241393240173682,2.8600889301881094,0.683000181492848,0.6675327767639824,high
13,6,7.047016510434972,0.15471908084929878,0.5314562581865331,0.6202597910983114,high
18,8,6.465473320681259,1.2464314354131771,0.4125641990788254,0.7042032969130106,high
10,6,5.15876132760523,6.621142198276424,0.5701888210754659,0.5398968162265837,medium
11,6,6.9151477309799905,0.6529014177489597,0.7781205524396807,0.6362714343696098,high
9,6,5.283953931154814,2.5002078619676764,0.7493383810066447,0.5881996237882112,medium
11,5,4.850347321014528,1.6550552990022522,0.4721594358915342,0.5483981851849585,medium
9,4,5.173968017011751,1.6534845177182351,0.8003299849211664,0.5640427668661118,medium
12,6,5.174603232969692,3.335285234610618,0.8313544726087005,0.6440356596243361,high
11,4,2.3327308393247863,1.3779119485530495,0.6069726347849103,0.5572084472999617,medium
15,3,9.64125393697339,9.021461793372952,0.7082766916456787,0.5665122597066494,medium
9,4,19.329058914311716,1.4959104318225467,0.6761468898934003,0.5402566417665298,medium
6,4,5.798184477921376,0.27753825508740937,0.8828748651417325,0.5447247179944305,medium
17,6,11.254315167886682,0.769209504142952,0.5663486241182909,0.6831416614627052,high
12,5,7.495912057068193,0.14352777873353384,0.5752043442923712,0.5940840170002506,medium
11,7,4.134789731261084,1.1112951162067601,0.729609126691841,0.6435131912303231,high
14,3,7.166965184742119,1.180673510352726,0.6344483908996886,0.5890185214442529,medium
13,6,9.990072682752539,2.95528864223887,0.7475789384915755,0.6448138634167226,high
13,8,6.7512936898014155,1.3557376757489412,0.6680432011502391,0.6795703890583882,high
19,5,4.618991599953105,3.4734355310639122,0.7488859215137965,0.7116209474289998,high
9,8,7.883626423077833,0.6359804519671602,0.28838938625651106,0.5484380075715212,medium
5,6,6.42420487505022,5.866658268405785,0.7727597249554394,0.5104408898683827,medium
17,7,5.717829736715137,1.019718322445083,0.3156843981805941,0.651338757486485,high
13,2,1.9499102463592595,9.483768092027253,0.47405416804210493,0.46658571299490603,medium
12,5,2.6089334330121727,2.027821591729838,0.5494849915257947,0.5763781876936267,medium
14,4,11.608204355375577,0.47085452055877125,0.4749700621135347,0.5818549822856485,medium
11,5,5.581468710553567,3.8319825285981217,0.45956298486071256,0.5313660467814884,medium
11,3,3.9032435603200666,1.0796484868414387,0.18154602649195323,0.4541115487194477,medium
14,3,4.369178395570185,4.47213525588331,0.760252888679042,0.5922363426965864,medium
8,6,2.301189895891717,0.857302545597124,0.5855889970388622,0.5514024491037917,medium
12,9,4.304412990318097,4.051993240994857,0.7745862411162542,0.6879039599499518,high
6,10,2.1593461143191943,0.2497418878026715,0.65523595498605,0.6193822450785256,high
11,4,4.697917199703044,0.628721270890323,0.5675505763903538,0.5543186401388019,medium
15,6,3.3630388358483563,2.431885805441439,0.16938488395946752,0.5626644047556172,medium
11,4,7.320289622738188,1.0774687249176045,0.6705104019780163,0.5719189555628192,medium
9,2,3.971298166852157,0.8407066963170655,0.5568843338487917,0.48077215546097796,medium
11,6,8.37967313150508,9.846215458169473,0.527622432486757,0.5248830501095549,medium
13,6,5.568673125969866,0.909545196721715,0.4422223813230365,0.5973808416197959,medium
14,7,1.6022870109457221,1.1501915424777016,0.6231536149168645,0.6669627793668549,high
12,3,3.025682420115899,1.9454794718928627,0.7836000303151769,0.5837501429170829,medium
17,3,4.813256873211907,0.10739229343634174,0.320006876578064,0.5782854266927039,medium
11,6,8.545705245608179,1.374008343033407,0.6030648446488718,0.5964529133095517,medium
14,1,1.2733094994579335,2.1873146982935547,0.4404057496272639,0.5034990519368291,medium
8,6,11.854711653027262,1.8116134567185203,0.5825414860011638,0.5444308741554427,medium
8,5,7.210395902510386,3.4185490179168214,0.4652790374652178,0.49026548070693143,medium
13,8,3.421231703074925,4.104401002362978,0.7326626731337447,0.6741698612776624,high
16,3,5.603708969675492,2.5060713318966834,0.9484669617462836,0.6729862501366122,high
8,6,3.1848094178546273,2.5424967895006896,0.7083164724768674,0.5647133158987022,medium
10,3,8.861574053651196,2.6039104515866285,0.5997484961692329,0.512590296223269,medium
11,10,11.248973681235725,4.23475648090337,0.4528652438387505,0.6273413388950609,high
13,4,13.388935241454298,1.4759516252390499,0.6311432046807933,0.591388963434565,medium
13,9,4.8595666734122736,0.5118202814615256,0.6956735408881655,0.7107225729678895,high
9,6,3.695558668320409,6.444560292948768,0.5533102397169709,0.5226983126570691,medium
11,7,6.354381596325582,1.4096952846803958,0.8060890943596384,0.6568198503073918,high
6,3,8.309221075420458,2.703076776743933,0.812672961896062,0.4945140805342529,medium
10,4,6.583937264337987,3.1264198823829012,0.3875156027589554,0.4866603213359051,medium
14,8,3.888346904471059,1.0330202794457863,0.4621550348775836,0.6555442051125449,high
12,4,3.1690715765986335,0.48575876007112306,0.5833065419556205,0.5734229166573166,medium
13,3,5.479710810566329,0.31165389928409487,0.7130156426883223,0.5955254358757704,medium
9,3,16.114568184431324,1.1076023095074097,0.49130703644789986,0.48587739189286394,medium
14,6,10.100433612034568,1.637124050146324,0.34918095546042144,0.5889220307577754,medium
10,4,4.218557486194011,3.3771122343505304,0.7695580226083949,0.5613975229593421,medium
6,3,15.631070701404788,1.0236331076988552,0.7208551531313616,0.48734680990827994,medium
8,7,9.477872849480331,0.4510555728174759,0.45371029749234953,0.5477350223463534,medium
14,4,8.22324361776095,0.1545535565709882,0.8335508911775326,0.6556798211916999,high
15,4,3.2612518388509892,0.31368094843912453,0.821253236543464,0.6671594409857653,high
19,10,5.648562103998186,0.9779565566724038,0.6288939556841575,0.8042590807590155,high
16,5,2.148223894981901,0.4153607685901313,0.7666644258747976,0.6905638133843586,high
11,5,5.102002047371073,0.3760571391066214,0.7282604409016893,0.6081450405862938,high
18,6,4.268431620781244,0.6685179631924211,0.7419163501772403,0.7339264836141652,high
13,3,1.0927923864913527,1.2368341276224246,0.7776391178209031,0.6022822627133645,high
13,3,3.3605607495346512,6.946618895351101,0.5166053738071607,0.5120102821257582,medium
8,7,11.475031437599071,0.14753568919255614,0.9141254265724135,0.641841514053199,high
7,8,11.127666418765408,2.5564047681324817,0.6691101692413993,0.5817793353940633,medium
12,6,3.2315195646951023,1.7071095914783616,0.6201085097817055,0.6126409713464853,high
13,8,2.2543488677564927,1.017604568373228,0.5069329635493978,0.6496025622540581,high
14,4,4.157604089839468,1.6569107175315418,0.45255427081103494,0.5694647827119967,medium
14,13,3.643694669748114,2.8508849720058973,0.7189507475176895,0.7947842496901651,high
9,4,10.654862067437026,1.6741987257928745,0.5177734587739833,0.5073933669161775,medium
9,6,4.628561299251654,1.860578479157043,0.8530545674172848,0.6132070569557433,high
14,13,3.9838142959576026,0.13917587759867933,0.2931219005502033,0.7276965409260495,high
12,12,3.127352307336148,0.26896899559600873,0.723707817416294,0.7629484368459521,high
13,6,5.985332529519514,1.4109722250648633,0.7030435959205075,0.6462022376836691,high
15,8,3.439559416782567,0.19194966894250837,0.4480219121637575,0.6733247179731348,high
11,6,4.258129973566542,0.19977183861253706,0.40932978784058405,0.5655341453106999,medium
12,6,6.409652653000557,4.540351947263993,0.31445037945218945,0.532621062908678,medium
8,5,3.8087726160787225,1.348676529246271,0.5746629489907685,0.5259414129365119,medium
14,9,7.972891840758864,2.690130008800048,0.4373575109351819,0.6595373021283694,high
7,4,8.520256094644006,0.6931764516495137,0.6645705646361783,0.5132929365829055,medium
13,10,2.02672694937373,2.368081128484535,0.5715176900794917,0.6935163304926681,high
10,11,11.676579786980591,2.999214314475602,0.6935082204666667,0.6887068819968294,high
9,6,7.621715289136451,0.021948218715319927,0.6558964940564589,0.5860329773531896,medium
15,4,3.9120355056313807,2.034464598340066,0.6076264799648079,0.6129621986706945,high
13,9,5.013049611199852,2.819776576046193,0.5523700552095453,0.6666755005349345,high
7,11,3.493740074288562,0.9905650855460914,0.729830625686402,0.6643623579003064,high
16,6,1.1188228924249164,2.6572069530550793,0.2819911896929633,0.5986835249182255,medium
11,11,1.678632274641112,6.121077022826049,0.6959156937306713,0.6833759585939606,high
18,5,3.3089006946253265,0.28230233939943494,0.6071762068696026,0.6895532257779242,high
15,4,9.48848873932957,0.8059204020341514,0.3082825289539239,0.5612837031105571,medium
10,3,1.1560998926327897,2.5294968463845438,0.7634044609246053,0.5458175798756908,medium
9,5,1.29895516807855,0.966691647359486,0.5950673353623442,0.5475688560900722,medium
16,3,6.837654132739086,0.24383572195939365,0.7358817223417273,0.6455507729886162,high
12,8,11.531047208696844,1.125103543883484,0.6651833254344007,0.6655359747943236,high
15,7,4.7896971815069485,11.399307800925714,0.7747848680782322,0.6439615882761417,high
9,6,1.6081525378151844,0.4588446472584739,0.675303886884445,0.5870018130618325,medium
11,7,2.583711376808759,2.950381772633027,0.5600137948655736,0.5973335471555612,medium
10,7,8.095004137276087,1.7062127373920917,0.7353133671274831,0.6256879218428827,high
17,6,4.914324676761879,1.2685905789538392,0.7791083067447887,0.722364390822599,high
11,2,8.04363923510428,0.5012109591242524,0.8373274665991843,0.5691240869256752,medium
8,6,5.5071042140951905,2.587439199093754,0.4232827970454467,0.5074069647484643,medium
12,5,8.286199103801136,3.231205217652126,0.5966214479296315,0.5777829214682455,medium
14,5,14.410379814473018,1.3110334342664798,0.8108134813273025,0.6634224733703507,high
13,10,4.7947288671966675,0.32886182080691934,0.6143242935461756,0.7156724465705224,high
5,9,9.202695578533406,1.2168883170095843,0.3060944493695284,0.5081063010938418,medium
13,8,5.456903736063593,1.6634752246673987,0.2529121144331012,0.5944925880555043,medium
13,5,6.08954432324958,0.3579714374105733,0.6277544307048654,0.6181644098915693,high
10,3,6.547705590520531,1.1891166397512918,0.4833392708316744,0.49874040990132623,medium
12,0,12.983895911267647,0.8173156841056455,0.6346548467893625,0.5014821981305015,medium
7,6,12.806007072630806,1.2195685902862847,0.49193458688124203,0.5152564601076731,medium
7,4,7.014784354318611,0.44101151329734967,0.5445585839747575,0.4909716400396359,medium
14,9,4.448206408320504,0.2467769164987581,0.5123077111837174,0.6908163627934185,high
6,5,6.788479323814348,2.6496902263167534,0.6750209680491488,0.5073395921010514,medium
9,3,9.669685405195288,1.66046339200121,0.6246551180960874,0.5088612676725428,medium
14,5,0.9809374041885979,1.9431546485642586,0.5452488464466779,0.6060954049655739,high
20,5,7.25195179952517,1.1756834139262216,0.4199364428192757,0.6761493991376804,high
13,4,11.026503896778255,1.8491283859367655,0.5203120484628074,0.5667348871196498,medium
9,7,9.108031673575322,2.0627612480825177,0.6089058784715013,0.5830294340404168,medium
12,6,4.854908877025673,3.6195826008376177,0.6223165075502011,0.6003327508377895,high
14,9,1.942238132850527,4.572041292568129,0.7306626314007029,0.7056522509963531,high
9,7,2.430215977384556,0.09702388438915256,0.8562586451739478,0.645604903138862,high
10,5,5.203773213881342,4.856684416890395,0.6707633984219319,0.5517747835717838,medium
8,3,6.319636674013406,0.011389479012337148,0.36146767105917005,0.45221760435175173,medium
14,6,6.525139560962345,2.0070337323941945,0.6278837124384451,0.642196517605061,high
14,2,3.7281020660107154,1.133342870972529,0.42171199104858187,0.5267867790698995,medium
15,8,7.1314803871684385,1.584546038752272,0.5179284503761007,0.6780220498168716,high
12,5,20.50834311610395,1.7934623848387408,0.6062922028517217,0.5893020246714193,medium
17,5,8.293346178215472,0.6256389498888024,0.6393917790194029,0.6787074294712886,high
14,5,3.167640608338729,2.9815136457172127,0.5897784319438353,0.6080789287506523,high
9,4,5.259484937075294,0.543473132211961,0.7757788550299564,0.5665326167912449,medium
14,9,4.537878107412305,2.7975883099031247,0.7270925680996522,0.716767924887243,high
9,1,5.143863783023368,1.3542746715655893,0.791009895362013,0.5041734812619654,medium
5,8,8.666180066942584,1.1626095356365844,0.4747780915013988,0.5222048880627026,medium
10,4,3.899758345418899,1.1757433067840406,0.651547812647722,0.5524712738176508,medium
11,4,3.6932236533228395,1.223297666752029,0.42788237911443133,0.5224211580445395,medium
14,2,2.8100286094102445,1.2095449315066515,0.8261260891694036,0.6071615849571697,high
11,4,7.3916984705765465,2.0376786011810997,0.6778071131397166,0.5669768986200694,medium
14,7,7.071071748922288,5.040131120446706,0.778059547912081,0.6720110354461049,high
13,5,1.8814006755080008,4.038450642588405,0.7422530931394813,0.6165276143439735,high
9,3,6.2795897443466995,0.7104792385961513,0.4471864423425915,0.4797007602112106,medium
16,5,4.871735259092597,0.15476936361652077,0.5273931552755606,0.6444468352976687,high
19,6,15.400494285760162,6.528059456195093,0.41533060961750595,0.6445457255488671,high
12,8,6.237017253357036,0.2490658860116618,0.6543483598126268,0.6692092327224476,high
11,4,1.7465805370123793,2.115124508801449,0.494007744420206,0.529700718825365,medium
9,9,4.1515709838148505,0.32652751494050913,0.4347687926980849,0.5997769084400135,medium
15,6,6.498973756416263,1.240411562786125,0.4749653960358262,0.6317236687885911,high
10,6,10.810551114339427,0.7410904488626061,0.8074621352170314,0.626551824050989,high
13,5,5.8259096358753,0.6373068012139019,0.5435545066559403,0.5994621893230954,medium
13,12,2.1122509951340644,1.5791852454808146,0.6338363238939669,0.7512393631422547,high
9,5,4.058031707617666,3.5819091346917156,0.4452533778749119,0.5001712813437043,medium
11,7,6.00708474215417,3.603848869434764,0.43665673053263937,0.5683056869769627,medium
6,5,4.916106998556623,1.9511372987680733,0.3254571623753806,0.442083850483289,medium
11,8,5.214126774956834,1.7300142809022283,0.8216608985244623,0.6777987511655443,high
7,7,8.627647092582547,1.0731917462830758,0.6060942466723922,0.5590642376925913,medium
13,5,6.727213001708831,0.7018090351230316,0.5194375934104062,0.5942087917812611,medium
15,2,2.434856450302342,0.4948207741605012,0.8748357857151277,0.6366683519819555,high
13,4,2.0741563840175,4.247154437763516,0.7138956019660214,0.5894647574747809,medium
14,8,4.69366656838361,2.1233065537000035,0.43857345759868066,0.6435593144950694,high
5,4,11.077911040099568,3.4020304992088075,0.6307177425707918,0.4584633451860997,medium
10,5,0.8965281565214692,2.0820198361627225,0.6448600776609834,0.5650918832911119,medium
17,7,0.7347145950406004,0.3011759123612384,0.5180101051903468,0.6965941816223278,high
13,6,6.703087382890638,0.8781135872320327,0.7831972208429325,0.6657853535870397,high
16,4,7.558639595206223,0.44152240308844887,0.5969047510051679,0.6364374675137773,high
8,2,4.03096838185134,5.418107484774749,0.8126599228217832,0.48641126799919165,medium
11,5,12.565862872028148,2.4187988720572284,0.422854554491109,0.5334455850845069,medium
12,10,8.45645890564862,2.2870700319450483,0.7770279447619173,0.7201584554060831,high
12,4,4.281886265977101,1.9739237800034952,0.4505134241591187,0.5369431929651338,medium
17,7,2.5248056221971797,1.7712671359489236,0.7255206515101995,0.7282956827290472,high
10,7,7.367667567375052,3.675769609632567,0.5368962237901678,0.5728741140271498,medium
11,6,8.18707778178098,1.2776134460906736,0.6774447459291109,0.6119715262118844,high
15,4,9.817990017321591,1.2657062570019029,0.5088078434703095,0.5983235269807159,medium
7,5,7.112525173055872,0.35275227831798656,0.4646406007736143,0.49557643829926956,medium
8,7,9.073874150959822,5.12436575579029,0.6311886841804849,0.5520752984641617,medium
9,9,7.764181672298297,0.8663943866284015,0.15860554597591026,0.5409451466176594,medium
11,6,6.721420523743917,2.379616979967495,0.5883788738909784,0.5868116615784125,medium
6,9,11.869833214780785,0.16477156182861205,0.35088146448203916,0.5390778158175504,medium
11,10,6.462041981092158,0.045800112723994715,0.6161457763027982,0.687923821175733,high
10,5,10.056972764472516,0.9005932947235163,0.4623929943532454,0.5364746435724923,medium
14,3,3.165986458498592,9.18579278662669,0.6310714086547281,0.5349756631534344,medium
16,9,4.565167517334276,0.04445658560504534,0.382953040626533,0.6962942308879396,high
9,3,1.517888158637302,7.5362115043910025,0.4633419639893523,0.4374269827685971,medium
13,4,9.325646961862747,1.635710974415425,0.5431714751270272,0.5727295551959694,medium
12,4,2.150825764735333,1.3035360400718456,0.5856169718130384,0.568433154095462,medium
10,4,3.7446744562889744,1.1990859301397256,0.6019836942114051,0.5424028326413495,medium
10,9,4.543758935320532,1.8344917781472974,0.3803331926136738,0.5938366933350862,medium
12,5,14.167910328202854,0.8953000978599578,0.7050716635490022,0.615045665390734,high
6,3,3.1000368505667932,2.6279747165076808,0.6622489058012878,0.464929949716873,medium
13,9,15.169356966108356,1.968472037677485,0.42710664330549286,0.6472981817432486,high
12,4,7.5191169635785275,0.2768539896664448,0.5481887917554124,0.5677920650866395,medium
9,6,2.9101320739185685,2.067899771768798,0.5582677593189358,0.5528675533853284,medium
16,4,3.15551945948374,2.042361856609413,0.5557727767975803,0.6175388096487866,high
11,4,11.230154428151497,2.7746066299683454,0.7232190369669615,0.57114642986027,medium
15,9,2.3127948967946743,1.1279567785334188,0.4258231453909803,0.6826449172213066,high
15,5,4.437267392171239,1.4008254584388908,0.7178803473547555,0.6592372330813585,high
9,9,13.939945642890905,4.934709589695647,0.562185189463103,0.5945389739613163,medium
11,9,3.082309378178935,0.8857478628261344,0.6898936996411058,0.677073754176047,high
12,4,3.693011940622752,3.565707847463007,0.49277033645594087,0.5347826816414348,medium
12,10,2.8652292718153465,3.135358434769443,0.45984123885955547,0.6510658582067814,high
14,7,6.425965244733899,1.6376006071514224,0.8003114604386155,0.6991449547067137,high
6,8,5.733562027433637,1.5667918518904456,0.7490113011291457,0.5893569812132262,medium
11,11,1.3368638952622618,4.023090683058074,0.6420195140256094,0.6865832982514014,high
11,8,2.113041172594188,3.3916744080515584,0.711180865620349,0.6446250104037261,high
16,5,8.872496149310809,0.32648983461678127,0.6323552090522208,0.6642944429129989,high
21,2,5.912557791023087,0.3676293987368841,0.7397801267796098,0.685505162697676,high
16,7,2.7023406285202816,1.4931829747668413,0.4142273078435927,0.6528909084036063,high
15,11,5.540525388110726,3.9990510978927714,0.7313905293342997,0.7646177652142415,high
13,8,3.429511894549924,2.1483490146069997,0.5840953724920657,0.6574967477343664,high
16,6,4.210242495165905,0.38376431140362055,0.5763282123248673,0.6727072137222827,high
18,9,10.926964104056859,0.2823752388376964,0.6031087765730456,0.7687392537223579,high
6,7,7.6881609766337835,0.6756240500367967,0.551914536721279,0.5358787470106772,medium
15,4,1.4882152877355523,4.164210350124089,0.7135144410500697,0.6199414858758534,high
14,4,3.4726369740645677,0.04713690549760899,0.5542111931960685,0.600527992602563,high
14,3,5.939876985267281,0.5331555847908631,0.36689355521911743,0.5398243404785511,medium
8,8,12.43238079750849,1.6540967579475936,0.7723551060943439,0.6234437094992182,high
17,5,6.621202156791094,1.2158745962861692,0.6761395993992664,0.6821220892379455,high
12,7,8.187046016715371,1.5875877799269986,0.6090392647493192,0.6312239344170172,high
11,3,2.017861011686154,0.07395771327246531,0.43316873434114117,0.5111406954464118,medium
9,4,3.2580614614486767,1.2094011263559517,0.5202812327439056,0.5109935723730749,medium
14,5,1.7172898132618777,5.5860606208576735,0.6851012382132217,0.6097798435035932,high
14,9,9.49530635306513,0.4486375254603214,0.8878957076478855,0.764588224693175,high
9,5,8.451106404497779,3.6259248990554593,0.4486362724036421,0.5005544218203587,medium
14,7,6.976763611483631,0.49282303687679707,0.37304559623681816,0.6213236323348517,high
10,9,3.880698782545463,1.269732742967413,0.673411028130308,0.6562173206729455,high
19,7,2.798947460821467,2.6663069642997277,0.8857995503260517,0.7843845303032121,high
7,4,2.107953650269698,0.9682172525178941,0.72065566562624,0.5226763514417954,medium
5,2,7.8064168769520155,0.9269968704135975,0.8842481069649321,0.4856696422568958,medium
12,4,2.321014450643087,1.938054704972056,0.7677593097023243,0.6006314972406512,high
11,6,4.681132469332382,0.45796560347715254,0.201376716238691,0.5222222392245572,medium
12,4,3.909803616671091,1.621658621914703,0.5540378270131922,0.5599965079232071,medium
14,5,1.380312989234819,4.638589289116682,0.5857892761642864,0.5962339266387461,medium
14,6,1.4385206676143456,2.9636286563709517,0.6492268740221939,0.6400878504286325,high
9,4,3.595773225645623,5.337274317026955,0.7083219528959213,0.5210825617990046,medium
12,8,3.171426933406077,1.3661921493212776,0.30951399848947164,0.5927948520357526,medium
15,10,1.7222518685598713,1.3809935856989695,0.4806773156428551,0.7119288392239111,high
9,4,3.4367965877449436,0.7152378495246993,0.5574591115750002,0.5217235699848355,medium
10,4,5.351408330583657,1.0021443288399874,0.5453673786707636,0.5323925135418861,medium
11,9,3.2673933125206416,0.3970505813484325,0.843991100622796,0.711151216248903,high
5,7,13.365888148411267,2.40814225745992,0.64630110539917,0.5282059393634345,medium
9,6,6.175969943221341,2.7937047011310723,0.7026519363991923,0.576905689272298,medium
22,7,3.0402057570985326,0.19418022305311464,0.8210828075590899,0.8029220266914638,high
11,11,8.830735423209266,0.9101242656464559,0.6937640367875951,0.7176853122532094,high
14,7,4.375815587854557,0.19433549846714904,0.5793004618198837,0.6645645223741957,high
18,5,8.02783212690117,11.229677864240886,0.5098083352510746,0.5970971479552757,medium
16,4,4.4675391445945145,10.14731042515046,0.5378900397029548,0.5599292717729212,medium
16,4,2.9493251347754392,0.2624427110021467,0.5523201813588274,0.6287144181984179,high
9,6,6.953959755517225,1.8184826710654836,0.8246249130652885,0.6078017648059546,high
7,8,11.039736541604777,1.3234641230736142,0.5555855908806221,0.5672940240223003,medium
11,11,10.102702537083987,1.911135362530888,0.5300381083986372,0.6782667192628549,high
11,9,8.481460040243466,0.16701887547549105,0.36659105589596475,0.6172047520093563,high
10,4,1.6519051333521173,2.1483774496294274,0.5247108321398427,0.5206196500971056,medium
13,6,7.034880168240084,2.3643644799000976,0.5629832019320506,0.6118342105204095,high
16,5,4.245832054497548,1.6806596333730515,0.5494669208219776,0.6386889866085752,high
12,4,8.094068041801682,0.17127947484844538,0.5996121136251844,0.5787805595593807,medium
7,2,7.752101758076368,2.2652501438106833,0.5993240054241088,0.4497631334594172,medium
12,8,1.7221239028828639,1.0363448226542424,0.6158021556060091,0.6562514656368401,high
11,7,3.6384450591526045,2.78768876997894,0.514894406573179,0.5893942895147762,medium
19,4,6.3964049083289645,0.09743338862679948,0.49794385477978936,0.6639392150317792,high
10,2,4.165941806390678,2.6626997622240998,0.7744007924127447,0.5271288267343883,medium
15,11,9.944114547149702,0.05119984904154213,0.744122003321315,0.7934830683373193,high
13,5,2.957069312681531,2.9899348451740613,0.7682008311971277,0.6287072672715985,high
11,2,3.5549278198998095,0.7155202298781566,0.6625902725138006,0.5327479196369058,medium
17,7,10.83225214775323,6.1602216003078665,0.7278091232346173,0.699493680644871,high
10,8,3.7963437911536677,0.382980458096757,0.31754234002474324,0.5709552649509704,medium
13,5,11.317161792944532,2.2123879611539414,0.6270036301433001,0.6056514729543004,high
3,5,3.554853587798383,3.402261250167232,0.6696130969736117,0.4562408777269409,medium
9,6,18.55506257073248,0.694967192943413,0.656219191746006,0.5816107237295784,medium
10,4,5.039458090252347,0.4898117237303221,0.5419733916609141,0.5351292668406473,medium
11,7,8.147177694880487,4.495091591066168,0.7058229035725945,0.6161973034407444,high
7,10,8.140416176019155,2.856832745225828,0.3602788034342002,0.5580102090520012,medium
17,3,9.526049656067602,2.3837014595085124,0.4688312351236514,0.5928749039613402,medium
6,5,4.870742198248166,3.1201972059457224,0.6957179698240974,0.5083422792585147,medium
19,6,2.70116582385457,0.22332776603795637,0.39539364007097483,0.6825898762406086,high
13,6,7.609334722192107,5.313742966816557,0.7511676414300404,0.6298085751738978,high
5,2,4.761137268543103,1.7004201502761194,0.3659930077228725,0.37686246720940036,medium
18,8,17.04252979657195,3.763023035337991,0.7017305631800425,0.7452592924004219,high
9,5,2.451178021743451,8.089176399584018,0.5777866932982181,0.4966294959957502,medium
18,7,1.014248939958876,0.17408992179633442,0.34928503134209815,0.6786964067897774,high
11,6,9.909544558055963,2.8376944423314754,0.6021999940988768,0.5865220358708989,medium
12,7,9.624503257011604,3.3369375330812634,0.44077687142912503,0.5859091240652832,medium
6,6,1.6281779567478392,1.2606890772138617,0.652473429185442,0.532090091988996,medium
8,4,6.906672959054088,1.3095430199084832,0.6392750391132261,0.5191247210232554,medium
8,5,3.3197581490573485,3.1344565707644634,0.4304095849488027,0.4851855398513307,medium
11,2,11.070345437513694,5.892522402850724,0.7375312378252762,0.5132227648793838,medium
15,7,6.489635626547234,0.00030666524516798614,0.6533471969833128,0.6956673949616947,high
14,8,5.213255243212132,1.2356909273882781,0.5673854555447643,0.675239151593031,high
6,12,4.219411173376048,2.2787743013101323,0.5577640141753706,0.6263609741596732,high
19,4,8.05802499338035,3.0178956733518225,0.5529997702546502,0.6554806495619179,high
9,2,7.54104301627993,0.36025526123665946,0.725264201559804,0.517651138570383,medium
9,7,3.0061676295642936,5.39371309522919,0.7557648300952068,0.5901948787175135,medium
13,6,6.087687309786286,1.9732242853330302,0.7357246726079902,0.6489901059527112,high
8,9,12.438196724686328,0.7590884020475234,0.601936374797232,0.615326685612463,high
13,6,7.449827748712341,2.944376290522834,0.6984341221484685,0.6350576491595414,high
7,11,5.245206685544456,6.1774325108768675,0.5787249088682002,0.5995620983677942,medium
8,5,5.434715044772095,0.6572425715181731,0.6466376221597773,0.544945907288501,medium
13,3,15.067324315159102,2.196953216522247,0.6211327817635944,0.5645802015759039,medium
14,7,3.099858369989406,0.8079459595118526,0.4722394070339946,0.6390615750100532,high
15,4,2.3895961734060935,4.374358198172255,0.6087606637110201,0.597589744754389,medium
15,4,2.6496543745843866,7.717995309363067,0.5513938201465589,0.5638254619668913,medium
13,8,4.994198366941438,3.829852217044107,0.7490731316562634,0.6792822782176253,high
18,6,5.95568208746003,8.172765368561185,0.5413227580087944,0.6437794491446843,high
12,5,6.1851505940945,0.8223090467943232,0.49486888277679036,0.5734917162433959,medium
10,8,2.838680688376405,0.4857896197809711,0.9165903036234909,0.6900794632594918,high
13,2,3.137909555116272,3.083362575325922,0.5166851809156815,0.5177812856809635,medium
10,4,6.976485347723131,0.880030996535062,0.724887909034009,0.5691107084965681,medium
13,6,3.93196803699988,7.208745272769713,0.5748085109047304,0.5819034003624813,medium
9,3,5.1682216479243,3.8036965700007164,0.4784287059381663,0.4653277640542952,medium
6,2,8.937405519612724,1.817891481330212,0.7255124695832337,0.46298321737444537,medium
16,7,5.121730236436713,2.6386803372422074,0.7371536056349162,0.7098395188787019,high
5,5,4.519514846011137,4.844384574863055,0.6863543295013012,0.4799749687345065,medium
7,4,3.0842621108165975,3.2109685877174674,0.6210801483121399,0.4878095724109782,medium
12,7,6.178831562181564,8.169330331445934,0.3711008349295054,0.5397579647762615,medium
10,8,10.24537991636124,0.8253040202084791,0.7545968264554389,0.655417338489698,high
10,5,4.26663105445312,2.972472760718693,0.3977834190960105,0.5097401987477441,medium
14,8,4.766424742098959,2.331731006658467,0.6339521483268743,0.6812455562876518,high
20,2,4.740186357921759,0.889789517785495,0.452637042606363,0.6245954784027026,high
13,5,7.4680803849257815,4.290199919657123,0.45476890885350085,0.557352448972986,medium
6,9,6.615488153367509,1.379501917369013,0.6722389123383357,0.5952511030185403,medium
11,9,1.803182188750215,1.0141741541698768,0.28312052254418235,0.5948629434810373,medium
14,6,0.35613965483773474,4.06960329746044,0.6006073146600553,0.6229907742822748,high
13,6,2.9146939109081473,2.3831609162161786,0.8431237141110124,0.6677370033807614,high
15,4,4.968032680389889,0.3255707417858198,0.7132830815152736,0.6454861446911493,high
13,7,8.866949020093672,0.33072365698555944,0.7103303366129152,0.6748612429426794,high
4,4,9.14192401981748,0.29624579033898196,0.6421416717787137,0.46645336242014956,medium
11,8,4.312299173816813,1.096899376922113,0.6782739546186968,0.6533421284109253,high
5,7,5.290395689953947,1.0363347260463636,0.6218918710786262,0.5324694760420828,medium
8,7,6.9634023014935185,1.0592156760508111,0.7811903744404737,0.609176637047756,high
10,5,10.249567612417948,0.3810040934081304,0.5779328767626339,0.5630465480631393,medium
7,8,10.241589264896348,1.03623412974474,0.3965364327421225,0.537399059016793,medium
8,5,3.4823926433007646,7.686416051914233,0.6144403413602646,0.4916452945926246,medium
15,2,8.600519167659453,4.4950145108846815,0.8841503340909904,0.6118633034123002,high
19,5,9.016431410465277,0.7019353033176279,0.6229592012113703,0.7049122715534899,high
11,9,4.341132683702293,4.320913949438898,0.5013158139751464,0.6164570697987699,high
18,6,8.145248961170122,0.6122495171648205,0.7562740041969334,0.7371731373916213,high
15,4,8.568204318364618,1.09693564182632,0.32629075395954743,0.5629452465130673,medium
15,2,14.376206706818287,2.169575267877643,0.7132534727410365,0.593186859429023,medium
12,6,7.639286859946846,3.1545873471707093,0.7745809517640524,0.633885608038339,high
9,4,12.588913974443898,2.6964068280433384,0.5585317706936989,0.5087303086184509,medium
14,7,2.5951467962040913,0.9760971786948726,0.5340780119941884,0.6503082878742051,high
10,5,8.569722944188197,1.0867489662730092,0.5437877794846285,0.551512562788439,medium
13,7,5.7111019058571575,1.564409719822223,0.7659386089492287,0.6777583236576975,high
11,6,5.600356983336539,0.8192994845479851,0.451071672459479,0.5697523379282425,medium
6,10,8.424763339250916,1.9199588637337461,0.4216461811886769,0.5615295104795104,medium
10,6,8.504847985040305,3.5295655937831385,0.7134390021144529,0.589157363131003,medium
4,8,1.4558857385268453,0.6042443714077691,0.4823993937184163,0.5124515829342982,medium
6,5,8.72192582088494,0.005861607077405018,0.6325822946294073,0.5164773815453655,medium
16,7,4.065040706047896,0.30641710135112793,0.6757653947276641,0.7131102982698587,high
12,6,2.2573113449218987,2.095711487460869,0.6856938554991246,0.6231673611834192,high
11,10,6.433234106120219,5.426189291872325,0.452412132617171,0.6193078312442853,high
10,7,11.254487366813237,2.1086981161566785,0.34847171005237315,0.54563635456943,medium
14,3,2.8652039341688753,1.5988809571298894,0.6754045332520555,0.5944217002695452,medium
13,5,10.621782160147475,1.7512661516689036,0.669071343179599,0.6171391609581272,high
14,4,4.697482668462605,2.096255999943174,0.6422392948025786,0.6044728189608946,high
14,2,4.9114798383507585,2.3071932433358886,0.6169560516235403,0.5580099220358021,medium
7,8,2.7426405972595322,1.2232010039283303,0.5430686501737926,0.5654590566752363,medium
5,9,2.7763730372525313,0.6119244470618321,0.4222939510450409,0.5353792938952626,medium
9,10,8.60275244616271,1.2543946305036762,0.4211253627689547,0.6108624416837665,high
13,3,3.6329828505440327,0.4983932800141737,0.6127875695754235,0.5742348920483236,medium
7,4,8.147566417723215,2.8423197324132956,0.3686417480063298,0.4397795513851773,medium
13,4,4.924580562666023,0.9172034962891512,0.7614324544159493,0.6211718009079289,high
9,6,5.779031040772347,0.37098110003171164,0.589258923763383,0.5703785774191319,medium
12,5,4.34176619542323,11.089268460906501,0.673628209188769,0.5407971854317104,medium
9,11,12.084245413235239,0.17891099107122047,0.40146003498738003,0.6340992670570011,high
18,7,5.451341648765375,3.1186289963712164,0.6700996173022897,0.7232290634846499,high
7,8,8.181147671835008,1.707275325204402,0.7970405974940232,0.613026283997442,high
19,5,5.544543982167668,0.6245774587890759,0.7166753316113699,0.7241712165970134,high
8,7,9.35722426848107,11.287027240120665,0.6203535397056491,0.5088238596736587,medium
21,11,3.3937310179322577,6.3652957744495815,0.8229487709718645,0.8421544490313758,high
18,4,7.437512019320343,1.8874786023110237,0.6215105030895932,0.6617189099358453,high
11,11,14.348398414859009,0.3624687861902196,0.5473815385822997,0.6920598491418586,high
13,10,3.127009735656313,1.4435461312393554,0.6693024619921323,0.7192368515234975,high
11,8,1.8193154354775207,1.3805617295776453,0.5702315620211891,0.6298425675403868,high
6,6,2.534521986088616,4.325129590116809,0.5142504617506343,0.4840158950826815,medium
3,6,4.898748410636085,1.613949198134966,0.554875631147589,0.465215464908618,medium
11,6,4.718204876085311,0.697084290736877,0.6057295043451628,0.6014986722641201,high
7,4,5.762227823640693,2.9765334620727275,0.6119938041493914,0.4875552044160601,medium
15,4,3.800489655966153,1.4219328687353854,0.7587607342469195,0.647272594391148,high
11,5,3.0047164207615666,0.27006993818275715,0.5052346940814073,0.5642464725617298,medium
6,2,5.492555360472323,0.3263626001617509,0.656072391322564,0.4590387275967678,medium
10,5,4.414240689914633,0.7594904125636642,0.6186269138119551,0.5686621133453,medium
8,5,10.276286394587961,1.111398021156503,0.5466457095671063,0.5219198217723778,medium
7,10,7.770117469476915,0.08461114393191277,0.691413181330385,0.6427185619731977,high
8,7,1.3500209729843935,2.1356849305478316,0.45109520672352693,0.5359811418077198,medium
15,11,4.673185012997255,1.5376655496158047,0.4162954470514168,0.718007985746178,high
16,6,3.2878374942419093,0.8985055798484384,0.6452053327628168,0.6830510293535739,high
13,6,14.125574735151968,1.3494948119722705,0.7207525078877928,0.6501538694977435,high
12,1,3.629681525561696,1.6237286519364185,0.5399605978681719,0.4971672618940582,medium
9,4,2.7963768700087863,3.2105805979748054,0.5515106513575714,0.503898259618349,medium
16,4,2.076826955978108,1.438876196521546,0.4838556104102043,0.6071786141052306,high
10,9,6.582555854962788,2.6066391217138336,0.48743533238088105,0.6101094723314173,high
11,5,4.488939989964758,0.9936600810979132,0.3858085147664484,0.535537302412637,medium
9,5,6.84109091944082,1.1831202825208273,0.7053608178986355,0.5681846950295882,medium
11,5,3.2084956508442053,1.5713593316561725,0.5645504736553624,0.5674343658533647,medium
4,7,2.614713277392157,0.6660789884757538,0.39157782460328067,0.4738750383308178,medium
8,4,3.280110869944817,3.804298528526048,0.870729031846024,0.5487838161790312,medium
15,7,3.1790437314571083,5.725120647781545,0.6559395290796706,0.6580204348307238,high
6,9,3.0227980647564494,0.7623501856868462,0.508838800972642,0.5666854256232827,medium
10,5,7.058137118592556,0.08482680924169046,0.746936830540294,0.5988218540464476,medium
10,4,2.691441035316452,0.10362908888246328,0.6122822732525472,0.5517655940579597,medium
13,5,3.543226005677284,3.426078585301352,0.6338794265509667,0.5989353614081843,medium
13,8,15.531155649893215,2.8397179311427263,0.7311834293345034,0.6823052329926158,high
5,7,1.5693055300127332,3.473958961402267,0.7721730540589624,0.5462748844024441,medium
13,7,1.7634833107155812,1.6868367339074433,0.77636933975098,0.6790282897241464,high
17,6,4.676448280597792,3.3534637639478126,0.8279825264058607,0.7182400801881867,high
7,10,4.943274493369472,0.3186571507520073,0.33711190597557195,0.5702980001901009,medium
6,7,0.47963134247036465,1.697184508692852,0.6376367643370553,0.5462127894761254,medium
14,5,7.681973079589202,2.2006768556515954,0.5022782453427812,0.595784470030879,medium
13,9,4.183279281879823,0.5791805873803718,0.7397698604550923,0.7190927681751493,high
12,4,10.538652084985863,3.220637976999352,0.8223139933886863,0.602991878831075,high
6,5,2.751478198473226,3.0987612117646437,0.5294701274689515,0.47523561741535936,medium
21,7,1.59574404923366,5.877468500437381,0.3546169046287725,0.6717402575895052,high
15,5,2.308462176652151,3.509886478707502,0.5519811131510376,0.6119969794388241,high
15,6,7.085013186337566,4.8024705644533086,0.6384368120128173,0.6406708919728747,high
8,9,6.330983588433368,0.6849245975131975,0.45887141456111574,0.5872081189288019,medium
9,4,10.45981250221709,0.08426276531971745,0.6817566691905493,0.5507895820693118,medium
13,6,6.081226751271323,2.3626217747171285,0.6954305037808372,0.6383352889247199,high
18,11,9.777913989958506,0.2930935643961744,0.6135519920447864,0.8107564413129827,high
14,7,1.839795515242319,2.3240038153346227,0.4598279900321524,0.6264722392375329,high
17,7,8.617103548998848,8.567051542002,0.6556430849507835,0.6690149400434766,high
13,5,9.082107149589172,5.9922494147192955,0.7934923765156767,0.6137501458716734,high
9,7,4.3972279193216,0.29561843616175454,0.5470075356538722,0.5824307175563628,medium
8,8,2.619428084294648,0.2820550493026716,0.6181922210178492,0.6017580772082187,high
14,6,7.825482740931271,2.9160643736577794,0.5757988333721158,0.6257193375167046,high
14,2,11.107267110210389,1.1910353972316587,0.5663411845913131,0.5553280009367182,medium
11,7,1.902056722270027,1.2619953044249468,0.8534309002029424,0.6672728780110888,high
13,8,2.7192424659546903,2.4028578717712876,0.7390902823638581,0.6867990039942964,high
14,2,5.089457484152963,0.05237985851748356,0.38833304968010984,0.5273174108792387,medium
14,5,0.6322755108319154,2.60612122897604,0.6453840820159045,0.621702674876674,high
13,5,4.675524386249432,0.9675973568985893,0.7186643871639311,0.6322822283867957,high
9,10,4.828842390118903,1.143441155396242,0.6583044848943671,0.6590379559428984,high
17,9,2.7709096986305415,6.657649583282025,0.8411735470822838,0.7588503788612433,high
17,8,0.9714885385343948,0.9113832139392264,0.7583692061357845,0.7605979531342287,high
10,3,1.9331554933745543,4.88819346196164,0.5917525996201851,0.4957625635109594,medium
10,4,7.39273674731333,0.49500065521199055,0.6318476645563438,0.5530695285431888,medium
15,8,1.6010059612261984,0.6866050349982619,0.5631868934302564,0.6930600117860629,high
13,6,10.384784750895886,1.7138847530787655,0.41604436895428987,0.5867829754369995,medium
14,5,3.184905545441488,0.49907921873632527,0.44542257159872206,0.5957573195281689,medium
16,5,2.7342137224830916,1.6339957364881188,0.4794421121881082,0.6249951175277008,high
7,10,5.935955754838453,4.411250871307365,0.2856511435618239,0.5327218895703156,medium
10,7,1.686897057881556,0.7888848396737482,0.4218075510823432,0.569102277951977,medium
10,9,5.5442092608360705,1.6804189592500256,0.6101441995376405,0.6408260468458612,high
17,1,5.206779380564141,1.5777179719348868,0.8591128020185398,0.6363044405908087,high
9,4,6.9806732101920375,7.946887372625549,0.6832927514690371,0.49867930114297043,medium
20,4,7.661195681626467,0.5242259567514178,0.7401897480831774,0.7245431099049594,high
11,5,10.105613671224305,0.9732364646622816,0.5587789213181927,0.5702675411658901,medium
8,5,4.22514476850913,4.828039981998209,0.43607167808307734,0.47502740240329405,medium
12,7,6.199359069815602,0.49838899752675975,0.3107284188021911,0.5788230904435931,medium
11,4,6.026107033322985,0.21318202963543725,0.5470504250098964,0.5529888714710764,medium
10,8,3.265844783956745,4.989163512446468,0.7311568200384824,0.62297027392472,high
15,11,3.7488799658336465,0.23056331608652278,0.6195904934933655,0.7673810099247629,high
8,8,4.598965236140851,5.727604403376556,0.49899429519154487,0.5416148296824653,medium
14,5,4.106617410719332,0.1701040333171493,0.5699497581184213,0.6228559247349034,high
12,4,4.962905944004955,3.976636185088444,0.5199885406928343,0.5374868002379772,medium
9,4,8.106531460023241,1.6523152278603106,0.6784707110502171,0.5396787073576413,medium
11,4,0.9315287649730354,2.1660492003442102,0.4907396602418571,0.5287076040460768,medium
12,4,8.223745760882608,2.1964298013455856,0.47136363595434855,0.5396298618485658,medium
10,6,4.130443159556364,1.1400426580931484,0.502132573356395,0.5628262302839914,medium
13,6,3.5089796064443406,3.3052312161400867,0.7405838638136644,0.6410818979884656,high
7,8,5.098060118481227,0.09280347974705763,0.3910251016763907,0.5425863304702978,medium
9,5,2.5287617134678886,5.129112616435806,0.604358028629548,0.5216775216163376,medium
9,2,8.305382948097353,1.4200503418801216,0.7467596662976035,0.51488493098032,medium
11,3,3.5791904575719613,0.5585446519312413,0.5517950189533664,0.5316353727777984,medium
11,5,3.2192878842778456,1.5395180795973424,0.7644151048121757,0.6076195670984529,high
9,4,6.581890816119292,2.091850440763629,0.4366190413822837,0.4883781386713659,medium
12,4,5.2597954547036245,0.5278258367876871,0.8195021434541586,0.6203815897789139,high
12,4,0.9984824507980046,0.09782602584059748,0.7321089946711274,0.6057696254286216,high
12,1,5.743569781658924,1.8533808161934218,0.43389500179628354,0.47442312825130056,medium
11,8,8.123891598512614,0.1869326726550799,0.5273381495054401,0.6292214120833876,high
13,5,8.226951489866103,1.5102840077150188,0.49076136795380376,0.5830837135393273,medium
14,10,6.32679524012562,0.9221349208845863,0.6529439805033928,0.7344412299614479,high
13,6,7.975264543884483,0.8471719628203165,0.3948905844416408,0.5883303038028593,medium
17,5,18.503858239363105,0.9526806291738414,0.49889200050418636,0.648427195906345,high
15,10,4.382195702510697,8.617022129590541,0.4919603462466769,0.665945255052065,high
11,11,2.493490270529148,2.1373469627316055,0.5364465803353851,0.6780403363155331,high
9,7,1.8956930967718288,4.045779361659643,0.6688393661277963,0.5817960108144951,medium
9,7,6.486406401970143,0.4588438117779968,0.6178578749276776,0.5955126162403489,medium
16,4,4.450532713504926,0.22352410424656777,0.2648087119731855,0.5714715816996601,medium
14,8,12.94175182340942,1.1698741198600286,0.8172521559871047,0.7256512703983541,high
10,8,3.635641360786992,1.9532800668081283,0.6645241291347433,0.6298829587148944,high
20,4,7.630340382195882,3.0703040048151964,0.5726282120807094,0.6740569490507073,high
10,5,8.706828779424988,0.3191546817258738,0.748884676256265,0.5976492373730805,medium
11,5,2.921844832215365,1.326157586535409,0.6510499836199156,0.5863689461470805,medium
6,7,4.020203992726918,1.8958390306633297,0.613770676495106,0.5401152084279324,medium
16,11,6.3257208305646255,1.8400142854012251,0.40200118547468205,0.7281334751922615,high
11,4,13.79182906696387,1.4995999819019337,0.6286589878765755,0.5607344643626355,medium
17,5,13.868664679645697,1.18612192983757,0.6496629685733052,0.6770251141824105,high
9,6,7.445028169079643,1.8799472202081844,0.41824445472960786,0.526115909477867,medium
11,4,6.199323183791179,7.5596405244132585,0.5665024151828898,0.5079028795404896,medium
11,11,6.160860573084081,1.2814062478822446,0.6174234537442813,0.6999419824296413,high
15,10,5.017277934540928,4.8899731571400356,0.37295788081532516,0.6669917551154647,high
15,11,11.24575048736013,1.7443409461652444,0.3882485702887919,0.7110207744166568,high
14,5,4.566164425593154,0.6995406144610411,0.8607733496977006,0.6774910658431331,high
19,12,3.6032007200409737,0.6168503696185136,0.6922931070085995,0.8593462856042631,high
10,3,2.165659073619567,2.1292608289606423,0.7269602648067898,0.541196980768287,medium
12,11,5.947412870081841,1.5757325845545622,0.8536363800932377,0.7602223921216171,high
13,5,11.83356623698488,0.6969996758111268,0.6251046139563473,0.6153742582858619,high
13,13,11.33248765477208,0.40248907758086017,0.639172053758711,0.7801511502345364,high
10,4,9.128849319114986,1.37665648105639,0.6584277326762236,0.5525078366615355,medium
17,5,7.801921292840994,1.5110410664302252,0.5726528981239287,0.6594569725152509,high
10,5,7.353940928971252,0.305029188788973,0.7693790216635541,0.601842276407451,high
11,5,8.132749329470858,4.3911991436282065,0.6924470270248019,0.574214744447439,medium
15,9,10.784324470735683,3.9650223932953788,0.7207981546787661,0.722726148313784,high
9,5,7.288506231053121,0.93242174943986,0.6180963081800124,0.5524031166397367,medium
10,7,8.99387776082374,0.7155982591375025,0.7209918026960936,0.6294277054783021,high
14,5,6.360755648428423,0.09607295739948549,0.5795184140295501,0.6252631964232468,high
19,6,2.259307670213806,2.1707439692056916,0.7411860999859402,0.7387655935358167,high
7,4,5.432091831436365,2.101474729332298,0.478374060391513,0.46666498054942057,medium
9,5,2.6246471053769236,4.109089622107625,0.31357820090830835,0.47032170936761086,medium
16,5,8.884935636806041,0.5880215489700408,0.8247492938811698,0.7010297151164337,high
12,4,8.77242416339563,5.1988541166193,0.6334584770395765,0.5520326679637866,medium
14,5,8.732789579197902,0.5241375444228111,0.48710009370607527,0.603925768445063,high
13,8,3.4155439741516602,1.0629056141192395,0.7617809007651909,0.7002701427255766,high
18,8,7.2636276808106865,2.006515514565248,0.8969839300496744,0.7960200159128333,high
13,6,10.363497747045848,0.09760155201745595,0.3959922927208042,0.5935477815307112,medium
12,2,7.2584325447061335,0.6156906254298419,0.7104239392264695,0.5579801836757616,medium
11,5,6.052731003737297,0.5305324481000404,0.6966093526785357,0.6007849875483735,high
14,5,3.0443136908994632,0.3970024072663294,0.5840468357369334,0.6241626844322778,high
14,3,7.147808705950696,6.557954520247156,0.4456687100236529,0.5154140452030829,medium
17,10,1.0070277551929028,1.979066376254246,0.6790066519703667,0.7776075545523784,high
20,7,0.8375988684735032,1.8858182698416726,0.5499318429854537,0.7374142467981463,high
8,3,11.891696865705903,0.11728111155483452,0.5919879470447149,0.49761571533191074,medium
10,8,1.3887428456682145,9.75927167454276,0.7358536093681116,0.5921089107100039,medium
14,6,6.340115735522307,0.22234601103910945,0.7239938655179577,0.6733164663633309,high
12,4,5.361804495540833,2.0042710512655435,0.3663616014580363,0.5199105132831703,medium
14,3,1.6226698428838735,1.161021715505672,0.6242937746737033,0.5871186101647029,medium
12,2,7.56058104687102,0.8452781280509307,0.3119177946450786,0.4767483714086762,medium
21,4,8.512099862512772,1.2690529081116884,0.49534912996282016,0.6706094732718195,high
8,5,2.4953084025282775,1.4030655999091897,0.8560761468488814,0.581861458703715,medium
13,6,5.0290433824849785,2.1818646385649756,0.51775321322445,0.6040048783877902,high
16,5,6.893111083551393,9.107400175755163,0.7530826149854264,0.6299005218253841,high
11,3,6.177054566735782,5.869157494978567,0.3342267466146652,0.45271763268974263,medium
11,6,3.941274654528886,0.1909281384979802,0.546091564805016,0.5929454587043501,medium
17,3,3.6020626152115605,1.2199409916386694,0.8028837618288142,0.6674438124215051,high
7,10,4.961389758992342,2.920307764206312,0.6183350199155783,0.6091982855550736,high
12,3,4.887787477907459,4.001265897113635,0.8591161813071292,0.5851481302806683,medium
23,8,7.5324726898943375,2.2109378526103485,0.4896069752040429,0.7431818093567395,high
15,7,4.599576792417128,0.06051166165315336,0.4447685007938379,0.6535502890810799,high
4,8,5.291299210343378,0.9445167692241149,0.8305272916504614,0.5798086798685982,medium
16,6,0.9931271013344516,1.8143205681345211,0.4300037278346182,0.6339052751126935,high
17,6,3.876362603447346,1.628363746085624,0.5054687724281112,0.6652379961783847,high
9,4,4.8573976205281335,4.428051973830521,0.7232702648832402,0.5301337064844446,medium
17,7,3.5941157056698634,1.4353917401618386,0.4266072060443892,0.6707521629411323,high
12,9,2.593371102599554,2.258577222592376,0.46909302874893466,0.6387614242658378,high
10,8,6.830775902395154,2.620460903975201,0.4804935795887061,0.5886289765579066,medium
16,6,6.755172109410198,1.8654054727132594,0.6548873509470664,0.6785414337046582,high
15,4,3.5368426118384626,2.974850120874938,0.7725188512345503,0.6396714361077438,high
14,7,8.199639863977017,4.0826421071266905,0.8461145705441916,0.6920053000613271,high
12,5,13.127439476518264,1.9954489547655618,0.630687321813944,0.5928344713310184,medium
14,13,5.666031399116822,1.5461531929960497,0.6895635913704589,0.7976050303207848,high
12,9,3.7265855103406715,0.022183066968636332,0.7409201268798712,0.70803613826285,high
14,10,4.70689739624049,0.13333364190502708,0.38792651796136535,0.6866964126462396,high
9,4,1.9759164502723485,1.6222625166151887,0.6066229843921134,0.5255095134343215,medium
17,6,2.4278411596048137,0.501063616875803,0.8183216923504044,0.7353239143575756,high
9,12,3.1202732856101347,2.0059523766354297,0.6665133263900092,0.6949296494337657,high
15,7,8.751422261170037,1.511813535535987,0.8561209189928289,0.7261454268949925,high
13,4,4.422332416563375,1.5475174194825037,0.37067867959535533,0.538818953122521,medium
13,8,7.692382638817012,3.516953278353795,0.7315533075474833,0.6778643063204713,high
20,5,4.155195542467496,0.16047484851192503,0.6406533166366807,0.7270608310039233,high
12,6,7.065741729597285,2.837526212678359,0.7991309818444706,0.6409093549510384,high
12,8,6.331840022717416,0.8000855525713344,0.4049453624258514,0.6156551688013614,high
11,5,4.028694797963323,2.557260328032497,0.4549278218295073,0.5389371621790182,medium
9,7,8.2182833804743,0.6146399644527066,0.7825672824798697,0.627415856732956,high
13,5,6.730647986488114,0.2783103800724403,0.5563662201340623,0.6044178414929962,high
14,7,4.433255593704843,8.234736402948196,0.5305153630174163,0.601204829917162,high
12,3,4.834986708398767,10.99051525404849,0.816162345494027,0.5299623674051488,medium
16,5,5.665221195557404,0.5331727549327232,0.700808470222552,0.6766072090116255,high
9,5,1.6669248607090916,4.038850243448466,0.635069086320469,0.5350881489744373,medium
7,10,5.240713340359299,0.1255814078362044,0.7932572661171813,0.6628142438378615,high
8,5,4.306197390582954,0.8290212708660817,0.729368837565163,0.5603469590405921,medium
12,10,3.94156214701977,0.4728539332645039,0.4971470877991143,0.6762770580047262,high
14,6,5.859246029582363,0.030520096781236808,0.7581450731384992,0.6814255473158249,high
8,9,4.710434439317902,1.730213509013605,0.7428847823527661,0.6370421997437958,high
14,8,4.084298311898264,0.2926507843373397,0.6563074543835565,0.6993104856477957,high
9,6,4.2754065232387255,4.090475728289123,0.5429181054846255,0.536313782908331,medium
12,11,6.72329353106459,1.3464288059499703,0.4470694675491548,0.6804377014701645,high
14,6,1.5863124562742494,0.605877102430917,0.616048395151217,0.6491704983473706,high
28,7,11.074105652545747,0.10464706823414222,0.7397603971013957,0.787254432298718,high
11,5,4.16712631510917,6.409165137191652,0.6539740998759971,0.5530670523939218,medium
11,10,7.468072996370362,1.060392675623313,0.4826982142967254,0.6544703583551896,high
8,5,4.637204336386539,4.4399571031540335,0.423850544108585,0.4751703948006901,medium
18,5,2.412822141587249,1.5831009870912292,0.42778014849327706,0.6450020231180472,high
13,7,3.607966428680802,0.2312375174905301,0.3072683086312321,0.5949120782763095,medium
15,8,8.468822684131437,1.3917415803420328,0.7524371686780611,0.7262091565333321,high
11,5,4.250230711268422,0.0638109031546783,0.7715475373691582,0.6188841014528005,high
10,7,14.442330139990109,2.468434917862568,0.610587947621478,0.5956613567385451,medium
8,2,6.8669177097926255,4.408178614135044,0.5744545039444185,0.4455030433613168,medium
9,2,10.55132052033565,3.921281308350063,0.8030607234985394,0.5094702693107075,medium
16,10,7.369372499521991,9.851824368256556,0.5564318205375899,0.6856075349858076,high
20,4,6.832175891395732,1.6333110518483906,0.6537543206591101,0.6998621237861661,high
11,6,1.6339352019549962,0.9788413177056077,0.6206330137499763,0.6026009939652912,high
9,6,5.301051838036476,0.49116211198669124,0.5162914836562574,0.5549838826513402,medium
13,5,4.721512795256903,0.9291706077028,0.46773430929411897,0.5823523911408052,medium
16,9,5.171332009494348,2.7121530377129495,0.43684099766538664,0.6892871792816577,high
17,5,3.192069433204264,0.45478200125784285,0.4852462286264088,0.6490173657168962,high
9,6,3.359184264914023,2.124647262792615,0.4466328347592681,0.5301622518665695,medium
13,2,9.424462148475715,3.697589792088321,0.6764461895520888,0.5456386392964957,medium
8,8,8.314212672372026,0.6270128688385842,0.49112852330918755,0.5740456188695804,medium
14,6,3.3341591052107624,0.48655145160004815,0.3522223067912162,0.5972007850142429,medium
13,3,3.540488052986771,0.5081876399328281,0.7139489786669136,0.5944018781338305,medium
8,9,9.357325043645153,1.4791285199613842,0.6817784920359649,0.6264948416074504,high
11,10,4.56545942520023,2.070504712196648,0.631282305094374,0.6774530962708971,high
15,11,3.9478489544436997,8.273091571114382,0.7253490927031956,0.73491587473321,high
15,5,3.6651501683072856,1.7114650341364983,0.7548886795591137,0.6645679690175794,high
12,4,6.442919495955018,0.2870278220819803,0.5460302586293725,0.5672925329119947,medium
14,7,6.187392382089481,2.0804054059173858,0.8119917993060581,0.6985289904884291,high
14,6,2.7093093832789124,4.135539587464759,0.587711944224381,0.6199721249284444,high
11,4,8.086805552714772,0.7408370296916903,0.6007526291150509,0.5602116122917323,medium
9,4,1.7123414472041962,2.681181605014126,0.4025407511149409,0.47763360618956074,medium
8,4,1.3052096718388695,0.13150807579972565,0.7707264601517101,0.5532685715250105,medium
9,7,2.8511612393320864,0.7124577017446059,0.45348259900118043,0.5609468017886055,medium
15,8,3.1686904332943815,0.9573934874946468,0.6082397505402831,0.7002653268580924,high
10,5,4.11429623134833,3.3502366918293154,0.7287125873773929,0.5734076061966166,medium
10,1,2.3587295849232914,0.017574652640958692,0.5600485249595547,0.4818925406409712,medium
16,9,1.969239862334888,1.9441691209189704,0.7685387805590042,0.7607466286390078,high
12,8,7.160380976858279,4.02829235839383,0.29725856853677707,0.5725964313180631,medium
11,3,3.9478214473215343,0.20230816115683348,0.5610179273048278,0.5358548643865867,medium
16,3,3.8577241996036116,0.8716694576951857,0.4936898099504813,0.5929268322721284,medium
9,6,6.964699638098626,2.2846098676059996,0.4970251411013488,0.5391742957695631,medium
14,9,3.1156206834131925,0.32294034210907974,0.734069811165459,0.7346610266190313,high
18,9,4.124114107613627,1.010154966373219,0.4699540523953518,0.7372564440365823,high
14,4,3.769978458358676,1.2199167095686991,0.4040180556876178,0.5626708330737322,medium
12,5,3.8956691041845746,0.024544059158551842,0.6620586749074385,0.6122481079204307,high
11,6,6.883764312997247,1.1633243383124257,0.4822760641696116,0.5736997172451729,medium
16,7,1.7704208984499883,4.697512571164875,0.6717973214593106,0.6830427138174298,high
8,7,9.859383351927706,3.8666431320091945,0.5783826669313287,0.5498989125062045,medium
7,6,3.0545551589302864,0.8585409491936505,0.6060664465677797,0.5404896829855983,medium
7,3,8.181647063105375,2.4450902437673907,0.5771304768767727,0.4641254937502386,medium
12,8,2.4408954635171103,6.143905537833161,0.43637547488694234,0.5863157247251674,medium
8,9,3.315133710198505,1.6989702536014186,0.5967656768096903,0.6080266670045953,high
10,6,13.095238543118223,7.74089499121222,0.2899580829729821,0.476385649986515,medium
7,6,1.8916587937965146,1.8363858774025308,0.36155245567879607,0.48506791861974236,medium
8,3,8.318680790315732,0.06829535186031037,0.5842582338887174,0.4963963444320081,medium
13,8,1.4314310454656725,1.8599948169690654,0.6898189483388457,0.6805638242213087,high
12,6,3.354449121697512,1.4713372844723422,0.5755238143106457,0.6052958476323135,high
14,2,14.685617629892597,3.1853315630496373,0.3897966589011521,0.5067237880265661,medium
13,4,7.922360219634733,3.7862602481445085,0.7713433192475758,0.6040269288618851,high
11,8,6.850130944329113,5.224813455547682,0.5083435955215704,0.591836629400663,medium
6,5,2.13267563523317,4.825166833317272,0.33623120724135735,0.42507846255948967,medium
13,7,4.210225954860453,4.643058646421122,0.7069195035289635,0.6454301763963186,high
12,6,8.195024991556075,1.3624234412530227,0.5353254557445511,0.5979822682072234,medium
9,2,4.547943796913221,0.6479966226981332,0.38556428446289287,0.4477928794079244,medium
14,4,2.6013484139484704,3.533039928902831,0.7582812043784549,0.6181026413496721,high
9,7,7.665600871250492,2.9310516046444235,0.694944790793167,0.5944486141276706,medium
13,6,5.506918363745079,1.2953275237005817,0.6175950020096236,0.6298834835772542,high
7,8,2.9207995262862765,2.106169582724435,0.4775662510801907,0.546472119664542,medium
16,4,5.906129818110419,1.0270256169088137,0.7412110563456671,0.6613953738230747,high
12,7,3.7390478652751913,1.7303245449300881,0.6579541981211243,0.6400553426580242,high
15,6,6.360284797557801,1.156558619282697,0.5999155613785051,0.657272721480483,high
13,10,3.8724946756327663,2.9991502223558273,0.7172070386924363,0.7184470729227818,high
8,5,5.111423083237794,0.5252524532855524,0.7493161913784276,0.5663615552537818,medium
7,11,4.889671249099165,3.256535456192288,0.6764849721935645,0.6385867580640976,high
11,4,8.318103619402152,2.8514199144365735,0.524827539951953,0.5309560418941468,medium
20,8,17.381914990937034,6.083021905737317,0.4366206460232661,0.7067706498330711,high
10,7,3.8385100903197253,1.0992618968527161,0.8164220999638446,0.6459560073470841,high
15,9,7.178868915956951,0.4019462291667029,0.6477612208901347,0.7318726026502489,high
12,5,7.742159348940192,0.33245013867096584,0.7198434314702901,0.6217523520362516,high
12,8,7.292555574439811,6.199112600097133,0.8737328795862178,0.6734191585832627,high
12,8,6.509320730121242,1.2324775144871822,0.5695226070964818,0.6456880046560485,high
14,5,15.757264834628886,1.343485887982327,0.5948712423125764,0.6200176758759665,high
14,8,1.2302961234223115,0.4989757949159885,0.4556919114436827,0.6578118769892967,high
9,6,0.34573782312467527,0.5269719148163575,0.40788536773059814,0.533063927447344,medium
11,8,3.031624081114533,0.9159583149522933,0.5931376178407725,0.6375211348018059,high
12,9,4.951243786690501,1.2234049753787066,0.4028166693636186,0.6324073007035323,high
19,9,14.87640249427901,2.469742596549996,0.477788544000264,0.7440927581563861,high
12,5,6.654620619865158,0.7740310796922154,0.335485452917148,0.5419368833854815,medium
13,5,2.183257238927264,3.8951040319125196,0.8051515958735821,0.6300629589619663,high
9,6,2.203356340266679,3.736912738628872,0.707643450660297,0.5716159385412003,medium
13,6,3.2281313315622677,0.9997634199226918,0.583621127544841,0.6250591360428169,high
14,8,13.541636757354924,6.058263857432523,0.7867362985675582,0.686958833997295,high
12,4,2.54059475620367,2.7412481375815934,0.6229718168895072,0.5663193757940241,medium
8,11,8.477903473367528,0.21020642858657282,0.7063409441043361,0.67986681263029,high
12,7,3.445795447037027,0.7590202447379982,0.5605071473192207,0.6270412944989241,high
8,8,9.836549932302692,5.410680279871284,0.6983713932664263,0.5836030767874768,medium
10,10,4.403783296631515,0.2699158229252646,0.6084432743560242,0.669889216051703,high
8,2,4.770085373975727,0.4505717428484497,0.7309150618932035,0.5031792007596511,medium
9,5,9.79148388463117,1.086700272441293,0.5363224643476384,0.5350198243865857,medium
12,4,11.316532702465018,0.5238825812164507,0.6000696824740859,0.5765213859533742,medium
14,6,3.6343579805049626,0.03926702159609081,0.7998016772459983,0.6896985553052257,high
13,6,2.0764655324463783,4.074434651808912,0.5063999261526706,0.589117087551808,medium
7,5,11.991731931234504,4.907758866487253,0.5044402523319139,0.47316965802313443,medium
7,9,3.578977061933892,0.7454480988921682,0.7505677595916863,0.6301438979257228,high
14,6,8.674118767795676,0.1656281028488476,0.5407689520392147,0.6370496030555173,high
11,5,7.214455573184944,3.2294998464053233,0.52963668694758,0.5493973384134805,medium
20,9,10.268463592889269,3.8578639717106187,0.5757396191780166,0.7694288306908659,high
14,6,11.240877417774588,4.685939018828277,0.614347341427853,0.6216298748267154,high
12,11,3.116245103239544,1.2394342936580172,0.6112621027815188,0.7139895252652504,high
9,5,9.162073443758482,1.632661215348448,0.8097052669851944,0.5860566452947159,medium
12,5,7.599797235305303,0.045552782510028936,0.454485290832595,0.5705933729497854,medium
10,9,7.20827144340495,4.665516306089336,0.513444900511585,0.6015855380617214,high
8,7,1.59780908316612,0.15785722215622638,0.7187079216148456,0.6026892028419276,high
12,3,2.4115712198081574,5.409685254452328,0.3133060143904931,0.4665966345150831,medium
20,5,2.97527344074207,1.525973945217592,0.16755408122145354,0.6233376566095068,high
11,6,7.6816723825596664,3.6407276166218154,0.36074553550537636,0.5328775896569299,medium
10,7,8.441314185772745,2.57974523223349,0.8183745300714456,0.6364766044660659,high
13,1,8.092130726502967,0.8863899469344299,0.4928974771503872,0.5076702291171813,medium
8,11,3.554501572871005,4.2104510883562005,0.6983978840626126,0.6516099028901479,high
10,1,9.528728169358807,3.2368156786228486,0.5566451968982543,0.4597502681888319,medium
8,6,2.8749342883321285,4.887325563207934,0.8408276691046259,0.575583363399539,medium
11,4,6.7927003218788755,3.892812490456165,0.5036924972920399,0.5197864161887003,medium
11,3,7.325931682201931,2.4341852858773043,0.7465498454538282,0.5580820671849169,medium
10,9,3.1410559354409786,1.9470809052568425,0.6770223512497018,0.6524239308815614,high
5,8,3.8696047881517126,6.5992009695928475,0.5366522728537768,0.4983357814401364,medium
10,8,4.996005365945604,3.5189142324690166,0.5495211894173986,0.5964448096670196,medium
11,2,5.532794290264964,2.44231571107171,0.6281060629583909,0.5143391078512001,medium
16,4,16.57483426412222,5.222602254765026,0.8032299721246813,0.6458286460598361,high
10,4,5.26607224135877,3.6828507705254783,0.7597270929329257,0.5573930801164153,medium
11,6,2.9894253853777153,1.4956682867150108,0.6245664631781592,0.5999421707241985,medium
16,5,4.196749057789489,2.9378322418172327,0.4479404549945955,0.6100025427201375,high
13,6,1.5554699629395752,0.005027118699624959,0.793527943515711,0.673672074578478,high
10,3,3.222814971602187,2.152263959420938,0.6147032495228405,0.5185922235084285,medium
8,6,7.284258418160043,2.0988661198585805,0.8467048475492557,0.5953485287107939,medium
12,5,7.7150813418911115,0.7732260834262229,0.7700895670214959,0.6288630728481244,high
9,6,11.833260485836288,0.37257812515827216,0.7834724479906766,0.6092106354304135,high
12,5,19.283607655745485,0.5493262363693145,0.4169647663848827,0.5597307783678478,medium
15,4,3.1104526718215633,2.61123913283957,0.6913616826157079,0.6258640756375444,high
16,6,9.574706418948914,0.5360024041174056,0.45281859831010424,0.6469903703012381,high
16,7,7.562044785450327,1.3040442051090664,0.5542067281838816,0.682147717602716,high
10,8,5.599026613796964,0.7740190681041784,0.5881004804402868,0.6224599689673629,high
11,2,8.609360686270676,0.7570954406016672,0.5421885428779962,0.5083904056382549,medium
12,4,7.927992122207695,1.002450790647365,0.4326351938798261,0.5398440335049828,medium
18,2,10.074412932384114,2.0454556004064828,0.6614312645263508,0.6286498822358936,high
9,5,8.036080858950164,2.4767867881583068,0.6195511092556054,0.5423983099300658,medium
7,5,3.7533152748033407,0.982597092647279,0.48116351061472057,0.4946820548386289,medium
10,4,5.844113999737474,1.1362927368193174,0.47719188657653416,0.5178630924031781,medium
16,7,4.347869253921775,0.09349371122461204,0.6539689428488632,0.7101704971616086,high
13,6,21.171940174259092,2.997885946623083,0.7442473512280857,0.6438635639347966,high
11,7,4.780794190314031,2.1978259742515056,0.556204638070884,0.6015887544525,high
10,5,3.92897955463389,0.05604527881676872,0.524392852199371,0.5545049352477625,medium
16,4,8.537832839695099,0.9184068312853453,0.4921490690576757,0.6123071016029662,high
16,7,9.208485373395558,2.637862926412862,0.5564920128072561,0.6737126497186989,high
9,6,6.9627341914597505,0.32971704620657255,0.6064121919892022,0.5740843247564633,medium
16,9,4.690329309354876,0.4958406579658188,0.8486825213948413,0.7864308998925295,high
10,13,2.5884927332359724,3.520636039613617,0.5114300691498019,0.688815106899203,high
12,4,2.5197306069253784,3.7430824057661174,0.48515164878912564,0.5320764470527177,medium
20,13,9.638805177860498,0.11148399556217164,0.6450281936461104,0.8882624120921411,high
10,7,11.090157333342528,1.0877031708645497,0.7033478283741182,0.6234182112023934,high
9,8,2.9732420096168135,1.0353381766285308,0.5943232877023776,0.6069624030296188,high
10,4,2.7688023397678636,0.2598212439221556,0.6971760176674342,0.5677030619073391,medium
16,6,4.642914316642861,0.02803017081389879,0.6141778256859545,0.6826486973317649,high
16,4,9.371543961826799,2.275284123013067,0.7775346337423098,0.6603383659283749,high
13,4,4.494179112826359,2.370729825549661,0.645529828326198,0.5883011001615752,medium
20,4,2.1254660499664313,4.4988310825392785,0.5590459435454985,0.6618169814921713,high
15,10,5.2743070164031804,4.433105752502709,0.6346250797007739,0.7223709775901367,high
7,6,6.069210801810756,2.5079068308404606,0.7605791603862992,0.5603964532049901,medium
15,6,5.614296914327303,1.6226399571435033,0.7846255447378118,0.6911075092332724,high
13,8,8.045731825895578,1.2742214380692947,0.7763948848953585,0.701784167391943,high
14,4,4.070404003639299,5.162777062637233,0.663619459962842,0.5883053782416535,medium
12,6,5.208872079263148,0.21992957311899367,0.5330263496630456,0.6051390727784826,high
16,10,3.549059613465725,0.37777290871465935,0.5164701652342404,0.7407755469887503,high
14,6,8.109704260068673,0.48733345737280875,0.6961764874661832,0.665986407777418,high
5,7,11.014603092407679,0.8874382293399949,0.5920921341965352,0.5275021719770404,medium
3,7,3.2378213993479177,2.693820814565797,0.7297890795959431,0.51299901048875,medium
11,6,4.893824826420584,6.04465398028572,0.30930237961105284,0.5065627827203059,medium
10,3,3.39533316304005,1.8897364951315458,0.28156185493857394,0.45371412768683783,medium
17,5,2.4125086163411966,1.3021657899988912,0.6178905444054534,0.6698970036144314,high
15,4,11.485829824055042,4.971844513062368,0.8202943109148716,0.6359132320958919,high
10,5,5.034492501683121,5.852861917959491,0.7202495077855796,0.5550308221040526,medium
8,8,1.5432569712672861,1.972071029836484,0.6025984599520804,0.5873725517915063,medium
18,8,5.618144550759937,0.6343000628300359,0.46700571605065444,0.7191724761245974,high
6,2,8.849834695336876,1.1698478740499794,0.7730619129168468,0.4768133967563696,medium
10,7,4.742060418427273,5.3102600222245515,0.8089325765946129,0.6163847818374256,high
14,6,6.340673915596307,0.5416995546206737,0.758506801250924,0.6780900298860469,high
8,5,6.981111226198651,3.6476559434856055,0.5200981410018395,0.49970192191046386,medium
19,6,22.63763964757675,1.315143826637181,0.6187779639504621,0.7199879672791778,high
23,11,7.052442655977334,1.65911316486569,0.3191887572324584,0.7727769970140537,high
19,5,2.450588192909609,0.3298344392880265,0.7782775202538458,0.738456607788849,high
12,5,4.732823082438444,1.2436035615462526,0.4733965349757754,0.5663886165848467,medium
4,4,1.0111838654928522,1.4189118540528054,0.5875130379301977,0.44804319522568753,medium
15,7,3.623497719396689,0.10173639153697075,0.5983106962738844,0.6839838966445304,high
15,2,3.0112524699574696,0.2870032103948095,0.514811373462151,0.5660489199564648,medium
13,9,2.031953595129081,1.1487333137631655,0.48208747917035427,0.6637592737423165,high
8,8,12.3732131038663,1.680161127437553,0.6337164697846567,0.5955422197740143,medium
7,5,12.589537027896919,5.364780132046167,0.254465826977287,0.4201279645151496,medium
14,5,6.794683575357941,0.9566114795321965,0.8246781347081575,0.6685582170780836,high
12,9,17.410176855087695,2.0006819369998636,0.6024189823909561,0.6671459168981921,high
19,3,2.4095522712622888,0.5145149322167153,0.6560778644028419,0.672785473332457,high
11,7,3.687142569271484,5.114974366680046,0.545718674276312,0.5800439057440621,medium
9,7,9.871954832728408,1.4813366929847667,0.8819932494499322,0.6415230719367547,high
9,4,7.63186542238704,2.6397317549022223,0.5787170855402495,0.5131452054087018,medium
9,5,14.097741364915509,8.03048577540708,0.5901361046451954,0.4994906490929919,medium
10,5,4.939873518848807,0.052894415818375645,0.9159673002853813,0.6328408306182871,high
6,6,8.769178415663365,2.7426117408505863,0.3855386417502726,0.4688236500777173,medium
9,9,7.047616780157844,1.1322056135500589,0.6467502861234821,0.6368020198010294,high
10,1,5.138853832243731,0.6544560372039075,0.6748907490802005,0.500615109568014,medium
8,4,2.917873424117757,0.035786393129758405,0.7380958037399898,0.5473805847937996,medium
14,6,4.519065902430384,0.6986214793893567,0.26200317798617195,0.577743159067972,medium
11,8,7.583969309727167,1.4774280962448456,0.43104817764411935,0.6013601148871915,high
18,9,5.728959037014295,1.202914685177698,0.5751267233792666,0.7570059134413354,high
14,4,2.799067785331048,1.299374119555926,0.6274556658417938,0.6068286390379859,high
12,13,4.199350705560249,0.7649067215553459,0.7603944125379792,0.7869795043638935,high
15,5,3.0050818391115937,5.460599859162161,0.7532915242342342,0.6392543057857657,high
13,6,5.211060317135729,1.8031998518804142,0.5256965465367485,0.6081179769614803,high
10,9,9.502577319091227,4.82236785860383,0.759049404208055,0.649660761784252,high
14,3,5.30820793174459,3.8529644302064994,0.7590826735337435,0.5961301051720388,medium
12,4,4.4164133189565735,2.100876150530953,0.5584378715712792,0.5576817333107162,medium
14,4,3.779861101610533,5.393021286059502,0.512862055578246,0.5566189358752526,medium
12,8,12.59158826939997,10.714482071995858,0.3906633237853879,0.5467027842771052,medium
9,3,4.188813487640976,2.7561233088831307,0.8226129441169299,0.5411484334308319,medium
17,3,2.5566298146055813,1.7620477914049322,0.860661558599956,0.6753853264439583,high
10,7,7.808416125997303,0.34495311631035497,0.6797251107237681,0.6236453347026846,high
16,7,10.498919741063546,0.10955116923023754,0.6634369486632512,0.7119570486044488,high
7,8,2.340392109086955,0.15500747358223801,0.7182437661896653,0.6076153700807181,high
16,6,8.125548113842068,1.767312538944562,0.6954226986595499,0.6873024561389462,high
13,4,8.456863228491418,2.448537347190375,0.6049997902900791,0.5796763757434134,medium
12,7,3.278693427904831,2.1891792349530714,0.5927155288282969,0.6239485775326389,high
11,13,3.1108807848516022,0.30923377039043576,0.8738013156699356,0.7976987046647177,high
14,7,17.03324165493261,2.1339406049713436,0.6548547415503447,0.66674467761026,high
10,8,8.885841352231495,1.512415677474846,0.6127013892222228,0.622457506661279,high
14,6,4.144176725792265,0.014014991917166503,0.506870638147315,0.6312806943500153,high
13,6,1.1589406924038292,1.2229287702898253,0.7377229723433767,0.6543917360000766,high
12,5,10.689677255351846,0.2764739880555585,0.6589057544600253,0.6099379909716347,high
11,7,5.539920678239154,3.0647509638779735,0.6361833866402883,0.6118050042355379,high
9,7,6.705072606440634,3.679485819904987,0.6594973685085391,0.5823695682356747,medium
8,7,3.7645087793747942,2.440518243185629,0.6340889839057399,0.5705476751599105,medium
10,5,3.6240946484476457,0.03193694250432266,0.5681587318087689,0.5634188334117249,medium
11,13,10.00226237564889,0.16291470141300574,0.5733289786190858,0.7385796977143972,high
20,10,3.8237549496463026,2.248982328540601,0.5299386448137575,0.7909945134391475,high
9,2,8.869634454732532,1.8937732059867112,0.6276855304155609,0.4879119513765341,medium
5,3,5.987374302504294,1.3430240970875773,0.8043308124127053,0.48691266850195725,medium
16,5,2.13992293222717,0.49761340671454746,0.35305400991842045,0.6072933792722538,high
8,6,8.162484693715124,1.9948837199266063,0.5438665558576701,0.5354740863720233,medium
7,4,9.010043955610616,2.4628326345319445,0.646982607405888,0.49797763725096467,medium
11,5,7.599748001820489,1.903818672565588,0.8903709073429581,0.6303820569848211,high
11,7,3.5436025247212997,0.22260041168741626,0.6893433165734195,0.6413846605701012,high
12,6,2.6403575801376697,5.105547226461533,0.5053892469788247,0.5670408678860214,medium
8,4,8.7974506499883,2.0716646589505325,0.47869926785343464,0.4819287558443501,medium
11,7,5.9053515920292465,3.084837122949432,0.8355169624994814,0.6515378116802334,high
14,6,8.764833185150295,0.08027697960780135,0.6672105097747774,0.6629069220909034,high
13,5,8.359150296259768,0.11251576168187773,0.8243109507235682,0.6591120850668344,high
6,5,19.25646973594204,0.738085918934619,0.6610010732001936,0.5172796418471413,medium
16,6,6.3210830122080655,1.527630314807394,0.64795433964112,0.6794066658295081,high
9,5,6.15173490061196,0.2747953831864907,0.742493750579443,0.5816667808946454,medium
14,3,7.535213875047102,0.3866935272903505,0.594609173278472,0.5863438778070921,medium
10,8,0.44683990071238205,0.2283312986276164,0.6616840565377934,0.6408146026500412,high
11,4,0.5883141395674967,2.7568036319896474,0.5561973514478967,0.5378607794096484,medium
13,6,7.136171333961874,1.5339080195077668,0.48844885479216826,0.6024637174950486,high
20,7,1.426250700410693,0.13713351672106525,0.703560395792839,0.7797978557137606,high
14,5,8.763724035978145,0.8368053104399623,0.32765245881342586,0.5699517896930855,medium
9,1,3.919557222656196,3.1371521532470066,0.34952941361862944,0.4039915350354125,medium
16,3,7.975326885870114,2.467251905226232,0.7511946904443397,0.6337905920540263,high
6,5,2.2890638154142247,0.5720334754216481,0.2939562443128016,0.4449776923597493,medium
10,3,9.215902145454102,1.500207007787996,0.5971499249984503,0.5194286049477701,medium
10,9,5.155585429486677,6.539168045834292,0.8004175695458404,0.6464890602702728,high
5,8,8.077479019556314,2.209147254151365,0.4371467162370113,0.5077016948863932,medium
14,4,8.910380039374475,1.2271843578637531,0.5868596449417509,0.5991906999359251,medium
9,5,5.0771736751612675,0.587021000847648,0.312468987316553,0.4935803241243263,medium
5,6,6.4994649312660595,2.035421637360428,0.625493185072334,0.506529159432064,medium
13,6,7.132809079571972,0.45642817533198454,0.6005454312783055,0.6320662317534479,high
11,4,8.932953607762137,0.7010982675180316,0.5440985636354821,0.5491457242769763,medium
7,9,9.022659045548854,1.0672152770588241,0.4467895050703168,0.5672431325003379,medium
18,3,3.5719852640341,0.42390387610999564,0.7140778257963986,0.6699895393185464,high
12,6,1.777494245712865,0.4367550698518354,0.7536696517090649,0.647822229876134,high
8,7,5.246849101998495,4.475242236751871,0.36276672360885376,0.5027183964767583,medium
14,6,6.110903331034028,1.5803049450733548,0.6817228721619082,0.6558092081318926,high
14,5,7.254893360546075,2.813534319381256,0.5221179148872402,0.5956666875149064,medium
13,8,4.143617343026981,6.477833675649073,0.6584258524084711,0.6434996126440338,high
11,7,7.981187901977741,1.2977662996791168,0.666610223812196,0.6296702694312452,high
11,5,8.180639338490087,0.9332690989791972,0.37491459482399186,0.5337611249716038,medium
15,5,5.6440066977665975,0.4507674453463586,0.41672874118270453,0.6053406319342318,high
10,2,4.089785198604169,0.8065046408933572,0.7528266863011538,0.5351886396542751,medium
10,2,3.9255162035085154,0.7726650070303015,0.7896166862478743,0.5427722372027062,medium
8,5,7.30757367206276,1.060766528518231,0.7684158171465388,0.5666113865725195,medium
12,7,8.071030421319874,2.6881559434361653,0.5854027648757496,0.6191595133522422,high
14,5,3.4692629372399226,8.652007373487834,0.7824390128518461,0.6088077534137837,high
10,8,6.530911492948132,0.41538186621071865,0.7043947480759047,0.6481097371737762,high
14,8,5.93969862642683,0.9910562269132291,0.4057205436610213,0.6445370672194494,high
10,5,6.352453717700606,0.061255134725042425,0.6964850959452406,0.5888886516242146,medium
8,5,3.5011923878647075,3.4827147953725097,0.4827729865946138,0.49333649868310603,medium
6,5,7.873882863424798,2.2930037221005417,0.40313667651634244,0.4553406438225982,medium
11,5,4.780815555954009,3.4513851891117184,0.5101903903678829,0.5440288434794984,medium
14,6,18.776522570717187,3.0561923114995673,0.4870527520377505,0.6070359349975529,high
13,1,7.443401109158346,1.1555312108516342,0.7682528162581345,0.5609470218459494,medium
14,8,18.897622721641298,1.0684217129303881,0.47333956326106924,0.657545101232678,high
11,5,3.58251034703512,2.2492891747928088,0.844433410299672,0.618891420894649,high
12,8,7.500878192697982,0.7198029506633978,0.35161768760783035,0.60552485118381,high
8,3,10.008523444065464,0.9535852022839789,0.5231661540225647,0.47827599612261973,medium
12,4,5.41507334511842,0.949393318215178,0.6721949802272124,0.5881097072573414,medium
13,7,5.898157380847035,2.2402984992685036,0.37971396314553724,0.5960074693006507,medium
17,5,3.3795862700027444,1.3803387715670632,0.8052117826203129,0.7068400980469489,high
9,3,4.660457086289228,0.09258689170853303,0.5891883247746617,0.5122204190102088,medium
15,6,4.552579687939637,1.1598953592956731,0.6638769160497487,0.6700427474813119,high
14,8,9.051163124672907,3.277725245321576,0.6013003249642951,0.6684085633573819,high
12,4,5.787545412861379,0.20158073542196994,0.5103609843740252,0.5607283253053252,medium
11,5,6.3067145956042285,3.3229283541732375,0.7077480051061404,0.5843967453267398,medium
10,6,1.7180718972537803,2.549799773105023,0.7536045669213913,0.6037222482302449,high
16,5,6.033190764128898,3.731869562399141,0.5661146093746954,0.6283437914589448,high
12,6,13.990333920886098,5.577145188923487,0.6148986246406019,0.5857987570019638,medium
14,8,3.291100982945338,3.8654030801871007,0.5355475571405445,0.6513401575601949,high
17,3,6.312267911987463,1.038090920291204,0.5452063776602974,0.6171206693967848,high
8,7,4.9310584785058325,0.6641937284256371,0.7537955658300679,0.6063311549765094,high
13,5,4.117728084063558,1.7396149538215249,0.5108114826882352,0.5855648635121702,medium
14,8,7.648820476240397,0.5891010679479972,0.5684309912396448,0.6797588577949423,high
7,6,6.396882195395795,1.0567958576077732,0.7487211631051944,0.5676989269036538,medium
15,12,4.4025046240673165,0.8239160877233871,0.4904922192008586,0.7576056699220158,high
15,8,4.215475562366056,0.024381699326884474,0.6519256059030527,0.7152225765184314,high
11,5,8.55841381632991,0.32082488249983343,0.4895603757874437,0.56077324260749,medium
8,8,3.9317289640032076,0.10133226188916365,0.4897031072277054,0.5772650730329467,medium
11,3,17.75731938764514,1.6548144915848677,0.5691482189537137,0.527797547180177,medium
13,7,9.369415511873779,2.5729843671778223,0.7976939626309493,0.677385563411671,high
15,9,13.805615596217578,1.9276941457945753,0.6584164252399687,0.7238319907426966,high
18,4,5.577997596158742,0.5512780544477427,0.7308372448659468,0.6924922619435377,high
13,5,11.951587429251868,7.772666137721279,0.34592802177074844,0.5123678301026745,medium
17,6,6.796333319372641,16.768468323928143,0.3286718025461835,0.5289445716830491,medium
15,4,14.174009247182022,1.7773729009512196,0.5015080490932905,0.59345245714565,medium
10,3,5.978478238347208,3.8209534554708595,0.7310122711808826,0.5307294311997041,medium
15,4,4.1677872440134625,0.7867276048274353,0.6838557285699297,0.6365262950151364,high
11,7,7.895923191361884,4.891155867629546,0.6332520913178159,0.5990427124793662,medium
7,3,7.867173477493287,0.7644983726212056,0.7320499369068586,0.506313331563897,medium
10,8,2.555606246022249,1.9526092069730057,0.20177108729808266,0.5373368227464632,medium
9,7,7.014549524591918,0.8832687250050636,0.3760587529274135,0.5443232924187823,medium
13,6,3.315478727598219,0.05232311658584301,0.7994286099516396,0.674536901213089,high
10,5,9.895689036431355,2.477416033091217,0.551370900425702,0.5437580731978656,medium
15,2,2.9587476205553647,1.9226767448763307,0.5376117915348682,0.5597045133411314,medium
20,4,16.33245985394112,1.8514093201988366,0.7031678159140022,0.7082908343814749,high
13,3,3.667099553359627,0.2367243006940913,0.6180306330672842,0.5770279646088295,medium
10,6,3.3651187597028,1.317020617418838,0.6903939768393205,0.5992986579184052,medium
10,5,21.328472718217544,1.9734505398039546,0.809893037860229,0.5988222706400195,medium
15,7,5.009889594505624,0.5293541675118225,0.5387835894100412,0.6692276900985961,high
11,2,5.83797085830666,0.35093019208856224,0.3773005542332711,0.47812057623273047,medium
15,10,2.488683014124166,4.774114192146531,0.6923386796971732,0.731640307991791,high
9,2,5.167128818416447,2.3581639610422864,0.8528485555532573,0.5298486180370362,medium
8,7,1.9563506227592566,0.9927925733788271,0.8218989945680371,0.6177611817577486,high
10,7,13.772980396796715,3.183495094457022,0.6327874066117539,0.5953341806926373,medium
10,8,6.213032839129815,0.2773414454211261,0.6384108253450085,0.6358332220995275,high
15,9,5.0767176862512775,4.936591819555573,0.5330868816267599,0.6787067641949814,high
15,3,5.126797240437412,4.767710815257269,0.542626488670553,0.5617405589657288,medium
11,4,4.207292159190416,0.10774499942077143,0.7478216645089285,0.5938460329056472,medium
15,6,7.1024212387146495,1.0731047777652403,0.6162005725678817,0.6610860826618081,high
9,3,8.639660126923118,1.7180459764910432,0.4607225214552441,0.4756908644477752,medium
8,6,3.03624010368289,1.3662648644506417,0.6676631780728712,0.5644242031849034,medium
15,10,6.050183680478441,0.6308482642791835,0.3134802863256154,0.6834904021699285,high
10,6,6.709398705639787,1.7096153148524222,0.5922303704797202,0.5770486386635947,medium
10,5,0.8275596610339289,4.701339844954652,0.6497786103965952,0.548613456446288,medium
17,9,6.411191678747111,0.24781128018503906,0.6135549381158418,0.7560589124219348,high
9,7,6.649334470837982,0.2555584990862825,0.8385110210745111,0.6409984808876603,high
15,5,7.505862849168697,1.5437432610135609,0.4651405274242619,0.607736483744762,high
14,2,3.1245203838373525,0.42308484569062865,0.6399545700135663,0.5751703483647758,medium
11,5,9.207965645848018,2.6389996182462365,0.6500179234857838,0.5774102539088486,medium
14,5,4.677937054267353,2.313920011974885,0.7244008367438278,0.6394540339355996,high
8,8,4.829752744810223,0.30229545298075133,0.6994799682245358,0.6178806906250356,high
7,6,6.003132058765712,1.9637476267152996,0.5473886680975195,0.5213860827747352,medium
9,8,5.234686575132763,1.007761833881176,0.6373827464292164,0.6157581370599688,high
12,4,3.957220130152071,2.5627318564783983,0.5850367037341082,0.5599224617036324,medium
11,3,7.51133498882646,1.3547214243284151,0.7336869715617941,0.5627059181501695,medium
16,3,2.729995780139765,1.1569971360654001,0.6917985878424392,0.6306464033280519,high
12,7,8.8489732284396,0.7533942682129318,0.636284240028607,0.6422342195509685,high
14,6,4.14886860879676,0.561715170262714,0.7144411133458382,0.6691434548674162,high
13,6,7.583400233816702,3.115558484467212,0.36420469288721735,0.5670705486809954,medium
10,6,2.9063154187824525,0.22657480605724026,0.612668573452008,0.5910232159833534,medium
10,6,14.404508177825202,0.47926488111020366,0.6496087732714266,0.596726655446884,medium
4,5,5.923013616980043,3.3172944751512627,0.6124893652581987,0.4603825765506313,medium
6,6,4.999879428437238,1.3518526405505558,0.7279368468018523,0.5465750184233669,medium
13,10,16.24631084224304,0.4681579924804032,0.8059227156686994,0.7530634898505372,high
23,13,2.130791474636295,3.709507728157022,0.744579894136301,0.8841859273062134,high
9,7,1.2397909465130956,0.9967460045025436,0.7494389633059092,0.6182428192978315,high
6,8,4.046506837700728,0.4456314343490715,0.43196889543563033,0.5334229028581323,medium
14,1,10.752781277682665,1.0807942832563995,0.4585877325767167,0.514512251293634,medium
8,7,6.602753804824616,1.1716348273968153,0.4666286618081625,0.5455148335123203,medium
9,6,1.6968171483058723,0.9630960362530389,0.6657896787578298,0.5817372955098791,medium
9,4,8.725986945644722,0.060221711259193976,0.5991496835235651,0.5344284586296517,medium
5,10,8.118419926401417,0.10140090525688993,0.377877104619919,0.5498994148889379,medium
10,3,14.170190854676932,0.4974215261816249,0.4679116009360549,0.5002661766793335,medium
9,5,5.810496026683052,2.273847123785664,0.6977967535640456,0.5594003698875714,medium
8,5,5.61137843786384,1.2061804917270669,0.6909100004838826,0.5501407968185961,medium
21,10,7.260023342540345,0.9984330935246746,0.29245003097564687,0.7518337855716315,high
8,6,1.4234004694348066,1.3138368263509501,0.3559985184372577,0.5024407915117786,medium
19,11,5.059619212312331,0.2079165426630176,0.4647860708717768,0.7965711038899352,high
12,9,1.4494929372391478,0.09269033523812373,0.34997988323612844,0.6293780410789716,high
9,7,5.167548123739275,1.177470077767623,0.8401689013907903,0.6351839797597073,high
18,2,3.9943977298219844,2.389860485890682,0.53445016879114,0.6009576305189568,high
12,12,4.926084672860845,0.5169901395980768,0.8222459972345605,0.7810025985162583,high
15,5,2.737271952530199,0.1269294054378175,0.49427271899719066,0.623008347763186,high
6,5,6.24374851894697,2.554925116537817,0.3754047292149522,0.44804811173273834,medium
15,7,4.927595340939633,1.367283767929391,0.44125453221121974,0.6441356813227147,high
11,4,4.0030438472160315,0.17175497428722927,0.3926462157431002,0.5223842099867052,medium
12,5,3.55197404139998,1.224667342497632,0.7271994192594335,0.6172754349019025,high
7,7,7.958239203121672,0.3225189294269281,0.6273959848414126,0.5683290707721029,medium
13,5,8.51145215831303,1.7600397923348583,0.45536412857676406,0.5743392270997871,medium
12,5,5.1584359879811625,0.3776328521157443,0.5155721137006973,0.5805968703927011,medium
15,7,4.702117261333775,0.6370799338023231,0.510139709210747,0.6627807422834673,high
9,10,5.092261031828885,0.9090373758709955,0.3484407179546754,0.5986278944184618,medium
14,5,6.387659814015835,4.822115789033025,0.407152751176735,0.5592831116417936,medium
15,4,2.261846332681136,0.2805819444000578,0.7109767485218728,0.6453248034083742,high
6,9,4.484540956844209,0.5692648556447728,0.5843129576724131,0.5830674924968509,medium
12,4,4.314440978022285,0.10912661882459525,0.3353248961409487,0.5263374684360258,medium
11,9,9.071201203622048,0.30878539599852006,0.5674495295471264,0.6564313366027685,high
10,5,0.974298933190465,3.3226998615704484,0.6697149306230159,0.5617916537141335,medium
20,2,2.3936457015742754,3.7403413012775073,0.6216534372388622,0.639395078772589,high
15,9,10.574119897684676,0.19171872707353282,0.7207854836155275,0.7478789718759485,high
13,0,4.808549846973273,3.892128350072026,0.3432661754294382,0.4377057127520742,medium
15,10,4.130236587829253,0.5668024652913201,0.38350661772218114,0.6979226404424941,high
5,4,3.1892908498661385,0.631987186306015,0.5980023949385107,0.47038723107899544,medium
18,8,4.96276847969155,0.9295650295661989,0.6519648001542533,0.7541958598337427,high
20,10,4.245693060516379,0.08663640622843588,0.2966297368540796,0.7587483713292931,high
12,6,5.91644659275314,1.0699187959238887,0.32521405243419893,0.5579100185140139,medium
19,7,5.222600732793881,5.7043690062720165,0.5873014725320659,0.704431167797933,high
15,8,4.638736718980753,1.6598919836084411,0.7013061813209621,0.7141952897068028,high
10,7,2.849453982199286,4.975563764578921,0.6207856464462017,0.5809867041920476,medium
6,8,3.6830339469913467,0.394171590467947,0.7442666256477718,0.5962255145264348,medium
15,3,3.928043658484351,3.635105726984127,0.7445789461397572,0.6096817510480572,high
15,6,3.375016379453962,1.4404606351244464,0.755055467694601,0.6864080226380905,high
8,5,6.493493116893938,1.1278646087745579,0.7912665744449534,0.5707342174971604,medium
7,6,4.269601670751071,6.345584494814838,0.8155284025120425,0.5458017838703095,medium
10,8,3.8789845750020415,0.41679170870462223,0.797521590419427,0.6667257066925213,high
14,8,6.095591671482805,0.39758451928879956,0.7073566808142435,0.7088207727009234,high
16,5,5.0184268431338515,0.018629395321053812,0.5804937434981767,0.6559745527308283,high
11,2,2.1687702042444204,5.152900794903134,0.5573063817022103,0.4821086043744212,medium
8,10,3.9156144724456263,6.439011125584947,0.45800973890520935,0.5686752069438089,medium
10,2,1.9020598696345874,1.0818708609583405,0.7270706094600562,0.5282016494856223,medium
9,7,1.2296456211994937,2.5725143472763996,0.49901916684545766,0.5576537377205822,medium
12,5,6.06882789309205,1.949708568031657,0.4550377347801087,0.5580094898358107,medium
12,4,3.568587809918038,0.288749601097607,0.5081310362323976,0.5597012099058288,medium
12,4,6.809360492510718,1.0546706052372938,0.39242113765276077,0.5314530901623036,medium
11,10,6.4049143737874,5.226365406962736,0.6341174232847065,0.6569810486105232,high
8,1,9.43316639096013,1.627890927963529,0.8760641413615499,0.5043602220858865,medium
15,5,3.933668784907468,2.380984807027472,0.6013254408983866,0.6293918561328274,high
9,6,3.473096779859678,0.7440070294917024,0.3802543519341084,0.5260908235235436,medium
8,8,12.376868106670695,3.5838143511868927,0.4050526722350249,0.5371184387724257,medium
11,5,6.748830880979648,2.5220461832897083,0.5963400646494319,0.5674543717079551,medium
9,10,2.0275992177970945,0.5565294770697069,0.5796954505154529,0.6472288935892925,high
13,7,6.627468664019795,0.24472697677103078,0.6231420060823413,0.6579968880379947,high
15,9,3.246969316557701,2.795335941450784,0.7131193633908569,0.7289882997351662,high
13,5,10.102545032721448,3.2792566772723606,0.3500309664503493,0.5431444821082542,medium
12,8,7.766604023506489,0.6636749068405533,0.740518828168478,0.6836792662547586,high
12,5,6.835132861453884,0.9496099963809906,0.5593144741189308,0.5855321615145795,medium
12,5,4.902188886404721,0.3249283841243642,0.6717628905206698,0.6121863888766381,high
12,5,7.771362978536141,0.6925510430211774,0.767991031187051,0.6289811992839357,high
10,11,16.41516128438611,3.463113184067166,0.6373369188784125,0.674379962548568,high
18,11,4.647061794348124,3.1311489118590097,0.5400526869420682,0.7771362113093536,high
15,10,5.295514481745631,0.4879878174345702,0.7013519827980241,0.7620171444433743,high
13,7,6.275111791873529,1.974030094539901,0.5056671328431306,0.62297322593836,high
5,5,3.0306402763910083,0.40419146897879205,0.5586385490572292,0.48403310001825395,medium
7,4,5.305604452711977,2.736180028344048,0.5863250859028654,0.4840238169916128,medium
9,11,2.265152683517799,1.7324239878212626,0.6649300189943463,0.6764365105467275,high
7,5,1.732448053724875,3.109118306436043,0.6685664637244159,0.5179858373686429,medium
14,9,7.742257541179203,2.677281760387423,0.7760838252409684,0.7273682199789442,high
16,7,4.118574768560708,0.28459772008770157,0.5258731158061966,0.6832773050273213,high
16,8,4.053400481519619,0.4252034222340228,0.7701521231700345,0.7511957351524468,high
12,6,2.9958271012440556,0.29618719621980655,0.6051857424040264,0.6190625671726733,high
15,11,1.9804619154367542,0.10910282597118996,0.7976837361572761,0.8038093950583138,high
11,3,7.286110598837626,1.2000478406337842,0.8692710856207136,0.5908538981865842,medium
17,10,9.441037129368437,2.747060123464694,0.41473810093978997,0.7196338860315267,high
15,4,8.363092733466306,0.6091822935219041,0.7663473544749221,0.6542082556048384,high
13,4,3.084526898700412,1.3255766973425995,0.757356740336302,0.6176341700849765,high
8,6,3.7245863697435366,0.5195772344923635,0.8437140203926512,0.6052789558485812,high
11,4,6.135118842407324,0.31960485661520305,0.7974140047465187,0.6023521019052024,high
8,5,3.314597825216123,1.5186838297734322,0.5669621126298319,0.5232678636608101,medium
9,6,8.885536379681966,0.06438710762092624,0.5120008370076428,0.5569709200173891,medium
6,6,0.7542884251684678,1.4753718983118524,0.5504346668472991,0.5102511207140474,medium
17,7,6.99916207111356,6.049328911341187,0.6306022666183302,0.6807915939147249,high
8,3,3.447531559277926,1.3062431058400399,0.6786621496962046,0.507024142566974,medium
17,7,2.0383416900789944,1.3750160972617786,0.536839187605611,0.693201063539377,high
5,7,1.7387000126957943,6.694695087918914,0.7159911415324876,0.5135669277203714,medium
11,5,1.7063209432905904,0.3513369603678889,0.7396857638522202,0.6105949063679915,high
7,7,6.154489336092451,2.5537138921024902,0.6974176257605124,0.5674587658714192,medium
11,4,7.102363641581203,0.7220516521666785,0.6928635598645551,0.5787590342917999,medium
13,7,3.193556194099722,1.9254586321806277,0.4486876239490689,0.6119011339086096,high
14,6,4.316709718238701,9.256928369949476,0.36686139682409197,0.5416594235651552,medium
14,8,13.976621048314609,5.416048993874679,0.40795195682504487,0.6154833980725112,high
11,6,7.249647576068833,5.866875397763019,0.7962683619136788,0.6051411697309824,high
16,6,6.987243900033937,3.7428145771887324,0.5675941964538095,0.6485667421095037,high
10,4,6.870878289509482,0.7429523939311791,0.5057228303379171,0.5261915501080423,medium
16,3,7.961225027076264,2.492613113241887,0.6569154472354627,0.6147656686921465,high
14,13,5.443228935972873,1.3011389630107424,0.6156094805962026,0.7844476363658356,high
12,6,3.443035509775543,5.7305901494714995,0.7011708060641855,0.6020302268830271,high
14,7,9.370061603208011,1.2077206846255066,0.6544801317945158,0.6728445551280664,high
16,7,2.3856472575338543,3.129565531675157,0.7086054262861112,0.7008573150460545,high
11,8,6.571448575167992,0.5739797843561768,0.5604568701107623,0.6332648421264446,high
14,9,7.229394578201753,0.1819214461448061,0.35792622890957526,0.6603724361409498,high
11,4,0.7419872961773063,1.794352608903116,0.350838611964937,0.5032053716669667,medium
12,7,7.405901128796522,2.317485173306966,0.48709431653460944,0.601968962151542,high
9,9,6.310394233426464,0.8454830740195922,0.6450113278077887,0.6383657117347605,high
11,8,4.155193519513395,2.464119022291986,0.3119026599304763,0.570953071837482,medium
16,5,3.6044179781538075,0.8029206001597724,0.5921382059666451,0.6530748371922639,high
8,7,3.8461794660097586,0.2949215556718846,0.6576227118570437,0.5895583986669295,medium
10,10,2.3907610498018883,0.04546226611240482,0.5602497070546704,0.6617468596368513,high
15,6,16.160518838662387,0.23993323712870887,0.658694336835528,0.6751393124529141,high
10,5,11.801018045395994,4.276955051802294,0.7365568646105417,0.5687983392434264,medium
10,3,5.208859558742061,3.0515724281338437,0.7038725943155442,0.5304307026755499,medium
7,6,4.240792875091895,0.19455103991400396,0.8482127011422758,0.5933455332956952,medium
12,4,2.417150250096496,6.871089458558634,0.43224234137152295,0.5006412052172471,medium
7,8,6.329439746455728,0.49046417631322836,0.387034789244441,0.5391371966734667,medium
11,3,3.0622953038742677,1.854182806146235,0.5350732789787612,0.5196534370881107,medium
9,8,2.8057837358423403,0.6258374735045908,0.5396686631813538,0.5987614828129069,medium
4,4,1.8252422308056535,0.23654163133962788,0.790436070668746,0.4965102699248184,medium
12,5,2.168967527315992,0.6726179479633353,0.7755560286928798,0.630627086085487,high
13,6,10.45613604496975,0.5147939007216672,0.776280678778068,0.6668241764174692,high
7,6,2.284348205308217,0.08523862651524208,0.45808725224275976,0.5160491929384503,medium
11,6,1.5008893671913166,4.088677058026249,0.5928985363938413,0.57632186022526,medium
8,3,2.5173880025174897,2.717435081569563,0.7127000817480548,0.5044237824724805,medium
5,7,3.9877799033899497,0.2260294974745611,0.7902400480192143,0.5715411462873458,medium
15,5,5.134038104178565,3.522320865045201,0.482483580130032,0.598014576925705,medium
8,10,0.8881131742918513,0.9593527204265289,0.3979305970461529,0.593190434606387,medium
11,6,3.92949603609362,2.9511161925713996,0.6978466083809167,0.6048952137257073,high
6,5,8.607705088763613,5.301491025042013,0.6860269297519208,0.4918621124501041,medium
13,5,1.8338137635770964,0.9136116342403096,0.3676313123863241,0.5624355182489961,medium
10,6,7.857175401945882,1.2965921931026667,0.6040819144834456,0.5821724349426715,medium
10,5,4.189483763745523,0.7421755031155726,0.7562977886805413,0.5963117210486711,medium
10,6,4.44941254316414,7.9121659323328,0.39964148081718076,0.4971805232812175,medium
12,5,5.877395755021585,4.3596901244301485,0.7770434558422036,0.6063440903389063,high
14,5,6.458802264296995,1.309959218288733,0.3420895001198187,0.5696848385687056,medium
14,7,3.387776605959204,1.1716239083418987,0.561951409350778,0.654579455814543,high
8,9,1.2677768564919776,0.6195666007857024,0.7439085564120433,0.6446512672771707,high
9,4,3.1194642551725797,4.697442494788634,0.7498039591014504,0.5336445085216992,medium
10,8,3.4050914072746306,0.10036200179118983,0.5377898750310751,0.6168888949942737,high
9,6,5.1561852341648375,3.162973314213048,0.5775004784903567,0.5494136069366511,medium
14,14,1.5486334860816564,4.531189402897203,0.7939268794028574,0.8185774465279235,high
12,4,6.574181484507016,1.1076677503302488,0.7125422490303709,0.5951239981372058,medium
7,3,6.031648579377184,0.42409756548442124,0.7294521109417417,0.5080631050851189,medium
19,9,2.3257213033120196,0.5997209690855376,0.8359546449488734,0.8281927891958711,high
4,6,2.1234386193137236,1.3207541764291693,0.7899190127005099,0.5291787746972408,medium
8,4,11.995611468409525,0.012343536434176369,0.7934232935978097,0.5586023684766674,medium
11,5,6.570104493454452,3.347416297940489,0.705505368742394,0.5837849650955422,medium
12,4,6.928651499012894,2.148586485931895,0.5157691751271691,0.5488299251192212,medium
10,10,9.452446104827999,2.8976751929180753,0.6385927798578966,0.6584007213521255,high
11,2,4.769664867568,0.03551659729448945,0.763854909681759,0.5575342046210552,medium
13,5,3.9756477792344773,0.9445115330670861,0.6547779393870576,0.6196588443236309,high
9,3,5.155286535588383,0.401361896814537,0.8270217510235035,0.5577286042259372,medium
11,11,1.5314442776125807,2.31200197112012,0.8230864880683826,0.7342039511395424,high
13,8,2.3228268956961706,1.11634423464635,0.697554488744244,0.6870686028512065,high
6,2,4.529011668406932,1.5356739014908058,0.6242096258729259,0.44460409916464655,medium
11,7,3.110394838034444,2.2235866610801214,0.6528422179134747,0.6207445325088274,high
15,5,9.811649436448075,4.2095943665091315,0.7587464085016566,0.6486853192569371,high
15,5,3.330995897025537,1.8864770396389217,0.6545943471637528,0.6433423558351576,high
10,5,6.273336457343736,2.7150033216840623,0.7735814206215719,0.5866162619797539,medium
11,2,8.11918940412382,1.1135925887273181,0.547116099823421,0.5069992693731687,medium
11,4,5.748876313759981,2.7173894562372354,0.6430699114152446,0.5554980525748008,medium
9,3,1.6947890727850103,0.611975313674076,0.5221319683955588,0.49534655825461793,medium
15,7,9.486035188137679,4.120862303549486,0.5301939883017639,0.6435663823033562,high
8,3,3.8538528811476835,2.6347008831657086,0.6328235564471059,0.4890000387349831,medium
8,4,5.461263781312589,2.0512768205985723,0.47526319239599396,0.48137745967520834,medium
10,9,19.751627933223446,6.81399876050406,0.6772735318285474,0.620028047962349,high
12,1,3.637149678003275,1.6277625873285073,0.3338507157951411,0.45591839257683814,medium
8,5,6.834275680413687,2.352864055810613,0.36839316131441713,0.47799287189081263,medium
9,12,3.469049608135871,1.2920056540212943,0.42154901258410477,0.6506964314900123,high
5,5,6.442699235670156,3.4304610635770314,0.5583959080760827,0.4638094411913697,medium
14,5,2.315763736705791,0.33732614607301364,0.5073493716611414,0.6092210333584082,high
10,1,7.4891148306029445,2.681430501923379,0.6170911214376172,0.4755420209413676,medium
4,11,5.4437284349805,2.406838190182036,0.28321211970772,0.520596836006997,medium
12,14,2.235578157152661,3.142059420099432,0.3841562918915671,0.7158841955776505,high
10,8,20.035125054310896,3.7666849830324725,0.7045713134548123,0.625803029470746,high
15,6,14.993893284906719,0.14999381296178052,0.5275930286497688,0.6495186469768752,high
9,7,7.89731339600244,1.3056179123047678,0.48929026134386316,0.5641539328534075,medium
14,6,6.289544434458808,3.3071264038953982,0.8125868342361193,0.6704698574879212,high
13,8,7.9328466752953055,1.013902405879725,0.5885368404334119,0.6659480187141509,high
12,6,2.9482586091181373,1.1826790272802028,0.6394005290580129,0.6199955789630679,high
8,7,5.651471464395007,5.055271389834785,0.6461864102965581,0.5555354727937464,medium
9,6,3.4598829153831945,0.8486483451449702,0.3902975033515022,0.5274018450360006,medium
9,5,2.270615801220376,2.6689687124185455,0.6960023647319268,0.5564073481969284,medium
10,5,10.669104772894677,1.480839734045871,0.4937058493391845,0.5388689049741977,medium
6,4,7.808035772784032,1.1512606686934164,0.7708332556648541,0.516491580008348,medium
12,12,8.31972201936893,1.6417342580204983,0.8063572245015733,0.7703265498468447,high
8,4,4.913202482252867,4.960339147648732,0.7999058285419027,0.526912238057389,medium
12,6,10.207078008189729,0.06844465430196797,0.5158207102088155,0.6027078443464167,high
7,9,0.31270842740242283,3.419800861464417,0.4245557772817132,0.5471124830465799,medium
12,6,3.440344489875498,3.6222655310145457,0.557354264490204,0.5873224160246104,medium
14,2,4.820467924473744,3.3218692189768984,0.8007475091582587,0.5880037070384725,medium
10,5,9.255641171364527,0.0464826951947855,0.6669876890201292,0.5830876531693939,medium
18,5,12.079425541749846,5.4678184150196225,0.3403656718367615,0.6016210116005548,high
14,9,6.210013503199389,1.0725447198550393,0.6133370840531286,0.7055171186782588,high
15,10,5.694908572752461,1.1761445993351638,0.8547456790500868,0.7881081718144496,high
14,9,7.021715762594529,3.4085722993662317,0.5541118840170755,0.6780985614743069,high
11,5,4.986829315781453,0.21944511140853795,0.5834690632855226,0.5802308452477143,medium
12,5,0.8809822016380982,1.2689139727900898,0.7159117028662021,0.6147229140879731,high
13,7,5.0757656380203,1.3590799478607625,0.49701156824589354,0.6253417806634403,high
9,4,9.19663457062217,4.410030715231125,0.4972065620016205,0.48504110763211666,medium
19,12,4.722236192325136,2.0408324296136677,0.6778128856756575,0.8469570276043736,high
14,8,9.790354464050258,1.461475861875463,0.7666843911496394,0.7135937058174249,high
11,8,12.412321310763838,1.9792331472181515,0.23749791102200113,0.5593046945562792,medium
14,3,2.8218774184639637,0.9296783413968936,0.469416293993575,0.5576854031894024,medium
13,8,9.270214363940974,2.05766594177416,0.7087687249513464,0.6830359720451082,high
9,6,4.1057560627350425,0.7848950173627017,0.721126963274325,0.5939927592057803,medium
12,2,13.018443139362974,0.8664650624993941,0.5937357118628597,0.5329707086225759,medium
10,11,9.563405179342396,3.758105985939388,0.6857153961744823,0.6820890393286339,high
13,3,3.2236845087248422,2.0935671053233436,0.45541275137866577,0.5321254362402442,medium
10,10,12.022056233619894,3.3760390218444725,0.6237906352731376,0.652251200242331,high
10,8,5.839966153442536,0.3293301468103575,0.6191842207854439,0.6316413098450198,high
12,10,4.094036770659619,1.0091609725316062,0.6072445795594954,0.6947211760950217,high
14,3,3.2861257818827045,1.2974589900797913,0.6904655882388694,0.599443391047242,medium
8,7,2.7988859220865625,2.7066320517564706,0.5708698668051597,0.5561297596826555,medium
16,9,6.543688245051587,1.7045401891035767,0.36151676931446014,0.6809397526022015,high
9,8,1.6513983462809474,1.1407394437541858,0.43174432780848687,0.5737439359366695,medium
10,6,1.9331057655337116,2.0338124314230175,0.6293541813871412,0.5823120867346081,medium
17,6,7.029903086434968,2.7807826009838297,0.6630341152665683,0.689068272380088,high
10,3,10.370505583797563,3.4357996467176344,0.5862646650076854,0.5043476020234196,medium
12,7,3.6949711417433218,0.07930370327093639,0.676072013818983,0.654685711408657,high
16,8,3.4840165183788767,3.9219491073253314,0.756832490313774,0.725220170680586,high
17,7,4.90545439862764,0.8070623911549049,0.5563925738664494,0.7008980988322572,high
14,8,6.293022528426897,0.38710129528724774,0.6185404605044396,0.6911274167989729,high
7,8,6.547163976063997,1.1689034302928274,0.5156213607815561,0.5603315826210258,medium
16,8,7.540358449735608,1.3753188858595884,0.48072723262917505,0.6869766539534378,high
15,3,5.127462803794545,7.740059893920431,0.40766931268216877,0.5149334632436309,medium
9,6,4.46322328678804,1.7520945115645348,0.6568323339338202,0.5746858367096672,medium
13,3,11.547460441929754,1.6203155422116395,0.5386495630568839,0.5519278089966325,medium
10,8,3.3212599992722014,2.563949391047427,0.5914351420981783,0.6111940324793195,high
11,6,6.364990281528513,1.3116093080510287,0.19713202011741093,0.5156823419698087,medium
13,6,3.1309271887315377,1.904776178065913,0.6013399119014073,0.6225694745265087,high
10,3,2.7948490900716827,0.6146724783747712,0.5826866980040301,0.5224395230783075,medium
22,10,9.122409055011676,2.4035065960381643,0.721560219393323,0.8282886665717435,high
13,10,10.952607405718844,0.1562640206119889,0.3999809034591001,0.6739544205544068,high
12,3,2.3297546666024687,0.12941592839423988,0.5309214839834828,0.545321523940735,medium
14,3,5.196701035859599,1.119053286295303,0.5460487606169172,0.5717493968814148,medium
17,6,11.862027724478468,1.9916275125124774,0.45829258933111744,0.6533810011161403,high
16,8,4.9481808327809915,0.35919744146700844,0.5966774455692335,0.7169408395040667,high
13,9,11.529144583952817,3.1644806080372216,0.5283545389045385,0.6595743703939929,high
10,3,4.457255592725677,3.035171150333271,0.43678793280740386,0.4771231122259257,medium
12,6,4.061005749985499,0.8909551280818258,0.7233719657746209,0.6387346923010453,high
14,2,4.931444839247596,1.0617228780987549,0.5320873125562894,0.5493393099905994,medium
14,9,5.543871191516769,0.8967015248572141,0.717473692152242,0.7275167282647337,high
12,9,5.171166768068316,0.940527795854958,0.369007251161752,0.6275312649266507,high
19,4,3.9797448980337746,1.2185918457637048,0.3759698442949468,0.6320700232205646,high
10,7,10.108961541863858,0.30467289840265943,0.7918859956022694,0.6463460464644362,high
9,0,10.52652982468546,1.4384195887542082,0.6699692391452285,0.45940438390401767,medium
13,7,1.708110051078866,0.6298775046746636,0.6340124630382857,0.6576033092431595,high
12,4,6.361533325166797,0.9297771201080374,0.41086940698295693,0.5359753672625378,medium
10,5,9.6029961641338,1.5434483540560187,0.6266491993178757,0.5650401841698683,medium
12,5,12.16951622399757,3.254619841473676,0.7925702232860259,0.6168165790473807,high
11,7,7.3785738180059965,0.7099579878074677,0.6704746670118029,0.6343618801503108,high
14,4,3.962628266546078,2.0814524524551796,0.36853327888075005,0.5498303060931155,medium
12,4,9.145228952791935,2.6231290808005228,0.5000650714164596,0.5425254870779551,medium
16,4,5.852391888933816,0.2560934890505379,0.7549021639534162,0.6692731428636797,high
11,4,4.062496010814638,3.6803228763062736,0.42502204233738916,0.505468922625436,medium
14,6,11.354806166172107,0.02429680355573946,0.5637699463117416,0.6425920105719767,high
8,5,4.572997058907383,1.991501485416899,0.7021110591008678,0.5471455352507275,medium
12,8,14.403181352692474,2.027374343644767,0.3817623726029006,0.6028366455629484,high
8,3,9.875443924639383,1.0698692150553721,0.5888842001350683,0.49064437859331117,medium
13,7,3.960047581978236,4.749203554858115,0.5723481724431199,0.6178082774562366,high
8,2,4.5042377766460096,0.26507896568522954,0.5999513865276624,0.47822308420096427,medium
7,9,5.273712009850106,0.47679076073195104,0.6215599464298442,0.6061333842144225,high
17,9,7.240583108337599,0.1316563473922419,0.529343422044324,0.7399909754262499,high
9,1,6.128544488522522,1.758185861213798,0.56379768803942,0.45603829853312533,medium
15,5,10.57462255920758,1.3933122916647582,0.7000031155096528,0.6557118744908321,high
18,7,6.619472379036983,2.0009575587294646,0.7613436891955504,0.7489290207809137,high
14,4,5.655395106766563,4.4535046816538735,0.5990197601772477,0.5801139208244237,medium
15,7,6.444478560503994,0.6363884024599965,0.6946274782098975,0.6996829062922462,high
7,4,2.4267357161992216,0.12795338035192602,0.7079326829329428,0.5257335140509091,medium
7,7,10.54040792176467,1.0028020273157319,0.44251363819397665,0.5268173807900237,medium
14,5,3.1805502777530066,1.892586216836816,0.47497070166798844,0.5923768988880189,medium
13,8,2.5339821204626554,0.10518965509871729,0.7422849620828561,0.7027557280492465,high
12,8,2.791978472159555,8.087684406557388,0.27761602205703434,0.5416053083676909,medium
15,8,2.6001455933815096,10.040862244162854,0.45754675465299177,0.609570269302846,high
3,6,2.5180214612153375,1.4274199607810998,0.49501362596694465,0.45448659212151493,medium
6,3,6.299254655249504,3.1601446361469696,0.8723746171518336,0.5034072925227203,medium
10,7,3.76716984808746,4.9390717931282975,0.42550371139454113,0.5421735969913862,medium
8,11,1.9261715831272428,2.076697001214644,0.7040503879500587,0.6669654309152474,high
17,6,4.672710970786792,8.005802130506913,0.8614139700734861,0.6939107798113179,high
9,7,5.924141431946429,2.523722415119245,0.7103825745247612,0.6002516988041573,high
19,6,5.83988864303861,0.13374324587331496,0.43027307724511477,0.6901629938098675,high
14,5,5.3941347672904385,1.8587831738346197,0.4402116388069169,0.5856504399358193,medium
15,6,3.800312516346104,3.4311542956297236,0.6548203667643415,0.6530897113820034,high
16,8,4.676416595755564,1.0638145128498182,0.49881979142681854,0.6926718615330316,high
11,5,9.653771042765834,3.4730199023086916,0.3285963925209629,0.5075658124888013,medium
13,5,2.2864105833758916,0.8739435745473743,0.7812986217424809,0.6454334338515137,high
14,7,4.7249168500095475,4.354704330135796,0.6528615467485198,0.6515409471487987,high
8,6,3.828701877794817,0.5556021369510891,0.6161848720806189,0.5595329601697832,medium
10,7,4.6920061716867965,0.26517709433838554,0.4895114982303746,0.5861344523504857,medium
13,3,3.545015309767374,0.26931575530127677,0.7859032758728886,0.6103852168059025,high
5,5,4.338493715730462,1.4966317914878053,0.7285016317714597,0.5107227810777066,medium
8,9,8.716195279844051,2.805455816895461,0.36438049723021554,0.55417306066674,medium
9,8,2.907022821699117,0.3048281204729872,0.421598488528968,0.5772875102359737,medium
9,3,14.290055727690893,0.9752910971587582,0.7462079498215132,0.5377396493165776,medium
11,6,3.4233108183156635,2.284621885430654,0.6940451681193789,0.6085782210543381,high
9,3,0.9146778566043224,1.3052148483534722,0.7020551435917152,0.5267095963959866,medium
4,5,3.8619299373438096,1.9950252996840185,0.6688527608864965,0.4804703835127392,medium
13,4,12.077094521874589,5.133033452628331,0.6624508089841895,0.5732699387793158,medium
13,9,8.114837261598588,1.0625105016685397,0.5650448418089631,0.6809255650173357,high
11,8,6.6846579977747655,0.13586919521096943,0.4487616759903724,0.6138465405633347,high
11,5,4.106534616996501,5.2601411937654206,0.5239011013490183,0.5347126123113676,medium
15,2,13.866200033892335,3.2112072027678478,0.7044353525380702,0.5844790224891617,medium
8,5,2.0293584884860727,0.9221184194435585,0.14198087756154376,0.44224871938268506,medium
15,6,6.184428955958895,0.5806994017115418,0.5805786262877938,0.6572443959128151,high
15,3,12.008871659181008,0.8476448811290074,0.5164326762186398,0.5826355693695345,medium
9,5,9.901054225362815,1.6289911678947875,0.47035691861815465,0.5182114426043323,medium
10,3,7.835346139251979,3.110121308071103,0.5052394233812568,0.490313742622444,medium
11,6,5.434521466807653,3.3319528263300766,0.8793282304677413,0.6386526272513477,high
7,7,2.4831983308361676,0.7869324722323827,0.5534051506962351,0.5504348136576978,medium
13,5,8.910270082806228,0.14383978600687178,0.6299487688032238,0.6200308218539323,high
9,4,5.183055953958908,3.6905080687128247,0.3458987574811082,0.4595763643714695,medium
14,2,7.538895159488808,2.4099417573546313,0.6842587930798183,0.5707854802335994,medium
14,6,5.1739301308304,3.1154068383768516,0.5635971166814402,0.6219500444137757,high
12,4,6.0186775079196275,3.039500713938473,0.5081773684325929,0.5413721355935954,medium
13,4,3.2226483281693437,0.543157746612487,0.5475003518660408,0.580879018729125,medium
11,9,11.518321888109636,1.5856864133362798,0.5964542618817221,0.6537196096207692,high
9,5,2.789981384569309,7.797307616013467,0.6431072696057526,0.5116394031477274,medium
9,6,1.714462279226705,2.3558211061390057,0.469382022143473,0.5331709303877679,medium
4,9,3.9376724327856385,0.12698933251531774,0.8642874456415738,0.6120108935782127,high
12,2,3.639374287463037,1.2993098276677109,0.47484057713507993,0.5063060499092312,medium
10,3,3.4377949968699424,2.7861103706434522,0.4150452699674733,0.47443498485587166,medium
9,4,0.8623075401345088,6.499823163538982,0.7179405057460585,0.5152559467256185,medium
14,10,1.3764144336254556,3.3488193648211446,0.5470118475755221,0.6970769070829634,high
14,6,4.935652500057543,1.1582848949557378,0.4383962854188279,0.6099573577840606,high
15,5,11.891058043833624,0.908036622737517,0.4884637442491465,0.6166391713649124,high
14,7,10.480166189428793,0.8942092809598824,0.6387834503965563,0.671795294872912,high
11,6,13.549522942702744,4.191420672399425,0.6488764675169153,0.5868324890207203,medium
14,5,10.900383547309378,3.6708197368620783,0.7042286792851891,0.6263736042779573,high
17,2,5.272697166611733,1.1271514861243945,0.4406828363833544,0.5756222240358416,medium
12,3,5.556918209977912,10.639888385834542,0.334910335935681,0.43604947794823923,medium
15,6,2.2940753768392392,0.9367450185480796,0.5900570705287412,0.6567664473154277,high
10,2,5.180072648307782,1.2035870509022404,0.6215180277062723,0.5062796918685728,medium
13,7,3.1408810113875276,2.6723831583660544,0.7897332534712173,0.6751307629718031,high
12,8,2.1218164345516186,3.375262003827198,0.4974058660595002,0.6169794265197187,high
8,10,8.069424990366677,0.27469232186831816,0.5205846765099588,0.6222856531562029,high
15,4,5.0137486916034035,4.277946205441778,0.4060064194004726,0.5576816425104827,medium
8,4,4.6384300549738,2.9411780961550367,0.7540315829921129,0.5311984626240557,medium
11,7,8.185979043110724,3.0253883343933623,0.6168467960358563,0.6082001036445489,high
7,2,10.617235315341846,2.213548823550238,0.6256664556493357,0.4553762989728656,medium
9,8,2.1943132200881275,4.213926139302192,0.8812237424809893,0.6431519075675166,high
12,6,9.44179369677152,5.517417347656851,0.8727789709916074,0.6377730118806091,high
9,8,2.7965773406501406,0.9714794167077029,0.7775294999069668,0.6440293705366754,high
14,5,2.4717190359267707,2.0588554763153173,0.6693201958564767,0.6301383359958599,high
11,4,3.952261057635884,3.8414023556839276,0.7475492152848171,0.5689004940190706,medium
16,8,1.7376596559203137,1.8968277955335935,0.6234527841005658,0.7120450381832226,high
12,3,5.097252650955048,0.946859124001011,0.6412599192881283,0.5619395896976189,medium
16,6,9.618821625102742,0.19226552486292886,0.5782699367556929,0.6743722171853858,high
10,5,3.7256554995489073,4.995013495056699,0.5605019259156296,0.5288002952160813,medium
17,8,11.342123832840416,1.006819533515011,0.5619018355460597,0.7206682368857786,high
7,6,5.239632710727121,0.372761495778832,0.6613475883980797,0.5547844410410904,medium
14,8,2.2620385276480603,2.593214226829335,0.2846827435216928,0.6096484538588096,high
11,6,4.431309581969437,3.875822685112844,0.8887133824873962,0.6369038585967269,high
7,6,5.019480608568298,1.3127682423912734,0.6475020419806898,0.5457486201135294,medium
12,5,6.545504183831071,5.794680234121105,0.8341379933791802,0.6081963971150287,high
8,9,22.6948711704702,0.26536135789313275,0.6655207781172884,0.6313350799041701,high
16,10,12.976948895947967,0.05042218511729039,0.33353546036514603,0.7063709441722472,high
7,3,8.896377288379208,2.875649483068747,0.6709488459299465,0.4800187726321977,medium
18,7,8.664013919314865,0.7787543255564439,0.5518634650082618,0.7151809974979428,high
10,7,7.808711505713866,1.4485307103038816,0.6500390827201789,0.6103509451420099,high
12,1,5.627295919253794,0.5789853730443018,0.663332497138177,0.5288065969406733,medium
15,4,6.030953220864263,3.0319038790441097,0.43854602087595274,0.5724965116482298,medium
19,7,6.65875621886729,3.465761122212534,0.7315499176105765,0.7482049093740317,high
10,5,7.3026092994488945,2.761717124270729,0.6705011591952259,0.565688784343907,medium
15,7,5.203373367863254,1.5692615942680663,0.5373513176814184,0.6620085195744965,high
16,9,12.397023544584588,5.006264580816286,0.4117510002130651,0.6689751028371711,high
9,5,2.098316605602858,0.17306157292209387,0.4964286398363373,0.5331319841477868,medium
12,6,6.520123045864118,0.17289124084179272,0.7517478757972181,0.6491969668871651,high
11,5,2.3225264689460703,3.963866655240196,0.5121933037502119,0.5410128830484411,medium
11,6,5.123843390075237,0.015609025828288249,0.744383049999095,0.6337725498276304,high
14,6,3.106552516355116,3.541763551538528,0.5908067620948146,0.624549595408706,high
10,5,1.152864605719867,0.11168464093372905,0.6913068769974265,0.5875168111265938,medium
9,7,12.252748637264633,2.6062177256031624,0.6206896607373478,0.5817631473101152,medium
13,4,6.671611177128117,2.4647395147833784,0.5197937599731367,0.5625271552294049,medium
13,2,5.2148106857597725,1.04351460644281,0.3768759889699978,0.5034184337510476,medium
16,3,25.5302102376682,1.5822533917855228,0.49041407170938356,0.5875344583966399,medium
9,8,3.9601040229317004,0.8286415931221895,0.3725398552763106,0.5639836937677809,medium
14,6,5.068416167297964,0.45176982863286475,0.6012620479006212,0.6472406107225719,high
10,3,3.6645754853188413,0.423774742574035,0.5563986193488427,0.518454558919275,medium
18,6,2.4340730898254423,4.403081787365657,0.5794019950214979,0.6765265204218619,high
14,6,1.234834602884932,0.5714300385892206,0.44838170638882563,0.6158668076871703,high
10,5,4.6161898888257795,4.149509278344919,0.7529460743869558,0.572925819688425,medium
9,4,5.377246014758023,2.093332093693136,0.5664766669183547,0.5143397860923834,medium
8,6,1.2420707169027936,0.4045887371410751,0.5184068990010574,0.5409841215526043,medium
14,2,4.108554397457988,1.6264889180862616,0.43868060425323935,0.5268928613967395,medium
17,5,4.924649345751467,1.8481924033877044,0.7915088377679815,0.7009804848643448,high
13,6,13.94528370360749,3.782200188209449,0.6016409476991289,0.6101135216184295,high
8,11,5.533616746166603,0.39160921704542806,0.7169544710589955,0.6807801660981628,high
12,5,7.226303027938244,0.6775647186553463,0.6589583726430782,0.6072745764042466,high
14,8,2.552366139286965,2.742904564040946,0.7092001029487476,0.6935539901628099,high
6,8,1.6903050697507045,0.1342463850135598,0.5941424300799906,0.5679335101159078,medium
14,12,5.9662507535537,0.8185888849753703,0.49383598265832596,0.743309937298496,high
10,4,9.919225316705301,0.8067542214061205,0.5007766079551922,0.5247769601149976,medium
7,4,5.076670283172366,1.062426552562919,0.6356697497488055,0.5050511062660084,medium
11,12,4.383890232150049,0.7081730773418795,0.6191738715409201,0.7241136204592382,high
11,3,5.2107525186684445,0.8555338822772557,0.5122016104451417,0.5217367628738466,medium
5,8,5.3158569052505475,1.8256351636479424,0.3866640177990735,0.5001619024688284,medium
13,9,12.211958511098688,0.9417998515952288,0.8210276438522364,0.7329268630931457,high
13,11,3.078206788118524,1.2394960628374465,0.6524270493489754,0.7372221027842121,high
12,7,3.28069345184586,2.1063943584174707,0.5423293165653924,0.614423234256962,high
12,8,7.684607095365553,9.126704690456414,0.540096962736329,0.5871746946108897,medium
17,2,3.4011889901005663,2.914756413298895,0.7874799789990795,0.6330642863778233,high
13,9,5.948260193007763,0.2227203854121606,0.3237701038623583,0.6382692182030574,high
12,9,1.305243987294454,1.9790614133083562,0.3311124056759311,0.6130287383797972,high
8,3,1.6997483625653156,0.33630526662191323,0.3720185137156142,0.4521616676323101,medium
9,8,9.642294381721438,1.8659560082556153,0.5966040459710814,0.6018811024725123,high
15,10,4.5542384209719,0.8444917050409074,0.6422625605329861,0.7478225674063245,high
12,3,6.4805373516866265,1.686329913235047,0.5393803706026764,0.5366338746989683,medium
9,9,4.069772385703399,2.866148485068246,0.4486009042617964,0.5856125242852377,medium
9,4,4.077904288871746,4.024091988373328,0.47254504033902867,0.48268172814531696,medium
8,6,1.9393470405000532,8.127286209476283,0.6792684995143868,0.5216717918397022,medium
13,4,7.156417415109453,0.3131431830380934,0.5262451165383962,0.5781614020874253,medium
13,7,4.965966153155699,1.192489912141344,0.5177834194659071,0.6306067511455724,high
10,5,1.6006667673510302,2.11825749296615,0.41111715737699883,0.5181017148556255,medium
19,5,14.036898331538652,0.6532848249157166,0.7447423937322208,0.7295932465803394,high
12,7,3.294334067460885,3.5253246462007293,0.4539755617401902,0.5872929480400332,medium
14,7,7.442180190726007,3.711473797668145,0.8664897878590534,0.6985547989206897,high
8,9,14.513172877980153,1.4070276591170034,0.5263290596998054,0.5958856275458477,medium
10,6,7.849595178553475,1.5144647521445451,0.376554640396352,0.5352144963983068,medium
12,5,3.1643481855800273,2.7136428552365253,0.4560582534289396,0.5531206983175444,medium
11,8,2.1475578327366676,1.8221581604939447,0.7333582348924234,0.659523925908525,high
14,7,1.4343710054127277,0.9261763659781439,0.49115379380872887,0.6420562496552248,high
13,8,5.139851918505597,2.734308688731387,0.5342609650366195,0.6436234684157813,high
11,6,14.594130436889495,1.790990470682539,0.8033701151853284,0.6337340865658488,high
12,7,2.8487584528848338,2.232840209392794,0.48967058022806914,0.6030485146496619,high
15,8,4.6753681992736675,0.904178002333247,0.5222838596290722,0.6834289185769262,high
14,5,4.788297646298592,3.3178059083148654,0.4385145873807012,0.5755842114207078,medium
10,8,10.072678506121648,1.4278222252321584,0.6716903198864712,0.6348192491424132,high
8,6,4.375662605102698,0.7131044053627014,0.5208956469191264,0.5394251000147405,medium
11,6,7.51722299610552,2.849561646689799,0.45726781067878725,0.5574564844911589,medium
13,5,6.351829661206602,1.3647799311933106,0.43252895420203974,0.5724072579657858,medium
8,6,2.4544606517528926,0.06917933725141298,0.6019085800217907,0.559920520422682,medium
12,7,7.997385375785875,3.546106316492825,0.47197926004787694,0.5907551432329565,medium
12,4,8.884952578564176,0.24904577925064036,0.7506972349496424,0.6084791417949242,high
10,5,5.945689451285059,0.6975839340426181,0.7555732199519194,0.5964640844300998,medium
17,4,3.4663753740940795,0.2135881712886473,0.6694638508930756,0.6674688490366908,high
17,3,18.038277670638546,2.24740207522499,0.43689001576474895,0.5873953226514499,medium
14,6,4.6475854653111695,11.106203780098177,0.5515884277287346,0.566276327011759,medium
8,8,11.359884298910256,3.0091994788458285,0.6806451809483476,0.5960677063306974,medium
12,6,4.3159305509883,0.029974705054777593,0.5322165153247851,0.6062434716979253,high
13,8,3.509558913287356,0.7473962947754746,0.7235854201254218,0.6947344420599146,high
9,3,7.201268404669397,0.7822846907611191,0.7792774475856302,0.5456402582453853,medium
11,9,4.16493110448133,1.0495869775831443,0.698152469643095,0.6776332474113981,high
11,5,1.1539653842734225,0.3298265867837847,0.7992847855316788,0.6226581131944439,high
14,9,2.7087388329134656,1.6961645541073396,0.5319990674148177,0.6850920497889147,high
12,8,5.354964223321042,0.8282784485096356,0.7223761102126834,0.6789533657191391,high
13,5,3.8914517484109763,0.23368954197705463,0.6015877753282906,0.613759624785811,high
18,5,3.3366779280055177,1.681522752207084,0.5028909292008212,0.6593680341587838,high
13,5,4.846838237709619,0.9025896868279188,0.5216553436922698,0.5933138041596012,medium
7,3,20.675980802214983,0.9149975079880889,0.7259429337200285,0.5040886033574185,medium
10,8,13.527519843324914,0.5591815087957367,0.6299625134042954,0.6322646259555542,high
11,7,5.879663343115184,0.4581339281630409,0.8245896532676924,0.6668637044657848,high
6,8,11.749860954562921,0.03270248159114721,0.5880452441662122,0.5673910322893014,medium
17,2,12.827769895471707,0.18356549965339317,0.4539858387593595,0.5845733977541826,medium
17,6,4.052992998580064,2.1832520698260645,0.588206006235632,0.678086187448286,high
10,7,10.834066729813202,0.09354462904339164,0.6770446124197802,0.6247852916236668,high
6,7,1.5324078291220609,0.5467408684317612,0.8635498943573232,0.5990650397485863,medium
11,5,2.707613595661547,0.5621834703051246,0.5343909912679133,0.5681303084515485,medium
16,6,6.8728741298370295,2.9083475506546734,0.626045905882347,0.6658201975054382,high
12,11,3.6884869066049397,2.3583156682136455,0.43929314928911717,0.6721365254030658,high
6,3,6.473053780310169,0.5875882847550603,0.5203027216434415,0.45014328909698786,medium
10,6,8.244240185335634,0.03640885254912894,0.6423828235665223,0.5982338390296437,medium
14,8,8.674118710001453,4.7218949530868395,0.4333452155034933,0.6251897434134531,high
13,6,5.874610653429082,3.492806029980267,0.6369125204071764,0.6190971305482335,high
12,7,14.14222191625649,0.14688780476686655,0.6716496611064674,0.6533506801895144,high
12,5,4.552435718808701,6.7407372194098745,0.45397639919995425,0.5258570317105917,medium
14,4,5.176944779795333,1.8763348724170215,0.5604264750629314,0.5895763958631395,medium
7,6,3.247469406988155,0.12879851084118485,0.8198203536107922,0.5881054139832173,medium
11,9,1.3742730671122736,4.222856369405377,0.5646881476377462,0.6297852537315134,high
13,6,6.778138278030786,3.6893664640428168,0.48644021281400496,0.5876922661358489,medium
9,7,6.367936596729444,4.738855773810925,0.3705671905690733,0.5175210662884085,medium
21,4,1.7931508804857288,3.234225785405033,0.5984339322514052,0.6781252812142475,high
8,7,9.555410789507238,0.33181134702686343,0.6155225903490636,0.580892442422967,medium
11,4,3.4142148175178595,8.844441901906936,0.6655855492942118,0.5191541638461294,medium
13,4,5.785389070822356,0.4004627565693426,0.5830890852899973,0.5889480653475372,medium
13,4,2.3324005304147404,0.08431672690074724,0.7286898179145895,0.6201758520702463,high
13,9,4.2806700789662715,0.5069757794335618,0.5822328865867262,0.6880667387877881,high
8,8,5.729701374016508,8.836731974035377,0.6470954591893381,0.5505075453442985,medium
12,2,3.4246725918664938,5.416018364578989,0.6609589700242567,0.5160850049076581,medium
11,7,2.8046851998860256,6.5508367295067895,0.40610231958134424,0.5425482190528903,medium
9,10,10.59139571822345,4.550577937685996,0.7305971994045893,0.6507822536296779,high
11,3,3.600175687359229,1.3313978271861886,0.5849711867211224,0.53311825182965,medium
6,6,5.495253003132449,1.8841542293422326,0.5125759017557847,0.49995415215554206,medium
12,6,10.062713753886468,3.778007943793487,0.9031025365672093,0.655433787688152,high
15,13,7.910448227354683,1.048659591208379,0.5115195260152721,0.7803128412616652,high
14,9,2.926339730283825,2.9804601064717295,0.5460779768458475,0.6793458613260246,high
21,5,7.400778907220644,2.126207032106388,0.5715076198623165,0.7001268104250874,high
17,8,6.031677851005375,0.30419347728692536,0.6911748414444044,0.7512070117736348,high
13,9,12.343859398567385,0.8013502459816584,0.4405123647555049,0.6577601379778899,high
13,6,4.354157879318588,0.16534286391631736,0.855682432193371,0.685034200679232,high
11,6,5.49188293323329,1.5275984192964187,0.7247445517065441,0.6197649208793328,high
12,3,16.131135228854962,0.8949836157126084,0.7101109495385525,0.5760556324696264,medium
15,3,3.947691337202479,0.9503082951809184,0.5137250811983414,0.5814096276051288,medium
7,7,3.7370933621123825,0.2306521090053353,0.3778203511711412,0.519026389507526,medium
16,5,3.904539199134846,0.5527707166740821,0.5340109071086466,0.6431170433105687,high
5,3,10.262978602084608,0.21941853356889524,0.6250100297736103,0.4585392157309295,medium
11,6,5.366250285931601,2.100581492450438,0.6504104374820335,0.6010782108800705,high
14,9,4.014873857197231,2.072671096898485,0.5933427249089648,0.6948507376691364,high
15,6,2.953202688891216,3.601750539308609,0.8502983048296442,0.6910479907038715,high
19,8,9.632292494754896,1.5899975333287188,0.6651655539129908,0.7674331272270734,high
13,7,8.826281316084245,1.1293447214129129,0.5404889171930507,0.6355688186291908,high
16,6,6.133429202778759,1.1395326368368632,0.5652099487884509,0.6654451055121111,high
8,3,3.6940879078815287,0.37290218303883393,0.5536482311996194,0.48824363168633167,medium
7,3,6.192952492410517,1.0438358473935547,0.5501975786960894,0.4680806100899275,medium
8,4,2.6953993065944415,4.362519933318331,0.5064611396765819,0.4722087617131942,medium
6,3,0.9907987033425228,0.5422922007883673,0.6195416937206675,0.4702930574055444,medium
19,6,3.774282038311174,0.742775614520911,0.6474532019019386,0.7295388029502483,high
13,5,13.86298191143107,0.03118610336827807,0.7350182119851937,0.6417957350412502,high
13,8,4.605328712897433,3.7336534222991995,0.3744956134525759,0.6050080998751872,high
16,1,4.363028544172488,1.0121197729478273,0.7087967693836755,0.5950118887237497,medium
13,5,5.137333239428045,0.19679709396137227,0.7609776406639797,0.6458835475063868,high
10,3,3.2625228695618294,1.1294754092023582,0.5180130544828708,0.5060727748352252,medium
18,7,3.54971587647609,0.30184773579115,0.6156539951078046,0.7311184807829534,high
21,3,0.8899350405121473,0.2380655266886874,0.5683099051123218,0.6720748775112064,high
9,4,8.48086437454691,8.691825597905055,0.5582630274015818,0.4687071014942827,medium
8,4,4.089086322979027,1.2480283704808726,0.7785506398487283,0.5473899388332065,medium
18,1,11.784455382581593,4.924940652875619,0.6332610548698326,0.5838192732881291,medium
9,7,4.604261231334361,1.1686483335952162,0.3439224300435613,0.5359934971180775,medium
13,2,3.602278586528313,3.2507744708695983,0.6110923764843611,0.5355466454910749,medium
15,3,7.976877492171951,8.047189207636931,0.727479131105076,0.5768478981701023,medium
10,10,1.8199225434303092,0.25029939291270864,0.3590194481845931,0.6201352270175006,high
15,5,2.1483574809152337,3.0855982290287463,0.4609001588122254,0.5966093769022534,medium
11,6,12.086376485912854,3.6028958325442764,0.49482930200751124,0.5599465548512071,medium
5,9,6.251601944359952,0.22914510068773034,0.46422297323189293,0.5463169606417938,medium
9,7,2.0541982372286642,4.03831253421769,0.4158192524319387,0.5312417669249365,medium
11,2,12.656554235193035,2.8918560176734474,0.8299023044690598,0.5517014207759889,medium
6,5,5.770694779208881,0.254069953055047,0.8663105821669059,0.5615683167463476,medium
9,7,12.37816123435595,4.710039880012509,0.4279470393980632,0.5291891420128626,medium
13,4,6.760383462238266,0.05078711221672096,0.5792415508752441,0.5905097294269374,medium
15,10,4.651996859577711,0.006766099244277598,0.1580150069196559,0.6565578940556359,high
16,5,8.90431868017877,0.3981840207079983,0.4806108626150397,0.6334676123849545,high
3,9,3.050987543877711,7.81129425381444,0.70151085143444,0.5132268752614584,medium
5,3,7.013283407924156,0.9094720145770876,0.5600525121327576,0.44094735566270427,medium
10,8,3.0721584681369745,0.9722134062526376,0.4320722790107064,0.5899330330937903,medium
5,7,5.835251628369475,0.20025739851124166,0.5015166815067513,0.513968286977942,medium
14,5,3.414395211145121,0.17839888153699449,0.5283010733203413,0.614470888787155,high
11,6,5.314412052957573,2.119257492181502,0.5420998043854012,0.5792915775958702,medium
21,6,1.3938897582774477,2.769422374499879,0.6191734345670353,0.7253718710834078,high
12,5,4.384850323633103,1.13485647936132,0.6592086470731963,0.6042760195522304,high
18,7,9.370040648851026,5.9662082308923,0.20805661038578627,0.6118366005378753,high
13,4,9.656643624569037,2.0726985404517384,0.4926157480879996,0.5597051593479216,medium
11,5,7.025065779328662,4.986094060808586,0.6713776280478103,0.5660348985375048,medium
5,6,2.98435270911547,0.37068074459982264,0.4118227028822158,0.47489333561244435,medium
13,2,9.408375955798745,8.97325022398973,0.6167146456141246,0.4985212609628934,medium
13,6,7.35059700206731,3.276758619755957,0.6231153182182084,0.617778006178602,high
18,5,3.6690143544220026,1.2572329197661176,0.7356820081592331,0.7087548488334058,high
17,8,5.864076620470609,5.198070316674327,0.7991372303082559,0.7401736439504891,high
12,6,12.807202392408993,0.021575067162568597,0.506658104340767,0.6011877870870697,high
13,3,3.8037979673162603,0.16910263984949803,0.6906815775873153,0.5920089645851331,medium
9,5,8.113928645350512,5.889739498045812,0.5499652655257589,0.5057281231181796,medium
8,4,11.0376593993295,0.10373181346869834,0.7169469927610983,0.542697853129095,medium
7,3,2.788356099970433,1.205862527362131,0.47047928764465297,0.451056774013183,medium
8,7,2.244863820421724,2.6533181808232085,0.7239173240960088,0.5870946769470471,medium
15,2,7.394117023263648,0.44017746861954216,0.774083197949753,0.616882123132487,high
12,10,4.445691553407066,0.5737255089791046,0.5518253052999749,0.6865402243334676,high
9,4,5.979715009010288,5.584936174640246,0.6539674318637639,0.5085605785418179,medium
9,8,4.563171801535065,4.835734787687405,0.48504132421692636,0.5597700329254693,medium
12,5,12.089623100344745,0.5718761666156307,0.8240879610274042,0.6410050844280433,high
10,1,3.8003327942243317,0.8609250323410278,0.6981568728170887,0.5038918743478109,medium
10,6,13.920982463757024,2.794857296272646,0.7386563287158893,0.5990988837680269,medium
10,6,3.9084133376609014,2.7551504059114165,0.691577832345935,0.5899478970964442,medium
11,4,2.693803524273381,1.9026199904458838,0.8270609508027117,0.5977280568909031,medium
7,3,4.739532992102559,1.5769178986720849,0.31412273013277464,0.4173117600354077,medium
17,8,4.590777670317771,0.12884515737702731,0.2868313533241793,0.6715073029489891,high
9,9,4.902830241127401,0.33567313284148703,0.7085008078554662,0.6544623406854834,high
11,2,0.6315307606318223,3.632586417882313,0.5161141807493144,0.4840055933639808,medium
8,2,6.429586710598718,1.1654860563062013,0.7141779504472051,0.49506568304739973,medium
11,5,7.359670504693723,1.0729461725214815,0.5098480341742428,0.559816632351372,medium
9,7,2.722505641324303,3.5587137378549967,0.5953087912734855,0.5703370000023305,medium
12,5,5.694215713161812,0.8155214407062257,0.5542633333874388,0.5854158570727797,medium
13,5,2.6704358971895052,2.171906835284562,0.660509105479352,0.6126224421939733,high
13,7,6.058752277730806,0.8962743958006367,0.9628592324992672,0.7215966838611826,high
8,3,1.0178795079784348,0.9198042427523004,0.6956435173299823,0.5129966751809811,medium
6,8,4.11570143290494,0.1645982311723621,0.8287485756832788,0.6146523935955066,high
10,5,10.371591978447473,1.0456031888267265,0.7163321588580526,0.586295743846099,medium
17,4,16.01088614462956,1.2698773202597904,0.4226338601003424,0.6110609232183366,high
12,6,4.485257704598567,0.17836676592127837,0.3912090014576593,0.5770526885187234,medium
9,5,14.18148747163169,3.3300474792060073,0.49335922277117417,0.5114715280261948,medium
15,9,9.428024524989219,1.0479956763365565,0.592594671140697,0.7165322963858957,high
17,1,1.071926886818821,2.317503050381065,0.4475781065782687,0.54906560097978,medium
14,4,2.5989328833578904,1.0276203554612118,0.6602399639198772,0.615197190414234,high
10,5,3.856858073101913,2.8355817839350683,0.80650379667739,0.5923968807759109,medium
15,6,3.3134673807420936,3.88695100064978,0.6714339862700902,0.6533737905830195,high
12,3,5.896590896139047,1.489879684236133,0.4389649783198434,0.5178604644357278,medium
13,11,1.98196754125181,1.3985026011765758,0.7379157627706231,0.7532598018796142,high
11,6,2.6128661970585836,0.6979188494466914,0.5754097941826727,0.59542916650689,medium
12,8,8.430030737024843,0.1945946810357057,0.6260442488236319,0.6639115518911549,high
18,4,0.8892539559166845,3.721747614028588,0.619479998091056,0.6490843488580207,high
15,5,6.301818508503198,1.2237951404945888,0.5195566268744309,0.6207526911049223,high
6,3,3.8428871422386903,1.7223701348407265,0.5027113568670285,0.4390598038078009,medium
14,9,12.264515322154924,2.891822936492792,0.42897486475261004,0.6565161533739035,high
7,4,8.589706003417756,1.1396164652617997,0.48513153957213384,0.4744288648126815,medium
14,6,2.6714020697113043,0.6248003319350447,0.7425423126389024,0.6743431269815469,high
11,3,8.894756609956467,3.207130213419605,0.752304348164326,0.5540800015434012,medium
15,6,3.84957861117435,0.4313253862021593,0.4511059107173589,0.6323456795687907,high
8,10,5.454085290739645,2.235736805393174,0.7065777144754,0.6464106308591254,high
7,7,9.846767206856839,8.367800753087625,0.6346433132189322,0.516143324289869,medium
19,4,7.813381722238937,1.581544140419057,0.8367407706259465,0.7218045265223956,high
8,5,6.6754871046013635,2.0807413191326134,0.5736394790504512,0.5208562870158728,medium
12,4,5.476786504679101,2.5510808811600256,0.3608185680634634,0.5151565077382926,medium
14,9,2.2499591039878233,1.8869051277173539,0.19066056566525097,0.6155527456149346,high
10,10,14.266536467004544,2.677533163182124,0.41684607991406236,0.6155189948949316,high
13,3,3.9768699538523937,1.574559147630571,0.4603963597441895,0.5365822109646341,medium
18,6,2.8110589656162785,0.43220783427845694,0.7254819673502227,0.7322150079081882,high
10,2,4.863903647985487,1.3295531979557593,0.7211745657986367,0.5253712251733557,medium
13,7,5.9082086126564715,3.0659598009715556,0.31559433075057897,0.5776791341436387,medium
16,10,8.896543021757811,0.8892465110393591,0.7197214070878682,0.7780159713439779,high
9,8,8.570092276043486,1.7178097143161795,0.5694152250667309,0.5974309802512384,medium
14,3,1.7042895359953523,0.3141585263538047,0.8447646852492131,0.6368585468741506,high
14,5,5.614643593969211,2.596321094433484,0.6607707351988268,0.6248453397435422,high
15,8,6.632223236944868,3.447998879316535,0.7055561666328952,0.7031245741311355,high
5,3,2.1770292909088043,0.6598885404971642,0.7948301077611933,0.489566764615591,medium
18,9,4.1558906914719795,0.0034012114530897644,0.6244750773904211,0.7748723407350636,high
12,5,6.430733901708292,1.9686603049667928,0.681031157611953,0.6030818294892787,high
12,5,4.803360150125579,1.4991403452969894,0.607741720399352,0.5915540751112238,medium
15,6,9.284713628495084,0.7921903254032937,0.6162373416891735,0.6629661995018128,high
16,7,6.231363354145452,16.16364559166178,0.4120207565738897,0.5546465140370328,medium
16,4,7.718986549807921,3.6607902519724047,0.5715383420508323,0.6099024000636838,high
8,4,5.267988622465033,1.0519681591937187,0.48786807267995014,0.49056049347469854,medium
13,2,5.343379750778407,2.5109168229263554,0.635022366640202,0.5452650278418647,medium
13,9,11.730687046338634,8.337917169147703,0.7417096466591631,0.667755814870848,high
7,4,2.133765285348942,0.26279451881416016,0.5139716657553176,0.48604236969230247,medium
15,8,5.87400397098088,0.7634625134514351,0.6520807990816653,0.7103264097266568,high
9,6,4.798031736490259,1.3799970228739955,0.6193193582255714,0.569663891492621,medium
2,5,8.71691855816561,0.8341346094393619,0.6646799882655989,0.45737510025685735,medium
6,6,6.225859873893009,0.036271308763613196,0.4277423600902764,0.49530666329296447,medium
8,5,7.12335481787696,1.2735870818473956,0.3767173053988195,0.48685288053411463,medium
15,5,3.090620438867955,1.0932543949220344,0.5594082918251652,0.6295932957322194,high
10,6,8.245550745430634,6.883513118247293,0.5596001408430757,0.5360299407136332,medium
19,7,3.3057551370722873,1.0577476541159896,0.5930045510043734,0.7365492591734347,high
13,6,7.976599216863809,0.6008163804696972,0.63817450770032,0.6386294590035995,high
17,8,9.355976394690074,2.8184170499258068,0.7814379197737548,0.7524981369552456,high
17,5,10.235528972004985,7.0117432666081685,0.5276873144310211,0.6137925077754831,high
16,9,12.756183490928565,0.06934584928353718,0.6839750271176277,0.7563326997616352,high
12,9,5.436577046430395,2.6736153522872486,0.5133977724867534,0.644855452148769,high
13,9,3.0887809095065166,0.47585773639770895,0.6837753293293531,0.7085826809565525,high
14,7,11.184113287159906,11.12929801246467,0.6745283017743051,0.6107103402717633,high
13,8,2.9624989315768553,0.14062502462161083,0.5853480692236464,0.6711321136805851,high
8,4,5.347819734312453,1.722495561403832,0.3953772606076004,0.4675921483788279,medium
13,3,11.474578893983438,0.7611089818992013,0.30001651889252673,0.5099292438991774,medium
14,8,6.539316136615108,1.7788182897265254,0.6985551050106638,0.6978522324039559,high
16,5,5.478714759757861,2.884244213310388,0.7848289814594556,0.6777375015364885,high
19,5,4.4644974624484375,1.4064696093916662,0.7956607655083904,0.734755689039067,high
14,5,5.261936767667707,1.2495962755620726,0.5864261097047432,0.6189545801038681,high
9,4,3.929875580683302,0.6720134213928802,0.5802515280256133,0.5265702161291702,medium
21,4,8.401472944512427,0.19528287325764698,0.7927326573571964,0.7372446456497216,high
18,8,7.713754220279144,0.16279087588506266,0.7673311175394648,0.7823809510019926,high
10,6,10.082383069946612,3.8772009280762596,0.5408948237501241,0.5523309585628499,medium
13,7,4.726875305838365,0.07701999547054371,0.5290123242889634,0.6402889982213223,high
19,5,3.4536728619227546,0.12326308851564095,0.5616953679109172,0.6965173196587457,high
13,2,3.2648683805898067,0.4093865078794266,0.47376043121132766,0.5270228428564027,medium
14,5,1.6318538489250325,0.14390424951667025,0.49815471509656467,0.6086715813558685,high
16,6,4.414197615411871,5.163975717685845,0.5719747644554772,0.6399684481065232,high
6,3,3.313769378842336,0.44402156862531345,0.5053963034231975,0.44811911689380407,medium
7,3,3.2678666250981827,3.324641995799024,0.32664502712421994,0.4081647254528505,medium
9,4,7.892464381701071,1.472798804684597,0.5161111226484872,0.5084035658318001,medium
9,4,4.156372750140509,1.1734803561194989,0.8637686185930565,0.5799305213444814,medium
13,4,1.832231920678101,2.8611637645597847,0.5900007708834155,0.5739257290796179,medium
15,10,8.776742126906383,0.8409079676602814,0.3480446634615884,0.6890028795745824,high
14,5,3.922745309507036,3.981809383261894,0.69100207981057,0.6216550200737014,high
15,7,10.505689501387394,1.1743513869087294,0.5407499103248053,0.6653209728189029,high
11,5,5.615061660003585,2.3306481250632634,0.6452770932424416,0.5785177644813999,medium
15,8,4.204161663810227,2.7111107180363647,0.6280193133422772,0.6925297912148798,high
16,5,6.041892006539097,1.3719440638604583,0.5442788895672512,0.6397094841543804,high
16,9,3.555681486390019,0.7052399008988367,0.5204495634453014,0.7193883133497347,high
8,6,6.239305700466944,2.000229059373461,0.616698700658626,0.5500048797359022,medium
18,5,2.7067244200335385,2.415341465579911,0.5866718910801824,0.6712321017788372,high
9,6,11.008825232850741,1.1876680791311787,0.736694252365346,0.5944210632788614,medium
7,7,3.3946409164331084,0.05149536377040209,0.5613659970986604,0.5569298969945962,medium
14,6,6.4376871600682195,0.3923493253564713,0.3874462013101558,0.604873578092988,high
8,6,3.8839219647851646,0.8866019970794845,0.5888518714585885,0.5518596943111878,medium
12,7,7.283156582261457,1.4713800050648134,0.5951631198092591,0.6292234239280863,high
10,3,1.3839954456948416,3.877466834018518,0.6422386516140672,0.5125979514293566,medium
20,3,2.2136200951304907,0.7473628176580148,0.32054860000631674,0.6191273012168766,high
16,4,3.9491176623966115,1.5602074233323189,0.5725687489377815,0.6241123669653409,high
15,2,5.434079082327248,0.6622948891781877,0.5457158773345311,0.5697278762057183,medium
21,10,2.5160902030329213,2.229630479070632,0.4710751640688398,0.7793508296199637,high
17,4,5.972109152895603,1.2196541497457283,0.6130631643153366,0.6494816051980958,high
11,5,12.495243777883873,0.10181656997051228,0.7222333863994258,0.6087679001467484,high
14,5,5.24267504949997,1.322834283356841,0.6385324109558068,0.6288875869687824,high
16,9,9.352528703252432,1.4268101803206632,0.5724718026803154,0.7249822926672587,high
8,8,5.33256145420844,2.918123135021708,0.771302664158238,0.6148063785981697,high
6,10,5.646096780537361,1.2103212620825101,0.793913815970065,0.6407139547801296,high
10,8,9.651030820528916,2.785368899463832,0.8433406742932609,0.6600990088622266,high
11,8,3.727696499032377,1.5375864505604107,0.6093180759460827,0.6366130388521472,high
14,7,8.802031479941412,1.5392228306692943,0.25508569008832294,0.5907556524798693,medium
12,6,5.615181983515447,7.748256480905093,0.36800796786013223,0.5219465503659925,medium
18,5,2.968006299934572,2.3950282659012387,0.3897490488552615,0.631982954665044,high
15,4,3.7932073496055985,0.054709307511660844,0.8101263278163587,0.6666605368465274,high
12,6,1.8648222479327354,0.7613422498775763,0.5364940442618296,0.6022231938531821,high
12,6,2.8303777459843458,3.1143550965555606,0.5308059402479572,0.5853988207392211,medium
15,6,1.1858899639387273,0.22145145884528866,0.5743103770011682,0.658385732341265,high
7,4,5.052080290348329,0.3864029545352773,0.5203980317492463,0.4865035866529474,medium
10,6,4.692846179946943,0.2959047881752431,0.7348009098239059,0.6149874833769463,high
15,8,3.717881642098343,4.107839152005716,0.42261209751245693,0.6421368251557866,high
11,4,7.978707806649165,2.1620437681110904,0.6565443884839437,0.5618952525760482,medium
13,8,4.728559380534504,0.20852955536822054,0.7051138766828073,0.6946325783007733,high
17,4,4.683464647096711,1.6653803378007337,0.4834685505874671,0.6205911745321552,high
11,6,4.703354180360376,2.5155376492084622,0.2969500882648335,0.5276197666582436,medium
11,8,6.251398458725518,2.227445295996632,0.6542818071081126,0.6410067261149783,high
22,10,2.454464474447467,2.455400839349588,0.34632178591322854,0.7528950182536485,high
16,10,8.472501285752202,1.0814355962251159,0.6583623979538502,0.7644629089492692,high
16,2,8.92765959940138,5.843677064546918,0.6240635976446668,0.5658548724319539,medium
9,7,4.642013138148882,2.2494185597694782,0.6206272298926024,0.584129322246724,medium
14,10,14.705019892252619,1.1321767325494734,0.5085974464820631,0.7041716444127495,high
17,6,4.444011956071038,3.6243983783011458,0.7337346275010347,0.697584269644866,high
10,3,2.6413945531750604,2.591693546735536,0.6199503226700633,0.5167121075557757,medium
13,6,7.782903529670913,1.0572348855095666,0.8217446910798724,0.6723007056459108,high
8,5,7.575133143407659,0.3063490941921984,0.5212745091242327,0.5222125745302318,medium
16,4,1.181622446058355,0.04002270048700232,0.5130926693814829,0.6223517158730499,high
7,4,3.0183238287111345,4.88048284635058,0.6730533313700182,0.4870741139649998,medium
14,7,2.6029195052624803,2.385514817576332,0.5812552114695156,0.6503476101767276,high
10,7,5.884975247214137,1.135631830271697,0.7710150007946808,0.6366321212904582,high
9,7,3.726778521909792,4.187927149178867,0.9457908875294111,0.6362386631780231,high
15,12,14.061856891228775,2.5465729668748573,0.7131336194726772,0.7906495707820363,high
13,7,4.911980185854714,0.5932865381028772,0.5680184563208204,0.6446484476768115,high
10,9,9.23921182342582,0.41538815290211084,0.5138858591358834,0.6300079174744959,high
15,5,3.294629901203678,1.5121253208216032,0.3247579078538376,0.5798707460986234,medium
17,7,6.18127021293702,1.3884154938457938,0.26218299791165184,0.6381804962900252,high
16,9,5.257248861707172,0.17593251487725195,0.5503924719232667,0.7289056109521383,high
14,9,8.498025825275588,0.47932029495519834,0.6932155070039336,0.7254476327677521,high
10,5,0.5223177838200668,0.9217393927959155,0.5743552368730775,0.5587261180893094,medium
4,9,3.5769876846978805,1.4958872221633843,0.4792463901096362,0.525876696540838,medium
12,4,1.3798896451308167,0.24824035979008668,0.68770168862575,0.595885401993216,medium
8,9,5.17114723840365,0.1034806472280287,0.6707881978765734,0.6334677685937945,high
16,5,6.918221079053081,0.1170304677968859,0.6879619111724844,0.676812179115851,high
13,6,6.981078614184563,8.332623282639897,0.4892155045762114,0.5572922790309763,medium
14,4,3.547418791442658,0.3472309640078373,0.43624961239534926,0.5749350493856843,medium
11,4,2.5061739395295497,2.3560416575841563,0.5564599238050982,0.5405850403771253,medium
7,3,2.5191927991139234,2.581472191572054,0.6432356919207589,0.47643732377367143,medium
13,4,6.397767868259349,2.3398333292582794,0.2625721052616365,0.5119155321906055,medium
9,6,8.630167207215521,1.7827564870135035,0.38870631598774186,0.5208562199507917,medium
6,5,3.9847483946390616,0.08499712774954768,0.5101273201696358,0.49145881651559686,medium
8,5,4.524177232144812,2.4375475097549533,0.4011016417475019,0.4839700116178007,medium
11,4,2.1641539245148214,2.167107741196031,0.6203018796962703,0.5546129909979471,medium
14,12,3.670200004606459,3.9811433067473447,0.517187982686331,0.7268966411589506,high
10,2,4.747202630647346,5.801158878391149,0.52886518669228,0.45709864481584833,medium
13,6,14.772822110967606,0.18196127948618218,0.4690964065109218,0.6076062061056098,high
8,0,1.810620218441036,0.30859702174721243,0.6450940801450641,0.44696150255069805,medium
12,8,5.257013841597635,8.915449909944645,0.7096115285202973,0.6224859729710952,high
8,10,7.43930336624299,1.4539750419141935,0.5805983377181576,0.6264265005975369,high
12,5,6.59346441174003,0.028053753432103968,0.8897094990122884,0.657754874779577,high
15,8,2.1121825211156233,1.5554191355528149,0.4038737618143824,0.655405291459191,high
13,5,3.2880924342710474,2.8412312482915802,0.7779131566432219,0.6316410896733672,high
12,5,6.927167274977588,0.755379821331688,0.6929683972403051,0.6135578139725164,high
14,4,10.606220780301957,1.9175444635998073,0.579864942197663,0.5931893586822006,medium
15,5,5.01739004482994,1.1792612452646067,0.3884494056866372,0.59482813950223,medium
17,7,2.12049123590605,1.5659568176860208,0.8738191018630029,0.7593241082546939,high
15,7,12.014854195239844,0.5922142545818917,0.9071407682166316,0.7424800586127803,high
17,4,3.536893322336974,1.225674448012188,0.546058497947407,0.6360405366027335,high
18,3,7.788152416657827,0.25232658123565155,0.5642304907699831,0.641163920945759,high
18,7,10.249219106552616,0.26585418798233623,0.5350241535819514,0.7152324694631748,high
15,3,7.045382540242006,4.832343543167283,0.5647514390078414,0.565734664180453,medium
16,5,6.594330933437929,1.1753977132429743,0.7572038247714848,0.6836047801993439,high
13,7,6.009836146877075,4.475712504826644,0.6448118145049949,0.634124279535488,high
8,9,2.010072667495185,3.2781703372058337,0.8431322349811918,0.6467719780815329,high
16,4,4.602678867070493,2.673443484635633,0.7366310063372998,0.6495032447032224,high
14,6,5.038668478441955,3.1267708237660066,0.5290896756679841,0.6149727963084901,high
8,6,3.4816772744715783,1.9708950784125032,0.4832513596523341,0.5235109714077169,medium
12,3,1.008816171275934,0.7618600624170004,0.6310242596889608,0.5611257848550122,medium
11,6,9.098397207466233,0.9999396594501848,0.4938808006141267,0.5771098957264907,medium
12,9,5.393986676139804,4.69155747994186,0.681608815688777,0.6650447132714763,high
10,11,1.1217056286539737,2.261949187842254,0.595509841919392,0.6740223071315967,high
17,3,6.930654889905491,6.19783904136817,0.7990914587025953,0.6334993647980647,high
10,10,5.22878387332881,0.979534921251192,0.6763617964162947,0.6787421264749177,high
12,5,6.363817930205855,3.668731826574994,0.5718192876905123,0.5699056453609358,medium
9,2,7.798121576622261,0.3331032219691309,0.7517782781217807,0.5231349674778953,medium
13,4,3.447281572748681,2.395156138083685,0.7191087959097455,0.6028540515947245,high
9,4,6.467091326131915,4.578496845792918,0.26090482333750104,0.43665765236221415,medium
14,8,4.987094086984442,0.3494387119348174,0.6390707841525376,0.6954845654176087,high
13,5,7.206040231496623,0.5308160175205706,0.5252888626532355,0.59651899908051,medium
16,8,12.173622207114644,0.41956040813015905,0.7080632704780178,0.7388155847080692,high
13,6,0.8887280311004804,5.686222365872498,0.4035200277764417,0.5577958564494717,medium
10,6,8.70711443414479,3.452649025393871,0.8128197920619398,0.6095462982430955,high
16,10,2.388495059263821,1.8270323171987717,0.45120131612768904,0.718060047777546,high
11,3,2.40624697626453,1.6404729791335613,0.7576485365245677,0.5655932207773565,medium
13,1,1.6635287670811298,0.7547312226649969,0.5660927004840863,0.5231869986123839,medium
14,6,7.904540294003799,0.9181862852916173,0.6504260305486701,0.6539639642077899,high
10,8,8.107503018248131,1.6300256631846288,0.39396443870595677,0.5779260499866272,medium
14,2,3.8613502308363232,1.9061971826353834,0.809173051928524,0.5991266291681356,medium
17,6,7.750255126211369,0.9446997131471992,0.5216649919004495,0.6730350002924419,high
12,8,9.161565745184856,1.8099139922977838,0.6180907648681264,0.6515520596916401,high
11,9,3.318987722111001,0.8672249413201397,0.31146449315136576,0.6015113990214722,high
14,10,2.409868569229782,0.1937003496368844,0.8348651452533934,0.7756816933864328,high
16,7,3.7053177990379327,4.631209383155091,0.715353679259522,0.6921960066308706,high
12,4,3.2876645078516376,0.3002723968003068,0.6504871492905474,0.5880956138794408,medium
14,5,2.7189718672185554,0.8204999246513399,0.5875031291068556,0.6220306263236955,high
17,2,8.099116078621496,1.6141676976696246,0.7594369092988853,0.6361262638753129,high
10,11,0.6468227027610746,1.9630625021275605,0.617613517943932,0.6804356202412694,high
16,6,11.177313264935465,4.757587895805821,0.41143328881926233,0.610569405125147,high
13,7,9.74789398416013,0.3550612208293288,0.6238855485977233,0.6574100349140158,high
11,7,9.522111232886958,1.332445966823634,0.5164051619612535,0.5993980592800932,medium
9,2,3.6195353604562404,0.4048015857131019,0.8595786053379794,0.5442170438295086,medium
17,6,6.786389102581976,0.7775703105843722,0.5441540300449378,0.678647003938425,high
17,3,3.051707194356058,1.4365914602851633,0.5406429042499175,0.6135513044480825,high
15,6,2.309365002743175,1.5243806643231954,0.6392969801631374,0.6626968582704729,high
18,7,5.584982364420345,0.34232742016273265,0.5680770813818367,0.7213332334752824,high
15,5,2.8230322176168383,4.862657274097998,0.7014568701543679,0.6328736588702202,high
9,6,4.043145694316382,0.10903444851292439,0.586017625052764,0.5714766286871333,medium
9,6,5.894159923790622,0.789874837844982,0.7160150765236771,0.5929371830524356,medium
13,8,4.562754118614451,1.5387024718036608,0.5573555787450324,0.6562130992703155,high
15,9,11.263517997039799,1.734704038249444,0.809331966549628,0.755301699721596,high
12,6,4.357952028107086,3.618589833822906,0.6604392608177859,0.6079639199380712,high
16,4,23.932687686345872,1.635527670101095,0.3900146404377266,0.5870994102868714,medium
14,5,23.593646482707687,0.8678720051038556,0.5115788159246637,0.6065299498175737,high
11,7,2.2085043370148423,2.7216592821062173,0.509449622111764,0.5887455292083114,medium
14,4,4.086102210478879,2.056936900597471,0.48244001180895696,0.5727750896911417,medium
15,11,0.562392093123076,1.1989945141028988,0.38361061065479546,0.713728825370273,high
9,6,9.793652225988254,0.496824493632425,0.7698141031618643,0.60565065734149,high
9,5,6.904790444814797,1.7319673060773053,0.6202051274485257,0.5474945767825231,medium
11,5,3.92636210662384,0.9097155499798789,0.5149636289143729,0.5619279554496754,medium
9,3,3.7930927897423197,2.1300574628271023,0.5566619397324463,0.49213200486097525,medium
11,6,8.726147493380022,0.7354127963326754,0.44288131344513093,0.568673510713475,medium
18,3,1.6105929736056175,2.1393288604161342,0.5032981416992408,0.6163974359370741,high
12,8,4.975242980223948,0.33980325127958444,0.7724488350618196,0.6922244120038333,high
12,9,4.670097665560495,2.2153372107960867,0.6302733264824619,0.6712857505578518,high
11,5,4.76275841834282,1.751222087284538,0.5099970217638528,0.5553245904375403,medium
10,11,1.0185121054221007,1.2252560307767382,0.3956104452182343,0.6409537155051352,high
11,2,9.099564248526171,2.805152328481665,0.7952641667098642,0.5453518178187617,medium
10,6,3.288660823137068,2.434884231891916,0.6295377810891121,0.5796749946718763,medium
13,8,7.3607856462437775,3.4494076496240655,0.6654780941989906,0.6650995678423044,high
13,2,3.8768493596379945,3.5894146896055945,0.3043560890705566,0.471941786550074,medium
10,7,11.708595597052827,0.7843821521270077,0.6019896681667382,0.6051687192858343,high
13,1,1.1637892751850158,0.2800014581345792,0.5925061342104577,0.5316345504545277,medium
12,5,8.56396699194562,1.2333931203193529,0.8500212236286503,0.641781623923601,high
12,5,4.706889534584697,2.802911720926971,0.660828499503024,0.5934796217610916,medium
11,4,9.879705518203334,0.12516756697885675,0.7580327232862075,0.5957720942107159,medium
15,6,8.30569985458988,1.6618603473266904,0.7845321611883558,0.6908273632554932,high
7,6,8.37875207309905,4.846609052844411,0.5827755634659786,0.509244385674233,medium
22,4,4.17170738550017,1.9501525710213157,0.6678009419395262,0.7005591712477632,high
16,17,3.830749957371037,0.08026471684723281,0.7369307913349278,0.8868510601546706,high
7,4,3.6211643088043797,1.1558617511967864,0.47235876965352996,0.4717660089227274,medium
16,6,6.4257608454412125,0.2556184852547281,0.8389156360661257,0.7260790039781937,high
14,3,8.145585686457416,0.4876257850698211,0.5368374120160447,0.5741166438360769,medium
17,4,8.275489665496805,1.7493400797786554,0.73832177689721,0.6710020881809177,high
7,6,2.134632861459071,2.9971875257757508,0.5594621379637602,0.5169111774209137,medium
19,5,10.937737906441026,1.9154451241028787,0.5261555260140777,0.6774614710421296,high
11,10,6.365541869352257,1.1480248731893317,0.7970503730724487,0.7167565754598942,high
17,7,3.148555485856133,2.0503980313963153,0.5764843423487962,0.6966275482604505,high
10,2,5.909271497314423,3.2030701107667268,0.4396399999307308,0.4565741992477013,medium
14,7,3.4407350435036705,2.645288931426448,0.6006199096134527,0.6524887223798476,high
10,6,8.165771422567813,5.699359104711471,0.8041621842211459,0.5928367094794861,medium
7,6,1.7264298402731155,2.2083237075351834,0.5559253053572085,0.5214629030212072,medium
15,5,3.5471264734266,0.18603265567057203,0.5838584481749755,0.6405314719305246,high
11,8,1.3139714336572719,0.2629890967788422,0.4015299320711985,0.6035527257690474,high
11,8,2.465060850546476,0.262610700203751,0.8458217850029051,0.6924136189992227,high
15,5,2.714165248729693,3.3679521085868296,0.6254874711846208,0.6276444801796787,high
12,7,4.513336596969674,1.2252098657972996,0.7562188997773817,0.6630757141834943,high
8,1,7.740980443735891,0.37948576926602917,0.5611560961771707,0.4497013141069939,medium
15,4,7.514808378852118,0.15694427520998053,0.3057068567667324,0.56509507618528,medium
15,7,7.20672310045811,2.025184958868978,0.4475642668924761,0.6410116203193688,high
14,5,13.462740583012675,0.2959668364411469,0.4770090442719639,0.6034286966114518,high
13,4,4.492027903422361,3.1683860144060647,0.41890424020221706,0.5376582746110696,medium
11,7,3.178459441405354,1.6849569062498424,0.8347612681667489,0.6607192075916841,high
16,8,6.14103636125352,0.11363109581276658,0.5179176072319829,0.7028259808076448,high
11,3,5.805290975701096,1.3656098292445102,0.5383152786188836,0.52355899019548,medium
8,2,10.792834586361431,1.7965799283129327,0.5854937083337329,0.4651215421446604,medium
11,7,5.0615660882832945,0.4583367632108138,0.8772578195786808,0.6773959854943308,high
14,9,4.277539328821522,0.27870058571726053,0.7751385850252923,0.7431697131002768,high
8,4,4.528458773247568,0.1699626301085386,0.5504656590084053,0.5089600476009575,medium
12,10,5.679032807327478,5.722720226338869,0.4552911188038606,0.6329067555851796,high
10,9,7.064234442629257,2.1875837366163386,0.49999811568027236,0.6154157315586122,high
13,3,10.725833466118406,11.741699643240329,0.5143589290147479,0.4795937881813474,medium
8,5,13.444680351466985,3.5548306513015406,0.6044848579197005,0.5171981005752632,medium
12,5,2.4789046942201507,1.98153592119214,0.6976301840318323,0.6063157973317522,high
18,6,6.154268061176429,5.749722463733558,0.6562485257782295,0.6829182220640889,high
7,11,13.534620256434255,1.7415472981896554,0.8210229216781485,0.6775942690143653,high
9,3,8.516743531104176,2.7198780189832177,0.6672231405391585,0.5103121079812769,medium
14,9,6.21973417494856,0.02773054176933444,0.6347261863974634,0.7167603670010305,high
14,6,7.3951264051360255,1.899407557207706,0.8160698225294223,0.680551247457833,high
15,7,9.281324132680274,1.4835330834491887,0.5295789250846402,0.6610255644606002,high
11,3,2.252774502788665,1.8875578101236028,0.6240144525518122,0.537219171776205,medium
12,4,4.653483838063271,2.6677948652785375,0.7258161105271432,0.5873779230035717,medium
10,4,6.37135907706819,1.4344309819568388,0.4457984185832792,0.5095968105036103,medium
8,3,0.5700267280911302,1.655014225279808,0.40388531661130034,0.44974363515372806,medium
13,5,6.534708442110418,0.02754510372741242,0.8551904969788385,0.6658544653709183,high
12,7,3.228641989389225,4.249272491787828,0.49746157666567764,0.5911638320545499,medium
11,8,2.757360682024443,1.8484975550329028,0.543995180833489,0.6214757191331451,high
16,5,4.805501980699312,0.42400290267289964,0.8053244982459016,0.698238213631361,high
14,5,9.30196259882159,0.10049985270570562,0.7715611297820305,0.663642226938368,high
9,9,11.560787860244725,1.2220933047736793,0.6385575127434628,0.6345642138502015,high
9,5,3.703760414271404,2.0559254614169302,0.8741840282334141,0.5961306359039032,medium
16,8,4.392417958954429,0.9046981745971913,0.5802899354717315,0.7100266659303651,high
15,5,6.416633930227974,4.070688309025475,0.8600784112892169,0.6698777601976735,high
18,4,13.661956605437489,3.1862981656453737,0.6576482296448101,0.660287658157993,high
8,6,5.211679025474806,0.4398004210431751,0.6905819435846424,0.575184385909974,medium
13,8,5.106632833502767,0.3153919558168445,0.49590604582178355,0.6520785961255777,high
14,4,3.5168578160000927,2.532250967216302,0.5347566626807052,0.5800696594213657,medium
9,7,8.49960734473607,3.675940198831935,0.7730850287980929,0.6051107377674058,high
16,4,6.704495379498953,0.024708594961234676,0.49746612821729813,0.6193285016770514,high
14,7,3.12669739777582,0.8425134149885124,0.5004518115032761,0.6444736062007318,high
15,10,4.242509357703655,1.3908825533601568,0.5000403050967874,0.715735510663623,high
12,9,6.143100620181763,0.18608501510055453,0.6077735731945216,0.6803141478715673,high
11,4,6.130954274230694,0.4422941318862578,0.838783900007315,0.6098081524555546,high
7,6,5.482101534403533,1.097450381132181,0.6336266846452411,0.5444090010548337,medium
15,5,10.393359243271387,0.9914434607571062,0.6175476819704694,0.6418999133223798,high
9,7,4.771531112713797,5.91820321493243,0.7708897648703782,0.5897232648745262,medium
11,5,3.952391324470942,2.4429162050110285,0.6315545893563681,0.5750248098378667,medium
10,7,1.5803228822773576,1.6911156716252065,0.7042571910328522,0.6195773337290691,high
9,6,3.0017168599500916,2.1356682447423574,0.6865327988941227,0.5780687714805421,medium
12,5,10.726172673735842,2.941682357499284,0.33417921908672515,0.5272246281006832,medium
9,12,2.0337304384118515,0.9396904082409315,0.7583157574404604,0.7203985487664859,high
18,9,6.542571874704684,0.029982914207217083,0.7029979928477395,0.7903997124748332,high
6,5,2.8946969292846974,0.3818559094843976,0.676247536904981,0.5227038013177668,medium
10,4,4.882723978892821,0.03070108363819414,0.3966005387237374,0.5091154338538262,medium
9,7,3.594135420957322,0.5501916007504505,0.5375085283134199,0.5788337616576811,medium
12,3,2.395856669902471,3.0102035999984404,0.810669042138479,0.5820657844277062,medium
9,10,6.759607827652571,0.5006534912325834,0.577170985385876,0.6470965071356246,high
13,11,2.6071716162542726,1.4032347977068544,0.6485238718337255,0.735349875715366,high
17,6,6.485220084119132,1.4576256993922112,0.543795425256217,0.6740415803886287,high
15,6,2.0156377713611056,1.8562577763805908,0.5058736263374803,0.6337996734249588,high
11,3,5.040700998397871,0.8052015497836158,0.378073405164125,0.4952466707009342,medium
5,6,4.696015327328977,0.22442681255760905,0.7343546714779864,0.5403747555452132,medium
12,6,2.8578052294823895,0.7856567582796482,0.4228043961603468,0.5793231675102051,medium
13,6,10.28982169375994,0.1848715858559361,0.7382995791036377,0.661427438581688,high
9,7,1.634716926089114,6.028151040268355,0.4784866443473136,0.5305096552676737,medium
16,6,7.367200224703616,1.0128113661137417,0.5056410221188767,0.6543761286496838,high
13,12,13.607492979417888,0.7667474386434338,0.47530223076113964,0.7249487965612718,high
12,7,2.8740753836678623,1.3937317322473137,0.8323791927728322,0.6771842936729177,high
14,3,7.539781215315753,0.8851980947717076,0.8847018910822653,0.6410390575846416,high
12,6,9.577816375636838,1.182371648634686,0.7396015232671248,0.6400378269958604,high
14,4,15.764990644083136,1.0736571059396136,0.624631843781497,0.607768654716702,high
9,4,4.909360978910054,4.323242837652648,0.5845499297366433,0.5030883670296444,medium
10,8,6.89834596572068,1.2456361961829632,0.5708159269739377,0.6158589440869011,high
10,10,4.843418534225772,2.1819775036260483,0.6160673407267993,0.6586669514545195,high
9,5,13.22978556203627,0.20060499209638696,0.7668557354774285,0.5870337804815098,medium
9,4,4.408130613549141,1.0026526784240182,0.7016459010862821,0.548644829027763,medium
13,8,10.363390110573626,0.8582403028902489,0.4609781985467928,0.6414740376900903,high
13,4,6.980012616220796,3.614977939732144,0.5557191195183135,0.5620439709721151,medium
14,8,4.1118437716857645,1.1232217112171587,0.43101693240717975,0.6487152417399883,high
8,8,11.645735368824347,1.5702007199137984,0.47338284123886015,0.5642085634483468,medium
10,7,8.021416395710663,4.354492616258707,0.6852315263996058,0.5980163545048631,medium
16,1,9.012629406545603,1.5644372121649543,0.5180975853775391,0.5531899356610749,medium
11,9,6.855738588699458,2.497234772213974,0.6663479000824875,0.6616213482017376,high
13,5,5.593168625341993,0.8029702415114497,0.7046427309313754,0.6305754112428654,high
14,7,7.103473009502631,0.60861927348538,0.7035335217840305,0.6866492425335702,high
11,8,1.8930696858368352,0.46870554276423243,0.7197315411560435,0.6658216046127805,high
19,3,4.724446124051618,0.8721984533919889,0.6588509366814919,0.6709555309803518,high
15,10,7.884260857549752,0.24348915976285146,0.7783544178669017,0.7790476225082946,high
17,6,3.0287605275829788,1.973849349600299,0.7712925202049118,0.7160995083769804,high
11,10,7.694598637966266,0.9800305344190046,0.6380777322629542,0.6860820095564641,high
14,8,3.271086690809291,2.7838514903674967,0.6149649437867979,0.6744339788215763,high
9,5,2.0398392002570853,3.4919512954461154,0.6506022595410176,0.5418407766052294,medium
13,3,2.9907660452573177,1.6343417793932713,0.6643482703297529,0.5769740422033287,medium
13,2,1.7546566599751157,2.354658776230781,0.8150594809422068,0.5823141710135695,medium
13,4,4.941568490625658,3.9398304842250056,0.584270103347519,0.5655884841080038,medium
14,6,6.995647824709434,1.5484118452982363,0.5557454157370807,0.6308263375120945,high
14,13,4.99005223429198,0.4674964267839327,0.5012351463813935,0.7671303864310525,high
14,8,2.3673169682360053,3.2615387846308694,0.5726011367609741,0.6627766354546557,high
5,6,5.851235837116134,1.6053229048494169,0.7010046880975984,0.5244987849205236,medium
13,7,7.525196843882229,3.5276966472559232,0.6322406927468831,0.6379301609010039,high
12,5,12.098088610101408,1.382990268079944,0.5879198600211595,0.5883640368836989,medium
18,6,3.7618421724969275,0.750848752786767,0.33520961766582696,0.6520362651812537,high
12,9,3.667817869348051,1.388420948521803,0.5298850044717067,0.6567208612375294,high
6,3,12.06102357982159,2.6901946261077874,0.3655895189197632,0.4051832729432341,medium
14,6,5.896073727499038,1.0748654457540157,0.6995346170550715,0.6627411537726542,high
12,3,0.9227849176686169,1.5712383105482486,0.5255985689389167,0.5346447917174617,medium
12,5,11.723963242369784,7.121055164246339,0.4439561601113722,0.5213175309272988,medium
17,8,9.061052881148266,0.9414309037632068,0.44560095043131137,0.6978439840611742,high
11,4,7.5813994304322,3.747551311291893,0.6530309942874014,0.5506225234488676,medium
7,7,3.4657469188734025,0.3612599762823816,0.5243990008279207,0.5474714003237017,medium
10,5,2.8089896952279734,3.787060243707784,0.5845378138753666,0.5416604944836881,medium
10,5,13.386507211495648,0.24662612648364965,0.39744116848649025,0.5278440595207404,medium
12,9,2.4536180009694277,1.663573832483293,0.7100163846239183,0.6909127847082284,high
13,3,3.1091855754404376,1.427338625635664,0.807269125667445,0.606938234295918,high
16,7,1.1293636633124111,1.0023921617246705,0.6369003289359273,0.7006974513756876,high
20,7,9.789968625795495,0.7795316129346138,0.7077820414357604,0.7763595308675879,high
11,2,3.847718426669538,3.3549475737925465,0.5574629893251067,0.4941262807064044,medium
13,5,2.3075493523720754,1.0324301771521722,0.4542819897371917,0.5789735300997572,medium
12,5,5.431108716226989,0.20010505939238507,0.6533270064039324,0.609331367551504,high
10,10,3.8133004521415312,0.040612267913204846,0.4693589039910972,0.6436010323454647,high
13,4,4.628084979913478,0.590959539527224,0.7327307115807243,0.6176064120526301,high
8,2,6.846980961170111,0.19143141326937302,0.7290524588361248,0.5045342823454292,medium
17,5,8.950475609611681,0.03235160020791518,0.5022441360327549,0.6552331498718316,high
8,12,6.833170264160938,3.039757203192867,0.42754066023135145,0.6252430840249845,high
13,6,2.5558300123912034,1.0325774927513145,0.7626071660798746,0.6606375832642994,high
15,7,4.37169592458309,0.37269720473778856,0.3903311340343774,0.6405815787752902,high
18,8,2.763662027134379,0.44542772964693045,0.39974850627210223,0.7069801830567743,high
7,3,10.750863010340668,0.6523482576896316,0.43314060977677393,0.44727913357075727,medium
10,5,6.0839970767012375,1.441172976341565,0.8512282034277485,0.6106378208432726,high
15,8,4.852135868228178,1.894850059149881,0.38304305413065226,0.6489762770984646,high
9,8,11.07997980964348,2.2232957867135528,0.6992982773779277,0.6200376835641619,high
11,8,4.375366228827696,3.1471736489554227,0.48235398152874537,0.6004896386460462,high
7,7,3.685877120997678,2.2641163065515317,0.8282759448731423,0.5955610802642849,medium
8,7,5.202254267019185,1.7444104454740144,0.8748345542052595,0.6233375078712251,high
15,6,5.677899757669661,0.6761268100140747,0.6365570937379512,0.6678039066808297,high
9,8,1.5177891107088615,0.7679480627164598,0.5130665467639829,0.5924936556013536,medium
10,7,4.769506247356972,4.867127071098769,0.6184408307471937,0.5812406523421136,medium
10,8,11.717939888093037,2.6203799310630345,0.5608513781705786,0.6047010760936955,high
8,1,11.008543660198878,2.4245275363813747,0.661071759748184,0.45605083504042765,medium
12,9,6.06288146606514,1.4836192840021944,0.7518565191538661,0.700480508604092,high
11,2,9.19060441034298,1.6814083057203018,0.6197431680111543,0.5177392448974288,medium
11,4,6.731749139403856,0.7822944208852826,0.7083981609757675,0.5814643360559183,medium
11,5,0.9917949439280688,1.2326870180285845,0.5905959170689494,0.574901269960266,medium
11,6,4.556468932821913,0.05112115374427964,0.5128748697783488,0.5872341662640412,medium
8,9,4.521920856033332,4.311414534504733,0.8706132949405225,0.6453798954247396,high
6,8,9.440148586382954,7.614718778712901,0.5963819639609145,0.5185116009340969,medium
14,3,10.809536935320917,0.8961475329548285,0.735025275973341,0.6110307383083027,high
16,5,6.9058161505011775,1.3312761221234435,0.35101165168662535,0.6013271561898353,high
10,2,4.068380657573388,0.6065461915878179,0.7037066758846039,0.5266976938996687,medium
9,3,3.7965692238002355,3.0610117673874124,0.5328832269349542,0.48116990027107476,medium
4,4,7.653062643726871,0.9602409074045207,0.727175624069448,0.47903351876452616,medium
14,9,2.5673586266284527,1.2718323602830894,0.6362357321016725,0.7087682640184473,high
14,8,5.063562492264231,3.3548077918155546,0.4409207835378003,0.6358187714287897,high
12,4,2.404272229520508,4.6770333480181625,0.7584330157035849,0.5805063808205959,medium
16,7,9.493008869309286,1.3777574045517391,0.4977406832305592,0.6703630872824337,high
13,7,21.473485600233765,0.4603947794335016,0.30817497288154744,0.5935656960467528,medium
18,4,1.751592232681649,0.6686921982777064,0.43116877447221696,0.6317758069059254,high
15,5,2.1839929201701564,2.4384813852903866,0.5796749965180116,0.6246784567349997,high
6,4,5.301827867171444,2.023713301942512,0.3598326446478241,0.4284751069166148,medium
11,4,2.6371764264022257,0.8985294713988691,0.87737058126227,0.6144839197764616,high
13,5,6.919310156583479,2.498746308062743,0.4600518683162121,0.5703520649428241,medium
9,5,6.365039750108549,0.10518272288611798,0.6105165160302756,0.556402085053481,medium
10,12,12.383276584393847,1.4484691062290713,0.8495146107759288,0.7502464614469919,high
13,7,6.2010782785004075,0.755012940158153,0.6011042519670283,0.6501874307923513,high
11,8,3.337462243808844,1.6798385878171338,0.4872192434810047,0.61124492477742,high
14,6,7.047247075579383,7.0172344400769315,0.8002339515961594,0.6432652273853856,high
9,6,10.103138012636897,1.3774195543646446,0.4951288800414637,0.5448429789791951,medium
14,5,11.054857535947985,0.49793185409622315,0.7862201163430222,0.6639244775746297,high
15,8,3.7828254150849565,1.3715981829310024,0.5146680197791583,0.678789616069625,high
12,9,15.651767477759295,2.8256780033622886,0.5580843200498671,0.6527790106542248,high
11,8,6.497131848983111,0.7892607707744067,0.5185095142205118,0.6234401643722731,high
12,6,5.99073185310493,0.7393914472269756,0.859545959917541,0.6669799156686617,high
9,8,3.7172924678809114,0.7205331718205291,0.38528111164542844,0.5672526678502823,medium
11,1,1.120683708113436,0.36071119739792035,0.6444148595399021,0.5114782305919943,medium
8,11,2.0392749949530664,2.6844840072329044,0.6113822224692249,0.6443798844456257,high
16,3,15.070817243618935,1.8484668862078018,0.634198573113113,0.6145166020479039,high
9,4,5.590710475402855,0.23558093130137972,0.38481291084804997,0.49039204262760083,medium
9,8,3.0879230310170507,1.3878841081131224,0.4298211601219936,0.5717116713036446,medium
14,8,6.3956061036230425,0.3811212945065623,0.3780886414610261,0.6430769196621615,high
13,6,0.7879727552156283,0.34873549882946325,0.7860468572892892,0.669884468132328,high
16,5,1.578837196625111,0.6863950989564291,0.6608377089524171,0.6675915744641072,high
11,5,5.53734743604465,3.633160776334104,0.45520971290764767,0.5318208707393022,medium
14,8,1.6926483594639117,0.3853642703213672,0.4527337801162083,0.6579776608877659,high
10,5,6.622469255137993,0.25954992667454,0.5603220854484325,0.5603340842451896,medium
18,3,7.411240394604495,3.168352375395095,0.6588011191917762,0.6406378746690546,high
7,9,9.907207725430354,0.7626517770954767,0.625665526599596,0.6050487601392827,high
11,7,4.593876341995504,1.4195970597064484,0.4997589737274422,0.5954878143474455,medium
6,8,8.795083778090962,2.1194473672602987,0.7045277616217334,0.576775903209278,medium
11,5,11.552129983142791,1.73500270724171,0.6928051246798388,0.591994340221023,medium
16,4,6.907843786180604,0.5760698207924169,0.6238557364236638,0.6409306818127833,high
9,6,7.1855090725170445,0.7274878947530321,0.3824836981070433,0.5266468203230551,medium
15,7,6.040808648413346,0.14696618283245244,0.7078007305251849,0.7055803715528206,high
10,6,4.935155714598054,1.8382527339577663,0.5493780176305479,0.5676205852997245,medium
11,3,6.1315256365067,0.2206781989930441,0.4868488914351969,0.5208985902937524,medium
12,8,3.008740610194545,0.7172492176011923,0.3448157678137009,0.6041814921120655,high
13,8,7.55162245302445,0.18369679518566537,0.5965310224166875,0.6730815591820998,high
16,6,11.730086403033273,3.3860465507881967,0.6405770686657831,0.6655417700612353,high
14,4,4.688931506323401,6.578144326488853,0.6860814345479891,0.5833619913996722,medium
19,2,3.7248935311673717,2.51339355836504,0.7622714025291933,0.6606983234500716,high
6,10,11.214856846898323,0.799221995481436,0.6674141764524294,0.618154688653943,high
15,2,4.261001859259993,0.30613183058806837,0.6428139176072343,0.5915219046508597,medium
9,9,2.372885229714304,0.37174786503644724,0.5367716458736788,0.6198760100744928,high
12,6,2.1830556973495283,0.6110183093103955,0.514467551926642,0.5988200549899259,medium
10,3,8.294916094461733,3.2629807879128387,0.7966744065964467,0.5475816760665371,medium
13,6,7.529973349079506,3.980655234378345,0.35052836159968226,0.5585679707574142,medium
13,7,6.951471588926093,0.01600346522267744,0.6216412514913134,0.6592215605301115,high
11,5,8.036544330417648,3.894608628500846,0.5331026508102049,0.5456564726387021,medium
10,9,3.4334991351334847,0.7659861039044374,0.47430944097886024,0.6197553141697424,high
13,7,3.1148246052710977,0.4234573954906712,0.46869505422992525,0.6259159615427139,high
9,7,1.640768451137829,0.5215296897385947,0.7917935564608525,0.6298818466939132,high
9,5,4.4468481581591215,6.268864719823957,0.6246568309926755,0.5181389347330421,medium
17,9,1.98586298376653,0.7798960313007918,0.7206263573669992,0.7739259645980612,high
9,5,4.942924569620237,0.4503721897568335,0.5207006985277797,0.5361376584405103,medium
11,4,9.058736801073714,0.8533111455138149,0.7612392124944309,0.5915591015287941,medium
11,11,4.674324853493111,0.5706430077658118,0.5385994459262321,0.6889156024668077,high
14,4,4.293342923006329,6.98615274163966,0.6734605706621427,0.5781177625214975,medium
12,5,3.377490178024054,1.566759322546232,0.25213282610969207,0.5199815030716302,medium
14,6,13.310846939452825,0.8161508122042784,0.5367030561998658,0.6318996058252779,high
6,12,0.6579166032489141,1.9417791415839947,0.5809953939970433,0.633253884522182,high
16,8,2.3702367071175447,0.4798158490057451,0.442194618867929,0.6852401514468809,high
9,4,11.146590315772379,2.7270293480036414,0.6767878289398033,0.5321773701346031,medium
6,10,3.7436270720090765,0.37523065289539803,0.8702840443926377,0.6615552711925582,high
13,9,7.897619016456332,0.8076466993798385,0.6289501737166368,0.6954057234141284,high
7,8,10.006194787972792,3.95856954972251,0.7384577125838281,0.5863010788519489,medium
10,2,7.967531129075557,0.4039043737476067,0.5678205781506811,0.5008714198051522,medium
13,9,2.1100998598655933,0.26046913913023856,0.7120197492087513,0.7156674889142154,high
7,6,2.4029639484568834,0.6884050176648884,0.6973974194995443,0.5598901171154762,medium
14,11,1.855086606109662,1.9180522580484807,0.23017316594578194,0.6632476181354998,high
7,5,1.9245248338593761,0.6078348597009989,0.47478447255365014,0.4959046621127234,medium
15,2,4.5251301890761955,0.20683355440442414,0.7510005841939638,0.6138212264760965,high
11,4,11.407557941796151,0.3266473666482972,0.47878667733506347,0.538579686356024,medium
7,4,5.81732337791668,1.2058999362456506,0.6855139704856721,0.5140634611888301,medium
22,8,6.348443871104213,1.4277228799072168,0.8440813785528631,0.8192981231778579,high
9,6,8.13669940393783,2.161337486237144,0.47248384919190584,0.5350878532634669,medium
16,6,13.30886054527199,1.253349674009995,0.8636714776264167,0.7243786310318834,high
14,7,7.317441317079503,1.022734338111334,0.561958722394376,0.655573515558133,high
9,8,8.413333930662644,1.0879458575439516,0.35662591785592085,0.5590722111875579,medium
17,6,2.8793091808515716,1.6082335036415825,0.682709047557759,0.700820252820608,high
14,6,4.842136393941768,0.1270246697148807,0.663807151881895,0.6619145992449464,high
14,7,7.182914989657622,2.0675860127981465,0.5776788376437305,0.6517518607767585,high
15,9,7.491093175626852,0.29101936048475624,0.705731498842691,0.7442061706986398,high
7,5,3.7011768434345322,1.8349550589540518,0.7409392615809668,0.540954818589833,medium
6,6,5.6533508835033555,2.342437179541656,0.7361715512319825,0.5416180623827855,medium
10,7,2.864511463361561,0.6865001001945409,0.49734146568310644,0.584891625801991,medium
15,1,6.356316255051443,0.95867884192961,0.6088333675934212,0.5603754812391535,medium
11,3,6.72041306132796,13.406898451127072,0.47930868406155175,0.43148241380479657,medium
14,7,11.222401195993836,1.1281217478030077,0.5116276441841974,0.6448047171848195,high
11,2,8.129737038093795,0.6145737256926627,0.34684994267598973,0.47027283036391354,medium
15,9,2.0143998724759262,3.269382267629756,0.647856673502565,0.7127754529163146,high
10,6,4.072971844819658,0.6108089292795925,0.6122270924860519,0.5883733589686798,medium
8,8,8.054752194941885,1.1581867416673781,0.7191744568227216,0.6161136464200951,high
15,3,10.072720619834325,2.72741349121517,0.5112659753897966,0.5690704384698582,medium
6,8,4.891798797026519,0.22440696952056025,0.8514164214212006,0.6187872378207697,high
7,1,12.292390099371577,1.3963396736771219,0.6179853406548078,0.4392881369731141,medium
13,14,5.757973536565925,2.133140919075332,0.7044979051725857,0.8016786415740149,high
10,4,3.7454986225208806,1.6615679307750952,0.574764858088873,0.533875852079274,medium
9,5,4.818482800865634,4.9311920534541045,0.5979537358219262,0.5217161334746913,medium
11,3,6.323546998636144,2.5821674231757132,0.6310072012974356,0.533986990771649,medium
9,7,2.301606229912135,0.7449927303591065,0.33585789245346587,0.5372049602882992,medium
10,6,9.137314414799834,0.3688039101438326,0.3330622094568121,0.5341537491570703,medium
13,6,12.86427862906409,6.8746618971292595,0.7884080894022247,0.62685053856625,high
7,6,3.589466140779433,0.7417071594190704,0.7103918973929145,0.5621336650824558,medium
12,7,7.482587119618991,5.165570348950362,0.8035926386015795,0.6462813920606468,high
16,3,0.7880031159414932,6.313827929287044,0.6475225060730695,0.587412315019367,medium
14,5,7.839263406436345,1.732505073940887,0.5509007948364751,0.6086301251410224,high
12,5,8.916424080131495,0.6082216508112273,0.5881452246808693,0.5935742339307657,medium
12,5,5.100462525421333,1.8469515843376296,0.7290729009197301,0.6135015696216951,high
15,6,2.5875307070454356,0.6233187781754285,0.4975125622436795,0.6403470539275663,high
21,10,8.441714890830088,2.4290834069241525,0.6500389495177241,0.8138139005240506,high
21,10,10.598152594193447,0.008796348441523235,0.5260399795075559,0.8051493535785678,high
16,8,9.747318380013187,5.7996788008487545,0.7523288002430931,0.711801234709627,high
14,9,3.087618734733566,0.4827817266195824,0.48183066021327997,0.6831475871985254,high
14,7,5.154823109284009,2.222574676788074,0.6813917066310778,0.6714611768142951,high
12,5,2.322853079729976,0.6911645191254623,0.35178620513450964,0.5457494775660655,medium
18,7,11.363402653463531,0.19868836882419616,0.7609956634693908,0.7608745435683836,high
16,3,1.5799098254533104,0.5326077758427592,0.834371206754007,0.663323522845183,high
9,6,5.500383238305906,0.3604462155102625,0.5799155533491915,0.56858013589977,medium
14,4,10.331605936067044,1.2013587690788354,0.47604660603469034,0.5772002627464125,medium
11,5,20.49182109447778,7.448706957552188,0.5229549604249026,0.5199329457012993,medium
11,5,7.585048033953762,0.21189751315586858,0.710759427686626,0.6057392354496194,high
9,3,7.558364816501624,0.9432364919477624,0.6785482704182956,0.5244214108040074,medium
11,4,2.1622050138690962,0.4268358308653985,0.6271797901154067,0.567590385817312,medium
9,6,6.033499019050142,1.5137871291199274,0.6551436406737379,0.5759368139406147,medium
10,2,4.560364137987033,0.47969460442724426,0.3708249054853042,0.46096701706754595,medium
11,6,1.5303779594873852,0.21625895877489315,0.6866723110964059,0.6208927358274485,high
9,6,3.982858497296784,2.558670745786909,0.6649445529809523,0.5709311056242777,medium
12,7,4.712476025463134,0.9765475538919567,0.5960761428825655,0.6327049115505667,high
12,4,3.3285809786524547,1.4565203782883993,0.6255801607578542,0.5754058962963149,medium
12,8,7.732072476480644,2.816854415147752,0.6677360030020911,0.6547681711660999,high
15,7,8.555076529179564,1.154016210615535,0.8266162143520248,0.7226298014663014,high
18,3,6.9763079087121485,0.6691443279234282,0.6817115788962855,0.661881353593101,high
12,7,4.415873819117692,3.889528913967135,0.7156012662335139,0.6371900604869218,high
15,9,5.9419995322797385,0.7745753595822886,0.3930568948360196,0.6784475432366553,high
18,5,6.204049037958804,0.056500920490436105,0.8588772791129162,0.7413987830193136,high
10,3,1.600746013785641,3.0441694948735543,0.5011928795362632,0.4899441126080956,medium
8,7,10.323860832332375,1.4795780879718714,0.4461561220297027,0.539367370486128,medium
9,5,5.2226390432761685,1.1139470848789852,0.5965259961414786,0.5468788853291024,medium
8,7,8.063981291471887,0.055901759951366654,0.4418630505061639,0.547999931701557,medium
11,14,6.60689397424108,2.1831824999155036,0.6806642749974157,0.7665783050000464,high
10,4,6.644109859993365,1.0496343663014398,0.34105672363472145,0.4912137822849347,medium
12,7,12.505772035022092,0.7427192900568902,0.6229615409148276,0.6396408462492529,high
16,3,4.946169387044892,1.3462526095156693,0.4868433747336835,0.5883936575499655,medium
17,5,5.799415440701087,2.441918996824402,0.8083186033634577,0.7003842606938622,high
10,9,3.6388773311983766,6.197997206787344,0.45174963210536323,0.5790299450424903,medium
15,6,12.155341463553144,1.3521544261005218,0.7528759823453653,0.686560833628403,high
9,9,10.635990505972565,1.9197824825111982,0.575686908063902,0.6173388317293724,high
14,7,6.879105013311699,0.8365895507853014,0.7679054917079879,0.6980038346696956,high
7,2,10.770109527354224,1.713700260626324,0.7559144665891189,0.4847582249136483,medium
12,6,7.785464796793679,0.17897992327058404,0.7082873781339625,0.6404642761383219,high
9,3,4.547021952514736,3.0123188828246508,0.7770856701580784,0.530335008146118,medium
11,5,5.396662104393439,4.318249865237043,0.6326761508220827,0.562746897729503,medium
7,3,7.550628503461387,1.67508606532803,0.6249797068650464,0.4788287009374891,medium
14,10,2.535561533953845,0.07736855760294,0.5455530052410391,0.7185948106641882,high
7,3,6.029006113812657,4.188085189657401,0.350384347086564,0.40715630148626347,medium
14,11,2.084457359125941,0.06132771386178015,0.7894500884010053,0.7874811662544557,high
7,3,8.264040770221422,1.203551617683978,0.2839544555921895,0.41376721366721136,medium
15,7,1.106594523460767,0.7555071434739188,0.7313341586366879,0.7062301174375114,high
15,6,5.783170474115921,0.3983013407789515,0.5568739562911948,0.6537194489863793,high
9,5,5.669166380182864,2.676317121175702,0.4672101453698161,0.5105999149327919,medium
12,7,5.092369544372994,1.083007503443339,0.44772946671818636,0.6023258433206816,high
15,9,2.303589308849328,1.703239935228744,0.7007539960437423,0.7337958663072235,high
10,9,3.802672869380504,0.13472335269956007,0.43060483579863346,0.615222811475063,high
11,5,6.980294589517862,1.235987854642841,0.5824282657006062,0.573245734109169,medium
7,10,3.3167154591171064,1.130904028593526,0.6521496496869401,0.6278905697467645,high
13,5,4.5258960630151535,0.3342995868817117,0.3098964669967416,0.5547506294868036,medium
10,5,2.000534266281772,4.257261474151139,0.44844789096427207,0.5113078350318468,medium
18,9,3.231827174528841,0.44753608899922404,0.7797862044124492,0.8029736669558284,high
7,3,9.68284979405022,0.7743400420312405,0.46362721980055904,0.4525631770132369,medium
12,11,7.001122823487062,2.5656484182793378,0.7233343510620603,0.7275625474238832,high
9,3,5.5082825897894,0.20467998976091956,0.5360154376771841,0.5008385542703641,medium
21,8,6.6111714434307025,2.0486783173204937,0.36299795600312934,0.7189417357518225,high
12,5,1.5014486244636043,0.1796382090425013,0.6009592729365805,0.5989942665270327,medium
12,3,6.54394650328835,0.15026446517515485,0.7488464064840719,0.5887675181956467,medium
13,6,4.968568528357527,2.3738608275187922,0.7927169504304298,0.6577176512359607,high
8,2,7.608007829587262,0.24824295644442212,0.5622238174749579,0.4707898104520287,medium
11,6,2.816608624065529,1.1794417734148834,0.3109326548236875,0.5393235858086383,medium
20,10,11.919575716636743,3.860646832380802,0.7435834547631176,0.8229790454034182,high
11,4,8.153941574801234,0.29080831098210796,0.6632094476451726,0.5757031674558205,medium
13,6,3.468549185363911,3.0332388367596286,0.5914557130995255,0.6130695503748409,high
10,8,4.834974406092088,4.90555923763699,0.33803481711402017,0.5449032351718908,medium
19,3,4.428940698480261,1.1389194815328705,0.4661681676840864,0.6306408369932648,high
13,9,3.8931719105418816,1.4660173086066832,0.5059828911756268,0.6664231295110808,high
12,2,7.258952264455193,1.3671784293153701,0.4750089163186627,0.5058872604016301,medium
11,5,2.4990114032782,0.45468095361133526,0.5997274993115072,0.5819142935048925,medium
13,7,8.552556129533933,1.560098761793596,0.6290868626508214,0.6504167141182069,high
16,4,5.959112661546337,0.05067207233441278,0.40337179772480924,0.6003365457293991,high
12,3,2.67766565128847,1.0274101007905696,0.5673755922719189,0.5466257177824467,medium
7,7,13.74208518807808,2.2816511605848246,0.639777568046342,0.5577445058720363,medium
14,6,7.768450807668612,0.5930516713196268,0.738816793538856,0.6738096808989736,high
10,3,4.656140953639502,3.532516529262501,0.9265106618351717,0.571752022171951,medium
15,8,10.879752871305856,4.4170831211393855,0.5338157997973799,0.66231593915188,high
10,4,5.756750559081798,0.1670773077511224,0.3962388509482064,0.5081339214713004,medium
9,3,5.007600345452485,1.1448104793625251,0.6117166763873587,0.509711265415055,medium
10,6,4.690941589268622,0.02750161544806112,0.7233064749126412,0.6144779508795412,high
9,5,6.426011585968994,0.14507285798700342,0.26975257005537673,0.48798336162449535,medium
10,5,5.8443350744848015,6.899556580624915,0.7575402170344723,0.5555109995360618,medium
11,6,10.216534130271153,0.37122500011511655,0.8671382414743751,0.6559528149607743,high
11,6,6.846211169665981,0.6995635623273785,0.9381729602910335,0.6679708349760243,high
15,6,6.154922897543772,1.0179673779341982,0.5556359242417039,0.6493407356621128,high
15,7,1.328967182415535,3.434011455316439,0.4573512312761154,0.6335768365531135,high
17,13,4.18477000075928,0.7307489566418404,0.6356840450370497,0.8372651492964643,high
19,3,5.65692580660475,1.0880241414627596,0.5803819572953463,0.6538228971826509,high
8,3,9.416176150142316,2.5031379213290044,0.9060297549100936,0.5445183648398254,medium
12,6,1.0137241129974683,4.42820094936829,0.6894525707314473,0.6083691744838342,high
11,5,10.299465344299339,4.296361855362232,0.5438467551762914,0.5451269386661768,medium
13,5,7.6578692749213255,1.4270625017663818,0.43204782161900396,0.5718958143120249,medium
11,8,4.133653104185353,1.0787243772228947,0.3467434684162794,0.5871571978351033,medium
13,7,4.154080409878704,2.095806959457718,0.7500116663975448,0.6710302868831242,high
14,7,4.7096833983462565,5.16214108190598,0.6202841619664914,0.6396425585139252,high
8,7,2.795201176787586,2.5005931440705798,0.9178183475962167,0.6268930485587729,high
8,5,3.765112248111841,0.6230615989285041,0.34076851034986233,0.48399995807711577,medium
15,3,10.026683933687677,2.3931054674498857,0.5770174241580227,0.5844494483819386,medium
16,7,5.315076563459464,1.4870347497877356,0.5177735824285282,0.6736411514871208,high
16,6,1.322222110146372,0.9662736695632125,0.5121372617955144,0.6559856278953482,high
6,8,5.091015223069687,0.17202063317976818,0.6266281768325223,0.574178831145306,medium
14,7,9.480788038605482,1.1823767240854643,0.5712769396664024,0.6563728764393774,high
13,5,4.232447101182494,0.7951114492710123,0.4372766230528166,0.5771545816154233,medium
13,5,4.41251041427525,4.317710341401921,0.6661571819015902,0.599446700770972,medium
13,6,2.4027174298298446,0.13462351564657551,0.7894937315220631,0.6720012562001021,high
14,2,19.439163761716557,0.5048024301638828,0.7805340750510819,0.6027414654757905,high
9,4,6.632176827798544,0.46718387288837987,0.8361055161962953,0.57910654408667,medium
9,5,5.626170432284977,3.6508936172574735,0.359387676935551,0.48253824460539374,medium
12,7,5.2119473649290375,2.3156533688769723,0.25640217673699106,0.5558427462215517,medium
6,7,9.066583099240539,3.861817607170551,0.4010564634270888,0.4844658419709474,medium
10,8,4.462131589004743,2.382254178479769,0.640794771971748,0.6222772598711512,high
7,4,6.100205079739443,0.5164776663014009,0.35746258442255363,0.4530493324425014,medium
6,6,2.9328789844918433,2.7470848848636114,0.6796733681204872,0.5276207743916734,medium
7,9,3.436205048631818,0.9489353539497901,0.4906608896808966,0.5768059422431807,medium
15,8,8.451831259364,1.2656703293303946,0.7588453632422602,0.7283312704529161,high
13,3,8.191303591619583,0.7433197335357542,0.6323038260043411,0.5765053003106299,medium
7,6,7.419802542787929,1.1487464623888537,0.5840021374789969,0.5341421177465404,medium
15,4,3.1901199910545026,0.0286366631065723,0.21407977417413204,0.5476250437474492,medium
10,5,4.218428471465391,0.7342243423148045,0.7927586550404896,0.6036569020593325,high
15,7,2.5153241718114665,7.992580772987754,0.6191777250402829,0.6355516731881382,high
12,1,8.802925022992653,0.8093138431726214,0.20930677627299243,0.4364659296334477,medium
13,9,4.781891088388157,1.580238501421015,0.7148319149654089,0.7074314596502751,high
10,6,10.759139579313878,4.00012813690083,0.7995292098704008,0.6032383210614081,high
14,6,3.2681745121523145,1.5596375793430761,0.5841134164101316,0.6364250994197391,high
10,4,4.364629659499274,1.313467546388511,0.850629286859206,0.5913694070625846,medium
8,3,5.079195726114401,1.8609185833624093,0.5991957646091891,0.4874330290327551,medium
10,4,9.87691272359076,1.1745493796155928,0.6043013713656014,0.543029945075683,medium
11,6,17.078846533455106,0.11712050491395709,0.799803506822687,0.6441798979984444,high
18,8,3.449682663891308,2.3606890558223745,0.5249153659041698,0.7192451461420183,high
15,5,6.746066068252479,1.2832600029837808,0.5381162569232145,0.6240681846980843,high
18,6,1.4030309483829235,0.2942335508931227,0.6641014535110011,0.7208587336962461,high
8,4,4.542696502560488,1.4595960662669767,0.8368090328414134,0.5576311661265029,medium
10,7,12.344020058270425,0.044051877573428454,0.5843332467344249,0.6065729701630621,high
10,9,3.476557721554965,2.9435880134573185,0.7134233581358852,0.6530607515374616,high
18,6,6.82845793016531,3.796392393354968,0.49059467179168015,0.6628096517359696,high
20,6,15.854926759400112,1.878989315377034,0.49608439145767974,0.706690282855689,high
16,3,3.959160772045342,4.144350118112435,0.38492841692322216,0.5493566825972281,medium
11,5,1.854474065417143,1.652851104518792,0.32888917727344114,0.5197588280912296,medium
11,6,6.3606391403948646,0.07149498032356813,0.5578634147839506,0.596096049754633,medium
14,4,6.182203998326238,2.6119972703867322,0.5618949747361247,0.5849656798113134,medium
18,4,5.403347245420592,0.06076602385519629,0.5726256611796694,0.6641200254102325,high
16,7,8.161722311240178,3.562357478340945,0.4547899148172012,0.647208933107834,high
10,5,10.060679753985948,2.977108460374133,0.6436173691853178,0.558876084101236,medium
13,9,4.8955784822365365,0.1973187618890243,0.32313476585077716,0.638311494757562,high
8,7,3.2439317387710744,1.9123807567063211,0.3126062598938291,0.509772046934057,medium
9,5,5.330922746771453,2.396116388322144,0.7826806110846689,0.5755620129614528,medium
10,10,1.5987762263601353,9.14116294270297,0.611124934074271,0.6112839005301678,high
13,3,2.8646350207771345,1.5327687640338743,0.5635070182187403,0.5574829452168556,medium
12,4,13.600402595030758,1.2304369226953569,0.5409738899720673,0.5599918651764444,medium
9,6,3.353629336645051,5.583862665495774,0.776526755050587,0.5730795999068122,medium
16,5,6.370120998002905,0.995974214915849,0.24584436177277647,0.5825290442551162,medium
10,5,3.635807035400627,1.1714214889746921,0.6448810759215203,0.5711667385911394,medium
14,6,5.728158511861913,3.577798462270446,0.5191307296574449,0.6099741561830193,high
9,8,8.689891474308993,0.10225738153324643,0.6285892092660736,0.6200361259763265,high
12,1,8.024813332964516,0.21194585861211543,0.6933298477796623,0.537252997165185,medium
15,7,4.6810300086269345,0.7741537855401742,0.6770409136341096,0.6952471574898875,high
7,5,9.85539416451332,2.497578826894699,0.7062273260513902,0.5295949396976467,medium
8,8,5.044509812420442,0.3107095221978591,0.419222742171715,0.5617731516196907,medium
21,8,6.576575623481866,1.2766379416755909,0.8653813727842083,0.8245653549456711,high
13,6,12.577315710331696,1.6589504950053062,0.6631474868098497,0.6365698273952679,high
9,8,13.664241193890994,3.0100044683248113,0.6893187161408002,0.6127970467726613,high
12,6,4.115070766330129,1.1577397461117973,0.44063328082566,0.5804083911910534,medium
12,5,7.123239166518904,2.0574484864555282,0.9024740792014166,0.6467784925972465,high
11,2,10.211402354775492,0.5941142861583429,0.668053736973948,0.5346499854870673,medium
14,5,8.220669692096003,3.7261866177164564,0.6851809868563351,0.6221949532531573,high
10,11,1.9308939514602095,0.6207160387508098,0.7439290064130496,0.7146476943576046,high
14,4,4.542364368358905,0.4787192304039895,0.5327539439265638,0.5933593272492861,medium
21,6,2.784045482076487,1.0884226963144232,0.8161244992030037,0.7759687485318378,high
14,3,3.449089846982427,6.185925692433872,0.7206666098725057,0.5728938173582754,medium
13,6,5.777117564241475,3.830378245258104,0.5213275554977526,0.5937296561311631,medium
15,4,5.71208779966196,1.6417299936568375,0.42508212732391193,0.5790715588404034,medium
15,9,11.98896526523575,0.985460211434345,0.7502670889446337,0.7484836830460311,high
18,8,4.574885953964281,0.2277305558846354,0.48599195622953123,0.7256801875400087,high
16,5,1.438373501372142,3.2327328491922547,0.4686522829656222,0.6121789042651762,high
10,6,2.4733659931074823,0.0249086959659808,0.6491131367420826,0.59965656937531,medium
13,5,14.934049827295626,0.2044444617128308,0.25661119938164023,0.5449592767982425,medium
11,4,4.861226891070826,0.20242254731145068,0.6291429740402584,0.5694791111593087,medium
17,7,1.2657599650554234,0.021234972286800956,0.7868223157995363,0.7522228966779952,high
14,5,8.878447013127115,2.6593478782586395,0.8284285603867606,0.6579567262222945,high
12,5,3.03544256860558,4.75865118727441,0.7182929951843392,0.5919342577883717,medium
12,3,3.610133892178477,4.043749711273533,0.48774912177639995,0.5105914929467898,medium
16,6,7.864507271299147,2.522340669392473,0.6597896993210359,0.6751423354015907,high
12,7,3.603411980433642,1.0681257223158913,0.5452515225060202,0.6219294663524314,high
8,4,7.143327299171088,0.228837367793281,0.6856951346778626,0.5356134444836174,medium
14,4,3.3608487255832213,0.5881291020352634,0.46890694132352034,0.5798605275844689,medium
12,6,16.613855178749603,2.781320687347594,0.6378900367286575,0.6090358694300809,high
5,4,5.395749519731046,1.3185234420057006,0.4156967329422117,0.42934919030840435,medium
15,6,6.246875626891293,0.2726488657313092,0.5302753109119867,0.649237403077522,high
11,7,10.781228495079532,0.8473893082315849,0.26248988124292144,0.5518487141937071,medium
16,9,2.7739088819135045,0.4932287387051411,0.4614452074730416,0.7090008499032407,high
10,2,3.3448196319914842,2.035108811998553,0.5728098259464084,0.49099457310929134,medium
10,3,3.4002384386450712,1.715332888810461,0.8822922974418701,0.5750229068963043,medium
13,6,10.751911300445943,6.502079595054599,0.49340055546519385,0.5703329137926748,medium
6,7,6.473625361301974,2.9352613951585727,0.9016573393132942,0.5907630585616017,medium
17,5,4.228004062862185,1.211019310784067,0.5215553038049361,0.6512375986890935,high
14,10,2.214344320874335,0.6515137144498768,0.911190166575959,0.7878946085521926,high
5,7,7.417242278447451,0.9752126673786633,0.5237179700081007,0.5132421762190957,medium
12,10,7.509573001235986,2.2854029420549766,0.7623174902901771,0.7172274784443355,high
9,7,2.1888228029628127,5.098310411769168,0.7287087528716705,0.586753014495873,medium
16,8,8.298999501681717,0.5839984897271401,0.8505728571183235,0.7662212481588171,high
10,10,5.47163244029629,0.6821521409671203,0.6581537415305784,0.6770830673663348,high
11,4,4.082137910479831,2.532272215465544,0.5800202980379288,0.5441222448378155,medium
15,7,4.850176640919547,0.6618391852933196,0.666892862776162,0.6939663113199437,high
9,9,6.645739335094373,1.712650980110556,0.6453784269727764,0.6326580121938182,high
9,4,9.360575464003833,1.7897173537234863,0.5041503641278492,0.5038986238007467,medium
14,6,11.104822590965684,0.30476573226596815,0.7178254194997442,0.671533312351509,high
14,6,5.255580078143568,1.3313472116870548,0.6098279065558075,0.6430899332332478,high
11,8,4.971223897877788,6.511739969344665,0.7415007778583298,0.6298885557760349,high
8,5,8.965508282859929,0.41565518725396167,0.7513072499241827,0.5674904154031435,medium
17,8,11.082314675340392,0.34426222155169967,0.5721882971616915,0.727142577955327,high
11,6,3.2122165709354684,3.237766866524719,0.8094296082328841,0.6253008092030787,high
12,8,1.9771951031602841,1.0711901962966066,0.6808715986637434,0.6690330517574379,high
11,6,11.174931547536405,0.5944271911163074,0.6406678382697354,0.6091707197131717,high
8,3,7.248235482988729,5.552879861625481,0.6432923084893207,0.471639262620361,medium
9,5,5.319346508827333,0.39630060274643836,0.29902331295189816,0.4921626585720701,medium
15,5,3.3733178191393147,0.728447368168692,0.5409804023038335,0.6283397646729754,high
13,4,4.835917656888864,0.20148957920045188,0.27277547075081743,0.5282118302888271,medium
10,6,1.9264524052123069,0.6132813610456742,0.34515964036749314,0.5349433856665275,medium
13,4,9.06951725515907,1.7535180080910693,0.7184851978566394,0.6070069195173875,high
14,8,7.061896686011362,2.2280534492027173,0.35686211702995324,0.6265187337446392,high
10,5,6.325654412648736,1.2201585137224231,0.7076008412465143,0.5833857781578201,medium
6,7,5.589250909115141,1.8368943311624544,0.6804050526746338,0.553835048327177,medium
10,7,10.612212454519465,4.460145124209733,0.5747378118989607,0.5752132615517273,medium
10,4,0.9594361440857297,3.468423300509041,0.7335187661467538,0.5535809312259572,medium
12,6,6.750950680158639,6.839046510147087,0.664195650795554,0.5872454867581303,medium
10,3,7.767828239775803,0.2679583209087909,0.6446944955316727,0.5371525103002759,medium
14,4,1.294739071470376,5.766414840530654,0.9062028652232725,0.6327978074411168,high
16,2,4.896889570528103,1.6160769537193218,0.7315797204440883,0.6155420977306888,high
9,7,3.7122118702012896,0.7411863183860893,0.5080947350781961,0.5716777048930654,medium
10,2,10.116910365312357,11.047954517724783,0.8263471619910416,0.4816164022800431,medium
13,3,2.0570135854587726,0.06978921295103838,0.5866557812517791,0.5718658948306823,medium
13,7,4.907251559876035,6.15397553562429,0.5486206972340554,0.6036976358759825,high
8,4,10.609038832830226,1.149731120145822,0.6382573892619726,0.519986603718089,medium
13,5,5.502241992513015,1.088957133241763,0.8060848082259681,0.6489572474235819,high
6,8,1.827252427632125,5.464971322197957,0.7080506223483066,0.555176982321675,medium
10,5,3.535347378936418,0.108895014598363,0.5021556031577117,0.5497051538675533,medium
15,7,6.0770727311794746,2.714065006554836,0.6351354724360705,0.6739333277768484,high
15,5,9.479004977707296,1.2655829043193443,0.6190563219967873,0.6403740450372284,high
12,9,6.111168611200217,0.054274286050027876,0.5383880117361508,0.6673157737735633,high
14,2,8.989466269103778,1.35319300194423,0.7251744270665604,0.5860135987336839,medium
17,7,9.973337298124289,4.127818045510787,0.5243253865035801,0.6723462903306442,high
15,5,6.293646179376002,3.950303133449672,0.6276754674842742,0.624199739273857,high
9,4,13.379518354317911,2.737949743824812,0.7743520909589734,0.5516174198996293,medium
13,6,4.264405566778304,0.013286880051810758,0.5738566371494322,0.6296827482295411,high
10,9,8.033556875610572,1.6985169058771783,0.37796707618598774,0.5942699691980163,medium
13,6,9.043458300701666,2.7424050735360717,0.4482744137673306,0.5863721822632256,medium
11,6,4.264841765334626,0.9165040092927985,0.51537733125436,0.5819654395222534,medium
11,6,5.236052237850771,2.979582212277164,0.5208416984205992,0.5693044582689388,medium
14,7,15.213688105062447,1.012729984805861,0.45655039137843456,0.6345585450436478,high
10,8,4.694979149076788,1.5874673421042669,0.7514988756230849,0.6497166595105885,high
13,4,12.262145839043288,2.3726646436497245,0.6075661810011734,0.5806954719092365,medium
9,6,17.734009662609267,1.3460597428003742,0.6163787200636032,0.5693020123940515,medium
9,2,6.4088644491245725,0.3766816823591807,0.7149921779573333,0.5154872243757388,medium
13,4,2.6068175848453405,1.8833081594321617,0.6004893060299896,0.5825424734764503,medium
9,5,14.462873069791863,4.840497059765729,0.5552932131262833,0.5137886622268184,medium
12,7,1.5337826692420002,0.08195584381115047,0.5931250567235056,0.6380786390526267,high
12,7,8.134092412150345,1.31083693484506,0.5798900415380076,0.6272390954086344,high
12,6,3.345348426060294,1.4855169605852094,0.7596231788422926,0.6420211893645571,high
12,8,1.9554716771253622,1.7679431520727373,0.5647456109722575,0.6411628345139666,high
8,4,3.244023319908499,2.4753456480327967,0.7586394730187846,0.5352255902835383,medium
13,6,2.8920995795432867,1.5377400731285364,0.3970061068241436,0.5841496208773052,medium
17,6,5.826607709758759,0.010695898181608985,0.7072852736852969,0.716385748749182,high
12,4,2.3225008814811394,1.8371271117210488,0.2852844693456589,0.5048093797909915,medium
10,5,4.447774200473687,1.7204448440486373,0.697139028508915,0.5779581734081255,medium
7,7,5.922734570215294,0.3428568124018286,0.6236213645378087,0.5674385608248829,medium
16,10,3.801008120540331,0.9231753682788311,0.5270793591452866,0.7392613693738651,high
14,6,1.9658442718451132,6.399142744305454,0.37928603170309644,0.5631962547119163,medium
4,4,4.8420384453713545,5.83202543949273,0.8180307387060848,0.4647259781445988,medium
7,7,1.6432426568740914,0.9802560880100357,0.45215362687377136,0.5288956847880207,medium
13,2,18.36785662219087,4.137006084817143,0.4213816688703314,0.4916962932086187,medium
10,4,8.13922039487679,0.356514480233158,0.41067017565788133,0.5097572719300218,medium
12,5,6.696119351689607,3.4617986390103295,0.7926042413922545,0.6154421906850487,high
10,6,3.0779517275877617,5.440884628229305,0.4057233167404684,0.5148720991598984,medium
8,4,6.6116179451927275,0.12462455296889373,0.4870508914145204,0.49657934792977815,medium
15,10,6.650617744755331,0.7697483224855757,0.7379254147435582,0.7674534274654744,high
15,9,20.582042416575206,1.889056112005244,0.5827607978243858,0.7089584521515089,high
9,4,6.3889656180492524,0.8413870125278926,0.7714479724393214,0.5636803477376784,medium
15,9,10.26185193785922,1.6069103314060467,0.6791750611779264,0.7301222766928782,high
11,8,7.853936189691666,6.717756283177418,0.39973407157584534,0.5601617724273197,medium
12,5,8.489873199294756,0.4200860948445544,0.5959593637118766,0.5963912987767449,medium
21,8,4.335161323353628,1.6973261773862496,0.5211155277566829,0.7529075977020949,high
12,2,3.390007674179225,0.5777802336681669,0.5497418131349899,0.5260964944025436,medium
7,7,1.897696610734728,0.7320353730950027,0.7987627356649944,0.5998723113123656,medium
19,6,5.708192064032159,2.5992668147934443,0.7124050684474453,0.7301525682575327,high
12,9,4.94777188423913,1.4272243663893966,0.8182494044263583,0.714135051776009,high
18,9,14.117362102436232,0.6904846953473789,0.7240934939389639,0.7902154674854769,high
10,10,3.9937663155818557,1.133935308062984,0.6002613622779313,0.6624927037351663,high
15,9,2.9988084538275537,1.9327539999555743,0.2443387173707542,0.6409827168077803,high
10,6,2.079375689309506,1.1342354721463088,0.5402930187527174,0.5704970339362347,medium
12,7,6.66140064323875,7.700562593467071,0.6490619684972733,0.5984753097430074,medium
8,8,6.099025833128163,8.586894656136094,0.6877555994762209,0.5603051555210036,medium
9,10,3.795449603347949,1.279805956618865,0.6364985174514732,0.6537676637795021,high
12,5,6.437426728253165,0.6004233553798076,0.56334547471529,0.5886662725738593,medium
18,8,9.344515152803814,1.8189521531741055,0.5807148251805598,0.7340166173482847,high
17,10,3.8325798023735875,0.051397449404174664,0.43293443950058413,0.7412442382374222,high
15,4,3.0211315172642554,0.17146797310483036,0.733081732210652,0.6504732266214315,high
11,3,7.953107473140504,2.361936081668045,0.6387412870577788,0.5370020168671021,medium
12,4,6.277073903890798,9.162635651096368,0.45941269535627344,0.4907983013972789,medium
8,7,4.3814483797911095,1.6151123012475326,0.6977172054543315,0.5887760257492161,medium
8,7,13.88261686575561,0.18038422899485548,0.556377845167651,0.5700730075068978,medium
10,4,5.441168909371498,2.140559054548454,0.6228110769026176,0.5402918216835338,medium
11,8,6.7516666033873065,1.558418476515152,0.6279908503863708,0.6402087135671731,high
19,4,5.006667796577203,0.9760922333591298,0.5514872651640038,0.6687901714770733,high
6,5,5.792474742237486,1.9109713109760487,0.5321885383802939,0.4836978989362185,medium
8,4,10.278273962169903,0.814099347737885,0.5006441018538477,0.4947014913858503,medium
11,11,1.6917737519778655,0.05231829706183861,0.8178738514943029,0.7482259816517817,high
9,3,5.62958240182136,2.3964269149350224,0.8681584469865533,0.5526555099644106,medium
12,11,4.364234716585143,0.376894124319296,0.31308170293733767,0.6601037130920056,high
4,4,4.902490733818707,0.5585621409731973,0.7352596729728677,0.48332818698808555,medium
16,5,6.465920169197742,0.6679546945156881,0.3435924620223098,0.6042654611076906,high
16,6,2.787442843445048,0.09401795217870718,0.5432875586502626,0.6680307253821945,high
13,3,2.3577405588833242,1.3208629981298061,0.46131907536011935,0.5384580617511585,medium
13,4,3.76832115714192,3.293568704134187,0.7080138929988683,0.5946456539055458,medium
10,9,13.981575611581194,2.7013008827151994,0.5486542376776702,0.6217221749840994,high
10,2,2.920047642668295,0.7702357909751746,0.6374920632015975,0.5123635073671516,medium
12,6,7.443679750506174,0.44776456319088664,0.33623634050915646,0.564262171013892,medium
9,4,3.17455329509159,2.004047657397176,0.7844864360796391,0.5585369694999467,medium
9,8,2.357115888556729,1.8611118581260828,0.34950666895196314,0.5524939214028854,medium
8,3,12.511253676048568,0.18370217853967954,0.6430744775801305,0.5073902143257616,medium
14,6,6.692715307373732,0.9610257522826317,0.7803483158899207,0.6796628248294332,high
11,1,8.048464132658424,0.8185537659058112,0.5752093365767854,0.49458484220931836,medium
12,4,15.818594422948332,2.0328362064231733,0.6325689993140893,0.5729615584866634,medium
16,5,2.3415116477704454,0.45624915834664936,0.7522255078077669,0.6874034405059091,high
14,8,2.6006366675703116,2.9665078710176656,0.32528561526992567,0.6152804039138674,high
9,5,2.318750985042417,3.9081581932810345,0.6782733291432144,0.544600277873436,medium
6,7,8.252319931334533,1.63706930257978,0.38669990775661944,0.496426186200792,medium
10,4,5.304823155752131,1.589611889655683,0.5287883241654264,0.5251602522353807,medium
15,5,7.249095104850419,3.302825484308801,0.6722529703202329,0.6374317575019879,high
5,4,19.949379920864313,1.5758741407636092,0.4725791091108005,0.43900999421706943,medium
10,5,15.795504319013043,1.8351952163552074,0.696759679791979,0.5771173011826944,medium
13,8,10.306559438022758,0.024337277111328808,0.778043843672248,0.710446520220374,high
12,3,5.544553991076873,0.15735612448299574,0.3691712008915715,0.5127851993484277,medium
9,6,3.758664781729936,4.6777387169875695,0.41914945553506955,0.5076449663270968,medium
13,4,5.649492436413386,0.45656719349601504,0.6831334594295984,0.6085829105959463,high
10,3,4.0800500132169795,1.001750642869208,0.4878845050801019,0.5008985633968923,medium
15,8,5.158925934839472,4.194708073088317,0.43283492092397113,0.6436022636975388,high
7,3,5.887940352943456,3.635770908503508,0.5570797547158169,0.4521774782198067,medium
4,4,6.835760349093971,3.238670593342773,0.8196726709386775,0.4823433968987837,medium
10,10,7.058972917575831,0.8979869589754944,0.6850380585959173,0.6810210319926802,high
8,7,5.346703469659115,0.3535673506288718,0.7306339680116143,0.6037696779314637,high
14,8,4.291052469076085,0.4371466999745044,0.4249916824697041,0.6520840251607775,high
12,6,3.6613459063865994,1.585833725480061,0.5776499257912143,0.6049577603217091,high
15,10,4.251418908563203,1.0652878976419027,0.43320050088009215,0.7045381808584057,high
11,6,7.323163446575851,1.5616598367197845,0.3267300764470546,0.5399349497112791,medium
5,5,5.653929359053446,2.2395402419437653,0.6951547952032929,0.49910069076103347,medium
8,3,3.8270198700322835,1.5248506796249695,0.7088944013113391,0.511613209064768,medium
10,13,3.20496077519182,0.05951804214863529,0.5535342038056392,0.7203100538134704,high
6,5,4.137519514624543,0.5127503115173676,0.540275504704389,0.4946367655307621,medium
13,6,6.1784022333014335,2.6975500380388935,0.4501219349864865,0.587040720077038,medium
15,5,10.613741290581434,1.8137470842346513,0.6591543637229668,0.6447392255163623,high
8,7,7.051586387686598,1.4312345106297526,0.5808497603717092,0.5666283886701435,medium
10,7,1.3822316744289882,2.993854818397357,0.726767026702882,0.6153943732179273,high
15,6,5.909604396609444,5.993635287391635,0.5460814635472143,0.614258724126832,high
6,7,1.1878914953671176,3.3600505880907128,0.6512592835387537,0.5378515194538127,medium
10,10,1.713175028886922,1.0444623599992358,0.7226917811382647,0.687575273827658,high
15,3,5.694262369260369,0.33340321198619033,0.36016105530078446,0.554809522980249,medium
14,5,3.102199081479132,0.4698917692666702,0.3515633832850616,0.5771800648619012,medium
9,4,2.9510823509347035,0.9842467679471978,0.6508063226213442,0.538599619404621,medium
20,5,11.930556192703301,2.82043214088857,0.39516441853886597,0.660230002768516,high
12,2,2.83560524988104,0.1120506033924716,0.7120275879034771,0.5616585135580789,medium
15,6,8.966774326690633,1.6713304381017158,0.693980797352154,0.6726539565497527,high
10,6,3.578742989071302,1.5732713056372623,0.47346138240091684,0.5542038011092684,medium
15,7,1.7571181279096275,2.8965075329896153,0.5875195310236158,0.6631938559847924,high
18,4,10.537086942266427,0.9547942993660584,0.5055590007821816,0.6447465048273293,high
16,1,3.8410609749094924,4.132147439176688,0.5510032647604038,0.5426530033575696,medium
15,7,4.936664165149751,0.7934306609581018,0.46511605176704307,0.652733672613688,high
13,8,4.961761719539052,0.44654017074863633,0.6834252525737998,0.6887081160431024,high
9,9,1.0019089170269189,0.8002859796596395,0.8501346273043884,0.6796916855964801,high
15,4,8.987645357374463,1.5118185095010337,0.6326598382682971,0.6214531775903192,high
16,6,7.7765048241330845,3.4968466203689217,0.6836678969532223,0.673421268588185,high
11,5,4.222568368217892,2.789366078595321,0.4482435292597779,0.5360529319946535,medium
13,7,3.0638489815794703,1.474207436129128,0.828820841515766,0.690936118728959,high
15,2,4.984068768537291,0.1856083578282714,0.7148723252544111,0.6067370759986936,high
16,2,5.598712558899838,0.7422835521801471,0.7032473740932252,0.6157009178041107,high
14,4,4.601626897794411,0.438734938208004,0.6855785297776512,0.6241908063674768,high
10,3,10.371372832545891,8.795161792643446,0.76186836333235,0.5037392607155138,medium
17,5,4.2794701599982155,0.12122869460799533,0.6299674195385828,0.68018529261033,high
10,6,7.257296762612189,3.8803428741759487,0.6710688734664688,0.5783448221987875,medium
8,2,5.048615723110409,1.1999936427380977,0.5241253482304467,0.4568251120278354,medium
10,5,3.7397849877311273,0.9432776733438833,0.5354459627530839,0.5508006747283243,medium
10,3,2.8370207680411146,0.9678763374327158,0.7196816831464037,0.5474838277130626,medium
18,3,16.364135935996995,0.4193236357832148,0.6837850809514656,0.6639615252850717,high
12,5,5.362435311018139,0.7014232332377831,0.6288632592833744,0.6010964969684229,high
9,2,3.0296799920704545,1.914877073266901,0.45535975040451865,0.4533061029257911,medium
12,2,8.066050037757357,0.748964586812044,0.6448343975850238,0.5439737822715912,medium
11,8,6.99226266385155,5.496193116044223,0.9557342931755176,0.6795055711948087,high
13,5,12.676467138899833,1.4895903803930162,0.6963097858713887,0.6243313546383242,high
12,5,4.470397677110357,0.5374134677775997,0.5060166107210076,0.5776205656923508,medium
17,9,3.435299927492453,0.7113409722391257,0.7133432365886772,0.7729263741694746,high
8,5,3.9197325211147254,0.34383124496445355,0.5036732046217355,0.5184424326245841,medium
12,7,6.125200284537834,4.5949900527082015,0.5767337093528112,0.6047134748525075,high
10,4,4.426520782352263,0.033743537091603756,0.721153213313285,0.574005685748713,medium
11,9,3.3544026086819163,1.6772945110937796,0.49251889234393476,0.6323218150614951,high
9,11,1.839109398913878,0.18406548140482137,0.8654933408380288,0.7268715649582403,high
8,8,10.383955399632562,0.4489685820662806,0.8271751861585457,0.6424419133512673,high
17,4,7.741525160886575,0.26885387322132304,0.7075629310221113,0.6747202270496135,high
12,6,7.399681796056169,1.0914233450796882,0.5485834677953839,0.6024405379252122,high
14,5,4.008271474267635,0.41591148531170113,0.5845938024768873,0.6241460172599662,high
12,4,2.906467280762379,0.19935283528814926,0.8129485546377381,0.6212606920256266,high
15,6,2.1826527918233283,6.035950334883762,0.5930116245973895,0.6233626560202528,high
15,8,4.293122882249435,0.45014299813605335,0.7610656382661979,0.7342121743323325,high
9,2,4.639675386580668,1.5540855263978905,0.8380053351534693,0.532240496854708,medium
9,4,7.819814532117043,0.3073645196528376,0.5234663823301436,0.5176441796683432,medium
13,3,1.7769844343989603,0.9393118239330635,0.6143332837569053,0.5716045779251606,medium
15,8,5.731690241728047,1.9576219967759119,0.43943133800281653,0.6598354542887239,high
13,9,1.6360198894572682,0.29116516295654665,0.45672196983884894,0.6644032928813929,high
10,5,8.4449796929955,0.9969449891215102,0.8089206908219746,0.6051378382369182,high
16,4,1.277190512335473,5.984797343731636,0.7614356266900644,0.632388476379802,high
15,5,24.73602635651561,0.23860792304826037,0.7729274358948811,0.6779947676919877,high
9,4,10.38416795869877,5.17675129992489,0.814419394035894,0.5433722034743462,medium
17,7,3.5378359726957194,1.4012471472255084,0.7034568156922009,0.7263497154902702,high
14,7,6.959125191885038,2.57995856089167,0.5842333517798484,0.6496469466166919,high
11,3,10.597498584063107,3.1212212615355956,0.26581227025614895,0.4573543123076591,medium
17,13,6.760834498115686,4.842709006544542,0.44552175165308067,0.7718196236203192,high
11,7,20.709439838804787,0.8089338585456387,0.712780371985575,0.6421631820068108,high
10,7,2.9032987053165265,1.9447391941623273,0.5716801520867825,0.5913711024562743,medium
10,7,3.1758583903861557,0.28133678637091336,0.5255095179273905,0.593226325009672,medium
20,8,12.996389060740558,1.2691696430696902,0.48355063924787767,0.7482489968957776,high
19,7,8.72834084689925,0.6882853364208159,0.4406847495607703,0.7085483810026819,high
17,4,3.492658199516676,3.4393092503977014,0.5097545666521504,0.6140221849944454,high
11,7,5.467835799539602,0.5739571126063784,0.7791144466035288,0.6569965085699966,high
12,8,1.2437229535474192,4.535724260679885,0.7019601671223953,0.6501538716866131,high
15,6,1.8700242556585303,3.0247436781460855,0.47394710294989056,0.6196244627356708,high
13,10,20.178041261658535,6.187188737036788,0.5589542267206407,0.6655429204305496,high
7,6,1.5190841703647897,0.23980151736444338,0.6148827347735512,0.5463778701722807,medium
10,5,3.0345720688500766,2.9663632498059718,0.5871378277685447,0.5476518105550024,medium
14,4,2.6146146123847718,2.4720310931174256,0.6043123793257739,0.5943822685777053,medium
15,6,10.248913797247873,1.0141213704312575,0.7012153893183992,0.6784822687274714,high
8,9,11.134671985112497,2.7428234530190143,0.5156572119176566,0.5848459526967379,medium
18,9,9.866719656784461,0.6452542460366852,0.5134876732800595,0.7483958396824341,high
5,9,10.42342077652903,4.961736761318672,0.6436170599401619,0.5506451669125746,medium
17,5,5.719321017959893,4.90899288857188,0.7124789077327531,0.6647691622894047,high
23,9,3.4608494051746295,2.0639508806235365,0.7765983444442897,0.8215599963513677,high
13,4,2.2894925511751407,1.3213916221033732,0.44585934194537363,0.5553625909083856,medium
13,2,19.018802521011704,1.3477346873735963,0.31856505664677276,0.4897281134135306,medium
18,9,9.308882422160435,1.0820573583471427,0.4100664713968747,0.7247995785570607,high
6,6,4.553049808455716,1.847654742806504,0.6602874755033522,0.5297397968152937,medium
7,8,1.9532665676889853,0.11134128847806113,0.728158674745926,0.6098894596926648,high
12,2,7.129515256972941,1.1172243420438066,0.8411369152474035,0.5807792207691886,medium
10,7,8.32426219388541,2.223813895119857,0.5399639520607037,0.583167364444675,medium
17,4,2.8261764731030294,0.5876854485125443,0.8428405433433392,0.6996502056785843,high
15,3,2.925038314669921,0.6815201744587531,0.5349438844168841,0.5874453090536518,medium
19,3,8.376437395352488,0.20421104963613668,0.46900737246087676,0.637440067494601,high
16,6,1.3347906981239617,2.719254922901639,0.806186292755111,0.7031088923983446,high
17,4,1.701626421536889,0.8111337751089531,0.7717014260956387,0.6839327267184014,high
16,7,7.297476029175025,1.2240046630724921,0.7212916679668535,0.7160983025062208,high
10,5,5.287825087668537,0.9993612650428108,0.606760225037437,0.5646896365738687,medium
10,9,1.6057695273193318,3.0469783541211135,0.5594155467442243,0.6215699203213707,high
14,5,1.8589806532747941,6.130055910565834,0.5311271848306834,0.5753583975623645,medium
11,5,7.36135733011697,0.7608297622835187,0.5450843151772808,0.5689446646202327,medium
3,5,3.7465344573934702,0.7407403933158204,0.6746365338505657,0.474989037481341,medium
9,5,6.048400542329375,0.7359355726625594,0.7012667950572116,0.5703471218603586,medium
9,4,6.247807740147081,2.8614128550313804,0.3287667294031817,0.4616772601804272,medium
19,6,4.655031654843563,2.615708076167995,0.650585899001785,0.717679125959237,high
8,4,7.243279047291623,0.07470834539978662,0.27839198608075116,0.4551803415801517,medium
6,4,3.993368839540694,1.111079683978469,0.5870148981900912,0.4799957817448285,medium
15,7,14.726045070947968,1.1783116938659879,0.39719404679100684,0.6365833980657615,high
11,5,4.62056954580453,1.863468380671098,0.5426297204423529,0.5611028215506633,medium
11,5,8.03071521878171,6.789311642488317,0.6131693970866948,0.5423718018007502,medium
13,5,6.035822574458665,0.2362976749037679,0.812016618979314,0.655828005963171,high
11,3,4.818818226226959,3.8338477326402756,0.858541685755387,0.571149352266809,medium
10,8,5.566792402787443,2.8081783941077894,0.673137479080117,0.6259063065219714,high
16,5,2.80423486661293,0.5158634761211522,0.6553109450360376,0.6676230991663998,high
10,6,6.434055826083186,0.2724643023556826,0.39594341549338075,0.5473722544163049,medium
18,7,6.785836970223352,5.428044356015236,0.5683025302979158,0.6874735436861483,high
8,9,3.0262377363177895,2.3058074613185124,0.48803182021798647,0.5822343143014739,medium
9,4,6.536705132396009,0.9890201185488827,0.8018368363673666,0.5687738998164809,medium
5,6,5.276234146549055,2.2919732265512693,0.5014901868910544,0.4800182158678691,medium
12,3,16.251439749271874,0.9972973346084294,0.48721385755523117,0.5307941226136568,medium
15,10,4.340784182320811,0.750209779935304,0.48981746164623957,0.7179620937963459,high
9,10,7.906931499572606,0.4389251850432389,0.346225116494301,0.6013188553985719,high
16,4,4.071694688920974,1.6178734497145215,0.6543732298004408,0.6400888229619913,high
14,6,5.646586948500129,0.5959518683952962,0.7737177874826074,0.6807705450405528,high
11,1,4.62394236048634,1.6938454509501648,0.5130704435839656,0.4763217857104587,medium
15,7,8.647165589108386,1.520553302341538,0.6917049512416021,0.6932039682327102,high
10,7,6.2294290682863345,1.2962752044434882,0.4845173048254725,0.5782616262688045,medium
10,6,7.112383737237556,1.3243588447063677,0.894265723312993,0.6400240856978895,high
11,2,7.15450999035874,0.49518859679719857,0.304366703662035,0.4625720834204257,medium
17,6,15.567857778509762,0.39038369506741466,0.882206275631814,0.7488386971592467,high
12,4,3.4827124045284696,9.604688979059377,0.5588609105549049,0.5077409222505851,medium
11,8,1.3950484984597535,2.7999082896421523,0.8164997069536352,0.669633886126446,high
14,5,3.579442108482077,2.0981696036114323,0.6775547643072264,0.6315231555040358,high
10,7,8.669670073542965,1.4610249891976224,0.6691822872276374,0.6140962908508767,high
7,6,8.040650943328611,1.867153354776774,0.5591051679492374,0.5243733445580023,medium
9,4,6.271771972513466,1.0260144891688736,0.6017038436906376,0.5285006721436684,medium
12,9,2.1811757722900253,2.8785094930091826,0.6193219791867719,0.6646743325506266,high
9,3,14.587657858869377,1.7896597355740014,0.4535071203654651,0.47377035916926635,medium
13,9,2.500710886193291,0.6169894599508188,0.5931928744677097,0.6895253118272031,high
13,5,1.1780692458149737,0.45524575184049293,0.6978034285729572,0.6315257140356548,high
9,10,6.41593853810193,4.988822214748892,0.7689408702573381,0.6555293592864749,high
9,4,2.451892486786206,2.1997075646189668,0.591266359804516,0.5185885548634435,medium
7,6,5.249906789030298,2.1857639964350137,0.3862263050840238,0.4876735010405713,medium
12,6,6.0204378239909175,0.718615323270349,0.7184498640236556,0.6388992039829288,high
11,7,6.317853037058672,1.8356722864891282,0.8285908332620906,0.6584803514091573,high
17,8,0.752038487753665,0.33996428521539507,0.7772921504426977,0.768192001520437,high
9,2,4.427210621046203,0.1958020138674436,0.46561697697822513,0.46681804863652876,medium
14,9,5.824068765891689,1.5468297991760949,0.8113224584713961,0.7419522930331053,high
18,14,8.816502745802975,0.046362710794222384,0.7201422913866304,0.893719373538698,high
16,3,6.139462584866284,3.1866969040358666,0.8239343508075906,0.6435422241346124,high
11,3,7.670478638997162,0.3008403746017667,0.3151299739599244,0.4860203922946398,medium
11,9,6.331632284655786,6.092132900806786,0.7281458399799415,0.6500149486572765,high
10,7,4.001942554337642,3.4282058038827277,0.5132371943558485,0.5697927335119515,medium
9,9,8.14800149602517,0.37130331007575035,0.6000188637855939,0.6325284173566138,high
6,11,7.629442711851194,0.9804954250189575,0.5250493884302367,0.6084732415192542,high
11,7,4.199772929768738,4.0768904752855315,0.5926898221946155,0.5963586946036863,medium
13,5,7.809091936540993,5.842407281854931,0.26694807348587735,0.5094402328181427,medium
9,7,7.943161543144592,0.6722608404852792,0.6349074285419498,0.5974997467718215,medium
10,6,6.717288230400989,4.507455725573593,0.6995353520803106,0.5798573655789049,medium
12,10,11.983831872630955,0.8429807995060822,0.5441372976395713,0.683207587531207,high
11,6,7.5424984102357016,2.2323175971966767,0.621904121142101,0.5944987069137757,medium
12,7,11.123011908917704,0.2592430451873668,0.6224297502940054,0.6427576630908853,high
9,9,7.595840169174453,1.3692525775392486,0.4382890225980951,0.5935294540026907,medium
10,6,10.174958884651046,2.419539768851862,0.4105350127340393,0.5359767374211288,medium
9,8,5.8398534771506725,1.2496644914915613,0.4863161383892808,0.5839321310679124,medium
6,4,5.349941734390578,2.4184418169228223,0.6967995330349966,0.49323696116084725,medium
14,4,2.5202711865853553,1.0279424542263647,0.7759948264903606,0.6383460156032297,high
8,12,4.665477072862597,4.519987060054189,0.6904997749409872,0.6679667079211696,high
9,8,5.542563239031724,2.1382257320635327,0.4890798838397653,0.5785611385541962,medium
8,8,6.541616699168423,0.8695119290214839,0.5543070694726356,0.5850646677010507,medium
18,8,5.440896764797881,3.176884946222263,0.5532837180404586,0.7194775106332767,high
13,5,4.509882570891869,1.1781884521911985,0.5306237595595956,0.5932701622306444,medium
8,7,2.1178754733065874,0.07483572481813068,0.7207974890197533,0.6036605929718298,high
7,3,2.809418031725683,0.6757115112145263,0.4793928072130485,0.4563738180345129,medium
19,6,6.288305350013539,4.0473519915702525,0.651033848651641,0.7082244231198598,high
12,8,9.99235870930293,2.613011483158028,0.429933097412023,0.6085665429280177,high
6,4,11.450054790533333,0.6709593939825997,0.7040591166147567,0.5063387606964007,medium
7,5,1.6977574795655732,0.9937146896231713,0.6621678112316958,0.5308087976488514,medium
11,3,2.622140786402136,2.28630309747282,0.761511602418376,0.5620602998338564,medium
12,7,5.931234873922538,0.910139665094762,0.4782371897747159,0.6095798401876447,high
17,7,7.11674712179542,3.4544583801476483,0.7235897673721792,0.7166882309401182,high
12,8,3.940096009335824,1.0514034837587463,0.592584519517429,0.6515075473450941,high
14,1,5.229489531948665,2.066927720297174,0.608760476451294,0.5379725771549444,medium
11,9,3.2071159717199262,0.00473339595127502,0.5905487146226515,0.6630781869515219,high
14,6,1.4952435105234845,0.41362863990765564,0.6473300128880259,0.6567084783115541,high
7,8,2.7820091612935984,0.1103741645795375,0.4534448797563114,0.5549531481873988,medium
14,4,4.2870509552248235,1.016097415208066,0.8420517841746707,0.6516363740668805,high
6,8,6.283428362347014,2.161240155582573,0.6709429396121018,0.5697803202185365,medium
12,6,1.8546509313965118,0.06878261310678917,0.5480526637678392,0.6091519819995226,high
14,5,4.690711565277997,1.9534365553909447,0.5776096394517735,0.6124990175210818,high
9,4,11.646745009292896,2.6662414370387477,0.6091127291170587,0.5190476029098201,medium
12,2,2.911707133954831,1.3405598940342196,0.4008575156186638,0.4912344371635047,medium
9,5,5.490728537525478,3.8783022170919192,0.404278991563534,0.49000045019876065,medium
16,3,8.333512371742737,5.218784113237621,0.4682267413804126,0.5588534541878317,medium
10,3,5.260762686869152,0.41354683178060664,0.719750616010695,0.5511931443236016,medium
16,7,2.5814534270709153,8.052877053635354,0.4449962098856303,0.6153133949528904,high
14,6,7.8923883423673225,1.926366119998893,0.7738765123775738,0.6719328616755221,high
6,6,12.20750999332296,2.265311167017479,0.5099513179010465,0.4968881891334261,medium
17,1,9.101445562630307,0.3092399586704845,0.3021063316449183,0.5333596666045138,medium
9,3,2.0454419652060416,0.6002073101319352,0.5050709972590418,0.49201281738426217,medium
11,4,2.2530658146446134,1.2022027622502536,0.6877543508727053,0.5745361850928727,medium
6,2,8.771352337755648,5.667652948507819,0.6536621165442598,0.4229480703187999,medium
7,11,9.081968554322657,3.717231246659327,0.5970637579150141,0.6196312099386072,high
10,8,11.26286150002889,6.845211499960002,0.7502798414470302,0.6144212249563394,high
14,5,2.929215890614314,0.49950462950148494,0.8072494601349348,0.6681198611636437,high
13,9,2.161999226698737,0.7733392213822754,0.4659213532791109,0.6630286758466071,high
9,5,11.15624817076592,0.34291067336199177,0.6252628212628667,0.5577664930968268,medium
14,6,4.207210406511646,7.2321502387643495,0.3779232680901672,0.5573703186929377,medium
17,11,4.457630210849534,1.2562752872673915,0.6318458180401948,0.7929939950262563,high
15,5,6.7982450557779615,0.07851364266203847,0.49276431895526235,0.6230294395066388,high
7,5,4.544357269486175,0.14885077055057844,0.5603051869180696,0.5160686989132768,medium
12,6,12.36378501975624,0.8529758882998111,0.657251079361112,0.6257637099502237,high
15,6,9.292730823219333,0.47263025376293794,0.5323120291864647,0.6483115374788734,high
16,5,1.2807478768071414,9.987633795479196,0.7286915246504624,0.6191540796268977,high
9,7,6.2667824919205275,2.9335148029623843,0.6381898065408853,0.5830811959550946,medium
13,8,4.324671134754575,3.3801098657103306,0.49543783875764136,0.631553501980126,high
12,4,9.15261264546315,0.4581350083436051,0.6790404261145875,0.5927538518339602,medium
12,6,9.47115892318265,9.321665873711677,0.6430803023838343,0.566471621318689,medium
19,5,2.68454387053361,0.7127659583432203,0.5675818932888423,0.6937646056021469,high
11,10,10.09882041861795,1.6333354714378225,0.5569195530275137,0.6654950074625839,high
24,4,2.7436623861072307,1.3406062885949634,0.4878221972854315,0.6686270641997865,high
10,10,5.571461350801348,4.174402530062936,0.46572445096133963,0.6153155399918483,high
6,8,0.7828981508903776,2.273859598675516,0.5706942159082429,0.5489797791904785,medium
12,5,9.808023128257593,0.6861546309198365,0.4184867154850342,0.5591229788908746,medium
10,12,6.5377024975585,6.383098533934834,0.8493879366408966,0.7173235971019472,high
12,5,2.8082611807258253,0.4499718654276173,0.6371808800755623,0.6044363635789283,high
8,10,2.587062307030617,2.7468176119780283,0.6272568050183839,0.6271392435904899,high
19,6,6.139085571852696,1.1133855061862687,0.49373144475850017,0.6963237189104582,high
11,1,8.227946665228071,0.30611185919594497,0.8461298258503781,0.5521852194421026,medium
14,6,5.112626910133265,0.7888894105007198,0.7920092996629127,0.6831425971959111,high
9,10,1.987447297531314,1.2164650895497326,0.6542851520588548,0.657747263148106,high
10,5,4.734069068063924,2.3115177757639813,0.6741957860196339,0.5694290386988335,medium
12,5,9.2253698505521,3.006599360810688,0.5850645025428753,0.5769689047698371,medium
13,3,3.51996376529959,0.22199837950349685,0.7691633919794679,0.6073526891992036,high
7,11,7.545952027077754,1.1070311553461771,0.44616683124067646,0.6068531585458274,high
12,6,4.0791552259865504,0.20555817723037953,0.5687206383007007,0.6123737398119377,high
10,7,6.2381191720357,1.1957547426442454,0.5510200909603054,0.5922323199077661,medium
17,7,8.631601988878,0.3730707905757646,0.5646909751480732,0.7054510564257763,high
6,8,9.280063703953845,0.7929975672255005,0.40131415160252554,0.5249761798723351,medium
14,6,3.7249264113592546,1.1758730797527577,0.7066483455866429,0.6634905152523102,high
10,11,2.7001302822537867,1.2458118922030765,0.3710716927757566,0.6359089259404642,high
14,3,6.083516484294702,5.682279945994717,0.547054624708905,0.5415290586351496,medium
17,4,3.0903483422740607,0.7772818433955334,0.5704472150530199,0.6439075640546338,high
7,4,2.674437905072651,2.7879429122251187,0.46580906153808194,0.4595755262261156,medium
18,4,1.982909417297747,1.0088909399634436,0.5033472871425071,0.6439435178287451,high
9,5,3.5177653008648253,1.6567694728505609,0.8329072172114644,0.5905363136232892,medium
7,8,3.317301555058414,0.6437060237920111,0.43719318980960453,0.5481472644699742,medium
11,7,6.141747832355201,3.1233483120018346,0.7473403749628647,0.6336457529125608,high
9,7,6.591468376604158,0.9398993142181912,0.4636991996942839,0.5614738445107356,medium
15,4,3.4238358394358306,4.0666529527495845,0.48034094056123217,0.5739571684272492,medium
11,4,15.2577109891404,9.149672075443032,0.4180396362440045,0.467610113412514,medium
10,14,4.399126641094534,1.176639314839799,0.3602288926079489,0.6942015164226577,high
14,4,5.18567822533446,3.2049614463271086,0.5205618943241834,0.572745969222656,medium
15,6,5.670931941048968,9.22803724085263,0.733461791460347,0.6301721100197185,high
13,7,7.467967460540965,0.323084914570474,0.8207464245042391,0.696995385470378,high
14,10,0.5338666828421235,2.417136326634124,0.7959885117299449,0.7530834601684281,high
13,3,4.038407329362954,0.7145973118422984,0.7404529839214747,0.5983266147053463,medium
14,10,7.092364245414798,2.4543450677429886,0.5212800339711632,0.6978937063426127,high
10,7,6.76204622371973,1.5562009782223218,0.4667791981934089,0.572981166450533,medium
12,6,2.0292061156285146,6.937308713806596,0.6382800251356362,0.5814072802684166,medium
5,6,3.9235029471445753,4.691474894148157,0.38540945778585006,0.440805392262849,medium
10,4,1.2579834761840227,7.579959890905767,0.6586060919401003,0.5111881524486483,medium
12,5,8.84664024058469,3.6614738943661354,0.7418972494798591,0.6039696239335309,high
17,5,6.882103601880907,1.6252045612981634,0.46310558427945914,0.6367864197805707,high
17,5,3.4490956888777484,0.16651831488323954,0.4907733232427111,0.6520445425493206,high
14,2,4.480608678951489,2.5681297946591948,0.34326521856833775,0.5015321784159396,medium
13,6,8.369862244044098,4.271971747902008,0.7284110582907978,0.6322024000054796,high
12,7,4.803089496321343,1.7749432347242984,0.8294779499390629,0.6740626350896506,high
6,6,4.466420225437821,1.0875934642937328,0.5076996645026148,0.5042893098052315,medium
8,7,2.558452473315225,3.7248793190592253,0.22983668075385447,0.4811348073570427,medium
8,2,7.827033088168651,0.6326544714355722,0.5141903264132087,0.45862036880640455,medium
10,5,5.764459235281081,2.045716684368677,0.837635940569247,0.6038890768847249,high
7,5,8.163126781234006,0.5353167314148153,0.7433746115603431,0.5501061441026365,medium
11,2,5.8868338817693395,1.139314544855794,0.6215149832602461,0.5217075663530106,medium
13,5,8.231816030093801,4.122378471527873,0.5782432799426664,0.5831661328450142,medium
10,6,9.42253172240433,0.5071195839122681,0.6982548053850471,0.6062701638509277,high
15,7,7.829396568202768,1.2703383432513555,0.639883928451623,0.6845078634019823,high
17,7,5.888908925263088,4.410434568174221,0.3358849438539159,0.6327740916496217,high
11,1,9.745720725321545,1.927959357243674,0.6922305310611577,0.5105930438306071,medium
11,6,8.477762354952178,0.7355545283628159,0.4317888573320326,0.5664540746106544,medium
15,4,5.464995176580969,0.23464313822214414,0.6589203601854101,0.6352197844489345,high
10,5,15.93260023789271,3.3948567886658596,0.34694177872413046,0.4967559771537204,medium
12,4,6.3175254381182855,3.4431939921955728,0.8511617060468705,0.607277714594737,high
14,8,8.717218000210877,0.9217353058246741,0.6123600099539321,0.6863270999519553,high
13,8,4.17951568085269,11.786143216102488,0.7599687730876762,0.6284194665101853,high
18,5,6.073877960349478,1.067765636666476,0.8858599526145383,0.7400535529451312,high
7,8,5.20700967125796,3.4719295920541176,0.7041628533387081,0.5826863733873808,medium
12,6,2.6771851746515662,0.9634926993485285,0.7316774382484734,0.6399122029873712,high
15,6,2.5236184581655348,0.6636646045344292,0.692204160499736,0.679016401403051,high
12,8,2.5154205078437446,1.7266608436558215,0.34738232917964507,0.5979653935448902,medium
12,4,5.729713711432625,2.1142562496319828,0.411399470566009,0.5281848524489886,medium
14,4,6.052312209263082,1.9370428434036078,0.698478044000488,0.6167819898440735,high
13,4,2.7505162008078856,2.2106611480954452,0.5754081629591147,0.57534389160452,medium
13,3,5.1315286605962935,0.37298469157416875,0.4801203709558215,0.5485375095806698,medium
9,3,6.042617420934438,3.798495034436881,0.3850288585314653,0.4466824714767139,medium
8,5,5.340196084945829,0.39987040605382623,0.5763607648232921,0.5326063502576329,medium
14,3,4.3748264742047205,0.11247665606642122,0.5104783747493014,0.5713458305760841,medium
9,5,6.071993791762669,1.5073240582514278,0.7142668751236168,0.5678045479697139,medium
14,8,11.794316599890772,0.13183971886121998,0.37498025890201075,0.6441171203213273,high
15,3,5.455734653316684,6.30379618897052,0.6820027101148434,0.5793752340964985,medium
19,8,7.097063883235769,0.5462595617914466,0.3812002374130198,0.7175983170706609,high
16,7,10.501169814564454,0.6604886148999609,0.5846705120793053,0.6925308449831947,high
15,10,12.65670695467673,3.250148459072889,0.712587153924158,0.7458497743910123,high
11,4,6.574377871240508,2.958823082369561,0.3540161838628561,0.49607774955677414,medium
14,8,5.045186367835704,0.08680007734480796,0.5945184440525144,0.6883250216282042,high
9,5,4.2658905837621655,1.4720694108122474,0.4777493041327583,0.52073606475447,medium
9,5,1.2871476080948117,4.033464643451118,0.8549579425377047,0.5791018242178668,medium
15,9,6.409298106897634,6.825721905914292,0.6396642633379167,0.687428039961488,high
7,6,1.8203023865830856,0.6902287044930936,0.43200149499947316,0.506798774303274,medium
11,8,9.294157152813138,0.08386016950180497,0.8776121866367613,0.6999633695306736,high
11,7,8.740965026417104,2.8519356615006375,0.5725601037857574,0.6004991163471473,high
12,7,3.52381553284372,0.7484127856943834,0.6564767064268238,0.6463059227140688,high
11,4,2.190562501661374,0.34346914150406416,0.4140871849254712,0.5255276427084005,medium
14,6,10.92557600104276,6.0355174865227665,0.5353288041845387,0.5968289775934226,medium
13,9,2.0776626635610334,1.4426621780301383,0.6534819512906689,0.6960786424045995,high
10,4,8.333582583427493,0.5012375509908509,0.3125258587126286,0.48916358806925336,medium
7,3,3.3855946174534677,6.227569486907186,0.5192061507011873,0.4273241002275229,medium
8,5,1.5509764888196385,0.0598392532545686,0.7596234476641072,0.571525761177791,medium
10,5,7.475491331383276,7.401412536664786,0.7737446687532199,0.5554061835062121,medium
10,1,4.0949894235375215,4.666303848991585,0.8226421005861922,0.5034197277906278,medium
10,11,3.046460465525435,0.6727431366394501,0.62689550884772,0.690894147525281,high
10,5,10.45686379534439,0.48246291318014384,0.874731256838566,0.6217298319465123,high
10,11,0.7749582537524475,4.6350233951055735,0.5810695394844586,0.6553137519295213,high
12,4,3.080978750012008,0.7282587854009154,0.6542779344492748,0.5860005283205155,medium
9,5,4.8290165771506,2.7588405870538315,0.8313139726740904,0.5828705239544592,medium
10,6,7.782413025789023,1.649379092991055,0.43087255652230677,0.5451786506845211,medium
7,5,4.915734764822666,3.2784910883768394,0.27896203605825315,0.43893579995580506,medium
19,6,9.01887640981159,2.336631934799521,0.5923857081119839,0.7078995953903999,high
7,4,3.295203230186618,1.1098707456318635,0.45320973154014005,0.4682428080038156,medium
8,5,3.0676312453750043,1.6208909792858741,0.6461324488306637,0.5384205499042268,medium
17,0,5.344266591212326,6.286533778210256,0.5121985540441768,0.5155294856207671,medium
18,7,1.5865130128235827,1.089949164076852,0.48167188433951486,0.6990680491073906,high
8,8,3.6237218563103526,9.989436754874827,0.5474277534137838,0.5228893056502579,medium
11,1,5.861802838383113,0.14046641570557122,0.5392277214644613,0.4919091015215218,medium
8,8,5.096742632526989,2.2631470938751237,0.6471065199663005,0.5943336567007593,medium
11,5,7.330991874569964,0.8843792832162217,0.4557486368869275,0.5502538654892773,medium
14,6,10.791825063571146,5.330816131324379,0.8616355110882283,0.6667883280088165,high
17,9,4.6571363134006845,3.792909794921277,0.26656950387339606,0.663027835475204,high
11,2,5.250847902223406,1.9995267879633882,0.7784144921998762,0.5473527198535527,medium
16,5,4.832343489732162,0.6784436967026531,0.6002618699176036,0.6555294160055031,high
16,7,3.0160300826446744,0.18345653971317216,0.6158348929076496,0.7019439349834421,high
9,5,11.441387134184506,1.9824177446106286,0.5933151278428499,0.5404469072711658,medium
16,2,7.693268351275312,3.4995955040734716,0.9441586983377761,0.6455011029737321,high
10,4,5.801819544762147,1.7805709539456536,0.7784745979517022,0.5738244465640361,medium
12,9,4.489206492013886,3.6923653509754297,0.6943231173597612,0.6742488544654494,high
15,7,2.502228831826824,1.4325882947808433,0.6178718246611135,0.6790237763003505,high
14,8,4.463902198568695,8.736780989922476,0.5206281682657049,0.6158804270536579,high
10,3,1.0874646818458507,2.9149977683232104,0.538253077788081,0.4982172971021281,medium
9,4,3.3959964652172347,3.931980672249464,0.8362820642046477,0.5560432083592665,medium
13,7,5.103038397712682,1.7951493290994132,0.4486484460044836,0.6127620270069006,high
11,11,7.12458451516297,3.7080021984960405,0.5964179522166494,0.6795635757866897,high
7,5,11.263094614807123,0.022137978782030714,0.6015505527691162,0.5251625240286097,medium
6,8,6.497652482898941,2.6392923921682523,0.41055424761805653,0.5145155669091563,medium
9,3,3.571542632597034,1.0685735021129488,0.6080816826153981,0.50949251317566,medium
11,6,5.396666994949161,1.0349765411357978,0.5681097445865659,0.5917221053097412,medium
16,11,2.8212552622503395,5.766262001306101,0.6625220392301463,0.7540626611706552,high
12,10,6.350553108943982,2.6682058254455097,0.6607838844244717,0.694368738048591,high
12,7,9.082031354587174,0.061437932152931904,0.42489666851646435,0.60456974748894,high
12,4,3.9862625699167364,1.232332166687292,0.49549437635187504,0.5508833274924597,medium
13,3,9.15291775071622,0.09837821517237944,0.5631489945360784,0.5669739441393998,medium
14,4,5.605204694910578,0.8156326799506987,0.7675472668594291,0.6380719021722145,high
13,7,6.419812460474029,1.6977683587555519,0.6894425224214047,0.6615700487592439,high
8,4,3.867544650787604,0.3378750881995908,0.6245156725311838,0.5226506339182395,medium
13,8,4.397589086837128,1.7043289064031162,0.588430588551336,0.6613239250009131,high
10,5,2.7281340506114153,0.965034641646528,0.6651374233387289,0.5765939203901023,medium
18,11,5.799861425545105,1.0948595479224303,0.42402594066446103,0.7675061244800759,high
13,8,5.2814650786052315,4.772737481001006,0.7208462704717713,0.6673510042210142,high
18,8,9.128216948763514,1.058213592149041,0.4996479757873265,0.7228748378764718,high
10,3,4.388807866894693,0.8437746180421567,0.6132192946786343,0.5270186948154458,medium
10,9,19.440254921203277,0.1214195605808113,0.7180306182756925,0.672796659917933,high
15,6,2.660405026075564,2.681176712060069,0.5991900532551271,0.6469634992372916,high
6,4,5.793102360280224,1.3107735202324045,0.27899510809644495,0.4170605314844063,medium
15,10,4.1533384075624795,1.8708367340404763,0.7318195634310477,0.7588916677926063,high
11,11,2.445178598433987,0.8099846502780965,0.9250592084311384,0.764611944017707,high
11,6,3.821156426105491,0.22824949586794752,0.5162636542095539,0.5867310675361245,medium
5,2,2.0460659443910982,3.9008544068137025,0.5607346160656693,0.40114122716770917,medium
17,5,5.888628031610779,2.2941061522623887,0.461974223732793,0.6321008037314759,high
10,6,6.38434624857558,0.1570005569431736,0.4255373778135311,0.5540608051830851,medium
12,7,4.814541255154703,3.3882084134112427,0.4318609513967296,0.5837841341899376,medium
15,7,3.838497261725325,1.647066430753352,0.492574495432915,0.652534456214894,high
12,9,4.1310241256342906,1.2166629141317873,0.7755553233888189,0.7069999785835519,high
19,6,10.889809966859275,2.508256727053913,0.7382154159168632,0.73592137166968,high
17,6,2.493922217351431,1.696581778766455,0.5185519700538751,0.6673998488189987,high
13,5,7.6051881917412745,1.8710849862719152,0.5883003191960309,0.6001861639307268,high
14,7,6.967438974024649,3.2579959664006237,0.7005167964218808,0.6683833861750386,high
8,7,4.795020941761632,2.469678795134015,0.5461677909004362,0.5527690328791939,medium
14,7,6.756917495478366,0.25538772384349356,0.6279848524447841,0.6738943856633335,high
10,6,3.977639744086442,3.3588777884668355,0.45286092914527654,0.5381796672392765,medium
12,9,6.4913489134842814,0.0964100094153193,0.25303888484775805,0.6099650435734495,high
8,4,8.820335478261185,5.163257587157036,0.7382020569041481,0.513218694133116,medium
13,6,1.8201474096599546,0.7820851192963427,0.5751643149247406,0.6248189621896392,high
11,5,5.5295043251294995,1.4759116611026661,0.6579850962250566,0.5867576081709935,medium
7,11,11.384939691200955,1.405386518308153,0.4783763055126602,0.6113060176471443,high
13,4,8.62442985252616,2.1886221267503316,0.5924644396487466,0.5789020737514138,medium
16,11,6.343323282696124,4.608096129968369,0.39596446009694397,0.708472251152933,high
12,6,4.223943920306091,2.9415434961675704,0.7367372986994615,0.6277371697654418,high
12,3,6.117859269,1.5179435648488666,0.5558543001191981,0.5410512362581805,medium
13,7,8.585792819600213,5.960694241329608,0.6651451511576969,0.6282910686226753,high
11,3,2.9572853090119606,3.230920046946768,0.5779509899631323,0.5190507310129814,medium
7,4,9.517845639347406,1.1659305375755304,0.8060984467187936,0.5384468190932552,medium
10,6,5.3951501039217655,2.267093714398037,0.38545009913920225,0.5319760617318535,medium
14,6,4.083658262531891,0.32125515692811407,0.7785601048490349,0.6835703199236195,high
14,8,9.97641155277231,9.224969419278848,0.67872957650354,0.6442461191721823,high
20,8,4.935228134171502,1.1409998312713892,0.5668716507823564,0.765767664614662,high
16,6,7.625933671143621,0.3580070795487014,0.3349142138398163,0.6245961289043053,high
6,4,7.289538348540792,6.404422804142744,0.6780096971826612,0.46290578740891397,medium
11,4,6.702561699052108,0.7942672298760062,0.5372833777185941,0.5471615606778788,medium
15,7,2.1345199813438045,1.7703556388421036,0.6856035510577869,0.6903183392859433,high
9,7,3.8283724143932227,1.8932773315159264,0.7693948764938006,0.6162571264219874,high
5,7,4.941428847740857,0.059744350588450755,0.7257182571631796,0.5597453557620463,medium
16,3,14.402518717505298,0.45655501163563983,0.5042037201733467,0.5977970439570984,medium
15,8,3.3216317102915545,2.1815029467708205,0.5240237544990913,0.6752613979213462,high
9,6,15.062436322807876,3.281036930633157,0.610884485365101,0.5553033175354658,medium
11,3,8.034559065012356,1.3725951415932658,0.5920848870312495,0.5342663431289615,medium
18,4,4.62019542128138,1.3803915118427155,0.3280034695274866,0.6063980838265458,high
7,10,13.948637714172591,0.7687350511132234,0.6325380573413727,0.6263827111275198,high
15,6,8.541708582753344,2.898925945529261,0.7016896660793722,0.6660117602456794,high
14,5,6.944169635959618,0.3071270231531171,0.7884822704283768,0.665648940597988,high
9,8,3.226030279786548,0.7818716558460215,0.6599681702576395,0.6217811563458878,high
10,6,11.28904059301555,1.977904358499043,0.7619483574754992,0.6092036424384396,high
9,9,10.426406623782032,2.254964102614766,0.615966992737414,0.623160304530051,high
6,5,4.949749486856763,1.927200419387603,0.34796203806414594,0.44674440481691186,medium
14,3,8.035041985124357,2.0991078567826826,0.7181192378592031,0.5996297951932894,medium
12,6,2.673712047915995,0.5606820349188747,0.8314885856682196,0.6625598369008514,high
11,3,9.259181645363808,0.07926104600380185,0.6388794421298225,0.5522474814526058,medium
11,5,1.4568564624097102,1.3427648591601482,0.7182248097734346,0.5996931962269526,medium
12,4,6.725777769853808,0.2638317121746806,0.7818566073757833,0.6146124433939921,high
18,5,5.250729353423833,1.3524817484122622,0.6532963327147491,0.6916427215535347,high
9,7,1.0944253350996245,2.23236888548954,0.5053376060247695,0.5611850619683569,medium
12,3,8.839628677752097,5.797231245021069,0.40272205663295146,0.48189620302644987,medium
18,6,8.914780026758693,1.6982568974593744,0.5712019704341953,0.6929186814371099,high
14,8,4.6386945344084705,0.19445576421359667,0.3289959141293466,0.6345028110644453,high
8,8,7.711358334240865,3.8800837688321126,0.5784281681456573,0.569818408503584,medium
13,5,6.4030416888726425,2.486805562586833,0.5865298966296391,0.5957272755753489,medium
13,3,5.796916506845564,3.867711945065763,0.3567460636557532,0.5005644664307123,medium
14,3,6.160770115095611,0.5805441741997476,0.4255459261985617,0.5512388907450474,medium
16,4,8.967312174014047,3.6974848308323955,0.32311830752191467,0.559973762632167,medium
12,8,2.8579371584162185,0.7633123650804536,0.7957514935768338,0.6940615496148304,high
12,6,8.452239504552187,4.844498024952341,0.6185359378966652,0.5914105340796508,medium
13,3,6.056781155206566,1.1383548728978907,0.5680059312749851,0.5610121537690111,medium
10,5,11.019057356435392,3.311752494266964,0.7651037936666745,0.5809424087715551,medium
12,4,8.503260175867542,3.1104110805846807,0.7863501557321563,0.5965339572758668,medium
19,2,6.076951236654495,0.22423830148972831,0.5875816993675756,0.6410214178635836,high
13,4,9.4798205457991,3.6116860553829944,0.4458928632879275,0.5401006656216989,medium
10,6,4.939704298635775,4.428988055413143,0.4480530518340276,0.5300840233307179,medium
14,7,4.023353187905208,2.69322634217067,0.4038718875228048,0.6128195352234231,high
12,4,3.069098513716379,0.9052372310753106,0.5214330706345265,0.5582516992530699,medium
7,4,4.5495162151028925,5.93636098500567,0.5574273466932325,0.4569097294386087,medium
15,7,2.6159064320929453,0.11815175644212841,0.734494972034988,0.7111113160307168,high
7,12,7.9535754610674205,0.037863856395551065,0.6765647890572383,0.680060532102144,high
14,6,5.090320500326056,1.9352879771496034,0.8518812761613737,0.6874743353846107,high
8,6,12.367742064161952,1.1994825786019607,0.7594247964705315,0.5838884087700932,medium
11,6,8.77704503532082,1.9203539022964982,0.3330857666576456,0.5388147939828858,medium
11,3,8.31968576324062,1.7787148673290887,0.6744039800771175,0.5480226968998962,medium
9,2,4.660808884310047,0.5815422260026349,0.5485436907272001,0.4808317899720892,medium
8,7,4.319222466525447,1.6735765514204055,0.4818738393188846,0.5452175908543077,medium
11,3,8.043690698166943,0.08733097055554638,0.5593395779671083,0.5362857091230514,medium
9,11,7.514238363406371,1.593421309685865,0.8562789323530019,0.7156329777393613,high
12,6,6.719608817167227,1.192462188541477,0.6600263563028612,0.6240555233369623,high
17,10,4.08471410860434,0.03929905601795984,0.777533768991572,0.8102447600915279,high
13,13,8.485332313467524,2.967213677663412,0.5478260829995539,0.7447837920821547,high
15,7,4.26721472560163,1.2170146148698227,0.4119610067262594,0.6392787705794531,high
9,3,3.870116305517798,0.37739866655560095,0.5815683588151531,0.50879768065266,medium
11,6,7.729888832067882,0.10290527298416173,0.3854111991760159,0.5613962046819755,medium
14,8,15.633651612497623,1.0694518620321605,0.3320289342250081,0.6292761077647873,high
14,5,5.596187250481437,1.9254376700758586,0.408736657015519,0.5789110802692647,medium
12,8,5.074989525109502,4.935390247122106,0.8752200473407413,0.6821414078206676,high
13,6,3.8805391496940627,6.947686326717752,0.4634205645481586,0.5613662040648467,medium
14,6,9.249762220146055,6.283814755255496,0.6308550558127292,0.6142789127941758,high
15,5,6.936352703286571,8.770646989217129,0.35721908178409345,0.5379728364287045,medium
8,8,3.574278943632808,0.7568073398607197,0.7545416037364459,0.6258629384815511,high
10,5,5.314303994818825,1.46993821451884,0.5548596730471369,0.5511723465126351,medium
15,4,6.9880290460656065,5.709881506343738,0.4260026817968372,0.5521346596504092,medium
13,7,4.305943844109971,0.005426197892212702,0.7573733796751028,0.6864385012824057,high
12,7,3.012363470013745,0.5216614695750127,0.7554256754698235,0.6676073919634645,high
15,5,2.7503194126810477,2.107417674068892,0.44699257290628885,0.6003490634207985,high
11,4,8.945715293353464,1.5134380550964728,0.6426814628376981,0.5634467055335631,medium
12,8,1.2557212991362192,0.6098969420086369,0.7136059869861159,0.6786552177838323,high
18,5,4.462504327516429,4.44128473708947,0.41896893723739254,0.6241852225335487,high
11,7,3.277607487224183,1.5164058568362124,0.7398452584381824,0.6428596793087284,high
9,4,1.704007255736091,3.8090190384230933,0.8488681454861,0.5593801688410661,medium
6,3,3.0239066532040533,0.19420591970199672,0.5189095779576068,0.45248720946017473,medium
17,7,3.2599970040947195,2.684910660222943,0.5757568388844136,0.6922519633753965,high
9,8,1.4968371279061874,1.5801822906412109,0.6190709165443272,0.6082796347045907,high
13,7,1.7168305138156266,0.7398827273263244,0.638030877440233,0.6576736239725378,high
11,3,5.710814215409517,2.2634120560910187,0.7208237607971683,0.5540753384521603,medium
19,2,5.448400296466165,4.099990772765185,0.6618094162835195,0.6300286114382694,high
6,8,4.35962221873004,1.0247824847028042,0.7426540340649908,0.5916989235816461,medium
12,3,3.314117605886537,1.783847639561009,0.656396006684159,0.5593868837397584,medium
10,6,2.014381073065624,0.4648835385272476,0.6507295595323814,0.5970466883162947,medium
13,4,4.249537533085198,0.02059978981660846,0.5755844802801908,0.5899795641239275,medium
12,6,11.978208863032986,2.200078269972237,0.8314318840953828,0.651619188352595,high
9,6,2.9677794622504194,0.24118256404026195,0.5048027803411365,0.5543526723079589,medium
12,6,5.58869139381719,1.8214454678246137,0.4465795895904991,0.5771729481326023,medium
10,5,5.218702988463702,1.6654331100782758,0.5719903682699647,0.5532951862534712,medium
9,6,9.59896553912764,2.474041141717756,0.6414992940577366,0.5668062512000956,medium
8,4,6.80339858552931,2.0792936966082456,0.6544843563863347,0.5170349132998786,medium
12,9,11.25967199295689,2.0125352478117895,0.5275484873080187,0.6520927958095252,high
15,9,12.666558613163232,0.9843491148940559,0.5603399443043603,0.7105056614282451,high
18,6,3.2496406103767494,0.5729326157015989,0.6556185884008862,0.7173041669088333,high
11,4,10.470583574745394,0.5699286636123984,0.7330579371865883,0.5878120630132351,medium
13,8,2.7074182015627795,0.6041699980682077,0.7881214541570775,0.7085964908442941,high
17,3,3.8003880092454256,0.9783392259200597,0.5080345332168931,0.610084645137245,high
12,5,4.2519303703327225,0.668875568318836,0.5431218996788179,0.5841652094803047,medium
11,9,1.7573760178989635,1.9453979988041086,0.6878031325810854,0.6695913065241896,high
10,5,10.944850041282912,1.6470438515500254,0.5907051445043011,0.5571607365571933,medium
13,3,2.6686734545682502,4.703813018780526,0.32168667570619536,0.48797858168270225,medium
12,3,2.436763913513029,0.21978373251201905,0.6551512939826503,0.5695650339131166,medium
11,6,8.075039068087975,1.805791073416807,0.7867675820954091,0.6303149092629698,high
13,10,9.794965856593222,6.246398405706378,0.6947118165708926,0.692299707276136,high
11,6,8.523491378446856,2.1460215359127717,0.7977049640471962,0.6302341825700208,high
5,4,5.187617424625561,1.3587216177188879,0.3357381496218189,0.4130894858062379,medium
7,7,5.772238431203746,1.51504174495373,0.40265248230659717,0.5154302181616279,medium
12,8,8.230907842215975,0.22081206616777177,0.6319382105143084,0.6649155616617431,high
11,3,1.42410874449135,4.7463950274336275,0.4932899004797158,0.492015346579719,medium
10,6,3.73964302478381,0.4306408222044161,0.6282826817406508,0.5927855975334342,medium
16,11,1.8698174015662625,3.4159058529429283,0.356794296666008,0.7085861536469155,high
10,5,3.7839566587461975,0.09585399332024662,0.4302817466008068,0.5354173226980264,medium
16,7,4.864828971800422,0.9245804925542948,0.6345861051962596,0.70075335108889,high
12,4,8.865626132858443,0.07508408037724383,0.4532662987031649,0.5501526992047847,medium
13,1,5.264470688218299,1.768051068711538,0.5529083194541508,0.5137946567660866,medium
13,2,3.292934236977099,2.498525470476705,0.7527803025978319,0.5688992240497217,medium
13,8,20.501911630151266,1.3472199615498501,0.41862118229637313,0.6297427700489423,high
8,6,6.397010747614517,0.42050707854414154,0.7101507672784664,0.5792267729320657,medium
13,3,14.985210187955746,0.18820452721009104,0.5438159738449202,0.5625084979209167,medium
13,2,7.786568245561858,3.825436525424859,0.5134928089391704,0.512195651618335,medium
13,6,11.97750487457899,1.0946781103894503,0.5889096415065536,0.6254840742320478,high
15,4,4.732003521530432,3.0580822737583744,0.3640978521601653,0.5574323552736439,medium
7,10,7.722202320856617,1.2775578631351694,0.5284456351132245,0.6021720746017438,high
15,5,3.1032175014190124,1.0635622680953873,0.4942159066271427,0.6167527662047926,high
10,3,6.098750826070853,5.034421495478585,0.4981271021338604,0.47606261045691484,medium
12,6,3.281668451193991,0.7496906662134302,0.5074899077989667,0.5965000437850372,medium
14,10,2.929834868809979,1.0729897589754442,0.6995863110014274,0.7427639971404492,high
9,6,5.418656115251211,2.346189773558061,0.5088601644425313,0.5411307677314525,medium
13,6,4.7260518922047305,0.25056632486479097,0.5290202923318932,0.6191336163006134,high
14,1,4.253745128054038,2.3679083429868824,0.6924095516134711,0.5526958547027816,medium
10,5,11.377598916280713,0.9390000265431397,0.41283275031643907,0.5263065498863335,medium
15,5,4.932723523299953,0.5498534101078967,0.7023343869329285,0.6618011879858664,high
5,7,3.430921215736464,0.6618055580867583,0.7276732531055109,0.5561226135671904,medium
13,4,4.32322830924355,4.422109175703049,0.6905887812518436,0.5836370284123484,medium
11,3,7.87655876561884,4.577396940294485,0.34118234082950644,0.46272048856393805,medium
17,6,2.7585426693741177,0.7384883857080844,0.5074420891338043,0.6715651619220403,high
12,5,3.0674316818895946,4.695367693926765,0.4999328519247001,0.5486841190920949,medium
12,6,7.215263342885368,4.4739996081073885,0.6083691379928396,0.5918471635445186,medium
22,3,4.306947090016623,1.2647206481933515,0.2760976500216662,0.6067880590163776,high
8,5,15.12812117423293,1.0595286591043194,0.66572997442805,0.5460824704915812,medium
10,5,11.537937814020722,1.7750449670599,0.49327704369873476,0.5368217756260143,medium
9,8,3.8032226305282855,2.492540620061169,0.6927120890771625,0.6169254803483581,high
12,6,5.208952729290314,3.849427837244256,0.6914651200188461,0.6126301717554742,high
18,4,8.223863981200523,2.140611034806287,0.9006444383534911,0.7158581474386564,high
1,7,11.514879049738237,0.44879693373995433,0.38214143084589436,0.4284363066109125,medium
19,4,2.682907560549679,1.2338315841412826,0.7901823331879245,0.7148109227433097,high
9,3,3.326600490105334,2.745008204366968,0.3567751688203836,0.44805497906829694,medium
14,6,3.884752491443148,3.7861583396891616,0.4743313071571786,0.599625205833508,medium
15,5,11.261197945322666,0.1304902551312098,0.6525282216796787,0.6546357093017277,high
12,6,2.817808406060885,0.9106812073724021,0.7940998126102284,0.6527487544728964,high
12,8,6.367282957441036,0.525481796718825,0.3858154729390633,0.6136598826096872,high
13,6,1.9500634515156503,1.0584596858693207,0.704521966034248,0.6488479953010542,high
12,5,11.350318265938132,2.909076936586592,0.609068519131276,0.5824198575823446,medium
12,4,6.182349545840021,4.611775965729518,0.5057900879579132,0.5304128444867193,medium
16,4,9.14270851374749,10.432712332643078,0.6346086872944601,0.5773703219079381,medium
13,5,0.9966329630745961,0.9556099754326577,0.25996259818772044,0.540621786467993,medium
8,10,6.500835762916982,2.778506643245842,0.6675776139230258,0.6349921451629662,high
12,8,3.339687552981518,1.4038725005955048,0.3880428755556169,0.6082494251071534,high
7,8,2.9850320046585486,2.0794967825203132,0.6942341067240596,0.5899835094613433,medium
11,5,1.8030719634879784,2.4882162137223522,0.6650675862743614,0.58142540916339,medium
13,5,2.9971062845351,1.7230195014394551,0.5843136114911885,0.6003759256219746,high
13,5,10.915335394685103,0.4989425005725565,0.38057668873396755,0.5677890544096431,medium
10,5,13.503762005637011,0.050993852450708796,0.8024883468022541,0.6101577103441128,high
12,7,14.669779524656272,0.09583248812784669,0.8043346558062991,0.6802280479070741,high
5,9,5.2372785340968875,3.007512670039877,0.6541028197459862,0.5657704794822648,medium
10,3,3.333752684349615,1.915172346324058,0.6004199084710565,0.5173161660520509,medium
5,5,2.3940471755698987,3.5246487970808884,0.8516543401003046,0.521833209372855,medium
11,9,2.24369622904006,1.6317667409837084,0.7511999479298184,0.6843615446460722,high
15,6,4.9736431844680125,1.502148385693765,0.7639191433076611,0.6877695060902405,high
14,7,3.2703493103285823,6.714895235113261,0.4646531629591945,0.5981646643577505,medium
16,4,5.646933132767501,5.505453335450353,0.8999863591913404,0.6632942496019324,high
13,3,1.1550452432874776,4.928151253290423,0.662507392035406,0.5546471367184784,medium
18,4,6.765339187173293,12.189503827475821,0.6157453955980349,0.5918857202697683,medium
12,9,5.1326449558501315,0.5620798078174689,0.4326859279330547,0.6427899868678278,high
13,6,11.0210730504702,1.3536225540758842,0.7725094703677218,0.6604777437130385,high
10,7,10.22253843554066,4.723032832425815,0.5813629532669491,0.5747857051038844,medium
12,8,10.256271814450852,3.2142115379780622,0.7573187806769396,0.6700356792155342,high
12,8,6.1350018954789265,4.6526301689194725,0.621712436360182,0.6333249528125733,high
13,7,5.884024339742249,2.7585635637257955,0.6671313411267998,0.650035844467188,high
13,1,9.377361519636075,0.754558466478835,0.37512476354509333,0.4849945629324931,medium
5,6,1.9692852741726432,0.1404751240022638,0.6907860335927064,0.5322207058918595,medium
11,8,3.891096880600066,0.9627184648631745,0.3851683806200813,0.5956155530249284,medium
13,10,10.61606486198137,0.7530430285833375,0.28060811652448236,0.6461013364476742,high
18,4,6.606277646010719,0.7481430270002841,0.7320586304833842,0.691424105916675,high
14,4,4.924492015621761,0.6886016906713497,0.6616077356011101,0.617730869182413,high
13,3,3.8416341958121607,0.5962837199365456,0.5697442448126594,0.5649736241629549,medium
14,6,3.1275609542890876,1.8331709981712796,0.7921405992255969,0.6762069798573108,high
15,7,2.9555522744296927,4.443686812339052,0.8319071094673524,0.7017568431445435,high
6,5,2.858452078839017,0.5395863598494872,0.729651071120975,0.5323329718251985,medium
13,8,2.4680784645816605,0.43911966409526393,0.45731445853397773,0.6435354272794938,high
13,10,5.817763448621368,5.633587893951239,0.3829560918850613,0.6340339657506706,high
14,5,5.986317221379413,7.9347054769425025,0.46870436766418544,0.5508428370198871,medium
20,3,1.7232640362062837,4.518633613855119,0.4596222064514348,0.6218002171979196,high
14,8,11.76813296210832,3.93031326439951,0.7167203237238137,0.6871419763154327,high
12,4,7.377674851047054,0.13987136594311939,0.31655611115865895,0.5223787464587777,medium
15,14,11.033435722761682,1.4763228783766238,0.4656123313279052,0.7882803137430702,high
11,6,9.457102060424022,0.012137450957849124,0.4935877678307327,0.5836366372264276,medium
12,3,6.521058719491217,0.12467742509321454,0.58145622341023,0.5554600618480913,medium
18,10,3.7260109443035354,1.4019228400165393,0.7812323766059376,0.8169003230544106,high
12,5,8.707200693978592,1.6491371197053377,0.6417821561464709,0.5973621837645919,medium
9,8,3.77806881255467,1.198655435737963,0.49430525329871094,0.5858700144214891,medium
11,5,4.427865941724773,0.34101952598776886,0.8346035654159043,0.6296472495765958,high
14,4,5.512638710408133,1.1415426557128077,0.7067420521292486,0.623738126054431,high
13,4,5.142744439463767,1.6181877355618075,0.5058114788775889,0.5653743775384391,medium
7,9,3.1273320004413088,3.446821196545661,0.4535406588382098,0.552729323790671,medium
9,9,4.099496786531218,0.024091594286879642,0.6382918377393849,0.6424977569192978,high
13,5,4.265701764376609,1.2721326359724812,0.5944292854686197,0.6054049728539075,high
12,7,3.5422115389383664,0.4794580980859777,0.7347448034732582,0.6637525733740784,high
14,10,9.191293407997868,0.695066612379009,0.47576244286555464,0.7005187111572508,high
8,4,8.067619450384651,5.635328341519591,0.6164676142464289,0.4857246672391552,medium
8,3,10.564177662496009,1.9347524239167115,0.7244560357305768,0.5119928576533372,medium
9,7,3.0982388101105203,1.573077431527527,0.7162943877014877,0.6077716946634474,high
10,6,7.06885235892083,1.3340975616029014,0.8332825360468769,0.6277625234653561,high
9,6,6.240038834478506,0.44751743181295656,0.5025461644915488,0.55252578335289,medium
10,2,6.973919999511089,1.6227720545811806,0.7913868044359403,0.5374588805233136,medium
13,4,2.7120386350576973,0.06659263725786131,0.444141672336387,0.5633843835522251,medium
10,8,7.645674921081108,5.535129928817326,0.5129173706217109,0.5756826079322267,medium
9,7,6.8567605291869835,4.210908413994177,0.5153545723784257,0.5499981917157241,medium
15,7,3.6444606825178596,6.103838845078239,0.5583892327937406,0.6359855875915599,high
8,8,4.186692846702411,5.121197797651908,0.33546726190811654,0.5129521337306107,medium
14,2,3.4652865008727494,0.2854516399475486,0.3798884617352901,0.5240746814140744,medium
10,9,1.8485429428676325,2.1020067930997652,0.5660956213720326,0.6292057456537414,high
5,5,8.191786844753896,1.3867535489087874,0.47156476212800824,0.4600679287662097,medium
9,3,2.189769590237602,2.002999128117391,0.5240651260172187,0.4864596976826612,medium
6,10,6.58317799818222,1.8790069227827324,0.6513593073177159,0.6077451486449916,high
8,8,4.03372704409486,0.7546635025466648,0.4728851052475523,0.5695459310325327,medium
9,5,2.8781108826641906,5.666860321783378,0.4442868285920899,0.4860782969065288,medium
18,10,1.8660687024140286,0.041524093550258025,0.529914792920427,0.7757061312937503,high
9,6,7.702102615432283,5.576584739384197,0.7750673499257624,0.5728362383892579,medium
16,7,7.360211743054142,1.0632182242159567,0.6064633846137676,0.6942045554279805,high
11,8,6.6239352828905105,1.1601563008086384,0.3195346075968702,0.5811725461806498,medium
11,7,6.319602456185611,0.17151830376935503,0.8030144935193619,0.6644594433454101,high
10,3,2.2328460918603037,1.6263633187907758,0.33704124212121517,0.4665658262989712,medium
10,7,7.677010287064345,1.8374593723148653,0.6152558441633246,0.6008014396838992,high
17,5,5.403951711676968,0.024524253211918475,0.6397915048344899,0.6827948059454851,high
11,6,3.40415226459798,1.6536724636890734,0.43833774012689986,0.5616430649341195,medium
14,3,2.9383990392174235,0.005508779281385414,0.7734942492069815,0.6246621246461872,high
12,10,11.846010687590494,3.2658419879022196,0.6005157948029763,0.6783308790412472,high
9,6,3.5654408747305966,4.778300976427192,0.8088867346639695,0.584922007089946,medium
9,5,4.9286940833352535,7.102923447521166,0.7414869653168809,0.5359445700799017,medium
12,6,8.254380666831963,2.517248588624606,0.6753627167821116,0.6182908860989249,high
12,4,1.6155297056494882,0.6954469211864504,0.41077444895720283,0.5375185769835309,medium
14,6,3.241251977381075,0.002457156046690229,0.6424891514315185,0.6584814492459924,high
12,6,1.5020459828298387,0.7426992310611619,0.5511877837246795,0.6052862285378615,high
7,12,8.648308375945323,0.1609794655718808,0.47727190157358973,0.6393811838775721,high
15,6,5.024471343867955,0.7599242222389264,0.666337846778542,0.6732014078741155,high
9,7,3.5771478925641707,0.23380194358154965,0.49597885299253375,0.5726370909746299,medium
17,8,6.472341036310674,0.5942287091312604,0.44944268206099947,0.7009270116846582,high
13,10,1.9333729187796334,3.4854742288054545,0.4681347767047368,0.6653904604822444,high
8,5,5.258534602992093,1.2529555319875483,0.6133184450674696,0.5343106521335769,medium
10,2,2.1981596198092075,1.950141368690249,0.37588348455328235,0.4521757544527215,medium
13,7,4.157475573928052,3.2931391749532217,0.4842360692318275,0.6098929526800106,high
16,5,11.362709869171002,0.027467933718048974,0.7314375038825327,0.6861043812183862,high
12,6,3.7752635443337477,0.26629189195134223,0.818859027718527,0.6619965262640297,high
15,3,4.790600654462334,4.753905137467222,0.34737233456138145,0.5227817659958282,medium
14,5,7.637092466587569,3.830699693257199,0.820107755310554,0.6484835531070628,high
14,8,3.7991309768749404,11.739061741049456,0.36701645639264496,0.5651428796715326,medium
10,8,13.473062675306885,3.455018460242587,0.7067588892194717,0.6283183214422772,high
9,3,3.2473360441368833,0.8686931025145053,0.6037128326360827,0.5099512791771199,medium
18,3,2.8200236164751225,0.3278971020074105,0.7363230405859565,0.675078627437142,high
11,5,8.733775437753934,2.4139185319886156,0.7405922737155821,0.5970256645298591,medium
10,7,5.527774735392009,0.8841254513776177,0.6362859913963261,0.6113630286034144,high
9,9,12.465397011217025,2.103826618561374,0.570214179336622,0.6150173250769153,high
13,3,4.295584227598309,0.29863606469619014,0.6460012442430585,0.5822093417506371,medium
12,7,1.4481829408250173,2.7188374990967823,0.5092425438442848,0.603722925441545,high
11,4,3.2713185403665546,1.9541513728107573,0.7248473563774724,0.5769417954567562,medium
12,10,3.9394046089865182,3.453355693550869,0.6566706398325257,0.688311756676166,high
13,5,6.121403695125325,1.2968471074244137,0.5650703785124891,0.5993684283196684,medium
12,8,1.218263738445641,1.0434995796433133,0.5405822907286896,0.6411597942814491,high
10,4,4.436203873167826,3.9971253083572735,0.5089081047615539,0.5051341188965957,medium
10,5,4.862768226741252,5.136994604406132,0.9528891595686175,0.6063312012176827,high
7,3,2.283745447611895,1.6881303004476043,0.6390290136327854,0.48155160072357306,medium
12,9,2.0867375592034114,2.946995311012567,0.83711654036659,0.7077766726665675,high
14,9,0.5260475843626911,2.013811651168537,0.6461674966525557,0.7058080883227209,high
13,10,3.2014144213813727,4.451931602986432,0.46085022124903874,0.6574905002298983,high
12,6,5.3778254860068255,2.4761078056627004,0.476588424986607,0.5788102996262368,medium
6,4,3.624678956241727,0.9674067352555535,0.7908304026874096,0.5217167023024449,medium
14,5,14.747308589648927,0.32212086508395205,0.43542653324577024,0.594937834215261,medium
9,4,13.180309093837751,0.5580736056093423,0.550413482961226,0.5213622058881829,medium
9,4,6.54066646812905,4.240083945598434,0.6068830467933366,0.5081093830546778,medium
12,3,2.579147330854043,1.6252328765117412,0.6662523333817294,0.5624155808329343,medium
14,4,2.546175663848832,0.719003464753598,0.670298029704915,0.6192662495092923,high
11,7,5.393712361022519,2.3628159028565587,0.5625748900681938,0.601762871994595,high
9,11,6.241915739555081,1.8783497988161835,0.6349502543727551,0.6694677188824432,high
14,8,5.105574605612342,3.3770452668723627,0.6523961085739267,0.6779655866023029,high
11,5,4.064982182298438,0.7679924382163583,0.7815157019813272,0.6161831908081564,high
8,5,4.084031080407637,0.6525023945714652,0.35209188218961457,0.48606836047411317,medium
9,2,8.646459738555823,2.2004324682339864,0.4525853202924307,0.4508475142702596,medium
8,7,5.765663142290052,2.038286632554752,0.5646674811353849,0.559344918676712,medium
14,6,7.274240106974487,1.8772367472061806,0.4867514125323798,0.6148353708584348,high
16,5,2.1411395632621733,5.793399396722781,0.587485962288588,0.618874529812899,high
10,8,9.132943529710577,0.07689716817734653,0.5448425211920055,0.6184558564505521,high
15,4,1.226158925942737,0.6184614458178418,0.3385451255638105,0.5685859488073098,medium
14,9,1.259069458268196,5.237324472819222,0.6800760045339056,0.6910997044213196,high
18,6,2.9338698634829505,0.9572740583021306,0.8112002034589574,0.745858213636444,high
11,6,2.289825809315239,0.8147771560493235,0.4768105974541547,0.5749302717838355,medium
10,4,7.714265075716658,2.970033483726597,0.4022596975642031,0.49065171628799664,medium
15,5,3.878977944212828,0.15665895619737197,0.5938259074963314,0.6427207884579504,high
15,10,3.31624806382651,0.05323895444338642,0.2130722284693393,0.6672595193309119,high
12,4,6.648561029968683,1.8087803421006807,0.488547664970871,0.5456509973801696,medium
9,4,9.361955603700329,0.895070764732816,0.5724601196414646,0.5235248854967408,medium
14,8,3.066909271410342,1.499525792630757,0.48413329184682424,0.6568298197518265,high
11,5,1.2713436816112273,2.4563305744087907,0.6332981168769587,0.5752840862126665,medium
9,3,11.058126833931993,4.6732847876568675,0.5847552154676328,0.4807958111758141,medium
17,10,1.4220769405893314,0.6341162942660117,0.43699558257565946,0.7381716745533584,high
18,5,2.9431925717928853,3.498177932402835,0.3885980578129372,0.6243984253465685,high
7,5,1.9955401345658208,2.8714409524536473,0.7286357807870555,0.5315842164743867,medium
20,1,3.932916290836605,0.5505178806412291,0.6243738515884878,0.6412046511134227,high
17,6,3.990178282685403,1.1327996667001465,0.3984186833279279,0.6471317388875846,high
12,7,4.4035080664552755,1.3083287066593194,0.4218415326029978,0.5956461151428707,medium
11,7,6.471397508368207,2.0647423727206964,0.44125433463324276,0.5794859177751772,medium
13,5,8.393347252764801,0.9074184224293428,0.4058661432580274,0.5701237725020765,medium
9,10,13.97354476529344,0.47591220534302414,0.6871621572561384,0.6692596834156075,high
15,4,5.347583471012777,3.499126544218227,0.6522503310688251,0.6121225559189769,high
13,6,6.686801719827887,6.904332832858867,0.7184381105373379,0.6126587365550752,high
16,2,3.6567184436850106,2.941094394200341,0.5929052102053864,0.5789737460797417,medium
9,3,4.254104603084909,1.7146592803360017,0.4826843650430197,0.4801058111396973,medium
12,6,3.139620823661483,0.40493508512774995,0.5161922764857421,0.6005388880629634,high
10,9,3.611917204156156,0.004261912194928032,0.7517720656678057,0.6803260003855949,high
12,9,9.923985129796257,11.30183700901808,0.6670169246278456,0.6180578048654486,high
8,5,9.907746299739959,0.1066959854296575,0.664620921413076,0.5522128777130841,medium
7,8,5.30690150614993,2.8684482487782352,0.8724113103385808,0.6203592737425279,high
11,5,4.417530803363547,3.3239025702754317,0.7135177429177243,0.585544198115042,medium
6,6,2.717634222244343,0.9724202446483988,0.5721117617989533,0.5179395507288014,medium
8,9,4.9240106140596325,0.4323676273042458,0.6869194921133503,0.6345014475739751,high
7,9,2.146338828075414,0.8641710317084007,0.614182682290408,0.6020753962466923,high
11,5,3.951821521217333,1.5206384930161903,0.6614485089937538,0.5871521118453096,medium
6,9,11.260963856851383,1.2129616187418517,0.578523437357014,0.5776182766797905,medium
11,4,6.378705706729217,1.8726950776751488,0.5902179904964424,0.5505589642481208,medium
11,2,5.60964305224163,1.0923470428878461,0.3257242890356762,0.462862544187883,medium
9,13,0.9724543875278147,0.2159551010458124,0.532794950876614,0.7001192895016841,high
10,9,4.611217821256758,0.03832540075695583,0.2903628145821646,0.5878170602447199,medium
11,10,4.742240962337749,1.3670379434525184,0.5504445709093488,0.6659753278921863,high
12,6,9.809783954659853,0.38047582082596443,0.800163281846412,0.6574961508971093,high
18,3,4.414949718134925,0.08976899575791639,0.7893709465250317,0.687275729333287,high
8,2,5.59492295506857,0.19966076200738367,0.5883793352670053,0.47634479530668516,medium
10,2,2.691564942863219,1.8689698219495297,0.4579943502288856,0.4691390712327803,medium
12,6,5.418882399668828,0.9282364119141872,0.6343112848614778,0.6206740142262009,high
13,11,3.3065954133651356,4.468039895378293,0.6767023840027458,0.7205535441646939,high
9,8,4.931015443286209,2.670890808494098,0.8682488482563052,0.6508438309279672,high
11,2,4.738254634540983,0.29462146042443477,0.3891033903896935,0.4808565350084425,medium
6,5,6.283022819930965,1.3829793265565937,0.3801961863809706,0.45681937509915016,medium
9,11,9.1102463429409,0.27118900231077947,0.5722549209702342,0.667643057511975,high
9,9,0.7832257284158115,3.6850948377847543,0.4387013392172869,0.5781729689248923,medium
6,7,3.5038436914629454,0.7833471742298311,0.4583583301756229,0.5164493515402591,medium
14,4,6.247465260851413,0.10929166531138537,0.6687419894458094,0.623019786787086,high
7,0,4.309166314314325,4.016413129582489,0.9256725050885583,0.4633584134871618,medium
10,6,11.520997030439396,0.3288124107053266,0.5703473845696612,0.5818773941758968,medium
8,6,8.465666073820316,0.3154135828048728,0.5998667559124462,0.55787059396379,medium
10,6,4.8891057226996075,1.7814696255954092,0.6889693866274121,0.5959174131548464,medium
12,6,12.87623049704017,2.2890796047500968,0.47309743079138805,0.5793589554599436,medium
12,8,4.288689884813418,1.6024420553865906,0.35792566982643104,0.6009021869293756,high
10,3,6.986117621768984,6.889093048703302,0.6948659083309862,0.5030458946748418,medium
10,3,3.4188951898657565,2.7305047294007356,0.6952317856651025,0.5308429922703489,medium
15,0,6.905657110078851,0.7794583192879395,0.692098297579468,0.5582232707206407,medium
17,6,7.074439161080684,6.585304561795251,0.77450872212282,0.6859997140125957,high
11,5,5.126898524698262,5.620303185162744,0.6200802290442653,0.5515473579077681,medium
8,6,4.129259407416269,0.7972325012962597,0.6017960862380255,0.55504433390563,medium
8,7,2.4503880150562125,1.2866001080972378,0.8627744908987764,0.6239775641257738,high
11,3,1.2387685269232884,1.2880181576188985,0.7424991098886572,0.5649130342602722,medium
11,3,4.329164670487462,8.26847042485263,0.6756616461769445,0.5050091930697047,medium
11,13,11.656757820971785,2.2280737923810943,0.5761736237513243,0.7253808994677243,high
8,6,4.903435279717677,1.2166909971153153,0.5566042103437943,0.5432095687546568,medium
9,10,2.4854696892735073,0.4905246602712583,0.5348558979445539,0.6387010151871024,high
12,8,7.086175798398752,1.4142070462806646,0.5992524484935415,0.6504224427235039,high
11,3,7.313776392280902,0.21341297176121368,0.7854740232140094,0.5806720514977272,medium
9,4,4.835969649305687,7.748235604862487,0.6849035766541709,0.5003258112984177,medium
9,7,6.171088263489088,2.9881919592000914,0.6760129789537226,0.5902813160627439,medium
10,1,4.45417802477601,1.3696629417326482,0.6037481781636446,0.4816185493545112,medium
11,3,1.6591550578635943,5.601627598593245,0.41915362058102146,0.47148654012558266,medium
11,7,16.618099650489054,1.801361131796208,0.6820437681563724,0.6293996794192998,high
6,6,2.347540091264861,1.558634639178996,0.7816122996222812,0.5559315623299296,medium
15,3,0.8999604878632682,6.866984326696003,0.6058477463748937,0.5603896537636721,medium
9,8,9.605783545045123,0.07269116634786572,0.31009074182172736,0.5565335405886931,medium
6,4,11.266278735375217,2.1777996541125897,0.6432846464644648,0.48413826493214235,medium
16,8,2.2849978795300063,0.3210412898114119,0.6097763303681503,0.7198149908082206,high
8,4,6.373917554199438,0.6647680591268306,0.7988947658115637,0.5553471661014673,medium
16,7,6.287201549459849,4.763145667411539,0.8354855003722637,0.7153427956250425,high
13,4,10.556196668100714,0.8496924398303909,0.49382015948056496,0.5680994156305771,medium
17,6,4.596676251514037,1.152902497152052,0.25534254561999703,0.618382492476319,high
16,5,6.008024676288319,0.5995512268042563,0.5415258439873568,0.6443081606187764,high
8,4,4.169589301037162,2.5193072178327056,0.5665384269203099,0.496512303931844,medium
9,9,6.3149732825290865,1.396112438819905,0.4665581062917079,0.5990042049995422,medium
11,15,5.134350747868911,2.0290958895733633,0.4581721141401488,0.7431071168975407,high
16,5,5.192387936130619,4.22500367342874,0.7559508174579631,0.663023472335401,high
7,3,3.4808722608695146,0.8031807242408642,0.9120131267167101,0.5420480871817362,medium
6,7,4.475387292649527,2.193529606976236,0.8147653466852226,0.5783295386238696,medium
11,7,9.64603881686035,1.9869328159053659,0.8292888520180438,0.6576115516309063,high
11,6,6.40897177075651,0.3520418472413118,0.5058755998570075,0.5838281743231262,medium
17,6,1.7429384460220787,0.6250447177882574,0.2886728751647965,0.6285676102477042,high
10,10,5.772258291236426,1.3357976822765227,0.8144151583500675,0.70397771378817,high
15,5,8.881913442597957,0.9328401091513779,0.5434196029889391,0.6274649865367786,high
10,3,0.43189317288760776,4.221883770636841,0.41156450866406225,0.46416700992856685,medium
13,2,1.3316741375827186,4.578612573534579,0.5273143895361005,0.5099387940836563,medium
13,3,2.827883201155646,7.667116545090426,0.8184299745754536,0.5675718846144879,medium
9,9,10.278327097012419,3.166533272766128,0.7245594994824777,0.6388016780780547,high
9,6,6.003391578876124,0.5813467780186897,0.30020162278454404,0.5111646793701176,medium
4,6,8.644702759136386,0.5106625324439021,0.49589491282774284,0.47577456568258925,medium
15,7,7.715140992728078,0.21356221868109346,0.7698115754103859,0.7175385669575365,high
8,8,1.595211505545585,0.5890651332654011,0.7381942274474919,0.6237117446010624,high
11,7,4.472534780010604,1.0053327908461347,0.49319313020705474,0.59693640743577,medium
10,7,1.6460650373508137,1.0382232144853227,0.5753233879565736,0.5981431894947459,medium
15,3,3.8255580468072443,1.9261368793590452,0.38369827160657777,0.5488987417922553,medium
17,8,18.137135677579344,1.3906908216126188,0.7788056860955417,0.7614898650750243,high
19,3,5.858338595608889,1.0860431309280347,0.5862925003035409,0.6550182125211879,high
13,5,0.7279240921449143,1.7679815137786214,0.3714687412408794,0.5575072048229851,medium
5,7,8.1771810183313,1.016395580820744,0.37578758035481874,0.4833815455321588,medium
13,6,11.9430148973295,0.05483731748048137,0.5933567468085892,0.6333057672451813,high
8,14,2.8690713021651364,2.5192577661210724,0.6681167000965391,0.7168282882451673,high
14,4,7.557948143818278,1.6733847749372763,0.3874295812659253,0.5563300177536032,medium
18,13,3.33085986639189,1.8126938484400466,0.7954069250609983,0.8769967593559328,high
10,7,2.66253380379369,2.770493063007286,0.4961428970086246,0.570758625648343,medium
8,7,4.194510955119469,0.738766324721359,0.44960268303354206,0.5449954277752327,medium
7,6,2.080338412088302,0.09441461423987879,0.8433664761853862,0.5930438644754781,medium
8,7,8.044809945735242,2.9242479572306963,0.6855874397362737,0.5776225015657168,medium
13,4,6.437779560606828,1.3092246850242388,0.6587864662319,0.5980291286795517,medium
11,6,14.975097110458204,3.9470496618252913,0.34758553987398194,0.5282034435626278,medium
16,8,9.42858711217347,0.30677389070743877,0.5793204272473341,0.7138189261780838,high
12,5,4.884432416167549,1.013316002153886,0.5424815690514629,0.5817408737959333,medium
9,6,10.482195297514806,0.6750384749485031,0.6323544751714693,0.5769706385346371,medium
18,2,3.7060465233513966,3.3813207743328326,0.4437288187038904,0.5762036252452258,medium
14,7,2.6716443185751992,1.2687593753057482,0.580357925538348,0.657613189272298,high
16,7,4.749276170018101,5.418334142453524,0.48237723294442564,0.6403532189725283,high
10,6,0.8711004694570932,1.4168631328419918,0.5914309363941498,0.5788404330598834,medium
14,9,3.1272300063796235,0.8504565403706723,0.7530120400996254,0.7349326977507873,high
13,11,1.7141344558919462,0.2532997355980014,0.5453928551406617,0.7223899061241457,high
9,5,4.357751652387397,0.5469280297692077,0.5631659754252403,0.5439870082199201,medium
9,8,2.507682569681479,3.0098454253107514,0.4553576479876753,0.5660058934287968,medium
6,5,5.502546968627084,0.3502554485503953,0.7580785972963148,0.5392806831355937,medium
11,10,8.136825848477628,0.34954316523450857,0.3596938957206191,0.6346084913758938,high
9,5,12.7430700525838,4.662913735602292,0.34248947029359045,0.47241180248803616,medium
11,5,2.7323456436743236,1.8702403588276884,0.7650815225923606,0.6055480354596209,high
12,5,3.386546746898505,4.564248118775542,0.6340913372684309,0.5763899466618492,medium
8,9,5.271082442054791,2.6851669089168504,0.6829731377185053,0.6186935148175887,high
13,4,1.5581537722722216,2.6438271362849513,0.6784559319152137,0.5930656721411431,medium
18,7,4.462678094305696,1.169854953900737,0.528034956553201,0.7078079582846354,high
9,5,11.081229352574866,0.4048102430100443,0.5299865351341159,0.5382985720734229,medium
8,8,10.210472008219158,0.7748241088850168,0.4672393771637974,0.568282381373526,medium
13,4,3.012822619651798,0.0924631473459819,0.37312780660134093,0.5490091403379617,medium
15,5,9.839211913288565,1.7932919674812133,0.44181457616823244,0.6014076354504383,high
15,10,6.019381827466856,2.75018899041506,0.5013770968591024,0.7069408261023867,high
10,9,4.671207642662957,1.3821454442040513,0.701905972124887,0.6611668914636171,high
16,6,5.660533617101008,2.3435609651114784,0.7165110946829055,0.6876784791691712,high
13,5,3.2159610621555794,0.7109302489501256,0.38426735933844736,0.5671139368746887,medium
12,7,4.405473599106445,1.0617617148386063,0.40946529223650163,0.5948146470150429,medium
5,8,2.956578206911881,2.627248706012156,0.7227507491428301,0.5620351584551517,medium
17,6,4.020765337496347,3.681696277119101,0.7661222526743565,0.7036798086874106,high
9,7,5.3999530382761805,0.5996885446008341,0.5426596290938355,0.5795340021880949,medium
15,5,3.3101789973048836,2.501796102985048,0.5499571051744069,0.6183127803483144,high
12,10,5.945438835002968,0.27275376619322933,0.6959182626943454,0.7173652940975809,high
4,4,4.232028809717907,0.05216950729198622,0.6771664405501557,0.4750854913947513,medium
15,4,2.809727587670639,1.3709439591529609,0.7296278137522441,0.6417859363560958,high
9,3,3.147400899237639,1.8929739859303034,0.8345198577144264,0.5492841449700165,medium
14,4,12.457641984800805,6.279632032430348,0.5420916015814083,0.5565541067667461,medium
9,4,3.307855549512552,1.142875977713087,0.32673681225670653,0.47272818926658744,medium
15,5,7.14049623714663,4.295969704206236,0.3382158843955166,0.5640033788510617,medium
9,5,5.740946885283355,0.06602069621302051,0.4931802642383098,0.5331959148729085,medium
15,6,10.000003761336641,2.6625822469947744,0.6008302151414102,0.6474154947149835,high
16,5,4.822502213461654,1.3172668107174226,0.2555008059560168,0.5823183824530873,medium
12,0,5.699466074366691,0.3307861896506139,0.530148123564068,0.4838243834484762,medium
16,8,5.339079344330452,0.6919486060356518,0.6752078754367673,0.7304285843804492,high
5,8,5.491013542207473,0.4777224594205788,0.8321806565736666,0.5982513149185962,medium
12,5,6.689566557794757,5.348361280028271,0.22316971034175856,0.4889782002014965,medium
8,5,4.473308511867849,1.1539186426395522,0.5982247764318949,0.5319521643354486,medium
16,6,3.672769629481807,0.2577063235338588,0.5573609291539477,0.6697541436738972,high
18,5,5.141718737357023,3.50446290888203,0.7647447505966981,0.6995858640601261,high
15,6,2.3825286951131326,0.48344034334932745,0.8259245552584568,0.7069619754293626,high
13,7,12.657378635458016,2.909788681047944,0.7400664446501617,0.6636146977230459,high
9,9,2.665546140830907,2.314837726098382,0.5872616605176839,0.6170200805962143,high
13,5,8.28595952877993,0.9986189770394458,0.5568747544623064,0.5997174910455316,medium
6,8,3.6052134036713572,1.0657468091940403,0.5310640093968619,0.5491078231514122,medium
17,7,6.618580503992266,0.4932678504314748,0.8357546486112495,0.7588624773860401,high
8,4,4.800581280588901,2.2260883838767227,0.737887105150293,0.5327368318042138,medium
11,5,5.654788553164684,1.7880016902790878,0.6624796742726567,0.5855759235860042,medium
11,6,8.159304976633338,1.0959385685232113,0.7053742178536636,0.6187685864472448,high
10,8,5.4360831342203015,0.38465290383791123,0.6061799222956004,0.6286716317668674,high
9,2,8.092133525987705,3.8423499571154345,0.6072893321825471,0.4708422000557399,medium
9,7,10.989801815415543,1.174368160810803,0.5248206417754155,0.5721350072830111,medium
10,4,3.537978348351326,1.6199201627080264,0.7624168808894116,0.5716839084264955,medium
13,9,5.088506613070698,1.3496514429779447,0.5148356437870583,0.668969452470892,high
12,8,4.504943969670576,2.4314068742944737,0.7384437585762375,0.6714793725532844,high
15,9,7.394579420061373,1.8304080120734207,0.44841382964227966,0.6824800458479664,high
10,5,1.8142612523636732,2.0042222667751344,0.5168497693388634,0.5400084720892718,medium
12,9,2.236040290412614,0.2884647621609135,0.633863034329497,0.6848495084514933,high
22,7,3.1262837558509577,2.0549482017121714,0.48471600397181736,0.7232435461162823,high
14,9,9.37388937809542,1.3388487060491343,0.5621706858733934,0.6935084791343511,high
10,6,5.9817292265893345,1.6311706535790869,0.5341261867021841,0.5659507663165763,medium
11,4,2.5146205975074243,1.5573706051417169,0.5417390415789533,0.5429653376148459,medium
15,2,8.24936072177365,2.353753054902586,0.8048138229668161,0.6102710775606792,high
13,7,2.946658101210083,1.5338572619093358,0.7456675620358262,0.6739077973277696,high
17,6,8.049622019922547,3.28368989380565,0.8179101698643872,0.7166907680141732,high
12,3,8.469285542592557,0.4327870957494181,0.6960663994958818,0.5763280325941802,medium
17,13,4.091479060732338,1.4948824281798219,0.4515705429571127,0.7953482257368905,high
17,7,14.153429899410181,2.820462704066511,0.7108407435887033,0.7183650640239639,high
15,2,5.598633421642305,0.041564905733642445,0.6588644594812993,0.5964957925247022,medium
16,4,3.149148747978917,4.472511323681448,0.5539195274728459,0.6009671633366929,high
16,4,4.876274468429152,0.15383359538918823,0.669367737480858,0.6528479901935771,high
6,6,5.291963598201618,3.039124727305858,0.2988662654551025,0.44951242157564814,medium
11,6,5.645753748902127,2.8823293662930243,0.6459304491362479,0.5949705607186294,medium
5,10,5.189535269556474,0.21540493315512518,0.4846440536146595,0.5704927778352311,medium
16,6,3.036826153487029,0.15521283683685744,0.270641873398293,0.6130936224340795,high
12,3,2.386139125481375,1.1501038566730601,0.5939607405156215,0.5511247890586373,medium
8,5,4.607787531903716,0.617145191442653,0.31989144671809827,0.47986398806733527,medium
7,4,1.5762340972204245,0.46893820773399253,0.6834297386637777,0.518559693014529,medium
13,6,8.123282496885972,0.4112641204528145,0.6435729073839511,0.6409728206737715,high
16,6,7.261448202678434,4.081106672268193,0.7372227249681482,0.6802371671785084,high
14,6,3.0330521849963423,0.4667926445421395,0.5109087882290293,0.6290698066821915,high
9,7,16.15024464872742,2.3388600892141764,0.5911670579776508,0.577641011000769,medium
11,6,3.4382730140463367,3.1604550713814357,0.6961672707713402,0.6031637536783918,high
9,8,4.525394445290708,1.3091173912060798,0.6342278662380436,0.6131181239729016,high
12,5,3.1602603867660033,0.19385981455650164,0.9281829686122138,0.6643441949587328,high
12,5,2.8732257968406145,0.7904557711821038,0.5892772109121506,0.5925857370412161,medium
11,2,7.904907618099658,2.9377395413155654,0.5894151383623865,0.5032980973970402,medium
14,8,5.676789144087445,0.029823396904414788,0.7025555697459893,0.7103122913031685,high
11,10,6.664091090631473,3.3887278615171796,0.7262054855124795,0.6876495780257147,high
9,5,9.8455777339678,1.3692525375964086,0.4188772275588384,0.509647095261125,medium
8,4,4.2337131972406965,2.762639566375734,0.7389609441893569,0.5293745917286998,medium
18,3,4.105547029136876,4.004881685714565,0.5703002669411249,0.617360842150128,high
3,7,8.80324798706053,0.9770895488251856,0.7315110821660992,0.5247882861077187,medium
10,7,4.000558957497754,0.14861532978037645,0.559590127509668,0.6009272566367311,high
8,4,5.645770945669012,1.400341061440496,0.49008957726063024,0.48868230837585613,medium
11,2,11.199281360279517,7.9563337377269425,0.6710933642566133,0.486176447933143,medium
14,8,3.287127134813046,0.08335198198922047,0.6376562347654088,0.6969755670731537,high
12,4,11.623871770088423,0.43763794788460403,0.6061457575428155,0.5783115651893325,medium
10,4,3.345607571312842,0.7963052225311851,0.6411569209103185,0.5529226826985225,medium
10,1,1.9768452621528065,4.6723513180547265,0.6549699496228165,0.4698449811375318,medium
13,10,12.461685672259982,0.010999816214239243,0.6974655192095469,0.7344197717338145,high
10,2,4.359003638968989,0.9748427257934882,0.7195783019154667,0.5274167088778035,medium
14,7,3.420990673315107,1.4955780549610977,0.8184200028423533,0.7037134802020634,high
21,10,2.892658812939299,0.16538374547726123,0.6910116903669119,0.8370997797702007,high
9,8,8.03924199429554,1.2461968016356895,0.8390116575722646,0.6544943528368817,high
12,5,5.61577831549466,0.025893352293699642,0.4456422569416535,0.568955829039706,medium
7,7,6.309340540297679,2.0314652589755005,0.5211827897351746,0.5356934562205315,medium
12,6,3.369853284928862,2.234659949647249,0.8838077565934492,0.6618638183210415,high
6,8,1.70429591947345,2.3127777866929655,0.6124945279190225,0.5570803870058514,medium
15,8,5.507341768633424,1.9011051630922013,0.6590176102174946,0.7041294876228843,high
12,6,9.839154996799676,0.036644085615882206,0.7525458628301281,0.6502648786619198,high
11,10,7.345595738360888,0.19934923921078698,0.6292187028262487,0.6895147456371779,high
8,6,5.4892242494059325,2.753653720949656,0.7533273867419882,0.5723077858754,medium
14,3,9.479265783589424,3.901980461554798,0.5699663533529686,0.5579800675935618,medium
15,5,3.3277945586551443,1.963547589440991,0.6914308840968515,0.6501958595564303,high
15,8,7.06435649974715,0.39176833730997457,0.576149295424765,0.6976180701695531,high
11,3,5.516410511826402,0.13155382398805202,0.5772284692327773,0.5395686683533018,medium
15,9,8.184000968189743,0.47529463563194185,0.3573046290609748,0.673292294907982,high
7,6,10.133638413414653,2.7252646744846967,0.5311562748415174,0.5130628238050722,medium
16,8,11.027905948174118,2.941866740907924,0.6711838033919769,0.7146243157390093,high
7,6,4.7919096558946705,3.610789362936342,0.6417000305599396,0.5292680770257456,medium
17,3,4.337691082826427,5.905947813786748,0.6759409705264577,0.6108152086800466,high
15,4,6.81453800115812,2.4967891788721173,0.7210301307475435,0.632560764957028,high
12,6,5.045042989958286,5.612481231138338,0.5308212114018315,0.5687477007394441,medium
13,4,6.583383705673296,0.488212009800786,0.8366087378520689,0.6390670008384085,high
19,12,10.153735792614139,0.9984152830719026,0.8426307582211748,0.8868700497570889,high
8,7,4.326256773514319,0.06746878406415294,0.3755224117144617,0.5346546904491314,medium
10,7,3.685997079639764,2.2626711635420436,0.5502618574998619,0.5849678970763588,medium
12,5,3.7153464472047064,12.771826748928232,0.6527883304410097,0.5254121544286804,medium
16,6,0.9513690278021549,0.7247131511802292,0.8601549570345274,0.7271995703990373,high
15,6,5.640256910079093,3.5700696243346615,0.6079732184297906,0.6427941795237271,high
14,8,5.4132659557038005,6.75933500317838,0.6353875807696543,0.6520152827994083,high
12,4,1.9107070168011324,0.7137958498182169,0.4594997325815913,0.5471413075175302,medium
17,7,11.19417104309186,0.6602374286894932,0.6285747356211955,0.7163133642663092,high
7,3,7.003203121598736,2.0102212161094535,0.5782129639600233,0.46724111801794166,medium
5,9,9.972164575930472,3.2167899061290752,0.5933719790675503,0.5522291297726496,medium
10,6,7.05454863846654,0.46797541055205016,0.5497004977940978,0.5768202634884726,medium
11,5,10.337651779714925,0.9533676168001687,0.5275513668574162,0.5641544892594821,medium
8,8,2.977663835051323,1.0030723505989114,0.4445353975787036,0.562219930511748,medium
8,11,9.334156447745135,5.608240047779378,0.36559875933657937,0.57573148488212,medium
11,5,2.3011242208481777,4.550723427161678,0.7862212707330614,0.5919060979655344,medium
4,7,5.32139108896288,0.36317103330544526,0.3254002896123247,0.46265891770042866,medium
12,4,7.341480147730282,0.21977169556232765,0.5932743856808242,0.5771897324990827,medium
14,4,5.32581865584941,6.3256283403926385,0.3571737844732823,0.5192639012920389,medium
7,10,6.7180951065408445,6.979842515034943,0.6070157747203089,0.5798708715104954,medium
9,5,8.787188746082016,0.7800110698767796,0.5873557731721037,0.5472710808352422,medium
12,9,4.274646119841284,1.9409714135723297,0.5863170519839467,0.6643236009729738,high
7,9,7.7169477416319205,5.966915434423472,0.8488319334487923,0.6149869504602686,high
9,5,13.368066766909019,4.87276531569516,0.6820887576321772,0.5389326494218011,medium
8,5,9.144930647888383,1.4179916911359671,0.5661695549506913,0.5237806330492318,medium
12,5,1.9307661639513505,0.059981553011764104,0.5985427939528122,0.599308681770484,medium
10,9,10.43984109750274,0.22582234209652835,0.2883800839160232,0.5861705345025611,medium
15,3,4.6463695523628274,2.881632010778207,0.809020985350325,0.6275933169982102,high
15,9,6.131077551303523,1.343345898392375,0.43709624606695235,0.6834636098907747,high
16,8,10.917581957597145,1.2302929447071813,0.5408673602147778,0.6999715190782411,high
12,4,6.328254377896888,0.6705048571523886,0.6369367191789317,0.5829173114547704,medium
18,5,6.288560091445456,2.2255229066828095,0.5737803170709442,0.6699192440363035,high
16,8,5.684922447470936,1.259709607412627,0.4404100060920063,0.6796839371689838,high
8,7,3.4593640116308277,1.6140386880182123,0.7717957033676826,0.6035988827534151,high
10,5,6.794519396756293,0.7537093027373645,0.8084381935724866,0.6066629100295815,high
13,3,8.22349669575,4.317630817999006,0.846107387153197,0.5954372719773127,medium
11,11,3.9240305422357946,9.138219459007713,0.48608509703448616,0.6212955563468457,high
10,5,8.617847905291503,3.869379004311042,0.7243432192361909,0.5690727838184979,medium
15,4,1.9518234895271427,2.805762871525108,0.6677633976545851,0.6198475937207497,high
16,6,2.72261265548428,0.6927258898980961,0.8007739231672276,0.7155366120341249,high
12,5,4.8709913886206095,2.2012363975631697,0.698592359614947,0.6050435626059016,high
15,5,4.832798353146324,0.09731957256560515,0.5705836617321887,0.6384679351960003,high
12,5,5.644353195630676,1.9016380752431894,0.7115961993799896,0.60964165270771,high
10,7,7.22074254384213,1.110527504633527,0.5720873388611603,0.5970139510746753,medium
9,5,7.451967767149238,0.6601855547300621,0.6366210971174308,0.5579229823919524,medium
12,6,7.371100494128351,1.8910657499746315,0.6298237522533431,0.6133576454508378,high
13,4,5.466712610497666,1.7314981890037566,0.6051541587752224,0.5844875104950195,medium
10,7,4.527796482972524,0.16903806847256117,0.29819051084770026,0.5485111817130562,medium
9,7,11.616230379469094,1.9087864980757037,0.5332628145534101,0.5689273195901774,medium
9,8,5.659518851094834,2.521602588436025,0.9130369394759947,0.6607967039722922,high
11,4,7.450265661933626,1.314699873404528,0.9352328963032032,0.6232819134379438,high
14,11,1.0578778650428797,3.1204225051240138,0.45306394695702484,0.6998099726905781,high
7,9,7.162381775719929,1.9709495449655683,0.7389176169410836,0.6196438597551129,high
11,5,14.19135666074224,6.7527077546802285,0.9243848365973583,0.6048589156216035,high
12,4,3.8665573312396178,2.298310885455138,0.7101385492447374,0.5867056372792466,medium
11,5,4.183811128469554,3.340114038087509,0.6491931874639607,0.5725712105722087,medium
10,5,5.757354344727713,3.7369360191520764,0.6765247425647586,0.5603920417186046,medium
8,4,1.578435258605337,3.398127535935727,0.609984047457405,0.4993426259185762,medium
10,6,2.4548402778592235,0.1908305622865772,0.444577328690721,0.557643261989567,medium
12,5,7.132108560697265,3.3567100405642645,0.43498725869017996,0.5446193848009409,medium
10,6,6.903534024152216,3.199397397698973,0.6875721010595346,0.5861851042272471,medium
5,6,4.028741946682577,0.4276633591997272,0.4945517851778326,0.49105926797423505,medium
15,11,3.295115548434439,3.2678128334800522,0.5448623264554874,0.7321870464012304,high
12,6,9.788048378763566,1.4624009201553967,0.5564894364006683,0.6015485478124311,high
5,7,1.6570056179487154,0.9222942796725792,0.6102542657993492,0.5309022246287193,medium
14,8,5.240854680671842,0.36643757437466246,0.4367061411168748,0.6548983110608773,high
11,8,1.6634296914728994,1.5084437235715344,0.32571408042421696,0.5800865245943666,medium
9,5,6.863278309891592,0.030987632657042914,0.544639083280347,0.5437212324383558,medium
14,5,11.213769015312483,0.39442816629989175,0.6351012857959565,0.6343907360505253,high
11,8,3.8668260333419497,2.4411119753957475,0.6307745103983818,0.6348808222437048,high
19,8,9.702734787497846,0.3689979628652329,0.4885990857358667,0.7402598307280718,high
12,3,2.848867174624829,2.7157690334160725,0.794665645466628,0.5808280022038851,medium
15,3,5.51365798665022,1.7050272397997184,0.7532472455157138,0.6242826008378113,high
12,8,2.97988345949813,0.7469971385685358,0.40571845241016335,0.6161637095582424,high
8,5,6.14308988802964,2.848029333191495,0.6348479560310438,0.5279827289849321,medium
4,10,7.4519435847149875,3.7439987198688374,0.664116045880467,0.5678632177103011,medium
14,7,3.215858983881644,1.936475104903749,0.6223410989440901,0.6615583857561264,high
14,3,8.027328043256478,0.21546210422744402,0.8394525869933205,0.6364541033704811,high
11,5,2.6963624398654233,0.14779367501863758,0.36885154033500395,0.5377850169002099,medium
9,10,5.19403726560112,1.2281194733498944,0.5017754029484099,0.6271676174340161,high
12,9,10.737425111109264,0.08247809302827223,0.6058529440053789,0.680620734847554,high
13,7,6.698346846749978,0.5613357292871387,0.48079943129424507,0.6274176480636013,high
13,6,4.947840771445153,0.7170931366469103,0.4517885731120129,0.6005770937114232,high
8,5,2.1984565767371587,1.8049974642764375,0.6894823597380936,0.5458631555191091,medium
11,4,5.049970754684029,0.864993612932534,0.8308603491822375,0.6054054457502306,high
8,1,7.054044165523933,0.4545701627874594,0.8423550867237835,0.5054405495928402,medium
14,10,3.0262477976818003,3.012168916383057,0.5714001261029781,0.7041988991113753,high
19,4,8.829831752888538,1.133861901863607,0.5418811813255964,0.6658171569193619,high
13,3,2.31815266547843,4.582428650698508,0.387609970806223,0.5019724698232546,medium
13,10,4.549715333794664,1.3723243973862587,0.5289689303364052,0.6916449567513727,high
11,3,3.873933042617099,0.48750976710498406,0.7180399545101244,0.5653579257879917,medium
9,6,2.233258206765532,0.7909654373911357,0.39955171842886883,0.5296372407698329,medium
9,4,5.525516338182388,0.2542635542234784,0.5709634644238829,0.5274976025232868,medium
11,9,8.892565919814096,2.3108725561381136,0.6984533634510278,0.6692848556492847,high
15,3,5.063943803349087,0.4749405858219119,0.6346305294222921,0.6087598353123124,high
10,9,18.841216452147158,1.399533300159519,0.8208696245460223,0.684843702908141,high
10,3,5.930522199506634,0.1303912318076543,0.8400386755183835,0.5771384602249591,medium
10,8,2.1206731251794317,0.9873346838620263,0.2543299611626479,0.5542837610067828,medium
12,9,5.357626729394932,0.1388354615697029,0.6800731264713633,0.6950890555504746,high
12,11,7.307878550020968,0.9954676805661923,0.671628860255647,0.7276893208473548,high
12,9,3.455427939112108,0.6816472778109631,0.6309221555397135,0.6816401159225364,high
7,7,5.359355955247166,2.984023268092613,0.6825482491808159,0.5616161613822125,medium
16,11,5.297036708598602,1.1340283003074119,0.6599570560578206,0.784431222542848,high
16,6,6.939063368663282,0.8933451494952056,0.5895973520679735,0.6719638360836268,high
14,5,4.8273327910660475,0.7523176739037732,0.6759467674382866,0.6401739023282988,high
18,12,3.3862202931847607,0.7278351270502307,0.3944489069606854,0.7840375472118023,high
14,6,4.439940366805245,0.7955473135184045,0.7554987077491853,0.6757960927930476,high
18,5,8.111128881856068,1.1905467598172415,0.4675433618529104,0.6555716939718004,high
14,6,3.2227790229845104,0.6924217322184714,0.6317352486864873,0.651730904855841,high
13,7,8.421844345057094,0.6463440338349112,0.5083369697976798,0.6323584337339698,high
10,4,0.9150445216174098,0.71182851789012,0.5896060916045675,0.5431756948683127,medium
15,6,8.766818999852678,1.4065742754560875,0.6393237778086865,0.6634875937253635,high
3,0,5.371000832277195,1.676993408598638,0.7155133597464702,0.3769227158919698,medium
14,4,6.413856612360414,3.14890837286866,0.5260892479571236,0.5742251271056337,medium
10,7,6.588231435470893,0.8350698332534164,0.4574474592846518,0.5759223596352409,medium
13,6,7.911067824200096,1.213931475512205,0.7210562013209563,0.6511183637607766,high
15,5,3.9781994731405352,7.321090023290976,0.5104397339483466,0.5782806799677295,medium
8,5,4.9317698250632915,1.0813109951543975,0.5737144922920655,0.5275341584907172,medium
11,6,2.289329121452522,0.9626738236924195,0.7090266730806914,0.6203875091248555,high
12,6,10.859776414153652,0.7194579606235019,0.4478952838254093,0.5847826703609251,medium
10,6,3.136387343723512,0.7585905911579307,0.5602501466893692,0.5769927587301543,medium
10,4,2.7609240068224925,1.5147237576116537,0.6019094044131386,0.5402837224985501,medium
15,3,5.618114979258564,0.1618602934879986,0.5323375928796957,0.5903884499526858,medium
6,7,1.8722080006319726,7.100752035878479,0.8273222091119403,0.5481260949165315,medium
9,4,6.414413230192746,3.330894772070953,0.5948394800030369,0.5117619308534678,medium
20,4,2.7591977950341464,1.446224268462327,0.6602547743872008,0.702409459754358,high
14,5,6.1865225761419165,0.3586550921753877,0.5722204257252965,0.6220530511972234,high
15,8,4.856461257832725,0.4372864490792905,0.45704006154359567,0.6734927693148571,high
9,6,4.482177775857391,2.7883623324637488,0.37998997814172375,0.5124089134119197,medium
8,4,4.962919485227376,6.7378981143220615,0.5955596208678297,0.47419260341141883,medium
14,8,9.228912115296275,0.8963780989208826,0.6204217206950334,0.6881084901462008,high
9,8,5.496137692565825,0.2585600912100744,0.6457727390006233,0.6224308138587242,high
5,4,9.492850457398326,2.4651507850947185,0.6272385978044047,0.4640133809935828,medium
7,3,4.638568324261841,0.22467270688472707,0.6247297930666514,0.48844814056743213,medium
16,5,12.681962629427815,0.17236303114839122,0.45119508860144797,0.629089930845967,high
14,1,5.91677096613677,1.9945160514648361,0.5214435478865449,0.5209919359008767,medium
10,7,2.7508696205474523,2.8904744352605936,0.8400908595986616,0.6387483423513284,high
12,7,10.593680878803362,3.484013472582361,0.7615715603606135,0.6490875555882403,high
13,9,10.177426579080622,3.389611383443177,0.5806652842694058,0.6685356476309267,high
19,5,9.67058490010692,0.9411879473857487,0.37859855596569436,0.6544451248772338,high
17,6,8.004721066913442,0.0870929075943842,0.637434506311429,0.7019062818783233,high
10,7,3.1360161902595984,1.3473738366883496,0.577629787693842,0.5965434652941793,medium
12,12,8.291758144555978,1.1977019089678322,0.6282904398474031,0.7376734085763618,high
15,5,3.131947863287899,0.6155154563584466,0.6198326392228644,0.6448630914688499,high
11,7,7.624982153503419,2.1519169471158546,0.41636333692272565,0.5739265544037728,medium
13,4,8.022392406524752,4.254122372711391,0.45240502119137066,0.5371201884201982,medium
10,5,4.923084765228076,1.48444694868706,0.6110900545694546,0.5623216979226439,medium
14,6,8.370113909020784,1.518068916746792,0.5993664047971561,0.6397528215144526,high
12,2,3.209102076770141,0.9893745756947414,0.3660346435952653,0.48661109821442144,medium
16,6,7.429116625255557,0.17796880632995998,0.4436511487085317,0.6475437710328399,high
7,13,3.903196563426079,2.1391567613316997,0.39405135234179134,0.6295492253928137,high
12,7,4.249218433436989,2.0994435595574004,0.7499447705854477,0.6559926637200402,high
12,11,3.128914029017862,2.651758603338295,0.43497658184902105,0.6693169256808822,high
14,5,6.205254705180913,2.1874763006764675,0.7152485578898373,0.6384665362401243,high
9,6,4.799639912509685,2.3044446500143465,0.42929630302603533,0.5254962962717781,medium
14,6,2.477230018115847,5.136714558259913,0.4579118996997709,0.5873376162182214,medium
19,2,5.194459323194421,1.1955632854672809,0.8187156351638111,0.680772705129647,high
20,7,7.938511707432484,0.7060484372487262,0.4049321862842093,0.7162794476751836,high
15,9,5.183561707803245,1.7356245787097482,0.4676318318886115,0.6869555358529906,high
12,8,4.278366107175747,4.925652236139549,0.6163000272219425,0.6304223238701249,high
13,6,10.728788902993893,0.40041762764999683,0.4017752480446275,0.5926855987579255,medium
16,6,4.8114534562660065,0.08864679589763755,0.4777229180000907,0.6549536049607005,high
16,1,3.7030582743854237,0.17760822998091416,0.7547141431604356,0.6097587737655477,high
13,7,2.6679969761633373,2.7653308271542056,0.6200449420235861,0.6405734495570224,high
9,6,2.2047383286517137,3.9550067764615267,0.7776916171610142,0.584171611589126,medium
13,7,4.470402161886979,3.175347488864462,0.5300002929813311,0.6198310753371699,high
12,7,2.8411328294621523,0.4364107986435841,0.5320775737265668,0.6235061094210228,high
15,5,2.530733571914096,0.38358175502297664,0.7057148771842578,0.6635857637366984,high
17,8,4.264808644752652,4.3283473196621705,0.5202291670490332,0.6901901846120589,high
19,9,4.787975839250081,2.05314439840443,0.7007385225761943,0.7914600751925426,high
11,6,2.1365432184464757,0.6042438633658689,0.6978771537619123,0.6205471383299433,high
15,5,3.174308574246683,1.9401243260069534,0.7142480135178035,0.654915440530181,high
16,3,2.996538758354824,1.0022313326469408,0.7216033737981812,0.63763913254199,high
12,6,8.98057897271454,2.733989180862545,0.4922727898335987,0.580227963427636,medium
9,2,6.1352542989379275,3.070173732596826,0.27739987898071716,0.41001215091216464,medium
7,10,7.179170539081206,2.585887685326417,0.7252925726079019,0.632819263286071,high
17,11,2.8682014501176916,2.1608805717810253,0.7445006114752314,0.809494251816506,high
14,5,2.4853002504422896,8.925519934309799,0.8194534732815143,0.6143872284275709,high
9,4,10.758704644317527,0.07888453057460032,0.7324997930313244,0.5609740617357676,medium
11,5,2.9504170738816087,1.8849435702346315,0.39806733596085386,0.5320471767239399,medium
15,9,2.0472243557507204,0.8052708899960085,0.5879583697666901,0.7172232013533646,high
13,11,9.022270372532152,2.142015000475436,0.5610218646593406,0.7129242729286985,high
9,9,2.4024404964085484,0.5007296603093665,0.8703361588675743,0.6857290340381191,high
11,7,3.507989661782759,4.5287951698991415,0.5264072396275226,0.5800894801261769,medium
12,3,5.302629885241512,0.8805164323969992,0.35638870365185976,0.5054076311810586,medium
11,9,8.239765708830255,0.3497308359641153,0.6574358807583677,0.6741556372452462,high
10,5,2.0766373921685473,3.736363746058504,0.8845750901017391,0.6020059263799578,high
17,5,2.029331878730181,0.32145223203937767,0.3201552855067354,0.6168880422210845,high
8,11,9.988266144928701,1.294355234384328,0.5697814285939822,0.6453272508229009,high
11,4,2.5742547848646935,3.452257295037809,0.7250202398585377,0.5669889993381222,medium
6,10,6.877794208213496,2.398542946279794,0.7246603626154463,0.6189417862145573,high
15,8,1.6159099469549232,2.884918384142969,0.7019198991143868,0.7061511905952575,high
5,8,2.2899432385048812,2.813950263771414,0.5071020790313803,0.5176607473811333,medium
16,4,3.412435373907926,0.9180876052018164,0.5613866927039354,0.6261567545061084,high
12,8,11.396036145741549,1.3259478579259907,0.5498475858333336,0.6411298647804934,high
8,5,2.99826618279783,0.2433281333199677,0.5445752410060103,0.5272928606457357,medium
10,5,4.831725676946953,1.7869407545795517,0.8335800327028182,0.6048030681766999,high
7,6,3.8051166831614194,2.0290517910491723,0.6119666727113244,0.533866322601937,medium
7,7,3.7567958627816056,0.40960091423967276,0.46885327734190174,0.5360399827067825,medium
10,5,8.431449500294743,0.33862719758925347,0.24421672920455945,0.49658583119031685,medium
14,3,6.409030971344256,1.4312351701619475,0.5574581110604652,0.5719500544110134,medium
8,4,3.341095821028188,0.06292964451744959,0.7646018472228256,0.5525008384811155,medium
11,6,1.754569394206123,1.5821482140325855,0.4817177002970213,0.570795885299187,medium
16,4,4.642860254378463,0.7761100136454238,0.5112150827828192,0.6170689497989278,high
18,6,6.226669437899327,0.019019134887034522,0.9257719558049605,0.7750275969284118,high
8,11,1.0367852660272232,0.8869616630607438,0.5445963658805705,0.6430061954223758,high
6,6,4.004297828161729,4.096098445427052,0.2940705776502553,0.4415067925605374,medium
12,7,3.598717187346632,1.5524211786476854,0.7744082388614932,0.6645321732479806,high
8,7,5.425062195909161,1.8710303614330221,0.4059756726010419,0.5287215987773215,medium
11,5,3.911747736629356,0.1373757656141234,0.3247753318253679,0.5290392279276461,medium
6,6,4.5041855473468475,0.35053762298297125,0.6441400197024401,0.5364910864539348,medium
12,4,12.652526974386383,4.763465515720185,0.7293842111662366,0.5741204054617794,medium
13,6,4.403372007577113,5.418121496663386,0.30960085839832135,0.5407993617019083,medium
7,7,7.335965190578026,2.8646328431934767,0.7713615569453262,0.5801747591011087,medium
16,5,10.874221589656083,0.6090236983527545,0.6071016666410153,0.6573601753391847,high
14,9,6.2150706349317995,1.1495224790325662,0.7541080193289584,0.7331581206722413,high
14,7,5.092100613701319,0.055668673580623544,0.6084321769601686,0.6713153109014962,high
13,4,1.3651832928704177,1.1274415437573,0.7252822432529206,0.6125401716922021,high
12,12,8.707106414256089,3.1991222749685932,0.6983593968965078,0.7383443975461776,high
11,4,5.584830556898547,1.5140983891949051,0.7274488463622298,0.5803957800111466,medium
8,5,8.073216467254163,8.239192630772607,0.6836062919511864,0.5017933075184199,medium
9,2,5.166816818987769,2.6555770296110235,0.7691293863050332,0.5111220303969333,medium
10,7,3.6488644152869103,0.4209910493492608,0.696283435949348,0.6264500801942079,high
10,4,5.996062518089614,8.515934675521597,0.8151646204536147,0.5362600262539123,medium
16,12,3.4494351338067872,0.23488317520811836,0.6226145634146597,0.8029570248482112,high
15,4,6.514668156565815,1.7116671748682093,0.5561210998752704,0.6048131054759327,high
13,9,8.024209655058149,0.08048610439835525,0.5321605422186553,0.6808955344144088,high
12,8,1.346491163339997,0.0783423031144877,0.658639613692655,0.6712056407177678,high
9,7,3.1425878972393937,0.9319503637950882,0.6317191274574356,0.5951308230661866,medium
15,6,5.439730343238608,1.167901650123184,0.6059740971521977,0.6584088084296182,high
14,7,3.8999669763131974,1.7232022153518722,0.7006905596773202,0.6786500971664515,high
14,3,7.927450716537663,8.403413919965677,0.6069144331411599,0.5353601271617943,medium
11,10,10.402312468421062,0.1292340217999763,0.591925670532364,0.6825235739611396,high
10,3,1.7101488764983594,1.5670603870067987,0.5962471852103851,0.518802367795365,medium
7,3,5.081400249235042,0.13144457426062717,0.37229729236667436,0.43858316131159736,medium
8,5,6.848855988085963,2.854474268866499,0.30507807838408024,0.46198578721770606,medium
10,5,3.5560044622867073,0.8046676699003801,0.6028143339712481,0.5651984156615805,medium
17,7,9.028375868650855,2.4228073856230155,0.37957921804120487,0.6547637943707543,high
11,9,7.1299777002847735,1.0485998740333478,0.5180058947790465,0.6416105131289204,high
14,2,2.47418096777027,0.7603294035119165,0.7134052664962842,0.5876121906091774,medium
15,5,12.354657709609434,3.6989937296127984,0.4723072199799711,0.5948014857985755,medium
12,7,3.8353751844356108,0.5275469170750765,0.3596877624012055,0.5884205730330739,medium
18,10,4.994901718579813,2.219477928625899,0.7580516133271497,0.8068138031412573,high
12,4,8.698336897401855,3.8339628938294568,0.6075720546638392,0.5559546583072381,medium
16,4,8.784328596637183,0.33288179808874296,0.5549823662500749,0.6287772612627567,high
16,3,11.676553772613532,0.14761299251369928,0.6503479969943838,0.6290855127821188,high
17,6,8.468392494102794,0.3174570007246265,0.8710319895604214,0.7470900179072534,high
19,4,2.5855018657546696,6.4003134808237725,0.49377374713180483,0.6210859928875359,high
10,5,5.896594844695878,0.0788828168200246,0.39137813757340245,0.5277497420692137,medium
11,5,7.1220144746144465,1.2503826939445195,0.7644419953074968,0.6095525144352025,high
14,6,9.372165717525144,0.3269155118036445,0.689679785192843,0.665756520293211,high
9,5,1.29367265185022,3.1781181167604244,0.7842906884306049,0.5706706835743849,medium
5,9,7.084857442575446,2.0406012008735543,0.7651558728661698,0.5944271665674103,medium
14,6,2.287774085457851,0.38343905226911035,0.28714758958668807,0.5848732575688769,medium
12,5,2.313647485827342,7.419604787571284,0.4348470076546805,0.5175053696137942,medium
14,5,6.101808499539417,1.9404205293282766,0.5560420645746065,0.6082722760527328,high
15,5,7.503272417126032,0.7645500875051592,0.37899580593928983,0.5957021606044902,medium
15,6,5.505582342796961,3.403589777015033,0.6696312863326122,0.6562356587530889,high
18,6,7.979493815062168,3.055911358723866,0.4519965681792258,0.6600265712443527,high
14,4,4.538374522528811,0.4762380753172466,0.7308062043096111,0.6329863203598072,high
15,3,11.455670806434387,2.4866774787595682,0.543962898285929,0.5772147297987886,medium
24,5,7.715824726117057,2.7228410488219206,0.7490398321040767,0.7316556927620026,high
10,4,5.362004306940304,2.628159200216768,0.5740042305659482,0.5272797847784112,medium
14,8,7.556271069804891,1.1118878463798811,0.8524726664136423,0.733081947640196,high
9,6,9.51752977817063,0.5364023875989791,0.9100528713193667,0.6334345583465468,high
13,6,3.65656006639042,4.998813487876595,0.7624610888545431,0.634166794518398,high
17,11,3.56208671423021,1.0399190559614266,0.7983750034432867,0.8277422069822479,high
15,8,8.177593899413708,2.227694143916655,0.5848746577176271,0.6871236372507478,high
9,6,4.673688148845428,0.7398206841383224,0.7792190982314622,0.605911681752037,high
6,8,6.642328111014828,1.460007083017035,0.552583953126056,0.5507834100717643,medium
13,10,2.385416103952651,2.6726122521412843,0.7794118546259214,0.7330649559109091,high
17,10,8.573563782300099,0.012358900742380384,0.6293367102494073,0.7807849493782656,high
16,0,4.92569893001178,5.801906844844333,0.73456732355806,0.5482340857459832,medium
14,3,9.480486559498095,1.8986969594767609,0.780025456935654,0.6133471116572857,high
12,7,2.173539961880005,5.213374878867175,0.5432527437048095,0.5938947162151808,medium
8,10,8.736677944651756,6.935315612613333,0.5987645151473583,0.5935174656120494,medium
10,7,15.599683829997964,0.9247633400067075,0.7162867220638209,0.6270922554793861,high
10,8,10.680723407555604,0.6767809067518639,0.35204397692409567,0.5758969226731401,medium
14,5,11.317944522286354,1.5730938411855435,0.6316065866732703,0.6258340250600838,high
11,2,10.154907561506631,1.6927594620999102,0.5963325360091211,0.5129814441211582,medium
10,8,8.547240178190773,6.303638183376017,0.7890347576808058,0.6257826969803211,high
15,2,4.162495844280629,3.1883060786206245,0.7701907123587322,0.5977827686142756,medium
13,7,17.038444201280537,0.16643915230027376,0.3473885873080805,0.6033681231129476,high
13,6,6.176095238603947,4.088630443550796,0.4177083605937165,0.5712841358284046,medium
9,10,3.6937853117577135,2.288672128998688,0.5419353690281222,0.6281292596122998,high
13,6,13.437581058814517,5.179382271040003,0.7741489101695463,0.6353005668936427,high
10,6,11.12480759881436,0.27016486152974756,0.6862221154963913,0.6054433240224133,high
11,4,7.354032683960686,7.832043311330945,0.5786251070786348,0.5085113993401873,medium
7,7,7.108202575369771,1.040135222756047,0.8313847864271295,0.6043427224670522,high
8,7,1.6515529102979445,0.8963216920860355,0.6258214386973489,0.5791888097922295,medium
14,9,2.0601227168075495,0.6182465607408736,0.6925979879067179,0.7243979538430712,high
24,2,5.799469225933883,0.9730810538698056,0.6459637607107419,0.6627055451163497,high
14,6,1.0224178293008914,2.6493785801583085,0.6274453379091136,0.6378265437141006,high
9,5,1.1409239446241153,4.974849117015958,0.34316979898194633,0.4704682990162829,medium
6,12,10.599950616912846,3.2902123968354524,0.6218866478985555,0.6324425802674748,high
4,3,12.38426979208628,0.15100037969388547,0.778088787383394,0.47461108827871956,medium
9,7,4.272299652257262,3.399139794456582,0.681400136292866,0.5886190952955294,medium
13,5,2.825474878396256,0.34125868737445547,0.4405932978092613,0.5808436016460226,medium
9,13,4.373543893355035,0.9416105837249925,0.6278332103196089,0.7142892381724218,high
13,11,11.145263045206045,1.8554734086663893,0.6013303642871963,0.7228962501329966,high
16,10,3.844945403878747,0.9845435332827309,0.7893053368942026,0.7912974438236223,high
11,2,9.353356968694243,0.8767141855001992,0.47673889250657886,0.4945030172646478,medium
17,5,6.237689537249052,3.3343454645040915,0.5327792376117675,0.6393268777589929,high
8,6,7.283757489433707,1.8610875857060911,0.6766861298003445,0.5629299753886949,medium
9,8,3.4543613784984926,0.23537200565806152,0.5087953035201102,0.5951899139996351,medium
16,3,4.044383676470191,10.534569224706999,0.6225577904564682,0.554281096593247,medium
12,5,3.5710064182005574,1.572806982033275,0.6115273501251035,0.5918200901447989,medium
20,10,2.735432199397197,2.2919509033093104,0.6215078280503916,0.8090218929213496,high
10,7,9.016290620996353,7.0639294170202795,0.8577893828004347,0.6144650137799518,high
7,5,1.8673634702148585,2.866618865951659,0.7409282305048792,0.5340748536612981,medium
5,4,1.225937339288415,4.035328344547535,0.5239989537940194,0.4328976017951537,medium
14,3,4.650120279257546,1.7083871860984994,0.782724049221502,0.6151555619369771,high
13,2,1.1399995413101396,1.012854802825796,0.5138082207385186,0.5310092787955318,medium
7,6,1.002007654394789,0.2789222147824448,0.8097642205719902,0.585093362682515,medium
12,7,5.11501809943216,3.362147556620218,0.403927801517892,0.5783712432594436,medium
9,9,4.9184231381903,2.502324379531934,0.745377970176523,0.6473934315050918,high
22,4,6.0519223288500275,5.319615844246064,0.3566341530103338,0.6158627249737597,high
14,5,6.900369215282032,4.673184763071035,0.7916385719745339,0.6371731493077666,high
17,7,3.3117515914861753,6.738147002898594,0.6537115635858706,0.6808213326978503,high
10,5,4.782852044185319,0.11768531561449778,0.6260644309506057,0.5744283174193578,medium
9,6,5.901978527155594,0.0830348691117537,0.6547263847555201,0.5853917111570257,medium
9,5,7.3827019034278765,1.031219623107218,0.576273207959391,0.5433798441044968,medium
17,4,13.115322069648336,2.2751720506974586,0.6749109462360685,0.6548143755758974,high
12,4,4.438724637070983,0.13658584468065527,0.42280648974850416,0.5436507256518298,medium
10,8,8.990500880500743,1.0276447700694347,0.3349215356055729,0.5701333419873184,medium
16,7,4.31586144945439,1.2106989338702614,0.5706377780342003,0.6860562293810384,high
20,6,5.263683767441153,0.9522231506743083,0.6245206082222345,0.7385559673066182,high
13,8,4.282156847548398,3.637963191367977,0.6615352286337921,0.6630539577843052,high
15,5,3.1172368323184103,0.5831406970432471,0.4432889860575662,0.6097701925645582,high
7,4,4.066050117835543,1.1427595493886138,0.9000970687183669,0.5574010167477493,medium
12,8,4.655581286553167,0.18318958412145453,0.4724317226535794,0.6332650806365728,high
10,10,2.6069557894259834,3.0636050514746205,0.3211836693249725,0.593812700188497,medium
9,6,4.9915485357305265,3.1984174358074027,0.5585527784290677,0.5453877727804309,medium
16,7,2.7673014032000656,1.0435943012680085,0.7196383549646824,0.7169703756511497,high
12,5,7.947369998508827,11.051892720115323,0.2833168069418303,0.46298407658759727,medium
15,9,2.9978799422674536,0.40070894777611715,0.5945421176567232,0.7212370305461706,high
14,3,4.632021887743919,4.724440513140694,0.5167847045794655,0.5418606708282885,medium
17,4,4.014329732096748,0.8239956381752415,0.5907698171534997,0.6476606591761983,high
10,9,10.741138524810959,2.773925020001786,0.646384769781477,0.6407841204896167,high
9,6,6.475285324779753,1.7131548295905423,0.3142877719634379,0.5064365221954173,medium
7,6,5.619643459944531,0.2484897222875111,0.3004892573207885,0.4834412533155743,medium
9,8,15.541659103140393,2.7883724147635878,0.6677923105456223,0.6099693126773673,high
16,4,3.8993158179721306,0.5584628022010617,0.3199571312182884,0.5802683408956507,medium
10,4,1.85194634202234,1.5664806627119943,0.6514419363891367,0.5498451828597474,medium
12,7,6.907117076083712,0.11299190540167921,0.5805588220386277,0.635358485038381,high
7,4,1.5231332293418736,1.0845728568187833,0.5231439211478232,0.48239829851743943,medium
11,4,5.570900045644613,3.961818356466534,0.6396568180195514,0.5465192412274668,medium
12,11,4.1023579655567985,0.18680191493887252,0.7091490156132314,0.7405844570230538,high
15,5,5.47488933009656,0.26239919971101555,0.29767350952815735,0.582785373907558,medium
14,6,3.1705733287942683,2.084521909309311,0.62992259942861,0.6420877071569933,high
10,7,6.805106296579962,1.4385581124184474,0.3265281428900765,0.5457152411618923,medium
15,4,4.7238096184913605,1.714164336855056,0.7968728170818862,0.6529468011706769,high
22,7,14.219678122913233,0.5771374643178655,0.4176437878955142,0.7196811744836503,high
6,3,4.3299878289478535,0.33130423702640105,0.6248669117980585,0.4727646874461024,medium
15,5,2.9141607944734043,1.8147414942113036,0.6342550407392205,0.6397527315197687,high
10,8,5.703033177909431,1.1506738911883005,0.5401562697979471,0.6103600946850009,high
15,6,1.3246449461164793,0.5339936341907275,0.47739593754504356,0.6369192299477372,high
6,5,2.28423531571668,1.9758505795073393,0.6999964326741874,0.5168269493381219,medium
11,6,11.924861107267976,5.683495184269171,0.7014410276844364,0.5873982376417595,medium
16,8,18.304996292500988,1.74283016630703,0.5042331558382064,0.6892277633922611,high
11,7,6.122564606755255,9.762655531532703,0.6889924035699494,0.5777141105037719,medium
20,5,3.0104662338689536,2.433267284217943,0.5541464776176468,0.6946075136287431,high
11,5,6.330775732583175,2.764655562519582,0.8278998425388472,0.6121489314243056,high
16,8,4.128630334169888,3.079265975063456,0.7955407841671532,0.7385797169996744,high
12,6,2.3518241633842463,0.31226280527353584,0.29905093163868113,0.5577284342925793,medium
7,9,1.4694608515831806,4.752589943507864,0.6743049192402037,0.5881770508913217,medium
13,8,5.15816951413302,2.4804321386889128,0.5873880040727726,0.6559413865566284,high
10,6,4.892139858019111,0.25488694577203524,0.7561354923432282,0.6195278521634988,high
10,5,13.303842533232562,0.9785608743355839,0.38476516455898513,0.5204292937495598,medium
17,5,4.290564574202505,2.0304495190568566,0.5486234492916552,0.6511883597312853,high
16,9,5.380065639617684,1.085929036839032,0.935539766476786,0.7998684263830971,high
12,4,2.7330678760353226,4.428755992992764,0.4521640185665692,0.5209077637600288,medium
16,3,5.696289040273158,0.22544824499932928,0.6070099484721859,0.6198990013944417,high
12,3,3.3481482669852074,8.308332716093524,0.522587360909591,0.4891285874079614,medium
14,4,4.904512981427333,0.9118646043846218,0.6798376504317033,0.6198884327237766,high
9,11,2.8331269718216374,1.5669193799321606,0.2584106909659368,0.5962360089936396,medium
11,1,7.457422359221598,0.6873097965431497,0.7321952426537652,0.5268569832204654,medium
14,5,8.05948401509145,2.5664605867049346,0.6330583201502463,0.6195019267853498,high
13,6,6.980403845719739,0.8980772558856351,0.3933152418520273,0.5876758666645013,medium
10,6,9.095655412761229,0.2380880547838637,0.812622351130283,0.6309372165274976,high
15,8,2.4578995008243485,0.2948619436035697,0.5327375708994038,0.6895817678891903,high
14,12,16.431508362278965,1.7867661462379631,0.48508555747894155,0.7351053371875351,high
5,8,4.138066491013179,2.405695193620633,0.5313717331107527,0.5252363786646796,medium
10,8,13.71465571696122,0.14538287183022072,0.5274292321279098,0.6145166272800472,high
12,4,8.76147731420605,1.0519583261554903,0.80525683194317,0.6140383108809307,high
10,6,6.900732657215002,1.030142114491188,0.6777872018467267,0.5986898262727375,medium
13,5,0.39172626979075115,2.976098667618523,0.6259316995223808,0.6003456821203527,high
19,2,6.205152139804142,0.7812618024722267,0.7390120926378946,0.6675940065110973,high
15,7,3.93513667939831,0.5392172728251433,0.2966896111075189,0.6207431404026695,high
12,2,5.812311887027073,2.525391733126765,0.4130569976662993,0.48577545464574806,medium
18,8,1.6787492454706041,3.4043801505480036,0.5366577618499706,0.7146356846996742,high
7,4,4.298691917087467,0.7232137845942573,0.3884151712299646,0.45786160901536455,medium
15,5,2.3013969208336373,0.06348653047619705,0.4859237184535888,0.6217615001542097,high
15,7,3.154099202697843,3.873058252829975,0.5054606920472041,0.640271750057241,high
9,3,4.2113686658056135,3.7114486307614585,0.5812794793496235,0.48651290499818167,medium
11,8,1.5807775774928265,3.9582591937802234,0.5411426857491178,0.6068401425246222,high
13,2,2.4631104358054237,2.7879380690661493,0.3812973633174937,0.4926732188697245,medium
16,6,3.3637657584252794,1.0058492973862754,0.528156814994864,0.6589257010163977,high
8,3,8.653146753414918,0.5172131785032422,0.5919355216807237,0.4949390164794565,medium
14,4,5.419837684638646,2.686228151436717,0.43089853884695456,0.5582715200931461,medium
5,4,3.801540399765218,1.4209235772256594,0.4854836843267848,0.4426239130171859,medium
11,8,6.968839224779764,2.0030807621958493,0.633670970389077,0.6383803223298431,high
15,7,2.1347232484694763,2.687109413185318,0.5515263260133256,0.6573912024480963,high
11,6,5.126656115948732,2.3590359096255744,0.8730200824784686,0.6438771104315233,high
12,6,1.686581180215453,1.30898655332604,0.5407130343771491,0.5994160298532563,medium
11,5,3.8176908498576556,0.1998412861175306,0.9311106371256901,0.6498898521843545,high
12,4,4.500021556688916,0.41684045106850426,0.4096369676012151,0.5391484571797863,medium
5,5,4.844803320435882,3.6259824763196806,0.4295600993146336,0.43673880335412885,medium
15,5,7.780936985188816,1.459784939596718,0.6292517236380464,0.6411184451302978,high
15,7,0.8544326963778632,1.47439217849591,0.5224941872376654,0.6596695562575603,high
7,9,7.297686501355301,0.6155350362832059,0.4167376497911218,0.5642439630496696,medium
10,9,1.4422739514871286,5.361129470642157,0.9032771181499357,0.6749145604923728,high
12,8,6.299778453186693,0.0015524614344045967,0.7453803110782969,0.6890657124727634,high
11,3,6.5193347907464805,5.247475538643109,0.6542256798246258,0.5208619657073045,medium
7,6,9.34758171553095,0.4308192891039671,0.7235892807859755,0.5668457275631686,medium
9,8,3.4617743469471045,0.4777410553733531,0.49770902454496985,0.5913568645398384,medium
11,10,3.7904958787398546,1.2339513173604455,0.5134129083679904,0.6594562395578618,high
13,1,5.960498291265125,2.88850674010027,0.3830874621367182,0.4723607808266752,medium
12,7,3.887050347196201,0.15065861479870482,0.8987729745793429,0.6987502041505438,high
9,14,2.2046602060921234,10.88873963633835,0.7941645410582676,0.7012413106360645,high
7,7,10.803743648845344,0.42595333462175883,0.771794034779041,0.5965191180583298,medium
10,10,2.2689219278415433,10.638579492571647,0.7459553928088202,0.628267215277953,high
8,11,6.109505875436594,0.7619886213379845,0.680634810561496,0.6710470379700461,high
7,5,3.815536809819008,3.6684512222021763,0.5529194689115483,0.4911275523009618,medium
15,5,5.955107109471834,0.210087245660995,0.53249226259478,0.6300978708812159,high
14,4,6.53926030017899,2.540399139683945,0.4860999588786305,0.5702839975111664,medium
11,5,4.988769520070045,0.19541774034225862,0.8641589064199909,0.6365289963483832,high
11,4,4.077543307172267,2.0770003754384834,0.8755217049565833,0.6062576718217267,high
12,2,5.692895608020422,0.3108437152525701,0.20307353718261653,0.45854241600150614,medium
11,4,9.885943416752843,4.24910285594059,0.4571448792816911,0.5081016234834009,medium
13,2,10.457246868789298,0.7624185140407693,0.4051578468113433,0.5109487792686636,medium
8,7,1.9911073045211227,0.8656134904463879,0.7399611506514204,0.6022214735273081,high
10,7,4.575754065646826,1.2355129742395317,0.5755372809692585,0.5968707030322549,medium
10,6,17.84781603095962,0.38798977698355036,0.6374195709011742,0.5948973156670112,medium
12,10,11.523336028295775,0.4950883105963952,0.5839695197849122,0.6934933152196732,high
17,7,7.7505902304149945,3.3270476316093096,0.3454622057841823,0.6419121236127744,high
12,4,6.632614153666809,0.646938443701036,0.6608977204303561,0.5878666211280643,medium
12,6,6.053097527600589,2.142413420448591,0.5284565672230631,0.5914085573082887,medium
6,8,0.9862368170697599,0.6675869872046719,0.5050559467039616,0.5465606094260945,medium
10,6,6.105092726691735,1.2381501552430751,0.6822570409463931,0.5981970738209914,medium
8,8,6.486574189576663,0.9967530343391133,0.72283920602752,0.6179228209765767,high
14,7,11.205247953039143,1.4790844469037114,0.7041210977414365,0.6809636565689292,high
9,7,4.349265966627005,3.398332857622345,0.7411587866955328,0.6005762049549577,high
10,5,9.563618786680122,0.8178706589052226,0.40985377000899414,0.5265182829424307,medium
8,7,8.549828673773408,1.6688037362367962,0.577675155857117,0.5644096729298448,medium
14,5,11.41788237570968,7.733646923513546,0.5291019820801951,0.5642627502592821,medium
7,3,11.654186545502,0.38311892151396704,0.6791237236982772,0.498270618596229,medium
12,6,11.594780763582051,0.19818519702922555,0.8402963731559618,0.6667380399843309,high
18,6,2.128195643039417,1.0632247209151233,0.4747876305390708,0.6778693613017134,high
21,6,7.254139384306942,0.8147529398981398,0.7747207383851363,0.7695124614110396,high
10,5,13.541405792601807,0.7744398966078366,0.514061947018516,0.5476494567596509,medium
15,1,6.61092228758368,4.729065690883629,0.6228689960713529,0.5380466946083797,medium
11,7,4.413619304359997,5.0756654202014975,0.5164947114589479,0.5744611728237796,medium
11,5,1.3957349972630286,3.3529888758580624,0.7215439671006671,0.5869555342477464,medium
20,7,3.5829532778922264,0.10190882635662113,0.5600346894989138,0.7513275457240719,high
15,6,7.389931128642002,0.30256984458680464,0.6917704416350248,0.6813369560297595,high
15,4,7.111921745289809,2.595181398785765,0.597958963982737,0.6072905834713089,high
13,7,6.651722075276734,0.6221951012623153,0.631749453997955,0.6572019234578422,high
5,7,3.225600668033858,4.086809868471375,0.39008250301900943,0.46577110148065937,medium
17,5,9.836320087832199,2.1507204944501592,0.5388246537317539,0.648426794116683,high
9,6,8.707233621395561,0.9180200089955262,0.7347870186790608,0.5958372703425088,medium
10,5,12.889047088500364,2.1078114825163587,0.629512068940836,0.5618503372380582,medium
18,5,4.994137044879718,1.5722788072106622,0.7333872225135468,0.7061955857879716,high
13,5,8.977560572530946,1.4186188986376322,0.8086202512245492,0.647266590920659,high
9,6,3.308897912895813,2.942881309787814,0.8124295716752379,0.5978667056031288,medium
13,8,3.8531374645783494,0.9429543961324072,0.6687809492120248,0.6824698272015223,high
16,7,1.5354323613316003,2.736926846237647,0.6094580835244778,0.6836454377299779,high
10,8,5.376635926740069,0.10058300806630091,0.606330312063581,0.6305955090256076,high
12,5,4.007888260738968,2.5470012711258514,0.8060127867302191,0.6242225488718715,high
8,3,4.920169208391782,0.7243371813845487,0.823474655911437,0.5398660166397238,medium
21,2,8.083792367644264,1.6919083595498772,0.5469486605815412,0.6381103430526425,high
12,8,7.054440376428507,1.0329469623906482,0.4528147331261465,0.623676633542625,high
11,7,5.736075852319008,0.06621008382398794,0.7824578977928622,0.6610501789997458,high
14,4,4.650941531023829,2.4766990599179226,0.445815981639018,0.5626518692616841,medium
10,11,10.313832887987786,0.6689217164924851,0.6525577266925698,0.696052067228564,high
12,6,6.988982583487447,3.044961497347497,0.2157201708386624,0.5228442908520825,medium
13,6,1.9924216067080078,3.1343734659364473,0.3898970049278347,0.572083577879324,medium
10,7,6.60183209994736,2.179755106719265,0.8376084564505747,0.6429899905786531,high
11,4,4.21904526304554,4.154765177664695,0.559976329657046,0.5292968314136446,medium
16,6,4.353107403356881,0.5178407366520742,0.5691871579348063,0.6703851600092807,high
9,9,2.1435915645232777,0.46148690107006357,0.5306712070263508,0.6180576620648031,high
7,5,2.4175161861185956,0.3355824922514549,0.6658614489945578,0.5359350731839019,medium
17,3,4.140959763599405,4.880685972748671,0.6771943990642418,0.6179009733278573,high
16,6,8.381089730985163,0.018022359130498402,0.8081489334969177,0.7215096376385136,high
6,6,6.604137472254619,0.3312688530391319,0.6687368320933675,0.5415389073984127,medium
14,8,4.428847763682489,4.9037203593212295,0.6857311778885709,0.6744547665155727,high
9,6,4.203993843412993,0.4104839464237562,0.6011861616557962,0.5725006726883342,medium
13,7,7.896218071504929,0.5232208535457347,0.7973611171138959,0.6909840843991409,high
13,6,10.52227950438448,0.7242997048101363,0.682818250027295,0.6467349853067248,high
13,4,5.4895629162343695,2.320241890437148,0.7313306448506243,0.6057978497005438,high
10,5,5.570199836849348,2.709168194367941,0.36897637179361165,0.5057341530629361,medium
13,5,9.382796752791464,0.616510358692189,0.31543644309705243,0.5539772195614625,medium
15,6,11.78794976107698,0.5644273056163296,0.5666004280599994,0.654557236907891,high
11,9,3.9961234707661366,0.46216412026119164,0.631111973717942,0.6681413006085138,high
6,7,5.442568478943518,2.235080982329012,0.38539894104068667,0.4921792483259439,medium
10,7,3.1613233394425535,0.10329109463602693,0.5141505904280539,0.5921415107880372,medium
11,10,1.751620342856449,1.6739101312342508,0.6997261073311997,0.693785820591345,high
4,7,4.185441901093128,1.1986794788758257,0.6914324733652439,0.5302952981472099,medium
13,6,1.6954208260952965,3.3705125476795357,0.7703666907581063,0.6466032545004243,high
10,5,3.5313511787375416,5.276065173516842,0.484322459904823,0.511690724157519,medium
11,3,5.986121152997069,3.848005330953024,0.6115796045158289,0.5216625520301457,medium
13,4,7.184195642619871,0.5166189098939628,0.7587894025669039,0.6233137544474211,high
11,7,9.465023430156371,0.27741943722434736,0.7971600748545539,0.6625825520560817,high
14,5,5.019279519017831,3.232657675287538,0.2596554405591964,0.5403800369432558,medium
8,9,3.2803935794353394,0.20901242632394032,0.25785486718991557,0.5501775572624902,medium
7,7,13.664568702172623,3.341697057484461,0.6301165621665771,0.5487453320500857,medium
7,7,5.847650738635993,6.0985292438895975,0.5775817536414781,0.5198594891023649,medium
17,7,4.085415510600661,1.9764085533718627,0.8054338482283713,0.7429107126231952,high
10,8,3.0182606430050214,0.6656550959010121,0.5911231987229371,0.6237869391052473,high
14,4,1.7608642531240588,0.8319234360059778,0.5975587831248688,0.6039656003849339,high
7,5,9.038225578474572,1.4704411167876887,0.5206794240594269,0.4993329440333008,medium
19,12,6.690058828761302,0.7001274225002269,0.950272402585348,0.910386964367068,high
11,3,2.976770431733928,0.7740786960091252,0.37111519690061756,0.4940625147400627,medium
15,8,10.58689898869468,2.6439248924799945,0.6249799609399411,0.6923698262381217,high
11,7,4.536862297884841,0.08642145574705642,0.47106601390247727,0.5986370597421818,medium
10,7,7.8396941689771165,0.1016367989595561,0.7960553572099311,0.6485334927822558,high
13,9,8.862845183919404,0.19357233665682663,0.7538152117968027,0.7244725601149817,high
16,8,5.5745589691361275,0.5812303963770885,0.6012943733349895,0.7163840053578173,high
12,5,9.259347994258775,1.4115126767606332,0.559500720476528,0.582490059583568,medium
7,8,7.209732810668408,0.6121200926570516,0.8970864587482574,0.6403364911319378,high
12,2,4.697066995899068,0.13109920625042942,0.4685257849309701,0.5128311622778579,medium
18,5,4.90595962424748,5.535264976482723,0.6764571915805375,0.6683896718062228,high
5,5,4.0866037615762005,5.994482204204601,0.5106928922481492,0.4371753637549325,medium
9,5,6.448729105914208,3.9792563442695856,0.4048947303336194,0.48945057043825996,medium
15,10,5.091190381041704,1.1698222018216815,0.4335914982884946,0.7039194849788877,high
13,3,0.2581312507021427,0.2961950563340175,0.8409786161322692,0.6212210895175604,high
10,3,9.612653095655977,3.1733897270509037,0.4772509016044109,0.4842942488072095,medium
18,7,3.0130138644950937,8.541787184989627,0.3356878542446655,0.6201923229490024,high
7,3,3.673530842142249,0.5747142337826047,0.6419748332009785,0.48956353841497835,medium
17,8,8.62509903292286,0.4998647135880374,0.3832252485616459,0.688312618288409,high
13,4,3.3067545219128656,6.729000577908605,0.7504516697614242,0.5802303300995608,medium
9,11,6.808161221094858,2.647229956395008,0.26563499524309453,0.5904787993393189,medium
11,10,4.963112495156372,0.46844437270141226,0.5811827916734805,0.6781135958500201,high
10,8,4.569648529443597,0.15862819794835126,0.4693819432845493,0.6028188673372541,high
7,6,1.763449687128177,0.939153952780466,0.3994453492335445,0.4986280434948391,medium
16,4,2.3744247909159744,0.08427571517733196,0.796894148364208,0.6788169915716593,high
11,4,5.782712170300891,2.0351938902930153,0.6655423613613494,0.5645405130036497,medium
9,1,14.335880888367441,0.0965699433214811,0.6451119905176791,0.48337859848139264,medium
12,9,3.0674490994245667,0.703674871196833,0.4454950037249894,0.644407834937019,high
5,6,2.8190707309145204,1.3620000800549823,0.7718983286715838,0.5402996652006169,medium
16,11,7.413641607441594,1.9777092934383262,0.3856246649108767,0.7239402043592532,high
8,7,4.275308044371654,3.3961842266601834,0.5224063969620477,0.541840051214675,medium
10,9,7.37032757639262,2.163334211752542,0.7005990130386052,0.6556975745293707,high
13,6,4.122180749722368,3.6090610162782126,0.38780767530571825,0.5685011282859556,medium
12,6,8.784712448177618,3.0537156863017354,0.7069661557939708,0.6210351265834493,high
14,4,5.315451109012786,0.3245990624228321,0.6614916076826701,0.6201343277870485,high
13,4,9.667262549484633,1.8126077785562438,0.6554746361315812,0.5940108753692747,medium
14,9,5.899578671330492,1.5800493417111223,0.8339770612564087,0.7462617499732076,high
7,5,16.21242560977929,6.168618322815112,0.5472033543790832,0.47331654872371587,medium
11,9,4.353346567419918,0.8948575758267441,0.5514671701793562,0.649327716863693,high
8,8,4.477646421612076,0.29866718924376523,0.4665900556267715,0.5713268965303959,medium
16,9,7.429018192453514,0.5767996392843447,0.7032252494880683,0.7567997189690514,high
3,5,5.16145655930981,3.594572153692305,0.5986477009482569,0.44076572583170265,medium
13,4,7.974173401643851,0.9370548165918733,0.7239610039534273,0.613545168680073,high
17,7,12.491235196470644,1.8919162399187242,0.8000093064899985,0.7423890863652083,high
11,5,4.582948778645272,0.7511060478099468,0.16785980861869373,0.49356458807167247,medium
14,7,4.011618855047033,2.1521415952524467,0.3795305949941108,0.6115585083638059,high
13,5,3.8892423206599087,3.1327654541054812,0.35632775749475026,0.5453804484715802,medium
10,6,1.6723643590422024,5.192722811632915,0.5536134250863671,0.5461045329397207,medium
8,5,13.63163257951603,1.6360134449685686,0.49483834135329136,0.5080609119708678,medium
7,5,4.458197282224708,1.1519491106783626,0.6654198306667727,0.5304043053954988,medium
10,5,2.5706401747210315,5.394453593739287,0.7543871985929506,0.5649144157603282,medium
13,7,9.5576964014821,0.6313498390452792,0.6096546803881844,0.6527219371506683,high
16,8,4.593663545984406,0.44296160012626395,0.7148146627961575,0.7400098552250565,high
11,10,1.5387338269996864,0.6332988853582957,0.2488922882333623,0.6105564650776172,high
10,5,8.454949749104971,1.819821694847515,0.7660400740890367,0.5910758701854906,medium
11,5,10.27115610276336,1.4850470817625903,0.5364660250329482,0.5623928911281724,medium
17,4,6.696587945683978,1.1633869818572227,0.8402272522176706,0.6952895372311526,high
11,4,16.716259275468705,3.214662559780459,0.6713350615540384,0.557835928578938,medium
17,3,4.000239930915848,2.0443107533157714,0.8096152696240567,0.6632943155693729,high
17,8,1.8438365291216405,2.6629380202006727,0.8250951753463142,0.7622661149345917,high
15,4,12.122679427524071,0.36342872742376336,0.5276278462246994,0.6081027110621149,high
16,4,3.6197468381582945,0.3198728649526387,0.7000976985182947,0.6578870539373081,high
10,6,17.191866961890106,0.7290942455639088,0.394080268373928,0.5439554253710263,medium
10,9,5.563557134039231,2.13245281075052,0.5006437371735695,0.6159123953630438,high
5,6,4.873162900205226,3.5422231953912333,0.7517212493781872,0.5217294285730292,medium
8,6,3.5091088879790613,2.0258287580641343,0.46195729037798766,0.5188859330218366,medium
13,7,4.435502281138452,0.797379668908377,0.4276696962127476,0.6152180747831603,high
8,6,5.897244605744412,2.7673961218913905,0.5304178813469781,0.5276342687901197,medium
9,8,4.051021237700356,2.0299075899232424,0.8829089460460308,0.6580490719430513,high
10,7,6.953380103445395,4.143626131760923,0.3823539149199548,0.5388466087722514,medium
15,4,7.871936127969262,0.8495961059329133,0.5811499231880619,0.6155660105980596,high
10,6,9.229372839727075,1.481017823285056,0.686824008449133,0.597491349534593,medium
5,5,3.965973319793658,0.018903695728760665,0.5921398457530157,0.49330194451241144,medium
11,5,9.247544305207644,1.097120523037939,0.7923752830239454,0.6161609197845362,high
9,10,2.561672593497514,2.4943185878168928,0.7541061089771023,0.6691924312099745,high
16,3,4.620262727599018,0.6890045892762295,0.6217785537034903,0.6197623468121899,high
13,5,4.467845448746806,3.3535970526677876,0.4343457611697363,0.5595118385494953,medium
5,9,5.926973621616563,0.9841792249856376,0.8042867240832822,0.6092961499834189,high
13,4,14.413397195317582,0.19052046026867378,0.6572597531500274,0.6051818142282144,high
8,3,7.37966844716923,3.2918526759309006,0.7762070087443828,0.5132957172426706,medium
9,5,8.192923829773516,0.3849903789853681,0.4686318503813837,0.5261597675497076,medium
18,7,2.6705633965477427,0.4407153992796853,0.8147585388447717,0.7700136051070898,high
15,8,9.376776059183445,0.23989343374319802,0.6116849091884246,0.705737692279397,high
12,4,4.916587794800606,2.2208038278855637,0.7025470164813917,0.5857040444437079,medium
14,10,6.568437623439978,0.5283416011204458,0.4388926390382737,0.6942562504668518,high
9,5,9.367610630107702,0.2901168282412326,0.5848944751030101,0.5500447828323272,medium
8,5,4.158703363043688,2.578443481928583,0.7582599587457405,0.5544623685362908,medium
15,4,3.958016923724634,0.11929107118685442,0.7620567592636599,0.6566160780448197,high
8,8,6.496855213321546,0.2644091201651742,0.85972966567185,0.6501832056666023,high
12,5,6.11726451197085,2.48925437073559,0.34065239486153454,0.5315354498340696,medium
13,4,4.370789260206239,7.720540217806939,0.31370715057580995,0.4862711619964491,medium
11,11,15.972951127693946,0.2412333230052562,0.54045688326089,0.6914831544988097,high
13,7,11.802803179224703,11.934973499953177,0.7533428619849836,0.6061020823973089,high
15,8,13.793272640132274,0.48923588166534865,0.690242170502791,0.7197868615561226,high
10,8,4.951427791065733,3.4374733876679784,0.8344132547649289,0.653966161701866,high
8,6,7.951181063224141,1.3539174294551382,0.4906786832108265,0.5291096204457978,medium
19,2,5.853673273156223,2.425400580775107,0.8215252190756741,0.6731357066099675,high
16,6,4.080967046402103,2.9640916900736487,0.2620892857993758,0.5926572458927175,medium
11,4,4.803752999818651,0.1261732404277396,0.6760903525905021,0.5793769155819155,medium
3,6,8.084243988617452,3.2244839061374253,0.6646601621188033,0.47643547304951117,medium
15,5,7.15165213038576,2.980070339861046,0.6175677073036269,0.6286464058616517,high
8,4,5.755591020679575,1.6246016547871398,0.6144866319408656,0.5120666486895922,medium
10,8,5.8276402613486455,2.4726087988342176,0.7551684227035927,0.6445496258818237,high
12,4,5.758073713791441,0.011192488683268088,0.4968812818798309,0.5593016397847443,medium
12,7,7.23142169071115,1.4732824848887573,0.33096966933935906,0.5763720506352801,medium
10,11,4.89641427716143,3.6949213687096947,0.580534467784353,0.6614740844321394,high
10,4,5.67325707971655,3.6785404197171534,0.39538600071857466,0.4845535973456006,medium
15,8,4.875128984186562,2.062365198476345,0.6019633469020655,0.6916435680572375,high
12,3,9.2807811776377,0.4262356723319483,0.3456541463805468,0.5062892581272297,medium
13,5,6.984229651864767,2.9052680704130696,0.6456890434266394,0.6047693548825741,high
16,6,5.24169458007771,0.9530522047159237,0.3661188722955441,0.626870093094336,high
16,8,11.1056925358565,1.7019505709972438,0.4530823769777839,0.6792701382555753,high
13,7,6.05909910450684,0.7079505332247454,0.5408349763041326,0.6384473250393282,high
8,6,19.405205678576493,5.1485764999323145,0.47517118413295434,0.5007103934937087,medium
15,3,11.303558607688688,1.7343654247043698,0.2872545780620989,0.530888479447724,medium
8,5,2.5410834711883235,3.7348660166972296,0.7311270099597856,0.5413262952139756,medium
14,3,4.61906921526579,0.2442055970063189,0.6032439857265846,0.5890207598319415,medium
10,4,7.500411492164281,1.5789958010963363,0.6274581596931653,0.5449649932646575,medium
8,5,3.513212641826009,3.0762752728520533,0.5557967361550307,0.5106508454119925,medium
23,3,3.7708366613377042,0.6433105668911168,0.6075927645961112,0.6772298158066148,high
18,7,3.278538596970879,1.4366313767697314,0.521593033302815,0.7047410641487648,high
10,2,9.88615388002207,0.16974500994184916,0.6912677841464777,0.5271219234296832,medium
13,3,14.006431203324738,2.362116658959658,0.6500130235517314,0.569255160317282,medium
11,1,6.877839109146404,0.032941819828434485,0.6262425011832657,0.5100288881044636,medium
10,5,3.1348223507506665,0.9528620119525731,0.798518950185061,0.6033513766239951,high
9,5,2.045834401081718,1.719111536994734,0.5904115863785477,0.5416215736957446,medium
15,5,3.750309850149304,1.991028693220716,0.7536056127664513,0.6624475979318188,high
15,4,4.549951270216122,0.6536652555722389,0.3447173822012186,0.5695857080697622,medium
12,2,7.151956746698069,1.107459802168482,0.7753359520182751,0.5676841250558652,medium
11,4,9.883053585013183,0.6619506979849442,0.5107356776704133,0.5427341308808498,medium
18,6,10.21057879744611,0.5427319020740855,0.624525868927507,0.7112869611050074,high
13,10,7.133971825860074,1.329237865408933,0.48768132194065167,0.6836746786187375,high
11,8,2.831272310711112,1.0292164241015538,0.5151373046255654,0.6211660180977694,high
12,6,8.165146577536802,2.0928065781872247,0.5128161261458369,0.5886111813745859,medium
11,7,7.2419714266535715,0.6553427425971261,0.47744118336958724,0.5961192850566034,medium
14,7,8.199033450616293,0.35561171629589033,0.3316353117912983,0.6139563175829538,high
8,6,4.3982573540299414,2.0158418283146378,0.6623772480033467,0.5590365040785717,medium
10,7,5.39790308433613,3.8473729583509035,0.7232258643731511,0.6089960198189575,high
19,5,9.736544438917562,0.011350769075270868,0.495755402533835,0.6840754087129318,high
17,6,2.0105285729363027,0.5521376886441782,0.6565749282096894,0.7026340677176434,high
13,4,10.711724927219606,0.09778953733760268,0.8272156901092244,0.6397912077729275,high
11,9,5.060935689441186,2.02476859779558,0.6207699087842471,0.6556555244382122,high
10,5,1.8913163390836485,0.5881929489890693,0.7015305077750127,0.5863848152284088,medium
7,6,4.373717701688431,1.4433628399439966,0.36063776348146204,0.48750513376333243,medium
11,6,2.0970934687009586,2.5240898753323693,0.5378567235373273,0.5757440788719164,medium
7,6,4.1898013171496045,1.7715037735270873,0.4743954427110852,0.5080690633853697,medium
12,4,7.616446319219309,1.2789379464723374,0.6564845653667861,0.582770660096875,medium
12,5,10.411313793191546,4.6042919897094,0.4590083469859336,0.5411063894657907,medium
7,6,3.2768154641582745,1.075562621967446,0.6654940851807151,0.5509283995563601,medium
10,11,5.1977788787309676,0.793695573647446,0.6781525691142053,0.7003392099985248,high
12,4,3.0431159780345105,3.470070552337914,0.7365188427895893,0.5841699648756651,medium
16,10,4.5276103185364835,0.14938154035688614,0.5065763836744792,0.7403193997991832,high
12,6,4.687428995709429,1.5674489891373702,0.5876890610426787,0.6070881522809533,high
10,7,2.2703988975933207,1.6952709548099418,0.46607557696949736,0.5719133090284998,medium
8,2,2.8484830405060917,3.9899521144793932,0.5412227559571167,0.4416448704282274,medium
11,7,4.2934158993892995,0.7242482866953537,0.5635435143965907,0.6128803809680158,high
14,7,4.535595727751074,0.9136653880505957,0.7986510890258126,0.7036391152181585,high
11,3,4.469592101691294,3.270539715960371,0.7434683660954443,0.5518900751126864,medium
14,3,3.5543964562708177,3.4049139790716345,0.5586568887371254,0.5590319512202808,medium
5,4,1.4806218380746041,3.3963458505018815,0.5616054083615943,0.4446787760023063,medium
15,5,8.768477208091246,1.1334996874869447,0.6718297319221015,0.651809281801174,high
8,2,4.420625212400461,0.18336748915683374,0.535110548554673,0.4657996597832224,medium
12,9,7.632229226927689,0.11549088786139149,0.37499697301116364,0.6342294553498234,high
16,3,6.7676971180132846,0.22316640054603776,0.326564155010207,0.5638250549984012,medium
14,5,3.6057154451612483,1.5565323048622333,0.7703174844406312,0.6536866148557114,high
5,11,3.3666551198441512,2.305078396574217,0.6112004465854521,0.6018729000065957,high
15,4,3.076735362623586,0.6180659115283496,0.6817335634322954,0.6372262732762701,high
14,7,5.227181100870742,2.9251740464385674,0.48427478846943034,0.6273537973842956,high
13,12,4.54745230305472,2.8350543450064474,0.49021144973102204,0.7141419276461615,high
13,6,3.2880553946090783,1.9113487193130345,0.7376569151540936,0.6497890582353985,high
13,2,7.625814282845415,0.6485104290909804,0.7232007996885366,0.5753167570771008,medium
12,7,13.759402517480808,0.5039285891594104,0.6863274452908333,0.6539059651304373,high
19,10,3.5732455264081304,0.029701749584696794,0.5307118054113444,0.790944349418371,high
12,4,10.42883704521574,1.5889961575123024,0.823854101333127,0.6141775125498767,high
11,10,6.877037492359699,3.1826940587429497,0.762984416133351,0.6963789228350505,high
9,5,6.181128253846284,2.095113524441352,0.3756747699665991,0.4961675304970441,medium
12,5,3.8010335191015945,2.085658779476012,0.7671060768936753,0.6195168235155616,high
12,6,5.122604111238821,8.151748376425644,0.4417532464277935,0.5340056601093878,medium
9,5,10.994658560870393,2.756365610024196,0.5037780136484877,0.5173798319962029,medium
13,3,4.521103880900984,1.9678305998462913,0.6005668820427779,0.5619945057429137,medium
9,6,12.246359549688991,1.9193227744611352,0.5203643932639261,0.546277393489711,medium
11,5,10.731120565752786,0.08337035645271844,0.8074857893984538,0.6259413555033393,high
19,4,4.726098085033505,2.123308418508933,0.49320108784591504,0.6494848281124568,high
14,5,6.227008689568942,2.426701037650766,0.4936357905544211,0.5925491511932124,medium
8,10,11.372531667783756,1.8699353960146141,0.7212670008346544,0.6517871641935001,high
13,5,6.160316065792827,4.329898895340693,0.56256885415381,0.5786477781951573,medium
13,11,5.855508732822469,0.28998745110509927,0.8361387077306398,0.780294491872094,high
15,7,9.351928160769775,0.006089166733901501,0.7605949486604244,0.7170783952871922,high
11,2,9.492342756704174,0.09551037253804631,0.7372713650672705,0.5518175371965338,medium
9,6,3.2568466333570005,0.4542180214318295,0.6174602446702074,0.5754639287911627,medium
12,5,9.43041086691894,2.3381232143143187,0.6331826713572654,0.5910490461760243,medium
10,7,4.737497166653209,0.46190344955095436,0.5786202856270766,0.6026447007950756,high
11,5,2.586483644724013,2.7711961036130117,0.7961051463850963,0.605746388586266,high
12,5,6.298221090509372,3.957922521458305,0.8684277660625022,0.6272994030694451,high
11,6,4.024655484887213,1.974487559948779,0.44153897645734447,0.5601445448918104,medium
16,6,5.080804027729103,0.45623907255764723,0.7627898845612554,0.7095163830952,high
16,6,1.97183650300722,0.43619996102350245,0.6056041216285101,0.6782128245855453,high
6,7,2.5309067213244987,1.021324485705713,0.4899582979497793,0.5211828296852512,medium
10,6,8.61875478923466,1.0246895373593818,0.5957423015180813,0.5823171967212204,medium
8,3,3.483368030249056,0.41094727621498794,0.5179100509694239,0.48084236168578487,medium
14,5,6.376743795961212,1.6018213137994406,0.6343443592706216,0.6261900630954613,high
8,4,2.646722746448511,0.25743574386608586,0.43970491105448034,0.48622474391845555,medium
12,6,11.837805390312946,1.2884088667292013,0.5748949819743744,0.6063896039500135,high
14,6,7.898817957637176,1.951519066921401,0.5050065492172813,0.6179911827306469,high
10,4,4.1550788990955345,2.3448448741706738,0.6991183670188804,0.5541913742426383,medium
20,8,7.8725144857354525,2.9491079324242553,0.5288288142488937,0.7461050433002837,high
14,2,2.519299399202268,2.262659859886753,0.6085623427424541,0.5566280694825791,medium
20,7,1.2330872024525825,1.139995331514028,0.6059784496755343,0.7535957210583467,high
9,5,4.371550883836336,0.9863221744547704,0.6295782179423591,0.55434016242544,medium
17,2,9.46592267457564,0.8366106526116817,0.7139238460352096,0.6322073648562974,high
12,4,9.6913737036805,0.07710285719691426,0.6873862321340574,0.5969632273788321,medium
9,4,3.016745472673643,1.2107544835989854,0.6807854732803247,0.5430853980987383,medium
8,7,5.2826184195720165,2.7596725956720682,0.5375240758552489,0.5491069978665694,medium
9,8,7.36924931614795,2.322604010450177,0.4027906532422232,0.5600741039121102,medium
15,5,3.799845222940581,8.669610159000179,0.7858547163354056,0.62437354220708,high
10,7,5.6195184981794135,5.008242395140448,0.38061053898572594,0.5327338251628756,medium
8,1,9.52772814035014,0.12566463209991074,0.7954449175348033,0.49825121929296123,medium
15,7,1.6344306548635492,0.6624329049742639,0.5349827988011024,0.6675803403937254,high
12,6,7.0808721394932395,1.2092619751030316,0.3625863199044261,0.5644555174801984,medium
16,3,4.863334588738521,2.096310759051069,0.672358503172321,0.6204962955741238,high
13,10,18.62812448826913,2.5053812624124685,0.6142033770612275,0.7011381336628291,high
19,2,3.714588174318534,3.120066160868222,0.6269716706000767,0.6295938930475605,high
6,3,8.629391784767835,0.1946601803602745,0.44950353556577033,0.4386029725774189,medium
10,10,6.899944529178023,0.32477505947923124,0.5661020237882314,0.6610552376944514,high
14,5,9.740756130223431,1.3131154444260453,0.6002574852918777,0.6212973940955353,high
14,6,4.721058266634259,6.9997024112782125,0.569084611010584,0.597152239460262,medium
16,8,2.125013854673467,0.13475203757433213,0.8082956352398721,0.7607607801308123,high
9,6,1.2246261722094338,1.5364034139401863,0.7081932350715133,0.5863959575880349,medium
8,7,5.242785896641424,3.8572137173054344,0.5287124218375826,0.540027726252147,medium
13,6,9.267480421920288,0.6291911033449183,0.7735645519121118,0.6655183030267896,high
15,7,12.110794912079047,0.43070623427898497,0.5716927602501084,0.6764671771548285,high
11,5,1.5813764817348246,4.61204693422014,0.753103486233245,0.5848737176851815,medium
7,4,1.179647764693291,2.7988691282335965,0.39338174169810014,0.4450172208180627,medium
11,5,6.0993421285294005,0.46571141608778166,0.7087971161638977,0.6036546804588611,high
11,7,8.028662419199051,0.2506633422959284,0.7278929044427783,0.6489074919399161,high
10,5,7.842150022936131,3.326888690040965,0.7003318959692352,0.5678871212602407,medium
13,8,15.171456358017538,0.3576047698750988,0.42875361962661934,0.6383666921261566,high
12,8,9.268920245791392,0.609281788238187,0.7287029387210159,0.6816787091559485,high
14,6,3.987745572885855,5.1741641153648885,0.44230069298609087,0.5839657111614522,medium
17,4,3.255390389567288,1.101822187804296,0.5220683795093867,0.6320681946498488,high
6,9,0.9587744883848198,0.5522817425826281,0.7232103817061817,0.6109601980573522,high
10,8,4.8499181609661015,1.36831274792811,0.33622019677404297,0.5681219543686212,medium
20,4,2.505814271371575,0.110116277523462,0.6454797992485096,0.7083618513328789,high
8,2,0.5574574018155042,0.9108406027105314,0.48355651305513564,0.4506390319262903,medium
13,8,4.315773756368363,1.2429487249259223,0.5085753509655386,0.6484287453602683,high
10,7,6.7280052540145405,2.2760648240871078,0.5812123104707698,0.59106869660024,medium
13,10,12.476734433527664,0.22259326051231884,0.3590143781967952,0.665318920569277,high
10,7,5.3744505872051445,1.3636927602655582,0.7494228815943795,0.6307932912504388,high
16,6,4.238674169781543,4.00930036287395,0.6609991331790602,0.6654711575499858,high
8,1,1.2928065749296653,0.15005220913757694,0.63247539735041,0.46549473140916486,medium
9,8,7.88526856132522,0.5668196448962439,0.5302593729904732,0.5972730769654531,medium
8,9,1.1820685606923476,0.7315989894986257,0.553596935083897,0.6058420604201219,high
15,3,1.5467162176398168,5.758753797043178,0.5543618197294173,0.5574806719655956,medium
9,3,9.74796750522207,2.6185788424855376,0.8592260792728199,0.5493880235713271,medium
12,4,5.776179764072218,1.2402202108762348,0.5980634734854784,0.5713445599579208,medium
11,2,5.885819794634039,0.9661285492330514,0.574196793811671,0.5133985017674472,medium
12,5,8.600884426163894,1.051278259756134,0.6582302127032228,0.604637520808937,high
17,2,15.998086102778057,2.579568350506914,0.6984248356865989,0.617487844800607,high
8,8,3.967208262038646,0.9401778003107824,0.5893756381403136,0.5916072756259909,medium
15,7,6.7714577070075475,0.3961532150414653,0.5174040833569042,0.6658397952377711,high
12,7,6.1653933996187575,2.5850245122664592,0.6195901057918723,0.6266845244099314,high
9,11,5.975499198237548,6.049036057241612,0.6729963798690719,0.649272368925537,high
14,7,3.7376801607085426,3.7717999264022617,0.5748691294234322,0.6398284930420046,high
18,2,12.311657587803177,8.980476611536409,0.4175679910430781,0.5336437541317062,medium
16,6,7.27427674677403,1.8311445661998045,0.5593375200601493,0.6596598735706978,high
17,4,4.975406584894405,2.290638464592448,0.8794736389627662,0.6956238046952702,high
13,10,5.864688462759352,1.7965119479895177,0.37553916001025983,0.6581310856821219,high
8,6,5.059248986509441,5.300847663204009,0.4884038173577233,0.5023417790501846,medium
14,7,1.6586975933726675,2.0305837007015395,0.8362515015045746,0.7037130756295713,high
13,6,4.2760523595491025,0.6147379567067719,0.5827623341224215,0.6274542137797725,high
13,12,1.7894641947243595,0.6763560254721703,0.6018314969637166,0.7508572592229289,high
9,3,4.104786206175913,0.053319416447971134,0.6646394886510891,0.527572434953898,medium
13,8,1.8891855826534987,3.2672504932327326,0.5447531154830029,0.6421689531417156,high
18,12,8.002783490574192,1.8021306759482099,0.6730167992225281,0.8325891553381842,high
15,6,4.617488895095778,1.9949541624143974,0.7979887274034108,0.6912980510645862,high
6,7,4.810573157221596,4.963358695072984,0.7779064337254625,0.5524922287779392,medium
14,6,3.3007373254109664,1.171482978026247,0.6442288907458961,0.6510358916290042,high
14,3,8.785534851230256,0.5034806752803939,0.5117718518439075,0.5689978325335789,medium
14,13,0.8992782222604068,0.6496083585175287,0.8979133827658171,0.8452519541630465,high
10,10,2.357508628073091,3.4031570544348058,0.5503331006613795,0.6373789064360438,high
13,9,3.0835106796938057,1.112791258338943,0.3844641682742957,0.6444742252659328,high
13,3,3.748064417887337,1.5685895373595262,0.43660315108543274,0.5318633666346897,medium
19,5,9.992449665894558,0.7596518130893775,0.5019505373252958,0.6803257620444633,high
14,3,6.949138455795358,0.7307037103017594,0.48037513452857056,0.5612036688370358,medium
9,3,5.490461075382482,0.3129745073949095,0.6633051638226645,0.5255745360485669,medium
9,10,8.07618145167816,1.753075998040784,0.7022282508605038,0.6637584768518289,high
13,6,2.7923695358061935,4.53597272657837,0.40870492931077385,0.5665011676849656,medium
11,8,1.480964662745911,1.2716361298850718,0.6322556739394602,0.6429735605886583,high
14,4,5.92943121673475,0.10811873849318483,0.5497603080320611,0.5992312700164576,medium
11,3,2.8035808830682543,1.3615525494663898,0.7278443979066651,0.5614918625848905,medium
20,4,8.360210456880912,0.9077179255789563,0.42370973763873004,0.658690494690553,high
15,7,6.643311458881998,1.3520040419479242,0.43485106357776004,0.6429568524358993,high
14,3,6.108403795087924,6.981318612020052,0.596901037461256,0.5428380834121176,medium
12,11,3.336472300082651,2.937628560106488,0.5267727104315055,0.6857703516855912,high
11,10,2.8552087436305795,0.15162526376811794,0.7435732153072435,0.7127038079696613,high
9,8,3.620911477567671,0.6654820307793764,0.6316098299840311,0.6168854191249438,high
13,6,9.012493532864546,4.642099372374526,0.7771500367426638,0.6394826781993693,high
10,6,10.058103109353002,0.8402107651498332,0.8090674993145808,0.6262120947619173,high
16,5,2.01381545264413,3.8270830780422234,0.5394609111373043,0.6223782950405127,high
14,4,5.092475134176324,0.9358772423999846,0.3721006380687748,0.558180945997755,medium
11,7,8.064499301719835,1.164497342069577,0.8406731902132544,0.6653713224288538,high
12,6,2.645385703886024,0.011509320794513176,0.6666553940554232,0.6332543500057879,high
14,3,15.487103977203711,4.739441610888381,0.5801038027626411,0.5544244831466056,medium
22,8,13.547277276159264,1.4913818720543144,0.6052827662055372,0.771114007427412,high
12,3,9.865006392598351,0.39383082120118923,0.6292584179569704,0.5632261447833862,medium
17,4,8.299875415002507,2.2670848239562162,0.5063187199689301,0.6211498451674113,high
20,6,2.054946825688902,2.420517321933988,0.6713818251418646,0.7381395828821463,high
12,5,8.871977602229347,0.5557526031119413,0.7943762903728602,0.6351702407204924,high
17,5,5.7510478973970365,3.942041275258475,0.6635184899054831,0.6614234228127067,high
9,5,8.78033313441405,3.1259647241005553,0.7547227035413187,0.5651047758809267,medium
12,7,6.763948290289808,1.4689117790041053,0.5485771431944771,0.6199226834455347,high
11,8,7.500559263135578,0.0466010731083503,0.5049108727733339,0.6256715007339444,high
12,8,4.792280379326636,0.2164438769845677,0.4866125494640354,0.6358795507129099,high
14,5,3.290482224976167,0.17656345603595072,0.6844824180937019,0.6457193939118341,high
15,9,6.302257663366332,0.48764757229130434,0.4985559764904467,0.701460211482814,high
7,3,3.8704014649267267,0.09388452970578433,0.853232596268409,0.5350206223889766,medium
8,6,10.106645009651949,1.1244551606145787,0.9724418833231878,0.6269920089272071,high
10,4,3.3546989560499356,8.878833303488268,0.5029499730071435,0.4713977725781736,medium
19,6,4.866120362770564,0.7152540286139244,0.5560436328076268,0.7114403663707658,high
5,9,10.807636631761646,5.7294515334037275,0.5549450408120636,0.5277926646063879,medium
18,9,7.293183248206053,2.9793975934452397,0.5539887799287129,0.7409351053627743,high
9,8,5.3419554037983925,0.30528555868077545,0.6806874113828155,0.6291022452186913,high
8,7,12.587479667198759,0.7500831872750724,0.6428125052397488,0.5835619464661159,medium
16,3,4.065539901586577,0.4768144053998696,0.3750941181172246,0.5718400609207791,medium
12,9,4.710962651663821,0.08052169294495962,0.4956705652312485,0.65859730175995,high
17,5,6.492780852311533,0.2641991977128766,0.2948083598538474,0.612200343986017,high
16,2,9.076996811013242,1.5693225240631172,0.6158844466869612,0.5927147391769714,medium
12,6,5.128239750055371,0.31509979872680466,0.8602650313357451,0.6699523409423036,high
12,11,9.939334581815004,0.1464551533661558,0.5643979641091362,0.7119032251327195,high
15,6,9.84181156905528,1.7250064520753952,0.7943635535186484,0.6923726676898937,high
12,6,13.008794803046912,0.9132466824969296,0.4396384562703846,0.5818393800374307,medium
12,9,4.7047109027691665,0.1802497561574932,0.5787508045750505,0.6745484958739602,high
11,7,4.712574339545002,5.792233356811892,0.34956208436759234,0.5362975278281059,medium
6,9,4.36551612727375,0.9846536057392747,0.40955538413596904,0.5453467194555986,medium
13,9,3.9860404274239216,0.16595748440603217,0.5481310734828513,0.6835198314671967,high
10,6,3.0243804831807695,1.681560690689578,0.6526680507683559,0.589323205549074,medium
10,10,2.134948595225051,1.7722314762042313,0.7116505092838344,0.6805152253487387,high
11,10,9.201368808093353,1.145349033633736,0.3464499897926135,0.6266543377342977,high
11,7,3.529394002079727,1.6407458083386595,0.5798697920944975,0.6100356530299751,high
12,10,4.709902210924045,0.7085386135459809,0.7442746759497881,0.7241313444329844,high
8,8,7.205083672518228,2.1485749109776258,0.7015795173048119,0.6059920707211115,high
10,4,4.595238036243594,0.03170653178945448,0.7028377647983923,0.5703561760810821,medium
14,6,8.547704588685404,1.151302407736827,0.4112633756548108,0.6045773257460499,high
9,5,9.407676333746052,2.2334635649047243,0.808013052697804,0.581712853440196,medium
9,3,4.591171507624064,0.2287932402710939,0.6906275630818337,0.5316002243478928,medium
13,4,9.957513552932552,0.2374675006413686,0.8375430581562173,0.640925494960301,high
14,6,3.394642188021276,2.764076099239214,0.38461912817927174,0.5884966516409262,medium
11,10,2.868981446741074,0.07920208285231788,0.7369876327168288,0.7118695126576837,high
13,8,4.977755374294931,3.5850220811128963,0.6067953620986793,0.6524589252123165,high
14,3,1.3753345726328812,1.0532062807380975,0.7183582740922162,0.6066502796135226,high
14,6,15.385940733539153,7.468553868272563,0.6577866235464505,0.6117669655874729,high
9,5,12.185392869868362,0.35463194493512745,0.7082291779581065,0.5742816226253871,medium
12,6,2.1516198799889192,0.07060277375684061,0.8119643095895522,0.6619221767595316,high
15,5,3.2323943802710904,0.8023868343397352,0.7043123175070727,0.6605132179391496,high
10,5,5.254680417802863,2.055295958802077,0.7542154268235622,0.5871411123060319,medium
12,8,6.997332382137345,2.3688695691165442,0.48595229552113783,0.6213979953101172,high
12,8,3.3138307293100735,0.241212319304378,0.6658091585570135,0.6715537495827069,high
12,6,6.8243060409608995,2.2431106731216577,0.6067124010254598,0.6063884090509476,high
14,7,3.1548278998373913,2.7413694918573506,0.4618988973128421,0.624103982850186,high
15,9,7.542230570241544,1.175241179075341,0.876261552127158,0.7724173692315959,high
10,8,2.249655238191183,1.445496010179895,0.4600508661151653,0.592373533155167,medium
8,6,8.90064728309356,0.7618967261696296,0.5817238183775368,0.5512654521677098,medium
13,6,7.990035792541378,1.933233509972246,0.48160178592795894,0.5984321337857768,medium
14,6,8.226541948928482,0.7467512705493732,0.6093622101182579,0.646894100219989,high
18,3,2.593612673574128,0.21008142770805424,0.4555710400816697,0.619713665164947,high
11,12,4.718612675044223,1.0006865535821692,0.4527315247650435,0.688875061262461,high
10,6,4.210165704296849,1.9700814214824043,0.8284977990719911,0.6225656836711821,high
8,3,3.0725300457951037,1.542331425698853,0.6317261219809567,0.4960630148915323,medium
19,7,1.2814428364989487,0.637247406096592,0.5955923877941127,0.7398701615181785,high
10,9,1.5765760653428087,0.4675589682802552,0.8371935248846909,0.6943216451884031,high
12,13,6.52228636841808,0.6545140902784192,0.3403888597936076,0.7037143446901988,high
12,6,4.488040557643793,1.6454668351978428,0.7836097915841161,0.6457521794155043,high
10,6,8.147746148356227,4.835385608711882,0.6593066205640963,0.56962542005474,medium
9,5,2.099500247685812,0.7232082383884983,0.48828480123433465,0.5278355719909436,medium
6,6,1.5403285657451848,1.6731430757959063,0.7523832189794616,0.5493223566239196,medium
10,8,5.311380506896263,1.0492070272322263,0.6034515275289941,0.6236955919909173,high
10,7,2.779194628571011,3.793564137041523,0.7995447764636512,0.6246185277124534,high
11,7,5.403670241815836,1.523288992674769,0.3639040203025918,0.5676255441093533,medium
17,2,8.82291283043371,6.8969702493661655,0.8758732654860579,0.6241948514347705,high
10,8,7.678495573105401,0.9019444929517043,0.6233430355298845,0.6286556438196322,high
14,4,3.8850496277190527,1.5710672914836221,0.3105295844656144,0.5416321349498987,medium
8,7,4.103394222073264,0.29139571929693175,0.6387548628743716,0.5858083344462282,medium
10,8,6.866698160889486,3.1475148953342,0.75232626799166,0.6394818209627706,high
7,9,8.331134789314019,7.872925467457924,0.7711184356751923,0.5867375173519855,medium
9,5,4.204331032072247,4.512623099651905,0.567159836720192,0.518347813346359,medium
14,9,8.64277256427141,0.3293148130376701,0.5218985338273664,0.6921842746785555,high
10,4,11.15724344148229,1.2134741085742442,0.8583078911530404,0.5935717508401132,medium
10,3,4.9757344574838385,6.007004685329991,0.7933756295684634,0.5286284280114928,medium
10,6,8.55216899943898,2.102848945411226,0.47141537429223684,0.5502640818890392,medium
16,6,0.9430992914871434,1.580875605407832,0.20249835052113188,0.5899604994015075,medium
14,6,2.5466624538756726,1.7299256770081093,0.6674381176681864,0.6519547856869166,high
20,8,4.60420582335112,8.131622576736738,0.7188411282063537,0.7495574084630259,high
14,6,13.320582666707974,1.4851440578556585,0.47085685024988944,0.6142704096642735,high
10,3,13.875145938693873,0.19788746791288103,0.4093079158951746,0.49054233339294906,medium
14,5,2.7625553709964663,0.8806009663089271,0.513124459651031,0.6067542188214801,high
9,7,5.2347467891202575,1.5453315859064176,0.6180789982250042,0.5883135890722915,medium
14,6,11.776360504910269,1.799298643114696,0.7241182889767365,0.662828333507916,high
11,4,3.687381229486081,1.449208283550266,0.7557755701569935,0.5864937254743969,medium
14,1,3.3034370812152627,0.07643514204637136,0.5654019620306625,0.5425708247924901,medium
13,1,4.055478705948936,0.46474769987887,0.5998431823257857,0.5318703184659648,medium
12,7,7.470703924623615,0.008652379465456198,0.5156825190427012,0.6230788212787705,high
17,6,5.65729766681988,0.24322686187559966,0.37307587983330065,0.6479936635541561,high
15,3,2.3262146911313826,7.654129889570761,0.7048551345448146,0.5749434943118245,medium
8,11,6.374825841845764,0.39412082989397046,0.5973353298230958,0.6568395937653261,high
7,6,16.431783131205812,0.05645693180937589,0.8894494520253814,0.6025135108596804,high
8,7,5.488589920745902,2.2387978630852805,0.5590258311112629,0.5568798471350174,medium
11,3,5.163931082294137,0.9040200868127044,0.5302991802234581,0.5250330354659403,medium
9,4,5.170492935436921,1.3109881730967472,0.7805539146518436,0.5623708617763905,medium
12,7,4.2829758364477275,1.301383192691209,0.7133905286803044,0.6540022177847862,high
17,10,6.373862422618236,1.6899903340171842,0.6942278264479916,0.782578963062817,high
11,2,3.640141350917716,0.07085829005898517,0.5769201235449116,0.5199116361085891,medium
17,5,15.337062040766037,4.342419161474427,0.4737498250104484,0.6208005039255935,high
11,2,9.50282660069198,0.9221654917395251,0.6849510689671636,0.5358424438485025,medium
12,7,9.65667019923169,0.3432643024281953,0.49016652608268424,0.6157448765336822,high
15,13,2.870248420733378,12.44300920360871,0.6105827058812465,0.7241631464855245,high
13,7,13.535178026996789,0.7945525958341064,0.8500554523757381,0.6997140731695869,high
7,2,3.229169945581719,2.1374819348170004,0.6463961604903423,0.4600293525326218,medium
16,3,7.570648207199129,1.1467965123557848,0.6299980040056962,0.6183542907187674,high
12,9,2.6547759377484317,0.5913405383995456,0.7838153745209251,0.7128208046481881,high
16,3,3.2750607441558817,2.123518900662448,0.5155078004457467,0.5889447674180663,medium
18,9,5.930646414663293,1.538505995674175,0.47182068906447944,0.734107431175068,high
11,10,12.343159214299138,2.054213630446879,0.6010736682156751,0.6715199761068226,high
12,7,6.150992395487936,4.494463248723713,0.7786914381012552,0.6457751992954263,high
7,2,7.117899132134626,2.8816474669264522,0.7264040704624852,0.47106983097965405,medium
17,5,10.151131825740325,2.1981819541467655,0.5038438614377732,0.6411142259265762,high
11,5,4.075624790662712,2.2811560013894385,0.5393348576070016,0.5576592648454708,medium
14,6,1.3722270995156098,0.7442963516271066,0.7401869090521102,0.673075406132908,high
12,1,3.1460643659132534,1.7610315261864256,0.8192606355538273,0.5521119169361893,medium
7,8,9.80492446799663,2.313480482293655,0.30934347965527365,0.5114454927157637,medium
12,5,7.7618838952178,1.4249877888513338,0.8005881413701641,0.6306177096816906,high
16,6,4.841294742010064,0.09568673702137835,0.8422602596762574,0.7278141403551089,high
6,7,3.6973829170194668,0.5680890068487967,0.6544285548537859,0.5570984509250986,medium
8,10,6.690468371128557,4.185120532167531,0.4170340037341127,0.575505997199039,medium
13,11,6.255147146486783,2.6063105997251785,0.49746534289687705,0.6971176645812076,high
13,4,3.1831685059604355,0.7358109997221377,0.4629614309477914,0.562686879524744,medium
8,4,10.601969223957003,3.0796788684165906,0.757107438328669,0.5308902952096233,medium
7,4,7.2884234091094395,0.39888202637044967,0.47135483717243215,0.4766117539253501,medium
7,2,1.7834551275139496,0.7527416199023135,0.7833421661595475,0.4966501557658941,medium
4,3,25.880945069088984,1.487670894396862,0.7766485588374513,0.46541190580484454,medium
12,5,3.3371236995858933,2.568160290461819,0.7373216835821118,0.6103432681133435,high
10,6,4.4537094578257665,1.1499057814342828,0.6403645781709776,0.5904068770913004,medium
14,6,4.289924533833414,2.8215545326080997,0.7261893284174681,0.6564275021327729,high
13,7,20.845462735173996,0.7810273428589645,0.38435793422749714,0.6066647378931063,high
11,5,7.0242462090887425,2.29421686593597,0.7912625435131176,0.6079577295963837,high
11,5,9.203532745801933,4.90077006692833,0.9282405061392267,0.6179763007816566,high
8,6,2.871402086655389,0.3973625308692403,0.492321880539161,0.535815292568704,medium
11,4,8.739351497582668,2.354055869982615,0.6462253229558546,0.5585513587912868,medium
13,3,5.503182148171814,0.9734682448328874,0.4163161925145343,0.531773450204021,medium
12,7,13.49500198244922,0.17284632346401893,0.26824303637328933,0.5724962984515645,medium
13,2,3.603892307127103,2.0793818430918343,0.784237520722003,0.5779849585237884,medium
12,10,1.6781512168906778,0.7890841193444632,0.6931499929989242,0.7133694378041552,high
8,6,4.529645937276267,5.4313028987281555,0.5541617446930376,0.5146236629470865,medium
8,6,4.478306311514761,2.558462908868746,0.6050034773947146,0.5439442760864845,medium
20,2,2.2906479529375305,1.2617966358302537,0.67286395531998,0.6661608134917942,high
8,7,6.241550022003514,2.310344113310805,0.6370160600005361,0.5720009179113685,medium
10,8,3.9838990225549638,1.185376881275623,0.33135361912561506,0.5683682112832855,medium
12,7,2.4828496501403845,0.8879379493275301,0.5616577662346895,0.6264119669180876,high
16,3,1.6722680637073881,0.4812775890919712,0.6407595980255697,0.6249434023445009,high
13,1,5.503486942756208,4.010775625447755,0.5931445280675517,0.5068904014438587,medium
15,8,3.4140304482665074,3.6683634203440945,0.4008944170489335,0.6407231272741595,high
12,10,4.15966000679262,0.7657439575505652,0.6728268032498703,0.7094604009329702,high
13,2,6.354807736615459,1.4934028790211922,0.533236969455178,0.531691374697561,medium
11,3,2.479911199310842,0.49619516556100307,0.6103459472591775,0.5437612216814288,medium
16,7,10.934057219030997,0.8374129403181593,0.6795757096786333,0.7103323890002724,high
15,10,5.086295469239064,4.154502695183637,0.629859490610463,0.723275213487535,high
9,6,10.634129840017778,0.7878515708057416,0.5701443766542552,0.5637765315254795,medium
12,3,6.263046623602158,0.33384867018316544,0.5365646747793997,0.5450872771546589,medium
16,5,3.016527002714265,0.0013440005925148169,0.586698581643007,0.6573307563246513,high
10,4,3.7535314280773333,2.960813011386193,0.6942379377641543,0.5491088341435896,medium
24,4,6.215779299913504,1.9873613774491088,0.44503956776053666,0.6557588377024466,high
13,3,3.7982701058690886,2.4361861024447475,0.4616451975278443,0.5310877988226039,medium
7,3,2.443117448511395,1.699828026285752,0.504201981637711,0.4545082094856372,medium
13,5,3.8699778079512126,0.5586822457147138,0.6892974283434896,0.6291349373639332,high
15,8,9.304023631033434,2.337774554698188,0.43410261186888294,0.6562353586757886,high
17,8,7.297402083501142,3.494729915311368,0.9369387048233381,0.7790895415292585,high
13,5,6.731015613972187,1.1610849972254729,0.46776817063557824,0.5808130674789458,medium
12,11,1.734224061042878,0.8470941390869583,0.6061182119970354,0.7155763481388273,high
10,4,2.2547546370251283,3.623384269147018,0.6917487760764963,0.5441938600876525,medium
16,7,8.735757595209439,1.4043082653708217,0.3936634473945284,0.6493706343764335,high
10,5,5.305542189906034,3.4317035294209464,0.5794566658596849,0.5430133096424641,medium
14,6,4.366761229982921,0.7024188039141852,0.4622906525987791,0.6177753384936613,high
14,8,5.38012611295287,5.2169208453866895,0.5885535475115785,0.6529312371997378,high
10,5,5.867176227157039,0.041893153766717844,0.4389832397175185,0.5375173602517256,medium
15,9,4.153921089042878,0.5899128044214468,0.41339654241905416,0.6837465564543346,high
14,6,2.1499816502903055,0.23416741188299578,0.6870493571308518,0.6658487553469503,high
10,11,1.634479310368902,2.9343922219416805,0.5508592385228778,0.660609232891631,high
5,8,2.3663107128399052,0.13282048623701578,0.7151416125773878,0.5771428526072309,medium
16,5,6.228938779639137,1.1877884325466457,0.6467749994896329,0.6614364103476156,high
17,4,12.166897240044861,1.4168160805533834,0.7916216233855349,0.6838788841400845,high
8,2,5.534563283850929,0.6817878271952634,0.3608455167287789,0.427623851164454,medium
12,5,6.551421123164382,0.33502497297339445,0.44992495213786265,0.5677514906077499,medium
11,7,14.18870580296456,5.809085650576567,0.6735502690289825,0.600982816135286,high
12,5,6.95078283092261,3.451238571431255,0.4278185946764053,0.542555461792406,medium
11,7,10.130039970210813,1.9893374521055653,0.5622345672647514,0.6041846637722466,high
9,7,2.891175430197123,1.4871424689710853,0.3132058603694194,0.52772688894741,medium
21,5,7.463627596629998,0.2670547743147415,0.5828685905984016,0.714793352957582,high
10,4,3.1976351697912557,3.2444278566035756,0.5389317507417978,0.5161568311043357,medium
10,7,7.470460932863041,1.381294087012648,0.5267897723370684,0.5861493272206627,medium
11,7,12.884539311646144,2.1294509751300787,0.5173334555999214,0.5942703512857838,medium
11,10,6.63622772629672,1.802156186178315,0.52161516251922,0.6573086579293219,high
14,9,2.3341976426084434,4.291028468894811,0.5278522619744525,0.6669635959355917,high
12,8,0.7772854976632915,4.848116887482058,0.8938427219239021,0.6864477651349,high
6,7,5.738135415868747,2.7858716156769843,0.6072910144609901,0.5328857254543514,medium
13,11,2.727854593025822,2.504863308918183,0.5381182066349958,0.7059245526008779,high
10,2,7.079481928034895,0.7800359244442382,0.4591484232307525,0.4766294451498556,medium
15,9,11.525179279163087,0.45641276023660843,0.8285024439631319,0.7676577370577156,high
12,10,9.521009688332368,0.21692106965125674,0.2460648795339705,0.6277668354424524,high
15,8,3.519981883278055,0.6046815334631663,0.48133722725181227,0.6772362352272747,high
11,9,10.47277229356084,8.47073123348662,0.3962822364504523,0.5677849057335129,medium
8,6,8.417425323406697,10.30750939817046,0.695586466730406,0.5104005640249448,medium
7,3,2.506653563415147,0.9851200111540731,0.402188188224008,0.43887017090377445,medium
9,3,15.11244542729932,4.348598663203785,0.5322994005979681,0.47246922236490174,medium
14,4,5.742479759366189,0.8139711565492687,0.6533666732300163,0.6152468602690081,high
6,5,5.673743423282119,0.4421310934637823,0.33128719068826445,0.453309897514561,medium
10,6,8.014225367212877,0.23168830172317426,0.5553934920940575,0.579534109740657,medium
15,4,5.081949333959111,2.0542120133716333,0.7150417550314697,0.6343136042504831,high
14,5,5.243591756365552,0.3420868361225267,0.4118239053120535,0.5900842021549272,medium
10,6,3.369558884379104,0.9228993499409576,0.39890963723057427,0.5436292651131752,medium
9,6,3.042223852917218,4.078971723641392,0.6660681498791237,0.5610204851515488,medium
10,5,7.9854733946026695,1.013673476759499,0.6113656162567104,0.5655153000729455,medium
11,6,0.273647455872459,0.6742370637120543,0.815574551576745,0.6436199965572686,high
12,6,4.6029814844255865,2.9562776233128933,0.36594853435695296,0.5534811893826379,medium
11,4,5.608252338502043,5.493951277110258,0.5552047835182232,0.519414614856243,medium
7,6,6.500232150658775,2.0423753478037345,0.37221754363490783,0.48582767307495667,medium
13,3,9.94398574288015,2.685740129600423,0.5350098254239902,0.544097030887462,medium
13,0,13.728320245343243,2.2905448935309995,0.5895253458371291,0.49763476987721916,medium
8,3,1.8713512791966382,4.19974376326532,0.3805525913788053,0.42811222652065895,medium
12,5,4.203196314304332,1.234185964758055,0.5735813276255124,0.586488359093382,medium
9,8,7.367450347147432,0.5044344578412955,0.7054042208600169,0.6327179477863948,high
11,9,3.1425324835315314,0.8549284024566243,0.45503290897093496,0.6303070591111428,high
18,3,2.2121517983723527,0.6272147016441256,0.5351987343303763,0.6328583155217812,high
12,11,12.104839240117778,3.4245059735005112,0.4713822310073389,0.671446406378131,high
14,6,5.202439726757184,1.413816171512769,0.7412719423657811,0.6688289473297377,high
19,4,11.998996984448329,1.1377144630709706,0.5620028071618116,0.6698157983452225,high
9,5,13.810562505685533,7.673018671939616,0.7520947332024368,0.5342654888275566,medium
7,3,8.059275909240519,1.0201064638427746,0.66307311819487,0.49081391388002216,medium
12,7,3.3143204341717647,0.40794083597837916,0.47431980701695386,0.6121443558302015,high
12,7,6.149513694151887,1.3390039155068345,0.41825715672356945,0.5947247385746682,medium
12,5,3.7430645543450454,0.38142992707444007,0.6299382114321584,0.6034447761059354,high
13,6,4.318953160893403,0.3958976627916803,0.5807247388451658,0.6285056300170887,high
8,5,1.972781293390022,2.6227663314870475,0.6942294033879088,0.5413607718010014,medium
15,5,8.495948856884402,0.3381643616582725,0.41042081734234914,0.6048297343907479,high
10,4,1.8631439915347627,9.770804965415325,0.40902093668481293,0.4466654875675271,medium
11,8,0.47581018737830655,1.540453247695779,0.6178647909952375,0.6383032698810756,high
14,4,7.7180970148609696,0.2758372162144636,0.765902750815882,0.6413416353884133,high
12,8,5.962696816863066,2.731636534186696,0.6662084855764822,0.6550307868873851,high
12,5,0.8545265642976387,0.09425450240009066,0.7146651168102679,0.6223046600127197,high
13,5,2.1817060783009614,1.0682928121978281,0.4115304407871815,0.5701841360761175,medium
13,4,4.010623642511622,0.17944504497758462,0.7414055904129375,0.6220848177827369,high
13,7,8.344506992262605,0.5460398743379736,0.717930054578775,0.6749457450868352,high
13,6,7.071977054314012,0.47663176731399653,0.5201141137822755,0.6158452776410285,high
16,3,4.137852015737,0.9997537534147708,0.6423130956486172,0.6217975941069583,high
13,6,9.770393159490258,2.1669368895127463,0.37393130616662706,0.5753400153032404,medium
11,10,14.104808567855907,1.1467336440070626,0.4120091185909747,0.6397569327581478,high
12,4,10.846683248496973,0.48689769706858627,0.455116139008985,0.547777243154673,medium
10,9,6.718550077966169,4.0045937724388825,0.7527868261506467,0.6538600734138702,high
17,3,7.966845977791637,2.2800476331940356,0.5876524565535229,0.6173301737560777,high
10,4,3.3709328865110777,1.3136071257734727,0.6509995932337318,0.5514425378082566,medium
11,3,4.145743341883829,2.0210656286385973,0.659058504823395,0.5433379301070883,medium
5,3,1.2476636903797012,1.9849468340215122,0.6696030798211471,0.45568763707075266,medium
9,8,2.534827839004497,4.076622862490491,0.6054966260351875,0.588921839457101,medium
13,2,2.3508400427105847,1.3070692894253013,0.6586440468150933,0.5580150141001834,medium
15,9,6.4687584350521705,2.1072098511916812,0.4843570246825449,0.6878233392618978,high
13,6,2.430530045904769,1.0936553897064771,0.4180765841016102,0.5913242808889455,medium
14,5,7.541219525046456,1.115169042264838,0.8123565892465584,0.6650368575675462,high
9,8,5.768675664298874,0.9493162203092108,0.6817549971150024,0.6250222246209391,high
14,10,2.8925315148614836,2.2079118729895986,0.9036346858317704,0.7760075246797568,high
12,13,10.80972596801209,4.609880705394046,0.5045030581042842,0.7101680735848965,high
10,9,1.8861407161160204,1.353679742208176,0.5062774922147543,0.6222309668282296,high
7,8,3.7418525065755586,1.0766487119655297,0.6121054392294204,0.580243429766114,medium
12,8,8.320308471429193,2.077862977239895,0.6061939967628517,0.6473863795043043,high
9,10,7.1021781444597885,1.6196468155769,0.6472046347062475,0.6536432815040701,high
7,7,1.4602109605844809,6.892807958325751,0.5966611250020571,0.5183801719449064,medium
9,7,6.235668075199904,1.0776578350939825,0.49924503950953875,0.5676646223346146,medium
11,4,9.578557397830814,2.1694348286009553,0.755637109137308,0.5816645229701219,medium
4,8,7.165220358095329,0.7058483551078009,0.3695055528276075,0.48919545486480287,medium
5,6,7.263179531280333,0.6742756665578357,0.7998456101447207,0.5504739509185586,medium
9,5,1.2973321155005106,0.29564597699557843,0.6498585530652516,0.5630007374330798,medium
14,8,2.417938448608059,0.7864067792544401,0.3460960003622063,0.633976488210745,high
9,7,5.816178758148749,2.422170240618384,0.5118038190606139,0.5612129622080002,medium
18,11,18.038180915035127,0.65408792397245,0.5552125226941652,0.7966819183790167,high
12,7,6.408048769960506,3.7818218344102297,0.7303930475177115,0.6408664639408075,high
19,12,1.5473957308216035,0.09062682652150757,0.7201693677134455,0.8684296946992124,high
10,8,3.188924199840293,1.123630368687132,0.5745726852779556,0.6174236679310103,high
10,2,5.78312010508548,4.290488775988332,0.7729985203008396,0.515996445553579,medium
11,6,9.836289689186168,0.8608213641233031,0.48202570826505947,0.5756663325588566,medium
13,5,12.034514736739668,2.7413932794592077,0.6800302482074191,0.6127300944450891,high
11,3,3.3416485798119764,0.8608624673383968,0.7232359991173698,0.5639081167078847,medium
10,6,6.498928066328265,1.3919394297800296,0.460747557697896,0.5528699153410457,medium
14,5,2.151787884238988,0.3031272192911438,0.4798857101843205,0.6039562939082564,high
12,7,1.2622751953060996,4.4795818923501995,0.5929132041772893,0.6087187615531232,high
12,5,1.5026661438064377,0.7191996898179273,0.5810039534145469,0.5914061260841232,medium
11,6,7.314439432089891,0.074625538560627,0.5930886260128085,0.6031202216121576,high
10,6,3.5606404081451846,1.0729101513843269,0.7964078687318189,0.6221288394038016,high
10,4,14.255213007630072,2.0896412998253506,0.5795941150185042,0.5319878810048652,medium
12,8,3.1306399677832717,13.285685318981121,0.3095474064210723,0.5133382458243403,medium
12,2,8.797293020509347,0.1949107137984063,0.6963482066720227,0.5579702365757485,medium
14,5,10.381769167468024,4.315126820409121,0.6274033396596213,0.6067131557958634,high
17,8,5.748734415185712,4.491358901903682,0.7070477887053352,0.7264671650617092,high
18,4,8.38237442761944,3.119467893045022,0.5120093012520298,0.6316054076301059,high
14,4,8.50400920318499,4.20511086834387,0.4449449039238846,0.5509549083291512,medium
15,5,7.376052057389744,2.675697597062109,0.8802951482963107,0.683221045678848,high
11,4,3.8871032509410215,0.7916087157856145,0.46011217143134114,0.5317450428476975,medium
8,4,3.513940242016093,0.25451216661589104,0.5822282817100969,0.5147489085645801,medium
16,3,8.913970632821728,0.7736132820662277,0.8348383966532608,0.6618102574502106,high
18,6,1.3301699067510966,0.21583597283259906,0.6375914328915998,0.7160793800927694,high
6,10,6.063638116978074,0.5747642436625746,0.6321050837200114,0.6125892551195851,high
13,7,10.456112158120932,1.625256247111673,0.8117028385299222,0.6865055260585733,high
15,14,3.343903411609098,0.993422551064634,0.4962897075010142,0.7976351244931051,high
12,3,1.7609390276445422,2.0400506166434,0.5506363752486892,0.5365269376054486,medium
15,5,1.163103204314603,0.8230087292056288,0.5522783230433508,0.6299689397472993,high
14,5,12.024387152096292,0.7642792330889312,0.7600535152306463,0.6569155081588698,high
15,7,2.3178762523843464,0.5419115555633678,0.516240810539461,0.6646354184041364,high
13,6,6.198337088647088,13.658660255641708,0.7234301369819316,0.568628292358775,medium
10,6,1.8547344266644041,2.5405259971536625,0.509329509808136,0.5549290619806029,medium
18,3,1.9568105795546882,2.058841379341302,0.4495456990934312,0.6061835306230776,high
12,11,6.348702920834532,0.39136469912781296,0.5935926960778982,0.7161094412213942,high
11,10,9.518642906864878,1.8756694062174089,0.7016661831526146,0.6928287739224068,high
10,3,3.572726690954497,2.098980614007935,0.755245733147021,0.547055942536018,medium
10,10,4.683551319886011,4.5068306079434555,0.4563439269890346,0.6112232480115172,high
14,3,13.792773853920218,4.744678437424907,0.6270677574902311,0.5637823619152136,medium
11,6,9.235753266322865,2.046760059688689,0.561288889376627,0.5836127108107342,medium
12,7,5.776027999273719,0.23106871396271503,0.5924182860438486,0.636943199115685,high
10,6,5.256636856790581,4.0293428787648775,0.5396116337266442,0.5510600408868964,medium
9,8,3.1178760489121355,1.577059121662998,0.6578236360049053,0.6160509997232279,high
10,6,2.8434038041310563,12.076663929060382,0.38133059822979454,0.4657550267855564,medium
15,4,1.6523373275175595,0.7802083368726349,0.7621143522805273,0.6522214815436213,high
12,4,3.9990102786489232,4.488734825198202,0.49899704513392046,0.5298745101921294,medium
15,7,2.622942364224282,1.1596386261271832,0.6792442598266726,0.6931179277911532,high
18,7,4.281598364252982,0.9265408077663048,0.659860998839819,0.7357952610495219,high
8,9,5.910410868220119,0.519504725849164,0.35820912190706855,0.5681784595424193,medium
10,9,7.573685727858736,6.4219147600466036,0.6109538204840667,0.609377999029836,high
10,8,6.48469563253536,0.3372304902039538,0.5941251933081237,0.6265768353935984,high
17,6,3.0527829896738834,1.1892721582780819,0.49830208687748156,0.6667319363203091,high
7,9,1.4791583149811602,0.800956017098659,0.6954808233278067,0.6187564578849036,high
14,4,14.388257734474784,0.23772329692261784,0.5950685241831498,0.6074288828571458,high
10,6,8.586276406840415,0.029366515469649742,0.5035489898486094,0.5705140211999242,medium
14,9,1.8292377935898687,0.8218391052084365,0.5342387179958636,0.6913688162311165,high
17,9,6.08201422365163,1.4108291508859758,0.48090649641244176,0.7217757716099151,high
10,8,10.38338257065168,6.825445161808057,0.5425158559084203,0.5730002034362971,medium
19,5,3.124830825295471,16.26345219264001,0.5398320633251632,0.5845433980474326,medium
18,6,3.9684987546941155,0.45148368431282676,0.7286002095300523,0.7327101506772584,high
14,3,4.902804165043706,0.9389673108867272,0.6692927778087905,0.5975987734891799,medium
5,10,7.553617129392844,0.19570088406055003,0.5053693841739546,0.5747692042743873,medium
11,8,4.854732849635266,0.9771458111938651,0.5386438106682157,0.626214456725684,high
12,4,15.877400864222311,0.1114245215399828,0.48528099028901467,0.556313367914203,medium
11,3,4.1491253633118514,0.13526404895190813,0.4666786195147463,0.5174339635766032,medium
15,3,4.945646444920345,2.324594647680729,0.4742093489705133,0.5643445721428978,medium
10,9,16.214814517091327,0.8793337147573745,0.4485285274288146,0.6138434807207137,high
8,7,11.403067533940112,0.8987627036406839,0.6686928218562469,0.5877468130136448,medium
15,6,4.531934273702,1.0717848333276863,0.40388083053435486,0.6186309338846864,high
14,1,3.2705205993284463,1.8661862768460857,0.6120237226775722,0.5399635026898738,medium
13,6,6.1810750858740136,0.398383388342519,0.7335810353727844,0.6590603178189401,high
15,4,8.840957816129132,1.6102585744736413,0.6338366251826438,0.6210322678733712,high
14,6,5.415443572453737,0.7709152123245204,0.5734827238612351,0.6395571100234169,high
11,9,5.8652662324706855,2.39352631732376,0.5860005114413945,0.6462432601727872,high
10,4,8.485484360935725,0.6719158077968668,0.8274609736455749,0.5910127560104692,medium
15,6,10.547862354968599,0.5894779665070529,0.7387880734752587,0.6888277615850048,high
7,9,7.2459469656822195,0.9410798727913583,0.43870106333568326,0.5664663468485276,medium
12,7,2.5578251350847663,1.8130008036476006,0.8524548328590803,0.6784042945474987,high
10,7,12.830605746703641,0.035409303223908235,0.4753412066446471,0.5848321793074367,medium
10,5,9.080803714879963,0.4639428733990567,0.36813716581670414,0.5205344806740139,medium
7,3,4.739918747251302,2.8790761117461336,0.4022621634921804,0.4262585919534619,medium
12,6,8.363559257534371,4.434267168110633,0.6099445583984466,0.5924271305589518,medium
10,4,10.742387185926653,0.3440303963612655,0.5772881915947558,0.5431641023432093,medium
15,7,6.735940870658117,1.2968564952731412,0.7583039904943956,0.7080150881303915,high
15,4,10.66428573853634,1.582824838559795,0.4316652914563511,0.5807808927008716,medium
10,11,13.303903408224025,3.347601056164856,0.7028216079791357,0.6882469812213947,high
12,6,6.40112994130039,0.4105443966827512,0.7952241193820159,0.6563078612318515,high
9,8,4.29565042199336,0.6154722045860554,0.8358544832497242,0.6580677486193712,high
16,5,9.943171470263577,2.2924490865156577,0.6205377887785245,0.6488245638456005,high
12,3,8.08011289529507,3.2737493776355064,0.7328085035322482,0.5647367048555463,medium
15,8,8.432458013286325,0.2919995186139254,0.7060305792791637,0.7242594523984066,high
10,6,2.954992066962876,3.1439024680005843,0.8007777037972941,0.6091961909727883,high
11,5,4.755734549578893,5.584280344347606,0.5565786417488752,0.539087192720791,medium
11,6,3.2857741212281892,0.6429422118885546,0.7157799241388212,0.6238697034151739,high
11,3,3.2202564270004954,1.4813884335291296,0.43912740427122543,0.5029495579640509,medium
7,5,5.120032357548181,1.956816438250488,0.6023192192002668,0.5124184009183834,medium
11,6,9.116386755324385,0.6643978774228857,0.6828544624056389,0.6171415732983085,high
13,6,3.9075910762466735,2.7669078796052466,0.5801234954632885,0.612578646561956,high
7,5,7.875653038604373,1.7286476112367324,0.47192218916913276,0.4878601204255817,medium
16,7,2.2561677564355875,4.371129992617126,0.8022963568432561,0.7113184047512038,high
16,4,6.773899964252907,0.8671325917858762,0.8097216987643681,0.6761634558076345,high
14,3,1.8815179148347643,4.193403757384966,0.5827226793203111,0.5585885108148292,medium
6,7,2.5311663156341933,1.829171521919536,0.7122040126861173,0.5602463257244266,medium
10,7,0.5083532817457442,1.6552517424808686,0.4868768684987923,0.5763403620832193,medium
13,3,7.062114273497606,1.306944393438505,0.4027668532411164,0.5268404080253,medium
15,4,12.802471863663364,0.030935299006298423,0.44900710176339614,0.5945951850259706,medium
13,9,13.135328957738455,1.0419141256256679,0.5067682007029921,0.6694075459697607,high
15,10,1.5771633229961424,2.6352267003906027,0.46167461049995995,0.699766744097388,high
12,5,3.952063435930042,1.359004306164032,0.6247361847176883,0.5958872082357775,medium
12,5,4.36764429138366,2.152361579501025,0.5770344021397636,0.5810578032312792,medium
12,12,9.327439541030893,1.114894857422004,0.685216207172731,0.7496106090517329,high
8,6,9.845512842759984,1.6406528159944769,0.9252815607574755,0.614118626711532,high
13,6,7.1854463825033275,0.7868743634406292,0.7248765513801267,0.6547294811864213,high
8,7,4.288071852165156,1.348015958807069,0.7281699532268813,0.5966472175866625,medium
9,4,3.6840492010968156,0.023770180292661203,0.5266360230556546,0.5201687367425132,medium
19,6,5.427361147111309,2.7748564694280033,0.7934233344117154,0.745185623752823,high
10,7,4.773715636298789,2.0436730494562703,0.6080709329996166,0.5979896996035482,medium
13,6,8.05602805569438,0.4023888338198987,0.629570136496078,0.6382314350737497,high
13,5,8.180603287020247,0.9655342396753367,0.6185783745035965,0.6122787799695504,high
11,8,13.679168381243276,0.4680498782355473,0.4839555303241643,0.6186707735432626,high
11,3,1.2921527195262614,0.6428506040534034,0.5312941208031772,0.5269731534669462,medium
7,4,2.3529146465931587,1.5215862746340683,0.6271402917195569,0.500284149846351,medium
19,4,7.788245522342423,3.470981167279568,0.7300319126853236,0.6878665080885343,high
14,13,1.8855740334323843,1.6807790915684973,0.7120048912456445,0.8011957843053389,high
9,8,5.749020854294977,0.4017261020822722,0.525466905084252,0.5974152070029686,medium
16,5,5.966046435060312,0.5444391722894952,0.87234975853974,0.710840357226018,high
15,3,2.5665666460537335,1.021916489979188,0.49832076286664767,0.5778513759734683,medium
5,4,5.860711875005667,2.0244198905993924,0.7562944900031212,0.4927627653966283,medium
9,5,5.273870853015663,0.010133990924084084,0.7635784603022555,0.5876481321209572,medium
6,8,4.548430964648525,1.6837232355583998,0.9514593087718388,0.6290670401839784,high
21,7,6.338982455457043,0.01309446523146335,0.8289931887640338,0.8057113413179303,high
13,2,4.9892271708289355,2.343187969918932,0.5821106664845116,0.5358008801641094,medium
18,9,7.21688889316986,1.5009116091996677,0.4369589025071821,0.7273857031067719,high
7,4,10.104969881126761,0.5347721340346228,0.5526012856219362,0.49195510956415645,medium
17,6,4.78101884690307,1.4795567651331891,0.49473098869919846,0.6640824859722851,high
10,8,9.035030739962409,2.7916219994118814,0.6359274014299412,0.6185746669565757,high
15,7,2.1825659897388014,0.20116676538625503,0.7397842542467366,0.7116157390801056,high
4,9,5.788756063520301,15.928700635617487,0.43986273884484417,0.4217812101981856,medium
12,7,7.014205833299504,0.37760564201480223,0.8814015445781543,0.6937629379688655,high
14,0,1.3605253322550257,5.593980847517076,0.8027365097056687,0.5332540962910199,medium
10,5,3.5873339619433886,0.4905768817252256,0.6875033137805178,0.5842301502112688,medium
11,5,3.568631966625831,1.830187757031618,0.49756325492075254,0.5523113992706065,medium
17,5,5.25021996940529,2.2121078055357475,0.6014552233637048,0.6605436593025027,high
11,5,4.566642656022443,3.2399632145744066,0.6549735169447194,0.5743949486251145,medium
5,2,4.029518006572986,2.3081437499640334,0.7742113079046591,0.4544546365811716,medium
14,4,4.714295550101847,1.1468140060751608,0.8748403223496984,0.657322637762772,high
7,5,2.2558596688209342,0.2919269129822141,0.4057200347525685,0.4841978275306323,medium
15,11,3.969583294605595,1.503793891616485,0.5852224824219103,0.7520192038736054,high
23,6,8.882032311557676,0.7895788242720206,0.840686508922905,0.7828734429561008,high
14,6,8.583038461421914,0.07694093682596789,0.420167869032872,0.6135206342277346,high
16,7,11.35953120196401,3.0212072624278608,0.5630991942671366,0.6724784571039083,high
18,3,1.5119041208357837,0.40982759543450725,0.9053406431370142,0.7083359446578396,high
12,10,16.309753494278524,8.173396477169515,0.7872965281143518,0.6829699957750737,high
11,10,3.6387854868225835,3.040003550230856,0.7773071692626609,0.7001947435176599,high
11,6,8.377027952660924,0.012177035727275078,0.8110244681007988,0.6471237133819779,high
11,6,2.594736600532224,0.6798146022234148,0.4593996457665966,0.5723478318051632,medium
16,9,4.086160036655038,0.9145819833289095,0.8054375813831522,0.7749903030544377,high
13,7,4.678214558009523,3.5364502083536355,0.35174975175734063,0.5817736156291105,medium
11,3,5.735429566680328,0.8250074184367453,0.44928737641738725,0.5093574258272325,medium
7,5,5.329925503913956,8.219858055663504,0.4794862440601296,0.44609819510760257,medium
8,5,10.015781778009206,3.108348014560143,0.8206689276687772,0.5634114654366879,medium
11,6,9.840843639171329,0.23368536394912442,0.6192657250146988,0.6072952425766123,high
16,9,10.960942325836173,1.9392556826837883,0.5224805736049202,0.7115677435030922,high
11,2,1.7518726453875058,2.4546063090624033,0.8141190858536025,0.5514597751103045,medium
15,8,3.564257055245162,3.703238054017495,0.6875494202388465,0.6978216303543193,high
14,8,6.399521494417013,3.641302985917319,0.48299277568759547,0.6423232018980704,high
13,7,3.716043693162951,0.2935293311629658,0.6053301279661781,0.6541091633854825,high
11,11,7.276026450691532,1.2069318549418468,0.512094723429821,0.6793727323196853,high
9,6,5.740924000733352,2.1932317354378905,0.7219520117517613,0.584768857447433,medium
12,7,12.73979222688064,4.882861680315696,0.7255104679834408,0.6325496823945834,high
7,4,2.0080944124406708,3.612265374797239,0.4500465283692421,0.4509275365085335,medium
15,5,6.642700703262163,3.0203064620631985,0.5464530425646513,0.6141552320991756,high
14,3,3.1145770145303953,1.7050053531403282,0.6405641553263,0.5867461287109912,medium
11,7,0.5750424851241089,4.010485613253573,0.7995686058565141,0.638177150416279,high
10,9,3.452997920498129,0.06536806478848928,0.46891166966638903,0.6233465468346878,high
9,12,7.84502565223076,0.13329751197248524,0.34374049510194604,0.6428594489405727,high
11,9,10.613765304296834,1.666460342689048,0.34092060529485946,0.6020743854410449,high
11,10,9.228522984172415,1.3201894688554427,0.5855168966616989,0.6733021162066369,high
7,9,3.4422241716719393,2.5695085938427114,0.7944301577819869,0.6267559742641127,high
17,5,7.744187516760062,2.3401506727287273,0.6102629109832404,0.6614515777117899,high
8,4,4.369238900235768,1.241198181686989,0.5213283814419488,0.4959910217438099,medium
12,8,12.139051341782556,4.093948704246528,0.6247792731583626,0.637662863270029,high
18,3,2.42229736605222,2.647389539453546,0.6417410549303013,0.6406989473897033,high
19,4,7.1004119120859714,0.9655305146575701,0.30338400592885595,0.6192399310880541,high
11,7,10.183974317580555,2.8284662336847473,0.4656298203530092,0.5792695225127035,medium
12,10,2.907994967357852,6.593744195496162,0.6332202935848636,0.6626857640803316,high
14,8,8.1001761429333,1.1870882029495031,0.8492864675971948,0.7319433721664423,high
13,4,3.0206017009336836,0.5866037862132601,0.6849646873394811,0.6080822455598078,high
15,4,6.070841543158108,1.718143743692069,0.4115298116211686,0.57585167069962,medium
13,13,7.062430431598987,0.13040480957082973,0.466894068502944,0.7475094483034499,high
13,5,10.773519662159531,0.034324906438665904,0.4537888015121891,0.5855289275928467,medium
14,6,4.525070222026519,2.0351349964308953,0.24965830046081694,0.5663640934492907,medium
12,6,1.867605460105496,1.792112019242515,0.4724571143233945,0.5825440094030622,medium
6,12,7.494373178381833,0.44533721506680496,0.4454625025259065,0.6161235857380691,high
13,7,2.2988952789156274,1.5201991864862208,0.622290965669823,0.6493235318907231,high
9,5,17.24379829366893,3.2114281649280705,0.5908639580312057,0.5317632705067207,medium
9,9,7.255381798297465,2.745937622746426,0.8196355919055488,0.6606208675628003,high
9,6,2.3260032833107664,6.853418368157912,0.49176589692288314,0.5076637235968573,medium
15,9,4.825370371792322,1.4461806963951842,0.44531827644376987,0.6844224506461194,high
21,3,4.997334012071566,0.1570715864368925,0.45959994655067665,0.650872845400556,high
9,2,3.6852182903552504,2.1213687642701013,0.8084535847945177,0.5225482585304363,medium
16,7,6.891921044439237,0.41815181602808865,0.56628491195171,0.6904693036168215,high
10,7,5.967646694015209,0.6025651448492576,0.49079053064743344,0.584141005163825,medium
10,4,2.7397534111411073,0.14708503518114918,0.6433169150681028,0.5576828161124129,medium
19,13,3.0739600985634272,4.090865035520154,0.7188761418465301,0.8615027947991716,high
12,7,2.8046602310762183,0.9948704390339681,0.5016962478696018,0.6137067799803606,high
6,6,4.555084383564404,1.4273737518782814,0.7725852935010259,0.5550012336876833,medium
6,6,4.387835801180236,0.16768528994410745,0.2919786810687712,0.4672778342807935,medium
6,5,4.7633572315531545,0.4302647069026321,0.40612870019659714,0.46835730865996855,medium
10,5,1.7504011699118327,2.6553007592471043,0.3623171267692171,0.5047614202921961,medium
15,4,4.3006787577085674,5.756744245880207,0.7416238509375138,0.614946475214968,high
10,7,5.307384033850715,3.506590450286004,0.6607458990416367,0.598771910139754,medium
13,7,2.6725558062278783,0.514693258144778,0.6833684578464784,0.6682424031816638,high
13,8,7.629591605898517,2.659043679791316,0.6538193867037635,0.6680369194754772,high
13,4,4.304666791603575,0.49267518336952,0.7899233336338067,0.629700165504298,high
18,8,5.060008444400548,0.5850191430006213,0.40929588493849745,0.7079590493676955,high
13,5,6.733052563415198,0.3914521302623548,0.6423828813677271,0.6208668954051297,high
15,3,3.9066812042832404,1.3890798423151762,0.45120876003115895,0.5659812197241306,medium
12,11,17.466925747382813,0.858738199911949,0.8704701429282271,0.7683691072528991,high
9,8,8.432712311125687,5.806525466789276,0.6037641261783719,0.5770426554570793,medium
14,4,6.616210427395295,0.26233570411641477,0.8596552504246954,0.6601821453908296,high
10,5,1.7985270638464317,2.880761977880868,0.6984846618545366,0.5704918525183682,medium
11,6,4.4243517017171055,1.9022842563452471,0.5441439593985828,0.581146896837415,medium
14,10,3.686296301195264,2.0179649495970193,0.85291389630223,0.7671296795964659,high
21,6,11.189340263366596,0.9363997101137758,0.7636035773959047,0.7664780507450891,high
10,5,6.892747996413488,0.9862065408366998,0.5780117392840988,0.5590276375845751,medium
12,2,8.79253940775317,0.5667018913892602,0.38192758996739945,0.49260750538421816,medium
20,5,7.270445811563363,0.03208732784201755,0.6874905302736518,0.7372841905357835,high
7,3,2.7852216785281336,1.6886860421367742,0.30843227187572875,0.41542854742756724,medium
8,2,1.418571383729634,0.3011762613824548,0.6010273434295936,0.4781976269433691,medium
11,6,16.256013104721752,0.006174667396075503,0.6198872981519071,0.6089362951810743,high
11,2,4.687074355264306,2.1644999131238984,0.6445830986970119,0.5194866203185764,medium
5,9,12.807715185093386,0.2709431804085867,0.7168878811665254,0.5965712883639145,medium
17,1,5.514603705967273,0.4993668019738749,0.7107367447395743,0.6138182369347558,high
9,8,6.686972511351696,0.5621575512823787,0.6776687477614095,0.6267860325437328,high
7,4,5.161641332108452,4.576771678589172,0.6680274344279068,0.48809367569498685,medium
15,6,6.142933547018733,0.39655161705621844,0.8120744681775185,0.7047712161884623,high
15,9,4.053125415147022,0.31143703563719244,0.45275015055082823,0.6934737832059177,high
19,9,4.4613781775101025,1.5310824383426125,0.7426293188979523,0.803318647523973,high
8,8,8.848289612499828,0.011985107667302911,0.5146685428158311,0.5828538078453842,medium
14,3,1.093653173710006,3.3689357240336792,0.3566342054416193,0.518867269594766,medium
12,11,5.1182960830006,7.667689848280492,0.6386564268876217,0.6766133530556543,high
16,7,1.8027375647423123,6.567331954559435,0.7141917295190323,0.6790561328734103,high
6,6,6.488028919924812,5.065241858612563,0.352574380646521,0.44674659707188713,medium
10,8,8.537325438558373,0.128757968371616,0.5783481821800466,0.6248112499801987,high
14,7,5.768239616732854,1.1280984673435204,0.5360819901094033,0.6496957415729239,high
12,2,7.587829847571001,1.5995497853412854,0.8017568489038902,0.5696877045451695,medium
6,6,4.5431311609920195,1.5536051334110306,0.685082205240266,0.5366590734919797,medium
9,5,2.6617236368155153,0.5650143515221869,0.7123744949424327,0.5737081366450053,medium
10,10,5.79797828003,0.3036066807659619,0.5656243647631066,0.6611008284141815,high
6,4,3.812452514112624,7.755476293857333,0.4967879774740684,0.4176544202024315,medium
10,5,6.457002795283568,0.5059588323962849,0.668740518332839,0.580375044783926,medium
12,4,4.6917924984236645,0.4818031333162146,0.6696700189904244,0.5907219829093102,medium
11,3,3.4866590466720604,4.169079849969376,0.6861584046197594,0.5344378152574893,medium
13,4,8.8714034396567,3.467625548788726,0.6363723405866454,0.5791569644587377,medium
11,5,2.6465594094441847,1.597981331972685,0.4933831357989943,0.5530234182799809,medium
8,6,6.961485529973759,0.08409803974999606,0.4328837832658309,0.5260161030548329,medium
7,5,5.883393872205261,1.2823317140848658,0.6022739491641915,0.5169059117389392,medium
11,3,1.8407750091692707,0.8060490522551824,0.6187298564171955,0.5433723109350712,medium
11,9,2.488983694415492,2.4703623762166167,0.6492741416038523,0.6583857458126596,high
8,6,3.265700752284444,1.796125094564565,0.9231961645290446,0.6126650656087118,high
12,2,2.611855592110515,1.2082511295746792,0.8081699975233657,0.5735789919741753,medium
12,7,7.269970898934298,1.0565343751618073,0.7612606968752387,0.6652085768739691,high
13,10,7.772999354949946,1.0966686445524143,0.7192974453546924,0.7315483647739224,high
9,4,13.378584346623423,8.003636063644636,0.6700362983830098,0.4956496859189711,medium
11,3,8.841710231057888,0.5669083289527138,0.523574164720136,0.5259354440843425,medium
12,3,6.7847604664173,1.591586036723018,0.7652953180882283,0.5824484900394922,medium
19,5,5.458909879869685,0.8926702346598757,0.8505711363600383,0.749163092374275,high
9,2,6.692402334639823,0.3629781210431059,0.5322651252961816,0.479033170918949,medium
7,2,0.7583508009878931,5.206534713231469,0.7201643927018095,0.45432264711881887,medium
14,7,3.1362742668493504,0.47572996399099543,0.5439655296138446,0.6556215728294956,high
13,8,4.1499849795627535,0.0495764060300389,0.3406850090146717,0.6228064924294008,high
21,4,9.147461356007959,6.27915345955233,0.7105958728037655,0.6802581514970709,high
8,6,9.788028446946143,11.972333286118666,0.5411414211675687,0.4684127289927227,medium
10,3,3.072025002038111,0.21621571362882536,0.7838415614890085,0.5653268742069429,medium
13,4,3.9552332525536795,1.021309593898134,0.6661251922515325,0.601416307824319,high
11,8,6.127230166397177,1.9018785124663133,0.7243583671427559,0.6571924833454424,high
14,11,12.711325921680912,0.08357710511213516,0.5304302067040307,0.7355288606400585,high
14,4,4.381980930747486,1.496028797989702,0.47405227530994853,0.5748369297420584,medium
14,6,2.0887151249027136,0.26208809622352963,0.6175448257819468,0.6517617111815659,high
12,6,2.6912907329200735,1.622859203766364,0.5427575238785411,0.5977324434172658,medium
10,4,4.524539969646066,0.16082358881643152,0.7200400665359062,0.572935856048405,medium
8,6,4.53494367752535,0.7831835249087175,0.5744906545686044,0.5496769074143295,medium
20,11,12.656259750056424,1.3779722615824803,0.5375709676307379,0.8183277117822644,high
9,5,3.915855120042247,1.9983415043864001,0.7456747178151623,0.5708126668671232,medium
14,3,4.083381825943482,0.04770691434318331,0.4072081138768675,0.5511235766797523,medium
10,7,4.194978103012266,1.3414768062596116,0.6245097872214527,0.6059587787358931,high
8,7,5.533316399661381,0.6334539224333018,0.8132798322586928,0.6184329403021833,high
14,9,3.1501505359277937,1.1581801121463426,0.7261080873120573,0.7275004167147692,high
13,6,6.77188669901042,0.3787544608881602,0.4456135501222398,0.6015976802851936,high
22,6,5.351338361054104,0.7694386544474512,0.5583309467134602,0.7265365983130423,high
11,5,2.739192176607949,0.6973660998561306,0.5962585145679398,0.5796025955812139,medium
11,7,3.490075533942387,3.851606960779588,0.5970302407414355,0.5987286684097566,medium
5,8,14.015374419344028,0.9824336976374557,0.4368564250128994,0.5158217270183302,medium
12,4,10.695932913117005,0.2667286468700458,0.782622705009171,0.6147463500227006,high
10,6,3.677185519178601,4.494546430130604,0.767384468630104,0.5935132508584835,medium
15,7,10.821024120705305,1.0469734139193396,0.551298894293404,0.6682799560992185,high
16,12,4.097229526745213,2.6814378049958245,0.910020535857984,0.8441278551382914,high
11,8,1.408922046905253,0.517352769972904,0.8020121650077606,0.6819534145350661,high
9,3,4.681936991096942,0.45246745783046544,0.7293602426542983,0.53785559881199,medium
12,6,9.19026934112857,0.2734155083921882,0.522559557996683,0.6026891415433886,high
14,7,2.7046163337536617,0.8031332943101631,0.5179931801282687,0.648244414063586,high
12,8,12.245220283476117,1.342839165076803,0.3160468813587471,0.5942571151712374,medium
11,4,6.49079068734755,1.2750571302865665,0.38403339610717063,0.513306298352857,medium
12,4,7.9816611798117565,0.21799373779642173,0.8453510864686361,0.6276169257084179,high
10,5,6.904379145283892,1.4232267951149458,0.708118113813638,0.5821354441286279,medium
14,2,4.929293647757429,0.42255058433659776,0.4898878492853401,0.5451605659614908,medium
17,1,5.56288771865947,2.1157291708897032,0.630396868152295,0.5869745124911944,medium
14,5,9.329303964471116,1.9859448125976251,0.6907436177987112,0.6349090914757581,high
7,2,4.9476917127173206,0.682346152542136,0.5036487882964252,0.4411807833090041,medium
16,5,5.987361810407685,0.4183327848520827,0.6035152294717655,0.6579141606620059,high
15,5,2.7772155991693435,3.690177296089138,0.8827937490963308,0.6769575678453386,high
7,7,1.6836056185230568,0.30898232517823665,0.8276029540435936,0.6084607086408638,high
15,2,1.8965605748752168,0.009499330733917424,0.4114592775112245,0.5472285266306854,medium
14,4,7.8683194275718495,0.3366052287375922,0.7093521511175522,0.6296263953652598,high
15,7,10.52150951283783,2.6220062073400805,0.6422551907035771,0.6759709967584483,high
10,4,5.451226179491397,1.468867821048218,0.6433326904065951,0.5488740859409975,medium
16,4,4.67488342995145,1.0510741752602646,0.733291202422349,0.6596510793160681,high
12,10,1.6897083758867695,3.4876365246767764,0.5816377935515837,0.673076648545805,high
6,3,3.1395203134171865,0.7013916972092759,0.8161449786308694,0.508553051078112,medium
10,3,3.6566271179435046,1.9622737606174387,0.6344454150075384,0.5238072579307248,medium
6,9,5.621170229521713,3.682855694455632,0.459302836575555,0.5373081960187401,medium
10,1,9.325425309013063,0.48467611758336143,0.7225003757919144,0.5112689010411605,medium
9,2,8.073811892568738,0.3545706151483307,0.6180917582883656,0.4962545475566843,medium
12,5,5.3665249224295595,1.3762552923600817,0.5034000318089774,0.5715049710793949,medium
12,8,3.2072352287105077,0.05726024531949577,0.2140598731500899,0.5824302396612213,medium
13,4,7.696030613021358,0.675604725073707,0.2109206644057103,0.5126801013806507,medium
15,5,11.712734792827927,1.5747143037521605,0.5575887992840981,0.6260196644984719,high
8,2,5.9312730832352365,0.9915027321515973,0.23242726314463374,0.39987543441458284,medium
9,3,11.843818171797482,0.5524259574359339,0.6905506083976226,0.529427281963285,medium
13,5,2.489108245251428,1.1162138466506877,0.6059348822303812,0.6087455508017383,high
12,4,4.194008872371599,0.6498125495516053,0.7235313193919582,0.6003741802147143,high
12,3,5.004186267496624,0.6768960550891941,0.4825923162012749,0.5320058228729937,medium
10,7,2.9212317995776163,3.0219039681320568,0.49164189212034065,0.5681823519698544,medium
11,9,3.273381952997278,3.593055457147148,0.5498972327435463,0.6310257435010617,high
11,5,9.393415005537573,1.0347925384808667,0.9106428926959563,0.6402299616159856,high
9,6,10.120182095352163,1.7107958710283955,0.733241832711356,0.5902430607354152,medium
8,5,5.339994058703235,4.274044849225985,0.5931922524819732,0.5101448181682214,medium
19,2,6.877904534755153,2.139620324617697,0.537412849217116,0.6182184343459718,high
11,5,2.1627161753781463,1.8767886788682453,0.39128416015985906,0.5307449075061835,medium
15,10,3.424129544916009,7.171284303655728,0.6416646346989824,0.7055243649154249,high
10,3,5.007364223812193,0.887775676682361,0.7883000531300166,0.5617415061147876,medium
8,8,2.4955339999852737,0.8389169918483025,0.7008836031132517,0.6145839406769951,high
4,5,9.853405608654283,1.6675201002256401,0.7208615437913235,0.49305550809009374,medium
21,5,0.5956323959931906,3.644347821082085,0.7215766397087052,0.7200196758011939,high
12,4,6.0682234908687445,0.8421366912454734,0.5017590207282048,0.5547375595373378,medium
12,13,19.407514324492684,4.932857989410112,0.4066849507093634,0.688451270212472,high
14,10,1.5325582325214901,1.619706570442776,0.4669472945963112,0.6925914151163103,high
15,5,5.350103202500492,1.0891884054681125,0.5271872539294479,0.6231761947494355,high
9,1,6.233012254311978,4.642047238181396,0.47324413162749024,0.4187018447376221,medium
12,3,2.749298771998598,0.41271285481789477,0.4503602558578041,0.5273206321394415,medium
14,7,8.69623472581171,0.478869277452206,0.5959199545219006,0.6659915290546987,high
14,3,6.209039217110743,0.9564854776166919,0.6261539188829744,0.5888542139258169,medium
14,8,11.118996852835611,1.0216357125685114,0.7632682408343532,0.715842743416414,high
15,5,9.24271807807246,0.76904550758592,0.6557617866276116,0.6510253872749495,high
14,4,7.806662077326959,0.5459351558447396,0.4815813448248125,0.5826767012593309,medium
11,4,13.290112980916856,2.1298635113281628,0.6649617621435259,0.5637932623531842,medium
22,5,14.847856167206029,0.15585410719413942,0.5302092555522974,0.7050028237291652,high
14,7,6.422702935622182,0.32699284697939907,0.46409801022665664,0.6406396497321354,high
14,7,2.9840417204452,1.5891778457418115,0.6277055794728275,0.6649465969229534,high
10,5,6.524618569116567,1.0525942047795032,0.4220268811696901,0.5273880815354081,medium
7,6,3.9678563365589765,0.036322816868444796,0.7609877410129252,0.5769553960901287,medium
18,3,6.067992299461759,0.7306836878162717,0.29524350033139574,0.5841774754808373,medium
11,4,3.0835338085058535,0.6954818848592587,0.41827001900597255,0.5240174579021327,medium
13,5,3.659725430201548,1.1364719039342046,0.6422336445836574,0.6158702495571702,high
16,6,7.857578162792981,2.9421880472107667,0.3386334407237855,0.608112101163352,high
6,5,3.2828494720546413,1.6419565080889633,0.3699394321016225,0.45304150969973145,medium
13,7,8.376397305725966,0.5348536115866929,0.6753255752013115,0.666499424296351,high
11,4,6.466359030051703,6.069950072841322,0.6837415848591373,0.5412819831528853,medium
13,10,7.93176847522224,1.9063264780661933,0.3562337908718216,0.6535379149872564,high
15,8,7.360537448916595,2.1460416183319357,0.48559150604488854,0.6678113570867648,high
14,8,5.451320438039378,4.477593834412272,0.9088973364513175,0.721928841727515,high
15,5,8.19318553485083,1.706433784453614,0.7261268819213799,0.6588491511545852,high
11,9,5.779593053086896,1.6093074401895036,0.7256581904053174,0.6794029218131334,high
12,4,6.2238260374066,0.025331002401983917,0.6774955392032589,0.5953302344913052,medium
12,8,7.284788486108909,2.0279650979557635,0.8530868929719202,0.697097611274679,high
15,6,9.481361036781564,5.591574281222958,0.36894864776512376,0.581512567678205,medium
4,9,3.0802125900689608,0.2641525554381034,0.7530020541906673,0.5888393938018794,medium
12,6,14.641654612815438,3.8340805499137622,0.3542774740204697,0.5452949578046689,medium
6,5,3.2316350740261908,0.21518319146796822,0.6901482976848506,0.5265951049271836,medium
14,4,5.951414494403188,1.1874924989739524,0.4068650768332854,0.5634563987068307,medium
16,5,5.840794924621108,5.919043934873293,0.39447738227555773,0.5794351835559562,medium
10,6,5.65026415348661,0.14783056647064285,0.8373150059027124,0.6364774640707382,high
13,6,10.556746520228504,4.381033358420574,0.5567783217864494,0.5971487753011527,medium
9,8,8.305598558494227,1.3701661077180078,0.5156592273352497,0.5889974047489299,medium
12,10,6.092503259110256,0.14478060090413747,0.5998842611647198,0.6990116482269164,high
18,8,3.709188320164359,0.9034966812604039,0.8178960675680584,0.7875559023052091,high
13,9,5.660870110752926,1.68794263507493,0.32049403077707705,0.6278458552549159,high
10,3,3.7053978408602672,3.107430555071328,0.6993204117878434,0.5291478786570931,medium
12,8,12.1167792964447,0.6225030852129315,0.7064817124940582,0.6771463219307254,high
17,5,5.691849240162487,0.2643825098272926,0.7141473274766936,0.6960669154298235,high
12,10,10.84671938986619,9.36995187912384,0.6542040940175429,0.648374472942683,high
17,3,9.793092251914121,2.7128819439220666,0.4384424220414136,0.5846026047821357,medium
18,6,3.093680739716167,3.453921930238406,0.6421987368766898,0.6954136011737486,high
12,6,6.895889141496515,1.6183676345844227,0.7501766518069269,0.6392462127974892,high
15,7,4.7485411875496055,1.1032895567562975,0.7296669561191271,0.7035781275121168,high
11,2,7.028623420684192,0.08796051480427582,0.6893410730993446,0.5422818111878405,medium
14,9,13.87384090759593,1.172782899078289,0.6089077953313587,0.7039630064057498,high
8,2,3.690563249325402,7.115140728808126,0.7924996749938079,0.4710656634733741,medium
8,4,4.867745398929471,1.2506956115330388,0.8077529732070883,0.5532126238978641,medium
12,3,4.927700408612252,0.05795033776647164,0.6796875444124421,0.5755511732973786,medium
13,7,9.296608659006164,5.542262488833544,0.3965567350937415,0.5773629304265246,medium
14,3,6.732819512896961,0.9652747380412585,0.6136335637936658,0.5862915478384582,medium
15,8,8.786985009121967,1.4168876689123246,0.24389841778902505,0.6243337657650562,high
20,6,2.369693887091766,2.625038791755147,0.732175640795614,0.7489348695474219,high
12,4,2.4387337037696444,0.9729545331975035,0.720757942163158,0.5976652248779817,medium
14,6,9.76191830516855,1.1904783616459376,0.4421671007090598,0.610496897730839,high
13,5,8.969789163908,1.7008268464689797,0.39448917271780803,0.5625589889004351,medium
11,8,9.433816288021513,0.10999706079497834,0.5496435735943673,0.6341954009802403,high
6,2,2.5952557602108146,0.7528995197561545,0.5800622405713188,0.4409931179825561,medium
13,5,6.060002347979308,0.8936742318309535,0.7902173306363428,0.6470856379150622,high
14,5,7.242651297356533,0.2524524836799951,0.7644201832835996,0.6612010200988533,high
16,10,9.46538764040982,4.400011500785911,0.9187136826385462,0.7944093265224698,high
11,7,5.468722047843414,5.579746237044857,0.27697518883828354,0.5231967295206911,medium
13,4,1.5665613439570945,0.008537164773838157,0.4874039508838977,0.572423875744954,medium
11,3,6.604195637804059,2.04401161415821,0.7774666023074404,0.5668665763671,medium
12,6,6.786151256388917,2.916551387780398,0.9157474808812652,0.6637058202577171,high
10,5,4.089152073748393,5.701563365058352,0.7141826263435238,0.5548261028349823,medium
15,9,8.16336444631797,5.151324823195972,0.709862110151874,0.7126302565424016,high
11,3,4.5467737986072825,3.752756581551135,0.8223793673313831,0.5644574962559357,medium
17,5,7.0918731386120655,5.8946619535014255,0.6267758930931319,0.6410574322619502,high
13,3,3.1261823068866237,0.9888304501704653,0.49583522626964704,0.547574842252793,medium
13,7,10.886670724856083,1.4094776058184102,0.42292515824824134,0.6101885142775255,high
16,3,6.938963011534651,3.8217816807185367,0.5888905606813217,0.5922995675981407,medium
12,6,4.006677238621329,0.9093701810017264,0.5772999609694781,0.6093975243205507,high
12,8,8.88717934081798,0.18152855080879324,0.47035095360758106,0.6328600003827909,high
5,7,6.882172826543848,0.2731688465382265,0.7553895034275385,0.5642567750419195,medium
5,8,6.503351750750569,5.910782558928655,0.716714506521374,0.5389376842447505,medium
11,9,6.33837660206736,0.3107671937843286,0.7544197753577768,0.6938121737796599,high
8,6,4.860038520149828,1.9476535371755217,0.6595738567776107,0.5589304144410188,medium
9,10,6.401737003385648,1.8747401180015637,0.5111190718830007,0.6247255469232563,high
15,3,1.6735525163199985,0.1382242812681517,0.521749220466732,0.588428348884892,medium
14,6,7.9051487826309925,1.4108106509092504,0.34482121200207455,0.5895588380610198,medium
11,6,7.1976125237440804,1.1113245914309453,0.5218329464511688,0.5819577586806942,medium
17,6,5.497889978009999,0.5969678051349764,0.587961268327653,0.6886124682979641,high
13,5,11.718174075561494,1.161438640304843,0.48446068514426116,0.5841492127601533,medium
13,6,10.386823123648247,1.5920380992326961,0.7253400960625415,0.6494544318842904,high
7,8,3.294206670822931,0.14850622550386072,0.6608126445157606,0.5961724873997931,medium
14,7,4.701181737468783,0.3248734143136832,0.5840139289345964,0.664636963024828,high
13,7,15.551673552915691,1.2904861178769025,0.7151344858840081,0.6694236563909556,high
9,8,3.7223384859883137,2.426431457230729,0.713159102391046,0.6214556107633378,high
13,6,4.191216836642765,1.5917911578694934,0.8172962280874079,0.6678473045650183,high
21,6,5.4956713931228105,0.43275325802813214,0.7963053154449511,0.7763760413688027,high
7,5,7.455448232381174,1.240160414987567,0.3890572446164271,0.47454371282336827,medium
10,7,2.4166727709755254,0.4096103345714073,0.44728024813169115,0.5767253140625288,medium
11,6,3.4911918581203905,0.1265652227892732,0.7631225468580467,0.6367807412196809,high
13,7,5.767057458691317,0.9843096132549597,0.5597565518046553,0.6403892462725647,high
6,6,2.7341832719130394,4.3774286009648256,0.45454365201490843,0.4717258730632162,medium
12,8,1.1856856525535677,0.3427214765227828,0.6405803742192189,0.6658312650003585,high
15,6,1.3547155599693652,2.3312001630763732,0.43131122331200483,0.6157209102418918,high
13,7,5.761787908569296,0.056768011925796044,0.6164742457772544,0.6579163957426122,high
15,2,8.7835743018329,1.0067624574229446,0.248304094916893,0.5079490692672256,medium
12,3,1.5340058468416937,4.21166900789785,0.3680008717925851,0.48552238097253136,medium
8,7,11.81622745594045,4.370892167557638,0.8562693383763722,0.6021145865582236,high
11,1,11.610457647658126,3.346709311420002,0.26979494462649173,0.4166475935158317,medium
14,9,5.273861095905062,0.15964109027416679,0.3493112506977084,0.6587979762043806,high
13,10,0.995348541612203,3.484103304744276,0.822919518914644,0.736356548417967,high
7,5,7.910930432015825,2.5078045474985187,0.6199216324076365,0.5122656294982039,medium
4,5,1.993015096862552,5.9687820572414925,0.2579915970991323,0.3718064390382165,medium
13,10,3.3461018337830755,3.8928016757551833,0.3836930573861941,0.6457866003055376,high
15,10,9.381258213872695,1.5601065105221874,0.6078049285146438,0.7361602756327807,high
11,3,7.039231395494289,1.8846266840250439,0.6392283893261402,0.5402814999717278,medium
12,3,8.351058817330664,2.8180482672611706,0.847812289267192,0.5907754694050306,medium
17,8,2.2513116076651727,0.300971755285695,0.5747237307571701,0.7279382677828627,high
6,7,11.066136055668338,2.114041148891162,0.4736450139857419,0.5106353951378739,medium
16,8,5.8161970352236425,3.648490133334506,0.8778479644543363,0.7512463253353039,high
19,8,7.20207158864664,3.26719311492209,0.26715155418667796,0.6766490234045216,high
7,4,3.8588799580407507,1.8950086691934098,0.5644956166793001,0.485265732207904,medium
10,1,2.2803341241706194,1.3452248272671425,0.5770932097272402,0.4764504764303338,medium
10,6,7.150735720159982,1.6706113905544069,0.6329529400491662,0.5854531787394706,medium
12,10,2.856994516842585,3.986880028434449,0.5779740210200827,0.6690156040144536,high
14,8,1.6283608199213209,1.5914898155877173,0.5183611231859839,0.6630622925332788,high
15,9,13.6428763718979,1.2175120983032546,0.2754389131076207,0.6519710352995024,high
9,4,2.6784254860689947,5.189694661573686,0.7268141675738184,0.5257648691042724,medium
15,8,3.5944461622102644,0.08681002597797371,0.766337364893631,0.7376887394722065,high
9,7,5.475539204076719,1.4330307712312562,0.726983929183317,0.6108432473617884,high
14,1,5.346693578258467,0.08646226642366453,0.6450257403650244,0.5584287329635138,medium
13,6,5.7588563725655115,4.41285989634175,0.5317694639436147,0.5919348268131113,medium
15,8,7.436243320788238,1.8571265437755653,0.6415805294743371,0.7009352622696969,high
18,6,1.632656951887825,0.6268206769253944,0.7553584788947757,0.7368928912661192,high
17,5,1.2971787493720324,1.9233411873864008,0.8113414491715043,0.7044460152517249,high
16,9,9.195893749558405,0.22091482285656722,0.21312172253752826,0.6611515790217952,high
16,9,4.9365957805946925,0.6914712686374802,0.6324211418364861,0.741874419909714,high
15,7,2.2746926810637342,0.7936558008687855,0.7336574545436669,0.7064404522362748,high
15,3,5.254930503484324,0.054713283516867335,0.6853959873810337,0.621714442252761,high
15,7,9.051444024468505,0.10424621919151107,0.717536879891827,0.7078124011837553,high
12,6,6.730923607559927,4.033544153293752,0.41701301202134694,0.5565123080489778,medium
10,6,3.2710108031834,2.962904885153426,0.5734173890912638,0.5649307785838966,medium
9,6,7.52953071324069,0.7125897518166237,0.6791779779773929,0.5860849972500344,medium
10,3,5.853549550390004,0.4308976072082128,0.4420086761813837,0.49552908452155536,medium
11,9,6.669003425336976,1.3966171655583681,0.5775236859458115,0.6511939560854398,high
10,9,10.786096592898412,0.23346771234512706,0.7637308669445284,0.6811897219732715,high
21,4,3.771270778840931,6.5661808790717044,0.5915539407307306,0.6545362489523349,high
15,11,6.83733115390837,0.1064646679951317,0.5694826725318695,0.758186770053073,high
15,6,1.5697881366119797,7.2612381707580615,0.6116543781629296,0.6189226211608655,high
11,5,0.9564274984327858,0.7892827967572975,0.5082827549686879,0.5613946656820223,medium
10,2,7.631097335385963,0.22374311467726193,0.41399528186159656,0.47130743560780425,medium
12,7,5.259507403705399,1.0080562719241999,0.254873783870452,0.564254381627929,medium
10,3,18.179085364286486,0.17099611831984637,0.692015239130774,0.5472630737040225,medium
11,5,4.589433601164699,4.7760723301332515,0.587303614145776,0.5506202406282669,medium
14,5,2.573076986719591,0.7183089901283527,0.5693699492549764,0.6190852632501396,high
14,6,1.4115895752485068,2.97961451527222,0.4925693325692495,0.6086497697453683,high
12,8,5.9265723625187,3.897527627131781,0.6221575862658048,0.6384479997389491,high
10,4,9.402125787053414,2.4675547235025115,0.5807698499616315,0.5297036051689762,medium
13,3,3.7536246999053717,0.9962593968268944,0.5356831737117599,0.5554949054301728,medium
9,7,3.0967888073993004,0.6605290250917567,0.8508293550040771,0.6407623441668704,high
15,1,1.6494621899666804,0.2773578007025795,0.5600913374089894,0.555169215477114,medium
11,8,7.53377950482992,3.412865071258188,0.46720912667622455,0.5956893915268571,medium
12,9,3.6323852795611153,3.8815259528201485,0.641583175884302,0.6624397954913928,high
15,5,4.147110574382556,2.408967487336382,0.5235830672905301,0.6136568302091968,high
16,2,3.1908242861661837,0.4523979126175064,0.7486166189508731,0.6267073377060579,high
16,4,9.147940226643616,2.3271343465444905,0.539244548592465,0.6123346807415299,high
12,7,6.960873322441964,0.9607658942166862,0.4230223568261064,0.5981993654037767,medium
14,11,1.8976165662120608,2.0621860649485635,0.5593476966098815,0.7281216322223192,high
14,6,5.963147477930242,4.435849959368789,0.776851738276242,0.6557980145927897,high
14,4,3.953627205126761,4.705572774654495,0.4548558879215579,0.5496006924199482,medium
11,5,6.214346422916146,0.17159560821135686,0.6928175736768726,0.6024195440139655,high
14,5,8.113612715343955,9.920885540963276,0.31128528183573856,0.5061178194273925,medium
13,6,2.1309818852680067,2.684316331648448,0.7072393866558665,0.6385524351201837,high
10,4,13.55272251994727,0.2088137160759212,0.44809765563218057,0.5182274396859299,medium
13,10,6.737669226859854,0.23843657824481157,0.4581775570185407,0.6850459342154095,high
17,6,6.373791989452706,0.40448015121444747,0.5320112521858927,0.6787057160957489,high
14,5,1.9669654589949426,0.739184797395279,0.3958149556776904,0.5842350924862363,medium
16,11,4.228509855086105,1.6562363949526273,0.6173822672985824,0.7724348774933656,high
10,3,1.9705371351368304,0.9938368783791922,0.7001731790735515,0.5434090566255156,medium
9,4,8.524592032128389,0.2534257685840874,0.40852216158593213,0.49501492719329254,medium
16,9,7.362873062389612,2.0277496804782627,0.8011244039566997,0.7667065495881515,high
9,3,10.993339046557574,2.9390019392053865,0.7733317069395543,0.5300729951265417,medium
15,7,5.8759888489529475,0.11257676968623417,0.5845500855499323,0.6811595053120783,high
9,7,1.368585568756503,6.811710387393179,0.6981653581878904,0.569221669054957,medium
14,9,5.203683392150498,0.876110589107724,0.5808263168522428,0.7003245261097304,high
13,6,6.5763929969907915,0.40677238308168456,0.6506778767097688,0.6424237594547425,high
16,10,6.258365612707065,0.8600936802541962,0.5356186960769694,0.7413897813470325,high
11,10,3.025515739421353,1.1193925619531058,0.7208586060262951,0.7017091041255716,high
7,7,2.5584319687704555,1.2831606833039013,0.5229154466040543,0.5410286847654515,medium
16,4,9.352342417984218,0.7666332063807801,0.566448941516557,0.6281789002607728,high
18,4,5.543553499980917,2.473912132064513,0.7118647733299432,0.675880207118892,high
16,10,3.806984222385198,1.5184549029309309,0.588169919878567,0.7475109512895072,high
9,8,7.432061176182453,2.811441543329323,0.4556067018153378,0.5673783967408721,medium
9,5,8.910945995411105,1.206233706612276,0.8157782094520207,0.5901140838463224,medium
7,7,5.200464141869646,2.623004827516075,0.6581354397843836,0.5591403891067696,medium
9,13,3.8877538436490298,0.564301257975723,0.634033097764756,0.7180446111664465,high
17,6,1.7672851262287488,1.8457998657939045,0.7306724801113075,0.7088291635836355,high
4,8,6.102155433960112,0.313369599158689,0.6777434820921738,0.5534595657573769,medium
13,6,12.370958293626503,3.0741081298332253,0.465805024517463,0.5876669507046044,medium
15,12,1.7440594365169475,5.970528732101329,0.6758651163182529,0.760369498382975,high
6,3,7.6123194115665775,1.4940297497389199,0.4674039757089825,0.4335205968102037,medium
6,10,4.079390998413887,0.63892224519142,0.5473725588566399,0.5952150301367185,medium
12,5,1.7030676834130558,0.16488507102988545,0.6430135687191775,0.6075034799369696,high
11,6,4.057923292426469,3.4741730879603057,0.6090955849504781,0.5836579630703603,medium
13,4,3.2481082262880676,0.15921429166299794,0.4415719144958019,0.5622529542880738,medium
11,14,8.620550664771944,3.0072505661392643,0.7512838798222895,0.7752084388568627,high
12,6,2.855729630575059,2.1636683571281896,0.6343978567741168,0.6124551156406355,high
9,7,7.440575356624604,4.681337540711548,0.5074597945722986,0.5452830419763828,medium
11,8,4.498086638046868,0.41703415811643374,0.8219690306802816,0.6866135784152801,high
17,4,3.842309262288373,0.02537885949363881,0.7318326834486737,0.6811973442931105,high
12,5,12.648285246955348,0.08040955547287337,0.73388783283385,0.6262415028636175,high
20,4,2.5295756370266043,4.442189906512314,0.6879987111155786,0.687985142846367,high
13,4,5.8945336813369416,1.5616676481823824,0.42117319537736014,0.5488235214209228,medium
15,3,10.19837012370986,3.2787719188305147,0.5528515324926452,0.573711827039659,medium
16,4,1.2238594415108182,0.2187147644314253,0.7155686045421834,0.6616556224788939,high
9,7,7.4302453227666465,0.8339051893394862,0.9035395065885815,0.6501485333887864,high
10,9,4.538997336997737,4.907007070260937,0.8884153894915037,0.6749696974298944,high
12,8,3.7069080577916624,0.1452940717177891,0.8909757923776522,0.7172265313307452,high
14,4,10.7515201467546,0.8714236529651574,0.5307155242666417,0.5903336138335606,medium
18,5,2.2035741758418634,0.12685234924158428,0.41012300228664766,0.6511789181290523,high
4,9,8.278905959773837,0.2680802927488218,0.636334795299558,0.5654797571082528,medium
10,7,5.308383811865016,0.7940354364566148,0.5544744333631642,0.5956013170962554,medium
10,4,6.313407153027823,3.4178341468891555,0.40892860150260857,0.4890001593212607,medium
9,7,4.311375939924061,3.450721305439349,0.3691324276770437,0.5258216768324797,medium
12,10,11.336453469775162,6.69779083845085,0.45376570812728506,0.6261012027024513,high
14,1,9.954447308532938,0.7356872050190472,0.5822234123737464,0.5415401011079556,medium
15,3,5.257078112908785,0.5880696520168683,0.47785105136713035,0.576649745926647,medium
8,5,5.360703924580695,3.0717847601843102,0.635055168612409,0.5265324686545864,medium
10,6,5.270440299783921,0.5194678703568486,0.4762798577339734,0.5617928524110823,medium
15,6,3.1245297852115237,0.43965594124521346,0.43578605552369737,0.6292261714964381,high
8,1,5.146647871143164,1.622348439575061,0.5800469246117564,0.44519372865851753,medium
11,7,3.8496175552224656,0.4883335833725492,0.2385039203943667,0.5494452268563897,medium
12,4,5.835690273063511,0.1056887920586445,0.7923010900751458,0.6177556260679715,high
15,12,4.83195585395938,1.1007544067317585,0.5541338983261137,0.7684884169536776,high
14,8,8.354274543553501,0.7245622619269512,0.548232200770905,0.674816025074668,high
10,3,5.643787725735398,1.8746444995151046,0.7985195305762904,0.5572062761184907,medium
13,9,6.769572857314499,4.021670388019127,0.8238310069258019,0.7129550654650328,high
15,4,3.720339598399449,0.7612547526182389,0.35993537344842,0.5719120430055624,medium
13,6,9.166284936353865,0.1913363007092588,0.5308304692029494,0.6198905185025283,high
8,4,2.3062903716878815,1.7833418948300142,0.5970010855915776,0.5075112711527822,medium
14,4,5.013837724612895,0.44055204911866924,0.6340454765352425,0.6138720816462574,high
20,7,4.453629025668013,0.3728901520527441,0.7019331135469226,0.7779006883623661,high
12,10,6.3352852643337885,2.7099962136155495,0.805945078751963,0.7231223743262889,high
9,5,9.549677755816468,5.107099011780887,0.8868546909050667,0.5783236114358075,medium
8,4,8.122351703982156,1.6183849418979475,0.5802277650389371,0.5052563200618011,medium
16,4,3.220836645652046,0.27578862841353097,0.6903985462030374,0.6562411183845173,high
7,6,4.0914188476099405,1.4804699771636787,0.4810196033986969,0.5113341208319815,medium
10,6,4.178300486533827,2.13626611186779,0.5543850037321263,0.5666352266673067,medium
10,9,9.508923873955835,0.18800398290042036,0.4153168939319506,0.6118100189003873,high
14,7,2.9334234045615863,1.6608382184302624,0.6274084215982114,0.6644094295301073,high
9,6,7.632260994389839,2.2896099603756235,0.7018858245147912,0.5801130985004541,medium
15,4,5.933108236114091,2.1236443079604763,0.673566967111782,0.6255557647026199,high
12,7,16.788708031384083,0.5081596446191693,0.602522098388666,0.6371166887136054,high
9,7,3.6101317781246838,0.7342319010179889,0.776778314886295,0.6254607836371391,high
13,6,6.53733091533863,5.363413794519548,0.6563929397555487,0.6105224959876461,high
13,4,5.149281144130262,0.8327826733875149,0.7416860550754518,0.6177853265258403,high
19,3,9.411828301941291,3.6254655095729307,0.7913469601708781,0.6790996219703561,high
11,3,6.571607596392288,0.659457201173166,0.4120576385166478,0.5030151463621751,medium
11,3,4.377905169218417,1.5655726088662416,0.7038738274539643,0.555337614765018,medium
10,6,7.4840476982261155,1.7625821089045135,0.6900982576499939,0.596269104137302,medium
9,7,14.233111193457255,3.283791276253393,0.5225424254773186,0.5576165432537745,medium
10,5,6.125959606093112,0.9382586349033758,0.8020472457386125,0.6041543915817,high
13,6,8.301816061705932,1.3409162601918507,0.6172243406184086,0.6295054263890694,high
9,4,8.452931079706087,1.5170550924202222,0.5091987466407278,0.5067260487120108,medium
8,5,3.3831275331741812,0.7248869090740061,0.709013399046941,0.5569701004155615,medium
8,5,3.4100398217963797,1.515246541317722,0.5076682644241389,0.5114320092760429,medium
16,8,4.33375866276209,1.4464763821753064,0.4084113784820213,0.6720390998152356,high
14,8,6.714344093236947,2.931919495084504,0.7406039587885681,0.6985746617904837,high
17,8,6.804151577150936,3.6381813705651544,0.17427506227041836,0.6256004699836493,high
7,6,5.266028685569813,0.0047836994686151334,0.4373794836549995,0.512444005401209,medium
16,3,2.4217982859408367,0.4622655207836469,0.6996811405954073,0.6368544579805238,high
15,7,2.141001526573729,0.18942351876908423,0.7501549734408142,0.7137681712297023,high
18,6,5.307315082989636,0.6569087357597075,0.7170711834207977,0.7290348451124282,high
11,5,2.6778309636587214,2.8108349314937673,0.421954923832649,0.530652085223238,medium
10,2,3.5981948324006394,5.293988616777549,0.6922018796329744,0.49314711848141124,medium
13,8,2.8206446703448,3.3228416146063084,0.7875048341970775,0.6903486894087068,high
12,6,10.399561080341703,0.9487148128941948,0.4664474879974953,0.5869647321802045,medium
9,5,10.225549358982958,6.860649956436899,0.3581720352261653,0.46089674066898706,medium
14,7,3.732289989021748,5.331181632089433,0.8031888117997921,0.6750965514793622,high
9,8,2.9601209941575872,0.23660073618324792,0.6909521894542275,0.6316130996496239,high
11,8,9.285757515356952,2.125330866812286,0.6742257287017149,0.6456762732949277,high
12,7,10.863332175716339,1.1938455025608259,0.6212387836747381,0.6362887867178754,high
12,6,5.668625199587439,4.481894229991756,0.598632018129092,0.5898471087592068,medium
8,5,6.002389600165647,2.1835547968814097,0.738200892812595,0.5530831465833096,medium
14,6,4.912856101617648,0.730560683986853,0.5912779040458757,0.6433851762492628,high
1,10,5.904942950773067,1.3730504586958636,0.7396890451500089,0.5537841393053626,medium
11,2,5.546090318495215,3.0902225628934787,0.7641750278628484,0.5372335218199465,medium
10,7,8.229528115231751,1.2646552218950693,0.7614765461652208,0.6338642744204104,high
14,2,4.326589176343566,2.780117946608569,0.6764658893276959,0.5667590582214821,medium
8,11,5.444237523701608,0.14253532980440248,0.5815860887566217,0.6553669822192949,high
8,4,5.984171962832029,1.680261898862266,0.43609102346487993,0.4760164587005609,medium
21,3,4.925380687228417,0.46732664652868217,0.49024658582408465,0.654933806187959,high
17,4,3.971175831807044,0.8607692884318059,0.7337912478464026,0.6760197876464018,high
16,8,5.308141335227617,4.488292255667882,0.5942431413691862,0.688926679902718,high
16,6,4.334282666167585,1.8694782765197313,0.795524153599907,0.7066416422098498,high
7,10,11.964626745226534,4.280696408667003,0.2592353747101971,0.5283090988842594,medium
9,5,10.79008166932691,0.6753541083724605,0.4152266480749282,0.5135429688925026,medium
10,6,2.0401108895683993,1.1185729495876657,0.7308980968313049,0.60872246636901,high
15,8,4.475242124970448,4.422905421296303,0.5428615528383952,0.6640862744257037,high
7,2,1.233693106687954,2.0570129911408124,0.9432259574781464,0.5199317715546905,medium
11,7,4.782336886520991,3.0217762452072465,0.5651630003517314,0.597887425102298,medium
13,8,5.275282130236083,1.6699024365560533,0.8071372761646665,0.7052947723225597,high
17,4,7.785809438923047,0.565493529277625,0.42243986061161176,0.6157180152604715,high
14,4,13.233233903167319,0.9348403009267301,0.3989116723626921,0.5635500657996936,medium
15,6,12.59924708187441,0.6297591983244153,0.4973099913458382,0.6402636036136716,high
16,6,14.092693394379632,1.4874629367806662,0.6757946244720957,0.6852425053158814,high
9,4,7.35897910272573,0.6633122968867766,0.6459056370594009,0.539759045432635,medium
9,7,9.70248859208933,0.11183180567812577,0.6228818028858596,0.5988308152059845,medium
7,8,3.8070712204029755,0.6103430475100813,0.4358938297702143,0.5481098123039757,medium
15,7,6.7812881456298815,1.1244950421408924,0.7098733539640805,0.6994780371785435,high
16,1,3.813555509462196,1.5040233269744885,0.5816664137393217,0.5663064605680345,medium
19,8,4.681020117765251,3.0487369558782884,0.546064580591839,0.7338880030791791,high
14,6,19.352235636151413,0.6586183349889009,0.6318100348341841,0.6519712180669108,high
10,7,5.374013246589612,0.4524949427704882,0.4109655020894145,0.5691764674660796,medium
10,8,3.2869423617101585,1.182642885199249,0.8573596239770225,0.6735876388940761,high
10,4,2.1431216577688588,0.13259996386997058,0.3536880358773209,0.499853607416331,medium
9,4,9.954674480422378,5.933287381289232,0.48452692818830095,0.47235013642906537,medium
17,13,4.938929926936108,0.2027831853165084,0.7564670935084844,0.8649415307995868,high
12,7,3.7327498426890906,1.0245257005122586,0.655336535833831,0.6442371358300177,high
10,7,11.369354537455788,6.705019795816878,0.6651115472219066,0.5783221774722688,medium
19,7,2.3262321717758137,6.9208136372469005,0.6786764173867771,0.7145965258957093,high
14,8,3.481035913094451,1.3069397410987165,0.736412828240053,0.7085696340406857,high
13,8,4.66178837089967,2.2122859082165682,0.49709659966648284,0.6396707472118528,high
15,13,1.0781709825299435,4.107828936023582,0.8462858618635724,0.8268716461325574,high
14,6,3.157940949525698,0.4509018525786507,0.26419910303689426,0.5798338082568544,medium
12,8,6.182778398197151,0.8569972117746325,0.6259918892501183,0.6594850631048594,high
19,8,12.29489653312913,0.8486522203342759,0.8357826167257345,0.8064988418762518,high
14,4,5.649307236625962,0.21789839504724817,0.5248589333621053,0.5935191307054395,medium
12,9,8.537914140971168,2.076450996332275,0.6628217236584555,0.6787213380894759,high
6,9,5.542306828279533,0.06622405738818932,0.2668801124736987,0.5229345287788185,medium
11,3,1.9544885248843225,0.33718064173621226,0.5933369858450509,0.5414195262241022,medium
9,5,8.146515294786045,0.9828381036260672,0.6504435947732872,0.5585364649304837,medium
12,5,3.398896326429788,0.41286390327020495,0.6410672925238964,0.6054610324829779,high
13,9,4.419455197808316,1.3402712584225314,0.6627118186688725,0.6986072220109576,high
15,4,7.837214778357328,1.1790626886993314,0.8395134352426478,0.6650422691238673,high
10,10,10.727501086213746,0.002559406892216911,0.4712665036344968,0.6442362380142845,high
12,4,2.9439092860724347,1.3534101960389362,0.2715193335208064,0.5052811320639018,medium
16,9,8.35272931831934,1.2149229833703699,0.522350563602434,0.7163706261646843,high
17,4,12.519477479213432,0.04498695424814377,0.6617001463390957,0.6670401162394983,high
11,6,6.3260743665065515,0.34690952312122325,0.4576788813692836,0.5742230461197153,medium
11,11,4.104799384996511,3.200685914953488,0.5719648370811181,0.6780550613165337,high
12,3,3.0373289319762575,0.3324812212727333,0.32000959794809725,0.5017853781144679,medium
9,8,7.953682068192128,3.7123690704205243,0.675288075253138,0.6053084879144909,high
12,4,4.747988004394617,1.995243295949512,0.41013862126174755,0.5287261022793528,medium
14,6,5.736583800046629,1.1126221480060365,0.342512657182107,0.5910850504497145,medium
9,3,10.028128452680521,0.13592427549132072,0.8624584670270682,0.5665855315688049,medium
10,8,7.884518168078498,1.0384918804921466,0.3606004548838399,0.575196811773487,medium
17,4,5.549765240135863,1.8134184489473342,0.6904995352546068,0.6610104507246058,high
13,3,1.631740573509844,3.052091172184073,0.37252985411316153,0.5091586963414052,medium
11,10,4.898873740976224,0.19090266745678014,0.6111968654528527,0.6859666886408586,high
13,9,2.8644950905489717,2.542774230484404,0.5221631261170993,0.6624807970201906,high
16,5,3.3967483832057885,0.9343482889443872,0.5050594613587822,0.6347829036787939,high
18,8,5.938219938956622,1.3171837596526157,0.45266671033536143,0.7117521170027216,high
13,1,2.5465367702790784,2.820820238512064,0.4629713353790827,0.48878879881906945,medium
13,5,8.611505180357234,3.802508524660337,0.6785014605002483,0.6053502352689808,high
5,5,6.2225958664171666,4.367066755291649,0.6827511073194467,0.48243644309527833,medium
14,6,6.59751578983854,1.5235033073055955,0.4981951775460015,0.6194823467938296,high
13,6,2.5858223881302376,2.8852110147239,0.7318580459731585,0.6421368690964724,high
16,3,2.6931811936404033,1.571825201036652,0.6868980920867558,0.6269007837437734,high
14,5,2.4079939860343913,3.1802503175291865,0.5451399943632315,0.5978263300891185,medium
14,6,3.97808571282471,2.424097486386735,0.6346471047982541,0.640768771050406,high
9,7,11.055146088145522,3.6552171781481917,0.5192157494690292,0.554475035372818,medium
8,4,3.8733946847696332,4.780926746341213,0.5796715457408848,0.4840614641725689,medium
11,7,5.109921451809514,2.616168255525753,0.6334477888401706,0.6142484360645291,high
12,3,8.91437565017204,3.363536675538528,0.601236857632833,0.5378237936896431,medium
10,6,4.571235429045283,0.9159102261196466,0.5941345028441177,0.5827208323946926,medium
11,8,9.588459672257734,0.7717668154003314,0.3854389596617381,0.5969426798296787,medium
16,4,7.036259299198907,1.0770406359055371,0.6247931289366874,0.6377783548813006,high
12,3,4.434123074131109,0.6834258584876627,0.7004749682869086,0.575538821267464,medium
14,6,3.363028955432047,1.9188807109633363,0.5551199371807057,0.6282314493630522,high
15,8,6.702226641632589,0.7231229762449538,0.47074892590286066,0.6743289653389392,high
10,5,3.4561045998792874,2.039599802549652,0.6479582897057361,0.5659943259241496,medium
14,3,1.0457673630937587,3.9489358343425818,0.48929094789552324,0.5415319506834875,medium
19,6,2.3363887545258692,2.857410421775677,0.5146632220944518,0.6888832416070525,high
13,9,5.404124706627158,0.3595591513916119,0.7985686644782398,0.7323166718863705,high
10,6,9.532998295991035,0.9955918034850276,0.7162145911317339,0.6066056395364466,high
18,3,8.077219120286337,2.6646375620355003,0.9042531296529146,0.6930863755170129,high
18,2,6.69174019310087,2.3042594387566924,0.789290394729473,0.6524963493541833,high
20,8,6.964162220802415,1.305807017983976,0.5515927758217494,0.7616131750444567,high
11,8,4.7857602910346255,3.0804688887731104,0.7061837881069438,0.6457002983629013,high
12,7,8.748151828426886,1.6964538956274484,0.7500434835245827,0.6586990040674002,high
7,4,3.917591783879402,0.43783191683439315,0.48328953550156695,0.4787390276547508,medium
12,6,4.432379594019039,5.290760827800331,0.49136561126624695,0.5630013834012472,medium
13,13,3.0413493169399333,2.2372347920532913,0.6250768672505235,0.7651004748364161,high
10,9,9.022437311219266,0.5426411098346497,0.7115562494863152,0.6686936424983654,high
4,4,7.036553758888659,2.5656976468005332,0.7062346020065031,0.46414226942263037,medium
15,3,4.705483058371787,1.4042694555731676,0.6516136088047523,0.6059609253904626,high
12,11,1.8260544856050729,0.9534354960005057,0.56231484531807,0.7061067324236106,high
14,5,8.704853166034695,3.3925798495544095,0.47269374795464275,0.5819215505938992,medium
12,5,7.695038310407561,0.6707410727991103,0.7862798669511254,0.632784366238231,high
10,2,4.070591879715066,2.0372051492202083,0.6278657848427766,0.5019917893070873,medium
13,6,1.527399892553079,0.0340148572574459,0.6631083912965104,0.6473949125442524,high
9,7,2.1021130799194645,1.0266859970804847,0.726779146267129,0.6135112559395559,high
10,2,12.445678503921961,0.4050757432446237,0.5187294895707176,0.49104539295917937,medium
19,4,4.504493883034796,0.49252227953793454,0.7242516857893335,0.7065668552942805,high
14,11,5.620146097539012,0.09119021891611225,0.5968959686256012,0.7487712589323462,high
13,4,4.485413598240957,2.3407470666955303,0.7436502611543031,0.6081250717862238,high
11,6,6.759573021013844,1.8324363252219324,0.6085750816048088,0.5944987741528156,medium
12,6,3.962786084343693,1.6466565228181154,0.5716102399078454,0.6033443378294483,high
7,8,7.082744570518534,0.41155845857525647,0.8020064187112392,0.6226575606850795,high
11,9,1.9810730226885012,0.4859426329081802,0.2769650764621607,0.5971533977397109,medium
10,2,6.98583179065206,2.0452970684326366,0.5681893200570188,0.4900025502218529,medium
18,5,9.04620587948208,0.05043467062530112,0.7549250307618908,0.7206487750148762,high
7,6,3.811443474189165,8.919583885514193,0.5487942593594103,0.47529495930178745,medium
14,6,3.954637011322175,0.6401783539200036,0.5280641719139145,0.6313449786899828,high
12,8,2.915664120349764,2.990806176551054,0.5629182796397879,0.632644948084284,high
13,5,8.943105167373757,0.77995902210288,0.6175048151950545,0.6133012362249917,high
7,10,5.624853974609607,2.7541154587190384,0.5370730150492601,0.5940538332850585,medium
17,4,6.680188104571991,1.509380176476593,0.6392261273308463,0.6527826909563254,high
14,3,5.923300605753527,1.0714205197701778,0.6841038408516235,0.5996779647051902,medium
15,8,2.434638340334102,1.0676769186673796,0.5794552413076475,0.6937732021370804,high
9,3,7.305414415996741,6.050673744426337,0.4223247055850414,0.4391271161541661,medium
10,7,9.822819456677735,0.48894553506620114,0.7035645355741803,0.6274532702143947,high
13,9,5.130994670237513,0.6046973224533855,0.5498397671935568,0.6809366379556888,high
15,0,10.192733359604384,2.2056238405533213,0.6197802789910613,0.5342518968611901,medium
14,11,6.86956570257056,0.3003549595670276,0.8018041581246681,0.78835846522782,high
8,6,3.903300867897527,1.4638328153628597,0.5367772194700131,0.5375965584582503,medium
11,6,10.993893837025263,0.7960467259725295,0.6716992012415766,0.6140328620751652,high
9,4,6.029063131108478,2.139557926754768,0.6115826405890221,0.523052808606106,medium
16,8,12.795752032529649,5.224755762439337,0.5279567788325016,0.6707596506835715,high
11,5,2.1970103969432717,0.02050122466512593,0.651399575382638,0.5951432402454268,medium
18,1,3.0468146691639806,0.9149636871596933,0.3309488707933712,0.5500900162442763,medium
12,3,4.006253349653482,10.785546187323643,0.6942952509391004,0.5069554089389958,medium
8,3,7.518791255834103,0.316102062255694,0.44331833546677135,0.46655632001164965,medium
16,7,4.629565712544712,3.5923891042718417,0.6385093818246182,0.6837526156697781,high
7,8,3.869076742399958,1.3058058412760047,0.8238868445859989,0.6210719966420264,high
9,7,1.1423993259371206,2.6117236864964553,0.645825801161629,0.5867536689890162,medium
11,7,5.231214961700325,1.8537980232177211,0.6145457781183291,0.6155505021355476,high
16,3,3.0086239473400753,1.0742790891597342,0.38540986011709866,0.5699201114290215,medium
8,7,4.89566861948585,12.07218300189847,0.7421527050314256,0.5279493209936287,medium
10,5,13.000150485061464,0.833811130821193,0.48295374847974076,0.5410320088238069,medium
11,5,3.378026424474172,1.7942396009253865,0.540101250921729,0.5610586528448432,medium
11,4,3.045658544539745,4.448908281221367,0.40953073501325105,0.4972467584611744,medium
9,4,4.71405871773084,3.140098296681664,0.6434218365627582,0.5227503786680072,medium
9,5,5.521741386863958,0.09827549319411402,0.5925507707472989,0.5528549841948324,medium
14,8,2.3631672579437684,3.013170014273289,0.5314225236294691,0.6561967046307385,high
8,3,2.656907863754476,0.9258933513992852,0.6637860536877844,0.506584588394895,medium
13,9,3.3407756398964326,0.8905901515997733,0.40890135369195,0.6508430030610582,high
8,4,10.461628493172274,0.44987398649873594,0.4551994748847942,0.4880407350669673,medium
10,5,6.340272565209851,4.23291508438663,0.7591345604266618,0.5736074781894216,medium
5,10,3.212788816868943,0.7205891616659823,0.29439306198455034,0.5290746846524702,medium
11,10,3.7759299335677117,1.8858124484875713,0.4887642630704834,0.6501807696241796,high
12,9,14.402369651543781,1.4567772129621812,0.555062644555873,0.6613006808247601,high
11,6,3.027242430285512,3.8354993638533608,0.47151161103319145,0.5537323264476159,medium
14,9,8.951053847477546,1.6488402601944632,0.33576914866709184,0.646161561332122,high
13,8,7.703225771695017,16.82635352409153,0.47567298047368267,0.5379589059341263,medium
12,5,4.903088857158914,5.958397993533328,0.5897779548354586,0.5582329376768695,medium
7,6,11.125344063085368,1.2991786330557147,0.7258473711624731,0.5615082833454565,medium
11,4,2.131058743452444,0.3615002743806589,0.5442106632313244,0.5514321308170604,medium
7,10,4.183324657372575,0.9753977831979029,0.81711515377693,0.6619203788674,high
17,6,5.0703908377903675,0.5132590746914023,0.47312628877462193,0.666203530590315,high
9,6,3.186505275734665,4.044405882337566,0.568312041670607,0.541699702451871,medium
13,5,1.905192438438394,0.4035253723500361,0.7425862006099897,0.6408270709729977,high
8,7,6.352360237883325,1.673470241378558,0.30434436680057514,0.509712405084258,medium
11,8,8.722707971629838,2.184547819578904,0.7608048093384183,0.6625973097371577,high
12,6,5.751256129725772,1.606048242126234,0.5455786551596193,0.5984087427510824,medium
9,8,6.864339639553401,2.0784662212160057,0.5540920857538169,0.5919619756759901,medium
10,4,4.085114056457364,2.203581669935547,0.46256366934258164,0.5078221894022793,medium
7,4,6.691177786477003,2.305043689341106,0.585613387001406,0.4867557194713405,medium
13,7,14.84648051034779,0.9831921714353185,0.550171458650898,0.6384796772539442,high
6,6,3.577928814829848,4.901582830384574,0.46777543413531353,0.4708778679578322,medium
20,6,6.291066098675469,1.4357231819673397,0.331852592515414,0.6767990306233006,high
9,4,10.880170181593359,0.5539269688451924,0.7757188528263296,0.566450924106298,medium
13,5,8.484744436035816,0.4320583213527583,0.5121639165575531,0.5945523945024922,medium
11,3,3.968933988289013,4.828542358926355,0.39945406999683614,0.4727005316065249,medium
10,9,3.145146998553074,0.9709226600667287,0.8687894206643688,0.6972850663990955,high
11,10,2.5479273264923465,3.5923630665754276,0.8536341277618343,0.711777738441864,high
16,8,10.00852171460923,1.431341430531873,0.7400024822691156,0.7384582202502774,high
10,7,4.483281504722509,0.6628174154042222,0.7588341293006666,0.6373480430907719,high
7,4,3.976561929807959,6.251577759349841,0.5619421495970461,0.455711244857077,medium
19,7,7.954883933995385,4.430878082658208,0.61470030457564,0.7184008736974066,high
9,11,5.684526133936883,0.8198074322826424,0.47949213654809286,0.6454330444277343,high
13,1,0.39013606035512494,0.5668719797143263,0.6436837537906831,0.5399576042267078,medium
13,13,10.103797929037253,0.8820549728618174,0.6144101218638053,0.7720016578870157,high
23,5,2.368056576582854,0.9880092055838315,0.4166029212009929,0.6767338562029731,high
20,11,11.637396889981618,1.69809883550455,0.532206800692444,0.8151207012351251,high
7,3,5.797318191205235,1.2402637808683203,0.49301182180576336,0.45533393915536385,medium
12,4,5.865394014266773,0.23457824103063749,0.5693905054343629,0.5723142461466684,medium
11,7,6.11675542986157,3.006257394897227,0.8155305980429121,0.6480644036426009,high
11,7,2.3006210710793744,3.6942314830033944,0.2879406010815806,0.5379599103296269,medium
16,7,2.6764136398023446,1.8637583632879073,0.6327378986062254,0.6941225239659924,high
14,6,6.524562123357779,0.654283857389677,0.4680421081335246,0.6192465292441071,high
9,4,4.009610638768731,2.161070463095996,0.7652839692197316,0.5536496574233064,medium
11,3,6.420963161140631,3.1036971473928268,0.6678219340584852,0.5378730724957449,medium
12,7,3.362391244507914,1.2493368398132574,0.47820974844166214,0.6073130374229107,high
8,8,2.212264877142487,1.9568616766577485,0.5095186320349054,0.5688579818959295,medium
11,9,2.34398802468373,0.07019903082462975,0.6977536330311196,0.6840827330673931,high
16,6,6.233731695049922,2.5245779318585675,0.5540668808377551,0.6539828566218272,high
7,5,2.3260930060609404,1.5439501825672008,0.5477749020205838,0.504261979187002,medium
12,7,5.223165645626226,3.0941279087283187,0.64205562750961,0.6277836061103998,high
12,9,12.204371052050806,2.142436822020263,0.7359912263509331,0.6929153331233849,high
17,8,6.408996690704159,0.8516621768800562,0.7150277664561315,0.7523278054453594,high
9,5,2.391074894695964,0.06147791390777476,0.6940586050540325,0.5734018682514214,medium
11,4,8.21497566327402,0.11898085933710874,0.679298530775239,0.5800665004261337,medium
11,5,12.534167379734608,3.8394653005293655,0.40021290076484994,0.5194461448161076,medium
13,1,4.299872935718257,0.24518072216885728,0.7621709494878867,0.565799651749785,medium
14,11,9.81490760521713,0.5834147710148739,0.641408768012716,0.7543923217957774,high
11,4,4.630273521138395,4.287572934493344,0.7919161418809749,0.574799408812906,medium
11,5,8.672336224734025,0.8335894028316528,0.8581747974104864,0.631077696796553,high
13,11,5.737172796965901,0.28052673777935977,0.42394500501259014,0.6979188227506556,high
11,5,10.303699186559914,0.8558393368192675,0.5745093249675616,0.5741962694147172,medium
14,6,5.310089604172602,1.4323871658563758,0.7420245107352965,0.6688556543746835,high
20,7,5.137890860119551,0.04664648356861329,0.7102190407258893,0.7817328315880536,high
13,4,2.142957824009612,2.0891300652031326,0.6550740478653736,0.5920872758050539,medium
9,8,6.2972702991621325,2.8191313489695142,0.7067609850989384,0.6175579880266577,high
15,4,3.0381195192294905,0.303554546700261,0.5357287969014355,0.6101220624022854,high
12,8,5.240776222021156,2.122009375350685,0.6791005597815701,0.6616733827873095,high
16,5,1.6535272443017501,1.5843095541960293,0.7572590240877988,0.6808897411229196,high
8,6,6.8717595626956935,0.9256860571366191,0.48920654251728174,0.5316700681225455,medium
11,2,7.123800826660415,0.4451946093793011,0.5232231498000041,0.5066766658974722,medium
7,6,4.045395121281188,2.2031308387336312,0.9350201363888281,0.5973164883528748,medium
11,9,2.7395025302499185,1.6546713180619639,0.4565231506062337,0.6252734880008337,high
14,6,3.372514753788429,0.39926643226238373,0.7289264443403406,0.6731235126529855,high
8,8,11.838346640474736,2.462629797338015,0.7643344128331663,0.6164493505843799,high
5,4,5.508151484135119,1.1720790423676837,0.8435339177883134,0.5158929232752114,medium
11,7,7.918470627425706,3.002136362469962,0.2669329801380368,0.5383723536111409,medium
9,9,5.523950118414234,0.149689722374796,0.6940753722081618,0.6528171429591336,high
13,6,4.237809495930067,1.9059924401677812,0.5755383600335082,0.6174010557389165,high
17,4,3.4460462375571,5.613361114225546,0.4205136763702933,0.5816803278458884,medium
15,1,4.851685559526773,1.3475030130441443,0.7413826272866372,0.5842931720370331,medium
12,8,6.604580086714563,1.3564566130182794,0.5524399663766987,0.6414449491885512,high
8,2,1.264357124534063,3.6581384145144193,0.5134071237797884,0.4382938353258615,medium
12,6,1.2795555920630497,0.7281954972573438,0.7263469178987322,0.6404147469313641,high
10,2,2.268185103779813,7.447308564358365,0.6947571689122458,0.4793027100200601,medium
11,6,14.763419296356684,5.590505714403311,0.41863445658351495,0.5314568532206809,medium
6,3,7.1300867921935565,0.019104532441431912,0.4670697937032079,0.44328659519103203,medium
12,8,3.189024090476846,2.5960604124570357,0.6800027120018132,0.6586934729839824,high
9,5,1.4264721785984211,0.3568915488168382,0.798837490661628,0.5923882211402134,medium
16,7,9.543950821030876,0.0522055887926704,0.42728480383124395,0.665108923507631,high
19,7,2.275572645735697,3.8066976667180463,0.8643651059085585,0.7724950367369248,high
14,3,3.1128622133975288,0.2815188179696871,0.6728442258898455,0.6026920530581712,high
12,5,1.7662897370781776,1.1361704053860904,0.5534699877158157,0.5831195281739225,medium
5,3,2.871718627896359,5.01606394665517,0.5367667833014862,0.4089129303492628,medium
13,3,9.02454569004233,0.837791601767413,0.5606457767521502,0.5615438780053139,medium
15,7,4.876717631821778,1.6216604987575367,0.6944345499408048,0.6930758399964441,high
14,5,5.6863439358463,0.3373232849110638,0.5142096983150168,0.6105931177635963,high
11,2,3.348654587119466,2.0928829768241863,0.554641721704486,0.5019757911620693,medium
10,9,2.660675640701219,0.9995823917412032,0.7269463270344725,0.6687253827952864,high
9,9,9.994655258266686,2.3132550341870997,0.7692952764515232,0.6534373550623906,high
9,7,6.408345390307494,0.430322341212032,0.7532867464734274,0.6227885336866053,high
13,8,5.538757114045937,3.1816276502258587,0.8496760401454481,0.703724357027584,high
14,5,7.795226294100594,3.464141088576571,0.6987380895165347,0.6266533439794632,high
14,4,2.058855029592167,1.1573774079384462,0.48628743726970164,0.579541638067684,medium
12,7,7.3107545811143035,1.888513397543309,0.7929899887587214,0.6660079084347889,high
9,4,2.862574086338743,0.6357953097951181,0.5060827466908829,0.5119779139395425,medium
16,8,6.869055697717275,0.29184327459398823,0.6584807140632754,0.7297505209820285,high
9,6,7.41341761409017,4.99053778276732,0.4810647127803082,0.5179426906709461,medium
13,6,6.423053182724982,0.2119126453563692,0.7688582596885787,0.6673589009686733,high
9,5,11.109046190111187,3.665336693830947,0.6493712050426794,0.5404386630496629,medium
15,1,16.760986120374206,0.24026411895918084,0.7514460303803434,0.5936874452830074,medium
11,1,4.10177524128834,1.72178539456388,0.5035732570060472,0.47423608210411694,medium
8,8,9.648798998806544,0.5700726629050495,0.5995421027882132,0.5961079361382756,medium
7,4,10.377264041136355,2.32451870576836,0.4033879839634069,0.45018080542089234,medium
13,2,6.635004243073604,1.5751479410444944,0.4921728494103465,0.5229335836084393,medium
14,7,9.45211188871037,1.2513298914891227,0.6617537526189335,0.6740085512471926,high
9,9,1.4896804909194001,5.489810597826053,0.5243318046435652,0.5832676236098727,medium
12,6,3.408768576346873,9.315829754513421,0.34028211525323093,0.50595089135389,medium
6,10,6.619953972616775,1.0828346742480197,0.7273063150538221,0.6282423651824443,high
8,3,3.22918900753673,0.041846021180175864,0.46434969436914214,0.4725909653992939,medium
12,6,4.386995169266586,3.4616759062629674,0.4743659954836442,0.5717953597216424,medium
11,4,8.958827708667956,0.7221821366395805,0.5095643476230509,0.542098321947013,medium
16,5,3.4311815721542223,0.4672931040725259,0.4903779345855463,0.6349602995566257,high
10,8,2.802326814701994,1.903283879982787,0.7012666311078007,0.6375647670216749,high
14,6,15.90308832250662,0.4867640861439425,0.6794810378140955,0.6626511136551929,high
12,4,6.107001137511746,0.7196314840582565,0.8273877556051011,0.6206800078939653,high
8,6,11.977338982516509,3.9149982460322152,0.52751651004889,0.5194033137028966,medium
9,10,5.03661457941805,3.381744256970099,0.6344061107290054,0.6393362604326671,high
17,8,1.1135842240065115,0.9454288353738515,0.5610760849336193,0.7209123580842316,high
9,8,6.6024368513450975,1.4512578083601615,0.4719737264365081,0.5797196932315672,medium
9,7,6.502117677438758,7.730674051867967,0.7059812462825616,0.5646584222440593,medium
14,5,2.0706806830766435,1.6632928797624453,0.8563087778447872,0.6701731363705412,high
9,8,6.775418878147313,0.9843758993480269,0.5832904715644089,0.6050955883172283,high
9,6,1.6237351081864597,1.0501410128690503,0.26511114306918976,0.5010212885280443,medium
17,6,9.855857807471486,6.214998700053008,0.2877479660737858,0.5911162685477371,medium
15,7,8.3124867102249,1.3688727591743035,0.6311068162730371,0.682095544860112,high
10,7,8.299813492614813,3.1789356710040058,0.5558860044580606,0.5799842964182521,medium
15,9,4.328617610272837,1.0846424967289703,0.5779723292622181,0.7133635158742505,high
9,5,11.310460546293067,1.3347430158750921,0.4762977177505497,0.5213612567776092,medium
12,7,4.774498235304387,5.274437085251543,0.7738331581500216,0.6396037177283274,high
14,2,3.4667360631362087,1.910249548254215,0.7062594064563258,0.5785168843029038,medium
13,5,5.334335543693506,6.507270046160998,0.5415425149054371,0.5599267026733474,medium
14,5,5.234184480621455,2.568881783384185,0.5313301838543543,0.5991401582149763,medium
16,6,1.994415332582029,6.148494872018454,0.5093169346711784,0.6208734211207794,high
17,8,5.287378198193003,0.10660737921909255,0.7197442971318355,0.7582381435649066,high
11,6,3.2718080477759592,0.33488382558404,0.47173355195676525,0.5771141515541263,medium
8,5,4.235249816253783,1.192698143654447,0.363670212562786,0.4847827215548609,medium
8,3,7.5624278380008265,0.15477213838483148,0.48982020792929293,0.4769322273299597,medium
6,6,7.244257215983339,0.18530403224134875,0.6734918061969964,0.543463001024457,medium
14,3,4.909694147847791,0.5728184538150126,0.3321495322864487,0.5326111167651897,medium
16,7,10.8229720557154,0.19609933473257332,0.6964669191862146,0.7179860549390258,high
7,4,8.289050496700433,4.354493788867832,0.6643925363628235,0.4888485486801125,medium
12,8,9.782650056116594,0.42172474517180064,0.40338222895711123,0.6178649474902769,high
15,4,5.473724486703163,1.0361644725589476,0.8923741190139954,0.6765670606524061,high
11,10,4.021579517298844,2.5827210210107343,0.7627392582116092,0.7003297115022503,high
11,7,4.355435688803164,0.5470653454098202,0.6709987272051162,0.6355526431382912,high
9,5,9.325957757045295,0.10178203239627594,0.5762209494585036,0.5495656430090589,medium
8,10,7.932083974003293,0.5002425721818611,0.6074580545272633,0.6381566604242402,high
9,4,10.885599448119878,2.606149254180492,0.5505482233403726,0.5077353163068713,medium
14,3,3.039736044862185,2.4589664503689384,0.5619267010843625,0.5659922305477463,medium
14,7,1.4071241270114005,0.8270968257483374,0.6490079576144713,0.674287612684572,high
11,9,5.003361791459779,0.6262900617996073,0.5287638905712626,0.6465775110355885,high
16,8,4.152234046739792,1.237441483466048,0.4219100918231305,0.6761324084748525,high
12,9,11.630573246330956,3.9438201957559147,0.7446600084708166,0.6826398670557905,high
13,9,7.106019620177278,2.200822495894423,0.3796171108503838,0.6362512721974473,high
12,2,9.292012466870634,0.16165387712467008,0.3698466336054,0.4928916342069155,medium
12,3,9.33984251947744,1.6338000839854314,0.29614759996588474,0.4883375194332741,medium
12,4,8.00712055790747,0.02994515572457543,0.5570880381529334,0.5712179732590895,medium
10,4,10.66694828657991,8.402809660273755,0.6375877124884554,0.5014988114291994,medium
12,9,2.2047222563134206,1.9952208144796486,0.76188400630416,0.699075329164301,high
16,4,6.291044178516575,2.0581664744741963,0.5001553704791468,0.6063099642660014,high
9,7,1.268816539268557,0.14498940632411442,0.571423915606197,0.5883181870790787,medium
11,5,16.974874572848325,0.2634635434430688,0.5709952024017897,0.5774426168574043,medium
5,9,7.116258438114846,1.5052910379117583,0.5443755585250197,0.5538398381189256,medium
8,4,8.01147439469668,0.6875834600454233,0.46506510523037625,0.48842913131243915,medium
12,6,2.9474635834546263,0.8033232776341866,0.7573857595941231,0.6461216634012634,high
13,15,6.552163767517748,0.8023088866955084,0.6127976083299091,0.8122107957546785,high
11,4,1.2965073233813063,0.5047119114581481,0.5246971140370493,0.5465746767310222,medium
5,6,11.917113883961756,0.7087734119756469,0.541742134646242,0.49862327084941077,medium
6,5,12.429489943977547,0.37070542963119274,0.753488479738376,0.5382263264168006,medium
14,8,1.7257398564910666,0.35915574188596927,0.3758152691585282,0.6427686822191325,high
12,8,7.90490722090294,0.03812396106416212,0.6869523069927024,0.6771363016581128,high
15,3,9.895794889636528,0.009173716143257508,0.8016970124056189,0.6452782443735021,high
13,6,4.91515533839627,0.07005869124944458,0.8293605991636549,0.6804050618910681,high
11,2,6.29343805289372,0.18399718987559524,0.6858243810175677,0.5409382282710096,medium
11,9,6.3106626423087135,10.118409510447655,0.5531258271194881,0.5881691020209132,medium
7,5,2.544322237124385,1.8607948016800149,0.77947628045506,0.5484899574131452,medium
11,6,2.1077162552125377,1.101443689224171,0.5995564183682696,0.5975683257454928,medium
15,6,5.549906605780684,0.32635886473949577,0.43051951867942284,0.6289281779709546,high
9,2,4.070520954800225,5.976905022358947,0.4797393037991724,0.43110182727744156,medium
8,11,6.691294238986971,1.5571353763469482,0.5213773212068815,0.6338945617323967,high
10,6,3.7219798164262015,0.7039822679534199,0.7388506857833925,0.613076922036989,high
10,4,6.518484735931324,4.20495679314236,0.44968399678535886,0.4919037540694561,medium
14,3,7.038258199045899,0.5221726736280107,0.5196751944695415,0.5704538877363883,medium
21,6,3.9142627703112973,5.993187741597833,0.4720949230325712,0.6744643996625286,high
14,6,2.676999376298551,0.4365383530552487,0.45779628595503286,0.6186490015039715,high
10,8,8.878261443913026,4.271075825212895,0.7226314112052673,0.6260524434063008,high
11,1,3.4182064572654642,0.3245228741572121,0.7256463962255593,0.5279657934173971,medium
9,5,10.649122574966265,1.2723218329440165,0.7398880730709971,0.5744954690612393,medium
12,3,3.3973793513343606,0.4513272367550996,0.7570684404602197,0.58840483984701,medium
12,3,6.763137011809551,0.93512604463101,0.5986221510395673,0.5534902565770401,medium
15,8,2.225847387051414,5.543750894202093,0.4950582516503125,0.6470533110353819,high
9,4,1.6222460091855453,0.8089266695591992,0.45879381144312154,0.5013659178248964,medium
6,3,1.7052298864535125,7.991091619904151,0.7358650042407006,0.4438990567154458,medium
4,5,5.81579353079743,0.6637089397206665,0.6613784808582525,0.48785096990684607,medium
11,5,7.4591295264029664,0.32690542771799225,0.7453560328722922,0.6118918370563385,high
17,6,4.020343700516134,3.9692675162878697,0.9003321537817054,0.728604647314422,high
23,4,3.227131748993272,0.23792118002873114,0.7599519559680672,0.7304042499934219,high
14,2,3.4039470769790947,1.010301693334411,0.5620903858892743,0.5556827325556255,medium
11,8,8.414737474028513,2.645703960571211,0.5557287161664748,0.6185077168294869,high
10,7,7.911802834910457,0.9557063776666131,0.7298145470477929,0.6295915335584479,high
8,9,3.1270688287128054,5.183818162068778,0.41727194896327924,0.5488956020455307,medium
14,4,4.297781764507,1.5299593374557423,0.6276866704078654,0.6053376051652015,high
11,4,12.207023491561024,0.44635468529255484,0.6956391629663043,0.5811521346913106,medium
15,8,7.030397587181037,0.6672321977019116,0.5753452662413427,0.6956208385969225,high
12,8,4.416885012012261,0.5181067810867107,0.5295402480946757,0.6424540044116904,high
10,6,1.190724637580876,0.07887739286110636,0.4791410182731992,0.5653023543688992,medium
10,4,4.371251571135451,0.35523682360818054,0.6582157384077815,0.5592749021908351,medium
11,6,6.133054580642871,3.9735167844072548,0.3002636711493311,0.5185626223338179,medium
5,9,2.3407521720392417,2.825705177936252,0.5740253241603583,0.5509670303124966,medium
5,8,4.006593902813975,2.3386475625842853,0.770690799893552,0.5735471762281485,medium
14,1,4.517054996140558,0.08905916921238201,0.8707591653467508,0.6035581052746009,high
10,7,6.904594458142263,2.7107141811985436,0.7061976408876454,0.613168100302872,high
12,8,4.561726234452223,0.766824881962894,0.5151640540767745,0.6379206449356022,high
15,7,3.386939860546155,1.4709063948114405,0.5254094061534762,0.660275838598619,high
10,11,5.144338821276819,0.07038918087689176,0.5569325504990413,0.6809172488939623,high
10,6,10.901647564973006,1.8678202055647004,0.5677622217177071,0.5711003096397768,medium
11,6,5.2094030565342475,3.0516280564748084,0.6970177784117014,0.604059368639175,high
7,3,4.718825884881887,1.4459970668849056,0.5696465204893272,0.4692893236519661,medium
14,6,3.6544822025401986,1.3870879019516928,0.4026361323639641,0.6012799737931149,high
14,5,2.0585818875158286,3.778336523910659,0.5951475085663087,0.6038405915538574,high
17,5,18.288884127865142,1.2423067523720788,0.706126616140562,0.6879432782122985,high
12,5,1.792531021590166,0.5568802566297755,0.9034744968542808,0.6569823643266577,high
16,6,3.6944176036665977,0.2732661687917032,0.2723552016627432,0.6126492658739373,high
12,3,6.211184485301747,5.641017946699192,0.6712508140800181,0.5366433765046758,medium
11,5,4.051025286809766,0.03885649839311057,0.781903243381162,0.6211216053536117,high
13,10,1.1331513685611185,0.5004878468142662,0.38755146801967955,0.6691737079585075,high
12,7,4.2385912076381285,0.845935237033729,0.6715228516079788,0.6486650020747042,high
14,6,4.126326477867103,0.6617449693387991,0.7095615007598534,0.6675006670230453,high
15,10,5.822471442186711,2.29608573085574,0.6653433486900957,0.7427614315323141,high
11,8,6.1698290515905665,1.210923139257233,0.8472757967090451,0.6863823384134274,high
16,4,1.152710212839653,2.0515112979231938,0.6169006056174428,0.6297033791373339,high
13,4,6.181395188195847,5.700312390741575,0.4107824072298119,0.5191543988410185,medium
9,3,2.6145020605218083,5.841129748321504,0.5709135176850025,0.4702418385481905,medium
10,4,4.1315875271372136,0.6553423762546079,0.5106681019454687,0.527764671214063,medium
8,7,3.8225766213405423,0.14968169867773193,0.5010624692723582,0.5592146158632868,medium
14,7,4.642472516637434,7.176002211413101,0.22984956128997738,0.5481298975152415,medium
8,6,2.4369762537525275,1.9996214074374707,0.6425383420501729,0.5551768590271181,medium
12,2,4.407998573137061,0.8680055701129173,0.5835296475319979,0.5309192257056468,medium
8,7,4.316442185846795,5.189497351109961,0.8543532980425084,0.596274010601102,medium
11,9,13.04864120298917,4.035539915350552,0.782632968386636,0.6746229942416568,high
17,5,4.9326488178487775,0.9403894083677892,0.7586918033230702,0.7004690979421622,high
18,3,6.831800796240676,5.614200826162485,0.5583861192034925,0.6042492183329486,high
8,5,4.858461696841305,1.1811015465401342,0.4357365653751664,0.4992733027647658,medium
12,4,5.410090509912249,2.1412126056098595,0.747005117642087,0.5951262728243517,medium
12,6,6.597188845996589,0.8707603239975047,0.5498913388867306,0.6041731989506961,high
16,3,2.811651705374471,0.04098723232016901,0.5896082026051206,0.6176483923055563,high
13,9,9.213209546394268,4.96380946873694,0.4636370581506896,0.634635348505225,high
22,4,3.594158753785597,0.043513503986566573,0.596102785295297,0.6989304670324823,high
13,8,1.0385304270896196,2.85718614691085,0.5827419148526618,0.65250047532446,high
12,9,5.049901209644292,0.21538517493044493,0.715501015652345,0.701664301964266,high
13,7,3.216089741793227,0.3348495390035709,0.709834614143751,0.6747345925687264,high
8,6,11.811295541810013,1.5379377524821185,0.7794297139569065,0.5856330244415006,medium
9,3,3.9190148474401245,3.8114977537250208,0.32333483958962744,0.434256982893092,medium
5,9,5.134620376651776,7.894099265415402,0.4728274287115681,0.49693815730621094,medium
9,4,10.3853667349516,0.3635895559052808,0.612840625542125,0.5351441947357232,medium
5,4,12.648183995576325,5.309710632895034,0.7689957151533936,0.47340107214471183,medium
12,3,1.1880674622777814,0.2693738334539808,0.5585863709785925,0.5499214486393587,medium
18,5,3.4801523597566915,0.20249242145620566,0.3329461242372593,0.6352392753710772,high
10,11,6.9532300373925775,3.0982128334750816,0.6519902879261867,0.6797433053620702,high
7,4,4.480871680037668,0.49048450267845983,0.4649183111446503,0.47471376554440703,medium
6,8,12.122078858146786,2.1806294625776905,0.6933648460694467,0.5741354394633714,medium
11,4,4.860261761337593,0.6087417313102542,0.6903036341802894,0.5790024486273229,medium
10,2,1.1585572745939245,4.412256721636928,0.5791349388089521,0.4764119429508776,medium
13,10,13.3535225594472,1.351215951148835,0.6151732371051492,0.7090265410800377,high
7,11,4.976922287948636,0.9659282523766937,0.6243303488014174,0.6434265480777721,high
10,4,5.2629764969974175,3.7330389764315863,0.813327196542051,0.5677785127988664,medium
9,2,3.8017931941851875,4.168179326366006,0.7174627170009449,0.4907046812244157,medium
9,9,5.602503388156043,1.2164983886648484,0.45172894923019985,0.5972358005882743,medium
10,8,8.392584332460608,3.411363553960785,0.7756278650992804,0.6423831493267842,high
14,8,7.2890675426092635,2.97570422259347,0.6105031240113048,0.6722625966516378,high
11,7,5.0210280543601264,10.219961400625053,0.8373065430605167,0.6043282326079363,high
10,3,5.183362373474358,1.4838864631198403,0.5199144751892103,0.5040903186170431,medium
14,6,1.7679905406755714,0.9028841289300561,0.4860468877226233,0.6211901500183242,high
5,3,4.0183051352109675,0.5932350910519254,0.7679192097904208,0.4846289413510714,medium
11,8,7.53838307607013,1.376401015858071,0.5712660330300293,0.6300771998336188,high
16,6,13.992471346287,2.544642641615137,0.5512072510804437,0.6532771659386546,high
13,2,6.089293619016532,1.5993227414746092,0.7487081977769283,0.574079487945555,medium
9,6,6.738883841756314,8.366932531250033,0.6185785349422412,0.5229361567801147,medium
15,3,12.107571787005144,7.030207372979557,0.5671138050185167,0.5515547118505063,medium
5,2,5.114227418835293,9.297896629424214,0.48625084562590776,0.3502641915956868,medium
13,4,6.187965249814523,0.8941096313632891,0.8417988570022146,0.6373990405246877,high
12,7,4.657500114076453,1.8727922044155165,0.5431757218180693,0.6161498630008437,high
10,5,6.858342452703551,2.4137403521324736,0.605135976793068,0.5549355930110638,medium
6,9,5.939061642412666,0.15999253882964695,0.6036627333992214,0.5896659297543134,medium
13,9,4.765102360718194,0.37396337795159346,0.814450445459576,0.7353969999055712,high
12,8,5.238749782752487,0.7535433634583162,0.6892176098764549,0.6728198995522354,high
14,4,6.314074536994647,3.5674819630467645,0.6875898554018546,0.6037347579933925,high
13,6,11.373838897331478,0.34033228512457275,0.6603513357849851,0.6448013852561666,high
16,3,4.197340037400799,0.44302511459706334,0.7597634474946353,0.6489991887349467,high
12,8,5.477519345193724,3.5581709456415695,0.5837098013111464,0.6330208206246188,high
13,5,3.7655485056104347,1.3773487748608293,0.3432812165050213,0.5544739181352654,medium
17,9,2.514849172565668,0.17541401998065326,0.7667164318179639,0.7871738595637219,high
11,5,2.8190826982112265,1.3345668148792713,0.5442398052338923,0.5649508489475834,medium
10,3,8.753373394191092,2.232649669962593,0.5186055026126154,0.49883676938943916,medium
18,4,16.14541427431658,0.07370612959234618,0.6495985471147879,0.6794283352256754,high
9,4,6.5097708576424695,1.3898686340295598,0.8203758693866781,0.5698093829838052,medium
9,4,1.9936182514339253,2.216693976484639,0.6565575492833285,0.5315335500134348,medium
12,3,7.196566055615319,0.6905781130165735,0.7588940669172157,0.587174959296666,medium
10,10,6.843633535863728,0.7135735156397556,0.7505562319926214,0.6953540896275925,high
14,10,5.612907071818406,8.249146322225329,0.558886449868998,0.6667829811589641,high
13,4,1.4183506666951198,1.4231152188512963,0.8973145043753173,0.6449754660827215,high
15,8,8.427770603486909,1.3828208626077012,0.7967058941069242,0.7351223730706669,high
10,9,3.939829488612477,1.9730533962002719,0.6014002706568792,0.637126364823374,high
8,3,4.640131669439034,4.663367305765155,0.589569923898339,0.4668248694079001,medium
13,2,10.593076529287002,0.09831335891115739,0.47243881207232635,0.5288323400217243,medium
14,8,3.3352304482166852,2.347799193287846,0.7637025602538077,0.7070885174288426,high
14,1,9.963161643043389,1.574253320927523,0.8639744892482087,0.5922998757101249,medium
11,7,7.542554312797961,0.08387254769599446,0.7890317194610623,0.6622471935742392,high
8,11,5.84342344710153,0.24556932457734737,0.49670600575501794,0.6377040723204879,high
10,9,7.127580997467044,0.7819772484182275,0.7725122808610793,0.6792892745160943,high
12,3,16.610553837678264,0.5733173258554809,0.708513856869565,0.5778806558682098,medium
11,4,4.87582203193748,2.2274226131642334,0.572201948620932,0.5445909056364249,medium
12,7,3.1542774314129796,2.648485943796315,0.7517355689139055,0.6526905408241389,high
9,4,5.740186917746881,6.204771325746216,0.7023151846327855,0.5140978947549157,medium
14,6,4.14226809390696,0.2037962159210764,0.568684230435028,0.6423782046475317,high
7,6,6.295527125701967,1.366074149904728,0.6657437063400333,0.5490415802686418,medium
8,4,1.8886596780259008,0.14976781893395077,0.6060166055776189,0.5202048689892975,medium
16,7,6.058281685959359,0.0010759288755299388,0.49230718455918554,0.678454264052667,high
12,2,3.4776822142482464,1.1204059380714082,0.6685359898767405,0.5462378250548721,medium
12,4,0.7451174904713654,0.5939704874118487,0.5406157603127427,0.5641633488131362,medium
14,8,8.468557763466631,2.7382502539596123,0.6078312794179594,0.6733112541905278,high
7,1,3.7354965370711177,0.6272995756576888,0.7851324538847102,0.4778444936058909,medium
17,6,7.122714131692078,2.177720274294262,0.42655404561412186,0.6457926739608627,high
6,5,5.608290911050613,1.921612085517793,0.7674490314692334,0.5306790590570614,medium
11,3,7.786491982720848,0.33957150745227127,0.4398211587954846,0.5107004217094151,medium
13,8,6.899586831080979,0.28881346894852683,0.340556710133956,0.6211859189004676,high
15,8,5.940640701098996,0.23410364795091018,0.8126340470273224,0.7459661184191251,high
10,5,6.211240381862348,0.26456556262179964,0.7964766346663977,0.6075315565158009,high
7,8,6.22403180482366,0.40433305637165173,0.5379466071218455,0.5698937677152247,medium
5,4,9.429825281433626,3.2079423726172784,0.7769911210198184,0.4890119417198485,medium
14,8,5.593088027122725,0.5709691895784399,0.31540672567945627,0.629274883872035,high
12,6,1.6299959901902805,4.673319493811912,0.577825868935006,0.5844097104949217,medium
11,5,2.6585453592033144,1.0659437657421778,0.7066872564668838,0.5992311595217623,medium
10,10,4.436255699379601,0.8273897232002856,0.4854970047314964,0.6415834694582974,high
10,3,5.337963329773403,2.8886868001865427,0.35939285336173993,0.46262065867110436,medium
11,3,1.3737339774705695,2.367898759613055,0.4407202262567197,0.49735805352059026,medium
11,7,7.566185915269539,0.6884919891734985,0.8750520177315161,0.6754204569518133,high
16,2,12.660856347435864,1.1492611163048156,0.6280164341966998,0.5979415460639745,medium
12,7,1.0915235822122373,0.18236217864644783,0.9015146232031657,0.6990871767829901,high
9,8,11.241764874535331,0.2693758726161695,0.6657777392238083,0.6263597086939873,high
12,5,5.054842852985367,0.19320356709073055,0.48264849717074193,0.5752416756535434,medium
10,5,2.851268374181997,1.1146480699129513,0.3696956845260556,0.5165081497724582,medium
9,7,4.34122141567427,1.3630462988683414,0.6170326126763924,0.5893195472094895,medium
16,7,3.3212392055763136,0.571144659122667,0.7380437817500682,0.7238011252891959,high
7,6,4.541879885628834,2.551752035846792,0.6645944024569999,0.5409072002524213,medium
11,6,8.126369373707089,2.857557860651424,0.6207673688390003,0.5901030880301239,medium
15,7,5.973897202130942,1.2652227551025095,0.5171809251401962,0.6600013666606892,high
10,5,4.192517083622038,0.8960715162576951,0.6093340812988091,0.5658930061513772,medium
15,2,4.140085435107668,5.86280833907555,0.6344622183524955,0.5528070547433287,medium
6,5,2.2098045326333424,2.3552213639776576,0.5712993213219734,0.48855838850454364,medium
11,2,4.373123050650904,4.491800216386013,0.41147695343568663,0.45735005591123057,medium
13,3,6.41084030345333,2.768261971022422,0.5035639407198993,0.5372577083371637,medium
12,7,7.7626972477727465,0.6701857217608989,0.5666526146662321,0.628862618121507,high
15,3,9.242756657690135,3.083517640750217,0.5040210405519758,0.5652474238387271,medium
14,8,5.906426133684676,0.07674827660292283,0.6786902119175057,0.7052263872061484,high
17,3,3.7850024995248366,0.7288209677435914,0.40354422849964,0.590850039248304,medium
7,6,11.509985959802211,0.28619843433468545,0.6361982342147733,0.5503316572807234,medium
11,7,9.56179889068353,4.030696233711026,0.6838053053192513,0.6148897528391102,high
13,9,5.2679700716721,7.1181417985632,0.4395166653411112,0.6154490544111343,high
9,6,7.402330292002167,2.2242767921546807,0.5961867504719168,0.5594088381466855,medium
17,6,2.438841110197167,1.1740237236943396,0.7075424825584432,0.7086816716870596,high
11,3,3.1740196082888117,2.105454329015167,0.5554676182241937,0.5220571614514042,medium
10,3,8.275479236969515,1.1445905046319047,0.5137978762907939,0.5051289718939461,medium
15,6,2.3468755739171723,2.1555939741242294,0.46615656480539386,0.6238606864669173,high
20,8,4.961012817922577,2.599161992439121,0.5251909379706761,0.7477104409778743,high
18,3,1.4993074631000454,1.2195926523469285,0.9165035017786399,0.7051700826734152,high
9,7,4.486957898786224,0.6450171258846729,0.764583697225873,0.6236166252726102,high
12,7,1.8867710816267254,0.296514887189205,0.6838254148537548,0.6547883170561563,high
7,5,7.875107105729743,0.14005363621662567,0.6089850522508339,0.5258633195420559,medium
14,9,5.316617522043169,5.942371385675782,0.5238143989558924,0.65514707055334,high
11,13,4.850018185940879,1.7804984612473653,0.6290274517249902,0.7389355006033491,high
10,6,6.093553576569179,0.185955730114747,0.7265592362046673,0.6140721423735018,high
10,5,8.556825597097877,0.35654232086951887,0.3571685582251728,0.5190567628392377,medium
7,7,2.6570457616248637,1.1441044068936501,0.4007320514689228,0.5175190475811602,medium
13,8,4.07843871937386,5.7783181233182095,0.529880769377148,0.6224540330533082,high
8,7,5.467764971866448,0.1681380065122732,0.6097832598241139,0.5808357319214076,medium
12,3,12.90721501741169,7.286775671388991,0.4128229509512509,0.4739860857143236,medium
10,6,2.72978899844483,3.160412732946846,0.6803098769371108,0.5849925571677765,medium
13,7,5.777919471101335,0.08478242815662489,0.32776850418105263,0.5999884846484996,medium
12,8,0.6547307135451302,1.009625924979334,0.6018332590959948,0.6536358123193367,high
10,4,3.209230081065405,0.09613369324471968,0.5568299372501395,0.5407250961617298,medium
10,7,2.7746947287221664,4.488401847066971,0.6282182753407148,0.5857209760876965,medium
5,3,8.028855029609748,1.9231142708516002,0.5786586731725015,0.437910972828823,medium
14,8,9.431561237053371,0.1798815727419567,0.6513212391127938,0.6990650373376124,high
10,5,1.0169728966017768,2.72459797727598,0.7813745090632286,0.5881109152974725,medium
11,4,1.5035133599389718,7.471040428728178,0.8279464375169444,0.5607823513118677,medium
15,6,3.838604641762162,0.08124039151001025,0.4447593998504619,0.6334102773600256,high
16,5,5.958034205134124,1.488530767465845,0.41383342782032734,0.6128431471142932,high
13,6,1.1563643979602838,3.7936609340217897,0.6977642124495598,0.6292617695964333,high
10,3,7.853013271655374,0.43771985097026983,0.6089273854115614,0.5288673447425105,medium
10,1,4.4178746654524925,0.17273693601189585,0.6987459364477646,0.5085976077161403,medium
6,7,4.338655175187609,3.7489086022462508,0.4514930276318128,0.49530588151138755,medium
15,3,3.5102027664846727,4.197344097452476,0.5382418618073002,0.5646660783784435,medium
15,3,2.5974037634567653,4.114746722261036,0.7914088304500365,0.6158501212749337,high
13,0,5.534605135566428,3.5331733178398848,0.4991721090901398,0.47127993303242877,medium
12,9,4.363156419882194,0.29845345738895085,0.6927468951134904,0.6965596893067718,high
6,9,5.816650172531009,1.2977594540179804,0.3910310685861801,0.5395544840237828,medium
16,4,6.161713774214153,4.376140985934376,0.7056251796803674,0.631950762696511,high
11,10,2.4314600750385695,0.10715064582912513,0.5264634908629197,0.6695783605337231,high
13,0,8.08239969933986,5.11429404852294,0.8674135024983763,0.5343874068428557,medium
5,7,2.26870309875548,4.223731939080721,0.5779254153359824,0.5024268701399917,medium
14,3,5.6548189910241025,0.11260149590989037,0.4286423575728298,0.5549777948751667,medium
13,6,5.29200258826616,4.926751657843908,0.5671670882180857,0.5955884065913244,medium
18,7,5.417063459248286,3.2416683394689496,0.621884006248686,0.712765678986611,high
10,5,3.330742854199088,11.17175106940426,0.62802789692504,0.501127238922313,medium
14,6,1.647748502855301,0.6067331716769422,0.7515014419247384,0.6762554005737681,high
11,5,6.035611294549949,7.238873191519613,0.6847098098436191,0.5536828073585931,medium
13,5,12.992376974894679,1.2471154472583947,0.5860192640222566,0.6038897498227287,high
13,4,4.75434919660913,0.28035685765128987,0.4482495706878853,0.5627808684199018,medium
11,7,2.946350063946565,5.906083579311946,0.6158829349743723,0.5888026964661282,medium
9,6,7.712225269993813,0.2937834710858565,0.5094537015260289,0.5549321838313002,medium
14,5,1.5155598089629625,0.3052596993677811,0.8978308172191062,0.6875310987813694,high
10,6,0.4530912423429887,0.9807408511698484,0.7213894487756997,0.6077396174140077,high
10,9,6.186190251878568,2.1374230906019553,0.6064701094275474,0.6370445346148298,high
17,4,7.216460714562694,8.66596605696495,0.6777458746937356,0.6127760678923142,high
11,7,7.365109341344663,0.8327155887839481,0.4786982783424344,0.5951882184099272,medium
12,3,1.7169812974889034,1.6428818995967835,0.33293284491234487,0.49563402298515713,medium
15,1,11.64726784850512,3.01825585761619,0.6125560368692518,0.5473895016564091,medium
16,7,3.053413427644605,0.07094180146881658,0.6211835398211136,0.7037637626210973,high
14,14,2.7281973754597253,0.1719369593830968,0.5770457936826175,0.8042629123406362,high
16,10,3.5292102857715095,0.4530720877269653,0.4795463157539667,0.7328887825659469,high
13,5,9.633980832932744,0.34567630433449903,0.6777567633685446,0.6282468439781457,high
6,4,4.179498094345349,1.6784359659138655,0.6769013714860119,0.49419070119110997,medium
14,8,2.291661136850918,1.987855179048204,0.6305000085880791,0.6828476338572945,high
13,9,6.64756675284895,2.6788932580018594,0.5946324569338026,0.6760672030000814,high
13,8,3.108243675721813,1.4824977656619596,0.6406539983304881,0.6732474812283512,high
13,4,5.350409105816551,4.86016007846385,0.8131849409417098,0.605235920998583,high
11,2,2.4455045209744313,6.717544085508788,0.4646512821628044,0.45314662919583565,medium
8,4,6.135832777289893,0.5340344582408801,0.7941341727390666,0.5552666048262075,medium
16,10,7.718000803126209,0.604960291729224,0.30844987328563145,0.6976569060455982,high
14,9,5.744431761932355,1.038004171581689,0.7027530136096085,0.7236305749113772,high
17,9,5.5825134013308375,1.7558040721779251,0.6137093079189273,0.7460365011025993,high
15,7,6.274690918803769,4.798180392257984,0.8047790403316777,0.6939679387846157,high
12,10,3.350797666891345,0.686680484678145,0.5376369204482793,0.6829495141918016,high
12,3,3.662105964834542,0.15059573723110017,0.5073997031137284,0.540475969041205,medium
12,3,1.8344894029163017,13.949852652572977,0.7010100946667189,0.487203001249524,medium
10,4,10.142349597720386,3.8025706012595637,0.6012356503182926,0.5248966593885948,medium
14,9,8.413769142591088,0.11072834424816805,0.6518982389688612,0.7196414588321178,high
12,4,10.81310606938743,1.6529323965816964,0.7684646655960665,0.6026733838086686,high
15,6,8.798191276886099,0.536115584615022,0.7186476876759698,0.6851554336377605,high
9,1,3.306623399606159,0.7680621910089197,0.6581057806174121,0.48150074151675637,medium
13,6,3.591901968349955,0.5558802873098293,0.6066456203275882,0.6326232554834521,high
15,10,3.934968436755897,0.4292328727255316,0.6982710295993034,0.7617926534350237,high
9,6,4.405343124128423,1.4114041210448927,0.7311608811669018,0.5918228154264145,medium
8,6,4.003941844165544,2.1328582672977565,0.7907638838445566,0.583933721653593,medium
13,9,5.553873822395714,1.1172354941138822,0.5808345772679491,0.683718678826164,high
13,10,4.702721420853097,1.2228109889013556,0.41310943057834265,0.6694698128563262,high
14,4,10.432371246304873,0.28856750838024686,0.6854743998119867,0.6251710965731957,high
9,4,3.2523967803730347,3.4682684287216907,0.6069525328200028,0.5132687170391894,medium
9,7,2.333784952528849,1.728937604981742,0.4194317884456663,0.5473601069892551,medium
10,7,4.520798567783324,0.5821916310367518,0.6791376962593175,0.6219462617116185,high
18,5,3.616754636781048,1.974153891762934,0.5966675980403889,0.6761724936629916,high
13,4,2.8598261061305994,3.425042347503762,0.7663920369554199,0.6054447917410589,high
14,6,13.475261952107866,0.9690340892078851,0.587807287385987,0.6411012302158114,high
13,6,4.6179569467577615,5.079379583760266,0.5346227804375927,0.5880620255291168,medium
14,3,4.593692095874583,0.8702603681668504,0.581354337562034,0.5804691317246278,medium
18,8,4.981433518593999,4.106568066290132,0.4673306585284637,0.6960890112637586,high
9,5,4.4851881918745535,0.03439683684838814,0.5064224457271302,0.5360551768997701,medium
13,10,4.429185484504851,0.57713517409303,0.3663011625821234,0.6644126646891378,high
11,5,5.313530106159048,1.6731822787508137,0.5387175148603925,0.5615889544470731,medium
10,6,2.9309168152577354,3.7706918434399226,0.24307679337537957,0.49347741305214315,medium
9,2,1.80845399331307,0.41291529203449,0.7348318184577473,0.5192135950779863,medium
15,8,2.3451633883540195,0.32453086683558724,0.7677803368775779,0.7363925282632784,high
9,8,6.510634836394612,1.0490362951282899,0.7236429388426067,0.6327350124676662,high
10,6,10.017898544711475,1.2018856608205657,0.639492249262045,0.5898858787802719,medium
16,6,1.3954847768722758,8.347545036178943,0.5166718920563397,0.607684078170075,high
11,7,4.6340323090292665,7.4432872867512865,0.6431946982326721,0.5840170244015258,medium
15,6,4.4558422451188395,4.849682322452529,0.7191684696237377,0.6565024784417306,high
16,3,2.819042366332411,3.298319906919335,0.540656609590515,0.5861425225386407,medium
13,3,13.595821347715809,0.6487550612153723,0.7543517000274287,0.6015453062640499,high
10,13,5.757647787565511,1.3674720965455534,0.5281104514086365,0.7065056096380904,high
7,6,3.5398128282780643,0.7456282181626797,0.70006178034018,0.5600415012802847,medium
15,1,2.2863291405604356,0.6216827647143639,0.6169574504539037,0.5642469383260184,medium
15,4,5.982336449826889,2.316485413560984,0.5752053765669317,0.6045978392229798,high
10,5,5.801990287260506,0.6820728635582238,0.7108050323499429,0.5876138540462671,medium
14,5,3.384597499753487,0.2329687908523198,0.47401918822660744,0.6032507123729727,high
9,5,7.157244879713261,1.7793568057954878,0.41180978399914997,0.5054995780945268,medium
12,2,5.107063396732178,1.7252799130748113,0.39966897391614004,0.48843192869606267,medium
9,6,7.135860232075748,9.958537367357991,0.6890374554512023,0.5264172419745206,medium
15,1,8.425179723950041,3.2290646980999367,0.7922029254782292,0.5819134871083129,medium
18,10,2.1072829748233666,0.323557209317535,0.5797434420245363,0.7837916403427904,high
13,4,2.2371967682149663,1.6748939778661833,0.6494486849223091,0.5937237771320206,medium
12,6,3.853113930357602,1.0165034575431657,0.7057434950898166,0.6343720093010089,high
14,9,4.693108657155055,0.26747848114116074,0.5032638807834301,0.6888695862824116,high
12,7,11.941344788585926,0.8391421729584884,0.6197875420699942,0.6383632272609423,high
8,9,6.461885526437225,2.0291454832707863,0.7446643929896641,0.6354052420427942,high
10,8,11.830168761376822,5.439649654737954,0.24293867310553977,0.5223234035895217,medium
11,3,8.009884290814338,0.3401742448488508,0.5149104272511502,0.5257142571512377,medium
7,4,3.2320150754645014,2.0093264959897965,0.5822072607213377,0.4880459421710022,medium
12,5,14.335208440871762,0.16462708285041483,0.36510604473747227,0.551923695061825,medium
14,3,3.380005566691145,0.06631849528082175,0.6332150710107167,0.5962008909002712,medium
12,5,15.080615393356837,0.6589598458350503,0.8392288828139836,0.6434527109238963,high
7,5,5.042712606755828,1.3661658045352505,0.35575814816029183,0.4670438576018233,medium
13,4,3.146231658594549,4.797794063298162,0.7625424250084907,0.5955231912463771,medium
11,5,6.624403142890639,4.59024281269763,0.3804698852213369,0.5104923582929498,medium
9,2,5.459946090658191,4.546283413095086,0.5036815441329312,0.4454277527392857,medium
14,3,8.67994691731242,0.872167682587059,0.5914259435706044,0.5824707374968738,medium
9,3,1.3620785951033851,1.883375634838124,0.7772231628792906,0.5378887950102706,medium
10,10,2.4215813598989437,3.1950553486817332,0.6807894767449123,0.664857526357771,high
18,7,4.5951209718508705,0.27227066618302687,0.3498034685722569,0.6781455559398979,high
11,6,3.224357046423978,1.6290513541417146,0.7442339089772061,0.6229864394344965,high
12,8,8.665884552046915,0.21359871853711582,0.6665800471463433,0.6718920179723545,high
12,13,6.380126440217742,0.5190021059449644,0.3107664095818135,0.6986932678767296,high
14,4,10.804168788438464,0.6537054384054799,0.5168934648176456,0.5890206567074926,medium
10,6,12.51124379450581,0.7201103257404798,0.39494621518365025,0.5441885075317936,medium
14,1,1.7699974227954103,1.4887605522161786,0.6685204091283387,0.5537790114775598,medium
14,4,5.008546633667662,12.37979756187579,0.5706125473684979,0.521590525727861,medium
11,12,8.037573707108896,0.5582892496449859,0.5875555225484428,0.7187891761787221,high
16,6,3.9393331299869,2.7381061835447924,0.7683068004937472,0.6954073188751174,high
16,8,9.664814043641863,0.48976257099102255,0.5161492919822148,0.6999647745898362,high
11,7,3.966696525634978,0.016468507155171334,0.5356172260375925,0.6120136551598173,high
11,5,7.9389774625016765,1.0547573892196647,0.6530100917203628,0.5885703024159415,medium
16,3,3.7294525122844364,0.1790491486720336,0.6175437071404051,0.6223150804369342,high
13,12,10.225984080672612,0.21543099018891124,0.39855212418974273,0.7132742182366891,high
19,7,5.30450954840925,1.7354422106411533,0.689184025588545,0.7512671903801013,high
11,6,4.0909787251573,0.5999561204675898,0.30793517310962415,0.542587327152141,medium
12,6,2.404374248513558,0.6466255095502315,0.6374782986181171,0.6231848229932886,high
21,10,5.539721417317551,0.135701434955819,0.705700137486036,0.8402353512641685,high
18,7,2.369886275402668,0.7773001253283119,0.47661552378286876,0.7001411039210518,high
20,6,5.878018991129147,1.1350664155938044,0.2917199432665047,0.6707768792160089,high
10,4,5.880887254381752,1.8147796056178498,0.39813505144246875,0.49752847958437474,medium
11,7,10.006511085198516,1.9538717066681288,0.5134064908612208,0.5946554867944567,medium
12,4,4.726899230073001,0.7562560850320682,0.8928692136133372,0.6335321354891204,high
11,3,3.0095741949902135,0.48321533948760553,0.7716873441221979,0.5761160332278555,medium
12,1,2.423528684150795,1.5275625401661839,0.5145174958792603,0.49271974890807746,medium
3,11,1.9824186281528482,0.14677520465625166,0.7155076242293646,0.6071230234814979,high
10,4,4.911767886361688,1.102402275078795,0.6909912890730004,0.5608489093140747,medium
12,7,9.874483074232389,6.557243480382026,0.5989346118422522,0.5960719658325703,medium
7,9,3.7121700838367024,1.1432917058788654,0.5627795495193789,0.5899339651980167,medium
14,7,5.999375284350476,4.89207778485705,0.7182474535810689,0.6610356388171668,high
10,3,14.591727216461381,0.9304062421349995,0.6441297756260378,0.5326232468443075,medium
15,1,5.189343633256877,5.42439721520401,0.7134720577691244,0.5515317634524648,medium
15,5,11.346008604338524,2.138834955944702,0.7134229303200329,0.6534256863577085,high
9,7,3.9018127758902286,1.3134806172360605,0.6075218288183772,0.5877478283154352,medium
17,7,2.7904075050501556,1.8167550739420162,0.7631928928808137,0.735526878083216,high
12,5,4.783560103284643,3.481570798229096,0.7567157654636658,0.6081326811045391,high
15,3,5.059774014658281,2.012810983050137,0.5968441823522956,0.5909500965834582,medium
10,6,18.176845607776684,1.3253510256570085,0.3010965618168328,0.5213836388589865,medium
13,5,6.375144153034459,2.248200852468754,0.6241364667627948,0.604839287669434,high
12,6,4.53323747299072,0.5775656821516805,0.6552304482309061,0.62719565176517,high
11,5,10.11536400131021,2.8297631876872726,0.45294157896154774,0.5367232278743944,medium
10,5,2.6190371755464947,0.14040704037682722,0.45643128195916066,0.5403502094559867,medium
11,3,9.702294729716687,0.7462564196938155,0.7985435934924691,0.579733675900535,medium
11,1,8.407789541629104,1.774833871242562,0.5585555697799431,0.4848788881477049,medium
7,4,1.5241894191360172,3.271515536561552,0.5538941822930387,0.47396873288153074,medium
13,6,7.288285447170116,11.808479870336555,0.5148409778421894,0.539244996432861,medium
11,5,12.51680168644209,1.867515832617966,0.692154866790551,0.5909808678073238,medium
6,6,2.302717482257662,2.500565736323061,0.3751890122987409,0.46836736421759445,medium
18,6,14.526422375201179,1.2909935552986667,0.9535705458048312,0.7721074854589751,high
10,2,16.198583378425106,3.339187362444181,0.6536345077494515,0.4984656524669291,medium
13,4,4.845016921697343,4.976626787096953,0.7799201402634789,0.597806516138716,medium
11,8,3.4258675996171197,1.14488792117357,0.6075344079770572,0.6388742954542543,high
14,6,20.695366750191887,2.319342930236658,0.6809872888889635,0.650735171576215,high
12,8,5.16645184129995,7.683702522350324,0.6295161666731495,0.6146785498522944,high
17,4,2.601561468588047,0.042143665824625726,0.5573264910763923,0.6461843404431143,high
15,9,4.740261292922483,4.767044236796775,0.481750072864449,0.6695697196609113,high
8,5,7.707102243099042,0.25872113326609364,0.43981553438462917,0.5062382993218185,medium
17,3,0.7279179944537534,5.517237897452684,0.6488675320076263,0.6079919204185074,high
9,4,5.800028016658883,1.106529410104134,0.38785319258845485,0.48519377578366346,medium
7,11,6.576425599025113,3.7649423683010514,0.2618664077402619,0.5522736657593788,medium
11,6,4.8607513090603085,0.2838907524420862,0.6244406072145683,0.6079955164266331,high
14,9,4.846856869451086,0.6383703770041133,0.6378417119068827,0.7133125398680158,high
8,6,3.089208195605304,0.2828217315325649,0.5450700993682397,0.5471285416634308,medium
10,6,10.373226571897227,0.7781239810534294,0.4776652068674869,0.5603455481664745,medium
13,5,2.929607379980907,4.355576181377896,0.540891281428408,0.5741410817431623,medium
14,10,7.23827899930727,0.5304932980044845,0.7308835726927747,0.7526400925518584,high
14,4,4.792354020696112,4.944202993245156,0.6520550474771486,0.5874496562071287,medium
12,9,3.164532290914782,3.5647008449606927,0.6427637108036643,0.6647880698609949,high
12,9,2.2594155100604887,6.838518154805813,0.6503117009344932,0.6444722191548599,high
17,2,8.889917643867463,2.433468663405919,0.6479935815871729,0.6083755918947285,high
7,5,1.1122091213875511,1.5311700467067564,0.6231269978159221,0.519417599251806,medium
12,3,3.4048456738001183,0.12010131462255798,0.5366785602639855,0.5465350366219801,medium
15,6,2.4601238012697864,0.16991003851826475,0.6563022725834393,0.6751277209265661,high
8,5,4.180068986416214,0.23232267623235284,0.5605924047040263,0.5305696630992562,medium
12,6,1.2878115221644921,1.027797531469002,0.7167243352499362,0.6364928835068606,high
8,6,2.815909871329743,1.265441033823218,0.5673482943199689,0.5450333853051723,medium
15,10,8.780382986458887,3.2828344839453503,0.40632537869163454,0.6843795125120244,high
10,5,6.714253966962209,1.01517250363675,0.6693472945919294,0.5771016422274742,medium
7,6,6.817992912055141,4.391289450664159,0.4581453645863969,0.48735380991285165,medium
12,3,3.506566746313821,9.364801075001873,0.6242442234975241,0.5024168375328257,medium
16,5,2.950328623329212,0.7129555913062008,0.7313526705406131,0.681517496832748,high
15,7,4.057972099996841,1.1371730160937876,0.27161428103600543,0.6117417027665759,high
7,7,6.877345262306184,1.0554312495985525,0.8332105307742415,0.6046058978241913,high
12,11,2.4931378600121303,0.798000449692895,0.8668330246742384,0.768046601936895,high
19,6,4.416973817836704,1.3863641963855489,0.5882917204777166,0.7134159161196396,high
16,4,6.891257492442001,1.6891633333428717,0.3319759513308386,0.5751341013772152,medium
10,10,14.734751102628845,0.20299288842877625,0.5848078009803572,0.665608274273213,high
9,1,2.007445657592873,4.38913583266728,0.4664605856400251,0.41903121157688983,medium
12,4,11.249691982952907,3.0766843941046056,0.6623204030683758,0.5719528513196445,medium
11,5,2.653728052554132,0.002814160417409953,0.6648582354699659,0.5979528860245439,medium
8,7,9.909316119769324,3.9976108947304456,0.5958449980796132,0.5525182603177197,medium
8,4,7.968357928092608,1.4394669705876044,0.5255178894124198,0.4955071314119,medium
10,4,4.255961838390367,0.15363293942018452,0.726913959691583,0.574358572342182,medium
16,6,4.711935246621893,0.24385877222085225,0.8295774501386275,0.7242897648795865,high
15,4,7.73122937157472,0.6974654846073786,0.5314167915202079,0.606633588406659,high
10,7,6.554587209108744,0.3676200100766668,0.8349980189981346,0.6545488037324492,high
11,3,4.58675276659379,12.638890794570345,0.5401465011005416,0.448770028256306,medium
12,8,7.744144280595943,0.057721638754221836,0.620682210542829,0.6637516311835376,high
15,8,1.3624667764503215,2.4469918343315533,0.43360615206945335,0.6554079515183471,high
17,6,11.350707660744655,0.26711217861464004,0.7716311686847813,0.7275454858795254,high
16,7,2.2524567223152965,2.202350505527456,0.2580428782205888,0.6169262389406014,high
12,5,2.124970443365262,0.21887023529470898,0.29811452335342875,0.538163769768721,medium
11,2,1.6848128672503786,0.847586523296707,0.5037644338438358,0.5001023099467892,medium
13,9,11.857336462763678,10.492299235954677,0.565815686247383,0.6182144756764454,high
12,7,13.323979239041524,0.7836557017802313,0.6737346263830117,0.6495225539314008,high
11,9,7.154092170349497,0.2592302774860844,0.7844581692403401,0.7001634319981608,high
16,4,9.543362402651608,2.618744704981448,0.6112468547482313,0.6247910729164367,high
11,10,2.449296310082161,0.7031091142480043,0.4888594568623009,0.6580844972774735,high
17,7,2.081999721601584,1.365331406570595,0.5683033686354021,0.6995584643499432,high
11,3,13.3087676401007,0.47946694865589,0.6199433465374644,0.5457922229831202,medium
12,2,6.786460119756296,0.03671460212120732,0.7623440045030108,0.5722240368864608,medium
17,8,2.760811649932846,1.0011873930441901,0.7497242400668577,0.7582702653930771,high
10,6,1.8998623648757749,0.8853660703605426,0.6184506557150284,0.5877876906739354,medium
6,7,6.892326878394216,2.654787132613005,0.6055626002122251,0.5334139391583583,medium
9,3,7.909481253481865,1.5170092767434638,0.8386244692532385,0.552611498672358,medium
10,7,6.776251778176719,3.321702796007101,0.7339101394468467,0.6146373425826553,high
10,4,1.4704172128909079,4.054613772573097,0.5659496163497892,0.5161591647861372,medium
11,4,3.9013508740108525,0.4959630386591712,0.41106053558005495,0.5239056868582832,medium
17,7,7.919263065847975,0.0962700754937216,0.700102855549746,0.7343787706066578,high
8,4,6.183733577595522,1.721750782234426,0.48841753712028724,0.486205168875828,medium
11,5,14.3532922825659,1.8297298025800302,0.33672885496061633,0.5201475723082564,medium
13,6,3.353142316733667,3.004665388937253,0.4927417683670125,0.5935172510804875,medium
12,3,1.5313468364270317,1.1635066198746447,0.5973793164242036,0.5517191524856764,medium
13,3,3.415047464415302,1.0646481903019334,0.4399329639500747,0.5358889381880021,medium
9,5,2.16447191819776,0.12169080843536935,0.6116635228927305,0.5565214325223102,medium
12,9,11.40961519784773,0.24200276675370833,0.4663191106354709,0.6516504703487361,high
7,7,5.946232664867548,2.196586082448606,0.38508055060062435,0.5073722029038008,medium
14,3,7.292367929526808,0.2781866590626206,0.4196744812311989,0.5520803185191556,medium
12,6,6.40975138542653,0.5243229350054228,0.48070036194589605,0.5926445861558097,medium
11,8,2.188163429923301,0.45115554000784724,0.648880735307608,0.6517684434614693,high
14,10,8.220928996240836,6.992435073360571,0.8928682121405089,0.741957408605698,high
10,3,5.878648907259032,3.4389312244201626,0.4263885448192696,0.4723515008010528,medium
14,6,2.1233017865012904,1.680635932294789,0.3737800876283019,0.5935517779770284,medium
8,5,16.903139544332834,0.7539717838289698,0.41161364635399106,0.4972962507119384,medium
9,4,2.6516266929258503,4.463533612803247,0.5332664827675175,0.4918964058014819,medium
18,5,7.47793120688428,1.8696523235741576,0.6209067616643518,0.6817170035090427,high
16,7,2.3352602002081113,1.7278938545836087,0.35665442922072366,0.639811593480254,high
15,7,7.04315642620284,0.4814430358183048,0.7158115840244946,0.7049526965661101,high
9,4,2.5295168071060425,0.36181447235063235,0.6024514865177439,0.5330782008212113,medium
8,4,3.6695532456924997,2.170210577420461,0.803028051245839,0.5461375397330315,medium
13,5,8.187035152225146,0.5910636672671362,0.5203133693076575,0.5951222494130839,medium
9,9,2.398532041587239,1.330516656813972,0.27379076876596836,0.5608880427077673,medium
19,3,7.799025879874534,0.727395076965949,0.76563373084185,0.6932774456552637,high
15,6,10.337687362266468,0.6817034347166746,0.846388698565313,0.7097330501482847,high
11,8,2.946134594042788,0.24485800828420862,0.8222098282493171,0.6878095789279688,high
13,4,6.16873920398988,0.36293572848913414,0.559092820190529,0.584398992514845,medium
17,4,9.788469638538881,1.248159870764273,0.4023142656818348,0.6071417873312719,high
11,8,9.258530545548943,2.74250065670679,0.7801752932440532,0.6627517209374321,high
15,5,3.7060627563441373,0.34116816256071714,0.4174173153881014,0.6062090086605487,high
13,13,4.462307274335145,3.1998443869418454,0.6559842404278644,0.7648645521726273,high
8,7,5.005543189822127,2.0078539313317103,0.4512996452588299,0.5368742361762212,medium
9,6,2.202444407499293,5.7931128972500066,0.5593010477696603,0.5282394569055987,medium
13,4,8.100664742634834,1.086697255897492,0.5002917111482934,0.5678136938570087,medium
7,8,4.93601434591115,2.303674991153305,0.5966084976642518,0.568963866258495,medium
13,10,2.1118644404732434,3.487510404376522,0.7749265768599761,0.7267352460094851,high
9,2,6.995078626558763,3.028600858247257,0.3474506213783161,0.4242994518873482,medium
5,7,4.91664135497906,7.143692477592929,0.5968314862533282,0.4867416807333794,medium
9,8,15.218455420514456,0.7721029649758397,0.6321668090537211,0.6162860087109053,high
14,5,3.483946284697902,0.9137387421175138,0.5257817701297323,0.6090647624118297,high
10,7,6.952379142109621,1.3829327468448487,0.44821459240204015,0.5704233668347757,medium
14,9,1.119636798095221,1.8873466410674413,0.48841006824358185,0.6750997027082668,high
9,9,1.1534067390980676,1.0178440340276482,0.42653083277714354,0.593520539661911,medium
16,9,6.17380304754364,3.2128068287452196,0.5048101290467973,0.6995433136177247,high
14,3,2.54785304001039,0.008084654983267485,0.5016393091351423,0.57027396412714,medium
15,6,7.653432183442634,6.609312324112584,0.255997503771455,0.5521374185935405,medium
16,10,4.963026687846141,4.915054522067691,0.6124613468508053,0.7297252392230431,high
9,6,7.974528522004812,0.9735232598556015,0.5739552992002328,0.5633009047743426,medium
14,4,5.175823807312521,4.375721606567235,0.645498773236589,0.5899282772702029,medium
15,7,12.12976969684381,1.6091322497926688,0.8295242589366326,0.7201773034553753,high
14,6,10.318007895297882,1.8340271579928273,0.5775850676656257,0.633290165813173,high
18,10,3.5293021674436074,4.014103746283041,0.5775453049893028,0.7587483693559736,high
11,4,7.609100048664125,1.6743785374819227,0.4249877612699174,0.5188350286707706,medium
11,4,1.0865782533277324,1.5126200765068225,0.32511788170596406,0.499939442497814,medium
8,6,5.641105091448587,5.300314641857071,0.432688138092018,0.4912021966726898,medium
8,6,6.666113047444066,3.365545044360051,0.7722626564190522,0.5720155643214101,medium
14,8,4.333739882221945,2.9487365249096396,0.746752920767413,0.6996923406540849,high
6,9,4.691370066448965,4.212105688505997,0.5850847060407939,0.5589362366181189,medium
17,8,4.021466843006486,0.47318124626451774,0.6581679206552541,0.7434790424892874,high
8,8,7.13192247863241,0.0802591384468047,0.7722126495788818,0.6339074689927977,high
15,9,11.385797252637666,1.4068546782010645,0.48334016836749494,0.6922890024854919,high
10,4,2.5203292425285215,3.6287319629399737,0.5742823519469314,0.5206649239697865,medium
13,5,5.095304925457252,0.6855130114052215,0.4733651566863978,0.5851029445945781,medium
10,4,2.29324845044909,0.16555803964013205,0.9429153096719455,0.6174793416701215,high
15,4,5.113955925574304,0.6844902835950686,0.342151460771465,0.5688670235969926,medium
16,5,6.079466898338006,0.05831782589093774,0.6096045346612664,0.6615321214263137,high
16,5,9.639040424128535,6.6337540590110535,0.8028486678978369,0.6563447065194936,high
14,6,1.3543381097692482,0.00890476916152393,0.2534476097581402,0.5806301568238845,medium
10,6,1.887544474209854,2.149123574173785,0.7447106001652585,0.6046146295385598,high
9,7,13.261082057526703,1.7553544299715618,0.34104039707688155,0.5315057165488992,medium
7,7,5.799848695529709,0.7961719132605269,0.5347667608911759,0.5466455394231651,medium
12,9,7.5805552017975915,4.827043461480667,0.580856699293677,0.6439910501155309,high
8,4,5.355310633994152,1.636658406897942,0.5007905900124007,0.48924706195649387,medium
16,5,2.7833470731971013,3.0436871548084414,0.6856813154653316,0.6568450153943434,high
16,5,4.409394862023342,1.7902611996717308,0.7764046838220358,0.6833458620999289,high
9,9,2.619459623758644,2.2221106542555575,0.46926640012930176,0.59403920899749,medium
4,9,2.491377264639151,0.9725470853338646,0.6936514726884155,0.572246647302124,medium
8,4,5.5014186768131745,1.3979389393105708,0.7084078470489491,0.5323619764810528,medium
16,4,2.05040233274144,0.27497295092612845,0.8866087745045692,0.6954886018947397,high
13,3,4.7487698140977015,0.6358781575204695,0.4557444423889927,0.5419097007609954,medium
12,13,4.48740095612894,1.830994064918527,0.5918520285927582,0.7461637786190948,high
7,5,1.1422590707851838,0.6865690264259663,0.6470285737002883,0.5298285878972179,medium
6,8,2.7886138015663997,0.492773705201487,0.7356880456903858,0.5938524511034006,medium
12,5,2.3860665191385473,1.920500803654413,0.6169245071784448,0.5905815627446596,medium
13,4,9.094218922728826,1.1900414989139732,0.6164695782486841,0.5903603056569771,medium
8,6,4.060899181294509,3.214930851596111,0.43638675415022654,0.5058444784860713,medium
6,7,2.850775558253111,1.5904678181634433,0.4849817568035124,0.5163932325729462,medium
13,1,4.554784112426557,0.22527821493944783,0.7301018646377448,0.559518518161286,medium
10,8,9.37333605703445,1.6290550094668954,0.7909356689289161,0.6573267670560039,high
14,8,5.214214164770608,0.41778820445500076,0.7384250700431243,0.7148997593122582,high
11,1,2.4872749929731475,4.67160878828876,0.6123487478082238,0.47632569097305305,medium
9,9,7.967996410676254,1.6516839079584371,0.36518528469977224,0.5770258308868982,medium
10,10,2.2815335381444988,1.1482994756958067,0.8642513039277098,0.7151949309475699,high
9,5,10.388382087320846,0.8201295155358651,0.5585797457258751,0.5412484190416026,medium
8,7,7.2895807605678,0.9308582310993425,0.6751951215330902,0.5888333027659558,medium
14,5,10.425706285480619,0.5470120457524977,0.6759476756357253,0.6415427881554617,high
11,7,4.329863907659376,1.162479319664718,0.536299021407373,0.6045099421503765,high
8,3,2.3489899102120497,1.9206167624166552,0.5171803305690759,0.47063195436437083,medium
10,7,0.904668194330785,17.57051568720111,0.8137878319727281,0.5356207951465383,medium
7,3,4.446239897126619,2.307516774548833,0.3377344175415065,0.4171634383446424,medium
13,5,10.26710573506837,5.440101374920002,0.644137247134774,0.5875601069274882,medium
8,4,1.867297464867967,2.042880031293798,0.6334052451086454,0.5130618488131038,medium
13,8,4.218417323079093,7.483348651158276,0.4057903441625993,0.586269077824798,medium
18,5,2.369655301279464,0.06156493814815706,0.7709293923580457,0.7237754455506215,high
19,1,4.368411814022762,0.25240848702267354,0.2560439043070403,0.5545260576145903,medium
19,4,7.621347217431515,0.6579147354523173,0.8234836500628321,0.7253106317762177,high
9,6,14.84044110836942,0.38296863354521016,0.7222925535324528,0.5969053864828558,medium
13,8,5.262229551086334,0.004409024981932449,0.3921703932675935,0.6334046851536391,high
13,5,4.345939870205919,0.9243483065275394,0.4092515564031413,0.5706879892371114,medium
10,5,4.534946366148704,1.0918926804279252,0.45456333742838845,0.5336333829494916,medium
10,11,2.448597336536129,0.6323490017575728,0.6866886155647528,0.7031220631012334,high
18,6,16.471031857600764,0.1242091839867191,0.7584685686411878,0.7408656525016595,high
9,6,4.949290818321325,0.11364626401181634,0.641760609168913,0.5825944800737038,medium
9,5,7.630126574691208,0.6890571568948017,0.45676776628983246,0.5217598388786678,medium
7,8,1.6317093955272997,0.33647136705406283,0.5105310802825187,0.5648630736094766,medium
8,7,17.2490008338315,0.506543128368694,0.6312558619202708,0.5828742181949296,medium
9,5,4.301315904060077,1.5085218172388808,0.5482213365010297,0.5345874551852801,medium
9,3,6.841945357767276,3.605048080007048,0.6244058710383086,0.4958475203409481,medium
17,5,8.826193299271027,0.8272700905481534,0.33407541571570787,0.6162999492061538,high
7,5,14.830274991113665,1.89276863948838,0.4696687260871926,0.48631528762084936,medium
9,5,0.9091371750085828,3.860216842767244,0.6582567658440708,0.5409165742170325,medium
16,4,3.114969322819718,4.566739855205941,0.4465015049372854,0.5788553686194176,medium
18,5,2.8340026064090242,1.2144089224925283,0.6007992768729128,0.6820637958912992,high
13,3,5.351768468847464,2.944692040634086,0.7282022606827369,0.5810091718656535,medium
22,6,11.9684966416315,6.400724556033812,0.48102648842633006,0.6735338006450405,high
9,4,9.083437293980953,0.9613167396324616,0.5764880725943504,0.5238888362546537,medium
16,10,5.867768075220447,6.595711096696581,0.5034992213973376,0.696728436968157,high
15,1,3.8443356826953856,5.043104290993418,0.6518659376604966,0.5417524922588098,medium
9,5,2.5301788664747398,0.48893483081046074,0.7766484343321195,0.5870701213276874,medium
13,5,8.938861017173014,1.1712506326693362,0.6808764909701238,0.6233669606428959,high
19,5,12.172908764191472,0.3204271724063711,0.615360804098843,0.7059359796703927,high
8,10,3.7670422052227033,9.047129064111175,0.7425729338469617,0.6082003930086511,high
14,5,6.889808120566194,1.5640020749644414,0.6881831868392351,0.6372099568680841,high
15,5,4.149480391712432,2.811657739392267,0.4737623032344158,0.6010080757176013,high
9,8,10.201111627618468,0.8680098100774738,0.4541749707653431,0.5800482620858856,medium
12,1,5.281820693815345,0.5955450916563922,0.6543080805954895,0.5268913155080552,medium
16,5,16.24126489849426,1.2707605809858216,0.6065156635479906,0.6528313955030259,high
17,10,5.013626736556098,5.9635359708349425,0.5491440384182521,0.7250719012114175,high
11,4,4.897786114496453,0.9095763933282137,0.5341637443273815,0.5457689062432882,medium
14,7,3.340776489613067,2.809072012480216,0.8820387085454094,0.7076805949592138,high
9,8,3.7221320190153273,7.654231065556488,0.7992375069247174,0.6038192942812336,high
13,3,4.604697269616576,4.0118857117622975,0.7631437386492408,0.5808828429847662,medium
13,4,2.6097899915967178,2.19909657087317,0.37899309722713587,0.5361379756396061,medium
17,6,5.491228932483196,2.3502510382297057,0.444178254066798,0.648167310558495,high
13,2,14.059787940497902,4.591616947377733,0.5462760559225663,0.5136444315353285,medium
5,5,5.292564407118855,0.2877180629153481,0.64036637847166,0.5011551552748963,medium
8,5,5.466791763979445,0.49401203362048113,0.6228623953489291,0.541279065512316,medium
9,5,1.9313984646421316,0.29305219874109467,0.676294260587088,0.568305170792477,medium
8,7,3.323131021060976,0.5910473125137287,0.5592424671606292,0.5679081780153677,medium
17,7,7.1068476238189415,0.33978886838047184,0.7159763446243942,0.7359300098023425,high
16,5,4.712179496162004,3.0120736139333473,0.4746220955285026,0.6148439283461448,high
11,5,2.36609745310417,0.2108116137224894,0.40419716038835846,0.5444340213195218,medium
12,8,4.6887977567328445,2.0264652749164833,0.3752478032800528,0.6015397921565673,high
11,8,3.1156691906375316,0.3681044070531683,0.6110607021700661,0.6447581110536589,high
5,2,15.117622605733033,2.071655196939603,0.6059700430752879,0.42238297396879354,medium
8,1,5.224728906138983,0.04423501408902695,0.46839585291879754,0.43338427048983263,medium
16,8,3.640309667406668,2.2563565791311295,0.7357043429334424,0.732098491392481,high
18,6,5.677286221616971,2.683361033565456,0.655949497017294,0.7033008258463558,high
9,7,15.392371714428066,0.9350761620951377,0.6082391418118089,0.5904139872817276,medium
13,3,7.357942105425,1.4301286268424618,0.9223092272605642,0.6299276546064965,high
18,10,0.604992388538646,3.943867842528641,0.2610306299701723,0.6959136737105103,high
13,6,4.983053424023103,1.652483045515276,0.6865282917881337,0.6412891047208583,high
11,6,10.966518458945341,1.4464588995893295,0.7343499324444762,0.6222269271582997,high
15,5,9.233338545742543,0.1515955055090165,0.8112377347565185,0.6862369102479102,high
14,3,3.3921771358840056,2.8491078885079997,0.5585385580861552,0.5627136590271777,medium
13,2,4.64453091396893,1.2229052502376283,0.5829238286877175,0.5434320640692927,medium
12,7,4.130440675691054,0.18893761198585543,0.5958365310519573,0.6379077221304857,high
16,4,5.537375897365483,6.134837762168097,0.6518093312473195,0.60946294783501,high
8,6,9.501293234908884,2.480243666231428,0.35169518806304567,0.49380407983773295,medium
14,5,3.319768909975951,6.63487383596599,0.6842353418445918,0.602614576129145,high
10,7,1.772415057377199,0.03309371623150123,0.5368753682483313,0.5971544488747895,medium
15,4,6.139762620861557,12.822562713125038,0.5020492251675834,0.519926093612683,medium
10,5,1.4042860168886877,3.621706231286264,0.7442874045209575,0.5747127726956164,medium
9,6,2.378203032858457,0.7712961251170278,0.8637465571470001,0.6226073372619532,high
17,5,1.6101072216084598,1.304331362906712,0.7453238800277442,0.6953692335861708,high
9,4,5.5857268121436565,0.5670345279243816,0.7143866339226106,0.5540970965983596,medium
8,4,2.93273724788071,0.1331927851803643,0.6590237195721824,0.530916792013234,medium
9,6,3.089464517881548,0.8220528912471777,0.6553491883896603,0.5805894850696176,medium
15,11,5.3216868649294025,1.5627389524149806,0.5234528671460468,0.7392723137464429,high
8,4,10.760618693172121,1.0031703614234857,0.5053982695387866,0.4943918514982675,medium
6,4,4.094492168399222,2.5852999187238366,0.4239539922429055,0.43755546565708886,medium
10,12,5.083606757146055,1.335159853171516,0.5344887026910405,0.6879966748503981,high
11,7,1.1291274940971678,5.035923244937877,0.788601063158555,0.6291473909987918,high
8,6,3.8918475420173566,1.753579294763578,0.7755157046887867,0.5834126123060002,medium
9,7,2.0122794662392494,0.6036148575367855,0.3492135867085416,0.5408186182914632,medium
10,3,3.258420832552954,0.05017700982938785,0.6659553404621587,0.5428565546935692,medium
9,6,14.081915224210071,2.807609377061555,0.38822140453623033,0.513926885060169,medium
10,6,4.637515072080206,3.505797639976344,0.6130382254850929,0.5692356608305097,medium
16,6,0.7320399600940743,1.503341589725047,0.5513589969159948,0.6602495221183653,high
10,8,3.513197559809044,0.3521123849538787,0.8686315911258302,0.6813789023254735,high
10,8,8.666531221611692,0.7718480851196278,0.42183914746528506,0.5892221755922595,medium
18,8,3.8532303554835097,0.12883967580149377,0.7155804083136551,0.7722571504907212,high
14,4,6.306228112280022,1.1068745040492327,0.4791470349932455,0.5784502436383209,medium
7,7,9.961946029581082,0.8216621440812418,0.857833754405688,0.6110890032539293,high
10,6,4.866519363513149,0.982641061591596,0.565690828541542,0.5765872252976978,medium
13,6,4.329083907014002,0.01752111253000259,0.3945659614410498,0.5937963848713432,medium
10,6,4.0701118750690775,1.0051296285402582,0.2802374571386808,0.5193466272374678,medium
15,5,12.002494657803283,5.671493018715322,0.5724933835484869,0.6016887232515952,high
12,6,4.077167513148133,1.2466312376138995,0.5497368465553997,0.601636494393654,high
17,4,4.34238247379991,2.226558008419552,0.8849913007812756,0.6971545401001249,high
9,8,5.238393598911679,3.593657100706604,0.6861490790305825,0.6082721018014059,high
11,3,9.644143152284775,1.052110193810599,0.35248534871420545,0.48848300178410375,medium
20,10,4.966796878184083,0.41714001103299436,0.9282474486628878,0.882868556325691,high
13,8,4.268874107052612,0.3119489656090485,0.7064400314546392,0.6942083465202009,high
15,7,3.4874555766546322,0.7474443077705627,0.6267313415955824,0.6853633062673128,high
11,8,9.415507375287897,0.40657094243350844,0.7290252917222331,0.6680945853948899,high
16,11,6.651199544726806,0.8082209342225426,0.5549285753770004,0.7655975755139165,high
7,7,2.345929025630073,0.7010058350930014,0.72042468036342,0.5844115638387307,medium
10,5,9.759465610901959,0.4495926078355642,0.5405633660610302,0.5551153891599689,medium
10,4,6.470204070938927,0.3030964471513095,0.29580865185584043,0.4871410873901594,medium
12,2,11.156641204755433,0.7111392280450466,0.7357483595962161,0.5624087437322762,medium
15,5,6.348831004440695,0.7690992804025695,0.6772694067431949,0.6553265528126219,high
5,9,5.540159882876616,0.5407103996988666,0.7678862070186306,0.6049725054057338,high
8,6,13.743458750854174,1.502465234487765,0.6771950438914108,0.565422573881697,medium
10,5,4.887321301786194,0.5522770493088628,0.5027652747296538,0.5468712079505383,medium
12,2,4.647778028399649,0.8192328498599054,0.741941438394472,0.5629267353464951,medium
10,5,4.6210720196803,0.18032884211310157,0.8775670041173282,0.6243112085427117,high
14,5,5.724354933566486,1.225910892537139,0.7517695237584515,0.6521811654681094,high
11,4,1.9020476188357054,0.07250643493725036,0.3076246480170636,0.5060415533704977,medium
11,9,7.78054883506026,0.9954048801663496,0.34301017595805094,0.6069660026571678,high
11,8,1.4690263170938123,8.445375207627766,0.29818533158453364,0.5283345649327216,medium
11,6,10.064855917137521,0.813498381984988,0.45262011979652095,0.5701007014127377,medium
9,2,11.17821023308718,0.31017485387246724,0.5069517605825323,0.47432251975735673,medium
8,8,6.9468102890226096,1.2774388334867988,0.32661610675567,0.5368069624612221,medium
9,6,3.0562409693659767,0.4030624467831885,0.6372803133960881,0.579768979700663,medium
13,4,1.690069120964107,0.19810159078911646,0.7055807543565283,0.6147954735993783,high
13,12,8.427840412889466,0.9129449654424046,0.8394369787092663,0.7968010959722372,high
15,5,2.709586003113597,2.1093160199388232,0.7488359211424678,0.6607050774289014,high
8,8,10.361799248336178,1.3582559889088877,0.5366818067045644,0.5782813214148537,medium
11,3,5.1966798399511385,6.141122604978081,0.23194183884212782,0.4304475504019051,medium
19,6,6.772474914578695,2.3222712257492564,0.6647561661889504,0.7224694250661284,high
16,6,9.219751457979372,1.0461083709054864,0.5394707557682931,0.6609200953476221,high
18,7,4.040529408863434,1.579442199010715,0.7068725236823079,0.7408448900763902,high
10,5,8.287393823746957,4.358792869269778,0.666326849298351,0.554206750731205,medium
13,2,6.173174825014873,0.8029636585546379,0.7858067074966322,0.5868082504422956,medium
18,4,9.577572555188507,1.4343223047608433,0.89445129064069,0.7193281094297324,high
7,10,1.6106962810904923,0.4291482217574539,0.5913545335917774,0.6204099185733057,high
10,6,4.780452235452264,0.7564384638551367,0.6162994929736949,0.5882169755023714,medium
15,3,7.4322178542803705,2.2457036355131894,0.6039821547210776,0.5908250733741276,medium
11,3,1.9807155050205234,1.3557647564879356,0.6040630878790656,0.5367741858658936,medium
6,7,5.526608196734415,4.758856342533498,0.492578227819915,0.49678993661375964,medium
14,8,1.1071883317217992,0.9398266926706758,0.7109539786541267,0.7059252844463543,high
14,4,3.054559789057484,0.3776141598082474,0.4754759822644362,0.5825777687208322,medium
11,10,4.483711491765893,6.282813095059286,0.6287706910753584,0.6488687175813432,high
11,6,6.95170719443533,0.44710594412398613,0.4133902806460274,0.5646973498350456,medium
11,6,8.205156624609533,0.9016686418270231,0.6186936931023242,0.602727614341618,high
8,8,4.059861747960986,1.1442262684845443,0.6355497724219243,0.5994817793611547,medium
15,7,4.01004511928738,4.241958248321438,0.8582370550741245,0.7083676893593487,high
10,8,2.653549497919596,4.446916216559023,0.5027810233587567,0.5809100965613578,medium
17,5,10.619408228288588,0.5988298517014771,0.7229056694601402,0.6955889348806849,high
11,9,1.890462581352454,1.3724633722499586,0.5765151680862837,0.6511532778022571,high
10,4,10.278624733989481,0.39964722093022087,0.5918078680085936,0.5456972587955172,medium
16,12,8.504928893000615,0.029952836413668266,0.7149351774675142,0.8227873499174118,high
9,8,13.126648981920106,3.078924468747715,0.6906197985262476,0.6125977965802648,high
10,5,6.089579514862564,1.3333987889579642,0.4846339071942119,0.5380374561791226,medium
17,9,7.426064924223717,0.26876219561435843,0.5762434545976193,0.7484569429487615,high
8,8,4.6104958454271205,3.0446430034624976,0.7494859299843522,0.6095995659737872,high
12,4,2.8271195846477095,0.08365317568744308,0.6671329020005765,0.5928688925621991,medium
14,10,8.94106942459358,7.2280985539528215,0.8351233594674873,0.7288373482004786,high
15,8,4.16909833765636,13.475316389848247,0.6858730671779206,0.6323391708365957,high
9,8,4.237989196375213,1.4091325934506662,0.40705384093737534,0.567016550897804,medium
10,3,1.2201137142522667,0.04077489112735904,0.745507185643316,0.5588296045211475,medium
13,7,3.5708572988066476,1.445356792164423,0.44512099682906536,0.6143884874180502,high
17,8,4.38146077733142,2.9078931058931796,0.9218608754551517,0.7799862210517425,high
14,3,4.321644080689899,2.6995115999164656,0.5866290289850495,0.5693290617975668,medium
11,5,4.477545044366126,0.2428754307716315,0.29021050514333513,0.5214229314901895,medium
15,6,2.767285831311983,0.12253756400956735,0.42764269177179837,0.6297116212609626,high
11,9,2.6492550250869598,2.219499210028658,0.43904948011042044,0.6180132346218931,high
17,4,11.561617893658639,2.45738219698798,0.49905554824079373,0.6184285616682389,high
10,5,13.028243252463831,1.2124187304010834,0.4303378886815657,0.527984786200306,medium
7,7,11.61164185208792,1.2076806206794732,0.4575719395675021,0.5284631837756373,medium
17,5,2.8727102132468887,0.9265451509380986,0.6629474783151276,0.6814125279901049,high
17,5,7.614807594905167,3.572608358029602,0.611106453661613,0.6534039016787919,high
17,6,6.521219654664963,4.357930377708392,0.41969180656934213,0.6298854921291459,high
14,8,5.8874131876475015,0.00053253650587318,0.7465654898364381,0.7193095477239152,high
14,7,3.1657093094948707,0.005928581716274664,0.6548395123670032,0.6809283785952921,high
8,8,5.086390966574955,2.7404202960253197,0.4464379026372602,0.5510181118872832,medium
9,5,7.957113127405052,1.217628489076525,0.41569498560093576,0.510021473859677,medium
11,3,7.2548395940335,8.909579564079037,0.4931885665210576,0.4642405162103513,medium
6,2,8.637770711561231,3.579452341978379,0.42798874261857844,0.3917347329105265,medium
12,2,7.166004656036199,0.8847220483107344,0.5969794347299331,0.5334977399572485,medium
12,10,1.5087148504479482,2.499932868533265,0.6516335983422303,0.693660500544891,high
8,4,16.505096219411016,1.6014849796502575,0.7992566837942515,0.5491747702278487,medium
12,6,3.091418787244312,3.3396605798656904,0.6646012482609001,0.6106558457864087,high
24,5,5.695993287604179,2.1365969823501985,0.621055724771103,0.7099671650718858,high
9,9,5.433332291397619,0.9165836817187493,0.6988689380094685,0.6486632297237688,high
9,13,4.969655331506131,1.723756260922518,0.614519027313419,0.7064120970565337,high
9,5,3.9761790185783266,0.5593294383843151,0.4836990550499129,0.5280109480874204,medium
13,3,2.4026172524366776,0.6963607008480163,0.6981683454101721,0.5899912644097144,medium
14,1,5.308881428690563,1.979198537458218,0.545140027104448,0.5258333485045015,medium
11,2,5.476143700102234,3.704589490884407,0.7405176579611789,0.5284062683196731,medium
14,3,4.6368485755702915,4.32889014434497,0.7241622653257946,0.5859731854361925,medium
10,5,2.4852511485365927,0.27538676429653447,0.5541225754030389,0.5589886033186309,medium
17,6,1.6414466606292963,3.7769613877420323,0.6121743301271636,0.6722551234404859,high
14,8,2.543400367215124,7.601970942007103,0.47459986336771204,0.6142401663934951,high
13,4,5.942981070992879,1.7614475984709945,0.6547872961808886,0.5942144752463712,medium
14,8,5.271056651711874,1.2812084862916908,0.4787426316918184,0.6572071364297525,high
10,4,6.875088110195326,0.0935202062814775,0.6796041406875605,0.5652973600956356,medium
10,4,1.7434123870757987,2.08058593692403,0.3504648984077659,0.48622240676872636,medium
9,4,4.253015835910033,0.20121473959346228,0.5288780038088625,0.5194341691644828,medium
8,8,4.443122877942967,5.822673957834435,0.7879198980236403,0.5987661532191652,medium
11,12,2.5548916436093627,2.6461707778637438,0.22100675361416008,0.6315602122037405,high
13,12,4.6105852095315365,2.6028092792308866,0.6999509972234226,0.7576381375831452,high
17,6,3.950280244518715,2.534443194801603,0.46187257284462463,0.6504782266035809,high
11,3,3.8222545092782783,1.9716957693506318,0.737499519343102,0.5593552654062829,medium
11,6,9.855326239770374,2.741757229269099,0.754035706367128,0.617528759744965,high
14,5,4.931937757463981,4.3917755085794505,0.6285462088769636,0.606430738384863,high
8,6,2.82094881255226,2.691786194003986,0.6354187870277364,0.5491385161121873,medium
8,3,7.2791918857654965,8.146481988369528,0.8253603177610366,0.49076218362974383,medium
16,7,3.66808747043154,0.05606649340839108,0.7359202138611742,0.7268102661495123,high
15,5,10.949857347897195,0.5140460859587228,0.7479545066353306,0.6711639274206745,high
9,3,1.142304707077137,2.493771362307662,0.26004963203953296,0.43038478399252217,medium
7,8,18.904223692649325,2.777868059092244,0.639264619026049,0.5743338034112616,medium
12,7,7.905351294758305,0.23844721241713832,0.4165714399101716,0.6017246398992534,high
10,5,4.965864258127445,2.866085025041037,0.45504236586718033,0.5219012396731625,medium
16,5,1.1724842217439533,5.967491002324463,0.4316902542517153,0.5865547775015133,medium
16,8,3.0193715120228637,16.235905046170345,0.6443721898567585,0.6206350709968828,high
14,4,10.395255229162991,4.674266215179487,0.6786604354572086,0.5945703123235785,medium
7,4,7.9239108418403745,0.12207305590436886,0.2615472091427748,0.4364956214558592,medium
10,6,1.9793477395708918,2.749905141866236,0.33575058565498966,0.518817416185223,medium
6,9,17.587867679242184,1.7467385868818635,0.6823643680014642,0.5948279496877471,medium
14,4,6.385163586511898,1.5520220377209117,0.9224090821856757,0.6641350028523291,high
13,6,7.7830056531500755,0.17273643682912118,0.6917356077187851,0.6521955452982295,high
18,9,11.078859602177504,2.8837583145421015,0.9381936636083313,0.8184136772913856,high
10,10,15.902034685230086,0.5912268251461194,0.3548135129903082,0.6170211904304208,high
14,8,5.897587028615719,0.019877719590424805,0.5153860896489456,0.6729446997991864,high
13,4,4.915311421258671,1.122243587502283,0.6034545339417925,0.5882092828716766,medium
15,2,3.93733824411423,0.46133950604433016,0.6214019748757582,0.5862047982681894,medium
9,11,4.110117954135564,1.4847952805786557,0.7303637398498481,0.6911741127661118,high
14,3,10.290036213497068,0.7168558036764636,0.7261794099376471,0.6104568432963531,high
12,2,9.539751917027788,1.6719493869245223,0.7462160489732215,0.5580968805484808,medium
11,4,4.606081192092848,0.5208980589077596,0.3725643707229502,0.5160402204185384,medium
15,11,7.850779949604311,0.8300958298943749,0.5979405863481898,0.7590541450703421,high
8,6,10.927015267684377,3.9068444506043503,0.7035146863803968,0.5546573076053837,medium
14,2,7.236979020282474,0.20763898381825685,0.5300336883541387,0.5546224777787061,medium
9,11,4.4533710276923735,1.04326909772709,0.5744863069323435,0.6629421340682882,high
11,5,8.01493129512331,0.5830618464095507,0.6176332512288725,0.5846395712697109,medium
14,6,10.50773348786475,8.481113155403131,0.25999865970319475,0.5254589775712848,medium
10,4,1.6809949524704246,1.3028538767612803,0.40503268663265235,0.5023208448147887,medium
12,4,2.4875332273306454,2.9707664641326663,0.6868210649417216,0.5775591032274598,medium
10,7,2.8292557932764586,2.094800362223107,0.5852393040452676,0.5930825250608994,medium
13,11,8.36759140947565,1.257421837447101,0.4982146295860295,0.7062601136675586,high
12,5,4.212869688597474,0.7046462233919084,0.5724127466264978,0.5897849078360202,medium
13,6,5.400747802779073,2.042538003933657,0.7479297697362083,0.6509690339210172,high
12,10,11.02463358095119,1.126321258880417,0.7803859866443947,0.7285683889363428,high
11,6,5.461588944588414,0.7540052020369801,0.7413149728508135,0.6282362932232495,high
16,6,3.9809774376760823,0.23702306191696862,0.522752667412289,0.6629703797363447,high
11,8,3.9978669804463896,2.363147243389487,0.8169161234666947,0.6726289097374091,high
15,2,5.529580482496858,1.1461220368582585,0.40404648348918876,0.5381684831187827,medium
17,11,4.169962689799274,2.420265687763502,0.39635425412034647,0.7381357462389793,high
9,4,4.809342883916223,8.99368286717994,0.5810829272902459,0.4712586996768496,medium
8,8,4.317650599300792,1.0476964465438936,0.5703461123516457,0.5870845794933699,medium
15,6,3.2944193080594104,1.7431742292180872,0.7031572848279688,0.6740102954374732,high
18,3,2.071229285614515,1.0354523785845264,0.5359285375303211,0.6302826916488341,high
13,3,6.34327524470295,1.5120011437784306,0.45257354042773473,0.5354347004603575,medium
11,8,17.59179920974212,5.484948833336383,0.6067419241331744,0.609782059271059,high
8,4,3.647240428757448,6.937588605256864,0.6136904373726092,0.47648749677280944,medium
19,6,8.86903955938834,6.232136812861832,0.36417144991628625,0.636286711230845,high
9,3,8.572249539111299,0.3377933640397954,0.4236212281255261,0.4774722898648399,medium
19,7,4.847045797831871,0.35313733888170334,0.4039847798828098,0.7034427070506839,high
15,9,8.820913614096158,0.5618239927101637,0.6747079122039554,0.7361960891560567,high
15,3,2.6126019796446864,0.5642995461344088,0.5706081443612536,0.5953596318980213,medium
13,5,6.336089792291476,0.20247309342879335,0.8312409776419891,0.6598983749055393,high
13,6,7.580751373056195,0.7843488715371459,0.5810755161117732,0.6259861107454403,high
11,3,9.768653260620418,1.7911123693316535,0.6338431719257783,0.539827885256278,medium
10,9,9.350054424424476,2.1722386957791686,0.7698038566838523,0.6694791800315759,high
11,8,13.101781435571874,3.848478937616401,0.7206758705241644,0.6434786478540568,high
13,3,3.060758215642771,4.078885644705744,0.8679486161541667,0.6013971522661284,high
19,7,1.8738330875983478,1.3277994944203364,0.6639461681465871,0.7489372369998484,high
13,6,10.764582852679716,6.529948784368815,0.3724472523853115,0.5459564585812703,medium
17,10,4.917531812110132,1.5476841046149066,0.61641614953602,0.7679653358764379,high
18,5,8.806082355794661,1.8788823041089062,0.6498668345549607,0.6874474848835994,high
18,7,10.708496271157806,1.3206654973457979,0.49443454821007965,0.700082472993044,high
6,7,5.151393163253964,1.1707852703433823,0.7194118730530396,0.5660771394749854,medium
5,6,5.57757956571216,2.7524313731158836,0.5332750822403686,0.4833054739606345,medium
19,7,5.532861289353261,0.40856105950109634,0.6497508577728455,0.7522264311578951,high
7,7,11.546409834549454,1.3836103184092545,0.4381297391747364,0.5234018790455522,medium
16,7,10.467507151967661,2.1607851164341727,0.875922469884721,0.7407792598673831,high
10,6,9.21173357570094,2.8843722269124044,0.5785105678957146,0.5664729653997269,medium
17,4,5.888523668747151,0.6221273588635885,0.5988362990304901,0.6506197440803408,high
9,10,8.161593195625002,2.5932693296460614,0.5217314062935201,0.6220578190610636,high
11,3,9.496302207275168,6.043837017479909,0.5558502023695777,0.49587779369071616,medium
12,7,2.6970203231561816,2.176123056901995,0.6583523060216566,0.637162974158318,high
5,5,6.594828182054642,0.6044394304084381,0.5096568686738486,0.4729017775320468,medium
7,2,5.6029157827201335,1.565528514190879,0.677638094874168,0.4700907622135611,medium
15,3,7.475272486824309,0.8212977592421056,0.8441343865733294,0.6483515589197185,high
11,7,2.1914553449123306,2.230855721387508,0.6568618830355182,0.621500005131187,high
12,8,6.433257868509957,1.1315249824604234,0.31621671087974773,0.59569984229288,medium
11,6,3.46859184637167,0.5804779681267764,0.6695932366684917,0.6150487942128533,high
8,3,5.7305537372257165,1.2533021164165594,0.6394684654878044,0.49953834565478383,medium
19,5,4.527003693846528,2.4332303805534665,0.5822285398510001,0.6852241720998435,high
9,14,1.0135637838672924,0.4729600218590961,0.5743446618160137,0.7267158655508087,high
17,7,8.774957541283857,4.789189928385031,0.4011372646839469,0.6432995200808892,high
7,7,10.890459968556094,2.546733916735477,0.7460631899336204,0.5772344118751542,medium
12,3,6.485595252750368,3.7200360440728706,0.533939123667813,0.5219875844397435,medium
9,3,3.2883706580583185,1.0790185232257716,0.6660786886890375,0.5210222809163024,medium
14,6,1.259670973729774,0.007097663077339951,0.6036563840881434,0.6506839590637796,high
9,11,3.3361296291469937,0.7862548152048146,0.7697287435953205,0.703704049951032,high
8,4,9.672647333331746,1.5564271590426622,0.7330775520074305,0.5362393293412017,medium
11,2,3.2501504417341476,3.90468651462717,0.6863204728503564,0.5162328511392236,medium
4,8,6.810861338691305,0.48969546285751847,0.8481761844411728,0.5863706004691844,medium
9,10,9.233286845597746,1.8199734048119542,0.5746402517891882,0.6377948943257579,high
13,6,6.971975609897106,4.288512560000615,0.4377828411969578,0.5739664845060541,medium
14,2,5.866465934328785,0.2152001085932209,0.32364983701865585,0.5132953000131097,medium
10,4,0.8687087846555507,0.8049140955220077,0.7151993906955149,0.5676737841689563,medium
12,4,9.137599585734595,0.9000933609769058,0.6149360966426971,0.5769865969220267,medium
14,7,8.527572276154729,0.9707085153354491,0.6397272438904313,0.6714740586758499,high
16,5,4.757739012415439,1.2704607028029833,0.4628895236453172,0.6241081667103768,high
15,8,5.67303397138975,4.316365359913554,0.6146782333054699,0.6791598775950036,high
15,6,7.476900779086057,5.250322397133166,0.8986465558385778,0.6897271618534944,high
23,9,7.22955326215035,2.647532966718119,0.4503504351752243,0.752419867256924,high
14,7,1.8649670499869146,1.2959667031963684,0.8740938979332322,0.7161790015653373,high
12,4,10.488873621941874,0.2193349496913109,0.6487222698309689,0.5882822209682518,medium
12,6,9.107153120535404,1.4771585783990497,0.6611228829741596,0.6223768527388382,high
12,7,14.031314594885284,0.39263573765388515,0.5438807190489104,0.6261585722254228,high
9,5,3.977480386996972,1.111996218444142,0.5787145138332127,0.5433295946436816,medium
20,6,7.5420601853322395,0.008402400750267743,0.6896719609001785,0.757878376175034,high
12,4,3.9147234747735813,0.8795219213473973,0.5603122089941761,0.566198962323186,medium
8,8,4.493278010798536,2.2169427334401797,0.42326091552197875,0.5498725648814613,medium
9,6,3.9789696488141346,0.6401287245282444,0.6215630202457167,0.5750450792189551,medium
16,7,12.429821063618995,1.0497450785646554,0.3897236013126106,0.6509464197387578,high
7,2,4.984472739564222,3.2290619996186525,0.45746822595331843,0.41496656519320607,medium
10,9,5.61060739703934,0.6773120007543174,0.4440769943235233,0.6142999855263426,high
13,5,6.233820373555048,0.9722391995898715,0.6257748874033346,0.6136733828167344,high
9,2,2.9064395165554524,2.260436062666537,0.5137046921944398,0.4626713646877778,medium
12,4,2.894778993791417,0.7812425024562957,0.7622951211945127,0.607250740889194,high
20,13,6.294100326278947,0.1104956537293872,0.42256071449802046,0.8437755052080749,high
16,5,2.264999365749664,3.1788221283214937,0.6819538527321357,0.6551986230242838,high
17,3,3.063293640358965,1.9870709985795039,0.7343332969520062,0.6486195193998713,high
14,7,3.626662800392764,2.4088716284175686,0.23737712856824403,0.5814162815241983,medium
9,8,7.193179858558329,0.4701409978597472,0.26574949486278937,0.5450156256534929,medium
11,5,6.040779491797993,0.7833654918533928,0.6301538019918053,0.5858083237860051,medium
7,4,1.2024158615545932,0.08385820260635345,0.6021270859862821,0.504866362513214,medium
11,7,7.025906093428864,2.6019212518670463,0.5172889999195923,0.5911116583048048,medium
14,8,11.113320461880893,1.517836041179643,0.5945902119296147,0.6787991354447254,high
15,6,9.169634412828191,0.8204904332718598,0.48986115610718145,0.6375022949996239,high
10,7,15.352073608400504,0.20714956095336132,0.6976687702930174,0.628152756985581,high
13,6,5.515455029081853,0.6489650933983337,0.8062769354305246,0.671928953130116,high
5,14,3.6879120300708004,1.7113871707053534,0.5797127918873458,0.6595333105727668,high
10,4,18.82452867413882,4.119401644537119,0.5516970181274408,0.5128767259952407,medium
8,7,5.588256990102799,0.3471320639769328,0.8191206919483677,0.6215099246298273,high
8,3,6.907514051200278,2.008038395313635,0.5460186138604608,0.47581680013666794,medium
11,7,3.818765530153459,2.4297171917433245,0.43179612183343113,0.5751611097550641,medium
12,7,0.5175626845962448,0.677916207511909,0.3763193578655391,0.5907444301896951,medium
9,12,7.043019924552899,0.5881079977019007,0.4771387144357715,0.666507022902475,high
10,8,10.249831816387527,0.04796330626535317,0.5069268457730506,0.6110656137795077,high
19,6,7.700805508580481,0.1427025747351817,0.538598323928787,0.7117683142875229,high
17,3,2.75025187693012,0.9057820589674602,0.49621696301520446,0.6082048455432578,high
11,3,7.520921973876274,0.014645748541974767,0.35240392641196505,0.49538314695877983,medium
10,6,6.147774014223927,3.751470841599987,0.8605169193793339,0.6170935782652002,high
13,8,2.4575242670138246,1.8193053440742013,0.342839308182467,0.6114391593426655,high
9,2,5.404344979014059,0.8745286285415094,0.5932569679354939,0.4878212027301554,medium
14,8,7.939220985420371,1.903054000972973,0.33067577538798515,0.6234481284044439,high
13,4,2.9341087555246155,1.7547472305099803,0.5645741386622719,0.576216512862388,medium
26,8,7.3945672133832625,5.431126478024587,0.8320228891962528,0.7901970679857533,high
15,3,1.3128159293815853,0.4428664392267785,0.4671621518611719,0.5754799874440558,medium
6,3,7.981810244339894,0.7660426125768091,0.366379107017634,0.4181688706530147,medium
10,3,3.4606528654029987,0.2125075871553183,0.6871531415361515,0.5460139110595281,medium
11,4,4.673348130310537,8.07625902191591,0.37637128527950303,0.4664325302431279,medium
10,10,7.607022454206968,0.8865038156740633,0.5903572316604733,0.6621614208942675,high
12,8,5.126206578472795,1.3626241262704513,0.4947712320817263,0.6298700855745423,high
12,8,12.36179083442984,2.1140969082081487,0.7258789558756706,0.6710818117870798,high
14,7,4.076723377007712,5.158530408012213,0.839073512067809,0.6834244996934803,high
10,6,6.488565356853764,0.664001468336657,0.6218574919013378,0.5899448219246899,medium
16,6,8.343013492143124,3.99697036200179,0.8256963391869876,0.6984927987573856,high
7,9,7.465751944750158,13.052610152072976,0.49573330029910795,0.49712925904600175,medium
11,14,7.3665374835771615,5.170674575479426,0.37691433990043666,0.6859117041435577,high
9,13,3.3850038566077107,6.251319310841995,0.5111735658779947,0.655559251103319,high
16,4,4.490174509111299,0.07268431379179252,0.7528241974945791,0.6700802774069706,high
12,5,3.343603259296736,1.2698590608255833,0.36195418689082004,0.5439251103059934,medium
9,4,6.408842968058009,1.8287622214085564,0.6096522645825421,0.5247387047737847,medium
10,6,5.873246151395446,0.7505004463698902,0.6554942042829304,0.5960955045474535,medium
8,4,4.971918527736689,0.5761901174736581,0.5511218126832657,0.5063830950868288,medium
11,9,2.3550427749408747,2.6523939132663554,0.4363318144782094,0.6145837368071996,high
14,6,10.837337644365526,0.3680978047642997,0.5175519656397387,0.6310564077628524,high
14,4,3.1498361306805807,0.34432160846512094,0.3981051054295303,0.5673255436961386,medium
9,5,2.9478683998509077,0.524474057354882,0.7685150726767342,0.5852065208196476,medium
8,3,4.994303097015157,0.21752015246145773,0.40202073094390745,0.45895401183903844,medium
10,2,2.9259701602510924,3.5290815766741606,0.3161303952252617,0.4296988685338913,medium
11,6,2.093844810036782,0.14693449093649114,0.9258255234246852,0.6691855414120271,high
19,9,1.815703042412368,0.8512872738057164,0.40455643110206635,0.7402360377283752,high
14,4,8.812295891322133,0.6124695438902599,0.600582128969437,0.6060332955012857,high
10,3,6.166202405805024,1.0200531383892875,0.34010246807353733,0.4712201393587789,medium
18,10,5.464923437111334,0.6181613533391138,0.618338403720323,0.7895466050551372,high
14,6,4.048050987959538,1.2297607482014952,0.780383010264232,0.6778781970648364,high
14,2,9.750288002089752,3.8394464810829314,0.7985780781876426,0.5841193057636423,medium
14,5,8.27129113421688,0.4045616225260777,0.587272519749681,0.6247574264664291,high
17,6,12.351219747047839,0.41527198573402585,0.33664209232344633,0.6395599385597958,high
8,7,9.536508398920226,0.9956617289650417,0.8266013285399485,0.6186825208482228,high
5,3,3.716977522449876,0.2696179047280402,0.5200928010859759,0.4372211075190083,medium
15,8,2.5274149158805783,0.6649675150654577,0.8880126971421037,0.7581694226613177,high
12,7,14.286101754211888,0.7764194236446726,0.6074563478280081,0.6363151400746371,high
12,7,8.286006216676459,0.05167156356052071,0.5438948676251314,0.6284344964346228,high
4,7,5.303126426380722,3.158396793563156,0.6900661005491369,0.516957241486073,medium
15,3,5.098185866683883,5.830630723663523,0.40824438475737196,0.5277780054603842,medium
15,7,1.742345677093396,5.029194861328014,0.5324948887257935,0.6379710120029719,high
11,4,2.136314597052583,0.8090983608674298,0.690985332956864,0.5778030775189233,medium
9,6,5.210644500387483,1.0945670834097703,0.6729097407239574,0.582284834255393,medium
13,8,9.488347112120028,0.045842799447153006,0.6175161061270945,0.6781976025624379,high
20,4,0.4548354795950952,0.6111678871549621,0.3321501959819201,0.642355586615351,high
10,3,7.546457357366038,2.0992335508258178,0.7084184471113651,0.5376887990834343,medium
10,4,4.750879111608381,0.59846000227549,0.5996169046383122,0.5459336475791592,medium
14,5,2.6985796298274463,1.1385594870468214,0.32947112265672024,0.568303827951032,medium
7,5,12.345161922705643,0.6213582889081314,0.7581067590093092,0.552478963209141,medium
14,6,2.5568891260664337,1.2230471256035684,0.8105802766618194,0.6839624078283402,high
10,9,3.0891873972085397,2.7954641328867638,0.4680935084239933,0.6049822741322203,high
10,6,14.388653690791752,0.8073012466813484,0.5266541726493319,0.5699488262186574,medium
12,7,2.2623578414361645,3.9119682845545625,0.6060216303323082,0.6151245375027645,high
12,4,4.16725691887054,2.1218214004543894,0.4999663407627081,0.5458477921495124,medium
10,6,8.361211515470213,2.7194134451839576,0.6393176944804643,0.5797341159281999,medium
13,6,5.515204541037718,0.1523362470374421,0.3964272432467881,0.593269873669108,medium
11,4,5.797586897006401,0.5858198923866871,0.661159003142514,0.5733263346792582,medium
16,5,2.0970300476627375,0.7172159652768406,0.6831698411633691,0.6718525284641615,high
12,6,2.8918039340676263,2.0454045551648474,0.8242019023798691,0.6512043501082081,high
13,3,5.810882460212686,0.05962981678146839,0.7477725827816214,0.6041569844444479,high
9,5,6.959942669118384,2.6041058595670608,0.7664038658368111,0.5709200674369151,medium
13,1,11.592690566892056,5.45708707668313,0.7577401416858554,0.5301674478259502,medium
18,12,3.7026805684244817,0.7033271213786901,0.45129110576900155,0.7955693736779424,high
16,10,5.047475124530687,3.7343929119001866,0.8022875273624329,0.7755615527264853,high
14,4,2.7550366802294577,2.133919861841532,0.7104683219770891,0.6178675319831409,high
6,2,2.4193520126786665,2.8552762010166495,0.4781001293898185,0.40658485120451937,medium
9,3,5.506246974231448,0.8592719281916659,0.5927041661578637,0.507812353710295,medium
4,7,12.62117839661752,8.941850442332832,0.6480714043401031,0.47000194458580175,medium
14,10,8.704015743721392,2.9720058470654434,0.4204576090560395,0.6742781494974384,high
11,3,15.185683213239196,0.27493377624391985,0.7479071277427739,0.5727485337069287,medium
17,5,2.2590449207631895,0.043495583368704474,0.5903758080725446,0.6727851910587176,high
11,3,7.29222970287036,0.9757405704129577,0.343586638312887,0.487212390526491,medium
13,5,7.278810682622045,0.09270238604630993,0.5874111461771585,0.6118642133284563,high
24,5,1.3770509292957582,2.0315980397484283,0.7940280799653014,0.7452616290614041,high
22,8,7.9497428237575365,0.6696761409591075,0.7719855235622496,0.8099325971060558,high
8,11,3.0005732355831096,1.5792209984109404,0.397063776618774,0.6088846153343485,high
10,7,7.07948920122476,0.052463580476380084,0.3539370521476532,0.5604376532263547,medium
14,3,3.1148684669395714,9.690733226173577,0.6333973156976392,0.5320745749650374,medium
12,5,3.8088380729562528,0.5802781204088151,0.20734649597032467,0.5176007783913394,medium
9,6,10.93594139942256,0.9468828007730481,0.9289788888619398,0.6344832257672344,high
13,6,10.092170643146188,0.4385411673862425,0.26492383282132215,0.5650611587816895,medium
7,5,4.679089508416599,2.6074206606932577,0.47126606426136264,0.48187040844765083,medium
18,7,7.675544072593345,2.8984139302137213,0.46380472074389145,0.6834381846140202,high
12,9,4.194352093928346,3.2309729429540517,0.6219759249941927,0.6628553653791449,high
10,1,5.401171614929802,1.014905138621344,0.6399619571142784,0.49122635716538005,medium
12,2,2.1128601765562323,0.3972393469449742,0.42614814473200596,0.5025813666334347,medium
15,6,1.0161203830733219,1.471333870322516,0.6729993256277512,0.6697909726567335,high
13,5,8.732290084960212,1.2669435621561902,0.45657724372232705,0.5778691583300908,medium
8,11,4.6207962644932685,0.022144373886555557,0.651207450944343,0.670093861029625,high
14,6,7.59765733639113,2.5394152809421158,0.6750217870149782,0.6480749221967149,high
10,3,9.793625144503006,1.5310114480936634,0.4078255287526083,0.4813583627632306,medium
11,3,7.081297715486699,0.21458376756079,0.51310781959358,0.5261910054683108,medium
13,10,6.735904899489073,3.3076503318368555,0.6596103338800983,0.704871064563774,high
14,3,1.9165993831968922,5.343094758292514,0.31144736888506586,0.49666884205506306,medium
10,4,3.6518504427969956,1.3827381651638713,0.4429704035362481,0.5093758262728239,medium
5,7,2.2144869739551436,6.053164378806768,0.5778019338259487,0.4902059575731446,medium
9,6,7.148132953210839,4.345554320841133,0.6474346147878581,0.5555165608186308,medium
12,6,6.68566876452752,0.296117718115139,0.31850564966325984,0.5617270118118843,medium
13,9,6.8088280245567425,1.0575382118683072,0.6220946781286694,0.6923686808799452,high
9,9,1.44086678512517,1.2491431336139833,0.7219783600956143,0.651068051128363,high
8,2,1.586685494811577,1.8361363087233755,0.6845222007720146,0.4846635314295804,medium
13,6,1.6313280579052387,2.13159200035061,0.7865296694415093,0.6580953205526311,high
15,12,2.6205516205219785,0.19656495005605895,0.5991340267014612,0.7835163723399184,high
6,5,8.293715513767406,6.668993433860086,0.4833099585655767,0.44220203548738146,medium
12,2,8.567366227582202,1.2274521060830719,0.6804911786106319,0.5479152216815726,medium
12,7,4.463586091771253,0.2876650761040135,0.42325949558880643,0.6027341319437345,high
22,4,3.3923054516077173,0.6994228264982698,0.6819183113890499,0.7117208434344882,high
11,10,6.835427711396813,0.8627904713569686,0.6622711051753262,0.6917022845593521,high
16,5,4.509782500844674,0.38601532953282086,0.6273707611484111,0.6629007166994634,high
12,9,9.384552211598024,3.607005270223551,0.7438780930196103,0.6847289168024318,high
10,7,5.083367886351592,4.038229564548013,0.44816514733921015,0.5527114990375219,medium
15,4,7.281754879902463,0.0026982512124752,0.3218359858058553,0.5693492088197545,medium
10,8,8.121181660623641,1.6175959696445132,0.7074589405359875,0.6407078149762341,high
8,3,3.207643212491204,1.8151920993731259,0.5456755305933164,0.4770338254561758,medium
21,4,6.750505278270155,1.1701535793402313,0.5203201387737554,0.6762630038924828,high
18,3,4.953897172203815,6.21694294350846,0.5025806636041757,0.5890698464307788,medium
12,8,3.7260336736819157,0.797494634789278,0.7404079867777879,0.6827649664569624,high
14,4,6.867302421288128,0.17285057725328917,0.8117200811357991,0.6511916790454713,high
18,5,3.2777264240756656,1.7845139114325472,0.5053780752613246,0.6591788556427146,high
14,6,9.194508102555485,1.4250839874770598,0.4568573337124214,0.6118709068259706,high
8,7,5.9954425780937735,0.07871708536992772,0.47635303620538577,0.5547458266719443,medium
8,6,5.524427213804338,3.4075899570184003,0.6763768374772,0.5525581011153173,medium
9,6,6.6402796991060775,0.21426679225002765,0.6460182164262105,0.5827751980035752,medium
5,10,10.13163843403131,6.001295371045583,0.6147643582285115,0.5579442358387318,medium
5,9,2.7243097042752558,0.5949770027324809,0.7690131319543387,0.6048361130393178,high
15,4,2.4473553943964164,0.950904086921102,0.5461165965089997,0.6078839587223259,high
11,5,8.22617693825602,3.608377426920684,0.6728348910903242,0.5755111287052603,medium
9,8,1.8663533432992931,4.64355808217559,0.8210545301351195,0.6282538521458534,high
17,6,5.04136960846961,0.6641652560456182,0.7361479981361139,0.7178018312535854,high
14,7,13.092682331931794,3.4063952290954354,0.5419498827145065,0.6356806750155983,high
8,8,4.426184244995243,1.5282026056155038,0.5532485482271797,0.5804616922746659,medium
8,6,12.862308735505273,3.161934652091482,0.7908269782908043,0.5770858313108843,medium
8,4,2.044864878078271,0.6380632801669928,0.5787860755778501,0.5115034599144568,medium
20,6,5.702759492540084,1.1851120694003823,0.5289681441885096,0.7178928817083661,high
17,7,7.095894180163265,3.140625608080809,0.5100725136228148,0.6760769986706909,high
8,5,10.528801120387303,1.6106519882749915,0.7301295473799334,0.5552882295541534,medium
10,6,3.9033935617882762,0.8703950668217316,0.8369883944140051,0.6315950451039894,high
14,11,8.383461387237324,1.464453394564711,0.3454822871934598,0.6893334348082605,high
13,7,9.633225199583034,2.2175246081435924,0.8013483297309978,0.6804861685585757,high
6,6,6.669728257278534,1.4666835233049784,0.6353033821252385,0.5272827862696812,medium
9,5,4.221284394248199,2.482512195960518,0.6826078110345638,0.5549714809005093,medium
13,8,10.9349117872313,3.891306961098645,0.46968366571321,0.6229946867353178,high
7,2,5.597467488884445,4.172524453487216,0.6444847561059927,0.4460801215312838,medium
14,9,7.610089582569023,0.30247142927747395,0.670355757388742,0.7220546752825653,high
10,7,9.261979130744852,2.6640047130767184,0.3574273526509886,0.5437254391096862,medium
10,8,3.7315669833113674,2.124179004848453,0.750941684282776,0.6460271434908988,high
12,4,4.866253801952666,4.86021608166626,0.588130963480399,0.545224752151638,medium
11,8,8.198020862117662,1.6066292947150052,0.4685873936099021,0.6080066167572138,high
10,9,2.0431543413656064,0.21859627593540176,0.3708199472777803,0.60270668094932,high
7,2,5.525464250231826,3.044641747877796,0.5779776216651742,0.44029791268051616,medium
9,4,6.207926493702968,0.09303194110140302,0.7309112566266269,0.5605620383846494,medium
15,7,2.8421680638367093,0.5649283346547685,0.5744463130281382,0.6761230737079291,high
10,11,11.642344375890104,0.023156826186579056,0.7141140380059984,0.7126684287599558,high
4,6,3.122969115322336,5.750146734860824,0.5326011444676169,0.4481859173277845,medium
15,5,2.6770535441495698,0.5904842797008686,0.4688578680804645,0.6148350117514204,high
12,9,2.1647319227449544,3.442818075137722,0.6518923032777364,0.6674263401546291,high
7,4,3.2591706008324324,5.927415653259748,0.6849870749386309,0.4824813106326612,medium
8,2,7.052999182619258,2.986883547937063,0.29890233172030517,0.39986790935781397,medium
10,8,2.7019951464413396,6.750961929824281,0.5655947167480279,0.5781125304841104,medium
18,5,7.971066849633776,0.016026034301893883,0.3852637304329985,0.6469459058579204,high
7,5,9.66160612180845,1.3929802071657569,0.8609640172129288,0.5679062687281474,medium
4,6,9.454987446540766,0.4512957875974011,0.5670785123229827,0.49040706388061384,medium
10,3,3.4667428375546945,4.513503585523848,0.7398622355026528,0.5278824231970383,medium
6,7,3.5574687542043195,2.2405569154647873,0.23315268538783593,0.4616934909744686,medium
15,7,8.948959080434934,0.29160937480545973,0.7462006284453938,0.7122960631903756,high
16,6,4.088840723773534,3.8737787358613325,0.44877670170282574,0.6239301487681563,high
21,6,12.469579907339227,0.0517106315157381,0.713000804423458,0.7622554233412534,high
7,4,6.1637780376460976,1.5825012538202674,0.6610652021930951,0.5066630320798172,medium
13,3,5.922220066578667,7.719450309733988,0.5998173645094649,0.5235004708369998,medium
21,3,6.110407762018911,4.228840497400666,0.5231618754725159,0.6364401051118321,high
12,7,7.6272374172380015,1.26140156974165,0.4999431997339795,0.6115792961485182,high
8,2,8.374323129991351,1.7898404080353718,0.7803313056058016,0.5041339917342579,medium
11,3,2.2322308482866924,7.373706892824572,0.4958761975414535,0.47501719355612687,medium
9,3,9.13013787711451,0.9005693409752901,0.559256165821538,0.5008474375578057,medium
15,8,5.967568469321925,0.4092602005241246,0.8260026661358829,0.7474721318903492,high
15,6,8.80965003427659,0.345770621788438,0.6243062196058325,0.6675561064425769,high
13,8,4.361214216381855,1.597407776827517,0.7068916598560727,0.6857289467923644,high
5,3,6.697936707278602,2.552808165207624,0.32717262095534233,0.3834158030896843,medium
15,3,2.1016368527794205,1.5217939815358679,0.5820976532882658,0.591274237447414,medium
7,5,3.2970027761361633,4.205521414626965,0.7188831508587252,0.5207398207408986,medium
11,8,11.30465672323091,1.539973295600242,0.28853135388373014,0.5724397821394112,medium
16,5,3.7812420228030783,4.558844425132607,0.7385594654578729,0.6573195969240239,high
18,7,4.304963787918793,0.2601396709130951,0.5240150168417738,0.7130687388956009,high
13,8,3.433658276379324,0.816699809674825,0.5759896728394971,0.6647532691700672,high
14,9,3.8424960542718964,0.1364739660302443,0.39663417049332167,0.6684170076584628,high
10,9,1.9807381669517738,2.9875031971288033,0.7938884082362662,0.6688609936663945,high
15,10,5.502261974678263,1.4660333572315556,0.6656162116035567,0.7483496866058343,high
11,9,6.989870930721315,0.3594219223484696,0.34458618857970263,0.6115210915669507,high
18,5,2.262221364207334,2.5309120377344536,0.6442480663165616,0.6819768663450827,high
16,8,5.279491099076746,0.5583577251821226,0.4702411803731677,0.690325851240086,high
10,8,1.125341609601396,0.6313292585583274,0.5352280336889486,0.6128367450140676,high
13,9,6.7391581992303715,1.314028997849893,0.5466917357721418,0.6755781538354291,high
9,4,10.919939146100806,0.627761071332305,0.7291720419722956,0.5566493345855772,medium
8,5,4.561502642701464,7.796019624498282,0.560447387194908,0.4801160132756597,medium
11,9,5.038090798487717,4.1490468180292,0.4694669352405153,0.6112330749279085,high
23,6,9.265123490159318,2.98954108740341,0.6472952904088249,0.7295287841657423,high
11,7,4.28746706694112,0.07603632067918677,0.6499593407730535,0.6344849593500829,high
3,6,8.053954516799816,0.3541004201151899,0.7564711520612573,0.5139335609448168,medium
17,6,10.767423424065258,1.0813531491298658,0.2815085173755733,0.6240926824809155,high
8,10,3.403823471953974,0.219215078667018,0.5357802973180357,0.625694625605827,high
17,5,5.39642583401176,0.9067669463648073,0.7270405769523074,0.6943630024146962,high
14,8,4.594437951502701,1.1452340472147222,0.9437985785485741,0.7511248220616167,high
12,10,4.686342524153868,1.332470155873457,0.6216027899060508,0.6954374236087204,high
13,8,1.6875480755619066,1.5691291974790549,0.7932179117954301,0.703182721042559,high
16,5,2.5440980118917964,2.8640783859428027,0.6546797396976959,0.6518420920332538,high
12,7,10.028814009122247,2.0183493285486924,0.6530729369596612,0.6371589252016076,high
15,9,9.029887636929663,3.626798648063432,0.41832373679431994,0.6644860897051078,high
12,2,4.393096181970476,1.3857705454602784,0.422583112143767,0.4952781521256849,medium
15,7,1.8231158733797905,0.5830821873690625,0.5566357085953358,0.6724399271366068,high
13,8,0.9146135223110258,6.701337281382588,0.4538007826212546,0.6010845746483671,high
12,5,7.775256799379997,5.905614111667395,0.79383661033117,0.5993965613217846,medium
18,6,4.0193703695143475,0.39340323703503555,0.7728806060891164,0.7419534329709231,high
13,4,8.381382483922097,0.14893922150708472,0.589058678056118,0.5918188074678431,medium
21,3,8.312162212535005,0.0763675629382602,0.6652293044466222,0.6925367438030694,high
15,3,3.096018034437024,1.0549637501651643,0.6343985570693423,0.6048466197461007,high
12,9,5.12555878673373,0.989891576800628,0.5209479911103835,0.6575903210434059,high
10,11,5.283560382167337,1.633069698591414,0.7851353554998407,0.7161399397760254,high
11,4,9.37619955097681,3.5957608152052285,0.6285474377604892,0.546737748784063,medium
14,5,1.9482553154362945,2.6184251423608966,0.4784400580114054,0.5882318439865417,medium
14,6,1.8760103258447025,3.7306980476738905,0.6342066007960063,0.6319699998413753,high
17,7,14.416026672408977,0.8472120985394302,0.4156835681261129,0.6724886329682931,high
13,9,1.660784849802253,1.1940721599728876,0.5304723221051225,0.6731339833545387,high
6,10,5.147105162447678,1.912679765766583,0.4116737160645203,0.5595835447744602,medium
13,5,5.784284303622551,0.516594431686798,0.5913101497503515,0.6098180670721582,high
8,4,5.917633708731545,3.302996770093167,0.4686733534991838,0.471714692232549,medium
5,6,3.314091005778716,0.41426189574745526,0.6354707327091862,0.5193324005701876,medium
21,8,1.4704064294445207,4.594289162815355,0.6202345323582348,0.7534183120528779,high
16,4,6.429177559056404,0.7517979421067488,0.6161715855196825,0.6382223308232249,high
12,6,7.714529841665545,3.02056141721423,0.7813350724085483,0.6361299383669481,high
11,2,7.080772410529016,0.3999965545341086,0.36559607376318,0.47545257105574196,medium
16,3,6.212260127052559,0.15010485276985003,0.6442003710173233,0.627839375184999,high
3,4,5.604465251650503,1.3975036903433935,0.5847118287478312,0.4326256744806103,medium
17,5,6.786306780619822,1.3681671792352903,0.6855599718365223,0.6829908798390691,high
14,5,2.4020583865007192,1.245194791817424,0.3012012105358801,0.5619389434950599,medium
10,3,5.390958942255963,0.349607871528631,0.6878883195201119,0.5452469447604982,medium
10,4,1.6736563361852446,1.3965715752379755,0.39830242064633714,0.5003500069610143,medium
12,6,3.3986044288264736,0.46063372927660556,0.6688236971893896,0.6306938479093672,high
11,6,12.926350344924824,0.9948064821120527,0.5284130836840185,0.5840505735227234,medium
16,7,5.336944065143578,3.958166685976505,0.6654640181693062,0.6867050257273513,high
10,3,9.200263433084379,0.742319290232332,0.38435661887419637,0.48192252850662376,medium
9,7,2.43513054032821,1.6545916811689962,0.6084792188721768,0.585665232566642,medium
6,13,2.8965608599918995,0.619135431940424,0.7133604808048092,0.6885445266146923,high
11,4,3.1415113911444807,0.07882437941393841,0.644032493460033,0.573281002829247,medium
10,7,4.567946124410386,0.46901732389302325,0.606615681244781,0.6081963540896694,high
12,8,2.604322671970492,0.33096834698711775,0.7056104169038435,0.6789156277341879,high
14,4,4.317047391038873,0.546193986995499,0.6157496389536338,0.6095086345440901,high
13,5,4.874856751902796,0.27318147596184394,0.8114480279514122,0.6554683957505368,high
10,3,6.8685906652802196,0.5913115438363257,0.5911660834384238,0.524291139728776,medium
11,4,1.7092824510793334,2.4989790601243755,0.537322327874982,0.5358046051741673,medium
13,5,1.5898175964443055,0.5039049132092146,0.7934643400999544,0.6503335019319294,high
16,6,6.650479403915126,1.1307481971505797,0.5773063893823379,0.6679229565621303,high
10,3,5.260477719148428,0.43097391687729847,0.5606465365732366,0.5192561478687987,medium
12,4,4.919391379080373,0.8989461936208183,0.7113253533579784,0.5962720960474569,medium
14,6,4.5922714995121945,1.320849755032359,0.5578719039316378,0.6327687157527785,high
7,6,3.566223136030308,4.3404900516235605,0.4344207230928165,0.4829475442744062,medium
11,5,2.7487666116403435,0.00861082229362731,0.8801496649146765,0.6409725275009779,high
12,7,5.318463019063772,3.2078962439676126,0.4818122830713034,0.5949764816544766,medium
7,6,9.990829189538049,4.202693436186358,0.5892340294517998,0.5148288496491176,medium
13,4,3.6252760179321823,0.26148267819811344,0.5120669973071909,0.5756701816067842,medium
9,10,9.53219714166796,0.5832777832264164,0.6623602501225991,0.663583531469677,high
9,8,9.931774611007668,0.894177427789088,0.43537074787724017,0.5761129667235209,medium
10,8,10.152280167462719,1.5695944636802592,0.27881672636720967,0.5552993821822402,medium
12,3,2.2713946870709374,1.4855889012661718,0.5370098391465098,0.5374980418208608,medium
16,6,5.697548651937276,0.539132962485694,0.8165659772161401,0.7197189756933233,high
15,4,6.573602465237707,0.8228119757808859,0.6882574252368389,0.6371660718754952,high
15,8,10.561704318462626,2.3393741278952445,0.5842426591879232,0.6862527043182831,high
16,8,5.087209729664542,2.6848182110900765,0.43813639661615394,0.669728491249297,high
15,9,3.977826094530409,2.6833988350412263,0.30969206527425586,0.6490490874879097,high
12,13,4.4776574496275146,0.9108890721956114,0.5028991172537164,0.7345072296361059,high
15,1,5.305677909244467,0.37334980907391985,0.7370114993481973,0.58991330114248,medium
10,3,1.9613244317076692,0.30874299980495185,0.6038401484730764,0.528709743029249,medium
15,9,1.94007892168469,1.6061372107693852,0.5271407208449116,0.6997205627638532,high
10,4,7.244314147764644,0.469137145542307,0.37296275425155595,0.5014649698800291,medium
8,4,5.486761741026172,4.4885622900246105,0.6506449731640002,0.500205246032636,medium
15,7,4.796005602105356,2.378541354028637,0.632383474790147,0.6756197525978385,high
9,8,7.023187464455639,0.010709654386068157,0.24523074731744152,0.5439747517675813,medium
17,9,9.916745716010414,0.11264063945360667,0.8225796869758711,0.7987649997988169,high
9,3,5.786082559891092,3.461012969431596,0.46668700229826754,0.4652639806634429,medium
14,5,3.4605247595951605,2.4159664785723094,0.7783988992436717,0.6495733366582523,high
13,2,7.27336768102988,1.85613535382627,0.6124589500203232,0.5451175543118896,medium
12,4,1.8029881397797225,0.8570813692499186,0.5955901802851032,0.5734041602620212,medium
17,6,1.729473004072347,3.7720302427633405,0.8519102083520381,0.7202351733853187,high
9,7,3.816728136011806,2.1154893429044557,0.6358008417097653,0.5880569060559234,medium
9,3,6.407801408476133,0.9915624175089253,0.8169155800807942,0.5517726998994327,medium
18,13,2.209631038353984,0.7874029988673119,0.8436218569964532,0.8934750180735086,high
11,5,3.2874934621027116,1.4970551562212224,0.42626864536984227,0.540273361365827,medium
10,7,4.321868982519512,6.019831396176191,0.710452542221631,0.5919582991364849,medium
9,6,4.051210933964073,2.436175576985657,0.7380592719606933,0.586370683878901,medium
14,3,6.344805029100574,1.2141864457072218,0.566746937101508,0.5752548111155869,medium
12,3,7.632192524511561,0.341963884037688,0.34064583845007934,0.505849408463098,medium
11,9,9.05249054027426,0.5364019390274741,0.7424640622576996,0.68991679952469,high
13,5,11.502070857539914,3.969420476115381,0.8273411530906524,0.6340054274440279,high
11,9,1.0266025694988945,0.32834116172338934,0.24246476743116008,0.5913040124080761,medium
15,5,2.943594138274065,1.2251588118435912,0.4571404940928181,0.608260373406273,high
14,9,11.469528261467064,0.13598987036748114,0.6244991256886441,0.7139932260019456,high
13,8,6.123719686459651,3.0967275363417923,0.628988710080112,0.6601528917737438,high
12,9,5.599852703605543,0.4060930439916953,0.5665968832355675,0.6706120896871688,high
7,6,7.03545944342725,1.483804236064232,0.7932013508175703,0.5737482419230859,medium
6,6,6.329194594099048,1.9910079130185685,0.5873110113983472,0.5141888161928789,medium
11,8,4.5112667592449425,0.6307049790612537,0.42081765599346405,0.6049588313382844,high
11,3,2.486738270260869,1.234634280420926,0.44993393979842866,0.5067558927568796,medium
10,4,2.3607320370720006,1.8109129311959515,0.38742365517150107,0.49541197815966054,medium
14,5,11.722268366036682,3.3239813492895696,0.7056516032827918,0.628970444994628,high
13,5,6.55376675243662,4.567013960711587,0.7305795206842753,0.6106691443987778,high
11,6,4.756558124655134,5.502723165014489,0.6798415102519768,0.5842834809502988,medium
26,6,4.328673705377295,0.23783560464341386,0.4229899194154212,0.7030124131854615,high
12,2,4.882938342911441,2.068866850002998,0.5561655833659555,0.5174406710065045,medium
10,5,2.182127875917789,2.516527573860047,0.5274662952802841,0.5387164085636564,medium
13,8,5.769618433841942,1.6136817644033576,0.8510017925393024,0.7144424800785049,high
22,3,4.517447312031454,1.1547843468994752,0.6800065971272025,0.6883027571127773,high
12,3,11.26894428802421,1.2357583603423743,0.32964747083731694,0.4976911050985142,medium
7,8,7.720975311229257,1.8552315180082615,0.548282706626882,0.5622883312053214,medium
8,4,2.623802373959939,5.601181033693508,0.6523338060285157,0.4931255543144131,medium
14,9,3.1599585148191016,1.7852672196814747,0.5375535096406625,0.6856089204635893,high
9,6,3.0612563563051816,2.7738935947154135,0.48417441394988736,0.5333422588252081,medium
13,7,6.419832009366386,0.4594673377625743,0.3308744606718227,0.5981117765492807,medium
14,3,9.119416895277379,0.48671317845768813,0.48387448195053273,0.5635301418670553,medium
10,3,3.686044876166095,17.504694067934032,0.7121744268544998,0.4357369249180064,medium
9,2,6.10187063181299,2.6562480317527717,0.5428650842951597,0.4658646966473468,medium
10,10,1.5854658111233033,3.3633725461793484,0.5982894916725422,0.6472354146933128,high
15,4,4.765279282770944,0.7085163442277621,0.5270023825348097,0.6056770342121102,high
7,6,1.9430542047291248,2.726234926124079,0.6524326844916757,0.5373116373908412,medium
21,4,1.9156726222877203,0.8074167765628074,0.6018041751260408,0.6949780565147894,high
16,4,4.4461251634835595,3.021523957999509,0.5482942609351543,0.6095153591337008,high
13,3,3.5551725221594728,0.19622438853317087,0.680486279525146,0.5897890933148081,medium
20,3,2.718257796758217,0.006234602379442121,0.3816128924527007,0.6362810144746772,high
8,6,9.418523361589969,0.11109932445619622,0.824387437744468,0.6041368253858523,high
9,3,4.87887973484697,0.47709465580599975,0.4835266353888392,0.4885246960390612,medium
12,6,3.9433605904318427,1.4840557813105406,0.6052520693767329,0.6111567086666096,high
10,6,7.420856072133283,0.9014023480261284,0.6308195567645623,0.5901545623660717,medium
13,11,8.984488305403177,1.092062128589347,0.43408337911858047,0.6945362616331204,high
10,7,2.2327180203108883,0.18547323270521293,0.42823141315580227,0.5744097944131257,medium
17,6,8.575661245417244,0.9117383945598642,0.6227783239529038,0.6934774088268484,high
16,7,6.815392942464986,1.8615423829725344,0.560658252382727,0.6797213679233952,high
14,5,3.819346215005038,2.709322917194304,0.7081233594205992,0.6335625191028245,high
13,6,2.590153950767023,1.039476289638894,0.7054430146893382,0.6491587610069417,high
11,4,3.8703547074276003,0.43835733755668627,0.7192593712944999,0.5859294920085221,medium
12,3,8.852368295621101,4.248556803865072,0.7832649617677472,0.5683292803277823,medium
10,5,3.2835210278121,0.8331263219689873,0.7209004422383152,0.5886259129678698,medium
16,5,2.6981124355252097,0.32672220137434144,0.8391841408157287,0.7056586801539835,high
19,7,4.73539106530328,0.38282605472303277,0.5301245817943379,0.7284727426607139,high
14,8,2.552043869132319,0.25138512050710404,0.44818359186508683,0.6579608175696366,high
16,4,5.257035686718491,0.633764384615737,0.2848855008480566,0.5727520042721731,medium
12,7,9.239718698011606,0.5193808358069345,0.7889074362071792,0.6743189483360562,high
11,7,9.147791916968949,2.0544711329594594,0.64968631070641,0.6212407879215522,high
8,6,9.004187752251172,0.7861977282511227,0.6682370712878642,0.5684060960692321,medium
12,4,1.8271496140459842,0.7548590703389034,0.7721348294415029,0.6093945720860413,high
16,7,14.820525922539561,0.5133387283085722,0.7058915968747904,0.7177560611862343,high
15,5,6.842982155800334,1.5711025787088126,0.4555094387593574,0.6056278705604793,high
13,4,2.966803585361568,3.568952174478222,0.7977180696127699,0.6107505994260325,high
7,13,6.045068574844585,0.9491573262979879,0.7370603591440428,0.7060843563201553,high
12,6,4.229430185278689,5.311572966962767,0.8557581558770019,0.635741144728982,high
16,5,4.952275776152759,1.500011715762588,0.7539658709506062,0.6807930960850374,high
13,7,7.476906898658755,0.05896940946666398,0.538964459549621,0.6423997625134799,high
13,8,7.1971492909794055,0.4314903536630938,0.6360242807051723,0.6793282537832805,high
13,9,7.758608274690708,0.11442670653106592,0.6868689654326631,0.7116109483763255,high
4,8,3.002276123195399,0.16311512644458512,0.580067891108815,0.5349261440454658,medium
15,5,3.960419633304714,3.347334277953556,0.7018130493250074,0.6430470480119778,high
18,13,6.778144896799025,1.05881027995477,0.3859156548754301,0.8001243957753875,high
15,5,4.9674750088436,10.232841003704614,0.8008055631040855,0.6169421725961196,high
9,6,0.7454847923606664,1.8223045034594176,0.5963410415484094,0.5621195116199524,medium
13,1,8.265319748026348,2.899719503549526,0.460128241894947,0.4876941850219926,medium
15,8,4.917831679923362,7.3589393896647985,0.4644551167086764,0.6288314274106366,high
11,9,2.147350928009409,0.616342084671542,0.5555110409761459,0.6519932609640856,high
13,9,8.713181764942139,1.5747980548292322,0.699566383921161,0.7044146230853707,high
12,9,10.439352464328024,2.6361659879621784,0.5389929575184091,0.650224151583934,high
17,7,6.34513948868974,1.1656597140210296,0.5523841582779833,0.6977057668954565,high
10,10,3.373220111173448,0.29958611710310107,0.44532083391796873,0.6370669260029064,high
10,4,7.687362635342649,0.05313827639372597,0.742658843141962,0.5781775134524343,medium
13,4,5.856264988081573,0.03892730252362743,0.5243254550520695,0.5796055756602565,medium
6,8,7.2323745415357,1.4212222897788607,0.751163181061836,0.5907578209471749,medium
9,6,7.901804111332158,0.4703416538254441,0.5897040744466512,0.5698052038638273,medium
12,2,9.830818785446608,0.23974875639791052,0.35532272726943964,0.4894662204112352,medium
12,9,5.0596476540636095,4.468306087646109,0.5993797269816155,0.650087238145349,high
13,6,11.38210502364043,1.0469719461959421,0.8263013853820794,0.6732804641017763,high
12,13,3.9056067706605377,0.04908476796738468,0.5387966139921689,0.7474320910119846,high
13,5,4.777598123996746,2.3366607018381464,0.5805925890814027,0.5955407798040262,medium
13,2,5.922006586496014,0.865982335496617,0.6682380855527116,0.5628744015405649,medium
11,9,2.805963523013905,7.156999460947241,0.6773945983169826,0.6327655899237482,high
15,8,7.080060377814801,0.46220306135437783,0.626285168367787,0.707175679931195,high
13,3,4.446923533998439,4.878424826701743,0.6023644219863865,0.5429500522192657,medium
13,9,7.054185474332543,0.7058700929580368,0.9073403559170401,0.7517622705636878,high
13,10,6.659683960226429,1.3473156476928339,0.8355643380320348,0.7531307632884547,high
14,6,9.228551597395303,0.8280489741596028,0.7156843511539043,0.6676165437363835,high
9,2,4.502076009223428,0.5583690152644062,0.5717010352862695,0.4856177469554912,medium
13,13,2.597523855312209,0.5991130644143711,0.43961571674340727,0.7389290562525856,high
14,6,2.418966286369388,0.7510909118720775,0.6748744417128728,0.6599676155967606,high
16,6,4.742934763989507,1.6318134684371457,0.48405300048271854,0.6459318436402961,high
16,3,4.974918582588394,0.897949097420799,0.8429097388474142,0.6625956204533442,high
9,3,10.427688026638105,3.55945112360423,0.7125516750023781,0.5137806608431141,medium
13,6,4.368530933575489,0.2541174369826219,0.6236710823021762,0.6380401002138845,high
9,8,4.047579264547332,1.5298123381449145,0.5977449375235349,0.6043502385837409,high
13,5,9.050434429659504,1.0825090044645116,0.5447599949509198,0.5967352722937539,medium
8,2,7.184469289763663,2.530694926496566,0.4939403362428095,0.4419167677385848,medium
8,8,2.38140040916249,3.512051351389627,0.41496305744230877,0.5395789358125309,medium
10,2,6.41721025044922,3.3282546581362364,0.7003617234408654,0.5078839803005981,medium
15,4,6.218437006813165,0.5657501272468267,0.573184696096303,0.6158652717042818,high
11,4,9.594644991675974,0.10763653256968646,0.6058798893679348,0.5654584009897892,medium
14,5,2.747854807886725,0.14987209574398047,0.6917613734134758,0.6473531273777353,high
17,7,9.077011043888144,1.7159770727604577,0.49954079890296904,0.6834683126288574,high
11,6,10.695882723386031,9.214557178029416,0.6019603762125219,0.5439616940556417,medium
8,5,5.407827527391959,4.878444091720355,0.5136547286610518,0.4902079851207413,medium
9,8,5.232116531142127,0.3902834871001146,0.6492867970949573,0.6222554695049908,high
8,4,4.573512822780617,0.6973578382497888,0.7903938566626182,0.5534297190775251,medium
17,7,3.2963542457221555,3.4163796017557146,0.392010785337935,0.6506262930558823,high
12,5,1.2859403936702112,0.49897109956306546,0.29977887709381246,0.5366293014216754,medium
5,5,1.4628876372624058,0.2389520531855162,0.5348885821018907,0.4803847027324747,medium
9,6,4.2075932855980405,0.41224252224319174,0.4735036104862842,0.5469524386156356,medium
16,6,4.0191183913370185,4.153484453572879,0.6409822194993524,0.660506547542718,high
14,7,7.440392432155598,0.9197216645362919,0.36942199118009206,0.6177529204724431,high
9,4,5.3388107788742065,0.8014763361866807,0.440524374313468,0.49776169928811576,medium
9,5,7.596971140728691,0.2870286769204828,0.7160930845662878,0.5763050924004544,medium
18,5,3.803232216801484,1.2195394092086038,0.8020390640760348,0.7222775500871497,high
10,5,8.270414422099925,1.3798692363583345,0.3646531525858103,0.5137315022747732,medium
6,7,4.6714802877288415,1.0815736139555094,0.6661085769163843,0.5560112246235734,medium
13,5,4.851427354061202,4.008906483630091,0.49874615199379274,0.568023187174558,medium
12,4,8.751133299691343,0.16256423932766104,0.7481879421579344,0.6085538268360692,high
10,7,7.227709329562307,0.10099049823205844,0.47746836258084074,0.5848204025279544,medium
13,6,4.877344709471422,2.248475531367359,0.5939659851300091,0.6188033601502194,high
14,7,11.300480087901073,2.118916693352263,0.26354943257714786,0.5885837752264145,medium
9,1,9.162330443931657,1.231392396690719,0.813504564243959,0.5094916302041871,medium
11,5,5.119920196234782,1.0766290929472861,0.716068992407992,0.6010362711952832,high
10,6,3.0894389774606035,0.8236148926647622,0.46826501921001495,0.5581622378909047,medium
6,7,7.905548865911589,1.5869692650293439,0.6333969958041892,0.5460996040606422,medium
16,6,5.395472278349434,1.5492558605539961,0.716990825797843,0.6930697927558753,high
15,4,5.733784509421455,0.10325117151611193,0.4049882727708899,0.5853093134107372,medium
14,7,2.241402825880246,1.7252190652832697,0.5842388231319466,0.6553463041911676,high
12,7,4.788523949667217,0.36458565957865824,0.5129078890792296,0.6201510067519882,high
7,8,4.40710131551019,0.5532222555727964,0.6061807250681169,0.5825479966431382,medium
12,3,4.091291582772248,0.19318780380269027,0.6901029265719117,0.5767326666223644,medium
10,4,9.484879635676549,2.026799341389813,0.5516790077569972,0.526823805942134,medium
14,6,3.004240131075444,0.6784729620596096,0.8111527475451226,0.6877073964286271,high
14,7,14.91818119133432,0.07786489782747152,0.4755181770302447,0.6445845360871991,high
13,4,4.487645554852735,0.6650329578628653,0.5521243303801445,0.5809913130236098,medium
22,5,5.714766077858087,0.6515061083399148,0.44395585357893513,0.6844477966601875,high
13,11,2.8415603369172833,0.40163165387895045,0.5703463302278697,0.726391721686381,high
11,7,1.8510225600517547,2.8642231105888447,0.4931190302044032,0.5845289853036216,medium
8,2,2.179311470346307,2.757121570148037,0.4756119657456547,0.4367415826814774,medium
12,5,3.2136255123943163,0.2937233638296179,0.8419226045149679,0.6464263651441295,high
18,7,11.708257344617632,0.5105443936179646,0.6541281173496094,0.7374219941791355,high
15,10,4.492816305176191,0.6124847113439565,0.8382817569662617,0.7885731199842925,high
17,4,3.3244864530920037,1.3282841987668965,0.3674094401855746,0.5996266600453357,medium
9,8,6.238038223304647,0.4911721575068454,0.8016646069608769,0.6520584403421298,high
13,4,4.080398342877203,0.14490220255904196,0.7230592262057214,0.6186458305574174,high
21,4,4.182945570407678,0.23592701020703452,0.6176550836855607,0.7019581700023987,high
11,5,4.090060260189527,0.874354920478701,0.5682200227081017,0.5728149717384291,medium
8,4,4.995670198125753,1.2644106335999528,0.5484913925578248,0.5012688742875653,medium
10,7,2.183342551141463,0.007385094850252947,0.5744394934477878,0.6048386647238893,high
9,4,6.243819909493902,0.2732421722456245,0.6129840491354996,0.5357751953454625,medium
5,8,4.689553197506161,3.1230603554233305,0.8802846909335004,0.5902365358172112,medium
13,6,6.296272755292568,3.777303036862399,0.6169922249910565,0.613216424752462,high
12,6,5.3450370040506545,3.0541226013943668,0.4591481447215741,0.5714688116016857,medium
13,1,2.6261414304951187,0.02186084859516169,0.7582950043099551,0.5665132618713566,medium
10,9,4.675065046013082,2.911649477220814,0.8901401859918747,0.6886170406835694,high
14,7,6.556984325268704,5.412179798681278,0.8815095950472138,0.6902207203515676,high
18,8,1.115475172246498,2.1405267509140753,0.37164690729498107,0.6900592031195691,high
10,7,4.940424314399569,0.4636481338223456,0.8501975229031162,0.6569485170218076,high
7,7,3.9783860978086922,1.2880965422844417,0.5223222497139949,0.5408771396609028,medium
11,5,11.17909820942319,3.388163810434657,0.689098726935503,0.5802319866508696,medium
16,4,6.696381213285287,7.608629735032527,0.42946505674688856,0.5551688131158274,medium
11,6,3.0694018543513995,5.918568640551007,0.6624258319562939,0.5780280421209187,medium
12,7,13.001085358255551,1.6357435135131968,0.5796970670642764,0.6250344566561006,high
10,6,4.819954199508883,2.0783327149505775,0.5331376727314682,0.5627719831132898,medium
10,4,3.4657968152643672,5.361056874417129,0.6668263525551202,0.5276248913482432,medium
21,5,4.924772039651863,3.181638278192986,0.6866137257288697,0.716111823291154,high
10,9,3.679971563569394,2.9364164203938645,0.4552777471640846,0.6014794399635245,high
14,7,2.281004082146318,0.6069133987136442,0.6372669788749411,0.6734073064502306,high
14,8,2.670266720845537,2.0850199584561553,0.4858731616715178,0.6532744992779292,high
8,3,5.859061515564459,2.106342461270275,0.8383573699513199,0.5336291909151288,medium
14,7,7.189583886332656,1.9326074114191059,0.43171595050047123,0.6234591406906336,high
13,4,1.0538274650265902,3.6482263045674057,0.4941225311233122,0.5495029975275464,medium
16,3,10.786769718106648,3.3942573665960705,0.3643333821978549,0.5502382939955972,medium
10,9,5.117206014264541,1.0733649083051782,0.6641045904200231,0.6556651520286367,high
11,7,7.548009392887338,2.597146811991114,0.5205248813493304,0.5917906641899253,medium
13,2,4.593393365149242,1.7328478846295854,0.7992207379308423,0.5832918283553046,medium
12,9,5.360995020109582,0.49603823423560883,0.6098981535841697,0.6786727091552632,high
15,7,6.5547220665853,0.004338605486544277,0.8260983171317671,0.7301907393897764,high
3,6,6.834215068628122,0.15596907370359195,0.7593482655831807,0.5158298592919455,medium
12,4,7.957588464174958,2.261933500888311,0.9037891745854033,0.625678278244492,high
14,5,8.73526064539768,2.0770314695706857,0.6404470925830997,0.6242425420528154,high
12,4,2.239876224790083,2.030872445769224,0.6607209858657997,0.5786050475346984,medium
10,3,18.85385043363404,1.125888390320135,0.6771953474754312,0.537933146892952,medium
15,5,8.027257460003824,5.401079397642178,0.7145098483425529,0.6318947736842293,high
13,6,6.869646340415543,2.1331381077182043,0.6468586304828327,0.6301508053784453,high
14,3,8.941162233847901,4.528921672685081,0.4851167224895468,0.5368305333466755,medium
11,10,14.379673905805216,2.2779464285497464,0.6563062829449628,0.6810749470653276,high
13,4,7.862188587088377,2.568153519210435,0.49435092217825793,0.5567491609742488,medium
18,7,4.323102868542506,0.024705620764638118,0.5227187394606901,0.7143790437537072,high
9,1,5.1609431691895775,0.13359053837201948,0.4418604310568821,0.4424814826222297,medium
11,11,5.461303145382807,8.196879829267287,0.682107614504249,0.6667756573724013,high
9,3,8.148808176784875,1.16713064263108,0.8354768629161152,0.5543145016323492,medium
12,6,5.64255029724026,0.3752102618653095,0.7351144926865691,0.6445214967915451,high
13,6,1.28364478097058,1.817801889417559,0.7076724036842824,0.6444158014740727,high
11,8,3.6120669235560943,1.59711356104872,0.6958875585977282,0.6535300879792209,high
13,9,1.3365583173509752,9.102318435887401,0.8717840128372448,0.688674679661533,high
10,4,4.633469706845537,1.4001514001600894,0.7839183537431033,0.5774493280808868,medium
11,10,8.796653222689537,1.9072014278897564,0.5560518188698123,0.6634956875880307,high
18,4,6.7070476458626676,2.0132870919964816,0.22612906649265294,0.5818038993518875,medium
13,9,9.561887666360189,0.08743057669611022,0.7646359160586793,0.7273443127004284,high
16,6,2.5043358368435706,0.6302616253235426,0.6209497295894792,0.6799882017490723,high
8,4,8.087726995492297,0.23949522088472838,0.676987714234075,0.5338009080409168,medium
12,4,5.05902070401404,1.0644085079162522,0.5490537288431347,0.5627146890491853,medium
15,8,10.74379307390625,1.4895605160444985,0.7056582994204598,0.7162012564437953,high
13,4,4.974747392588286,1.9000627441394675,0.5275854018982834,0.5678499954187269,medium
14,7,7.919933845674976,3.7025566409937083,0.5776770279295655,0.640851694645955,high
18,7,7.7373819410770155,3.008489660376186,0.765121133099626,0.742967628884084,high
10,6,6.076014941532177,3.6596205740654915,0.4484139960954423,0.5352853287253185,medium
10,9,5.328072598081248,1.5654664496929087,0.5664609375754854,0.6328557445171443,high
12,4,4.660883998977217,0.7163076310134867,0.42973192719613995,0.5411710012324715,medium
11,4,6.387495317627615,0.15676925645793122,0.6148746326495524,0.5669297981535243,medium
7,5,1.6221450740921386,2.887535907549073,0.5521207591484592,0.4961739124460313,medium
13,2,4.0170793150665025,0.3056970611282689,0.7331385876825953,0.5795897371289973,medium
14,2,6.9885719122819,0.9360502431615554,0.7016992469946209,0.5840995144445138,medium
15,5,2.894385985455207,1.3490629964098957,0.4630880172744868,0.608623850145498,high
14,4,2.4326485639003086,0.009211200067194012,0.6829380840039643,0.6265262088003449,high
15,3,11.626706674111173,0.2956739178210289,0.6301604411502919,0.6090609287779182,high
10,5,14.245283079036831,5.884280207339342,0.43979526249320694,0.4987305177830458,medium
10,3,6.7234804399604835,3.7128929906017296,0.632934074590742,0.5118341949808035,medium
13,9,6.6948485515113925,1.423438165483232,0.8939449028434235,0.7442993927987965,high
8,6,7.062916702397588,0.11397371392757652,0.7658135632454653,0.592402887889576,medium
11,7,6.943108256243779,0.2476847694949774,0.35731693369147677,0.5748121549416622,medium
11,3,6.589928422776574,0.3248177068800977,0.3543031000714519,0.4936951686350898,medium
7,7,2.3567569706848963,0.44981044832839306,0.6476000051629615,0.571521264710403,medium
9,3,8.670195420207476,0.9531514271669714,0.6001399227732973,0.5086736417068797,medium
12,4,12.221144575476048,0.7910424057609693,0.6624688993995317,0.5872201638415,medium
11,7,2.999576224984784,3.954372759017907,0.8668429879777884,0.6520061125354383,high
10,8,1.40474331695342,2.759100315091647,0.5885360734331554,0.6093132125860201,high
13,6,3.3608574095693737,1.3787966021013651,0.7123989149449038,0.6482878056416383,high
8,6,12.832922197058398,8.197460949987605,0.5965543390021144,0.5046611281338389,medium
18,5,3.9712819057978885,3.6400627471570437,0.5941329979328251,0.6645595146055181,high
11,6,9.298161567744714,1.2382200325750643,0.4469488270952461,0.5661349652018821,medium
5,8,8.572074156896939,0.48189457946264064,0.8926687952508264,0.6103211285204144,high
15,6,2.8108646013940466,0.0980320159259475,0.7598195070230127,0.6963103546317629,high
15,6,9.698450156124924,3.322153592159485,0.31845867778671205,0.5865440449429459,medium
7,6,7.5109977090257285,4.27214123455644,0.5974986587199934,0.5160187901802891,medium
15,13,6.629393414161855,4.571365580115306,0.7287835881613577,0.8002809470981695,high
7,10,4.374614894589117,0.0007080557625683528,0.7484033212944886,0.6546759438871472,high
22,6,1.3294728348288674,0.8251953295720307,0.7356962806564252,0.7616379539341382,high
15,11,6.391548282609912,0.5064356353145026,0.4454804872777182,0.7307198598867803,high
14,7,4.873387933512185,0.6077112141636166,0.7069806101597628,0.6873447139375284,high
13,7,6.996009558329615,0.903062207607141,0.6053776350745986,0.6500551122975388,high
11,3,0.40088275750183255,3.0395567707723994,0.6089518607430185,0.5265266603434544,medium
10,6,5.617751376313317,2.689818645924509,0.5693081075220667,0.56592949719825,medium
15,3,3.8286533846005306,5.232477090422139,0.7993108392935238,0.6099789872558905,high
13,9,6.326168112035882,1.9490918255847718,0.6666294609365223,0.695331946683406,high
9,7,9.432384860458328,2.0919252620695086,0.5315256784382165,0.5673589672738466,medium
9,6,14.77837560141824,1.2052777615639667,0.4930394561792821,0.5455727061587633,medium
16,2,9.257077267427073,1.7179208925326617,0.5942739287890807,0.5874019798075983,medium
5,5,3.896188171433897,3.4469272092954775,0.6117039579996683,0.47436127687129714,medium
5,11,3.3863709763795566,0.7101978161208597,0.28919118899621143,0.5481035856917699,medium
7,5,3.2971246356792703,1.8523790966849516,0.7267008575932241,0.5379909775407452,medium
13,6,5.915929019544838,2.9324315619068284,0.613615928283771,0.6181736419107087,high
9,4,2.0188378197452197,2.466235460311831,0.8606499119817738,0.5706884126609426,medium
9,7,11.401698056289947,0.17336773158701105,0.5333504170859104,0.5805142985399354,medium
11,1,1.8557126916967173,0.9753262486376093,0.5868719350584914,0.4958722120207809,medium
12,1,4.066713601089258,1.493173962256834,0.3912494216405605,0.46829539124639985,medium
14,7,11.50640331818136,0.7185982855399059,0.7057884771887257,0.6863670402008124,high
12,8,4.852332769822242,1.9741861089846462,0.7773812846931375,0.6823150162120633,high
6,5,6.615473043161875,1.1904849170984488,0.5895765739600676,0.4999787486780239,medium
15,10,8.428336515830178,6.435357006872313,0.5944334968002654,0.7009843193142375,high
10,4,5.511104989185338,8.388303801297566,0.4075584911074142,0.45558967287949903,medium
8,5,14.900097968528936,1.4432155284237242,0.8128801963369885,0.5729546024112395,medium
7,11,3.7721422941146,0.44835963808447626,0.5425951563777918,0.6305299670216619,high
9,7,5.288835659372482,1.1589311212738262,0.5661002650014558,0.5804938455251324,medium
11,8,2.065129260779994,4.199322404946554,0.5300736011171266,0.6030192375237817,high
9,5,13.64421679060152,1.8659500546919883,0.7717072415603954,0.5769017812807992,medium
11,6,2.9313709370424457,0.23717261987096538,0.4462558672755793,0.5726700226559762,medium
17,6,3.2141255732725527,0.8160993961341751,0.6716351514518893,0.7038863676494833,high
18,2,3.277287610980162,0.1995611265468295,0.6298893564005437,0.6346474637697965,high
11,5,7.325702340648818,0.7928383204113604,0.4282469690745035,0.5453638050121583,medium
7,6,7.218637913590989,0.6487661376359501,0.6420578781792116,0.5490864680516025,medium
9,6,5.432013431534363,7.927469644675549,0.5368914300514263,0.5095284883791149,medium
10,5,7.335322671826171,0.5064657709413499,0.5907385806797049,0.5647712776629986,medium
7,6,8.882235014173414,3.3792015434821945,0.5614466158861816,0.5147613128873549,medium
13,3,2.9795963111328807,3.2532273077298854,0.5715101606454919,0.5476138500775658,medium
14,2,6.718615456657592,0.5132589405081568,0.573737666498475,0.5613258070296406,medium
18,8,3.5135662672352934,6.805992378812061,0.7673273226823537,0.7380921820110571,high
7,0,12.475539125389531,2.6209319609198776,0.55167952004942,0.3978630242704182,medium
15,5,6.941330646444994,0.24584948514870483,0.6616586573100262,0.6556927348943472,high
9,9,8.488156093784253,1.390338835366024,0.5683602561841711,0.6194031256677274,high
9,2,5.522010328646076,0.19349873418871172,0.8731007788971809,0.5483301642181782,medium
5,8,4.28267404514618,1.2272904576645998,0.5328310421614487,0.5333842720478591,medium
12,7,1.2259161772856761,3.175489685552698,0.8026031940983533,0.6593507075826527,high
7,3,5.801879339273539,1.3773119249406567,0.8266396377789321,0.521145848056182,medium
8,7,8.440533035127007,0.763731119140341,0.4178105198464246,0.538470563175016,medium
12,6,11.966104461846086,2.573820800840404,0.6745452866364195,0.6177502519883479,high
14,7,8.9841366710192,0.27253417955039233,0.4139186500099237,0.6309668354716487,high
15,9,4.13598640394681,1.0089515145947066,0.7235331043203062,0.7429802774334299,high
12,6,12.42811198608844,2.3039160407648276,0.7008010061379608,0.6248007609558267,high
11,7,3.820233058602869,0.15100501876296052,0.4014864577907494,0.5842905914330635,medium
12,11,4.891766232048042,3.8600556442835914,0.49519192016069113,0.6733046797369143,high
12,8,3.635391111950219,0.6003208334502211,0.5720771740951452,0.6504132959293609,high
15,4,3.2786960827493936,1.0342720724860255,0.8589984152160676,0.6699045358933067,high
13,7,3.055971028047495,4.924304555004384,0.49315412563082167,0.6008021280928018,high
10,5,3.275945468583015,0.07001384050629646,0.2641017380360891,0.5023535886705093,medium
9,6,5.923185000146181,5.741569356034075,0.5096220929440419,0.5186472895485812,medium
10,8,7.094503954564416,3.9164998031272327,0.6949900281544296,0.622888006943371,high
13,4,8.207854441022842,2.224313776569444,0.5913101713678627,0.5784332757631097,medium
8,2,3.8505809799979547,0.28789217534830136,0.4943338555480724,0.45694748994062584,medium
8,5,2.424656897371825,5.557085905868526,0.4400179820379417,0.4709563570351315,medium
12,5,4.638881451888658,1.88605166518541,0.6988107198062165,0.6071884661933405,high
15,7,3.0172692872659033,0.5367936064171779,0.5570924783809519,0.6728398716334092,high
11,6,8.101565623209567,4.1896523733421045,0.5361807462926924,0.5643051334362579,medium
10,10,2.5471028406449814,0.3475394233924845,0.39138004486050104,0.6259590794828169,high
12,8,1.3458819832487854,1.39274160170521,0.5747276269493813,0.6456605813785081,high
15,5,3.5109820599045602,2.687457233635111,0.8197026156659128,0.6710241415756151,high
9,5,6.070421558165597,0.9503705640116163,0.7808412469643843,0.5848324456327995,medium
9,7,11.06690432682884,0.15001544408294828,0.6670307853514467,0.6074060541097364,high
14,5,4.310295777984167,1.3108165846141988,0.629899075463517,0.6272410378619421,high
11,4,6.676287245488325,0.2439870496775848,0.4158447700187715,0.5265423736725704,medium
11,5,5.901302665624623,5.4014387679164715,0.8302742317929875,0.5950452545724878,medium
12,10,6.4234363289252165,0.8793936379929408,0.5711321083723012,0.688363797421174,high
13,8,6.677073128097204,3.428961139224811,0.5804491580925344,0.6482300906903415,high
16,6,5.016745131801618,1.6437423027360867,0.8297933721239692,0.7150003924065532,high
10,7,1.019298843417666,1.2210331569580168,0.6838117414651492,0.618622127246643,high
12,3,8.544111392496974,2.2405445850257264,0.6968635640657476,0.564435748912978,medium
13,11,0.8648020030824216,3.745982810673853,0.56344978938272,0.7027167391387183,high
13,7,3.96732548817314,2.4347146780962303,0.7591481142427655,0.6705981916612449,high
8,6,2.7974524114931207,0.490509646066619,0.2521706767723098,0.48716407104735115,medium
19,6,6.402062261232758,1.1836317349970027,0.37911533917768436,0.6729321896022236,high
18,5,2.81971087716149,0.7108285269378083,0.4513128496410487,0.6555237130819578,high
7,3,4.531128634997892,4.095548840087245,0.5978330964980632,0.4572629603656977,medium
16,5,3.7275887274946733,0.7323661917292607,0.35914086400230993,0.6069457315222668,high
9,3,5.009564146906445,2.0432452460360557,0.48954752032433063,0.47928786909129245,medium
12,11,7.485403600924753,2.5151749114370743,0.36862829127304736,0.6569578255116957,high
8,4,7.528956256725857,5.337859597956447,0.8363674534256945,0.531687760032096,medium
15,1,5.269113527303968,0.1031890237533169,0.6279093495389586,0.5698939430827696,medium
15,6,5.509795903392398,0.8206641047627826,0.645635459461041,0.6686559978604563,high
16,4,1.6546316009493378,2.348671111136111,0.5503895766840812,0.6144201079292422,high
9,5,3.611054664013889,2.9534128390328838,0.43377452316806664,0.5020654857067275,medium
17,8,2.3961554041433724,1.3652875615927662,0.661533148795112,0.7382047126817374,high
13,6,8.245062342427833,0.8289901476757606,0.583831932750369,0.6262397855655688,high
16,4,3.507370952109954,2.5980044725078173,0.6813682893153288,0.638953628046347,high
13,9,10.068008387357796,1.002715302705274,0.7779150453241517,0.7238982403801285,high
12,4,7.90497843071771,0.29987823729321456,0.4532310677745048,0.5486470253062796,medium
9,4,7.47548324870952,4.6549047739750735,0.39654407122245977,0.4632761157513249,medium
10,12,1.820037957628084,1.5831366746423494,0.5178732629093201,0.6830204080842485,high
9,4,8.547563183894901,1.862804956760062,0.5893219393580494,0.5204456881598761,medium
16,10,17.707460887376158,0.4774332593819978,0.3962231664616169,0.7160617448964433,high
10,4,8.483375705044079,0.6557373151857079,0.37721794600210956,0.5010720070991839,medium
11,7,10.523153778985298,0.02361582606236421,0.6376436431772251,0.6323712897950293,high
9,3,2.149158584928257,4.325651794197893,0.5899173712177455,0.4841457956155632,medium
11,6,2.448356914687511,0.1542513076494235,0.5354584067741064,0.5910633393038252,medium
11,5,10.174641752985945,4.989148214540828,0.3942040441089621,0.5105798207248536,medium
12,6,3.8473569483924455,8.15814999045899,0.7547494471287224,0.5965622228226846,medium
11,10,5.620923815980971,0.0060073392120811,0.36694856911424373,0.6383496648947682,high
16,7,14.080878170145898,0.6538318755207262,0.49176404587413997,0.6739939300046899,high
10,9,9.815947137563423,3.864375529761719,0.6235579420773882,0.6289490848837329,high
16,7,4.396395878002185,0.6501403831781005,0.5092291214398307,0.6775115550667788,high
14,7,5.221076385351404,0.7799742204398197,0.8205362296909143,0.7089074178019175,high
11,9,6.930105176498833,0.78333442484901,0.7310695346114052,0.6859916774232877,high
14,4,3.273637883476202,1.5144686995446808,0.8535276362108402,0.6506090692452035,high
14,4,8.400465537898285,3.5461913251303177,0.5047160680902791,0.567301938117187,medium
12,5,2.0668744990640873,0.17753947061910663,0.24047246470931985,0.5269108964710699,medium
17,5,5.522705100874686,2.9792325737118994,0.3905009197369248,0.6132386334559723,high
7,5,7.467353547586726,0.03708199832178697,0.5102073829541752,0.5067942632686898,medium
13,10,1.5342408328884054,0.9718076066209506,0.36877759449823017,0.662276801522173,high
7,6,8.246765788402659,1.1665448131441731,0.47361308139720515,0.5119456508584799,medium
12,8,11.718519791256812,1.199441076161004,0.799091671207646,0.6918220604004559,high
9,8,8.85664409415515,1.68674975056027,0.5625695133134521,0.5962689043256221,medium
19,5,1.934769338773326,2.277148481039955,0.4973996532924315,0.6692989407848866,high
11,6,0.7007166032426283,0.522451969140791,0.7669829586031548,0.6349135785930258,high
8,7,16.85053234670448,1.553625375466703,0.6443828064691403,0.5785190587907167,medium
13,8,2.702816987187513,6.880067348111367,0.7948568094058713,0.6681042462270985,high
14,5,9.6683935200995,3.8780639934981305,0.4528341049007087,0.5747130610234876,medium
5,4,10.373612080227044,2.246037585812985,0.4945947563644561,0.43894536736747136,medium
12,7,4.7151240997941875,0.886336241016162,0.5755606083859046,0.6292032134037397,high
11,3,1.5115704209216558,2.130249856342016,0.6532323189696365,0.5414447980849806,medium
11,6,4.155601588225696,2.21689610410905,0.3235176449710792,0.5349242216334889,medium
11,7,6.9204372861262495,0.5602199861899535,0.39934070169620867,0.5811333404313087,medium
8,4,2.9819071577558427,0.9584012309887997,0.5232469832405002,0.4982600551081747,medium
11,6,1.8683105297617362,1.1008722065124685,0.5212504345054004,0.5819109388576637,medium
13,7,6.430392100961258,0.8838514830194232,0.47404318008868124,0.6239162927976067,high
8,7,4.929888978216468,0.43550157291160335,0.6233559251623099,0.5817678412130514,medium
18,3,8.317644534172693,1.7421641115920279,0.7394911638870145,0.6662838053667893,high
10,3,2.3763955711743816,0.07402470113396697,0.5594965693734583,0.5214058158671319,medium
9,4,6.481759577496895,0.5427829180683533,0.537108501761551,0.5188031475651879,medium
15,6,7.48356171193693,6.142680830225032,0.31776947083671797,0.56760268863251,medium
19,5,6.528214752108338,0.29619469071006616,0.5841221477070931,0.6998497982700183,high
9,10,5.522749412652239,3.087100506152492,0.7068525405276772,0.6557898380645187,high
12,6,7.407570831575928,0.7628289914784271,0.5546947738433823,0.6058534281588203,high
11,6,4.302274901974046,0.1223207925362404,0.3650554453964367,0.5571956171290458,medium
14,9,1.5904500693046508,0.29675936525952024,0.4138388209476083,0.6707893684211249,high
13,7,4.535472501158184,2.233714111018588,0.6678527602651757,0.6536791246462446,high
10,5,3.3491089852080265,6.546813802379487,0.786733324359255,0.5637012395226544,medium
17,10,5.811075161204572,0.8442502419200882,0.5827109942144508,0.7659138638967562,high
13,10,3.7487216774982057,0.8489310369754383,0.6150715675887162,0.7123547732712404,high
5,2,2.689338690298488,0.43970897584898494,0.5862926179623853,0.4293271304201505,medium
7,7,3.356154183889239,0.41308095299286496,0.6429639988951269,0.570838926759073,medium
10,7,8.78670017904507,0.3373995657998864,0.4920183024175611,0.5861543300448463,medium
7,9,7.478964140603349,0.9965298854730902,0.4215236198262099,0.5626611913954214,medium
8,9,6.135139338613074,3.977711239220231,0.6601911282596238,0.60552015072379,high
11,4,3.5599750732435735,2.144780168618071,0.29183905126608295,0.48906927579576276,medium
15,8,7.826856248761972,2.387885191465049,0.680058270865056,0.7050924195632442,high
16,7,8.382636106178058,1.1089121437086498,0.8439901535764274,0.7414052830905611,high
15,8,7.668207466032866,3.521092627069594,0.6222694877234699,0.6859799466975633,high
12,1,8.396518630311224,0.8959154726563573,0.432075950377851,0.4804424202578611,medium
9,13,9.830426366590327,1.524234776857513,0.5186984356803046,0.6885781219570108,high
16,4,7.956456412992759,2.9053750743286417,0.7613153712242094,0.6528939070826509,high
13,5,7.180323393776749,0.4815110124386285,0.7794169330260938,0.6476733131889613,high
21,3,3.071136614137098,2.891076832371273,0.9107692411956474,0.7228800026899876,high
9,4,0.8458524288160665,0.0005007497733970893,0.737784734969564,0.5625536086620901,medium
10,5,13.037882836513852,1.885323164563433,0.8080627104942593,0.5990437210017624,medium
8,4,4.134406831940297,2.577009549758368,0.6037908554212125,0.5035781074191867,medium
14,4,5.939493364632146,1.2715991282969128,0.6920626112929209,0.6199351947366047,high
11,4,2.7337182495464245,0.3245253889886897,0.930640327604088,0.6289645629275598,high
11,10,6.8500488830040895,2.7668286407149654,0.6310444522170036,0.6727633661719676,high
11,9,3.379568320428837,2.3404503893329256,0.6531015677641785,0.6600173109572829,high
12,8,0.9752135800795939,2.323627962203733,0.6218742249450137,0.6488839919076446,high
13,2,9.518717263491308,0.20921133295742475,0.5311701366164788,0.5398392851035796,medium
14,7,3.851464672995597,2.6847985149391826,0.6797891320658389,0.6680591696469066,high
13,7,10.472569525770865,0.933178425923692,0.7861394122308002,0.686006692940002,high
11,7,6.308657209676871,1.0085457615949571,0.6623445417509871,0.6307452699395644,high
6,2,6.6052649084132735,0.10610730485952927,0.5401247241211129,0.4373175627918257,medium
15,7,7.09118254687113,0.39604147928731076,0.603230622719234,0.6830058480152648,high
13,3,8.165665602504008,1.5142959341091133,0.8075272793246012,0.6064101496375262,high
8,8,6.359797608048572,0.14794573388362098,0.5867982157153203,0.5963733382505066,medium
15,3,5.844238990499198,1.1997804137549533,0.43393959540415733,0.5637893829891317,medium
13,4,6.829846296012634,2.303191058751149,0.7467742621729669,0.6090002453762524,high
12,6,6.228346101538568,0.4219381234111704,0.7313799575748752,0.6434630706922339,high
9,1,9.777846136312364,4.726335995903573,0.4698882355654217,0.4174687404737272,medium
21,9,12.726496144913288,7.711203152568895,0.5065348113050002,0.7298989412438741,high
11,9,3.2870655414382175,2.1388512362758956,0.5464297157213672,0.6400269349024341,high
14,8,5.280290297708388,0.3461740814758116,0.7553957665772415,0.7187713261056096,high
15,8,2.409458843939845,0.21159300610687878,0.6273771715440767,0.7090648142681029,high
13,11,6.712328250006735,0.2612138207061287,0.7050893857416154,0.7542764516769489,high
14,4,2.9198118943312843,0.3604993349713551,0.8854525962686488,0.6646871903539207,high
10,4,3.709957887916814,1.839328632222121,0.5057943436081304,0.5188966778401453,medium
10,4,6.968203079105288,0.8900114213282124,0.6704949371397877,0.5581655779524362,medium
12,6,7.485237022317975,0.24756785943153406,0.47941240116093753,0.5942320278359773,medium
12,3,5.956645692774483,3.7939465630943854,0.6056471847780819,0.5358364598683205,medium
12,6,9.736930333219307,6.633906308485229,0.5318830327498092,0.5621505644933936,medium
12,5,1.5828724739397526,1.2267355107540194,0.5330095817393311,0.578423679609506,medium
7,7,3.989109501650261,0.3724581904484882,0.5613931342685933,0.5547955722507287,medium
9,1,4.375104438017946,5.761660473162599,0.6825037865853053,0.45308968749597706,medium
10,8,2.092825137699217,3.0970071212433674,0.5981167970245633,0.6089766452632902,high
18,8,3.156167259609168,0.4495779425521633,0.3317123469684599,0.6933452831100109,high
8,3,11.13353672096903,0.4891926954653625,0.6430030848097785,0.50533933232552,medium
8,8,9.545826088465196,0.0018133611608681763,0.7105909320616941,0.6221060973379331,high
12,3,3.0588538414209347,0.2307390513329728,0.5715651808572657,0.5527747758292333,medium
5,3,1.6989228778937697,0.5785745419991407,0.5793522877989845,0.4470132939464693,medium
10,3,5.132116821396084,1.6064537680135638,0.8129619468640062,0.5618826975860441,medium
10,6,2.3629597614685878,0.029008677247666134,0.6541986893904289,0.6006463466964347,high
15,7,5.444908133101131,1.3769119398199654,0.6281534266172044,0.6814512723913078,high
10,6,2.8107201338370045,1.9848477816047583,0.6681617073399871,0.5904000229239658,medium
15,9,2.7922785940614756,1.4977658548690405,0.4620193911128998,0.6874187725234531,high
9,7,2.5549684284705596,3.190347441619696,0.6572952302210363,0.5851900631000759,medium
11,2,9.327406442142154,4.697121280996421,0.637757943922103,0.5012374469111112,medium
16,10,4.218913326999683,0.2724050441374719,0.4390860743245104,0.7260011812373189,high
7,12,2.1852561377088353,2.718283628491525,0.6836925850688507,0.66361662615716,high
9,10,3.8953014746476535,0.9064846373034218,0.8274467708107098,0.6944461232467858,high
11,7,7.886100321243738,0.11241009840927098,0.5108449230595445,0.606419583955847,high
14,8,6.137658348035765,1.5939987879780382,0.4614823080175668,0.6516698030169931,high
10,7,2.844855586320835,6.569307590718053,0.5213695888772024,0.5504785338373201,medium
8,7,9.342484098089889,4.992238178267142,0.672277789750309,0.5611739700949475,medium
10,9,2.387742224292804,1.6256062832302827,0.7155864682901468,0.6622799184364941,high
15,6,3.947095522941522,0.43910967739913986,0.5931760769192824,0.6607078175345288,high
11,11,7.099163555247448,1.0521697608329945,0.3121114311355777,0.6404078211548956,high
15,6,4.36873375672023,0.1572215892219579,0.7501974111384695,0.6939913382995475,high
11,4,3.3914788990015343,1.3207365466624459,0.6648389579530982,0.5691628812795367,medium
8,13,5.261777530999164,0.17104819587992803,0.43580109145443796,0.6660198969850214,high
7,6,2.643801747656244,1.9660194493260545,0.4680971470331352,0.5055126330777867,medium
9,7,3.1309543275275953,0.2606794212687269,0.2795418608585626,0.5291705093632544,medium
16,5,3.086813245983545,0.8175569137884191,0.8155136370821316,0.6976523479911703,high
9,7,11.565457035146853,3.7495540490131263,0.6937552401801058,0.5887540210426003,medium
11,2,2.9219924207947767,2.9960641860539785,0.618054500163594,0.508637138792359,medium
11,8,4.010186813239288,0.3651774686221546,0.5795185237789419,0.6384691882983073,high
6,9,3.2299905935695197,4.35908518555952,0.5882466554721106,0.5585887631906921,medium
14,6,6.399869687961482,5.417667072054874,0.7303426700860193,0.6399507535368381,high
9,7,4.509812636687073,0.2807041619014475,0.7418826785203123,0.6215051746247195,high
10,4,3.0934749182378924,2.565823869633638,0.5881260192775852,0.5305197113912927,medium
18,8,6.024126324468986,0.4934856158560832,0.6397069542377525,0.7546514867418433,high
12,5,7.683956744216323,3.7503696083210185,0.38594069410757204,0.532185674766041,medium
11,8,6.034453367390829,2.9253407095409556,0.5209961795005037,0.609696964503161,high
7,6,3.7986386415446507,6.551291285473231,0.7300211413507712,0.527328953033666,medium
13,1,8.574063323204888,1.0763985098215099,0.5317159493122944,0.5141671997969821,medium
9,6,2.992181051588995,2.37818102967476,0.3353797415112397,0.5062214081044162,medium
11,5,5.3223828232054995,2.160900219311082,0.46004864147263463,0.5426037268324531,medium
10,3,10.409603322114837,0.3558510396846543,0.7756654150076224,0.5627607427369601,medium
15,3,3.1341098531480194,5.9522194818850185,0.6578846001187469,0.5768954568111826,medium
9,7,5.689675440243052,2.918948173184424,0.5946074392352676,0.5744618333591573,medium
9,4,3.3627278695664615,1.930990428400013,0.8740722915483847,0.5769411887870102,medium
9,8,6.508444403481627,2.550757467729125,0.811436245916887,0.6402821993985166,high
14,7,8.149837800407639,1.5148933240968714,0.5313216759457342,0.6461650463618342,high
11,6,3.925993730360509,0.457020711677234,0.5972874350029499,0.6014106822560752,high
14,7,4.372138647421827,0.3509904171932118,0.45415578443176685,0.6384912207717319,high
9,3,3.4687345436879324,1.3570275786773656,0.7693213456466146,0.5398174186048073,medium
13,4,2.8930194449297977,2.2580207929597242,0.4523517918101137,0.5504168864089579,medium
12,2,5.700393351224376,0.33945322853986093,0.6835766769848864,0.5544523138733782,medium
14,5,7.083019141894501,0.13049997889747192,0.5915330713851564,0.6274366144177148,high
17,5,2.618082882905245,1.8487768399718902,0.3118488625121299,0.6050445935692801,high
14,7,11.695997692588472,0.7605361418835899,0.6426549053676558,0.6734607401276405,high
13,7,8.848883102986802,0.48525578665775165,0.46532472126421426,0.6248299056751245,high
17,5,2.1137600518284354,5.307250310893822,0.6299324005444112,0.6456048113695901,high
8,6,4.545323607925596,0.6973809749949911,0.736281657692844,0.5826071250386022,medium
11,12,8.507481538332131,1.4258979600792827,0.5445197201382229,0.7043979576271161,high
14,6,3.6082712007502256,6.759592066145752,0.6254140904572306,0.6100188709838078,high
5,5,1.8829242207795351,0.04297016263672218,0.816103474266339,0.5379342271023564,medium
13,3,3.2537221343782488,1.1830659985910439,0.7436989680227436,0.5958526869472751,medium
12,6,7.540118298700691,0.6169990258275697,0.6573293321107729,0.6273525395833042,high
17,10,3.14066971676813,0.544222548630606,0.5783980782574655,0.767051465327289,high
12,7,12.923854338039073,2.53732278069383,0.6606062984215704,0.6352057744796885,high
16,5,2.595671611949495,0.32577401777183324,0.7549673510301746,0.6888216434208894,high
9,6,4.388591565126104,0.40148519224851864,0.4890768149164259,0.5501387950349618,medium
10,5,3.3213329463124763,1.4836082621889934,0.37989784787508857,0.5160888478270911,medium
11,4,7.720471844084384,2.0883898655675908,0.37878091084750104,0.5068335830657162,medium
13,6,4.832187535032968,0.4880577393815793,0.4763627949600092,0.607018840729458,high
8,3,2.440941444475226,2.720094261930411,0.7269560373926314,0.5072572457323236,medium
16,10,2.322196848223256,10.599051434913955,0.7251882412255423,0.714377305345682,high
11,3,8.7939646181919,2.206514666989718,0.7162819929572521,0.553546300811519,medium
15,10,8.623067468555767,1.5698411507208088,0.4459218651618862,0.7037187653609052,high
8,4,2.0009966237317145,2.5902911685920644,0.5000210036140281,0.48273559293219187,medium
17,2,8.96280376806599,0.1476334654285544,0.8670953128573708,0.6674348394686171,high
10,9,3.067618888985457,1.9133420969820527,0.5296977045361128,0.6231839269273423,high
10,9,4.858660173733622,0.3870142085732446,0.51222449101046,0.6298648034782703,high
12,6,6.1705719272793305,1.9647007264266996,0.5475776300185863,0.5964175211608725,medium
14,5,9.524522791201486,4.282028995556853,0.5383090822272545,0.5891149564750718,medium
9,6,3.6805172540208226,0.10601291266969495,0.7992080659730614,0.614134860443481,high
14,8,3.0016712505036076,1.1877909067944232,0.66322914577083,0.6947272231088698,high
14,6,3.098864188478418,0.2660505591837514,0.7391510633635607,0.6760565422781538,high
10,8,3.397144928451821,1.928040903815996,0.8560022206814997,0.66834683811086,high
12,7,1.7489462150356663,1.4480633926419633,0.5483111479602532,0.6200084736411042,high
14,8,7.841734632605679,8.098575980713255,0.8448179180658681,0.6849730770750853,high
13,5,1.4484681111774853,1.215740274659601,0.5097552872459474,0.5888461222847922,medium
12,4,5.077901565242079,1.9393333114650761,0.5946672603815305,0.5660045633332056,medium
16,6,5.141860746385271,1.9776038880189348,0.45065215334195396,0.6369464047482645,high
11,7,7.157521375450728,1.4291670022574043,0.5344385638794202,0.6023599327608347,high
15,4,5.2379284552305565,1.2973963346948998,0.420998603168229,0.5805504117356798,medium
15,8,3.623826606918968,4.392367660760921,0.7229460423223123,0.700306757392723,high
4,4,3.89076796250496,2.8720072043044946,0.7077745104235985,0.46240818738935646,medium
9,7,7.030514117595997,3.987429334391398,0.6493966234622318,0.5782964624631703,medium
16,5,1.3292066531344506,2.653223761419841,0.6872491172859478,0.6597616650477239,high
9,6,1.170186790199607,1.001735628012168,0.6797920346123959,0.584280169402398,medium
11,6,6.388431030157136,3.096827991221117,0.377809682070827,0.5399164164726913,medium
13,5,6.084421173827092,0.984871661083983,0.7661866295459571,0.6416715148352983,high
15,6,8.564908547451822,0.3876618946243086,0.5708838899270193,0.6565923653545751,high
15,9,3.2712938799481694,0.2056807313319068,0.639097179897121,0.7314482311038781,high
13,5,5.0521548025722565,1.110875055889153,0.6050001859039523,0.6085942034748628,high
7,5,6.611550504012982,1.7071745367561992,0.6042288080903385,0.514464598039693,medium
12,5,2.2319106937051414,2.9875917653891073,0.6154539159122582,0.5831735047465243,medium
15,5,4.644627327819159,0.07635263923094121,0.7082956224189488,0.6661501068889168,high
17,7,7.762620124567176,2.6135820180991702,0.845014954744768,0.7465791108282924,high
11,7,6.563485077001559,1.1900805427899241,0.7814803664753408,0.6533622030098021,high
16,2,7.3390126365635275,0.529609503556889,0.846713916049635,0.6458120531862144,high
9,9,6.39658718339331,1.3837924095597698,0.8140806058616181,0.6685908384419252,high
9,8,3.801323619153293,1.9020882208966443,0.5721704097638067,0.5967534938134504,medium
12,6,8.218867723202328,0.16928440033435718,0.5699175530314511,0.6128549479373945,high
11,4,2.8632345802240105,0.9499346110310231,0.7127821107714215,0.5812235247474108,medium
26,9,5.0986528311558885,0.6094247316617845,0.5176526155230431,0.7794676915601968,high
12,4,4.021851266172074,1.7486939753309894,0.784657072462868,0.6052734546570337,high
14,4,3.7578614802888617,2.1120745253262294,0.6274376504120254,0.6014070332468968,high
13,7,6.655570419179477,0.3014772881050344,0.40193325706876554,0.6133768028263862,high
15,7,2.378772507135538,7.3665056765450885,0.4931687569791621,0.6145237135521985,high
17,10,6.84022009726481,0.7010138640461898,0.6177757877110552,0.773881731781903,high
12,6,4.492572691426769,9.43156691924556,0.669647395835316,0.5710523663720928,medium
8,7,2.367802001715333,0.8345869427651355,0.6429814072228508,0.5830323684928026,medium
15,6,9.390095169189799,0.8923076454509442,0.4626030364736068,0.6315718896583817,high
15,5,0.9395450711604836,6.676541849051938,0.35388959410930615,0.5512676398281816,medium
12,9,7.43408606933961,0.031480092259839575,0.5535675624920087,0.6705036452166695,high
18,11,3.850999620800993,3.61738375346318,0.6700747751683254,0.7998990633439106,high
17,5,4.6207784576560815,0.47536187977148325,0.4857420277420072,0.6489793263499248,high
13,4,6.234004480662201,1.0568273214054604,0.40016639122504055,0.5479877627689718,medium
13,5,6.916813442337042,3.730505475968822,0.3049642863671464,0.5311228207669705,medium
6,11,8.9511002922514,1.1176754307186418,0.8297853591248306,0.6685059022868418,high
15,3,6.344403373797483,0.651754395925751,0.5843997750909878,0.5975349257120259,medium
14,2,5.779699904511794,1.906102017209208,0.670081480389642,0.5713089492965338,medium
8,5,10.891404855541452,4.000201888636802,0.682330522915332,0.5297980919921543,medium
16,6,3.0629316217354106,6.053253760800168,0.36641632940802116,0.5929282408096032,medium
14,2,5.596115404442711,5.895582917264803,0.6305442852522917,0.5368049709353597,medium
9,5,3.163966994263849,1.4843586276270346,0.49396203337791017,0.5238966824914018,medium
11,9,2.9355265439521365,0.006880407239129608,0.5789656229030276,0.6607472551990113,high
12,8,2.613676442380463,0.4230331800039937,0.7239008045250489,0.6819599397049831,high
4,9,2.770103120159307,0.8685391118626814,0.6601983178179718,0.5662494028178431,medium
11,9,8.906038544266105,2.0170549907369364,0.5927126867994019,0.6500955040883009,high
7,5,3.3113118928499667,2.744627599855401,0.3569074363006304,0.4580839699277567,medium
11,7,5.63484324763029,0.2953840495456622,0.3953825025315788,0.5821072735093447,medium
8,9,5.464300602576634,1.4093400672296343,0.6727738777688708,0.6251591751055766,high
8,5,4.115804519934695,2.1803842873554613,0.7681133865519568,0.559086782061355,medium
16,8,11.751918207864886,5.229948415233167,0.7060523975138845,0.7063441567345559,high
8,4,9.887943642870482,0.2911622513880973,0.4087918254239033,0.47981728340886004,medium
11,4,3.528298210617103,0.10211499195410441,0.748501727342874,0.5940195788555475,medium
15,2,2.7921642818947037,0.08362043290914446,0.46752509003790566,0.5579475484548535,medium
9,2,4.597367469467821,0.7692266124264034,0.6240878180993626,0.4946893862036965,medium
12,7,4.925522780298568,2.6243918997417346,0.40589691894544233,0.5836834377908102,medium
8,4,6.332446508286837,0.5438080866806493,0.745231670504729,0.5454209468564082,medium
9,6,11.919892035958362,1.5471627304814484,0.6937701087526604,0.5834396035473224,medium
13,6,3.564890727538244,1.9051040393802772,0.7543029294453598,0.6531598922932034,high
11,12,10.868479948516127,2.3310375714812723,0.6225598814057739,0.713971725804613,high
11,6,4.079159154021973,1.2592870392952673,0.6228193484568043,0.6011686227627259,high
10,8,7.909880467507444,5.761984418273333,0.7425498727742454,0.6200967450996935,high
21,5,5.525203560352392,0.2948035473644449,0.669982009834713,0.732031044984513,high
14,9,7.35845761865111,0.18593876930840064,0.6054975204838492,0.7098599123013806,high
14,4,9.563736752234774,1.319459141419919,0.6303457336432751,0.6072727524525222,high
15,3,4.224926520376056,4.074079742355018,0.7117086078005858,0.600181189944417,high
19,3,16.136415114374753,1.4703049364593577,0.4743164102324574,0.6300612491367624,high
6,4,5.343899067814711,0.012833474964396527,0.49790793841938585,0.46949603118411454,medium
14,7,3.417583240847404,0.7666086116842329,0.5886290182811239,0.6626150795783299,high
11,5,4.202358124682754,7.021448517838772,0.3235011180933583,0.48289056683307985,medium
15,4,5.963908247829406,0.6205472864626038,0.49303314512701657,0.5994696471156526,medium
11,5,7.358319211681565,2.2916157401573716,0.5090431177677454,0.5515311852858333,medium
14,6,3.608551525003597,0.17860072673915142,0.734038927170861,0.675617113922578,high
12,4,9.639414129365582,1.5910522504136662,0.41543891283013906,0.53248076756327,medium
10,5,3.775429158112873,1.5945240821267836,0.6174346787451057,0.5628567752015092,medium
10,2,3.8519292175500723,3.9990327961189647,0.5803866274782087,0.4794171068548487,medium
12,6,2.8913468693749405,3.3763029968825133,0.7651334206578506,0.6305179974856867,high
10,3,3.0096918629659895,0.42428109184955265,0.47311755681367546,0.5017949707504047,medium
11,8,5.819374689886757,1.533029869191228,0.5910638693191702,0.6329925747358927,high
17,3,10.198638379957758,0.6830288563758733,0.4093881918666946,0.5923241126641664,medium
14,9,8.572228545053346,0.645774488593364,0.46789137068887965,0.6792731108804869,high
11,5,4.472062536862293,4.99160764812202,0.819646569591308,0.5956519295974482,medium
4,9,5.705583257380091,2.887160259977004,0.7752952995105351,0.5758113248355936,medium
13,8,6.098335037679485,1.8041460204208235,0.5411331774397355,0.6511989953518083,high
13,4,7.843325935818065,0.7422554384003762,0.6870744712654543,0.6074665246637551,high
12,9,3.5705824152218395,0.6445998758961787,0.691231125561592,0.693948892606344,high
16,5,7.032108636440267,1.251048474042886,0.6787954477154212,0.6674187663827983,high
13,6,6.947463664129458,0.1694549169827722,0.585087766108235,0.6308878537750952,high
13,10,8.31818053967146,3.190555715093345,0.6935011768179624,0.7124298639296369,high
9,3,8.249195246903247,1.2818930406052507,0.7416704013959919,0.5347881266751634,medium
11,5,4.4732030167920245,1.745725636809483,0.5543648787593585,0.5642348048398085,medium
12,7,10.60372076468881,0.21369038398947615,0.5497776284838772,0.6285309231368456,high
14,4,5.039643374356153,6.1100689368764876,0.8079283936556654,0.6108518858186232,high
12,6,8.194684822424787,0.8624998504826633,0.6013901707994284,0.6145280351566679,high
10,6,4.653269137052055,2.7241159783627307,0.760976885177175,0.6040346038463502,high
12,5,11.321780018925331,7.261685907542803,0.7405266239221199,0.5796940854008052,medium
12,8,8.09543415539511,5.258101038547261,0.5349518484392513,0.6119363627642018,high
9,5,6.671639838678054,3.778416776230503,0.6227962995228451,0.534369814729699,medium
8,5,3.10949176488261,0.45353942269017583,0.5491314625892985,0.5268026963665918,medium
9,5,7.140766021022623,4.877938194043074,0.4710211870353049,0.4966846494467738,medium
11,4,2.123054642517718,3.174834604517621,0.7949473321749847,0.5828239024048796,medium
12,8,3.3485494806829643,3.7428915474965523,0.7290840989730334,0.660864209477963,high
13,5,5.687620016657217,3.5583686913951236,0.5106800769058674,0.5734135574385393,medium
10,3,7.204905344340267,0.686295189872912,0.6119404251109964,0.5278127837563799,medium
9,6,9.236882892980834,0.10274423413198212,0.6286951350520029,0.5800540654495208,medium
10,3,4.3629600377101285,2.0521123374973613,0.6299803689888261,0.5223153248811161,medium
13,6,8.553142203639739,6.404707865065153,0.8053300683110878,0.63336796122845,high
12,3,3.2150793916903977,0.08563806373429068,0.46816546967139216,0.5330621735093832,medium
13,5,10.453900950117841,2.5214718510989913,0.637156203077633,0.6056214282748666,high
15,7,1.3689531958415748,0.31852095577424183,0.8077920496261638,0.7244349368867378,high
12,6,3.768055695872035,1.0680081848097729,0.6969496710952119,0.6322698796536439,high
11,6,5.335964187746551,0.7994349613964044,0.7734180182737777,0.6343540372454461,high
9,3,4.979697865446187,1.4475579573022919,0.8115536982648247,0.5476603532709496,medium
12,8,1.7790993581696188,2.8276728379474503,0.8414335843998246,0.6894355646269819,high
10,8,4.99828850046478,0.00019858378363242382,0.6772303049201757,0.6454447370921442,high
9,7,9.087853771550026,1.5954478789841526,0.734115617793919,0.6111868043655562,high
10,6,0.8143707287705012,2.881219042558394,0.7295776936373686,0.5967074117770845,medium
15,5,4.019227130702727,0.4689784734497392,0.4516351419927703,0.6122005052422224,high
9,4,7.1226489220008595,1.3914242692970167,0.48600451928666333,0.5029247420620193,medium
12,8,3.3186763595249418,2.231359723654735,0.5163725020608767,0.6283987689211438,high
8,4,6.366736016141915,1.600090790256102,0.600364088153485,0.5094055456956563,medium
9,6,8.993802700474603,0.008602523348051358,0.6225472795478943,0.5794521057539253,medium
8,7,1.7301837656394918,3.1705322175910378,0.7064357423698229,0.5801502670233577,medium
9,5,4.902140765404095,3.3811378234235123,0.8043313414703954,0.5733253494712557,medium
11,5,5.674455504965582,4.1421935303789725,0.7732743350048753,0.5920402434651153,medium
8,8,3.7673827141937952,0.5691211548358376,0.5994092189060407,0.5960877027489693,medium
10,6,4.015977935748434,4.412078960319069,0.6701398932493182,0.5746141189144032,medium
16,6,5.043580492518109,0.37116743624068665,0.4407426596336833,0.6456740823517987,high
8,9,5.86900828527147,5.606019151567002,0.6385453314690624,0.5903356052833658,medium
8,7,11.501870738733409,0.44749369232664826,0.7200060098531065,0.6010179106884437,high
13,7,3.4222562322540218,1.6215177547847273,0.8002209781126457,0.6842340772572976,high
18,4,5.648460243332165,2.2158545837656054,0.7407327352981389,0.6833741831678571,high
11,6,9.396036790391866,1.7093473953236058,0.43226337751195765,0.5600570262002342,medium
7,5,3.0239480832544263,1.4378773729124446,0.4435618551519207,0.48412652187763455,medium
13,3,6.0279454438746045,0.5216344675023883,0.7384194097960082,0.5992063188425191,medium
9,10,3.4952396183421652,0.5982853513331727,0.40223914003008854,0.6114592589971298,high
8,9,13.36265827624111,0.13647568431280685,0.7751824644493508,0.6541266549944514,high
17,5,8.401671034640184,5.957185613901203,0.7556115961974418,0.666407748480147,high
13,9,5.016031085028712,0.27837693344226605,0.7016955795526912,0.7134832696875899,high
6,4,6.537193697223025,0.07682021429218915,0.813207684422476,0.5321294021225473,medium
15,5,8.401664063664123,2.04138174394041,0.6008118456590061,0.6315531575055318,high
9,5,8.086662726722025,1.474422259670493,0.6464420670272243,0.5544589316743083,medium
11,6,4.566318989870943,0.2337312971130933,0.6685778313424593,0.6171573576210713,high
15,9,5.673954515652427,1.6383367811163785,0.6620638849469692,0.7264905317819514,high
12,6,8.879377136398466,3.626486974567184,0.5657432188350652,0.5889720639365651,medium
12,5,7.638205497877918,0.20901420688414307,0.8064154207212129,0.6398896560983482,high
13,7,3.8915650270634723,0.37606472028250837,0.6105046059944834,0.65459382306368,high
14,6,4.337532932696888,0.18029561737198535,0.4853829519929088,0.6258746196161018,high
10,5,7.146548949113326,0.7969091263732321,0.879001195067714,0.620487511504388,high
15,7,2.17628110200734,0.7916125282659536,0.4021084709432349,0.6401442773335406,high
20,6,2.0881163659087836,1.6563913055866473,0.6764678241727682,0.7442509561306427,high
9,6,6.1372184457310235,0.29171633548063847,0.3503093423073666,0.5231170928916025,medium
8,6,3.2221085451673646,1.7315364448149788,0.7051926135870811,0.5694949464186497,medium
13,7,4.193546199892289,1.3429695375654895,0.6222591848480808,0.6504987067191795,high
14,9,9.590704716356,0.550272471493904,0.7310368490737353,0.7325388866714544,high
9,2,6.776124896273104,1.526616398765679,0.7798682020216141,0.520796197745885,medium
17,7,0.711844402018813,3.047018934605025,0.7365669519118179,0.7219999308183301,high
6,4,3.8093576384913534,0.6555261890450295,0.7886392813434359,0.5233576816750536,medium
15,8,4.250683325402637,1.1189977315247766,0.6408206227624172,0.7057041396756517,high
11,9,7.500618447439912,0.1468217793848447,0.7497583982834333,0.693972867794121,high
8,7,5.39153823628763,1.4287208670174356,0.8472362056125325,0.6199224353423903,high
20,4,6.114530160377523,2.4134779812326266,0.7044655295974548,0.7048032527112735,high
11,7,6.251814754204618,4.966105117630025,0.49611278675938975,0.5711151899010112,medium
10,5,2.9353840170819567,0.0023539243569536774,0.40435058140721253,0.5308544234523961,medium
12,6,1.084362227892913,1.9097604240751498,0.6984964553286407,0.6269675549052272,high
21,11,8.872717733415548,3.483580109618926,0.5788349765045465,0.8125431279034498,high
14,5,9.417823460108528,1.4983983138621315,0.35263062152451985,0.5705368022124898,medium
7,6,16.967208920586227,1.785121263692323,0.7229498401926175,0.557689159613908,medium
11,2,4.893809828551424,2.2350313431357773,0.6153987048479385,0.5131795320153493,medium
11,5,11.790036510021965,0.3900282885859434,0.4903490582053558,0.5604696230504983,medium
10,8,1.4216047116452686,2.262197007452007,0.25958386826719204,0.5468354602704251,medium
7,5,13.133921392177491,1.1603961222832313,0.7646579937780633,0.5501956246070578,medium
10,4,9.550888311342288,3.9303611341193516,0.5125450996866954,0.5063066123765434,medium
15,7,3.5064164819732513,1.2796611858693347,0.5998495209151018,0.6764388296105581,high
15,4,10.111569203154627,0.8784294266042869,0.5804054113020152,0.6152248860830412,high
7,9,4.522127577884705,3.692802534930505,0.5107954914462116,0.562540414723039,medium
12,5,8.511190534667557,2.3036963038267815,0.3961641971697775,0.5438748640751103,medium
16,7,3.166158762440099,5.807995612826124,0.7012383989862697,0.6815277090450799,high
13,3,9.694697792144606,0.13834644191214157,0.4133761187638315,0.5367529141400187,medium
13,1,11.25143128224163,5.902877338656322,0.5586189586899198,0.48737127614694187,medium
6,5,3.529902025548916,0.8260375219166071,0.6274328548529504,0.5099796541578128,medium
16,4,4.891684616409631,1.419928582921406,0.5786601585363084,0.6262658411544523,high
16,5,2.716633015109494,4.886693223446037,0.5202991555020023,0.6114818762774269,high
25,5,11.279071645064128,2.9319478979557068,0.619860311516597,0.7044257429836147,high
14,7,2.416978065764232,0.0091564319199553,0.7304185105941094,0.6960226592393556,high
16,8,11.373738026302934,2.15160594791389,0.712609599641816,0.728177880275604,high
13,4,6.275365981361237,0.7165346932870265,0.5201972017968912,0.5742625424041314,medium
11,9,3.374776562202804,0.2682156032774639,0.40485092063686606,0.6241820801055235,high
11,10,17.39957695907834,3.791722045505052,0.8344700966825493,0.7066158723664762,high
12,9,1.0433731931043646,1.786842184782611,0.4316848742332279,0.6344246936147615,high
16,8,9.08643748470356,0.4185579177592757,0.7947020642092418,0.7561500267234532,high
8,10,3.0243723222762946,0.9887840138720676,0.5423677860414303,0.6218816637824723,high
17,6,6.509064734993439,2.7551117215849086,0.6017388881167433,0.676980366146116,high
13,3,4.406391493603529,4.118905002459958,0.5288571136044977,0.5333120560378332,medium
10,11,15.621385595753281,0.3920113835945411,0.6630731371561382,0.700001218207264,high
12,8,2.371154040332048,0.025533570091097774,0.2972752127662483,0.5992848187526423,medium
13,8,8.625047046305104,0.18430315504490194,0.6600076161518473,0.6857728355300702,high
13,6,6.928812393887691,1.5103575967117395,0.44172338270136036,0.5932756258955272,medium
14,6,4.931518914625982,2.2934402313408677,0.8098910436847437,0.6766886071946763,high
13,7,10.808995386024758,2.672402731489334,0.6361994562062163,0.6444238730313143,high
6,6,10.028954802078689,0.15123636422463974,0.5157899712084631,0.5121497518135283,medium
12,7,0.7969487174066912,0.6372868140949037,0.4642859436706903,0.6086086099735053,high
19,6,0.6122521120249556,1.788309869267411,0.6196018011330127,0.7169982944314865,high
12,6,3.127184419461118,0.728291375118794,0.8554904384591191,0.6662428118576986,high
13,8,1.8065058040403605,1.03652970015779,0.40164748225185076,0.6284192984493182,high
12,1,6.969998666632282,0.862655060521699,0.6988347270798476,0.5340159116791582,medium
10,5,1.1990413938056026,2.877323615778967,0.49769615558688063,0.5303570736788498,medium
12,5,4.384753590683838,2.779630308550416,0.6419666581870106,0.5898624629137327,medium
12,8,2.4764554205898124,3.4895306903136,0.5942376385228522,0.6355839897691464,high
12,6,2.4876387400045568,1.8414489533420493,0.5888073033759534,0.6054851343195771,high
11,9,1.7847479784076072,2.171052082905602,0.48801143167385097,0.6281286057820662,high
11,2,5.217637514576172,1.9132183122198827,0.7664097111940562,0.5455271534906787,medium
12,10,6.8633289264318496,1.273013792124111,0.6553857306603992,0.7025903875179191,high
15,5,4.764396297156553,0.1543902887600789,0.7994738188758848,0.6838654951834431,high
17,12,4.872512653406487,0.7961256996420855,0.7924566928577443,0.8481838339072683,high
10,10,4.496027009858363,0.5972646371109867,0.5929677050538489,0.6646117767633632,high
12,7,9.461900328590488,0.04836013192903489,0.4582114734798604,0.6113198938164451,high
10,7,3.680410869251585,1.074990237153399,0.5354878168308127,0.5899309617851398,medium
10,8,1.8902363413753138,2.094935275989186,0.684536661131705,0.6329410970530798,high
20,6,6.072504724249357,2.6981757100298838,0.5251082473669901,0.7070338114065322,high
7,6,7.649896102311922,1.710876790260868,0.5756541618313452,0.5287249870978633,medium
14,8,4.398749111021092,3.3784208848884067,0.7054230713093795,0.6885618083626198,high
17,2,3.409093322571782,0.3452522648745545,0.4666490973737593,0.5860281377089215,medium
15,5,1.897864529015496,0.9637878243483925,0.36965373782115574,0.5925054954019084,medium
17,10,19.05713230235981,0.37128040972879506,0.7673536136258888,0.8059955199936525,high
15,6,3.316638325628436,1.1399571589716813,0.6709026502921078,0.6715808156652769,high
12,5,6.674329083644617,1.54102030541212,0.4817883499226888,0.5660842012817903,medium
13,8,9.25624156600308,2.2798370723125907,0.8703948181721283,0.7138800498190084,high
11,4,4.5015159022745665,2.0002240837350085,0.40747413574494534,0.513159999924089,medium
16,10,1.8276837373014685,3.6371161713524494,0.39149479890783956,0.6940515186392182,high
12,4,7.479082410685633,3.3668643389368382,0.697165204909838,0.5769872787223888,medium
13,9,4.741694495264242,1.2730771081882009,0.6363900629353243,0.6937908318658101,high
18,6,15.339219285622542,5.604983596512262,0.547945676471175,0.6622225779841533,high
6,8,6.041328019726517,0.7616207180292791,0.5596459017216993,0.5568517088908114,medium
18,5,2.586307710447126,3.1230815558400877,0.6089541488309053,0.6709702860605805,high
6,4,9.717008640691995,1.0096476038959987,0.3862485586950822,0.4405187277130431,medium
2,8,9.120701846654487,1.324833377065637,0.6424847712982684,0.5096647317458828,medium
9,5,2.5746161178321376,0.18312601078716406,0.3320732901002738,0.5001938179481403,medium
5,9,6.99255725335656,0.4703349644214835,0.5648155304766788,0.5648275396658592,medium
8,4,9.544002434245506,0.7375620999558552,0.327640568787729,0.46061103309117346,medium
18,6,6.772952565787347,7.504085592968185,0.6600005641486625,0.6719728755432779,high
8,5,1.9435614712801688,1.0289273248792523,0.7138939500211352,0.5559192745050321,medium
18,2,4.476506019874034,0.1700279582565552,0.6722837414028866,0.6433232285588669,high
10,11,5.0716883722402955,4.319044527286763,0.7260858377145453,0.6864235373609973,high
5,9,8.890923233864978,0.03879219846755155,0.4577361118757622,0.5462886077187021,medium
8,5,6.85900734888695,1.0186768033341695,0.5771745992000067,0.5286437411511068,medium
17,3,5.610757952213519,5.147577822680521,0.7998331494283046,0.6406494444011241,high
15,4,4.317778735982236,0.373674992900088,0.5778208051699204,0.6180729944146501,high
12,4,14.834542472654004,0.040025164363249516,0.7578979808749385,0.6113127617458994,high
10,6,7.254197241460802,0.029706243692418106,0.40466585733927196,0.5507351298432384,medium
12,5,2.9533727720450225,2.186731807587496,0.805802297281392,0.6265822474056951,high
13,8,3.392500618399885,2.2590898085923583,0.7392815900627764,0.6877957192886063,high
13,3,5.973102346775535,1.7887281117819087,0.7755938921008768,0.5981939243416293,medium
10,3,0.46683708911411476,0.11538138571358802,0.7425999399395394,0.5577507787498173,medium
17,8,4.543382186496483,0.872406517202789,0.47828694293957474,0.7048413451398964,high
14,6,7.001203624835172,1.6331330716259636,0.5586140072843444,0.630835247646029,high
10,5,4.6962715753028155,0.8366906478983048,0.872150697392514,0.6188522018258474,high
13,2,4.0171000318287255,1.6904350437394127,0.7390494670511482,0.571540326451967,medium
17,3,8.853094037432037,1.5390743641589522,0.602718235894077,0.6252831514177557,high
9,7,2.0616243227347852,0.8643734995473974,0.8159001751068348,0.6324175450243843,high
15,3,4.9296966305027725,1.8112035882231627,0.539607772339948,0.5808468638798352,medium
14,4,5.3578031864938644,3.300514012750128,0.3860230143076564,0.5452011761098637,medium
7,4,2.1338002549121136,1.9744564800975946,0.46766534859815223,0.4653700265189798,medium
7,5,9.197226097412347,4.035420118892374,0.3354949816589503,0.4451961955391742,medium
9,4,0.6913703646106746,0.36218295687553337,0.617895798556384,0.53616460666544,medium
9,6,5.561654014019622,3.588054943939802,0.6667750825796854,0.5644346502230051,medium
13,3,7.229111602843674,0.22972310378791674,0.7645900258656231,0.6063865178145386,high
14,10,5.821812007967422,0.7151246773880788,0.8459602932045885,0.7744245607916638,high
11,8,4.805062574349688,5.88807546570993,0.512724211138539,0.5882910057896417,medium
6,6,1.7450647443375662,1.1042489351012763,0.653901626506431,0.5334186657339444,medium
15,5,2.3710931374065667,0.701949677565189,0.7792596533536292,0.6761722661536246,high
4,5,5.530201852977873,0.04125858730609549,0.5307459011354578,0.46587412297838426,medium
20,6,5.531026304803055,2.659340076889222,0.7878861212800147,0.7598482904100747,high
13,4,1.7204229517260168,0.4935595368687043,0.7671754869894248,0.6251447004854269,high
11,2,7.121912666628322,8.911708097958927,0.5883867370937262,0.4632659600990191,medium
17,5,0.5014484103475492,1.3094344436879322,0.4687306797356309,0.6400165729892067,high
12,4,2.3845612364176247,0.4597141348629588,0.41690283547862406,0.5403158061966384,medium
8,6,4.793215108487835,0.16844666455435872,0.37952418899580176,0.5147818600354647,medium
11,3,14.132029977254955,2.418682451995179,0.6682940687082509,0.5425342640616824,medium
13,5,4.597976439930623,0.5292349838391583,0.7169023567363906,0.6348522381216838,high
16,8,5.212190832114754,0.5574680445694915,0.5592584037203182,0.7081352271136003,high
15,6,2.3917368802529686,0.7799614762288719,0.5338944256223025,0.6465791419496014,high
10,6,12.496383969924134,3.28483156190513,0.5501624600864844,0.5581336149379295,medium
14,7,6.773379965475794,1.5609024522057746,0.7186653343230961,0.6833270505165807,high
15,3,6.019739310929307,5.540768749116008,0.8304287615003701,0.614147293972634,high
5,6,3.1447568628991918,2.0332061518575033,0.5447038259075896,0.4903860575024679,medium
10,5,6.25065836119336,1.2451318316274944,0.6038276671337679,0.562464654549237,medium
14,5,7.39910099046652,1.7934567924510922,0.6478183972740003,0.6276073008384594,high
18,7,4.813154143867229,1.5717133995166384,0.5713141523507065,0.7137847411400304,high
9,3,3.2971246716261184,0.09583413273742283,0.47994015394018236,0.490349136569787,medium
15,7,3.389057710282746,6.76710679688053,0.6600655248198338,0.6518990596514299,high
8,6,1.6222918174896508,0.24528201920386777,0.5105947920212893,0.5404837449428987,medium
6,6,1.9388502595712773,4.14391992853067,0.7887926041466561,0.5401323879724601,medium
13,9,6.824355853736577,0.22674683748157223,0.533254154433657,0.6801391853035209,high
13,5,1.5930818251355001,5.539388444105367,0.6627991331896652,0.5906305703438973,medium
13,4,1.8655646208487104,4.4729950978650495,0.7589046403391115,0.596960960748722,medium
11,5,19.209750136709047,0.587116223678165,0.5191388859012666,0.5649136690223989,medium
13,5,1.9295327103040845,3.8479682852528145,0.5759644055486792,0.5845397592080503,medium
12,5,5.554558688827994,4.063868659478255,0.7258568816283252,0.59807891859581,medium
10,7,4.564380117916392,4.040934562200598,0.47301475792169984,0.557663387836336,medium
12,9,6.399818427550167,0.11718851883773829,0.3104189128427325,0.621302525776295,high
18,5,8.963953192396133,2.867848853399983,0.4771100985576727,0.6463030273555347,high
12,3,7.482459286372472,3.2608554550948163,0.5815173836828416,0.5345644403692695,medium
12,10,2.39453985473914,4.627389985944386,0.41786169260740585,0.6327230719485186,high
9,12,1.7627659714980874,0.2324985192798191,0.6359103533334189,0.7006320805381516,high
12,8,4.739564811756143,5.270521948099462,0.6386409500825483,0.63259137702918,high
11,6,16.476562653283885,0.46462009592255066,0.7245077904453745,0.6268040907829246,high
12,4,4.119975032986855,0.06060695664357248,0.777107775303282,0.6150175086830326,high
7,3,5.747501631976405,0.1292854914822565,0.737802547571982,0.511698606237848,medium
11,5,4.4324168678137665,3.237599549114194,0.6263953874235813,0.5686950804906217,medium
8,6,1.9166404353356725,2.6112153664251117,0.4877449118409441,0.5201408799253547,medium
12,9,3.71480669273897,0.003825435189802763,0.5082609884396196,0.6616266947866585,high
8,7,2.0459427335552394,5.64461953572498,0.4953261513906819,0.5214344333733032,medium
9,3,2.084457986877971,0.6763780242699251,0.5736928406642694,0.5052293813043878,medium
13,3,6.26287442318193,0.29454178661283215,0.5673516051031168,0.5665067091098712,medium
15,10,6.091801112915579,1.9702667131204603,0.6617288761906276,0.7442106638173224,high
14,7,2.8520673620297257,0.4372629522871606,0.49672697861485443,0.6464303093743897,high
7,5,8.415172491912534,5.312260514990536,0.4838096881093918,0.46634686752194143,medium
18,3,11.471058771458818,1.5755616602339209,0.6100642782821705,0.6415091112548748,high
17,10,1.3156400706305895,1.6129096014235038,0.35358278116270625,0.7149638255563845,high
10,3,2.242784403461089,0.05026319818845696,0.7044393866619469,0.5505527893444664,medium
13,6,0.6221923848263406,1.6259760234985328,0.5676395021105269,0.6176880602654485,high
9,7,2.002167451813043,4.990392252904053,0.6586169094514052,0.5734541002042541,medium
12,3,9.109309631277034,4.633913691719505,0.6367100385675923,0.5364492497687218,medium
15,8,17.457721763131197,2.328793297321494,0.696405208804257,0.7087557531120415,high
14,9,7.5189074880787965,0.3354028149465626,0.45046896926589625,0.677857775086869,high
14,5,2.1073661519211853,4.0130201480178656,0.3907813330542812,0.5614027989574039,medium
17,2,4.292073784899148,0.2757531215266521,0.8179230404721646,0.6567462539509219,high
11,7,6.7049878840310315,0.32021979128298805,0.5148220035387163,0.60582960209919,high
12,11,5.863601140109054,3.0454256396068047,0.3840583950230464,0.6565088414072305,high
12,7,2.7619477924898406,0.6673409482926869,0.4211233951479341,0.5997757393743022,medium
7,6,2.957141049277147,1.830556551825078,0.7436020272774718,0.5615166951099938,medium
13,11,8.461527272925398,2.3119580972255775,0.497991936648165,0.6991853333481292,high
14,3,7.866010799366131,2.2255328169264295,0.4245373654787758,0.540070587649579,medium
14,12,1.9343800891680698,2.279767785741729,0.42620023083191005,0.7200415942614371,high
20,6,4.740517861380387,0.9279232248138425,0.7029298506706223,0.7543998153020322,high
11,6,1.6999787248738314,3.630692524292805,0.6914471587998965,0.5990848149313607,medium
12,4,2.694180751160294,4.586238876192103,0.7686534950447744,0.5831557731676742,medium
12,6,6.064200719700926,2.617729005595149,0.621506494765855,0.6068497722492033,high
14,9,4.65291387257855,0.1282273317024725,0.784906405114114,0.7461264321448063,high
13,6,6.508453228669072,0.236604945418958,0.4097263014246163,0.5953678939821303,medium
8,8,9.225450205163572,1.9869308269391286,0.8113680398112275,0.6290274024493181,high
17,7,8.0311107825451,0.5310569764159354,0.3904779508786047,0.6695552103329481,high
13,1,3.8030542522119717,2.3094514475881507,0.7095957279023052,0.5415228025965401,medium
18,5,7.974940048012393,0.4409823842604155,0.6761903080406237,0.7022981790463887,high
11,4,18.55806448229659,0.41186236711032964,0.7060425304558515,0.5834627569771015,medium
16,4,2.141473176394692,0.6268407801955539,0.682390259613711,0.6522991133881052,high
12,3,5.797016883684962,2.1317970186439763,0.6872044511785127,0.5632289101114094,medium
14,10,3.357326155835532,0.09114810383126577,0.7592821760428947,0.7612487811830372,high
15,9,4.190366414792111,1.5780743898227152,0.7148188105629139,0.7374432661804313,high
11,5,6.112013879571839,1.8649283445471163,0.6272774884565571,0.5780226420609973,medium
18,1,7.83992042812552,3.874659887080616,0.63565079848179,0.5912990937824872,medium
16,5,20.81671594007667,0.3648489848504288,0.5067580876451261,0.6389192909633556,high
12,7,6.835049668095596,1.6099237822841086,0.6055918173213691,0.6303855382490464,high
12,4,8.026149165974783,0.9491389133198641,0.6800716059724797,0.5896867284390302,medium
10,4,3.331007377849742,2.617802892559264,0.48630903377511425,0.5098097874712945,medium
17,3,8.838974958207508,3.024255122184782,0.6614923892972597,0.6271367770448868,high
12,4,12.069615790449046,1.991916667272859,0.6179372753966501,0.5703080106308444,medium
14,7,5.286330037968232,3.7446008982002246,0.6707223103015633,0.6591804560723111,high
14,4,15.469327391547605,0.15894627566772607,0.5400702086420069,0.5969543998906166,medium
7,5,12.985983732142778,1.0803866892821659,0.44504632703002955,0.4868066874774581,medium
13,8,6.198827295514935,0.4033812680239403,0.24236607628666704,0.6007840068038405,high
18,9,1.0244146980209843,0.30524343016290395,0.5793324769088385,0.7638315391806817,high
14,9,5.204254111941993,1.599950628582921,0.6706547940601799,0.7134646212881498,high
11,5,9.969272275421936,3.988216243558958,0.4494746154435237,0.5283068147983117,medium
14,5,5.596038772844253,0.7181135753486475,0.8192198390791495,0.6690565439801722,high
11,5,2.6224007840688257,1.375612232969356,0.5365305691079681,0.5631353656017979,medium
13,5,10.195599292909616,0.26298411997373955,0.462077434650743,0.585662259463657,medium
13,5,10.373694569722474,2.8321560796158733,0.23095556060885727,0.522310071590999,medium
13,4,4.308542944003685,0.8556482712198739,0.6021288565438504,0.5897214495006377,medium
15,5,2.2872038248231936,1.604614823932712,0.8537415145889556,0.6850508707582397,high
15,5,11.884545527360554,0.42019728185872296,0.7657283195126497,0.6753443486901384,high
14,4,6.062798087486611,1.3524333040032632,0.6877851236063698,0.6185408026945856,high
12,11,5.019707459751028,3.590011187683519,0.7248615714463077,0.7210389063713714,high
10,3,6.904841680247746,1.0627777888622827,0.5268849752964113,0.5082918098002004,medium
18,6,13.128382713873187,1.6243337148084636,0.6823984272701462,0.7156507940219728,high
11,2,8.466601138001444,4.688341354419371,0.813433228597747,0.536431036690087,medium
13,5,6.333284900369943,0.0250145617462715,0.8111641418005164,0.6570660646151282,high
10,11,1.131516019230018,4.374715650218409,0.3868894965462847,0.618213128307801,high
15,13,3.1866505301791834,2.7442870109002206,0.2830149013809762,0.7233077335368604,high
13,4,5.005408622153806,1.3918780610454178,0.5544286550932956,0.5766065439450231,medium
13,6,3.822364450010231,1.0195502310706768,0.5529091557448162,0.6187848296084921,high
20,5,4.834198242205758,0.48661290106375377,0.6077377269115285,0.718303459375214,high
13,8,11.200191696644817,0.5676091226004882,0.5999798562222506,0.6712119104271136,high
12,4,0.8542808302044068,0.3207790382115579,0.5609816574026576,0.5700578045591211,medium
16,5,5.3016588255720105,0.43602922928185256,0.6403388176109617,0.6651609019936466,high
14,3,5.580012631007515,0.833495607376435,0.429359324517802,0.5503152275210508,medium
13,8,6.375859907302403,0.8304662685265699,0.696517208215915,0.6887669998530058,high
8,6,7.724206266477303,1.4150025611635446,0.6335419308012492,0.5572750357524928,medium
9,9,5.905951754531829,0.7310314227587418,0.5292534516754466,0.6159771475166977,high
12,11,4.2436489095976455,1.162608812540955,0.41367519937734165,0.6749843144585287,high
10,8,6.0573113127895954,1.143209213279385,0.3982084867216883,0.5820203025891417,medium
13,10,5.433595712888534,1.1801542585456384,0.45327595123987374,0.6777874951910039,high
13,6,6.830473139379362,1.3436947390813114,0.40165313807735237,0.5863726626882617,medium
8,5,8.590117095479252,4.228762358251312,0.6591155377365673,0.5236313584923047,medium
12,4,5.787286662190116,2.913084723712402,0.5767508540820032,0.5559296059916513,medium
8,5,3.2507580951964585,1.640854112962399,0.4985204394629677,0.5087650604728442,medium
11,6,1.4697373672579097,1.1500546047916964,0.4070185924694715,0.5587366877952831,medium
12,7,3.408655098918987,0.23268793738506818,0.5126095496966995,0.6209706570234395,high
13,7,3.4505503912746036,0.6854457392993514,0.6254431216502863,0.6555189860680616,high
8,4,4.142754368295436,0.16354122713201472,0.5899884939254447,0.5169074239375422,medium
13,2,3.5518371973585503,2.667094007495618,0.5459028381496738,0.5263999409132973,medium
23,1,4.794814387374087,0.40586324290739134,0.65436945282372,0.6481681356120281,high
10,7,2.0363769543563337,0.47708918481065965,0.4141935492079749,0.5696581152761906,medium
15,6,8.95453155357028,0.005399378945277447,0.4918051187914542,0.6433250278986556,high
7,9,8.729254453997587,5.350173424003534,0.36037825147537295,0.5214078274683843,medium
7,8,6.33084208922936,0.0923511015838175,0.7134873173993013,0.6070817894693015,high
8,2,1.9566821842350461,10.690364524210205,0.6196250657823026,0.4126559163283925,medium
12,9,1.9319014904108749,3.7567944113193956,0.5857148427579599,0.6520976724761294,high
8,13,10.5045970665814,1.2567679780109906,0.7185159984098344,0.7153247464952269,high
13,6,3.966266045679506,4.639892950372474,0.6646276134575967,0.6169929030223695,high
12,1,11.53748728687635,1.2305840384416293,0.3693897023528267,0.46567404688095443,medium
10,4,4.678547803627053,1.0730186577265193,0.5308129846290576,0.5290091392076347,medium
15,2,5.345262073433249,3.585400847221907,0.4426920535973598,0.5296357384046593,medium
15,3,6.501896908177786,1.698060232121801,0.6366261247085575,0.6010048233942329,high
7,6,5.558312147467454,1.9383615005272556,0.7563059913653246,0.5633387882695499,medium
10,6,17.579900197049,0.6853305288670472,0.8651006638872921,0.6384512625850115,high
8,7,2.219647102140607,9.008175636557748,0.6628087847937204,0.5325072527150257,medium
9,1,7.000844475009368,2.1632064207273998,0.5390927620235334,0.44839717626652403,medium
9,7,2.705864717021513,3.015529395341942,0.7281659260849295,0.6005296559147063,high
17,6,3.266172152448958,1.312052351782777,0.32996922154451525,0.6322468286303512,high
11,3,9.807990677752665,1.493386997771157,0.8086794989811046,0.5767799864777465,medium
9,5,2.2050873298270037,2.552014754084572,0.6351557415159207,0.545017716609287,medium
9,5,4.229669132316221,0.13168729761840348,0.7291266708350437,0.5799474188495527,medium
11,7,9.30453678379105,0.7508017078808434,0.46414189566508945,0.5928230344138123,medium
11,3,6.623577627191808,0.7445673954611767,0.4964110207665319,0.5193184215168986,medium
11,5,8.766700081873367,2.9569212095152015,0.7655853199233018,0.5984042559212257,medium
14,4,7.148447821495709,0.6692610844972353,0.5251882492249089,0.5905759092816669,medium
9,2,4.603852710013407,1.1230162773440515,0.430860966291808,0.45368541807606794,medium
12,2,1.702034324096518,2.274113681466623,0.7694205484251003,0.5587233518085759,medium
8,5,9.932524093007238,1.6440379766621298,0.38668431602118636,0.4863766100264897,medium
14,6,6.021038865513699,3.078921247513659,0.5506155704784019,0.6195969724455893,high
6,3,1.067441128805712,0.3387829225921827,0.7160741909209332,0.4909562853669055,medium
8,4,1.298644536188768,2.874982768800651,0.573352905162019,0.4955040292403995,medium
8,7,12.973893779907039,0.8330640593405246,0.6359532810498776,0.5816368958143721,medium
16,5,9.945108196950887,4.752904650575138,0.8344320498110225,0.6752003789583703,high
7,9,7.173539996754238,1.2309516394619249,0.7535741321284417,0.6275084821626089,high
10,9,4.064226778015456,3.5161865715168994,0.6903976278633172,0.6446382817625508,high
13,7,7.529985358933328,0.7795535367115312,0.36084521337118913,0.6019720190961609,high
18,10,1.7190628813842859,0.3171143946278593,0.3702055801064681,0.7419270200571079,high
17,5,1.9234127425464216,0.3252407740449726,0.48410610295196993,0.6496529487634275,high
16,5,7.6660823663001105,1.981822356323744,0.4992305141165667,0.6266339537811549,high
15,12,3.4144245117938508,1.6452613846024235,0.6159562386906379,0.7772228385074448,high
8,4,2.246474883336006,1.2224641305307136,0.5444910768104968,0.5007484544918946,medium
10,5,3.5421704758858437,0.15740467402191616,0.6237600413730261,0.5737026437811258,medium
11,6,2.5189259524291696,0.1882575530347496,0.5305881786301451,0.589862585372464,medium
16,7,9.268689465355136,3.0056450656220486,0.47471237653276416,0.6549048415357392,high
3,6,9.426718140472834,0.057459511591338754,0.5844526158178412,0.48150745975295933,medium
13,4,4.3856919794728855,0.6372243354960869,0.6122767220079256,0.5932071821649446,medium
16,4,2.472256255975038,3.9775252822649714,0.6602058372399693,0.625524332232894,high
17,9,4.704220212416308,1.2639684111982044,0.884225492618139,0.8034186424489731,high
9,3,2.7539435782110346,0.6533565616670579,0.46289161254739003,0.4832226120983643,medium
16,2,8.868315181760115,2.5864922577959484,0.5560763485610307,0.5739719879935665,medium
9,4,6.113621868853317,0.9765864938815625,0.6124593468068619,0.5309812927354953,medium
11,3,2.0221473931102065,0.9861769732101415,0.8261618388304688,0.5836578546113594,medium
12,8,1.7977079613066782,3.300357696897546,0.7976433902820457,0.6775262934104255,high
7,4,2.4234651639820957,3.7818839667505415,0.6520297401156769,0.4901933882447985,medium
7,4,8.670138582532394,0.19253683117137887,0.45090710123505606,0.4738978413725354,medium
9,8,10.260165264738704,0.18408215322597682,0.5580389609520221,0.6053805778355646,high
20,7,2.969527443132436,0.906097743759435,0.20580384358285694,0.6751201170915084,high
13,5,9.052926774308606,1.9677859741651846,0.6098094067948587,0.6038433081978706,high
10,3,3.5719517546869484,0.7747694935386155,0.29056666998156483,0.46294820403938886,medium
12,2,11.484919163314531,0.08065302510232147,0.42443485733981284,0.5043492846339471,medium
6,4,6.980066091994609,0.06059109687849105,0.756202248151639,0.5208365089844712,medium
18,9,4.920899789875461,2.3953616411454397,0.7044109914723832,0.7749131206868404,high
13,7,2.6028002658185985,3.7442162426278287,0.6033778414950856,0.6307141266814983,high
13,8,5.8060231392896,0.47964647524121357,0.34773354521736494,0.6213490658751981,high
11,6,3.550844485644813,4.160732850745089,0.560786923645599,0.5694191657241526,medium
11,5,3.588846943981356,0.5336719757204818,0.7556829774722967,0.6125787823229895,high
17,6,11.901893093459373,0.8261202613024569,0.8040882408469743,0.7303101797607119,high
7,4,8.003164713697748,6.931702408295315,0.5441443336965853,0.4476175173506816,medium
12,7,15.772599842691871,2.5323021347219283,0.7161767902940094,0.6463533438273223,high
7,4,4.709879138992061,0.42695684339806705,0.7697629376778912,0.5361062085795911,medium
12,7,5.2065315636758225,2.6012623135343595,0.6106236608995642,0.6247829834230171,high
12,6,8.436790730474396,2.7493533793118976,0.5023312579887674,0.5821372290690076,medium
8,6,4.507781525601542,3.0458375544260043,0.4324976570363715,0.5061939477111009,medium
14,4,8.700821543160643,2.1487605485094075,0.6826597623594495,0.6122068821484938,high
14,4,5.072702566163324,1.3162459670284534,0.23973423326137908,0.5291718735387527,medium
4,4,8.183157780105635,0.21291709696072483,0.678620488348445,0.47430465035661756,medium
10,6,15.129331075335504,2.6868184375023683,0.8974910924220755,0.6315860955677326,high
9,6,7.7862820166884426,0.14197764336924978,0.6859472861344847,0.5912429396044353,medium
12,7,8.498991228224673,0.5426303866676206,0.8697071658556764,0.6903238972600179,high
8,3,7.013296426534442,0.1697286731914788,0.5414578296779368,0.4871600414476442,medium
10,10,8.910623557769906,4.347100660303098,0.4445587034318391,0.6099310696176805,high
10,4,6.130957486090161,0.40375124246175964,0.7119594497268217,0.5697002149956193,medium
7,4,5.046098547800459,0.9160919805591197,0.7893177666023339,0.5367562734500727,medium
11,6,3.177424031561121,2.1837674531730857,0.48717259063304896,0.5678760684387893,medium
6,12,4.6523332962402275,0.8575085249602992,0.5965520061368117,0.643593677727627,high
11,3,4.395906074191997,1.7744566640139765,0.7394213202911839,0.5610545529648103,medium
10,3,4.292160127496778,0.5235765882215527,0.7628309196601875,0.5590756733438937,medium
9,6,9.933107438445042,2.5178630031169438,0.6023506248533643,0.5586843716165599,medium
