amount,merchant_category,hour_of_day,day_of_week,device_type,location_type,account_age_days,category
335.91623306311885,5311,18,5,2,3,454,shopping
353.09188320145324,5311,11,2,1,2,1508,shopping
462.0450148339771,5411,9,6,1,3,1353,groceries
2118.489810078318,8299,13,6,1,1,261,education
128.04103552774177,7832,18,5,1,3,789,entertainment
95.74386227554923,4121,10,6,1,0,394,transport
577.836772718094,8011,8,1,1,2,329,healthcare
1932.3830044705205,8011,11,2,1,0,1763,healthcare
453.7498465045416,4900,13,1,1,1,168,utilities
217.6895592357718,4900,12,2,0,3,1168,utilities
2925.612008816744,8299,11,0,1,2,1194,education
178.50470323072855,4121,14,3,2,2,1211,transport
848.10406118119,4900,15,1,1,1,35,utilities
640.6742887320165,5311,19,0,1,2,1635,shopping
84.58212825343219,7832,18,4,1,1,188,entertainment
235.593319663695,5812,12,4,1,2,1137,dining
127.21605008507602,8011,11,3,1,2,1314,healthcare
484.00851946822644,4900,12,2,1,0,1627,utilities
164.38389508798957,5411,15,3,1,3,1631,groceries
981.1012678142823,8011,16,0,1,2,1325,healthcare
518.9572589793623,8299,8,3,1,2,1003,education
222.38107441555292,5411,16,6,1,1,543,groceries
136.67575083204216,7832,21,0,1,3,784,entertainment
236.1541558301934,7832,20,4,1,0,504,entertainment
73.6883582531356,5311,14,5,1,1,652,shopping
263.3251311183704,4900,6,3,2,2,963,utilities
705.084556070717,8299,10,2,0,3,1283,education
221.5188544634018,8011,8,1,1,1,1131,healthcare
140.6678406904546,4121,17,1,2,3,1507,transport
37.09834415180033,5812,14,2,1,1,930,dining
278.243903582506,5411,17,5,1,3,1277,groceries
148.43990061897824,5411,10,6,1,3,83,groceries
79.6856637973953,4121,8,3,1,1,251,transport
171.0573422524232,5411,14,5,2,1,648,groceries
117.89299519025826,7832,21,1,1,3,825,entertainment
1400.1137789000231,8299,11,3,1,1,1393,education
190.0870155714531,5411,12,2,0,2,1434,groceries
665.334581130187,5311,17,3,2,0,1050,shopping
622.8880228279489,5311,17,6,1,1,610,shopping
125.38717088026984,4121,8,4,1,1,1075,transport
221.3876465970859,5411,15,4,1,2,1203,groceries
1147.0370750974816,8299,9,5,1,1,1588,education
668.1470082579274,8011,14,3,1,1,1264,healthcare
272.31796004163533,5812,17,2,1,2,971,dining
288.1017884708147,4900,14,1,0,1,1445,utilities
126.17585445562193,4121,17,3,1,1,219,transport
404.5331432645482,5411,11,6,1,3,940,groceries
203.5210864828744,7832,21,4,1,1,1140,entertainment
193.2468950531845,4121,7,1,1,0,584,transport
104.46220744411018,7832,22,1,1,2,1789,entertainment
2823.2033165209923,8299,13,4,1,1,1565,education
2984.9284469578874,8299,8,1,1,3,525,education
446.4789541278332,5311,19,0,2,1,1462,shopping
985.0292629918841,5311,19,5,1,0,130,shopping
187.53397688362887,7832,22,1,1,3,102,entertainment
504.7579918185086,4900,19,2,1,0,1473,utilities
245.4848218317764,4900,18,0,0,1,545,utilities
186.50449904425076,8011,11,2,1,1,813,healthcare
153.01577220011177,4121,9,0,1,3,97,transport
4179.774974996975,8299,11,1,0,3,1054,education
258.0102051969931,7832,20,0,2,1,973,entertainment
235.41310146838194,5411,10,1,1,3,495,groceries
159.76387454952734,7832,20,4,1,1,236,entertainment
985.3599513697565,5311,11,4,1,0,710,shopping
875.8440015618716,8011,14,0,1,2,696,healthcare
41.601087798790516,5812,15,6,1,1,130,dining
84.01406422246001,7832,18,0,1,1,36,entertainment
73.38933292137557,4121,15,5,0,2,650,transport
317.47369138706915,5411,8,0,1,3,1126,groceries
176.77860076431742,7832,22,6,1,0,1616,entertainment
412.61978588237395,5411,13,1,1,2,1430,groceries
1481.0987484428626,8299,15,6,1,0,1227,education
3116.8964366824907,8299,13,5,1,3,1571,education
888.4255165690093,5311,11,3,1,3,1659,shopping
206.25988354374704,7832,19,1,0,3,1493,entertainment
180.6028665811543,4121,16,2,1,1,877,transport
177.27930874039274,4121,10,1,1,1,49,transport
909.025338379396,4900,6,6,1,1,982,utilities
98.16785511646012,4121,7,4,1,3,1136,transport
133.23802796025785,5812,18,5,1,3,748,dining
223.189912013548,5812,14,2,0,2,11,dining
117.91408346280053,7832,21,2,1,2,510,entertainment
392.9743044648361,8011,15,3,1,1,291,healthcare
705.3993684216488,4900,9,5,2,2,321,utilities
497.1508231172522,5411,9,3,2,0,833,groceries
3843.9027423313287,8299,11,4,1,2,1197,education
145.98631687113476,4121,9,0,2,3,713,transport
1526.1992660381118,8011,9,4,1,1,1789,healthcare
80.33335312545915,7832,21,4,0,0,947,entertainment
157.34563351677278,5411,9,5,1,3,1319,groceries
233.1650248069277,8299,10,5,0,1,821,education
2673.612714411685,8299,10,2,1,1,1414,education
735.9152876087188,4900,10,3,2,2,1243,utilities
617.690047375425,5311,18,3,1,2,561,shopping
718.8115804097436,4900,13,2,1,1,111,utilities
196.6376679277055,7832,19,4,1,2,745,entertainment
114.82803818888178,4900,14,6,2,1,444,utilities
470.18833509340016,4900,11,0,0,2,1811,utilities
128.53948778402992,7832,21,1,1,0,75,entertainment
369.15923344400164,4900,6,4,1,3,925,utilities
485.12073574519854,5411,10,5,1,3,545,groceries
1902.461030731382,8011,15,5,0,2,1548,healthcare
146.68178357393757,4121,10,4,1,1,1283,transport
106.51430044390628,5812,12,0,1,1,1777,dining
59.47907978144754,5812,15,1,1,1,1723,dining
311.4762982386302,8011,12,6,2,3,73,healthcare
325.2295553968746,5311,19,1,1,3,268,shopping
1404.4713241181444,8299,14,1,1,1,333,education
970.5497611594957,8011,14,3,0,3,289,healthcare
258.8385711388411,5812,12,1,2,1,106,dining
1917.7299289975842,8011,10,4,1,0,712,healthcare
152.25906766489052,4900,19,3,1,3,151,utilities
1918.9850723153224,8299,15,4,1,3,1335,education
1279.9376657237744,8299,14,6,0,1,41,education
104.86943120928296,4121,13,6,0,1,1375,transport
38.352722012000754,5812,12,6,1,2,152,dining
1901.473436267173,8011,13,6,1,3,817,healthcare
113.14765277902146,7832,18,6,1,1,738,entertainment
433.557748341883,4900,6,1,1,0,436,utilities
108.30726131632923,5812,15,3,1,0,1166,dining
352.8193674792347,5411,15,4,1,1,993,groceries
1867.585517052672,8011,13,4,0,1,1068,healthcare
65.62791593354368,7832,18,2,1,3,241,entertainment
184.7119366859101,7832,22,6,1,1,1752,entertainment
145.57803522967055,7832,21,1,1,1,1166,entertainment
1927.9581643372424,8299,9,4,1,3,446,education
145.81424113399487,5812,12,5,1,3,225,dining
152.53759347115584,5411,15,3,0,2,1006,groceries
2806.5308486927775,8299,12,1,1,2,128,education
1807.3753013454077,8299,11,5,1,0,950,education
3808.433966028713,8299,13,2,1,2,1137,education
1009.5495070433824,8011,10,3,1,1,653,healthcare
246.56339694369237,5812,20,3,1,3,909,dining
211.17265369920668,5812,11,5,1,2,716,dining
541.2103700832985,4900,14,2,1,2,1703,utilities
2991.1772252577707,8299,9,2,1,0,936,education
806.951538249742,5311,13,5,1,2,392,shopping
270.80619946409377,5812,16,5,1,1,972,dining
376.114618429675,5311,14,2,2,2,1402,shopping
263.9470032640493,5812,18,3,1,1,1113,dining
79.55715618435721,5812,20,3,1,1,833,dining
377.90396214354166,5411,15,4,2,3,439,groceries
325.1995672324452,5411,17,0,1,0,917,groceries
525.7593092161565,5311,19,6,1,1,1643,shopping
254.51794865270514,5812,20,6,1,2,1634,dining
209.001209645303,5812,19,3,1,1,1648,dining
951.3404705101638,5311,19,3,1,1,1775,shopping
771.4858048040087,4900,17,0,0,1,166,utilities
197.1005794072592,4900,19,0,1,1,148,utilities
3395.095609642836,8299,8,1,2,1,172,education
3983.569141679591,8299,8,5,1,1,332,education
51.438667336243896,5411,10,4,0,0,1466,groceries
137.7646153247229,7832,19,2,1,3,1738,entertainment
157.64228568610451,5812,18,5,1,1,853,dining
175.92379751253438,5411,10,2,1,3,1691,groceries
657.9275905753734,4900,17,5,1,1,1761,utilities
209.03270594408357,5411,13,3,1,2,360,groceries
250.69391964346042,5411,17,2,1,1,1402,groceries
281.82778047192176,5812,11,4,1,1,1214,dining
4632.661017716719,8299,15,5,1,1,1467,education
286.27647338835385,7832,22,3,1,2,1439,entertainment
292.7654976413933,5311,16,0,1,1,1008,shopping
346.1194270259981,4900,9,4,2,3,158,utilities
360.22813896399015,5311,16,3,1,2,830,shopping
105.79371314800044,7832,19,4,1,2,1435,entertainment
37.26196510640714,4121,14,2,1,2,1511,transport
423.44464660781733,8299,12,3,1,1,1263,education
243.81042656854507,7832,20,4,1,1,544,entertainment
31.15773805005674,4121,10,5,1,1,1199,transport
530.3681180728337,4900,13,5,1,2,146,utilities
310.94346958471516,5411,17,1,1,0,520,groceries
238.43460882006585,5812,18,1,1,2,1741,dining
3905.6682075417352,8299,8,1,1,3,73,education
149.2221602215736,4121,12,2,2,2,412,transport
367.67874743320215,5311,12,6,1,3,124,shopping
666.2910455558582,5311,12,6,2,0,1234,shopping
133.82509160885778,4121,17,3,1,3,1436,transport
664.9368859550559,5311,10,4,2,1,1017,shopping
888.7433451643712,8011,9,0,1,1,930,healthcare
198.52884074987588,5812,20,0,1,1,430,dining
2701.754219012387,8299,9,4,1,1,511,education
149.41627747765244,7832,22,1,1,2,474,entertainment
1110.235099704472,8011,15,3,1,1,411,healthcare
1771.0777535490652,8011,9,4,1,2,1663,healthcare
959.1425329492822,4900,15,1,1,2,1033,utilities
433.3663529565812,5411,11,5,0,3,1604,groceries
47.24768129842514,5812,18,3,0,2,1507,dining
102.51058126111923,5812,16,3,1,0,148,dining
622.1894760013315,4900,14,1,1,1,252,utilities
99.94560677000584,4121,7,5,1,3,1481,transport
430.40380223730136,5411,17,1,1,0,452,groceries
811.536348902237,5311,11,0,1,2,324,shopping
252.73008766273247,5411,8,1,1,3,1268,groceries
1447.714282766113,8299,12,6,1,2,1639,education
350.25020419503164,8011,14,2,1,1,1093,healthcare
230.50688530873768,5812,12,5,0,0,620,dining
2546.953122541843,8299,9,2,1,0,451,education
149.9606099089168,4121,11,4,1,1,946,transport
892.8003621123861,8011,15,0,0,2,31,healthcare
76.25226880349926,7832,19,5,1,2,1090,entertainment
101.99952647469996,7832,21,5,0,1,1729,entertainment
217.49926179196746,7832,18,0,2,1,932,entertainment
105.08177169567311,4121,11,5,1,3,1268,transport
592.7603053517946,4900,7,3,1,0,1475,utilities
447.65387824677106,4900,16,5,1,2,1335,utilities
443.3743792432863,4900,12,1,1,2,1222,utilities
234.14990755296068,5411,17,2,1,3,1463,groceries
770.6142337251881,5311,15,5,0,1,545,shopping
601.4134071604057,8299,12,0,1,1,1776,education
129.51812895598567,4121,9,1,1,2,1430,transport
238.81662217713438,5311,18,4,1,1,877,shopping
4861.460574074942,8299,10,2,1,1,1419,education
168.98260760445112,4900,11,4,0,3,1706,utilities
484.57615567701174,8299,12,2,1,2,485,education
110.7465643928504,4121,16,1,1,3,981,transport
143.57818405395702,4121,11,0,1,1,969,transport
1375.6088210138041,8299,10,5,2,2,1436,education
1155.3956248067198,8299,11,1,1,1,641,education
69.21970925061825,4121,14,4,1,1,1196,transport
60.1503891433552,5812,15,5,2,1,683,dining
981.2886833090757,5311,14,2,1,2,1016,shopping
4920.252205064385,8299,10,4,1,1,363,education
27.006335299657415,4121,13,5,0,3,842,transport
155.0881085846499,8011,8,3,1,1,1621,healthcare
393.54137052465524,5411,9,5,1,0,1503,groceries
295.83821344656,7832,19,4,1,3,220,entertainment
252.80095488814422,5311,12,5,1,1,1217,shopping
73.81034073850674,7832,22,6,1,1,1717,entertainment
295.9693410013727,7832,19,0,1,0,203,entertainment
159.05733336248548,5812,12,0,0,1,497,dining
244.42043921104786,7832,21,1,2,0,630,entertainment
224.19013436540038,8011,11,2,1,1,1735,healthcare
242.13401327623708,5411,11,1,1,2,1219,groceries
1399.2450606423165,8011,11,5,2,1,1240,healthcare
219.75812720825203,5411,10,1,1,1,251,groceries
167.00464877975872,4900,8,0,1,1,1424,utilities
3478.956051503219,8299,10,2,1,1,677,education
564.4393498554568,5311,17,5,0,1,1169,shopping
1029.9734006326105,8011,12,5,1,1,1073,healthcare
211.52330561265165,8299,11,4,1,1,1424,education
151.2339796525717,5411,12,5,1,1,1626,groceries
4208.96962548391,8299,12,6,1,3,377,education
923.1132002881982,8299,11,3,1,1,1712,education
80.35835747028234,4121,13,2,1,3,1279,transport
805.413458606963,8299,10,2,2,1,819,education
355.0772173019299,5411,13,1,1,1,1330,groceries
35.04738781596395,5812,20,6,1,2,1679,dining
395.8168807724796,4900,6,6,0,1,721,utilities
139.2120401372451,5812,17,2,1,0,1455,dining
1812.4176332124093,8011,11,3,1,3,1146,healthcare
402.5106454868036,5311,17,5,2,3,754,shopping
198.27556201828804,5812,14,0,1,2,1682,dining
288.4078975520458,5812,17,1,1,1,913,dining
129.6451526971105,5812,11,4,1,1,1441,dining
268.80594156109817,7832,21,4,1,1,1123,entertainment
114.9937308563186,4121,10,2,0,1,1276,transport
4731.293160118553,8299,14,1,0,2,225,education
56.82981710192528,5311,17,6,1,1,172,shopping
31.221665042719888,5812,12,0,1,2,1731,dining
89.29092573040047,5812,19,5,1,3,59,dining
125.36875598136784,5812,11,1,1,1,1449,dining
87.86202516587899,4121,18,2,1,2,1571,transport
1348.0435292361672,8011,8,6,1,2,595,healthcare
376.62836682375564,5411,11,2,1,1,515,groceries
381.9019233154394,5311,17,5,1,1,29,shopping
95.99935608981514,4121,13,0,0,3,1380,transport
262.8901983646159,7832,18,5,1,3,1049,entertainment
90.30024729139838,5311,11,0,1,2,617,shopping
49.410562507837554,4121,17,3,0,2,1780,transport
415.0619646707546,5411,16,5,1,2,109,groceries
638.7291751465734,4900,12,5,0,0,1251,utilities
192.8374034738418,4121,17,1,1,3,1593,transport
188.71759653870035,7832,19,0,1,1,897,entertainment
115.3366261393707,4121,8,2,1,2,1017,transport
955.4325016696481,5311,18,6,1,2,1483,shopping
87.48008871532161,5812,12,6,0,1,616,dining
374.8576412895092,8011,15,4,1,1,1700,healthcare
1404.567237210352,8011,15,3,1,0,312,healthcare
180.32361694494887,4121,6,1,1,1,1684,transport
76.3413699276646,5411,15,4,0,3,609,groceries
41.042027950358666,4121,7,5,1,1,41,transport
1485.1642177536148,8011,12,5,1,3,425,healthcare
822.9856268218693,5311,18,0,1,1,366,shopping
3588.7436058170683,8299,14,2,1,2,374,education
363.336939494702,5311,11,2,1,1,1133,shopping
116.3700779405115,4121,6,5,1,2,656,transport
1886.451724341633,8299,15,6,1,3,706,education
235.36648182481883,5411,11,3,1,1,1211,groceries
43.12854478341244,4121,13,5,0,1,875,transport
792.3831968950251,8299,10,2,2,1,1247,education
848.5710574814979,5311,12,4,1,3,1353,shopping
98.48365998720118,5812,18,1,1,2,718,dining
74.38440102504316,5812,17,6,1,0,244,dining
102.0139361633151,5812,14,3,1,1,174,dining
770.308434293549,4900,12,4,1,3,1178,utilities
72.35687930472088,7832,22,1,1,3,1598,entertainment
238.83676460924787,5812,16,1,1,2,1069,dining
151.0883369975759,7832,22,3,1,2,581,entertainment
272.98409114558257,5812,13,5,1,1,1412,dining
288.34687799480815,5812,20,3,1,2,1079,dining
292.4256704304813,8011,9,1,1,2,732,healthcare
660.7301273906737,4900,18,4,1,1,1233,utilities
288.84936581410955,5411,16,4,1,1,901,groceries
351.8759954377849,5411,12,4,2,1,1613,groceries
61.21609205374849,7832,21,2,1,0,174,entertainment
1736.8285173279144,8011,16,2,1,0,438,healthcare
4515.983983891127,8299,14,3,2,2,609,education
427.04203814160013,4900,10,2,1,0,807,utilities
3020.755137649593,8299,8,1,1,1,54,education
195.88264447726752,5812,19,2,2,0,1221,dining
168.18568653109517,4121,8,2,1,1,1808,transport
705.467165522938,5311,13,5,1,1,814,shopping
825.6942734978912,4900,9,2,1,1,636,utilities
135.00964647286534,4121,13,0,1,1,660,transport
81.20825441853381,5311,15,3,1,0,107,shopping
21.22019199160799,4121,8,1,1,1,973,transport
407.4819909294656,5411,12,4,1,1,736,groceries
804.1482052058827,8299,11,3,1,2,627,education
1595.6593372299574,8011,15,3,1,3,420,healthcare
298.3327809274871,7832,18,5,1,1,379,entertainment
99.57326470459428,4121,9,2,1,1,1363,transport
574.0561740686244,5311,15,2,1,1,1023,shopping
4169.452191425649,8299,11,0,0,3,1435,education
3076.1153597890734,8299,13,0,1,1,1688,education
252.63050666701722,5411,12,6,1,2,138,groceries
1540.9143275505958,8011,14,6,1,2,863,healthcare
78.7254489552703,7832,18,0,0,1,187,entertainment
1893.7120348126075,8011,16,4,1,3,1358,healthcare
1709.7760337202346,8011,16,2,2,3,951,healthcare
1405.0269887924383,8011,12,0,1,3,241,healthcare
795.9209966005154,8011,11,3,2,2,12,healthcare
265.97947083500384,5812,12,4,1,2,354,dining
1297.3102444178912,8011,13,3,2,1,909,healthcare
304.7821536725077,5411,11,0,1,3,1369,groceries
145.21216133706508,4121,16,2,1,1,1387,transport
136.09464458263852,4121,13,6,1,1,1213,transport
73.764508567698,4121,17,2,1,3,524,transport
56.65020964316686,4121,15,4,1,1,254,transport
81.30878873280211,5812,14,2,1,2,1630,dining
167.8227005234809,5812,16,4,1,0,1410,dining
199.7805367486199,5311,13,3,2,2,802,shopping
187.71446877292837,7832,20,2,1,3,1170,entertainment
152.08864170273267,5812,11,3,1,2,1122,dining
848.1524456292952,5311,15,2,2,3,1396,shopping
112.57073230062932,7832,20,1,1,1,660,entertainment
103.67052620414734,5411,16,3,1,3,690,groceries
283.64626021296067,4900,11,5,1,1,946,utilities
190.10431543028795,4121,10,4,1,3,1562,transport
264.7784240606195,5311,18,2,1,1,1509,shopping
378.9477031874041,8299,9,0,1,0,368,education
454.9092661846872,5311,11,1,1,3,734,shopping
33.33461100953232,5812,12,0,1,1,793,dining
198.21705538847468,5411,13,6,0,3,1482,groceries
52.602044156320424,7832,18,4,1,0,808,entertainment
220.4924286523094,5812,14,2,1,2,1545,dining
3676.2689037123305,8299,13,0,0,1,428,education
396.67795792223137,5411,15,2,1,0,1275,groceries
204.1929910099033,7832,20,3,1,1,176,entertainment
125.36259720215769,4121,18,4,1,3,614,transport
60.465342829896784,5411,16,1,1,3,1716,groceries
844.2716036433429,5311,14,5,0,1,308,shopping
73.77018516981957,5411,14,6,1,1,875,groceries
253.46296114658318,4900,6,3,1,1,87,utilities
178.8494846718649,4121,7,5,1,1,1064,transport
1615.963286168822,8011,16,3,1,1,78,healthcare
1703.2349037320173,8011,8,0,1,2,502,healthcare
165.3639949111154,5812,16,2,1,1,1540,dining
4123.839976002167,8299,13,5,1,2,1154,education
819.9444358919956,4900,11,0,0,2,1775,utilities
438.8617487359856,5411,11,1,0,2,474,groceries
108.41737481599249,7832,19,5,0,2,1224,entertainment
83.5447446678091,4121,18,1,1,1,463,transport
1635.3701231922644,8299,10,6,0,1,243,education
542.4243659945514,5311,18,2,1,2,574,shopping
483.1817145032157,5411,9,4,2,2,625,groceries
1754.8856133514257,8299,10,4,1,1,1348,education
204.84271122516728,7832,21,0,1,2,1306,entertainment
268.3987038703726,7832,20,5,1,1,1513,entertainment
128.2536063752274,4121,13,1,1,0,521,transport
361.4157124784341,5411,9,2,2,1,1679,groceries
210.8999370006537,7832,21,0,1,1,281,entertainment
129.2075512001877,5411,13,5,1,1,1705,groceries
145.09028999717427,4121,16,0,1,1,758,transport
137.6683911321831,5812,12,2,1,3,529,dining
88.04917009660213,5411,17,4,1,1,1500,groceries
97.27896753693342,5311,14,0,1,2,1791,shopping
974.5436355516382,4900,6,4,1,2,1472,utilities
522.6055464578822,4900,11,2,1,0,1567,utilities
82.97025015406604,4121,11,0,1,3,860,transport
488.99255510929316,4900,15,6,1,3,1446,utilities
89.26316962383201,4121,11,3,1,3,807,transport
182.61720736986547,5411,13,4,1,2,103,groceries
178.75038385711164,7832,19,4,1,2,124,entertainment
37.456621489393974,4121,11,4,1,1,1436,transport
144.5280916584345,4121,8,3,1,2,15,transport
257.0577697364527,5411,10,5,1,1,1751,groceries
41.41590683983865,4121,9,3,2,2,616,transport
962.6833041679845,5311,14,6,1,2,1398,shopping
4206.659803984064,8299,11,2,1,2,1298,education
146.35543067667692,4121,17,0,1,1,1155,transport
92.45666367869306,4121,8,1,0,3,995,transport
138.73620792435912,7832,18,3,0,1,877,entertainment
170.42188047105483,4121,9,6,1,1,1802,transport
226.09339988392293,5411,10,3,1,1,205,groceries
101.67863476414773,5812,20,5,1,3,754,dining
671.3107008359311,5311,14,3,1,2,1784,shopping
158.59620502223063,7832,20,1,1,2,1583,entertainment
104.75391030881083,4121,17,2,1,0,1141,transport
281.3216578035062,5812,18,4,1,0,732,dining
96.201672660769,5411,13,5,1,3,1082,groceries
398.2132307731845,5311,13,0,1,2,1776,shopping
375.4712176708332,5411,16,2,1,1,850,groceries
55.432167572581776,7832,22,1,0,0,1421,entertainment
153.1793160137508,7832,18,0,1,3,1332,entertainment
338.51120401404904,4900,19,3,1,3,623,utilities
431.82183293163445,5411,11,5,1,2,415,groceries
1648.9262964932523,8011,12,4,1,1,796,healthcare
164.77951341448602,5411,11,4,1,2,782,groceries
127.22445535695275,7832,20,1,1,1,213,entertainment
817.3436506466646,4900,10,6,1,1,1665,utilities
1890.8605398615514,8011,11,1,1,1,53,healthcare
726.4866662433875,5311,14,6,1,2,1434,shopping
415.1760043149948,5411,13,0,1,2,726,groceries
154.39432271824612,4121,11,1,1,1,570,transport
176.32660288205935,5311,17,0,1,2,1247,shopping
39.57950427640403,5812,13,4,1,1,58,dining
1399.3785880792386,8299,11,3,1,0,384,education
320.47784354933304,5411,9,2,1,1,394,groceries
723.297011479934,4900,11,2,1,2,766,utilities
4092.518447170441,8299,11,6,1,1,1195,education
595.5840884901302,5311,17,4,1,2,212,shopping
165.51548767431223,7832,21,0,1,1,737,entertainment
48.40046382845703,5812,17,4,0,0,1568,dining
183.7992766393003,4121,13,0,1,3,1139,transport
167.04895153097175,5311,11,0,1,1,1695,shopping
233.69402577781096,7832,18,3,2,3,1192,entertainment
3700.6512200997095,8299,9,2,1,2,265,education
770.7229862581025,4900,9,2,0,2,1389,utilities
388.0411229339674,5411,9,1,1,1,506,groceries
441.7785862695871,5311,13,4,1,3,975,shopping
1321.0035919165052,8011,9,6,0,3,537,healthcare
3390.1360286819054,8299,9,5,1,2,1592,education
285.26696911836245,5812,20,4,1,1,1366,dining
102.435891055401,7832,20,2,1,1,820,entertainment
946.0949564241001,5311,18,5,1,1,198,shopping
76.9974344095972,5411,12,6,1,1,871,groceries
51.89457297668219,7832,21,2,1,3,1241,entertainment
981.180509891818,4900,12,4,1,1,561,utilities
87.71616629798721,7832,19,6,1,1,1571,entertainment
3302.1539938228834,8299,8,1,1,0,1702,education
191.18557137810095,5311,15,3,1,1,1215,shopping
54.69965879232559,4121,17,0,1,2,884,transport
53.130778499035934,5812,13,4,1,2,1727,dining
72.35632093280817,4121,11,3,1,1,124,transport
1837.5071492284033,8011,13,4,1,2,471,healthcare
689.277767622763,4900,16,2,1,1,1586,utilities
979.7560692394333,8299,13,5,1,2,8,education
1628.8584030012466,8011,16,5,1,1,945,healthcare
835.527486420313,5311,16,1,1,1,85,shopping
152.48481561748503,7832,22,3,0,3,1019,entertainment
224.52365635190304,4900,7,3,1,3,635,utilities
169.44164447203028,4121,11,2,2,1,310,transport
658.7954790789707,4900,17,4,0,2,450,utilities
402.48158306501335,5311,17,3,0,1,198,shopping
1027.03033603765,8011,9,4,2,2,212,healthcare
569.353204433117,4900,9,1,0,1,379,utilities
184.28936324004997,8011,13,4,1,2,281,healthcare
66.59830527605861,5411,15,6,1,1,480,groceries
290.9074416593409,7832,19,5,1,0,1173,entertainment
1718.2717001925014,8011,11,4,1,2,1567,healthcare
97.39525223770585,7832,20,5,2,1,539,entertainment
48.03096617237207,4121,12,4,2,2,511,transport
483.7593028562202,4900,9,5,1,0,1395,utilities
181.9264810861529,4121,16,2,1,2,1013,transport
3100.5295468429845,8299,13,0,1,2,124,education
204.76850184551904,7832,19,6,1,3,1771,entertainment
118.29563925799683,5812,11,2,1,1,1112,dining
169.07868806680256,4121,16,4,0,0,1633,transport
4071.7157443251963,8299,15,5,1,1,173,education
220.61420756672396,5812,17,2,1,1,1031,dining
74.44492826107353,4121,18,2,1,3,1253,transport
1100.579939785984,8011,14,3,2,1,181,healthcare
197.9772432134084,4900,13,6,1,1,909,utilities
988.7363504422044,5311,10,3,0,1,1312,shopping
129.2771831955932,5812,16,2,1,0,1274,dining
1810.8115322303177,8011,15,4,1,2,606,healthcare
296.41925013052037,5812,12,1,1,1,369,dining
171.87593902458994,7832,18,2,1,1,682,entertainment
75.70430191389426,5411,10,4,1,1,381,groceries
111.95834393064577,4900,12,4,2,2,892,utilities
951.3603402468823,5311,18,1,0,1,1548,shopping
33.744506539910105,4121,11,3,0,1,1421,transport
136.43543305091276,5812,19,4,1,3,1059,dining
60.7414696980934,4121,10,1,1,1,1378,transport
258.6696678719267,5311,14,2,1,1,1494,shopping
156.60124959498037,4900,7,1,2,1,873,utilities
107.32430648279228,4121,15,4,1,0,1396,transport
320.7109952174299,5311,17,5,0,1,1391,shopping
35.082527697929955,4121,10,6,1,3,1143,transport
167.7716284849044,7832,18,3,1,3,1078,entertainment
147.35344739363683,4121,14,3,1,1,7,transport
762.9293740930642,4900,17,5,2,2,1549,utilities
151.16700853711595,7832,19,2,1,3,687,entertainment
767.8843488334957,8011,15,1,1,3,379,healthcare
428.98709240666,5411,11,0,1,1,392,groceries
1156.0714762021519,8299,11,4,1,2,1152,education
24.227314267704113,4121,14,1,0,3,1110,transport
543.1808813304374,8011,13,3,1,2,14,healthcare
79.25264639056228,4121,17,6,1,2,1185,transport
4177.115627461289,8299,12,1,1,2,537,education
102.43673532139759,4121,10,5,1,1,32,transport
4858.213964616087,8299,11,0,1,1,1213,education
590.0613595427109,4900,8,3,1,3,396,utilities
1397.4809751135435,8299,9,2,1,3,1337,education
4824.536510240252,8299,9,3,1,2,1201,education
214.65428159426554,5411,8,0,1,3,1456,groceries
61.98819698725086,5411,8,2,1,3,154,groceries
189.81316751186577,4121,9,3,1,2,1258,transport
411.02045727420096,5311,12,5,1,3,1198,shopping
77.42461021995565,5311,15,4,2,3,440,shopping
261.0104779087048,5411,12,4,1,1,242,groceries
518.853281424401,8011,11,1,1,3,275,healthcare
744.8604540593878,4900,17,5,2,3,395,utilities
137.98371676091833,5311,15,4,1,1,663,shopping
120.47346668692009,4121,15,6,1,1,1452,transport
3153.2665443500605,8299,11,5,1,1,884,education
308.1064491785838,4900,12,6,1,1,850,utilities
116.30827925231812,5411,17,1,1,2,1486,groceries
723.4771694180379,4900,10,1,1,1,848,utilities
776.5875368637326,8011,9,0,1,2,1087,healthcare
243.79616365022986,4900,17,3,1,2,1229,utilities
649.4510722152421,5311,10,6,1,3,463,shopping
1818.9086627053546,8299,12,2,1,2,754,education
451.702162992221,4900,11,2,1,1,941,utilities
74.72030424581047,5411,16,5,1,2,564,groceries
447.67219152412974,5411,16,5,1,1,425,groceries
366.94749317788023,5411,15,4,1,3,424,groceries
85.61978885217174,4121,13,4,1,3,969,transport
31.775115218143508,4121,16,4,1,2,1092,transport
294.91823057580604,5311,14,4,1,0,1533,shopping
306.374246548611,4900,8,2,1,1,74,utilities
4608.126102550281,8299,11,2,2,2,1340,education
4810.5346212096565,8299,12,2,1,1,115,education
2939.918284014711,8299,11,1,1,2,26,education
728.8908747162614,4900,14,6,1,3,384,utilities
964.9777879453468,5311,18,5,1,0,949,shopping
797.0234149784235,8299,14,0,1,3,15,education
302.32831966725576,5311,14,3,1,3,1265,shopping
355.8720618077479,4900,18,2,1,2,205,utilities
236.88310049041735,5812,16,4,2,1,1359,dining
152.25561442267934,4900,12,3,1,1,1015,utilities
406.89123849646313,5411,15,4,0,3,470,groceries
958.8043091640131,4900,7,0,1,2,85,utilities
322.60614441478145,5411,15,2,1,2,1146,groceries
50.65948774656837,4121,7,1,1,3,330,transport
556.5757241661865,5311,12,1,2,2,709,shopping
61.1294698610894,4121,14,3,1,1,1447,transport
665.2524490722836,5311,16,2,1,3,1189,shopping
1381.8317724118817,8011,10,4,1,3,783,healthcare
1028.0504883921549,8011,12,6,1,1,1099,healthcare
167.32390983051175,4121,12,5,1,3,1313,transport
31.729539836347964,4121,12,5,1,2,784,transport
2689.6825936217874,8299,14,5,1,2,549,education
290.5022736808845,5311,11,0,2,1,824,shopping
151.11575316111293,4121,15,3,1,2,1674,transport
365.90251079242216,5311,11,4,2,3,93,shopping
3866.436718345916,8299,14,3,1,1,317,education
663.3292464162112,4900,12,3,1,3,117,utilities
97.72003621766603,5411,13,2,1,2,1085,groceries
349.8053298056918,5411,9,6,2,0,1096,groceries
68.20791421163716,4121,10,5,1,3,150,transport
159.4375504595921,4900,10,6,1,3,1067,utilities
978.6729445112853,4900,6,2,1,2,1680,utilities
37.693408706107085,5812,13,5,0,3,1479,dining
44.33429466971778,5812,11,0,1,1,925,dining
594.760664113253,4900,8,5,1,3,739,utilities
851.7826706892818,5311,18,6,0,3,13,shopping
196.9591530919956,7832,19,1,1,0,367,entertainment
2496.352500168792,8299,9,1,1,3,1045,education
293.52121817168353,5411,11,6,1,1,320,groceries
58.081461833862946,4121,14,0,0,3,1025,transport
145.33963925120676,5411,8,5,1,2,615,groceries
249.99450139659132,5812,11,6,2,0,1436,dining
128.56518251174825,7832,21,1,1,1,1371,entertainment
883.0551565308721,5311,18,3,1,3,465,shopping
286.23804376540767,7832,20,2,1,3,364,entertainment
55.55943997620047,4121,8,5,1,1,1591,transport
3637.89313052829,8299,9,3,1,0,1626,education
201.1763053879838,7832,21,2,1,1,837,entertainment
114.8814916275734,5812,16,5,1,1,1787,dining
285.2544529020376,5812,18,3,1,1,945,dining
35.41666674378807,5812,19,0,2,3,374,dining
192.19233957645795,4121,8,2,1,3,1469,transport
3731.821740330235,8299,14,4,1,2,724,education
89.90724482349059,5311,16,2,2,0,1634,shopping
4457.963182543071,8299,15,2,1,2,240,education
726.490300896243,5311,12,1,1,1,1689,shopping
182.2258313026801,4900,16,6,1,1,1046,utilities
49.11887144323047,4121,13,6,1,2,200,transport
3069.787011498527,8299,11,4,2,1,1060,education
367.95471440092876,4900,14,5,1,2,615,utilities
662.0776045882519,5311,11,6,1,2,79,shopping
83.17668294302649,5812,11,4,1,2,983,dining
116.0431734039569,7832,22,4,1,2,1413,entertainment
917.4953361890722,4900,17,5,1,1,1336,utilities
175.53931922207676,7832,21,4,0,2,1216,entertainment
423.3458069629634,8011,15,5,1,3,8,healthcare
409.3754661062754,5311,19,3,1,2,1374,shopping
130.73697320013997,5411,16,4,1,2,499,groceries
186.74389676589826,7832,19,2,1,1,1760,entertainment
2443.1017715509997,8299,11,6,1,3,450,education
289.3343964470306,5812,17,1,1,1,733,dining
42.933303569779255,4121,6,5,1,0,1061,transport
150.743172563434,4121,13,6,1,2,1549,transport
155.3857908967614,7832,18,2,1,2,1478,entertainment
1019.6414182672312,8299,15,2,1,1,434,education
2569.078162099471,8299,10,1,1,3,820,education
1619.664079571339,8299,15,2,1,2,447,education
63.064578497821415,4121,18,6,2,0,739,transport
330.8820453979558,4900,6,4,1,3,64,utilities
124.89008879913247,7832,20,1,1,1,1424,entertainment
368.5850109120046,5411,10,5,1,2,1041,groceries
291.5806100362845,5812,20,6,1,1,1456,dining
83.2350706063039,7832,20,1,1,0,451,entertainment
2343.9476187134555,8299,11,2,2,3,10,education
505.0927938507938,4900,16,1,1,1,1149,utilities
56.78929808916551,4121,9,3,1,1,403,transport
66.9049697903986,5812,14,6,1,1,314,dining
76.34595478846212,5411,16,4,1,3,774,groceries
1844.9369656044123,8299,13,1,2,3,756,education
478.037878444448,5311,18,4,1,1,851,shopping
594.561839863589,4900,15,1,1,1,715,utilities
313.16256447120895,5411,12,4,0,1,637,groceries
52.864806568082244,7832,21,1,1,1,157,entertainment
4482.576175790956,8299,8,3,1,2,1283,education
150.7629088781316,5311,12,6,1,1,1626,shopping
268.1660085866844,8011,11,2,1,0,1286,healthcare
135.9007609897398,8011,16,3,1,3,896,healthcare
1570.9800666537724,8011,14,3,1,3,1638,healthcare
71.56122348723358,5812,19,6,1,3,444,dining
174.0419716124827,8011,8,4,0,2,530,healthcare
150.40344677067026,5812,11,0,2,3,1350,dining
68.21048607361625,5812,18,3,1,0,51,dining
637.5524891579068,5311,12,6,2,0,661,shopping
240.22035016151702,7832,21,4,1,2,258,entertainment
4420.760961702828,8299,11,2,1,1,1053,education
1893.5712490618173,8299,9,5,1,1,285,education
4205.098745279331,8299,13,2,1,3,1569,education
190.03186114273524,4121,17,4,1,1,885,transport
1404.3135758894682,8011,11,4,1,3,640,healthcare
1498.4056718534616,8011,16,4,1,1,479,healthcare
426.4097875740144,5411,9,4,1,1,974,groceries
261.8965053020862,5812,12,2,1,3,705,dining
117.38016757817962,4121,18,0,1,2,1262,transport
371.1082082530311,8299,9,5,1,1,1766,education
644.3371682545097,5311,17,5,0,1,385,shopping
594.3430270074192,5311,10,4,2,2,191,shopping
1148.2788166324683,8299,14,4,2,3,1219,education
163.26089301174474,5411,13,0,1,1,68,groceries
1844.6695754744967,8299,11,5,0,1,845,education
4941.711758188664,8299,13,3,1,1,609,education
271.00215685132275,7832,22,4,1,1,1759,entertainment
230.6921484306315,5311,16,6,0,2,391,shopping
198.9826562714303,4121,12,1,1,2,532,transport
227.59957262692598,5812,16,2,0,3,754,dining
355.93690329468825,5311,19,6,1,1,1626,shopping
637.0934106292327,5311,11,6,1,1,1273,shopping
4171.33229620452,8299,15,3,2,2,1187,education
543.2583546941041,8299,13,6,1,0,1204,education
209.55174624409122,5311,13,2,2,1,1029,shopping
2671.6478305233727,8299,11,0,1,1,1112,education
254.40609827011482,5411,9,5,1,1,1359,groceries
260.4514525338016,7832,22,5,1,1,617,entertainment
312.64693291188627,5411,11,2,1,2,665,groceries
137.3552744516081,4121,10,4,1,2,907,transport
61.91646273970691,5812,19,1,1,1,904,dining
402.7059802501189,5411,15,6,1,2,1645,groceries
177.7162588622461,5411,10,6,1,2,1325,groceries
1484.9869357864677,8011,9,1,1,2,1626,healthcare
91.89245648825893,7832,21,1,1,2,867,entertainment
143.6378773699482,7832,20,2,2,0,1355,entertainment
189.25488035514724,5411,17,2,2,2,1326,groceries
469.25237679459036,5411,11,4,0,2,738,groceries
361.0658906009779,5411,16,0,1,0,1360,groceries
21.372859297071194,4121,8,2,1,1,1123,transport
225.44454117666749,7832,20,1,1,1,1760,entertainment
71.67343181560712,4121,8,6,1,1,620,transport
381.31022133148554,5411,13,2,1,2,1435,groceries
254.97069323906857,7832,18,6,0,1,142,entertainment
229.18935115827915,7832,21,2,0,1,320,entertainment
2921.3239038827924,8299,13,0,1,0,481,education
91.6227538121303,5311,17,0,1,1,1604,shopping
81.53885012666892,5812,11,4,1,1,976,dining
1516.3418313611471,8011,14,2,1,1,1374,healthcare
218.18219729549895,5411,13,4,1,2,812,groceries
1216.8854691254244,8011,12,0,1,2,918,healthcare
97.23380584934134,5812,13,6,1,1,1263,dining
222.59466036335803,5311,11,5,1,0,566,shopping
3532.715120371695,8299,14,0,2,1,1745,education
273.060192757514,7832,20,4,1,0,1280,entertainment
134.5092192006358,5411,15,4,1,2,332,groceries
4507.092834978989,8299,11,6,1,1,527,education
46.88716543752746,4121,11,5,1,1,1499,transport
835.3012741149474,8011,10,5,0,3,709,healthcare
197.61070554981893,4121,17,0,1,2,76,transport
954.2204118131888,5311,10,5,1,2,1392,shopping
1948.3079542064238,8011,11,1,2,1,1268,healthcare
162.5906520434655,5812,14,1,1,1,284,dining
1870.267339275223,8011,11,6,2,2,152,healthcare
32.357610935581164,4121,11,2,2,2,131,transport
1508.8336143334648,8299,12,0,1,1,782,education
376.75115283598376,5411,8,0,1,2,1139,groceries
98.80305312336708,4121,8,0,1,1,735,transport
919.6872479888484,5311,18,2,2,1,832,shopping
294.7944337678931,5311,13,3,1,2,1252,shopping
1924.7252023901428,8011,11,5,1,2,21,healthcare
121.4574083513384,5411,12,0,1,1,173,groceries
298.09751451061686,7832,22,6,1,1,1353,entertainment
38.49500266424163,5812,14,6,0,1,233,dining
703.4738557152494,4900,10,5,1,2,1639,utilities
77.67120681360501,5411,8,5,1,1,660,groceries
149.01052989126921,4121,9,3,1,2,1046,transport
428.69467674420423,5411,9,0,1,1,1527,groceries
912.2436311269732,4900,19,3,1,2,874,utilities
117.4157215754234,8011,14,5,1,1,685,healthcare
110.62802745821615,5812,14,0,1,1,793,dining
1998.564441091357,8011,9,3,1,3,231,healthcare
195.04253719063138,5411,10,5,2,1,435,groceries
407.0435990718206,5411,9,5,1,3,692,groceries
149.44412148129132,7832,20,3,0,3,303,entertainment
774.738092902109,5311,12,0,1,3,1641,shopping
4062.017980757906,8299,14,4,2,2,1237,education
3321.0739173172406,8299,14,1,1,3,722,education
717.8682077280276,4900,17,5,1,3,494,utilities
178.47995842721505,5411,12,6,1,2,1554,groceries
1309.0455372141112,8299,8,4,1,3,1074,education
74.75863808520903,4121,12,4,1,1,414,transport
229.07994116334197,4900,14,1,0,0,796,utilities
157.30235186620442,4121,18,6,0,3,1439,transport
291.65025870366964,5812,12,5,1,1,1617,dining
83.02419558427994,5411,12,0,1,1,319,groceries
4072.298093931949,8299,9,3,2,0,708,education
807.7372057622201,4900,8,5,1,2,462,utilities
86.52639790644182,5311,19,5,1,1,204,shopping
490.5655294549702,5311,13,1,1,3,488,shopping
121.76580597308696,7832,20,0,1,2,1815,entertainment
1897.8976448138812,8011,14,0,1,2,1393,healthcare
724.6995043299631,8011,10,6,1,3,1014,healthcare
160.50344037982657,5411,8,3,1,3,911,groceries
348.4497608506883,8011,10,1,1,2,1223,healthcare
698.1861358430222,8011,10,3,1,0,1560,healthcare
160.54736231268083,4900,6,6,1,2,1668,utilities
888.8117978290554,8011,10,2,2,1,469,healthcare
1463.1169294942192,8299,13,0,1,1,1072,education
157.58100637703615,5311,10,6,1,1,268,shopping
543.9146282280706,4900,9,2,1,1,1026,utilities
225.7366874429793,5812,16,2,1,0,1483,dining
200.18625525431804,7832,18,0,1,1,331,entertainment
896.0709135901438,8011,16,2,1,2,767,healthcare
713.7923812164713,8011,14,5,1,3,1792,healthcare
1562.5062261169876,8299,14,1,0,3,337,education
1767.240830832523,8299,13,6,1,2,1786,education
147.45151744205583,5411,13,1,0,2,1256,groceries
118.00883474536363,4121,15,5,0,3,572,transport
559.6822239547629,5311,10,1,1,2,438,shopping
992.8925058522819,4900,11,2,1,0,1427,utilities
925.3544118145264,5311,16,5,1,0,1248,shopping
667.1607591060574,5311,14,1,1,0,672,shopping
242.84142474501945,5411,16,5,2,2,149,groceries
671.7157517968034,8011,16,0,1,2,559,healthcare
349.413116979765,5411,17,6,1,1,1159,groceries
236.14329881681024,5411,11,5,1,1,1051,groceries
244.57527237334523,5311,15,4,0,3,431,shopping
141.82359743536912,5812,11,5,1,3,708,dining
640.9435733092952,8299,14,2,1,3,665,education
190.7274891084415,7832,21,4,1,3,847,entertainment
1009.3916575660986,8299,11,0,1,2,780,education
387.5251461683133,4900,15,6,1,1,1079,utilities
410.5279427414657,5311,16,5,1,1,1406,shopping
125.62039692741253,4121,7,2,1,2,1742,transport
90.66074670085342,5812,11,4,1,3,955,dining
463.4426039990685,5411,9,2,1,3,504,groceries
347.5706212737508,5411,14,3,1,1,1037,groceries
1322.1351739757488,8011,12,3,1,1,508,healthcare
428.974425716075,4900,19,2,1,3,1497,utilities
1657.6433040616787,8011,10,3,1,2,820,healthcare
605.7427125712828,5311,16,2,1,1,1615,shopping
293.79512055238933,7832,18,1,1,3,350,entertainment
1642.633401724242,8011,11,4,1,1,355,healthcare
362.24257895755716,5411,9,3,1,1,1099,groceries
900.5460548547892,4900,7,5,1,1,949,utilities
173.81530988164076,4121,7,4,1,2,608,transport
149.01899504059432,4121,11,0,1,1,731,transport
138.44259282168628,4900,10,4,1,2,263,utilities
93.06741692552121,7832,19,3,1,1,80,entertainment
99.84890073322204,5812,15,2,1,3,244,dining
1146.752896832462,8011,15,0,1,1,547,healthcare
89.12976834493843,7832,20,1,1,1,1307,entertainment
145.48075147538373,5812,19,5,1,2,1313,dining
4028.980781762429,8299,10,2,1,2,350,education
93.79637992698957,4121,7,4,1,1,427,transport
40.82124068201041,4121,11,2,1,1,1287,transport
216.88021273113193,5812,14,5,1,1,1372,dining
138.27439947563724,5411,12,4,1,2,215,groceries
303.6544010893822,5411,15,6,1,3,398,groceries
4765.919119838096,8299,11,3,1,3,379,education
37.6654235247087,5812,11,4,1,3,260,dining
725.1135401457288,5311,14,1,0,2,1039,shopping
421.61566701263325,5311,17,2,1,3,1480,shopping
1099.312930211544,8011,14,1,1,2,606,healthcare
482.9542902479349,4900,17,2,1,2,102,utilities
86.6991862717517,5812,13,0,1,1,1661,dining
814.1278245039304,5311,16,2,1,1,452,shopping
77.9493898872893,4121,7,4,1,1,1133,transport
155.42013662875232,5812,18,3,1,1,816,dining
837.9705075728,5311,15,6,0,2,430,shopping
27.86218789453272,4121,8,2,1,3,1327,transport
1920.3499354863332,8011,15,2,1,1,1784,healthcare
177.19384122689993,4121,7,1,1,3,315,transport
177.7722235812599,4121,6,6,0,1,1488,transport
267.7574068775615,7832,22,1,2,2,1094,entertainment
775.9570850997615,4900,12,0,2,3,220,utilities
382.68947908771196,8299,13,4,1,1,637,education
445.757360785546,4900,8,0,2,1,131,utilities
157.69911724131234,5311,15,3,1,2,629,shopping
1032.000411382637,8011,13,0,1,2,1337,healthcare
638.5274230898177,5311,10,4,1,1,729,shopping
114.88486634752353,5411,11,4,1,1,1390,groceries
370.89649988430466,4900,13,3,1,3,180,utilities
113.44533762442664,4121,12,6,1,1,1548,transport
126.98177474646306,5411,8,0,1,2,1351,groceries
122.61287094828646,4121,7,4,1,2,1367,transport
702.5123974298124,8011,11,6,1,2,1628,healthcare
59.487862141158416,4121,14,5,1,2,1274,transport
3688.358599262917,8299,9,4,1,3,492,education
897.8951177167078,4900,15,1,1,1,835,utilities
995.9571884579226,5311,15,5,0,1,548,shopping
96.84082383254034,4121,13,1,1,2,1075,transport
290.0260437666765,4900,15,4,1,1,831,utilities
122.42302448964445,5411,17,2,1,1,1464,groceries
90.73986550193246,4121,17,6,0,2,1695,transport
390.8795135717004,4900,17,6,1,0,487,utilities
182.31539098920024,5411,16,3,2,2,1343,groceries
168.57815099950628,5812,20,1,2,3,893,dining
472.1534187250698,5311,12,4,1,2,1456,shopping
288.59459915609216,5812,13,2,2,1,867,dining
733.9638983751437,4900,17,4,1,1,1199,utilities
84.13011195712696,7832,21,2,1,1,510,entertainment
295.9027794460185,5411,15,1,1,1,260,groceries
4619.193740396722,8299,12,2,0,1,411,education
183.32721185719484,4121,6,0,1,1,486,transport
234.90641642403764,7832,20,5,1,1,1690,entertainment
657.2076024021422,8299,9,6,1,1,767,education
190.39566009113432,4900,13,2,1,1,1436,utilities
481.17617246058916,5311,13,6,1,1,1518,shopping
106.8465343772879,5311,17,5,1,2,1521,shopping
154.6452892791615,7832,21,1,1,2,1210,entertainment
197.7799704902538,5812,20,3,2,1,84,dining
38.621511599081245,5812,14,1,1,2,1677,dining
95.92339949020476,5411,11,3,1,0,1485,groceries
188.37422688720451,7832,22,1,1,0,652,entertainment
185.8691328463383,4121,11,3,1,1,1260,transport
278.58202597646385,5812,12,2,0,3,274,dining
344.82947705813973,5311,14,2,1,1,888,shopping
363.952496264462,8011,8,3,1,3,869,healthcare
3152.9307319994023,8299,10,1,1,1,636,education
283.96387308909067,4900,18,5,1,3,600,utilities
567.2267779251516,4900,9,4,1,1,1124,utilities
4861.330771013708,8299,10,6,0,2,343,education
524.558687146227,4900,9,2,1,2,1211,utilities
279.74782157823074,5311,16,6,1,1,1412,shopping
213.26648328413407,7832,18,2,1,2,1179,entertainment
48.280765719283316,4121,14,6,1,1,1784,transport
417.83846099895294,5411,17,2,1,1,559,groceries
1188.614879347304,8011,14,2,1,1,364,healthcare
505.49368702594654,4900,17,3,1,1,640,utilities
2791.6896341112324,8299,13,2,1,2,1788,education
4308.007088475087,8299,8,1,1,2,943,education
222.35735949471342,7832,19,2,1,0,824,entertainment
229.0624574650573,7832,18,6,1,3,647,entertainment
214.14886516875325,4900,8,4,0,1,1588,utilities
707.1620282707862,8011,10,2,1,1,165,healthcare
46.61559912322913,4121,18,5,0,1,551,transport
48.54588683467053,4121,6,3,1,2,220,transport
105.97826516611337,4121,8,2,2,1,1586,transport
298.61575080783234,4900,15,1,2,1,818,utilities
144.66645921005198,5311,19,1,2,1,1191,shopping
130.27078046541078,5411,10,6,1,0,571,groceries
198.37026297933068,4121,6,4,1,1,1523,transport
51.190046228796305,4121,12,2,1,2,1246,transport
166.33692419628542,4900,9,0,2,3,889,utilities
1071.9940615539026,8011,14,2,1,1,42,healthcare
215.77469073277592,5311,14,3,1,3,730,shopping
52.398573342788744,4121,7,6,1,3,975,transport
144.68396866012566,7832,19,2,1,0,1576,entertainment
98.24251329314586,5812,18,6,2,1,792,dining
250.08623570833896,5812,15,2,1,2,1368,dining
545.809244546346,8299,10,1,2,1,240,education
4273.421696883495,8299,13,0,1,2,76,education
197.6658743235452,5812,16,1,1,3,528,dining
485.97275564128347,5411,11,3,1,2,352,groceries
586.9510662895475,8299,12,2,1,0,144,education
944.9216854990364,5311,11,4,1,2,778,shopping
468.4439053127989,5311,17,5,1,2,711,shopping
164.80706016679397,5411,11,1,1,0,1720,groceries
853.9572192253523,8011,15,0,1,1,289,healthcare
109.19255248517052,7832,19,6,1,2,495,entertainment
88.8335922634928,5411,11,1,2,2,1719,groceries
794.0972916036014,5311,12,4,1,3,723,shopping
2108.1263096925663,8299,8,5,0,2,386,education
185.17120307930773,5812,11,5,1,2,422,dining
841.7892332938005,8011,15,3,2,1,358,healthcare
759.4004419755503,4900,14,3,1,1,1314,utilities
182.29185286386485,5411,8,0,1,2,286,groceries
114.32099050925612,4121,14,3,1,2,1342,transport
454.11374349124435,5311,10,4,2,2,279,shopping
1083.7400124951596,8011,16,3,1,1,874,healthcare
774.9515645052297,4900,10,4,0,2,938,utilities
103.37680114459982,4121,17,2,1,2,1365,transport
877.6949945863532,4900,18,1,0,0,1046,utilities
4382.849971090108,8299,9,1,0,2,1654,education
239.08021614388963,5411,14,5,1,1,439,groceries
1338.048782230867,8011,8,5,1,2,1248,healthcare
234.03644534067917,8011,8,3,1,3,806,healthcare
1088.9457715883732,8011,8,5,2,1,192,healthcare
718.1930723683688,5311,13,3,1,2,89,shopping
2859.252930016555,8299,15,6,1,3,1654,education
609.2987872108257,8011,8,1,2,1,1425,healthcare
420.68258293013344,5311,18,2,1,2,981,shopping
2706.7995908954304,8299,11,0,1,1,1171,education
77.97002872704512,4121,14,4,0,1,172,transport
230.07311204853104,5311,17,3,1,3,413,shopping
476.1411283890607,8011,11,0,1,2,1501,healthcare
1611.0677689427855,8011,13,4,1,1,375,healthcare
370.5357979072429,4900,16,2,1,1,594,utilities
697.2721776449661,8011,9,5,1,2,598,healthcare
932.7916979855755,4900,6,6,1,0,1563,utilities
313.04325039182163,8299,12,3,1,3,1414,education
241.3602521920064,7832,20,0,1,1,1377,entertainment
187.55540953153817,7832,20,0,2,2,1480,entertainment
124.578915376263,5311,18,3,1,2,1045,shopping
89.1721593768946,4121,6,5,1,2,1239,transport
432.2758802979784,5411,11,4,1,1,616,groceries
1967.0451104485082,8011,13,2,0,1,342,healthcare
162.13764159003227,5812,19,5,1,1,230,dining
151.39891461907845,4121,17,0,1,1,1123,transport
971.0419071745677,4900,14,3,1,1,451,utilities
235.2380149819892,5411,13,1,1,1,1126,groceries
561.6694189479618,5311,19,3,1,2,1530,shopping
413.3933592580882,5311,11,2,1,1,815,shopping
101.7260218997651,7832,19,5,1,3,514,entertainment
280.65339867672316,7832,20,2,0,1,621,entertainment
933.7566368922701,4900,11,3,1,1,66,utilities
764.4363814349057,5311,19,3,2,1,291,shopping
3092.021873800315,8299,9,5,2,2,1709,education
257.9179422798866,5812,18,1,2,1,1039,dining
178.01602021380458,7832,21,6,1,1,600,entertainment
222.28097266778767,5411,10,3,2,2,1278,groceries
150.03311713243897,4121,9,6,1,1,169,transport
964.747410119935,4900,12,1,1,2,698,utilities
140.8557331334727,5812,11,6,1,3,690,dining
128.2841483346986,7832,18,2,1,1,375,entertainment
3356.995871004391,8299,15,5,1,3,1428,education
308.049089289384,5411,14,6,2,2,1411,groceries
348.58967827636815,5411,11,3,2,3,509,groceries
189.08753930978494,5812,14,5,1,3,868,dining
60.00498620933898,7832,22,3,1,1,1171,entertainment
118.70594677653378,7832,18,3,1,2,1675,entertainment
156.12602441921646,4121,7,3,2,3,202,transport
204.81643269524668,5411,13,2,2,2,681,groceries
145.9106049771729,5812,16,5,1,1,528,dining
1668.6108982939404,8011,14,3,0,1,362,healthcare
217.32413180709247,5311,18,6,1,0,655,shopping
361.1107364285435,4900,13,1,1,1,1667,utilities
99.8504290601131,5812,15,2,1,3,1642,dining
951.693227548902,4900,16,4,2,0,641,utilities
208.78788232605422,8299,14,3,2,1,217,education
349.2800093847859,5411,15,2,1,1,1820,groceries
931.032073136811,4900,7,6,1,1,1561,utilities
754.3752578243575,5311,15,4,0,2,1143,shopping
908.6425251654772,4900,11,6,1,2,1655,utilities
3487.7636539736013,8299,13,6,0,1,289,education
810.1206706284703,8011,9,4,1,2,1691,healthcare
382.1077881330761,5411,16,4,1,3,770,groceries
502.69507750919973,5311,12,3,2,2,1338,shopping
174.96831410965262,5411,13,3,1,0,82,groceries
147.13439164725304,7832,20,3,1,1,103,entertainment
136.18290262064647,7832,18,2,1,1,886,entertainment
623.903958901149,4900,12,5,1,1,648,utilities
106.09498052837135,4121,18,3,1,2,550,transport
288.72234243066475,4900,18,3,1,3,985,utilities
266.36847636281686,7832,20,0,1,3,408,entertainment
40.88674827801111,4121,11,3,0,1,1221,transport
470.9093386605611,5411,16,1,1,1,1045,groceries
1058.1379355551433,8011,15,6,1,1,950,healthcare
317.23390191253515,4900,14,4,1,1,1666,utilities
1473.8876529200247,8299,15,2,1,3,90,education
115.32496364527054,5812,20,6,1,2,1487,dining
228.04827210839125,5411,16,3,1,2,588,groceries
102.64346095033304,4900,9,2,1,3,1022,utilities
499.16952381883203,8011,14,5,1,1,1817,healthcare
1163.2602742638974,8299,8,2,1,2,274,education
761.7489758876111,8299,10,2,1,3,107,education
357.01752995401773,5311,17,4,0,1,138,shopping
306.8953127927317,4900,8,0,1,1,1010,utilities
142.62275598759024,4121,18,1,1,2,1063,transport
490.2941325778829,4900,6,6,1,1,57,utilities
314.04655522873657,5411,13,1,0,3,1427,groceries
191.48375983475088,4121,8,1,1,2,1738,transport
283.1664606698354,5311,12,3,1,1,1628,shopping
72.47571648062342,4121,11,2,2,3,64,transport
71.34266833303647,7832,19,4,1,1,910,entertainment
77.06984847687889,4121,18,4,1,1,645,transport
75.63058595959558,4121,6,4,1,0,1212,transport
3394.445605735208,8299,15,6,1,1,1344,education
757.0797997797505,4900,9,5,1,0,789,utilities
141.08565237004876,4121,10,3,1,3,1227,transport
128.27400618043154,4121,12,0,1,3,682,transport
3127.0562901633302,8299,12,5,2,1,1779,education
281.82456103259943,5812,16,4,2,1,37,dining
820.0877995425924,4900,12,1,1,1,1317,utilities
142.79047441219814,5812,12,1,1,1,579,dining
175.65463137136533,5812,15,6,1,1,1779,dining
640.3250781052734,4900,19,4,1,3,607,utilities
62.64567377428255,4121,10,2,1,1,1158,transport
3998.437146471395,8299,11,2,1,3,1363,education
275.589216171683,5311,10,2,1,0,1200,shopping
169.10945659923522,5812,13,2,1,2,1300,dining
76.76073681747525,5812,18,4,1,1,501,dining
340.8600994470648,4900,13,0,1,3,612,utilities
1430.9576219327475,8011,8,2,1,3,162,healthcare
186.13051478873493,5411,10,0,1,3,1733,groceries
2600.442485795588,8299,11,5,1,1,337,education
4245.014304538516,8299,13,2,1,3,414,education
283.41392888317165,5411,8,1,1,1,642,groceries
291.1803654685326,7832,22,5,1,1,1221,entertainment
1537.2500315187958,8011,13,3,1,3,764,healthcare
308.2320888764102,5411,16,6,1,2,529,groceries
94.95329714078255,7832,22,0,1,3,386,entertainment
950.1733141932774,4900,9,4,1,2,1064,utilities
378.7732641215557,8011,16,6,1,3,124,healthcare
188.1048840738398,4900,17,6,1,0,142,utilities
33.219745975299304,4121,10,3,0,2,481,transport
145.96832813702414,7832,19,3,0,2,1356,entertainment
1900.435927675517,8011,10,5,1,1,1213,healthcare
434.190764289075,8011,12,3,1,2,177,healthcare
192.34369702441958,5411,11,4,1,1,694,groceries
639.2267811685075,4900,17,6,1,3,846,utilities
133.61536325107582,4121,17,3,1,3,1052,transport
780.4806567501377,8011,15,6,1,1,656,healthcare
254.56950184774075,7832,20,0,1,3,1260,entertainment
242.11088620926498,5812,14,0,0,2,747,dining
134.66569758376716,5812,15,1,2,0,1498,dining
185.39191520949404,7832,19,6,1,2,1264,entertainment
154.4618513364871,4121,6,3,1,1,384,transport
274.6975427737816,7832,20,1,1,1,357,entertainment
302.5988651975079,5411,15,2,1,3,192,groceries
725.172251825651,8011,16,1,1,0,990,healthcare
189.2905601143398,4121,17,1,1,2,1774,transport
433.31046249733464,5411,13,0,1,2,1279,groceries
687.0336740390452,4900,11,1,1,0,1768,utilities
32.30846276736975,5812,16,4,1,1,1408,dining
898.0607720119091,5311,15,0,1,3,794,shopping
595.7149224718196,5311,19,1,1,2,1486,shopping
1173.037073844773,8299,14,0,1,1,1215,education
196.40888838038774,5812,14,6,2,1,147,dining
267.3939889999064,5812,13,5,1,1,788,dining
39.43171095360841,5812,14,3,1,2,1235,dining
1745.6002298027133,8011,11,5,1,2,946,healthcare
626.9301159282871,4900,12,2,1,1,608,utilities
248.88612608430319,5411,10,3,1,2,857,groceries
946.7806670649543,4900,10,0,1,0,329,utilities
227.55234189516767,5311,11,0,1,2,824,shopping
224.71801928667162,7832,18,1,1,3,1250,entertainment
682.0017651775196,4900,13,3,1,1,601,utilities
441.0722968749,5311,10,0,1,2,336,shopping
579.2929660230053,8011,13,5,1,1,1158,healthcare
97.12237685489258,4121,17,3,1,1,1101,transport
1683.7036197060274,8011,13,5,1,1,1772,healthcare
87.63034652487602,5411,13,6,1,3,544,groceries
242.0984308697769,7832,18,2,1,3,332,entertainment
940.5879181862701,4900,9,4,1,1,148,utilities
535.1695335786322,5311,13,6,1,1,1748,shopping
363.2092301231883,5411,16,6,1,0,542,groceries
169.3071131957969,5311,15,2,1,2,1819,shopping
103.95031204811941,4121,11,6,1,1,1006,transport
600.9702493946137,4900,19,6,1,2,903,utilities
278.7471862066477,7832,19,1,1,3,645,entertainment
345.89972913857656,5411,16,0,2,1,830,groceries
167.5615538727592,5812,16,2,1,2,510,dining
2411.25564473377,8299,14,0,0,1,1779,education
175.81679814151795,4121,13,6,1,2,379,transport
146.1784239535061,5411,9,6,1,2,1763,groceries
987.7787951212334,4900,7,2,2,0,43,utilities
533.9678148328362,5311,14,0,1,1,505,shopping
560.3918553618886,4900,9,0,1,1,1362,utilities
3863.386809548807,8299,13,0,0,1,123,education
146.98024930078182,5411,13,3,1,3,1153,groceries
140.8248498472935,4900,17,2,2,1,1394,utilities
25.053244870542933,4121,16,1,1,3,688,transport
3092.316477535742,8299,10,3,1,2,1321,education
256.8497619197985,5812,17,5,2,3,277,dining
259.43459112897244,5411,15,0,1,3,1215,groceries
4034.6187849757403,8299,9,3,2,3,1241,education
570.6144340373666,5311,11,2,1,2,187,shopping
1353.730463157355,8011,9,5,1,2,1218,healthcare
887.6607017888193,4900,11,5,1,3,146,utilities
195.9992991833606,4121,17,6,1,0,859,transport
865.1370763990723,4900,15,4,1,1,858,utilities
211.91268211873887,5812,18,0,0,1,1639,dining
203.44598237470348,5411,15,6,1,1,1812,groceries
193.25642919321794,5311,10,6,1,1,1330,shopping
84.6452041038038,5411,9,5,0,0,1256,groceries
41.28644963348784,4121,18,4,1,0,461,transport
88.56947965552024,5812,16,0,1,1,816,dining
1168.4162344800466,8299,12,4,1,2,845,education
428.5615166923814,5411,15,1,1,3,1314,groceries
262.7589144540432,5812,13,5,1,1,1666,dining
210.73157155580867,7832,20,3,1,0,169,entertainment
283.72989789215916,7832,18,0,2,2,883,entertainment
899.9519805660983,5311,14,0,1,1,905,shopping
222.87271283024924,7832,19,2,1,1,784,entertainment
199.45960158651195,4121,11,5,1,2,388,transport
856.9215401734762,4900,12,3,1,1,898,utilities
680.1029273553867,5311,14,5,0,1,697,shopping
182.37462079151584,5812,17,2,1,2,1264,dining
875.7348883207144,5311,10,1,1,2,643,shopping
925.9730838214264,5311,12,2,1,3,448,shopping
200.8967268755989,7832,20,6,1,2,1547,entertainment
73.02200673944864,4121,12,0,1,0,1659,transport
59.29670797060371,5812,14,0,1,1,1472,dining
252.60457918034427,5812,12,6,0,0,1635,dining
493.6094585564394,5411,13,1,1,3,243,groceries
624.9778400677245,8011,15,6,1,1,1624,healthcare
91.80401088162748,4121,6,5,2,1,105,transport
254.2558617337455,7832,21,6,1,3,1042,entertainment
151.98000504381253,7832,19,6,0,2,548,entertainment
49.12912242708092,5812,18,2,1,1,781,dining
1750.0032772221791,8011,13,4,1,2,819,healthcare
207.8786742115148,4900,17,0,1,2,844,utilities
3542.3442582768503,8299,11,6,1,2,1379,education
408.9003043467329,4900,12,0,0,1,1242,utilities
198.65313641518603,5411,17,1,2,1,1801,groceries
584.4448422471695,5311,15,3,1,2,906,shopping
462.6078421936448,5411,12,2,1,1,756,groceries
172.43293693074148,4121,7,0,1,1,926,transport
44.153456671650616,4121,7,5,1,1,926,transport
126.86692670685494,5812,15,3,1,2,656,dining
25.429179964425515,4121,9,6,1,2,1235,transport
82.62319732874285,4121,17,0,2,1,352,transport
264.54156424416914,5411,13,3,1,1,704,groceries
254.8094321754313,7832,19,4,1,2,1138,entertainment
302.4161231838509,5411,17,4,1,1,1566,groceries
242.95661445361316,5812,20,6,1,3,1557,dining
454.1443142159353,4900,13,2,0,1,489,utilities
487.99636946660223,5411,11,0,1,2,290,groceries
566.1047509513568,8011,13,6,1,1,1529,healthcare
70.10451827533815,4121,6,3,1,2,113,transport
71.30845003851292,5812,17,2,1,3,308,dining
784.9059876116781,8299,11,1,1,1,1428,education
176.73947051210223,5812,12,5,1,2,471,dining
4133.3879048208755,8299,11,1,0,3,9,education
3944.9403787465653,8299,8,1,2,3,1150,education
777.2203285857097,4900,13,6,1,1,256,utilities
1725.6060481482637,8299,13,5,1,0,611,education
90.47326127601784,4121,16,3,0,2,1797,transport
297.61738067058536,5812,20,1,1,3,647,dining
50.26761822663868,5411,9,1,1,1,239,groceries
259.4339255017428,7832,18,2,1,1,618,entertainment
474.1942624712609,5311,18,1,1,1,1020,shopping
1751.9972562846767,8011,15,6,1,1,857,healthcare
573.0089236718185,8011,8,1,0,1,977,healthcare
63.603418305267134,5812,20,1,1,2,450,dining
363.62364182584446,5411,10,6,1,3,970,groceries
135.56593429314876,5812,12,3,0,3,1813,dining
605.996661800848,4900,12,3,1,3,200,utilities
184.75911906175446,8011,11,5,1,3,1437,healthcare
134.5036997285553,7832,21,2,1,1,756,entertainment
260.3958189344558,7832,18,3,1,1,839,entertainment
831.2137859081603,5311,19,0,1,2,276,shopping
850.9586759656885,4900,18,6,1,1,186,utilities
552.6352627171069,5311,16,5,1,2,275,shopping
250.28520906565564,7832,21,4,1,0,585,entertainment
3687.3049119122115,8299,11,1,1,0,360,education
58.50624589497328,5812,12,6,1,1,591,dining
192.5197030942225,4121,14,3,1,1,823,transport
208.92114577911124,5411,8,4,1,3,441,groceries
1032.8341685839198,8011,8,3,0,2,1139,healthcare
1728.0071085058732,8011,11,2,1,3,1023,healthcare
907.8086150968486,4900,19,0,1,2,1502,utilities
1903.8117666333071,8011,16,6,2,2,320,healthcare
1057.0352162085771,8299,9,6,1,1,403,education
63.371578893241484,4121,10,4,1,1,324,transport
900.2618138988656,4900,7,2,2,1,1411,utilities
219.0851675531248,7832,21,0,0,1,1366,entertainment
197.8041828837054,5411,12,1,1,0,1508,groceries
73.74023292463865,5812,13,4,1,2,1657,dining
88.14920226258792,7832,22,3,1,2,808,entertainment
479.81977667062466,5411,10,3,1,2,1133,groceries
114.15235159074889,7832,20,3,1,3,989,entertainment
906.9974790567743,8011,13,4,0,0,31,healthcare
292.6199902330147,7832,21,6,1,2,1445,entertainment
299.69895724990073,5812,20,3,1,1,1004,dining
140.33266244823145,4121,7,3,1,2,1422,transport
2824.7481920143473,8299,8,2,1,1,88,education
956.7511593400316,4900,13,2,1,2,153,utilities
187.69824709828305,5311,13,3,1,2,1814,shopping
40.722772275703306,4121,10,6,0,1,1128,transport
745.4043257169467,4900,16,1,2,2,1665,utilities
156.7788292259,7832,18,2,1,1,1011,entertainment
350.7410939915249,5411,8,2,1,3,97,groceries
1153.9199967149802,8011,8,6,1,2,76,healthcare
197.77664170192773,7832,19,4,0,0,556,entertainment
131.07913450473825,4121,10,0,2,2,1308,transport
810.5997284250399,5311,10,1,1,2,519,shopping
4330.926138366867,8299,8,1,0,1,1467,education
62.1755281040847,4121,12,2,1,1,416,transport
184.0650636095361,4121,17,4,1,3,1616,transport
100.24780378626458,7832,21,1,1,2,1204,entertainment
88.56978036828214,4121,16,5,1,2,157,transport
170.90316582410728,7832,21,1,1,3,760,entertainment
222.62669289392213,7832,19,0,1,2,321,entertainment
1707.9553463618067,8011,8,0,0,2,1720,healthcare
857.2261634895068,5311,17,6,1,0,1419,shopping
235.73093209785313,7832,19,1,1,1,1042,entertainment
694.8955806069165,4900,12,3,2,2,1329,utilities
254.02843845408168,8299,12,6,1,3,303,education
281.7970096168744,7832,18,5,1,3,1757,entertainment
196.87647920553968,7832,18,2,1,2,463,entertainment
293.8408752509705,4900,17,5,1,2,569,utilities
386.6420004925133,5411,16,6,1,1,856,groceries
1074.1215755429366,8011,12,6,2,1,1603,healthcare
931.0103573171691,4900,7,6,2,2,1263,utilities
133.9044014506899,5411,11,3,2,2,408,groceries
89.11839761911202,5812,16,5,1,2,1492,dining
439.78979381550727,5311,16,1,1,3,192,shopping
734.4744049182005,5311,17,4,1,3,1337,shopping
952.0462959094351,8011,11,4,1,3,756,healthcare
213.1169826631473,4900,10,3,0,1,466,utilities
149.9104954890933,7832,21,5,1,2,995,entertainment
85.0178417807321,4121,8,5,1,2,1,transport
236.3677795368765,7832,22,3,1,2,1513,entertainment
126.26708261056893,4121,14,6,1,2,1530,transport
2280.9941110552,8299,11,2,1,0,837,education
233.0044166230471,5812,12,2,1,1,1206,dining
671.1960395445805,5311,14,3,1,2,208,shopping
262.49945892428167,4900,18,6,1,2,1367,utilities
136.7918260485007,7832,20,0,1,0,44,entertainment
285.24519982599105,5812,13,5,1,3,1098,dining
732.5559441072777,4900,8,4,1,1,70,utilities
1922.3409864297296,8011,12,0,1,1,1150,healthcare
725.7697357215542,5311,17,5,1,0,515,shopping
1815.722133058956,8011,12,3,1,2,326,healthcare
260.80523442470997,5812,14,4,1,2,449,dining
111.26252296715816,5812,17,0,1,2,1406,dining
559.2614145123945,8011,12,4,1,2,354,healthcare
1156.8838341603935,8011,11,6,1,1,1255,healthcare
448.45522426599393,5311,11,4,1,1,257,shopping
95.56244219121972,7832,20,3,1,0,552,entertainment
154.88293623024683,4121,6,4,1,2,956,transport
92.09677049236498,4121,10,1,1,1,1719,transport
698.9364073408562,5311,16,6,1,3,643,shopping
105.15743632846328,5812,15,1,2,0,1640,dining
424.10107111064684,4900,14,1,1,2,1664,utilities
189.3501222711018,5812,16,3,1,1,1208,dining
917.9145671231457,5311,12,5,1,1,1767,shopping
107.59637302641202,5812,17,5,1,3,1518,dining
656.0189706770885,4900,9,1,2,1,1506,utilities
97.70864683295167,7832,19,1,2,1,325,entertainment
802.2734690147813,4900,8,0,1,1,69,utilities
275.39701869056904,7832,22,2,1,0,1243,entertainment
636.6735082313593,5311,19,1,0,2,1092,shopping
637.8645281328126,8299,9,2,0,3,420,education
102.36866863671132,5812,18,2,2,2,1269,dining
199.1392647536887,4121,9,3,1,3,851,transport
344.759329232694,4900,11,2,1,2,229,utilities
1790.7336131644847,8011,15,2,1,3,902,healthcare
1262.5593319481043,8011,13,1,1,1,81,healthcare
842.8602793975482,5311,16,2,1,1,591,shopping
141.7531412533077,5812,14,0,1,3,524,dining
188.39050621581563,4121,7,2,1,1,721,transport
38.4410992653026,5812,13,4,1,2,1445,dining
161.59096861760594,4900,9,1,1,1,1791,utilities
565.1239178391265,5311,18,2,1,2,832,shopping
167.62850082915833,5812,20,1,1,2,1103,dining
556.64809147473,5311,11,2,1,2,1207,shopping
505.78324899030065,4900,13,1,1,2,321,utilities
265.85381940221555,8011,16,1,1,0,549,healthcare
3295.398141535407,8299,9,4,1,0,250,education
349.95378981616545,5311,11,6,2,0,1057,shopping
253.0855211479775,8299,10,2,1,1,512,education
87.62622355415394,5411,16,4,1,1,1226,groceries
38.85803528899614,5812,13,1,0,0,1094,dining
440.3272994242632,5411,13,6,1,1,754,groceries
2449.396943992888,8299,12,5,1,3,169,education
2194.4265570614343,8299,10,2,1,2,36,education
1077.7187037037504,8299,11,3,1,1,1636,education
1296.8299317356564,8011,14,0,1,3,1219,healthcare
180.38672249675776,4121,15,0,0,3,855,transport
541.9105459557626,8011,16,1,1,1,362,healthcare
3361.19426064203,8299,8,3,1,1,163,education
142.2808597211981,5812,14,2,1,2,1266,dining
294.71731472289844,5411,8,6,2,3,832,groceries
204.14068359340024,5812,19,6,1,2,206,dining
2774.1303666709696,8299,10,3,1,3,1691,education
118.09782375893272,4900,7,1,1,1,1003,utilities
113.52274470399456,4121,7,5,1,1,376,transport
170.93770103205873,5311,17,6,1,1,1491,shopping
149.27008581042074,5311,11,6,1,1,971,shopping
1424.588433348334,8011,15,6,1,2,1474,healthcare
1708.0020455939011,8011,16,2,0,0,157,healthcare
283.52378239013944,5812,18,4,0,0,234,dining
277.44399662600307,5812,15,2,1,2,1733,dining
267.97744120385465,7832,22,6,1,1,1401,entertainment
106.48457409534116,7832,19,3,1,1,617,entertainment
244.1054963681791,5411,16,1,1,1,1753,groceries
1152.5932176069718,8011,10,2,1,2,910,healthcare
188.07927607410107,4900,18,0,1,3,932,utilities
124.9420309050744,5411,12,3,0,0,7,groceries
1951.0415001126619,8299,13,1,1,2,1561,education
518.2441594679013,8011,12,0,0,2,1424,healthcare
4166.446917489409,8299,14,4,1,3,1556,education
404.29510434278393,4900,16,1,1,0,477,utilities
286.0388446624804,7832,19,2,1,1,483,entertainment
125.67337624992487,4121,16,5,0,1,767,transport
259.76534401809545,7832,21,3,1,2,978,entertainment
41.352871825753105,4121,13,2,0,3,115,transport
1661.4242456221625,8011,15,2,0,2,399,healthcare
702.3951760621969,8011,8,3,2,1,302,healthcare
246.83021753083645,5311,17,3,0,1,442,shopping
154.7501753052093,4121,18,2,1,1,1493,transport
4156.959389247306,8299,10,2,0,0,49,education
129.345121537681,5812,12,4,1,2,503,dining
131.87601617868282,7832,22,6,1,3,507,entertainment
93.36530325316981,7832,18,6,2,3,1090,entertainment
139.9906646051951,5411,11,2,1,3,723,groceries
1400.592789415643,8299,14,2,0,2,967,education
254.36113913052333,5812,16,3,2,2,1299,dining
995.9109154648202,5311,17,6,1,2,1803,shopping
231.55586371870254,7832,21,0,1,1,981,entertainment
82.74075797124549,5812,11,0,1,3,1250,dining
601.4267910185894,4900,16,2,1,0,98,utilities
232.55036489830204,5812,14,5,1,2,1461,dining
709.2522983209793,8299,10,4,1,2,515,education
476.94996273189724,5411,12,2,1,0,1062,groceries
80.20097329734004,4121,14,0,1,0,776,transport
355.55097754148204,4900,11,6,1,2,1628,utilities
96.84069635936365,4121,14,0,1,2,1423,transport
451.1003338493093,5311,19,5,1,2,210,shopping
197.36219892835095,4121,11,3,1,1,1088,transport
91.16055116439502,5812,19,5,1,0,698,dining
342.06786310860764,8299,15,1,2,2,616,education
248.76334674406692,5812,17,4,1,1,1591,dining
44.30453889816834,4121,18,6,1,1,43,transport
1269.1276415675397,8011,13,1,1,2,837,healthcare
58.08931414527996,4121,11,3,1,1,41,transport
345.2711919439835,8011,15,6,1,1,1280,healthcare
206.38301575457785,5812,18,5,1,3,918,dining
185.5162591223666,4121,12,3,1,2,442,transport
426.9326087911649,4900,8,5,1,1,622,utilities
132.39013027113506,8011,15,5,1,1,1824,healthcare
2988.035025300934,8299,8,1,1,2,1169,education
133.84501863359546,4900,17,0,1,2,755,utilities
705.5608386577359,4900,6,4,0,1,724,utilities
435.73093888701976,5411,16,6,1,2,1676,groceries
733.9554589713389,5311,12,1,1,1,502,shopping
4928.093529865235,8299,13,4,1,3,563,education
35.49935499643033,4121,18,0,1,1,1594,transport
356.5658755217934,5411,13,0,1,1,814,groceries
4189.221258852058,8299,11,5,1,2,532,education
373.03235841728923,5411,16,0,1,2,426,groceries
263.3652831442636,5411,11,0,1,2,1004,groceries
551.6480155980689,5311,14,6,1,1,1553,shopping
50.52119324937433,7832,20,1,1,2,1619,entertainment
777.0992151125809,8011,9,0,2,3,944,healthcare
590.8319571278143,5311,10,2,1,2,1099,shopping
222.93656610733956,5812,19,2,1,3,1059,dining
939.8726996062297,5311,14,2,0,1,75,shopping
186.70223626509156,4121,11,0,1,0,1601,transport
539.9007170573691,4900,11,5,1,1,64,utilities
94.19844826563771,4121,15,0,1,1,1339,transport
91.91002640876337,4121,12,5,1,1,371,transport
120.64504146982372,4121,11,4,0,1,476,transport
269.5778888799951,5812,18,6,1,0,489,dining
212.80119478644176,4900,16,2,1,2,1307,utilities
261.96699775021546,5411,11,2,2,0,9,groceries
1625.1742741324113,8011,13,2,2,2,879,healthcare
117.92993294034328,5812,19,5,2,1,370,dining
343.31589047149333,5411,17,6,0,1,423,groceries
909.2119830610685,5311,12,2,1,2,444,shopping
293.6826619900576,5311,13,4,1,1,1770,shopping
194.39714617256726,5812,16,5,1,2,790,dining
272.7368562781053,8011,14,4,1,3,263,healthcare
354.45207626944625,8011,12,6,1,3,668,healthcare
235.2974512390264,7832,22,6,1,2,306,entertainment
557.1288684864614,4900,6,4,1,1,1329,utilities
658.8978115843206,8011,16,5,1,3,366,healthcare
998.7384820644769,5311,13,6,1,2,166,shopping
232.56423362684103,5812,13,1,2,1,379,dining
224.10747370865028,5812,16,3,1,1,1795,dining
572.7658096670699,8011,11,1,1,1,1651,healthcare
227.42136258261445,4900,19,2,1,0,470,utilities
212.7353898507917,5411,12,0,2,1,1507,groceries
211.55927402370554,5812,14,2,1,1,1533,dining
158.37212935171516,5812,16,4,1,2,1220,dining
799.8601081300963,4900,8,6,1,3,529,utilities
222.48835613958542,5311,13,6,1,1,934,shopping
139.45604473210068,8011,11,2,1,1,1669,healthcare
557.5325656371813,4900,6,0,1,2,993,utilities
370.59630029502927,5311,17,1,1,3,893,shopping
601.1883083168434,4900,10,2,1,0,933,utilities
679.6299400337487,8011,14,0,1,1,858,healthcare
345.41948029145635,5411,10,1,1,3,801,groceries
96.60338662835673,7832,21,6,1,3,1655,entertainment
414.9705277458898,8011,15,1,2,1,636,healthcare
112.70036696515321,4121,6,6,1,0,145,transport
564.4954775340854,4900,11,4,0,2,1762,utilities
771.6839318832195,8011,15,6,1,1,361,healthcare
197.21853530983762,5311,15,3,1,2,500,shopping
771.8061723400743,4900,18,2,1,1,1432,utilities
133.1671612224039,5311,10,0,1,1,1134,shopping
189.64932012608918,5411,17,3,2,1,1165,groceries
332.64167524395583,4900,7,5,1,3,277,utilities
106.90828240345441,7832,18,5,1,2,947,entertainment
757.7550835409626,5311,14,6,1,1,317,shopping
157.48896071584772,5812,15,2,1,1,1738,dining
183.5395256201983,5812,17,3,1,2,1433,dining
172.5586225060958,4900,6,3,0,1,338,utilities
125.10805270084842,4121,6,5,1,1,625,transport
56.07379685079526,7832,19,4,1,3,158,entertainment
265.5888243784256,5411,13,5,0,2,1450,groceries
245.0496846278469,5411,11,4,2,3,545,groceries
143.42809841422618,4121,14,3,1,1,87,transport
74.56402429131641,5812,18,4,1,2,567,dining
545.6997385748136,4900,12,2,1,1,1613,utilities
299.33801202455015,5411,8,6,1,1,220,groceries
238.23246380415625,5411,14,6,1,1,1703,groceries
54.91876689451437,4121,15,2,1,1,169,transport
124.58832589256532,5411,11,3,1,3,1115,groceries
753.7945478873993,5311,12,6,1,1,315,shopping
125.68466044972146,7832,22,3,1,3,1538,entertainment
762.2235772448073,8299,14,1,1,1,705,education
69.7105176863071,7832,21,3,1,2,141,entertainment
790.9136931928571,4900,9,2,2,1,1616,utilities
166.62372249653296,7832,22,3,0,1,1126,entertainment
384.6109325750988,5311,18,1,1,1,436,shopping
3825.6527833457,8299,15,1,1,3,697,education
67.41168191758227,5812,11,2,2,1,1809,dining
100.56098033130618,7832,19,0,1,1,917,entertainment
130.0938381152317,5411,14,6,1,2,441,groceries
184.6986791520988,4121,15,5,1,3,732,transport
130.20762904372376,4900,8,0,1,3,289,utilities
115.48711095207138,4900,16,3,1,1,1424,utilities
262.12608995733,7832,18,2,1,3,31,entertainment
507.65189960044745,4900,9,3,1,2,1117,utilities
314.10762570805224,5411,14,1,1,2,1449,groceries
285.88245202691144,7832,19,6,1,2,516,entertainment
247.52738725096467,5411,16,1,1,2,1107,groceries
325.36619161713014,4900,15,2,2,1,802,utilities
592.2091039099155,4900,13,4,1,1,1208,utilities
181.07330248200577,5812,16,3,2,1,1359,dining
985.5993638183021,4900,7,3,1,2,586,utilities
214.2902530013138,5411,12,0,1,1,3,groceries
864.6730692756242,4900,13,0,1,1,1678,utilities
973.8127951756926,5311,12,0,0,3,882,shopping
1057.341914317587,8299,13,3,0,1,688,education
49.225557908504086,4121,16,2,1,2,647,transport
257.48768677248984,4900,7,5,1,1,712,utilities
56.599759686239636,4121,17,0,2,3,1003,transport
158.62834856431186,5411,17,6,2,2,255,groceries
3793.4909895703354,8299,11,3,1,2,44,education
277.8182946334476,7832,18,3,1,3,332,entertainment
58.16730572606192,7832,21,4,1,2,254,entertainment
4860.274957232044,8299,11,4,1,1,609,education
72.95189114177661,5311,16,5,1,1,1517,shopping
155.52581536246336,7832,20,6,1,3,52,entertainment
841.3947026234808,4900,12,1,1,1,1432,utilities
547.9645114633649,4900,11,3,1,2,1522,utilities
51.29799598519861,5812,14,3,1,2,643,dining
61.308402850582866,4121,17,1,1,2,345,transport
417.10655585506885,4900,17,2,1,2,1300,utilities
1087.7690413604078,8299,9,6,1,1,1280,education
44.97008811089463,5812,14,5,1,1,773,dining
296.779917563812,5812,20,0,1,3,1339,dining
4891.488673314577,8299,8,4,0,1,1471,education
468.41796191171136,8299,9,5,0,3,1175,education
485.61702134063603,4900,18,0,1,1,1089,utilities
306.64259964264846,4900,18,3,1,1,213,utilities
185.59771048707552,5812,12,3,2,1,842,dining
223.57402916168334,5812,18,3,1,3,1801,dining
243.18440964873713,7832,22,0,1,2,993,entertainment
103.2216236574793,4121,6,3,1,1,511,transport
338.4583420673444,8011,15,0,0,0,1490,healthcare
2513.5860838881035,8299,11,5,1,0,1737,education
259.058938598022,8299,14,5,2,2,351,education
205.9642620716967,5812,18,2,1,1,1658,dining
214.55460265864676,5812,15,4,1,2,1147,dining
480.47015275021704,5311,19,4,1,1,1654,shopping
144.03632424590015,4900,17,5,0,0,837,utilities
1938.4709514250817,8299,14,0,1,1,823,education
272.246033673866,8011,16,6,2,3,481,healthcare
289.2199801369068,4900,13,3,1,2,1235,utilities
143.2169699224382,4121,9,5,1,2,1489,transport
261.06416783734113,5311,12,2,0,3,1715,shopping
116.71764441125137,4900,14,5,1,2,1326,utilities
250.1900473852989,4900,6,4,1,2,1695,utilities
253.36847450917438,7832,20,2,2,2,1773,entertainment
122.03145736872985,7832,19,4,2,3,779,entertainment
784.7188728721244,8011,10,2,1,2,1665,healthcare
736.7011977981526,8011,16,2,1,1,274,healthcare
272.65898973738297,5311,10,5,1,1,607,shopping
3117.996113425907,8299,15,1,0,2,1364,education
180.8683973505227,5812,16,6,1,2,31,dining
352.5921631267633,5411,10,1,0,1,815,groceries
88.19818405964035,5812,17,5,1,2,918,dining
226.01425237714122,5812,11,6,1,1,514,dining
271.7829328137536,5311,18,6,1,1,396,shopping
1019.7462598080982,8299,10,5,2,1,1648,education
884.6710600438479,8011,15,2,1,1,1368,healthcare
1387.8855413817137,8011,10,6,1,3,750,healthcare
183.45364057619096,5311,12,6,1,2,412,shopping
860.1058345842284,5311,12,6,1,2,1059,shopping
301.24648411171995,8011,15,0,2,1,1072,healthcare
182.0918254094461,7832,21,3,1,2,148,entertainment
47.89194947231639,5812,20,6,1,1,226,dining
128.70446560077357,4121,8,6,1,3,785,transport
177.26283015777477,5812,11,2,1,1,820,dining
201.3473690178751,5812,16,1,1,2,272,dining
351.1140507628987,4900,10,6,1,2,199,utilities
532.7268107054451,5311,13,3,1,1,526,shopping
192.88783763740548,4121,18,1,1,1,1006,transport
646.8727873934224,4900,19,5,1,1,1640,utilities
371.7713666512549,5411,11,1,2,1,915,groceries
227.79967093812581,7832,18,5,1,1,431,entertainment
77.96384416884965,7832,21,2,1,1,1550,entertainment
877.030740086335,5311,15,4,1,1,1014,shopping
79.32557061498817,4121,16,0,1,3,916,transport
762.7664009521926,8011,12,3,1,3,859,healthcare
887.4791291803518,4900,16,0,2,3,330,utilities
383.67563584001414,5411,16,0,1,1,1578,groceries
530.3813573246451,4900,7,3,1,3,393,utilities
30.980423513640286,4121,7,2,1,1,425,transport
445.07897533548254,4900,7,0,1,1,1198,utilities
84.84051724535713,7832,20,1,1,1,822,entertainment
1083.693560067884,8011,16,2,1,2,1140,healthcare
1681.9457656500465,8299,15,0,1,1,555,education
730.8242281990966,4900,8,4,1,1,55,utilities
203.41711994818786,5411,11,3,0,0,1259,groceries
624.7761451893996,8011,14,2,1,2,1399,healthcare
351.0844100039927,5311,14,4,1,1,1564,shopping
228.92492592977757,5812,15,6,1,3,941,dining
228.23523819633826,5812,16,2,1,1,1799,dining
482.8396570492217,5411,10,4,1,1,1614,groceries
1433.145800785281,8011,10,0,1,3,1398,healthcare
221.39248866855226,7832,21,1,1,2,1685,entertainment
1467.5674280053358,8011,8,1,1,2,220,healthcare
923.846419881892,8299,12,5,0,1,1484,education
74.49210400253097,7832,21,1,1,2,1227,entertainment
47.33810951672178,5812,11,3,1,1,1077,dining
1076.831485175425,8299,9,1,2,2,483,education
64.53292907731104,5812,18,1,1,1,65,dining
205.39129487848174,7832,19,4,1,1,828,entertainment
364.24081202449327,5411,14,4,1,3,1449,groceries
54.066511076537495,7832,21,0,1,0,14,entertainment
34.91052724429207,5812,14,1,1,1,1357,dining
299.9093591756337,5812,12,0,0,3,1027,dining
1753.9155082575046,8299,11,5,1,1,3,education
257.17629703402537,5812,20,3,1,2,1365,dining
331.1734177557591,5411,16,5,0,3,314,groceries
105.04755867522174,4121,15,5,1,3,1182,transport
985.5916678050212,4900,16,0,1,1,1257,utilities
103.80012243646826,7832,22,2,1,0,571,entertainment
208.6048069206816,5411,15,5,1,1,727,groceries
143.26548778852444,5812,17,2,1,1,1819,dining
411.3832870091534,8011,16,3,2,2,1065,healthcare
904.3647679731952,4900,10,5,1,3,71,utilities
289.3249011577732,7832,20,6,1,2,1734,entertainment
547.4871735925536,8011,16,1,1,3,1034,healthcare
360.0612945649979,5411,12,2,1,1,716,groceries
1529.2561412013783,8011,13,3,0,0,289,healthcare
281.0536557454671,4900,12,4,0,1,621,utilities
165.89668395088626,8011,12,0,0,0,246,healthcare
168.05656376946342,5812,19,2,1,2,176,dining
527.1033051208585,5311,13,4,2,1,370,shopping
4637.792981591958,8299,12,3,1,2,372,education
155.50379282819358,5411,17,1,2,3,613,groceries
342.17399613700877,5411,11,4,1,1,168,groceries
89.9881196161159,5411,15,4,1,3,1527,groceries
1561.198959385032,8011,9,1,1,2,1799,healthcare
168.0993220697284,5411,15,3,1,0,1546,groceries
49.394084434472376,4121,13,0,1,1,807,transport
250.72248164284412,8011,10,0,1,1,129,healthcare
454.9940015420934,5411,13,3,1,3,1625,groceries
101.88989633848324,5411,17,3,1,1,1816,groceries
923.2007452353238,4900,18,3,2,1,1416,utilities
330.6082406818477,8011,10,1,1,1,955,healthcare
207.0650543293228,4900,14,0,1,2,1097,utilities
96.75891519143019,5812,14,3,0,2,940,dining
128.12813969539695,5411,10,6,1,2,1616,groceries
489.83337918319063,5411,17,5,1,1,1405,groceries
185.8836215694379,8011,8,1,1,1,867,healthcare
158.77764267378984,5812,14,3,1,2,1819,dining
982.7628437167647,8011,12,1,1,1,19,healthcare
290.52818696022103,7832,21,6,1,3,1634,entertainment
101.4585465687279,5812,17,3,1,3,1022,dining
65.28262283699469,7832,19,1,1,0,1538,entertainment
115.23335183595985,7832,19,4,1,0,907,entertainment
188.59094785851156,8011,8,1,1,1,886,healthcare
2369.9616396918564,8299,8,6,1,1,1376,education
110.5485862361378,5812,11,5,1,0,1748,dining
257.5755683148144,5411,12,1,1,3,121,groceries
236.75867886309823,5812,15,3,0,3,331,dining
251.93924259469247,5411,12,5,1,3,1384,groceries
114.02993652698996,5311,12,1,1,2,1746,shopping
354.68818889647304,5311,14,6,2,2,1558,shopping
658.0393257719828,8011,9,2,1,1,1026,healthcare
3317.123409644793,8299,13,6,1,2,1425,education
217.08549152627435,5411,9,1,2,1,324,groceries
281.13701929038393,7832,22,0,1,2,1479,entertainment
141.3057496947886,5812,20,3,1,3,432,dining
1242.9767457259366,8011,15,4,1,1,428,healthcare
171.5215271674812,4121,7,6,1,1,1353,transport
809.3151224420438,8299,8,1,1,1,931,education
410.5572247317313,5311,19,6,2,1,935,shopping
153.99519389052185,4900,9,5,1,3,74,utilities
20.81348340277478,4121,16,2,1,3,895,transport
583.1773659884876,5311,13,6,0,1,1666,shopping
367.77265875676,5411,9,1,1,2,1601,groceries
41.973629234904664,4121,13,4,1,0,125,transport
665.6002295816706,4900,8,2,1,3,1098,utilities
118.70742037514155,4900,6,3,1,2,769,utilities
485.9221583830505,5311,13,5,1,2,193,shopping
47.59472232385203,5812,17,2,1,2,1284,dining
77.38624466069805,7832,18,6,1,2,766,entertainment
1619.0249130282832,8011,15,0,1,1,535,healthcare
711.763190461788,5311,15,1,1,1,1257,shopping
961.0026238005073,4900,15,2,1,2,1671,utilities
903.6339763097325,5311,19,1,1,1,492,shopping
510.6245385062026,5311,14,5,1,1,691,shopping
162.0300001220198,4121,7,3,1,3,1127,transport
231.01038519125223,7832,18,6,2,3,1675,entertainment
239.67183406150662,7832,21,1,1,1,150,entertainment
61.76106947096964,4121,7,3,1,2,1588,transport
459.44375963654704,8011,10,1,1,1,274,healthcare
136.66658378104327,7832,19,0,1,2,10,entertainment
433.42669527031546,5311,16,0,1,2,912,shopping
449.45578728993485,4900,13,0,1,2,1074,utilities
123.85255215668788,5411,17,5,1,0,284,groceries
111.46381422270699,5812,18,6,1,1,893,dining
50.313953767846435,5812,18,3,1,0,840,dining
259.3998755712935,5812,13,0,2,0,87,dining
815.7386911827667,4900,19,4,2,1,533,utilities
102.38927103667234,5411,17,0,1,1,1279,groceries
180.23877138856636,4121,18,6,1,3,1525,transport
98.0132379560363,4121,18,1,2,2,1053,transport
497.20141245715945,5411,12,3,0,1,1217,groceries
149.0530343678467,4121,11,0,2,2,927,transport
259.2577797337461,5812,12,0,1,1,847,dining
123.30146256647689,5311,13,6,1,1,675,shopping
4095.645280643107,8299,9,6,1,2,282,education
325.6467603973907,5311,13,5,1,1,829,shopping
107.389274210783,4121,7,3,1,3,1518,transport
808.1420882221313,8011,9,2,1,1,562,healthcare
313.71132730123287,8011,9,6,1,2,621,healthcare
209.33491810459907,7832,22,2,1,1,1094,entertainment
121.94115995926708,5812,20,1,1,1,355,dining
423.9551235523524,5311,12,2,1,2,1071,shopping
172.0466841458241,7832,18,6,1,3,321,entertainment
385.5736798321246,5411,9,2,1,2,766,groceries
114.862895515881,8011,10,1,2,2,1657,healthcare
846.3929722709199,5311,11,6,1,2,1581,shopping
244.48382233166618,5812,12,0,1,3,420,dining
429.1579560442032,5411,17,2,1,2,257,groceries
901.7674618719369,4900,9,0,1,0,548,utilities
615.3336720098094,8011,14,0,1,1,1763,healthcare
54.439384757804376,4121,9,5,1,0,1623,transport
192.88303618721045,7832,22,4,2,0,1760,entertainment
536.2288827429635,4900,17,5,1,1,1498,utilities
59.59347058353435,4121,17,0,1,2,1460,transport
180.9449183061192,5311,13,6,1,2,1082,shopping
126.28930127989041,4121,12,1,0,2,633,transport
219.34056692411656,7832,20,6,1,2,959,entertainment
371.72162698887223,4900,16,6,1,3,616,utilities
3133.181703494366,8299,9,5,1,1,1721,education
821.671574822005,4900,18,0,0,2,1523,utilities
69.78233326747892,5411,12,4,1,2,1446,groceries
307.34037056610975,5411,10,1,1,1,1010,groceries
100.59056334056523,4121,13,5,1,0,1450,transport
949.9670006078433,4900,19,3,1,3,176,utilities
357.0699181455804,5411,15,3,1,0,1085,groceries
182.48782534979023,7832,20,5,1,2,617,entertainment
274.81431188448676,5812,15,1,1,2,972,dining
459.9264537668926,4900,16,2,1,1,244,utilities
166.18006191876913,4900,19,4,1,2,1475,utilities
121.90531214129021,5812,12,2,1,1,263,dining
1082.1934872804575,8011,8,4,1,0,1261,healthcare
73.2302383939823,5812,13,2,1,3,136,dining
134.65997670245056,5812,16,0,1,1,453,dining
873.8396256947402,8011,8,4,1,2,805,healthcare
137.78251523166733,7832,18,3,2,0,548,entertainment
3083.6911882572103,8299,11,5,1,2,583,education
80.33461158157372,5812,13,5,1,2,1600,dining
1123.8963937441677,8011,15,3,1,1,1252,healthcare
150.78992968845685,4121,12,2,1,0,544,transport
1157.123927327385,8011,14,0,1,1,1609,healthcare
698.1246916836736,4900,15,6,1,2,1563,utilities
151.2953829306857,7832,18,3,1,1,723,entertainment
835.4239903663242,5311,13,2,1,2,1176,shopping
879.6876980582115,4900,18,4,1,1,384,utilities
104.58959612999827,8011,15,3,2,1,141,healthcare
267.78167405020565,5812,20,6,0,1,1073,dining
382.1947757639242,8011,16,1,2,1,400,healthcare
80.22262175424227,4121,18,6,1,2,295,transport
53.38761495284851,5311,19,3,1,1,1039,shopping
260.56169336204186,5812,12,5,1,3,1627,dining
182.0679911123526,7832,18,2,1,0,1033,entertainment
138.59765762545013,7832,19,0,1,3,1000,entertainment
389.2026268657025,5411,13,3,1,1,474,groceries
157.3471555227434,4121,9,4,0,1,303,transport
556.4184376708662,4900,14,4,0,3,882,utilities
774.3112524393275,4900,7,6,1,0,1284,utilities
98.50393553603615,7832,20,3,1,0,1245,entertainment
2139.419386803153,8299,12,6,1,0,679,education
1989.7325510478177,8011,11,1,1,1,1282,healthcare
224.67255879785412,5411,11,1,0,2,227,groceries
87.68980855758349,5411,10,6,1,3,1045,groceries
45.119235192754324,4121,14,3,1,1,283,transport
257.199810553158,5812,11,6,1,2,360,dining
154.988587656906,7832,21,3,0,3,345,entertainment
150.53281183105662,4121,6,2,1,1,602,transport
402.96982079674876,4900,16,4,1,1,1578,utilities
583.1298778909115,8011,8,3,1,2,1430,healthcare
1452.6332760209189,8011,9,0,1,3,1676,healthcare
183.17711156580685,7832,20,0,1,0,855,entertainment
142.10482439310024,4121,16,1,1,1,1718,transport
100.64533847412976,4900,18,5,2,1,1470,utilities
1427.5308210337987,8011,16,5,1,1,75,healthcare
343.83332515335235,4900,6,4,1,0,595,utilities
681.8671060536255,5311,15,4,1,2,173,shopping
384.15438093216886,4900,19,6,1,1,355,utilities
363.7922585421595,5411,14,0,1,2,7,groceries
165.5513412690491,4900,13,0,0,2,943,utilities
889.3866699108469,8011,15,1,1,1,1156,healthcare
2811.1306030759943,8299,10,3,1,2,869,education
673.2189372198881,8011,10,0,1,0,55,healthcare
162.86183285062182,4121,8,2,2,2,461,transport
268.3417544189792,7832,21,4,1,2,848,entertainment
2540.2364760842406,8299,8,6,2,1,1295,education
220.77586339026973,5812,13,3,1,1,928,dining
1542.8174378186554,8299,11,3,1,1,176,education
455.34005484923085,5411,15,2,1,1,1680,groceries
21.94127172038498,4121,15,5,1,1,179,transport
389.97011159435147,5311,10,4,1,2,726,shopping
135.00490335544183,5812,14,3,1,1,27,dining
144.23066548092237,7832,18,0,1,1,604,entertainment
759.1916274738252,8011,13,2,1,2,936,healthcare
214.9902612316847,4900,10,6,1,2,827,utilities
340.3736957630318,5311,16,4,1,1,1537,shopping
588.3993623729017,4900,18,1,2,1,1519,utilities
300.85290660182176,8299,11,6,2,1,1509,education
826.474134786084,4900,16,3,1,1,1154,utilities
382.46849790890076,5411,16,2,1,1,1269,groceries
376.95407116717627,5311,18,6,1,1,1437,shopping
97.13060746007457,5812,16,3,1,2,502,dining
275.9891428298745,7832,19,5,1,1,477,entertainment
86.10466788485711,5812,20,1,1,1,1699,dining
51.96337235281351,4121,11,4,0,1,763,transport
690.2063454714946,5311,19,0,1,3,1643,shopping
736.7007325559471,8011,12,3,1,1,1538,healthcare
4253.665141750242,8299,10,2,1,0,1503,education
148.44557111772946,4121,13,1,1,2,406,transport
124.9647450832076,4900,7,1,1,1,1463,utilities
360.2617788082056,5411,16,1,1,2,324,groceries
117.48163836694827,4121,14,2,1,2,1451,transport
145.0042247297832,5812,17,1,1,3,70,dining
83.37583135691183,5411,16,4,1,3,1205,groceries
4387.408764427188,8299,15,0,1,2,812,education
438.38924737030936,5411,11,2,1,2,185,groceries
312.16110601855877,4900,7,0,1,1,1192,utilities
225.174740950412,5411,16,0,1,2,535,groceries
321.7597326586697,4900,8,1,1,1,34,utilities
4774.612796406385,8299,11,5,2,3,439,education
692.1445827109078,4900,6,3,1,2,455,utilities
145.19453583287108,4121,8,3,1,1,1078,transport
4086.551102181321,8299,14,2,0,2,1553,education
1547.7273958661697,8299,10,6,1,0,349,education
1647.2761241618027,8011,14,1,1,1,1455,healthcare
618.6449506749609,4900,13,4,1,3,751,utilities
59.36101459219208,7832,19,4,1,2,152,entertainment
289.20537156330016,7832,20,4,1,2,1390,entertainment
431.5370309062483,5411,10,0,1,2,468,groceries
177.5871783308568,4121,6,4,1,1,1370,transport
454.72484592679507,5311,16,3,1,3,977,shopping
96.66607184769475,4121,14,1,1,2,1339,transport
181.52708307197412,5311,14,0,1,2,1715,shopping
184.14449388268895,7832,20,2,1,1,946,entertainment
418.8585925320421,8299,11,0,1,1,1046,education
278.1178919459155,5812,14,0,1,1,1274,dining
543.6240942421014,8011,16,2,1,1,855,healthcare
195.23563970409333,7832,21,2,1,2,614,entertainment
108.24637762267601,7832,18,5,1,0,618,entertainment
185.81477320728544,4121,7,2,0,1,1713,transport
290.9519000158639,7832,20,0,0,3,384,entertainment
161.87604675372373,4121,7,3,1,0,1477,transport
297.5270712934844,5411,16,5,0,1,348,groceries
398.7044541817474,8011,11,3,1,1,1600,healthcare
131.51657703389986,8011,14,1,1,1,1257,healthcare
972.8213417385305,4900,10,3,0,1,1577,utilities
938.1528646858826,4900,8,0,1,1,748,utilities
62.89305918957176,7832,18,5,1,1,555,entertainment
991.5872314054939,4900,7,6,0,1,1098,utilities
484.8569211794803,5311,17,3,1,3,1430,shopping
3487.1545412389637,8299,8,0,1,2,1253,education
72.70545690343207,7832,22,0,1,1,1635,entertainment
102.23720613450556,5812,17,3,1,3,1151,dining
4918.582525939839,8299,10,1,0,1,394,education
4408.482937229803,8299,8,1,1,3,1230,education
340.312670620104,5411,14,2,1,1,304,groceries
203.96303212611858,5812,12,3,1,3,644,dining
4820.687677019266,8299,14,0,2,1,853,education
176.29180664540178,4121,12,6,1,3,1456,transport
3129.1889912960387,8299,9,4,1,3,1587,education
2508.3019435561255,8299,8,0,1,0,1009,education
177.0388903109845,5311,11,1,1,2,37,shopping
83.00450428898833,4121,12,5,1,0,1574,transport
583.8467422256247,8011,10,5,1,1,455,healthcare
224.02745122464094,5411,8,1,1,2,1494,groceries
839.1336350691432,5311,19,4,1,1,1637,shopping
776.5695285856176,8011,14,1,0,3,1789,healthcare
102.01877029481878,5411,13,4,1,3,708,groceries
255.76348672212356,4900,6,4,1,2,153,utilities
722.7479362723466,5311,14,2,1,1,1146,shopping
122.81058717182093,5311,17,4,1,1,1309,shopping
923.4016484145358,5311,15,5,2,1,436,shopping
845.3240615102394,5311,14,3,1,2,1680,shopping
261.6062268814674,5411,13,0,1,1,348,groceries
230.16756809560536,5411,12,2,1,2,1280,groceries
71.58976734345255,7832,21,1,2,1,598,entertainment
186.47055775032194,4121,13,4,1,2,372,transport
1334.2273883837101,8011,11,0,2,2,641,healthcare
275.43151948837004,4900,10,2,1,2,1221,utilities
68.10816910462285,5812,11,6,1,1,117,dining
690.6836672175667,5311,17,0,1,1,458,shopping
82.6769804586677,5812,17,3,2,2,74,dining
108.40709581109765,5411,15,1,1,2,228,groceries
3785.763140589619,8299,11,1,1,1,859,education
454.97061830468635,8299,14,0,1,2,1600,education
295.48318618570073,5411,10,4,1,2,1073,groceries
34.13713177206046,5812,11,2,2,0,152,dining
234.63145838636774,8011,10,5,2,1,215,healthcare
269.7528563805391,7832,18,6,1,1,1446,entertainment
81.79613437868298,5311,18,5,1,3,1477,shopping
212.7041519629845,5812,14,4,1,3,1406,dining
215.8980023593314,7832,18,6,1,2,410,entertainment
395.0093116452314,5411,10,4,1,2,1608,groceries
61.631351354451006,7832,20,1,1,2,754,entertainment
152.07405708209325,7832,18,1,1,3,668,entertainment
75.63127642767165,4121,7,0,1,3,1297,transport
327.8678921673849,8011,8,2,1,0,1314,healthcare
1091.6390587229496,8011,8,5,1,3,384,healthcare
154.0568074182019,7832,22,6,2,3,984,entertainment
236.6728620437764,5812,15,4,0,1,739,dining
200.5695339247597,5812,19,2,1,2,902,dining
996.960076483032,4900,10,3,0,1,1536,utilities
719.8397123209971,5311,18,0,1,2,992,shopping
339.6409229772583,5311,17,0,0,3,1511,shopping
263.18962136073566,5411,8,5,1,1,802,groceries
105.05901646698854,5812,14,6,1,3,1134,dining
227.73009166175777,5812,11,4,1,1,1170,dining
108.96173061356632,4121,10,3,1,1,536,transport
180.3089822176695,4121,18,0,2,0,502,transport
138.94332251372953,5411,17,2,0,2,322,groceries
69.63411246832176,4121,13,3,1,2,926,transport
574.1239628113383,4900,15,6,1,1,667,utilities
281.1902146316815,5311,10,4,1,2,1595,shopping
744.1524686606538,8011,14,5,1,2,959,healthcare
121.94534888115454,4900,15,4,1,2,1630,utilities
255.8537803161593,7832,22,4,1,2,1726,entertainment
784.5529204048415,4900,14,6,1,1,237,utilities
356.78866627493073,5311,12,4,1,1,833,shopping
2688.8647749969505,8299,11,6,1,0,357,education
969.434952901645,4900,9,6,1,3,383,utilities
977.2153835097887,8011,14,2,1,2,892,healthcare
680.4151236461456,5311,14,5,0,1,511,shopping
196.53587869418655,4900,15,5,1,1,1159,utilities
2214.2278648907763,8299,8,4,2,1,1457,education
156.1911406984032,5812,17,1,1,1,143,dining
3418.389259628029,8299,15,5,1,1,93,education
213.8472842129591,5812,11,2,1,1,1244,dining
50.632142185607506,4121,14,6,1,1,418,transport
119.02441740914,7832,20,0,1,3,1716,entertainment
4860.558121293701,8299,13,0,1,3,543,education
158.56001774203347,5411,14,0,0,1,894,groceries
144.95543944933064,4121,18,4,1,1,455,transport
2663.58397205851,8299,12,1,1,2,1190,education
170.21762018635582,5411,17,4,1,0,1394,groceries
71.38714475682477,7832,19,1,1,1,12,entertainment
910.5004926406183,5311,12,1,1,2,1329,shopping
198.8501241992173,5311,13,1,1,1,431,shopping
1760.1595974159084,8299,8,1,2,2,1113,education
120.10633101095091,4121,8,1,0,2,441,transport
131.95396024254467,7832,18,4,1,2,305,entertainment
700.3151908818718,5311,17,5,1,2,334,shopping
643.2836341259964,5311,11,2,1,3,1745,shopping
511.9782597844115,8011,15,0,1,3,989,healthcare
109.19834950287938,4121,18,4,1,0,1296,transport
348.70444677209406,4900,9,0,1,3,1577,utilities
658.2749713823595,8011,8,3,1,1,882,healthcare
143.32137333112317,4121,10,2,1,3,1143,transport
723.2253874386972,8011,9,0,1,1,624,healthcare
889.2035876530954,4900,14,2,1,1,832,utilities
22.580442561550623,4121,7,2,1,2,520,transport
3901.6455665393332,8299,11,2,1,2,1818,education
102.3456468460807,5311,16,2,1,2,1365,shopping
98.42109062455468,5311,17,6,1,1,1058,shopping
149.11580973425802,7832,22,2,1,2,640,entertainment
1998.7376952965503,8011,15,0,1,2,904,healthcare
239.44266999910835,4900,17,0,1,3,371,utilities
498.857163283125,8011,9,3,1,1,1489,healthcare
121.85889160232747,4900,9,1,0,1,1073,utilities
762.1254182789595,5311,17,4,1,2,956,shopping
696.0200755603909,4900,17,1,1,3,1446,utilities
78.3991964475623,5311,17,6,1,2,1561,shopping
135.43961914020187,4900,10,1,1,1,1585,utilities
267.6287564873093,5411,11,1,1,1,302,groceries
469.8485767917402,5411,8,5,0,1,699,groceries
345.50360883373094,5311,13,6,1,1,815,shopping
160.83489499227957,7832,22,4,1,1,674,entertainment
291.96490242938575,5812,11,2,1,3,269,dining
177.8901396424261,5812,12,1,1,3,5,dining
339.0416461621999,4900,14,2,1,2,144,utilities
843.949499639703,5311,10,4,1,0,1607,shopping
130.038543460606,5812,11,4,1,2,428,dining
72.8733511778462,5812,18,4,1,3,57,dining
128.04478826926214,5411,8,2,1,3,877,groceries
1583.4402080099992,8011,13,6,1,2,1782,healthcare
96.0084873249771,5812,18,2,1,2,569,dining
1477.8231787231784,8299,14,3,1,2,117,education
563.4583391115726,8011,16,6,1,1,593,healthcare
546.2764560814477,5311,11,0,1,3,144,shopping
529.8097613449886,4900,14,3,1,1,1018,utilities
95.86458715678499,7832,19,5,1,1,118,entertainment
679.1800856853835,8011,9,1,1,1,947,healthcare
318.7858704563226,5311,11,5,1,3,253,shopping
548.1621731041141,8011,14,6,1,0,1340,healthcare
898.6510315982785,4900,6,1,1,1,1701,utilities
250.3340348127205,7832,19,0,1,3,886,entertainment
123.9651131898144,5812,20,0,1,1,641,dining
1905.6635139986247,8011,16,0,1,1,145,healthcare
792.15762820842,4900,9,2,1,2,1485,utilities
77.62654635044095,4121,15,2,2,2,74,transport
126.67396730557901,5812,12,6,1,0,820,dining
4453.936959556343,8299,11,6,1,3,1781,education
2769.4488640181503,8299,11,2,1,2,1028,education
835.4451735258225,8299,10,2,0,1,1638,education
4747.518391156361,8299,10,2,2,1,741,education
400.4905455922072,5411,9,2,1,2,874,groceries
947.5747049694754,8011,8,2,1,1,859,healthcare
129.34400637774812,5311,11,1,2,0,550,shopping
325.80700582760454,5411,16,5,1,2,438,groceries
415.55383291836324,5411,10,6,1,3,585,groceries
197.08054704597768,5812,11,6,1,1,1480,dining
143.35849520205898,4121,17,2,0,2,616,transport
667.2037043072628,4900,6,2,1,0,249,utilities
2423.3254956987744,8299,11,6,1,0,1811,education
110.18354740122749,5812,17,4,1,1,684,dining
1783.761397704565,8011,11,0,1,2,279,healthcare
4194.531396816289,8299,15,4,1,3,1532,education
182.95660710224402,4121,12,6,1,1,170,transport
130.77595188405508,4121,11,0,2,0,557,transport
146.60903477352062,4121,10,4,2,3,906,transport
533.9379055234207,5311,11,4,1,3,1646,shopping
125.35122762996451,7832,21,3,2,1,1742,entertainment
772.0856207535809,5311,14,3,2,1,497,shopping
211.67439794296945,4900,10,2,0,1,1705,utilities
671.9925556495491,8011,9,3,1,0,986,healthcare
320.4637779062853,8011,12,3,1,1,1247,healthcare
3409.2367198293255,8299,12,1,1,1,35,education
103.49069228453786,4121,10,0,1,0,181,transport
1093.022651799964,8011,11,2,1,1,496,healthcare
139.71071134574555,4900,15,2,1,3,1655,utilities
106.04849701950081,7832,22,4,1,2,728,entertainment
293.1127016091875,5411,12,2,1,3,1623,groceries
158.1774645449935,4121,6,0,1,2,1495,transport
294.64720931431003,8299,11,0,1,1,667,education
292.6859407513028,5812,16,3,1,2,1430,dining
684.9368043243898,5311,17,6,1,2,740,shopping
39.57143773098312,5812,15,2,1,2,482,dining
187.08525569988635,4900,12,6,1,1,444,utilities
3703.3352500419264,8299,10,6,1,2,426,education
353.4849346025797,4900,8,0,1,1,1424,utilities
1673.3069495198208,8011,10,5,0,2,11,healthcare
432.774485022997,4900,19,0,1,1,862,utilities
355.0260395534408,4900,17,1,0,2,1108,utilities
179.00490612216353,4121,9,6,0,1,1565,transport
802.7255733462264,5311,15,4,1,1,1530,shopping
47.6364290355287,4121,11,4,1,0,937,transport
52.22062041476422,5411,13,5,1,0,335,groceries
1057.8929485935207,8011,15,2,1,1,1157,healthcare
300.08251255489535,5311,15,5,1,2,567,shopping
98.36211247420877,5812,12,1,1,0,627,dining
539.4204437768581,5311,17,2,1,1,1519,shopping
499.9794741346774,5411,12,0,1,2,1458,groceries
142.4102595181008,4121,16,2,0,1,76,transport
986.8557800604964,4900,15,3,1,2,70,utilities
797.7920691675308,8011,11,1,0,1,1551,healthcare
75.17374385481008,4121,9,2,1,2,1042,transport
3766.456117757736,8299,15,3,1,1,481,education
3273.5613092404647,8299,13,6,1,3,754,education
153.98469779477395,7832,18,2,1,2,933,entertainment
989.0246664199603,4900,6,4,1,1,457,utilities
742.0187624694235,5311,11,3,1,1,1675,shopping
887.2142172489722,4900,10,4,1,2,302,utilities
46.303148727852175,5812,18,6,1,3,1699,dining
101.56935441774507,5812,15,2,1,2,1155,dining
186.53238447666556,5812,14,5,1,3,1502,dining
115.46710652437143,5311,10,0,1,2,851,shopping
214.11657762550655,5812,11,5,1,3,382,dining
71.61933387822035,4121,18,0,1,2,1737,transport
391.8715241465055,5411,9,5,1,2,1401,groceries
2371.168777277085,8299,9,3,1,3,1570,education
1053.8058465483975,8299,12,4,2,1,882,education
81.06208530720288,5311,16,6,1,0,1437,shopping
171.22226576094056,7832,19,0,1,2,1767,entertainment
868.0590645518707,8299,8,5,1,1,1487,education
214.8870472157629,5812,20,6,1,2,1427,dining
155.58821539892784,7832,19,4,1,1,1751,entertainment
1313.2104177991027,8011,14,0,1,2,1391,healthcare
318.5026334699216,5311,14,2,1,2,979,shopping
83.4526496312615,7832,21,5,1,1,1705,entertainment
110.71104036129785,4121,11,4,1,2,1020,transport
491.86291656567795,8011,16,2,2,2,632,healthcare
181.53756506397818,8011,9,2,1,2,915,healthcare
116.73640230597516,4900,7,4,0,1,1760,utilities
1340.0385362439988,8011,14,1,1,1,1278,healthcare
604.5710802285165,5311,11,0,1,2,1220,shopping
4989.54322211618,8299,15,1,1,2,923,education
21.378224550185042,4121,9,0,1,3,778,transport
144.39880327817974,8011,14,4,1,1,275,healthcare
270.90292664838233,4900,13,1,1,3,103,utilities
839.3892707824359,5311,10,5,1,2,624,shopping
143.4610522272284,7832,19,3,2,1,406,entertainment
401.02671933566756,4900,12,2,1,1,447,utilities
383.64279091843156,5411,13,0,2,0,476,groceries
184.63008253830688,5311,18,6,1,1,1383,shopping
110.44829078216422,4121,16,4,0,3,1558,transport
564.2606255933707,4900,19,3,1,1,257,utilities
216.39032638043614,5812,13,3,1,3,1083,dining
1633.4125316809998,8299,13,2,1,2,550,education
178.99810567491457,7832,18,5,1,3,1057,entertainment
668.8074284067135,5311,16,6,1,3,932,shopping
330.08750600159,8011,12,2,0,2,670,healthcare
287.97364818325025,7832,22,2,1,2,1171,entertainment
22.60764235624335,4121,14,6,1,1,1196,transport
979.7594629963314,5311,12,3,1,3,895,shopping
714.7412994778222,5311,14,1,0,1,1802,shopping
174.4364500209108,5311,19,1,1,3,791,shopping
426.0551179512173,5411,9,3,1,1,335,groceries
252.71920936902467,7832,19,3,1,0,804,entertainment
128.78964164457972,7832,21,4,1,1,415,entertainment
830.9389791434066,4900,18,1,1,3,1363,utilities
172.3889994983111,7832,19,1,1,2,1627,entertainment
360.9517541919733,4900,14,3,1,2,1174,utilities
111.93013261175618,7832,20,3,1,1,1055,entertainment
2808.7009876386014,8299,15,5,1,3,909,education
92.90032205488714,7832,18,4,1,1,301,entertainment
516.0357224805608,5311,14,2,1,0,999,shopping
1920.2898744505267,8299,10,3,1,1,1336,education
255.90720132599,5812,12,4,1,3,629,dining
56.65117020145586,7832,18,0,0,2,1222,entertainment
150.33735390213252,4900,8,0,1,1,1537,utilities
187.07702577056355,8011,14,2,1,2,1280,healthcare
1015.6804753002253,8011,14,3,0,3,185,healthcare
438.8749444292927,5411,8,5,1,3,286,groceries
863.9942437170475,5311,13,4,1,2,1193,shopping
957.6337600393878,8299,15,4,1,1,1787,education
267.01851935185437,5411,12,3,1,3,1267,groceries
84.00541219176874,5812,18,0,1,1,891,dining
34.622406252382106,4121,10,2,1,1,1468,transport
275.40020341280245,5411,10,3,1,3,821,groceries
215.85417208512723,8011,15,0,1,3,1330,healthcare
106.70463889565823,4121,8,4,1,2,1509,transport
189.4348892929027,4121,17,3,1,2,1500,transport
483.49298085423777,5411,9,3,1,1,636,groceries
56.07247101902878,4121,11,6,2,2,519,transport
216.21680484488326,7832,18,4,0,3,1736,entertainment
466.8631874124889,8299,12,6,1,1,318,education
1504.1351176889266,8011,14,6,1,3,1105,healthcare
169.01693334566497,5311,13,6,2,2,599,shopping
590.7346901465997,5311,13,1,1,2,475,shopping
57.771533418008126,7832,21,1,1,1,1745,entertainment
80.62503292785692,7832,18,4,1,1,707,entertainment
45.12125952289808,5812,14,4,1,1,350,dining
440.67498193955,5411,17,4,1,2,70,groceries
165.42694791496072,7832,22,3,1,1,1259,entertainment
962.0884047128604,4900,8,1,1,1,1578,utilities
122.94982698384902,4121,13,0,1,2,550,transport
897.3660783319385,4900,10,4,1,1,1085,utilities
68.89614435915796,4121,13,6,1,1,38,transport
713.8061739849942,5311,15,6,1,1,52,shopping
587.6009379626564,8011,16,6,2,2,851,healthcare
603.6081164110111,4900,19,3,2,3,1725,utilities
131.38231665392132,5311,12,6,1,1,73,shopping
190.17200033898524,4900,17,3,1,1,1017,utilities
113.32730701572925,4121,15,2,1,2,1006,transport
511.1995432409836,4900,10,4,1,3,795,utilities
165.04170321299986,8011,16,4,1,1,40,healthcare
160.90967933547796,4121,12,5,2,0,386,transport
689.0461309162354,4900,10,1,1,1,736,utilities
794.7110043734837,8011,8,1,1,3,1246,healthcare
23.5359757974728,4121,14,6,2,2,1356,transport
133.321595736867,4121,8,5,1,2,750,transport
1262.940213896623,8011,13,5,1,0,1364,healthcare
305.7186419902873,4900,7,6,2,1,124,utilities
781.7120868760079,4900,12,6,1,3,1163,utilities
216.27315872658943,5411,13,4,1,0,1578,groceries
949.0495569209194,4900,19,5,1,2,1700,utilities
120.85588286023481,7832,21,5,2,3,336,entertainment
721.1895512494675,5311,15,2,1,1,1102,shopping
450.5032869477468,8299,13,0,1,1,1179,education
267.86463487404745,7832,20,2,1,3,907,entertainment
380.0611485757345,5411,12,3,1,2,1547,groceries
427.3572773987242,5411,17,1,1,3,1189,groceries
1407.8040242038421,8011,13,5,1,1,551,healthcare
133.94887555950916,4900,10,0,1,1,323,utilities
80.88033862331665,5812,19,3,1,3,996,dining
35.13065095567091,4121,17,1,1,2,1324,transport
242.49772816708102,5411,14,1,0,2,1094,groceries
354.4283793579261,5411,17,3,1,2,249,groceries
4069.375752827778,8299,15,1,2,1,1022,education
1029.051818538548,8299,9,3,1,3,1589,education
181.29318891595162,4121,8,6,1,2,67,transport
351.76103829149656,8011,11,2,1,2,1158,healthcare
176.42569864986046,7832,18,6,1,1,204,entertainment
152.59859425243837,7832,21,4,1,3,1686,entertainment
244.79255644570227,7832,22,1,0,1,1277,entertainment
67.5473021463157,4121,15,5,2,2,954,transport
126.03095023586145,4121,7,0,1,2,1268,transport
101.56321526027884,5311,13,4,1,2,335,shopping
194.03841038058772,7832,21,4,2,3,1185,entertainment
569.8956614065586,5311,14,3,1,2,330,shopping
242.97608295110575,5311,13,1,1,1,598,shopping
4740.5104568185925,8299,9,1,1,2,1600,education
189.00329579210197,4121,13,5,1,2,1705,transport
135.5383877595231,7832,18,4,1,0,1344,entertainment
517.1852360526862,4900,16,6,2,1,584,utilities
191.55256811878976,4900,12,2,1,1,1091,utilities
123.9105219739909,5311,13,0,1,1,1098,shopping
134.13173719209516,8011,9,2,1,1,577,healthcare
949.4799083399688,8299,9,4,1,2,660,education
629.0949872331678,4900,8,4,1,1,857,utilities
2570.2835438799434,8299,11,3,0,1,1376,education
1716.9703076794724,8011,15,3,1,2,385,healthcare
1372.6443994551187,8011,11,5,2,3,201,healthcare
370.175889081022,5411,14,0,1,1,1452,groceries
595.3526024248883,4900,16,0,1,1,1442,utilities
1470.9281142923776,8011,14,3,1,2,721,healthcare
560.5687791952979,5311,10,2,1,1,1691,shopping
92.8637868884785,5812,19,6,1,1,1784,dining
126.05230210948613,7832,21,1,1,2,581,entertainment
890.1595354858522,5311,14,4,0,3,660,shopping
990.9156718152699,5311,19,4,1,1,282,shopping
131.78765439424197,4121,10,3,2,0,1366,transport
86.73005215642999,4121,7,0,2,0,487,transport
97.67825747582448,5812,17,6,1,1,1099,dining
81.73194064724386,7832,22,4,1,3,1629,entertainment
935.8453802865015,8011,13,6,1,2,122,healthcare
127.14511756757744,5311,16,4,2,1,407,shopping
259.7923202814626,5812,19,5,1,1,1063,dining
223.42910697360153,4900,13,6,1,3,1280,utilities
112.49800929219082,5812,16,6,1,1,859,dining
216.2720640759408,4900,13,1,0,0,721,utilities
184.69374209962982,5812,12,5,1,3,992,dining
247.06467665735633,5311,19,5,1,1,767,shopping
1822.893310074996,8011,8,3,0,0,1306,healthcare
164.96884675602095,4900,9,3,1,1,1743,utilities
4587.040934087678,8299,13,2,1,0,491,education
236.1377724680779,5411,16,0,1,2,1304,groceries
50.71961550865086,5411,17,3,1,1,1739,groceries
122.00433221426947,7832,22,6,1,1,1149,entertainment
250.8101447921758,5411,12,5,1,3,1665,groceries
943.8781202633745,4900,11,2,1,2,322,utilities
89.39087354582145,4121,13,2,1,2,778,transport
239.10843036231898,8299,9,4,1,3,221,education
2671.751702182357,8299,8,1,1,1,1529,education
960.51086910625,4900,15,3,1,2,1479,utilities
184.07373683494953,5311,14,6,1,3,1662,shopping
209.90686742430526,7832,20,3,0,1,1136,entertainment
72.8134735541551,4121,9,0,2,0,1665,transport
445.9977050955608,5411,8,5,1,1,1601,groceries
320.5015976431796,5411,15,4,2,3,431,groceries
1044.133459440553,8011,11,1,1,1,1686,healthcare
360.0635689789962,5411,12,0,1,3,894,groceries
489.6260250071792,5411,15,2,2,3,58,groceries
163.96027797133397,5411,9,5,1,2,174,groceries
338.94869953321023,4900,16,6,1,2,731,utilities
2279.3111520367174,8299,9,5,1,1,1273,education
3070.963781929247,8299,10,1,1,3,1359,education
49.79634215664891,5812,12,4,1,3,1770,dining
176.57986002793535,7832,21,1,0,2,857,entertainment
237.26297863409312,7832,18,0,1,2,1705,entertainment
287.61458124054377,5812,20,6,1,2,1522,dining
160.3350746177614,4121,9,2,1,2,1189,transport
122.05613421925999,7832,18,0,1,2,856,entertainment
385.2224928812615,5411,16,4,1,1,1276,groceries
446.2984748546946,5311,18,3,1,2,674,shopping
208.54287757931434,5812,15,5,1,0,1160,dining
165.43762073751677,5812,13,0,1,1,278,dining
135.58180051418043,5812,16,1,1,2,1494,dining
204.13032246557586,7832,18,4,1,1,289,entertainment
187.7507055494189,5812,14,2,1,0,1636,dining
438.33129839996883,5411,11,0,1,1,213,groceries
471.98400771862663,4900,12,0,2,2,327,utilities
758.9394356684544,5311,19,3,1,1,747,shopping
883.6259754568347,4900,9,2,1,2,626,utilities
343.2239154410853,5311,12,5,1,1,1014,shopping
492.4849519776586,8011,10,3,2,3,344,healthcare
124.50829733853702,8011,10,2,0,2,1368,healthcare
687.9403649720491,5311,16,2,1,1,113,shopping
209.49116663620578,7832,20,3,1,1,791,entertainment
184.11350784628266,4121,6,5,1,1,1344,transport
62.1771159985756,7832,21,2,2,1,1591,entertainment
257.97108478918284,8299,10,5,0,3,399,education
34.59793017305331,4121,17,1,1,0,991,transport
169.4508371349394,4121,15,3,2,3,1135,transport
66.87175146456217,4121,9,0,1,1,649,transport
179.9701685241038,4121,18,0,1,3,1159,transport
33.697667514558255,4121,15,4,1,2,2,transport
105.12169479194124,7832,19,1,1,2,149,entertainment
85.29638705025917,7832,20,3,1,1,1743,entertainment
1000.0552756659306,8011,16,1,1,1,1041,healthcare
128.81841854185936,4121,16,2,1,3,653,transport
163.42474871736894,4900,14,4,1,3,791,utilities
172.78502104364375,7832,19,5,1,1,324,entertainment
873.0512008623803,4900,18,0,1,1,155,utilities
387.97015683102774,5311,12,2,1,3,949,shopping
261.20540972676577,7832,22,2,1,2,1373,entertainment
2818.08676756338,8299,13,5,1,3,1617,education
369.81762572003265,5411,8,3,1,1,1759,groceries
1809.9189441193173,8011,15,0,1,2,468,healthcare
247.57289808774343,5812,11,2,0,0,1817,dining
313.60107556957354,5411,16,1,1,2,626,groceries
72.04752435131651,5812,14,4,1,2,1091,dining
208.21957342494764,5411,8,4,1,2,1496,groceries
936.5275482453535,4900,16,5,2,2,617,utilities
474.492177052955,5311,18,5,0,2,834,shopping
1984.5389774874052,8011,14,4,0,2,620,healthcare
215.43279078850165,7832,21,3,2,2,707,entertainment
231.26486691207444,4900,17,4,1,1,1701,utilities
557.074703157433,4900,19,0,1,2,1331,utilities
1648.9741047079808,8011,8,6,0,0,1507,healthcare
136.1807288711113,4121,15,0,1,2,1753,transport
441.6933376630266,4900,12,1,1,2,1671,utilities
172.62895311972866,4121,15,5,2,2,1492,transport
3225.3575130715644,8299,14,5,0,1,432,education
271.67018636978867,5411,16,5,1,2,219,groceries
392.3836335830734,4900,16,2,0,1,976,utilities
109.36554344720749,7832,22,2,0,2,385,entertainment
240.35305590105614,5311,16,2,1,0,1234,shopping
231.85428642105566,7832,19,5,1,3,761,entertainment
150.65924566842182,5411,14,6,1,2,610,groceries
295.08322996076333,8011,11,6,1,2,1055,healthcare
271.4625139192808,5812,18,4,1,1,1089,dining
583.3852269081399,8299,10,6,1,2,303,education
456.84433700315907,5311,18,5,1,1,930,shopping
130.40016046094482,7832,21,4,1,1,1754,entertainment
528.4555332401287,5311,15,0,1,1,817,shopping
589.6432951185393,5311,14,4,1,1,1303,shopping
247.2894030583703,5812,12,0,1,2,1813,dining
146.99378064885565,4121,16,1,1,2,612,transport
983.191763731054,4900,8,0,1,1,815,utilities
402.09545113092577,5411,17,5,2,1,1487,groceries
541.2093971605788,4900,16,3,1,3,597,utilities
253.40302296876115,5411,9,1,1,2,868,groceries
195.99053392330453,4900,17,3,1,2,952,utilities
150.38111983714072,5311,19,3,2,2,1238,shopping
3469.1856092182757,8299,12,0,1,3,1707,education
940.0089097851653,5311,12,2,1,3,769,shopping
511.59099275394374,4900,17,3,1,2,1724,utilities
777.9196505429229,8011,13,4,1,3,320,healthcare
486.2564381569722,4900,13,6,0,3,503,utilities
99.60044807586752,5311,13,5,1,0,1663,shopping
239.23716690168305,7832,19,4,1,1,429,entertainment
563.8021176821152,5311,18,6,0,3,378,shopping
1248.5987894257164,8299,12,4,1,2,255,education
791.9702797347051,8011,16,3,1,3,419,healthcare
264.1988003230682,5812,13,0,1,1,287,dining
52.566552057254036,7832,18,6,1,1,1256,entertainment
338.1483999706692,5411,10,4,1,2,111,groceries
297.17587036372555,5411,17,6,1,2,327,groceries
72.24949790350104,5311,19,6,0,1,1743,shopping
446.8354640267448,5411,14,1,2,2,1077,groceries
1337.755151055395,8011,13,0,1,1,69,healthcare
203.6262976726442,7832,18,6,1,0,1364,entertainment
218.1552027348113,5812,20,5,1,2,218,dining
360.8702314396859,4900,16,5,0,1,1397,utilities
277.94288271359346,5812,18,4,1,1,1605,dining
287.30071042917206,5812,14,3,1,1,1177,dining
49.991345585834466,4121,13,3,1,3,359,transport
283.8445333534461,4900,10,5,1,1,640,utilities
193.20365881897843,5812,17,4,0,3,521,dining
163.38031212432477,4121,17,4,1,2,1145,transport
46.562473886435306,4121,8,3,2,1,1143,transport
91.41751246219988,5812,13,6,1,0,358,dining
174.31091110007878,4900,19,5,1,2,1535,utilities
49.08019717931628,5812,15,4,1,1,797,dining
620.862567169664,5311,11,5,0,1,420,shopping
4597.1362923417255,8299,15,3,0,2,1463,education
848.6187837844922,5311,18,2,1,0,606,shopping
233.53611179069046,8299,12,0,0,3,1462,education
111.09703554768429,4121,13,5,2,2,1229,transport
270.99258112844706,5812,11,0,1,2,217,dining
40.332231319510626,5812,18,5,0,0,841,dining
130.5087029506097,4121,12,0,2,1,876,transport
176.62653318107158,4900,19,6,0,2,56,utilities
150.97235496263642,5812,20,0,1,3,1185,dining
236.606897277673,5812,15,0,2,3,1119,dining
98.41586855909985,4121,7,6,1,3,382,transport
272.6452690980729,7832,20,3,2,3,1192,entertainment
282.02648640797804,7832,20,2,1,3,1323,entertainment
47.46857901107088,4121,10,4,1,2,481,transport
248.77773532184557,4900,15,5,1,3,615,utilities
21.549740427944233,4121,8,2,1,1,757,transport
451.2686293877581,5311,13,6,1,2,253,shopping
855.0690976963541,5311,12,6,1,0,1336,shopping
684.4363412794021,5311,14,3,1,1,725,shopping
494.1960325196457,5411,17,5,1,1,614,groceries
112.51826021618852,4121,14,5,1,1,438,transport
1180.1608104648449,8011,13,1,1,2,795,healthcare
237.86588841034902,5411,12,3,1,2,1516,groceries
195.97157046689125,7832,20,6,1,3,482,entertainment
1033.6814603036369,8011,15,0,1,0,1253,healthcare
123.56052599788161,8011,8,3,1,3,856,healthcare
89.42416047062407,5812,19,6,1,2,821,dining
151.43254441948673,7832,21,0,1,2,42,entertainment
162.92532570803098,4121,8,0,1,2,292,transport
246.6500035818309,7832,18,6,1,2,1785,entertainment
993.6453030572359,8011,9,2,1,3,513,healthcare
634.0953200725297,8011,13,0,2,2,1110,healthcare
2558.4757226533366,8299,11,2,1,2,866,education
184.66477604800158,4121,17,1,1,1,1072,transport
78.73612092646519,7832,18,5,1,1,496,entertainment
665.5144094798131,5311,13,2,1,1,941,shopping
324.7966507229274,5311,10,3,0,0,990,shopping
54.579952611518046,5812,17,5,2,3,80,dining
3162.472577850862,8299,11,6,1,3,1477,education
103.97898454186004,7832,20,2,1,2,929,entertainment
3318.5633850349122,8299,11,0,1,1,1517,education
172.73327624084533,5311,15,5,1,1,261,shopping
747.2725686820053,5311,11,3,1,0,1667,shopping
295.39683576346056,5812,13,5,1,1,663,dining
153.31865545994637,4121,6,4,1,1,1527,transport
250.32698051887692,8011,10,3,1,3,598,healthcare
253.2634789330413,5411,8,2,1,1,613,groceries
4474.300149062484,8299,9,2,2,2,219,education
74.07265143386897,5411,11,1,1,1,321,groceries
684.1878942400903,5311,14,4,1,3,458,shopping
272.0534566354073,7832,21,5,1,2,542,entertainment
891.756422669263,5311,17,0,2,1,339,shopping
625.1544305572999,4900,12,2,2,3,1199,utilities
885.4729174235791,8011,13,1,1,1,213,healthcare
116.33200338786614,5311,18,4,0,1,69,shopping
60.85123413660814,4121,11,5,2,3,639,transport
128.88246212338154,7832,21,5,1,3,297,entertainment
893.3242337477312,8299,11,4,1,0,479,education
130.04330666147985,5812,11,0,1,2,1156,dining
885.0059099089405,8011,13,2,1,2,267,healthcare
4150.014295467027,8299,9,4,1,3,765,education
243.44789191532666,5812,13,5,1,1,264,dining
273.1960228837308,5411,14,4,1,1,1365,groceries
1259.5818488145032,8011,11,0,1,3,656,healthcare
212.84803722397223,7832,22,5,1,1,966,entertainment
126.09642255022415,4121,12,5,2,1,1353,transport
751.0452665280295,4900,8,0,1,2,87,utilities
646.6802749042123,8011,10,0,1,3,1303,healthcare
50.05874988773072,7832,19,6,1,3,195,entertainment
426.1228796649579,5411,8,0,1,1,1251,groceries
1407.0478146237047,8011,10,5,1,3,1637,healthcare
433.9603382418443,5411,10,5,1,2,434,groceries
197.519424801912,5812,16,4,0,1,138,dining
71.29216882770994,5311,11,0,0,2,190,shopping
969.4408822551444,8011,10,6,1,3,664,healthcare
465.130695017909,4900,11,4,1,3,238,utilities
310.60759335028155,5411,13,2,1,1,41,groceries
973.3990374805078,5311,17,2,1,3,1794,shopping
264.1742422051847,7832,21,1,1,1,957,entertainment
185.83577980158768,5812,20,2,1,3,1490,dining
47.012725832660315,4121,9,3,1,3,594,transport
295.04588481169174,8011,13,6,1,2,187,healthcare
78.42515946952447,7832,19,5,1,1,901,entertainment
435.238446105158,4900,9,1,1,2,1764,utilities
156.1231788378904,4121,7,2,1,3,1513,transport
82.47674699358625,4121,10,1,0,1,144,transport
106.80524193579305,4121,13,6,2,0,1332,transport
156.1049478532279,5411,17,0,1,2,149,groceries
65.40749760051116,5812,16,4,1,2,642,dining
162.59167916441308,4121,12,1,1,1,1812,transport
932.7153852483482,5311,16,0,1,3,145,shopping
245.29197713689695,5812,16,2,1,0,179,dining
190.17671805598755,5311,12,2,2,1,677,shopping
648.0623814615509,5311,15,1,1,3,538,shopping
221.1579995587019,8011,13,2,0,2,1558,healthcare
72.2371698909495,5411,15,1,1,2,1202,groceries
194.73212341317517,5812,17,2,1,2,581,dining
439.43143693916517,5411,15,4,2,1,319,groceries
147.4924983253103,4900,17,4,0,1,412,utilities
275.2333606468444,5812,13,2,1,2,1115,dining
137.109280534762,5812,13,0,1,1,1232,dining
746.4393949951746,4900,8,4,1,1,1764,utilities
3267.4663202539023,8299,10,1,1,1,1085,education
3102.9872584555706,8299,8,1,0,1,1073,education
1331.3004053529185,8299,15,6,1,1,1801,education
3360.7003523159824,8299,10,4,1,3,1780,education
189.97161015943217,7832,20,6,1,2,452,entertainment
124.01246369882128,5812,17,1,0,2,653,dining
132.24484894347623,4900,12,5,1,2,676,utilities
1012.4221495053656,8011,10,6,0,1,1736,healthcare
161.4377532461942,4121,6,1,1,0,620,transport
1749.6809395288271,8011,10,0,1,2,1381,healthcare
80.01159025161407,7832,20,5,0,2,1673,entertainment
765.0083422556249,8011,9,4,2,2,895,healthcare
639.9372276712468,5311,14,6,1,2,1372,shopping
153.09877781131132,5411,10,6,1,1,331,groceries
3151.1323411042604,8299,8,4,1,1,1403,education
76.23498299064063,5812,12,2,1,1,1759,dining
1825.468901802842,8011,10,6,1,3,535,healthcare
60.48868024467907,5812,12,3,1,1,856,dining
253.41613635826417,7832,21,4,1,2,803,entertainment
63.83948118894912,7832,19,5,1,2,1742,entertainment
111.57452559692118,5812,14,6,1,2,666,dining
1968.2293049423224,8011,8,5,2,2,321,healthcare
157.737423111363,5812,11,4,1,0,52,dining
61.446074975865464,5411,8,2,1,1,1489,groceries
1589.0404907809268,8011,11,1,1,1,170,healthcare
192.28158450478423,4121,13,3,1,1,507,transport
688.3181493954285,5311,10,4,2,1,328,shopping
550.1560134358405,5311,11,0,1,1,1783,shopping
282.55216989853324,5311,17,1,1,1,702,shopping
452.8928359656714,5311,12,1,1,1,454,shopping
836.9268688849168,5311,15,3,0,1,27,shopping
168.51770634151111,7832,21,1,1,1,344,entertainment
220.01876874591488,7832,18,6,1,3,65,entertainment
190.8909037404135,7832,22,4,2,2,563,entertainment
4515.066126164659,8299,12,2,0,2,1480,education
795.6567295053026,8011,10,1,2,1,186,healthcare
1965.1747181080182,8011,14,2,1,1,1735,healthcare
137.3613764340842,7832,22,2,1,1,1028,entertainment
315.188650980781,8011,9,0,1,3,417,healthcare
741.0565509884817,5311,10,4,1,3,1430,shopping
356.5100947419139,5411,10,1,1,1,345,groceries
125.67496713945344,5311,16,0,1,2,891,shopping
47.54328656052823,4121,12,6,1,2,1108,transport
168.71163232473683,5812,20,0,1,2,751,dining
99.85878288335957,4121,16,3,0,1,1490,transport
279.2379975352237,5812,17,2,2,3,935,dining
3891.2312288917096,8299,10,4,1,2,1576,education
267.17908320629726,5311,14,1,1,1,757,shopping
2392.4322343474073,8299,14,5,1,2,1436,education
163.46599326347004,7832,21,0,1,3,801,entertainment
870.7979721064131,8011,10,3,2,2,729,healthcare
161.43301871475575,5411,11,2,1,2,1722,groceries
424.4744181060647,5311,14,4,1,0,157,shopping
50.70293073585084,5411,16,3,1,3,1617,groceries
111.85372654884138,5812,15,1,1,1,1696,dining
498.10082691077594,5411,17,6,1,1,980,groceries
263.1736416503614,5812,17,0,1,2,1332,dining
340.9336211797841,8011,12,4,1,1,1726,healthcare
1232.8216381838936,8011,16,3,1,3,407,healthcare
854.7415927256474,5311,11,4,1,2,1486,shopping
195.76561386511978,5311,12,0,1,1,1488,shopping
827.2237294678627,4900,6,0,1,3,1395,utilities
86.66078612509014,4121,10,0,1,1,924,transport
399.7095371693307,5411,14,0,1,1,738,groceries
419.2244395732314,5411,11,1,0,2,939,groceries
2250.3921802187083,8299,14,4,1,2,736,education
174.51720962544167,5812,13,6,1,3,1717,dining
468.66079646155947,5311,16,6,0,1,1121,shopping
37.27476164162599,5812,18,3,1,1,1764,dining
204.4417085814963,5411,10,0,1,3,1551,groceries
821.2548827763073,5311,19,2,2,2,194,shopping
1069.206296094805,8299,9,1,0,1,1131,education
422.14650414227555,5411,14,4,2,2,1636,groceries
293.23144155451206,7832,19,3,2,1,530,entertainment
387.4335382003897,5411,16,5,1,3,941,groceries
328.0569555977672,5411,14,5,1,3,1615,groceries
374.01423410903624,5411,11,4,2,1,1164,groceries
282.80673055390776,5812,20,3,1,1,1416,dining
1963.0093406863477,8011,14,4,1,3,679,healthcare
279.92467125399264,5812,18,2,1,2,772,dining
1309.2436505097116,8011,12,0,2,2,1807,healthcare
1154.2165022802715,8011,13,4,2,2,610,healthcare
130.12609450639755,4121,10,0,1,2,1133,transport
3426.1252211706797,8299,10,1,1,3,896,education
246.71101926220814,5411,14,2,1,1,910,groceries
587.463139802408,5311,16,2,2,3,1595,shopping
130.58828008081048,4121,16,5,1,1,1564,transport
95.44262106766983,5812,12,6,1,0,68,dining
598.6152337706136,4900,11,6,2,2,242,utilities
863.038110139564,8011,12,4,1,3,1602,healthcare
33.232319195869934,4121,16,3,1,2,1195,transport
773.18595531254,5311,12,6,1,1,198,shopping
260.2890672668431,8011,15,0,0,1,966,healthcare
900.632945308223,4900,7,1,1,2,177,utilities
177.87617410915857,5311,16,6,0,1,1517,shopping
4413.98476487064,8299,15,0,1,1,1817,education
274.6164398983758,7832,21,5,1,2,476,entertainment
50.078882907196586,5812,18,0,1,1,1195,dining
173.32930158178917,4121,17,6,1,3,770,transport
950.3272404471704,8011,15,3,1,3,1234,healthcare
911.2870415022103,5311,14,2,1,3,924,shopping
55.52118136589335,5812,11,2,1,1,343,dining
525.1080972162442,4900,10,6,1,2,1574,utilities
208.71983392795133,5812,13,2,1,0,420,dining
3169.286177176669,8299,14,3,1,1,146,education
725.5846927185662,5311,18,6,0,0,355,shopping
144.76289179468807,4121,10,5,2,1,1070,transport
95.14970798568862,7832,21,3,1,1,1686,entertainment
309.28745160137,4900,13,4,1,1,464,utilities
187.89689976303913,7832,20,3,0,1,1816,entertainment
1301.688025297891,8011,13,1,1,1,371,healthcare
239.93367959598936,7832,22,3,1,2,1359,entertainment
1616.5383880006923,8011,13,0,1,3,218,healthcare
3179.661815013089,8299,10,0,1,2,266,education
459.03073361724466,5411,13,4,1,2,1682,groceries
67.52427343115487,5812,17,5,1,1,902,dining
115.80595215802443,5411,8,0,0,0,1718,groceries
191.03076411939924,4121,6,2,1,3,1125,transport
3877.456360366173,8299,14,6,1,1,751,education
199.8357309312282,4121,17,6,1,2,1189,transport
1109.6150735645633,8011,10,0,1,1,1136,healthcare
220.87146914864158,5411,8,2,1,0,1686,groceries
255.4303824758335,7832,18,6,0,1,408,entertainment
296.1219430634064,7832,19,4,1,3,1098,entertainment
1662.9172261522594,8011,10,6,0,2,347,healthcare
3052.7088687805244,8299,14,2,1,2,754,education
629.2452137216299,5311,14,0,1,1,1454,shopping
299.26263071600454,5812,19,1,1,1,303,dining
156.95068010880775,5411,13,4,1,3,516,groceries
1138.2826969077564,8011,11,4,2,1,1016,healthcare
102.37279120339812,5411,14,5,1,3,1658,groceries
35.330779780163795,5812,19,6,1,1,632,dining
384.73976706091446,5411,13,1,1,1,1439,groceries
451.3599284770869,4900,9,3,1,0,1273,utilities
950.993998661823,8011,10,0,1,1,458,healthcare
36.80946655100568,4121,7,2,1,0,51,transport
735.1330942505367,8011,10,1,1,1,1192,healthcare
237.11128677691343,7832,22,4,1,1,282,entertainment
456.8360357116796,5411,12,5,0,2,198,groceries
135.66141306428116,5812,16,0,2,3,1429,dining
86.68307264509498,4121,11,5,1,1,1089,transport
287.2197990543498,7832,20,0,1,3,1259,entertainment
146.4314301197289,4121,7,5,1,2,1373,transport
77.8146220618482,5812,14,4,1,1,248,dining
161.36480382474534,4121,9,4,1,1,1568,transport
58.868719024343754,5812,14,1,1,2,794,dining
290.785468831565,7832,21,4,1,1,1072,entertainment
96.85986831656075,4121,13,0,0,2,533,transport
1393.2572724187457,8011,8,1,1,3,1505,healthcare
170.67565217804736,4121,9,6,1,0,796,transport
269.06672320596584,7832,19,2,1,0,1104,entertainment
963.0556532142136,5311,13,1,1,3,1782,shopping
811.0874090734274,4900,11,0,1,1,356,utilities
4181.8438363057485,8299,10,5,1,2,1173,education
1546.2422627484584,8011,15,4,1,2,1054,healthcare
85.33547209622579,5411,9,2,1,2,240,groceries
1452.337530771984,8011,12,2,1,2,1106,healthcare
676.8502768455007,4900,19,0,2,2,507,utilities
198.57518338430248,5311,19,2,1,2,839,shopping
470.0651495928621,5311,10,0,1,3,540,shopping
209.98231420675504,5812,11,2,1,2,1448,dining
498.088144696237,4900,9,5,1,2,138,utilities
330.7479671001576,4900,14,2,1,0,1195,utilities
246.50024746948185,5411,8,6,1,1,1659,groceries
35.80604914084247,4121,18,1,1,1,1162,transport
302.4788175846061,4900,14,1,1,3,272,utilities
344.39798758211936,5411,17,5,1,3,147,groceries
600.8275445604037,4900,8,1,0,2,1350,utilities
4183.2810672171845,8299,10,1,1,1,634,education
87.27725907811052,7832,19,1,1,1,1352,entertainment
572.7168047863678,5311,12,5,0,1,1740,shopping
147.16016299346447,5311,15,5,1,1,1472,shopping
116.40283378718404,5812,13,5,0,1,181,dining
54.66433970240542,4121,14,2,1,2,653,transport
305.68687558791794,4900,8,2,0,1,1148,utilities
414.6822467375309,5411,13,2,1,0,1599,groceries
122.44446689822269,4121,15,2,1,1,689,transport
969.9356501807291,4900,15,0,2,2,248,utilities
200.43798749563896,5812,15,4,1,3,64,dining
422.00125594656424,5311,11,0,0,1,1238,shopping
140.0392495009341,5411,17,5,1,1,1384,groceries
896.3551844993756,5311,19,0,0,2,495,shopping
185.09546467472734,7832,21,3,0,1,838,entertainment
3992.9548972810317,8299,14,1,1,3,1614,education
206.82358634581902,8011,10,1,1,1,72,healthcare
4060.2365753732415,8299,15,5,1,0,520,education
92.02709556010137,7832,18,6,1,1,227,entertainment
475.6347896146945,5311,18,0,1,3,1130,shopping
1703.3387350848081,8011,13,3,1,3,1063,healthcare
172.55021288934614,5411,11,1,1,3,821,groceries
590.275602286554,5311,14,1,1,0,1224,shopping
495.5300804088726,4900,17,6,1,1,1105,utilities
321.8075200621785,5411,16,5,2,2,1680,groceries
257.79308147195707,5812,12,1,1,2,210,dining
308.27066127692825,4900,14,3,1,2,990,utilities
183.7686246737798,4900,17,0,1,0,1378,utilities
954.1527094402845,5311,19,4,0,1,1000,shopping
168.8390429174552,4121,10,1,1,2,1737,transport
23.043039097819094,4121,6,4,1,0,1415,transport
171.66872722867495,4121,11,6,1,3,453,transport
252.44250772398422,5812,17,6,1,3,792,dining
268.16450501151076,5311,16,4,1,2,179,shopping
4112.669168354015,8299,15,0,1,2,776,education
64.10878004001493,5411,16,6,1,3,1512,groceries
474.5736498151161,8011,9,6,1,1,367,healthcare
388.28812496132826,5311,16,6,1,2,1039,shopping
1916.5955947689974,8011,16,2,1,3,1736,healthcare
70.64497933017769,4121,9,5,2,1,189,transport
423.4518591882599,4900,12,5,0,3,1110,utilities
221.26782244371924,5311,14,4,1,1,61,shopping
252.35459214342063,5812,20,2,1,1,209,dining
106.56931527802571,4121,16,0,1,2,722,transport
156.6314881493043,4121,7,4,1,1,1282,transport
111.91947000384668,5311,14,2,1,0,1311,shopping
479.2923553402337,5411,17,5,1,1,1287,groceries
152.49517065761938,4121,18,1,1,3,1235,transport
997.2203596642449,4900,8,6,1,2,1769,utilities
955.126286799795,8011,13,3,1,0,852,healthcare
561.6493116076524,5311,18,4,1,3,1088,shopping
4441.754665874932,8299,15,6,1,0,1172,education
1980.2641378638054,8299,11,1,2,1,544,education
76.47947700129383,7832,19,1,1,1,1589,entertainment
283.63452246981103,5812,20,4,1,1,1529,dining
300.6847264580445,5411,9,3,1,1,1036,groceries
135.3062149979095,7832,18,0,1,2,956,entertainment
177.59475772151853,5812,17,5,1,3,1806,dining
877.3919563801735,8299,13,2,1,3,748,education
81.03763581287774,7832,21,4,1,1,19,entertainment
4334.250902894734,8299,10,2,1,3,1439,education
653.2163944254061,4900,8,5,1,1,1484,utilities
647.6802308247597,5311,13,6,1,2,1090,shopping
1527.8733888936147,8011,15,2,1,2,1069,healthcare
173.46378715685606,4900,17,2,0,2,1300,utilities
107.14172431892261,4121,9,4,1,1,1511,transport
36.71437096325702,4121,18,0,1,3,1736,transport
149.04678977662573,4121,14,2,1,2,93,transport
227.88859884377334,7832,20,2,1,1,187,entertainment
354.89878084910094,5311,12,6,1,2,1535,shopping
2718.645153634619,8299,11,6,1,2,327,education
896.0709419751089,5311,19,0,1,3,573,shopping
78.10150245906254,5411,17,0,2,2,1493,groceries
483.0183933037418,4900,7,0,1,2,68,utilities
75.75331842516269,5411,9,5,1,2,237,groceries
147.5449684249819,5411,11,5,2,2,1028,groceries
161.07286283425685,7832,19,6,1,3,1218,entertainment
1567.9411487409145,8011,12,2,1,1,30,healthcare
422.8163343603633,4900,10,1,1,2,725,utilities
1641.9330072447174,8011,9,2,1,1,1653,healthcare
57.15164549404152,4121,6,2,1,2,992,transport
3239.119010897733,8299,10,6,1,1,109,education
112.08940704352347,5411,9,6,0,2,1356,groceries
427.501748078908,5311,17,5,1,3,1572,shopping
139.43334405420364,4121,15,6,1,3,1823,transport
194.99676388655521,4121,9,0,1,2,605,transport
284.21916935727546,7832,21,4,1,1,1018,entertainment
1577.4305104503292,8011,16,6,1,3,146,healthcare
223.07279020079122,8011,14,1,1,2,1787,healthcare
365.26555142896495,5411,12,3,1,1,1584,groceries
138.65471240068894,5812,17,1,0,3,876,dining
99.61355876764621,4121,10,4,2,1,1278,transport
59.610733166510066,5812,18,6,1,1,1175,dining
195.06013309943106,5812,13,4,1,1,236,dining
240.35849439527203,5812,11,5,0,1,475,dining
3160.7163043597157,8299,10,5,1,2,626,education
210.15761861792967,7832,21,5,1,1,1107,entertainment
54.34773144783726,5812,17,3,1,2,695,dining
95.76110053015114,5411,12,4,1,3,442,groceries
259.6589428575915,7832,19,4,1,2,432,entertainment
66.3101982526223,5311,11,1,1,2,805,shopping
152.8894166676957,4121,7,2,1,2,723,transport
99.9817488570726,5812,17,3,1,1,506,dining
108.16343806789527,4121,7,2,1,1,1476,transport
300.8795357719812,5411,15,4,1,2,1466,groceries
394.4445411996395,4900,12,2,1,2,1823,utilities
48.39177916885055,4121,14,0,1,1,765,transport
149.5266699903059,7832,20,1,1,2,428,entertainment
73.08766475302431,4121,12,0,1,1,1151,transport
403.58515923288064,5411,12,4,1,0,1040,groceries
997.6156621692346,8011,11,1,1,2,1431,healthcare
82.8497612351977,7832,20,5,1,3,865,entertainment
715.5424272184642,5311,14,4,1,0,561,shopping
221.04207353890388,7832,18,2,1,2,1303,entertainment
226.91457243371354,5812,17,3,1,0,1186,dining
287.00329896379856,5812,18,0,1,0,477,dining
275.50529662380325,7832,22,1,1,1,1609,entertainment
55.1511949950703,4121,17,1,1,1,1418,transport
2922.8583714525057,8299,11,2,0,3,260,education
748.7271861790665,8299,9,5,0,1,1785,education
100.31290770367016,7832,20,4,1,2,167,entertainment
440.92100220836335,4900,16,4,2,1,583,utilities
289.83365638279463,5812,15,3,1,3,852,dining
2638.6520615692043,8299,15,3,1,2,1279,education
3800.8101356104676,8299,12,3,1,2,717,education
1091.6605013259127,8299,9,2,1,3,1354,education
3320.589848352041,8299,12,6,1,1,978,education
39.054162657993096,5812,13,0,1,3,177,dining
132.6417093712187,5411,16,0,1,2,446,groceries
319.7940145961998,5411,11,6,0,1,1175,groceries
109.53053796026038,5812,11,1,1,2,1653,dining
351.75343866661933,5311,14,1,1,3,1343,shopping
2305.313524524141,8299,9,6,1,1,1566,education
3055.2323386190737,8299,12,0,1,2,302,education
1224.9139520633332,8011,9,2,1,2,262,healthcare
777.6787563824822,4900,11,4,1,1,1642,utilities
1263.8012441187734,8011,8,0,2,0,1655,healthcare
120.55473987433243,5311,11,6,1,1,782,shopping
600.5071537356464,5311,10,3,1,1,57,shopping
239.74163255707768,5812,12,6,1,1,970,dining
109.77011593835883,5812,13,4,0,1,177,dining
206.1231433371857,5812,19,5,1,1,1142,dining
278.10187169325104,7832,20,5,1,3,598,entertainment
185.07933724207416,5311,14,4,1,2,934,shopping
140.17523155766133,5812,17,6,1,3,1808,dining
701.121908879639,4900,16,1,0,0,1702,utilities
147.4326779408811,4121,18,0,1,2,1712,transport
289.11396010222916,5812,15,4,1,2,166,dining
195.9398294918902,5812,17,2,1,0,1478,dining
247.10019939314682,7832,20,5,1,3,1028,entertainment
176.81868991559023,5311,19,5,1,1,1168,shopping
974.1948803161238,8011,11,1,1,2,222,healthcare
156.15121160524586,4121,17,5,1,3,117,transport
189.96993502118647,5812,17,2,1,2,1656,dining
1304.4568819414353,8011,13,6,0,1,1476,healthcare
102.98748972234566,5812,12,3,1,0,903,dining
4833.482893695371,8299,10,5,1,1,1696,education
54.82650674370239,5411,12,1,1,3,1168,groceries
150.43301345754654,4121,16,2,1,1,1751,transport
36.718370351154995,4121,17,2,1,1,1083,transport
64.24352430109322,4121,8,4,1,2,1246,transport
75.21505399635721,4121,11,1,1,2,1496,transport
70.91345711858136,4121,16,5,1,1,1559,transport
117.24762444494678,5311,13,6,1,2,811,shopping
125.89997971045027,4121,14,3,1,1,321,transport
87.79292385451522,5411,15,6,1,2,1422,groceries
198.50833011367996,4900,6,4,1,1,1006,utilities
301.6142799670905,5411,9,5,1,3,1211,groceries
1049.515734038317,8011,9,4,1,1,1344,healthcare
161.98117825202843,5411,17,6,1,1,677,groceries
113.3151013803725,4900,7,5,1,1,1557,utilities
219.98855059639774,5311,16,6,1,2,986,shopping
3853.202573383953,8299,14,5,2,1,407,education
187.26047296078943,5411,16,6,1,1,308,groceries
3888.7048537124588,8299,8,4,2,2,712,education
115.98892632421563,5411,9,4,1,3,886,groceries
542.8977631004338,5311,14,3,1,1,1259,shopping
97.02774457234324,7832,21,2,1,2,190,entertainment
297.5533806132716,7832,19,2,1,3,14,entertainment
439.84241038088896,5311,15,1,0,3,1517,shopping
338.237649490277,5411,8,1,1,2,1599,groceries
4685.299300857753,8299,8,3,1,1,355,education
265.2389418500726,7832,19,0,1,2,1634,entertainment
489.2387227096217,8011,12,1,1,2,490,healthcare
853.5193850634489,4900,17,3,1,0,86,utilities
216.08702008194712,7832,20,3,1,1,1070,entertainment
302.02337056978706,5411,17,5,1,1,1669,groceries
438.86603629277283,5411,11,2,1,2,1322,groceries
705.9804879981184,8011,10,1,2,2,1406,healthcare
163.5026219241644,7832,19,4,1,2,395,entertainment
264.1139339557817,8299,13,6,0,2,84,education
471.85190516264953,4900,14,6,1,0,1437,utilities
752.1488254911056,8011,10,6,2,2,186,healthcare
485.43835941706806,5411,9,6,1,2,262,groceries
437.58998124087293,5311,10,2,0,1,553,shopping
449.92421529428685,4900,7,4,1,1,1824,utilities
109.56211623417971,8011,9,6,1,1,1423,healthcare
150.71740442422805,4121,7,3,2,1,1652,transport
145.8157464401923,5311,12,0,1,2,1082,shopping
1069.3525745496663,8011,12,2,1,1,608,healthcare
2386.9137910217205,8299,9,1,1,3,1480,education
112.80535913290063,4121,11,2,1,3,1678,transport
181.814214289537,5311,16,4,0,3,1170,shopping
72.49310723662077,4121,16,4,1,2,935,transport
1412.2606293364202,8299,11,2,1,2,622,education
327.0107874255514,5411,9,6,1,1,165,groceries
431.09209707475884,5411,9,2,2,0,405,groceries
238.360300004701,5812,19,0,0,1,1340,dining
786.3140272837674,5311,10,5,1,1,1196,shopping
793.2066165047252,8299,11,1,0,1,237,education
4820.091760833367,8299,15,1,1,2,1121,education
107.93789516954271,5812,13,2,1,2,170,dining
370.1612952424234,5411,13,1,1,1,1220,groceries
561.6028394809854,4900,16,2,2,2,1491,utilities
191.352152916829,5812,12,5,1,1,1316,dining
224.1531315991436,5812,12,5,1,0,1241,dining
1244.769332932935,8011,10,4,1,0,368,healthcare
4279.345159257912,8299,13,2,1,1,1657,education
3848.9705492761063,8299,11,3,2,3,1097,education
296.4393753565016,5812,14,6,1,0,1022,dining
307.0648370877858,8011,12,4,1,3,216,healthcare
491.6477664101336,5411,9,4,1,1,101,groceries
210.58336549860118,7832,19,2,1,2,599,entertainment
868.3618689767129,4900,13,1,2,1,210,utilities
81.47913890431515,4121,14,5,0,3,1612,transport
318.2615809739285,5411,16,6,1,1,713,groceries
1665.887330444379,8011,9,6,1,1,1614,healthcare
4598.954454646229,8299,9,0,0,2,1602,education
134.44887836653527,4121,15,2,1,2,1171,transport
59.33084345650741,5411,12,2,2,3,1485,groceries
804.2523168822787,5311,17,0,1,2,803,shopping
167.03246792731295,7832,19,2,1,1,274,entertainment
1126.9430892777102,8011,8,0,1,2,637,healthcare
58.20268604223215,7832,18,0,0,3,1277,entertainment
156.25348587515148,4121,13,2,1,1,906,transport
509.49500957633893,8299,13,4,1,1,769,education
1174.0465576882398,8011,16,2,1,2,1472,healthcare
200.5780872631953,5812,18,2,1,2,472,dining
249.75271150853274,5411,13,2,1,1,529,groceries
482.77300660040936,8011,12,3,1,1,1529,healthcare
483.61779771346914,5411,8,2,1,1,109,groceries
484.195147780894,4900,16,5,2,2,181,utilities
685.5177410707266,5311,15,4,1,0,177,shopping
174.99225558817233,8011,10,4,0,1,624,healthcare
90.11479928884253,5812,18,6,2,2,1316,dining
434.66558446457725,4900,16,6,1,1,1096,utilities
52.1086994623525,5812,19,4,2,2,766,dining
734.9305898848011,8011,11,0,2,1,1310,healthcare
2252.007669596997,8299,9,1,1,1,1759,education
259.05651416453,5411,14,1,0,3,1111,groceries
717.4744999352349,4900,15,4,1,0,537,utilities
88.727841503962,7832,19,0,1,3,1547,entertainment
403.80452592885655,5411,17,3,1,1,119,groceries
178.6200959895466,5411,10,5,1,3,583,groceries
85.88582564683836,5812,19,4,1,1,1445,dining
3863.887474591414,8299,14,1,0,3,1695,education
873.0740626477825,8011,12,5,1,3,433,healthcare
526.5146551490583,5311,15,4,0,3,369,shopping
2769.1833603140117,8299,8,1,1,3,1155,education
174.59490475555668,5311,11,0,1,2,1126,shopping
1330.6685251528934,8011,16,6,1,1,323,healthcare
1115.3352294847305,8011,8,3,2,1,153,healthcare
50.51354061430683,5311,15,5,1,0,1603,shopping
401.34205762521896,5311,16,1,1,2,1087,shopping
254.3137488135524,5411,10,0,1,2,1752,groceries
858.622546187688,8011,14,1,1,2,1042,healthcare
352.4294598684307,4900,8,6,1,1,1156,utilities
260.03316394455203,5812,13,1,1,2,1573,dining
147.78558920646623,7832,18,0,1,1,266,entertainment
122.61853618936439,7832,20,2,1,2,540,entertainment
215.5018885478402,5411,15,1,1,2,1725,groceries
131.709991553481,4121,14,4,1,0,1218,transport
400.79590524571364,5411,12,1,1,2,1372,groceries
189.19175519889828,5411,11,5,1,1,894,groceries
420.400771066241,5411,13,3,0,1,1212,groceries
119.8098666540092,5812,12,4,1,3,733,dining
198.5016515018498,7832,20,2,1,1,84,entertainment
763.6512179150751,4900,12,6,1,2,136,utilities
166.0541995367539,5812,19,4,1,1,492,dining
80.65107592643892,5812,14,5,1,2,891,dining
4875.567442787426,8299,11,6,1,1,1401,education
92.95485439640022,4121,18,1,1,2,228,transport
583.098036405512,4900,10,4,1,1,307,utilities
260.69099779006723,8011,11,3,1,3,1252,healthcare
242.13099340532787,7832,22,4,1,2,76,entertainment
30.779773998510954,4121,6,6,0,1,412,transport
453.8616885840684,5311,19,3,1,0,1474,shopping
965.7698333031967,5311,17,3,1,1,527,shopping
121.68850618116103,4121,12,3,1,1,658,transport
355.34096840523813,4900,11,2,1,1,459,utilities
108.62052446311382,4121,9,4,1,1,1056,transport
137.72043307335207,4121,10,1,1,1,1434,transport
116.7419293044106,4121,14,2,1,0,1721,transport
58.5966591312415,4121,6,4,2,0,1240,transport
73.2349573488769,5411,10,4,1,2,1707,groceries
545.2566924470028,4900,18,4,1,2,898,utilities
121.80585838824852,5411,16,4,1,1,958,groceries
206.579159309727,8011,10,6,1,0,391,healthcare
217.11703380806173,7832,18,2,0,2,1704,entertainment
179.4149491309488,4121,6,5,2,1,853,transport
521.4367392246251,8011,8,5,1,2,168,healthcare
227.0436884958286,7832,20,6,0,1,1052,entertainment
1667.9373258501037,8011,12,3,1,3,1672,healthcare
237.4364053658406,5411,15,5,1,0,698,groceries
3343.1780509244422,8299,8,2,1,1,454,education
193.99823930594735,5812,19,6,1,1,1699,dining
69.21417809854032,5812,13,0,0,3,144,dining
170.97633875079222,7832,21,4,1,2,199,entertainment
2611.9121151029617,8299,10,6,1,2,1429,education
320.760461648342,5311,13,4,0,2,718,shopping
859.6933860955111,4900,6,3,1,1,1800,utilities
947.9806702595849,5311,19,2,2,3,894,shopping
924.765169630707,4900,8,3,1,1,274,utilities
3246.983509519269,8299,9,4,1,1,1359,education
213.51497161832637,5812,16,6,0,1,118,dining
175.25292615405525,5411,11,5,1,2,969,groceries
451.1497495560382,5311,14,5,0,2,1469,shopping
249.99632808925213,5411,9,0,0,1,1154,groceries
708.5095815921362,5311,15,6,0,1,1371,shopping
371.9842256355957,8299,15,4,0,0,399,education
209.05023048666783,7832,20,1,1,0,1416,entertainment
1508.0187238153135,8011,12,0,1,3,22,healthcare
264.19718705617686,5812,18,2,1,3,714,dining
257.86087630725433,7832,22,2,1,3,1217,entertainment
96.95582330316475,4121,9,6,1,3,118,transport
1898.8867459608884,8299,9,5,1,2,1088,education
228.68699570580014,4900,11,4,1,0,1041,utilities
1098.385406098051,8011,10,1,1,1,330,healthcare
121.46235658101529,5311,17,4,1,1,126,shopping
1782.6734527088952,8011,13,0,1,2,476,healthcare
110.87489923131248,4121,16,5,1,1,1238,transport
738.9965283338536,5311,11,4,0,1,1605,shopping
275.5442235101565,7832,20,5,0,3,805,entertainment
1442.1609324927456,8299,14,1,0,1,1407,education
859.2934760982572,8011,16,1,1,2,1664,healthcare
87.85108080108266,4121,18,0,1,1,1638,transport
681.576346108395,5311,13,0,1,0,824,shopping
874.8097590811482,8011,10,3,1,1,191,healthcare
175.5671321897436,7832,22,0,1,2,1062,entertainment
625.3654261459512,4900,16,3,1,0,1806,utilities
501.258925734861,5311,13,1,1,3,712,shopping
763.4294476756465,8011,8,4,1,1,1116,healthcare
2287.5720378571355,8299,8,4,1,0,586,education
115.42790798234515,4121,16,0,2,0,965,transport
163.2867081019135,7832,22,3,1,1,405,entertainment
28.73894788729007,4121,12,1,1,1,1462,transport
137.33402889758932,5812,16,2,2,2,54,dining
70.20638286597601,5812,15,5,1,3,1432,dining
117.81681346775513,4121,15,2,1,1,1440,transport
427.2919828277338,5311,11,5,1,2,492,shopping
1613.659346625728,8011,9,6,1,3,1083,healthcare
985.3196324001194,4900,14,0,1,2,1497,utilities
296.75091228954125,5411,10,6,1,1,259,groceries
89.20293262215534,7832,21,0,1,2,1781,entertainment
1956.8567635797442,8011,14,6,1,2,1281,healthcare
498.00723918612704,5411,14,1,1,0,1618,groceries
563.9989767238555,8299,10,3,1,2,283,education
199.17076035857178,7832,19,2,2,1,517,entertainment
167.260013135217,4121,9,1,1,2,21,transport
115.58640779772591,5812,12,2,1,3,1461,dining
358.8610925822332,8299,15,6,1,1,679,education
417.96100356921977,5311,10,2,1,3,1515,shopping
511.8318778800396,4900,11,4,1,2,868,utilities
986.3956496134715,4900,6,2,0,3,1758,utilities
87.21896980002278,4121,14,5,1,3,960,transport
954.0685693648805,5311,12,2,1,1,1022,shopping
138.43923915923665,4900,14,1,1,2,1807,utilities
801.1840310406251,4900,11,5,1,3,814,utilities
755.6128870197565,8011,16,5,1,1,567,healthcare
116.16151960549999,4900,9,3,1,0,687,utilities
125.50953712001969,5812,16,4,1,2,471,dining
99.50288421268932,5411,9,3,1,3,1480,groceries
284.33312011460964,7832,20,2,1,1,836,entertainment
187.1550559051651,4121,9,3,0,2,862,transport
97.14537158049136,4121,7,4,1,1,996,transport
3739.2590769913495,8299,12,5,1,1,1123,education
245.7310745744439,4900,9,0,0,2,929,utilities
681.6917152567404,5311,16,3,1,3,548,shopping
3732.7006614111415,8299,11,0,1,2,568,education
111.89846373925262,7832,21,2,1,1,1400,entertainment
3969.8446217467404,8299,12,4,1,2,1178,education
221.36308054132772,5311,13,2,1,1,822,shopping
315.8043739984149,4900,6,5,1,3,1526,utilities
126.11321176843934,4121,10,0,1,1,286,transport
457.8833898183138,8011,8,6,1,3,752,healthcare
222.52202823894922,5411,8,6,1,3,429,groceries
20.32152234246145,4121,9,1,1,1,12,transport
188.33070635225468,5411,11,6,1,2,1811,groceries
152.56096420486375,4900,14,2,1,1,983,utilities
546.7642651483358,4900,19,0,1,2,1398,utilities
273.5520590874872,5812,14,3,1,2,1365,dining
104.00880109118259,5411,13,5,1,3,433,groceries
4897.593743422311,8299,11,2,1,1,34,education
1932.0839790042717,8011,10,0,1,1,530,healthcare
116.199970239119,7832,21,4,0,2,1068,entertainment
112.5371416819693,7832,19,5,1,1,190,entertainment
190.75390905920423,5812,19,0,1,3,442,dining
1445.843733635595,8011,8,6,1,1,803,healthcare
570.945402927042,8011,8,6,1,1,781,healthcare
4490.671803018993,8299,8,5,1,1,89,education
82.20892744206702,7832,20,2,1,0,1448,entertainment
172.14466830978853,8011,9,5,1,3,479,healthcare
818.2791144249826,5311,19,3,1,2,1305,shopping
2498.069581538835,8299,12,3,2,1,767,education
2660.1442028553433,8299,15,6,1,1,1265,education
499.22648600849146,4900,11,6,0,2,915,utilities
1355.350993726687,8011,14,0,1,1,1718,healthcare
944.2801949406961,4900,9,3,1,2,1559,utilities
339.32327328850135,5311,11,0,1,3,155,shopping
808.4033525294792,8299,11,4,1,3,274,education
284.4708012828469,7832,19,0,1,1,514,entertainment
438.0661981087836,5411,14,3,1,3,1098,groceries
188.78478834299716,5812,20,1,2,1,784,dining
457.7310660732145,5411,15,4,1,1,1499,groceries
236.64892734699885,5812,20,1,1,2,1096,dining
79.63782510276356,5311,19,0,1,0,82,shopping
356.42591110027456,5411,9,5,1,3,1105,groceries
675.3196350285385,8011,10,3,1,1,115,healthcare
398.32706306603427,5411,15,0,1,2,1073,groceries
668.134414538437,8011,11,0,1,2,1726,healthcare
851.3376325278579,8011,8,4,1,1,470,healthcare
77.52475992274923,4121,15,0,1,1,1207,transport
122.90252414952938,7832,21,2,1,2,1673,entertainment
446.38959445582907,4900,7,3,1,1,491,utilities
292.89509551553823,5411,11,0,1,1,656,groceries
665.7315375401618,4900,8,3,1,3,136,utilities
722.9435480923388,4900,12,5,1,2,1301,utilities
138.84837548478092,4121,12,3,1,2,821,transport
2014.3911466001905,8299,13,3,1,2,990,education
36.7738996408355,5812,18,2,1,2,1244,dining
662.387668520158,4900,7,4,0,1,480,utilities
141.69593905050138,5812,17,5,0,3,337,dining
223.02264950196613,7832,20,1,0,3,206,entertainment
3415.7316322218016,8299,14,2,2,1,338,education
182.88866751931798,7832,19,6,1,2,1469,entertainment
1742.3725861561236,8299,14,5,1,2,200,education
3471.733629945269,8299,12,5,1,2,1002,education
383.3655187879649,5411,16,1,1,3,79,groceries
290.5636986542933,7832,19,1,1,1,1246,entertainment
440.02760885294333,5311,10,0,1,1,1674,shopping
243.29798222527018,5812,19,4,1,2,1689,dining
4481.174786878378,8299,9,6,1,2,678,education
596.4418162325536,5311,19,6,0,2,1529,shopping
99.14435529518461,4121,7,6,1,3,38,transport
2595.735758677546,8299,13,3,0,2,1485,education
225.84412967943183,7832,21,2,1,2,1256,entertainment
1701.8316794139605,8299,12,1,1,3,133,education
2188.8241024750973,8299,10,1,1,1,231,education
229.52181363642993,4900,18,1,1,2,715,utilities
3083.784023989939,8299,10,2,1,1,1753,education
1291.9004809556145,8299,9,3,1,2,1582,education
3610.551098963982,8299,9,0,1,1,930,education
234.7387454343737,5311,13,2,1,3,1077,shopping
119.52601584391603,5812,15,6,1,1,1527,dining
4329.531777589195,8299,10,3,1,3,681,education
217.69372630770442,5812,17,4,1,1,528,dining
1775.1944450463968,8011,16,3,0,2,1013,healthcare
878.8173991053582,8011,15,2,1,2,578,healthcare
179.8082378381485,5812,20,5,1,3,1726,dining
114.01771939889181,7832,20,6,1,0,978,entertainment
1582.8137914907963,8011,9,2,0,2,461,healthcare
120.49464881390679,7832,19,4,1,0,886,entertainment
346.3437204488227,5411,12,6,1,2,1061,groceries
147.49675418077834,5812,15,4,1,0,86,dining
3417.5810772373625,8299,9,1,1,1,1607,education
680.8002167911684,8011,12,4,1,1,1206,healthcare
774.7957373418136,8011,14,3,1,1,1610,healthcare
616.9010959605432,8299,13,6,0,1,1761,education
137.1911241923084,7832,21,0,1,2,1024,entertainment
2981.5613271822253,8299,8,4,1,1,713,education
189.16190573769813,5311,12,5,1,2,389,shopping
234.63500294684374,7832,22,2,1,0,1777,entertainment
160.15193814104708,5411,16,2,1,1,1114,groceries
1772.0606725844682,8011,11,1,2,2,312,healthcare
4942.498095376608,8299,14,4,1,2,927,education
713.9481754426864,8011,10,5,1,0,1688,healthcare
583.1854767669172,4900,17,4,1,2,488,utilities
1649.8198715772437,8011,12,2,1,2,1499,healthcare
3109.0262539251025,8299,14,5,1,1,209,education
306.432265857848,5411,12,5,0,2,758,groceries
65.71818479961875,5311,11,3,1,2,697,shopping
166.05632398048346,4121,13,2,0,1,1347,transport
685.23557082568,5311,18,6,2,1,1178,shopping
34.237949316264306,4121,13,4,0,0,1265,transport
1517.535687409367,8299,12,4,1,1,557,education
184.98160015384988,4121,17,1,0,2,1548,transport
290.1645085025667,5812,11,4,0,1,1083,dining
170.50318537772534,5812,14,6,0,1,1019,dining
167.03957575811899,8011,11,2,1,2,897,healthcare
536.7523765527537,8011,10,2,0,1,1253,healthcare
106.6744764437599,4900,11,4,1,3,1163,utilities
64.48991284719708,5411,15,0,1,3,711,groceries
165.72133224757835,4121,15,3,1,0,427,transport
91.31703972488536,4121,12,1,1,3,91,transport
146.32225251346398,4121,16,2,1,2,631,transport
140.08792710913107,5411,16,4,0,1,1551,groceries
115.8348668663104,7832,20,2,1,2,257,entertainment
169.99757403324233,5411,15,4,1,2,920,groceries
1470.097194227793,8011,15,0,1,1,1147,healthcare
2486.755619193332,8299,13,1,1,2,322,education
419.97968556691626,4900,9,0,1,0,1576,utilities
689.2758962730653,5311,15,5,1,2,1730,shopping
670.3396405058526,4900,15,0,1,2,1787,utilities
210.53019989313418,7832,22,6,1,2,235,entertainment
1754.5505935175322,8299,14,1,1,1,848,education
296.94197152141044,7832,19,4,2,0,1039,entertainment
195.3964847259614,5411,17,0,1,3,1512,groceries
243.17200219898308,5812,13,4,1,2,465,dining
131.0607822568433,4121,9,1,1,3,1203,transport
90.84629813366601,5411,9,3,1,2,808,groceries
357.81027510620544,4900,16,4,1,1,285,utilities
101.42249734127024,4121,15,3,1,1,1072,transport
309.71369566667306,8299,8,4,1,2,1487,education
1704.6112869697831,8011,8,6,1,3,931,healthcare
171.71082111601876,5411,17,4,1,1,1424,groceries
1360.6743554305426,8299,8,6,0,1,1432,education
164.6280971825131,5812,18,6,1,1,1152,dining
256.4972791339533,5812,12,5,1,2,236,dining
34.48562286600487,5812,12,0,1,2,1316,dining
298.4243201200901,4900,6,1,1,1,1811,utilities
209.9699081551863,5411,10,4,0,2,1135,groceries
206.61806443505284,7832,20,2,1,1,1457,entertainment
2687.100028850426,8299,9,2,1,0,759,education
2190.6411910088177,8299,12,4,2,3,383,education
286.84998649472556,5812,12,6,2,1,969,dining
231.61202619926277,4900,18,5,1,2,1088,utilities
332.00368055966294,5411,10,0,1,1,1660,groceries
48.337133600062685,5812,12,2,2,3,151,dining
68.07084199544545,7832,20,1,1,2,877,entertainment
1182.6361866324007,8299,15,3,1,1,1364,education
466.8643296813277,8011,13,2,1,0,1338,healthcare
169.25104941160563,7832,21,0,1,1,835,entertainment
224.0524763714652,7832,21,0,1,2,637,entertainment
1700.7317278807159,8011,13,2,0,3,1605,healthcare
251.45509031093582,7832,19,2,1,2,677,entertainment
229.1613586958567,5812,19,6,1,3,1735,dining
1177.4594311016476,8011,16,6,1,3,148,healthcare
3450.181038076613,8299,13,2,1,0,202,education
60.26506111361184,5812,12,2,1,0,1003,dining
4989.602610282378,8299,8,1,1,1,258,education
255.7732999537603,7832,21,0,1,2,1702,entertainment
67.63622281185094,5812,12,2,1,0,493,dining
144.98788255890386,7832,21,3,1,0,967,entertainment
417.39149055202233,4900,9,1,1,2,7,utilities
243.1966518016722,5411,11,6,1,1,70,groceries
279.9748382451239,7832,19,1,1,3,142,entertainment
154.2476609840506,8011,14,1,1,2,517,healthcare
487.6779083545981,4900,19,2,1,0,782,utilities
89.58548493771063,4121,7,1,1,3,968,transport
101.4478887331633,5812,11,6,0,1,374,dining
1784.654219906955,8011,11,2,1,1,312,healthcare
226.67747221024777,7832,21,4,1,1,634,entertainment
752.1370420682257,4900,16,5,1,2,547,utilities
590.5175509529302,8011,9,6,2,2,504,healthcare
280.52616278040756,5812,16,3,1,2,727,dining
351.2772465079529,8011,10,2,1,1,1605,healthcare
520.4041454097128,4900,8,4,1,2,1549,utilities
37.524391614179,4121,7,2,0,1,259,transport
445.34764360961657,5311,19,6,1,2,1316,shopping
110.76468296012824,7832,18,1,1,2,639,entertainment
106.32406411356413,8011,11,4,1,0,55,healthcare
438.03144251708693,5311,19,4,2,2,1437,shopping
581.8525113588881,8299,10,6,1,2,189,education
245.8981444423835,7832,22,6,1,2,665,entertainment
168.51019270786173,7832,20,1,1,2,289,entertainment
136.9033360955556,4121,10,3,1,3,116,transport
497.2453975277624,5311,16,2,0,1,320,shopping
162.76145839275395,4121,10,0,1,0,1818,transport
112.365817517968,7832,20,6,0,2,890,entertainment
298.77053160818923,5812,12,1,1,0,574,dining
716.7647083554459,5311,18,6,1,2,1547,shopping
468.3981357001887,4900,10,6,1,3,971,utilities
144.38501720566634,5311,18,5,1,2,429,shopping
1198.695816455574,8011,8,5,2,2,1425,healthcare
684.3579332481065,4900,11,6,1,2,852,utilities
102.85285844529922,5411,8,1,1,3,488,groceries
1296.866306397892,8011,12,0,2,1,1431,healthcare
204.62464072408835,5812,12,6,1,1,608,dining
421.40773828133666,8299,15,6,1,1,1659,education
146.63645773144168,5411,16,6,1,2,382,groceries
944.5750194226481,5311,15,2,1,1,379,shopping
190.38849754604752,5812,11,6,1,2,4,dining
52.608240772071056,4121,8,1,1,3,510,transport
784.0446427719717,4900,13,6,2,1,734,utilities
1594.057006730697,8299,13,2,1,1,1010,education
4529.2724649463025,8299,15,4,1,3,1547,education
160.50306591000324,4900,6,6,1,3,523,utilities
1789.2516702389555,8011,15,0,1,1,1397,healthcare
1057.7036273522122,8299,15,6,1,1,1309,education
4973.833312041581,8299,8,6,1,1,1785,education
325.614475221089,8299,15,2,2,0,1176,education
169.57121431053147,7832,21,4,1,3,1206,entertainment
743.0369469826021,4900,6,6,1,3,973,utilities
106.54938792562118,7832,19,0,2,3,1306,entertainment
974.5009753807183,8011,12,4,1,2,916,healthcare
178.1219901864646,5411,10,2,1,0,343,groceries
265.1645532230628,5812,18,6,1,2,1405,dining
65.12487421418857,5311,12,2,1,1,378,shopping
1239.2433730880489,8011,8,6,1,2,522,healthcare
4118.242261792025,8299,12,4,0,1,1803,education
205.62735743495284,5812,13,5,1,2,68,dining
709.4122531919852,5311,16,3,1,2,1560,shopping
301.1995532811262,5411,13,3,1,3,284,groceries
601.3024231014308,4900,14,2,1,2,1575,utilities
882.5583888763226,5311,16,4,0,1,603,shopping
3302.3975946429896,8299,14,1,1,2,935,education
1123.6011223051687,8011,16,2,1,2,1439,healthcare
324.00761899265297,8299,14,3,1,2,1333,education
683.7234862210147,5311,12,5,1,1,17,shopping
62.37664951472911,7832,19,3,1,1,1434,entertainment
246.39026780075616,4900,15,6,1,1,810,utilities
175.22071786674834,4121,14,4,1,2,911,transport
91.7556942189409,5812,16,6,1,2,95,dining
73.31763738146714,7832,21,2,1,1,963,entertainment
94.29556236835421,4121,8,3,1,2,1485,transport
126.66715558101714,7832,22,0,1,3,1062,entertainment
95.54024662277975,5311,14,3,1,0,737,shopping
771.0928384034883,4900,19,2,0,1,1360,utilities
59.17064495918749,4121,12,2,1,2,1003,transport
1294.2678595309703,8011,8,0,1,3,157,healthcare
101.6270805422965,4900,7,1,1,1,1113,utilities
242.09097434221138,7832,18,3,1,1,430,entertainment
193.83898565183196,4121,15,3,1,1,876,transport
223.27015682711766,8011,15,1,0,2,1218,healthcare
3175.204761569212,8299,14,6,1,0,1094,education
488.383603532829,5411,10,0,1,3,1063,groceries
4272.097528472994,8299,15,5,1,2,656,education
4524.2779092519495,8299,12,4,2,1,973,education
333.700872264248,5411,16,5,0,2,1443,groceries
186.38540883169028,5812,16,1,1,3,1453,dining
1068.9835898924796,8299,15,4,1,3,1255,education
69.8004424176068,4121,8,1,1,1,729,transport
1695.2912566905502,8011,9,4,1,1,697,healthcare
64.9674725065421,7832,19,1,2,3,1160,entertainment
175.82940781285095,5812,13,6,1,0,1740,dining
935.478760480161,4900,10,4,1,1,1630,utilities
4945.09585251427,8299,15,5,1,1,1133,education
408.0107831343405,4900,14,4,1,3,1059,utilities
34.48980286730859,4121,14,0,1,3,1225,transport
162.89224426988108,4900,14,4,1,1,461,utilities
134.09662970300286,5311,15,3,1,1,886,shopping
1080.666385359933,8011,14,1,1,1,1414,healthcare
121.80573866774283,4900,17,2,2,1,26,utilities
225.1067226774777,7832,20,2,1,3,863,entertainment
1540.3294490980918,8299,13,4,1,1,842,education
762.2496996011577,4900,18,1,1,0,479,utilities
746.9591028725151,5311,16,6,1,1,655,shopping
283.11586362441835,5812,16,4,0,1,1219,dining
276.37403674679916,7832,19,2,0,1,1621,entertainment
687.5011170059395,5311,13,5,1,1,673,shopping
78.55898772215961,5812,12,5,1,2,1650,dining
159.36038278732227,5812,12,1,1,3,257,dining
146.09878418794202,4121,7,0,2,2,1590,transport
247.5977998288053,5411,12,3,1,2,1430,groceries
118.8834821417655,5812,16,6,1,3,122,dining
170.89484196202395,5311,15,4,1,1,788,shopping
981.5035769481135,4900,16,5,1,1,1445,utilities
121.06091233527827,5411,11,2,2,1,1057,groceries
459.95253139416127,4900,13,3,1,2,948,utilities
3573.4305971299054,8299,14,0,1,1,988,education
1248.7493230840305,8299,11,5,0,1,683,education
3641.0382010676462,8299,15,5,1,2,89,education
30.662890776199447,4121,15,2,1,2,1124,transport
59.562455412101336,4121,16,6,1,2,1650,transport
156.83891661853357,8011,15,0,1,2,1265,healthcare
1653.8401337980533,8011,12,1,2,1,333,healthcare
621.8511248660059,4900,19,1,1,2,891,utilities
878.8710886664196,5311,11,2,1,0,1335,shopping
127.53632129211326,5812,15,1,1,1,532,dining
120.95352101804635,4121,17,6,1,1,1326,transport
55.76473837662906,4121,15,4,1,1,543,transport
979.4394848947474,4900,17,5,1,2,272,utilities
616.3612262322376,5311,14,3,2,1,1758,shopping
520.6525801944025,8011,8,4,1,2,1384,healthcare
162.22327340277084,5411,15,3,1,2,1735,groceries
2442.3793669522697,8299,13,5,1,1,1354,education
4113.89505479578,8299,10,5,1,3,105,education
669.8982823693902,4900,6,4,2,1,1054,utilities
66.97334002668255,4121,10,2,1,0,1230,transport
304.0611469855612,4900,11,5,0,1,1332,utilities
246.83250285094064,5411,16,2,2,2,139,groceries
4247.920853899047,8299,9,2,1,3,1619,education
3187.23311530668,8299,13,3,1,1,189,education
866.1319392769994,4900,19,2,1,3,304,utilities
218.21849862746177,7832,19,6,2,1,523,entertainment
60.12913442605784,7832,19,0,1,3,1616,entertainment
255.41595786752362,5812,14,4,1,2,794,dining
127.19417010764839,5812,15,1,0,1,991,dining
346.77344623614414,5411,9,3,1,3,934,groceries
884.3582884035718,8011,16,5,1,3,1213,healthcare
881.9350645678741,4900,6,1,1,1,1678,utilities
317.72849560700996,8011,14,2,1,1,329,healthcare
551.8395732568133,5311,19,0,1,3,412,shopping
118.53596814275708,5812,17,0,1,1,917,dining
243.37061256377632,7832,20,0,0,0,21,entertainment
1434.4100765916276,8011,8,1,1,1,1469,healthcare
299.56580000406734,5812,19,1,1,1,90,dining
705.3586875149497,5311,12,5,1,1,71,shopping
472.39233712296345,8299,13,1,1,2,1249,education
1694.9174902966383,8299,9,0,1,1,1261,education
196.84678899701058,4121,12,3,0,2,1348,transport
163.86254560043173,4900,17,1,2,2,142,utilities
108.18651005676517,5812,19,1,1,2,508,dining
1953.4148119004078,8011,13,6,1,1,1214,healthcare
62.900574720026945,5311,13,3,2,3,1729,shopping
349.59420397035467,4900,10,2,0,3,1543,utilities
33.99838406309277,5812,19,0,1,1,303,dining
268.22740973387727,5812,19,6,1,1,749,dining
3464.1001291753437,8299,9,3,1,1,1105,education
78.82650278490065,7832,18,0,2,1,1723,entertainment
269.0136337480116,5411,8,5,1,2,1672,groceries
96.07532270866183,5411,13,0,1,2,1538,groceries
826.6200458076281,8011,10,0,1,1,1168,healthcare
147.16693293683807,7832,19,5,1,3,860,entertainment
3547.8763625936313,8299,13,5,1,2,8,education
75.04494055593153,7832,19,0,1,1,346,entertainment
50.25167674282214,4121,7,5,1,2,925,transport
447.46991779463985,4900,11,4,1,1,1089,utilities
66.16462570822407,5812,18,6,1,3,53,dining
907.8634408859617,5311,18,3,1,1,636,shopping
282.0287797255046,7832,18,4,1,1,524,entertainment
965.7737586103635,4900,18,4,1,2,211,utilities
1479.699012664285,8011,11,2,0,3,502,healthcare
104.9068992071523,4900,13,1,1,1,1149,utilities
268.7541111065988,7832,22,4,1,3,528,entertainment
290.4994164753749,5311,17,6,2,1,1366,shopping
3493.9611102622275,8299,9,1,1,1,917,education
461.7469048239278,5411,14,6,1,2,1765,groceries
163.69405396178038,4121,17,1,1,0,1098,transport
802.0598188034262,8011,12,3,1,0,658,healthcare
203.75390295936893,4900,12,2,1,2,1057,utilities
413.7664963362201,4900,18,6,2,1,1730,utilities
204.64984971301755,7832,18,2,1,0,797,entertainment
316.3836919162502,4900,6,4,1,1,1609,utilities
252.85986596756757,7832,22,5,0,1,129,entertainment
828.6410031555439,8011,14,6,1,2,667,healthcare
528.0052834973964,5311,15,6,1,3,1314,shopping
1006.1391125819437,8011,10,2,1,1,1326,healthcare
284.2446590482815,5812,18,6,1,3,1744,dining
413.4101596767306,5411,9,0,1,3,185,groceries
212.98621882799884,5311,12,0,1,1,1316,shopping
51.08061820367999,5812,12,1,0,0,1515,dining
555.2640569262614,8011,12,4,0,2,1447,healthcare
4385.086421105291,8299,12,4,2,2,1249,education
175.74753268482226,5311,12,1,1,3,302,shopping
204.09093649184499,7832,21,4,2,2,1197,entertainment
654.6830092642797,4900,11,4,1,1,1128,utilities
137.1079417394965,4121,11,6,1,2,292,transport
583.9897877040121,4900,17,0,1,2,1406,utilities
290.04877048086877,5411,14,1,2,1,817,groceries
430.5077077541961,5411,12,6,1,1,1140,groceries
486.93184737267524,5411,9,4,1,0,641,groceries
262.5085261741444,7832,22,5,1,3,1255,entertainment
839.7308353675635,4900,8,4,1,3,314,utilities
218.4137712846974,7832,21,1,1,3,471,entertainment
1673.9658267675936,8299,10,1,1,3,236,education
37.98692259393468,5812,15,1,1,0,1455,dining
133.5363416021675,4121,9,4,1,3,1569,transport
107.36826847250605,4121,15,2,1,2,592,transport
51.664377862032666,7832,21,5,1,1,1527,entertainment
256.82120013789086,5411,12,1,0,1,1612,groceries
1466.4695632901248,8011,12,5,0,2,24,healthcare
1906.3286331774038,8011,16,4,1,3,1598,healthcare
106.36643653243897,4121,14,6,0,1,1628,transport
192.57140389479605,4121,11,2,1,3,763,transport
201.07559319689832,5311,19,2,1,1,471,shopping
116.39139221310725,4121,13,6,0,1,141,transport
96.18938555517153,7832,22,6,1,2,1443,entertainment
63.61234232211195,7832,22,4,1,1,677,entertainment
270.32943353306234,5812,15,2,1,3,509,dining
2972.9183292805633,8299,11,0,1,1,416,education
363.8817726947407,5411,8,3,1,2,1585,groceries
3863.6078624043957,8299,12,3,1,2,1421,education
716.6412255083256,5311,10,4,1,3,459,shopping
790.1777252563804,5311,12,6,1,1,333,shopping
78.69216627822236,5311,14,6,1,3,1794,shopping
77.52047756128786,5311,17,2,1,2,54,shopping
754.0674745667228,5311,19,0,1,1,1548,shopping
601.0396632931469,4900,13,1,1,2,725,utilities
317.0487662526185,4900,11,0,1,1,1027,utilities
791.2075306572135,4900,13,4,1,1,1458,utilities
415.8912328240634,4900,12,0,1,0,652,utilities
159.91899864841162,4121,8,5,1,2,232,transport
986.4412934419046,4900,14,4,1,0,1666,utilities
70.36252641146152,4121,11,1,1,3,103,transport
334.7181148122364,5411,15,2,1,3,453,groceries
3513.933200265793,8299,14,5,1,1,1277,education
57.9144651567296,4121,13,3,1,0,1720,transport
149.88294948178773,4121,8,2,1,1,325,transport
62.44783836971001,4121,13,4,1,1,1772,transport
170.25867512398918,8011,16,6,1,1,71,healthcare
441.02162069708703,8011,10,3,1,1,1377,healthcare
339.5576343359959,5411,16,4,1,2,118,groceries
948.7454451528141,8011,15,6,1,1,1317,healthcare
61.71583086379863,7832,21,0,1,0,1352,entertainment
2393.526182003998,8299,10,5,1,3,648,education
242.75081601305484,5812,11,1,1,2,981,dining
61.54783820609723,4121,7,3,1,0,1198,transport
144.48265964018063,7832,22,0,1,2,555,entertainment
76.08139576735078,4121,14,6,1,3,1528,transport
253.01267889058892,8299,13,4,0,3,474,education
299.7791422202693,7832,22,1,0,1,914,entertainment
661.2703445080458,8011,11,4,1,1,1593,healthcare
293.5370671955243,5812,13,0,2,1,477,dining
873.0403942187703,4900,9,0,1,1,1256,utilities
201.7422422558796,5812,16,2,1,2,1553,dining
121.83906471084634,5411,11,6,1,2,258,groceries
156.412846246782,4121,15,1,2,0,1627,transport
912.257075986715,4900,12,1,2,3,1102,utilities
278.0074170429285,5812,16,0,1,1,485,dining
137.42699491145913,5812,19,6,1,1,1313,dining
515.9671428316616,5311,14,4,1,1,1281,shopping
192.280794036945,5812,11,1,1,3,189,dining
293.75192393462555,5812,16,5,1,2,1709,dining
126.58612039585161,7832,22,0,1,2,1777,entertainment
126.94507319162702,8011,15,0,2,1,1266,healthcare
187.37259660489485,7832,20,1,1,1,1368,entertainment
248.11753066473554,5812,17,2,1,2,368,dining
166.1742230262307,7832,22,5,1,1,1316,entertainment
696.0745183711175,4900,16,0,0,2,886,utilities
145.30316580632237,8011,12,4,1,2,1796,healthcare
1468.6033922787153,8011,12,0,2,1,757,healthcare
702.7651697661804,5311,11,2,1,2,313,shopping
136.19224963350152,4121,9,2,1,1,1534,transport
74.625833943828,7832,22,4,1,2,1784,entertainment
223.7764352806712,7832,19,1,1,2,1238,entertainment
141.46171628055347,7832,18,3,0,2,1449,entertainment
238.07218690836345,8011,16,5,1,1,18,healthcare
179.87225819756324,5812,17,0,1,1,803,dining
47.89979041602473,4121,18,3,1,2,593,transport
412.6105577681129,4900,18,6,1,1,144,utilities
1992.2399207175388,8011,8,1,1,1,817,healthcare
128.6142763492013,7832,21,1,0,2,609,entertainment
251.19423795748426,7832,21,5,1,1,1736,entertainment
226.52638601996722,7832,20,1,0,1,1499,entertainment
382.2622844520981,5411,9,2,1,0,1071,groceries
252.3370675322387,7832,21,3,1,1,76,entertainment
186.65113803523246,5812,11,6,1,0,596,dining
269.41809814374017,7832,18,0,0,1,341,entertainment
120.32346212197675,4121,11,1,1,1,1624,transport
661.9521332260175,8011,13,1,2,0,171,healthcare
1873.0487112199207,8011,9,3,1,2,1655,healthcare
150.44895887569214,5812,14,1,1,0,1660,dining
164.6157757989038,5311,19,6,0,1,34,shopping
361.9628252044586,4900,12,6,1,1,1801,utilities
101.26801136099262,4121,17,2,1,2,1199,transport
326.92855667246334,4900,12,1,1,2,1175,utilities
195.53719105917165,5311,14,0,1,3,1338,shopping
171.92687029220167,4121,11,3,1,2,392,transport
1999.2730516351953,8011,8,3,2,1,1750,healthcare
734.5213239174305,4900,11,6,2,3,1541,utilities
845.1037079853838,4900,16,3,2,1,1184,utilities
170.91888440420632,7832,21,2,2,2,1036,entertainment
1193.6415601778756,8011,11,2,1,1,370,healthcare
256.2400394922852,5311,14,5,1,1,437,shopping
273.34793999069984,5812,11,2,2,2,977,dining
1735.167240603898,8011,13,0,1,2,264,healthcare
284.2964977063412,7832,20,5,1,1,765,entertainment
120.70651079226522,7832,21,6,1,1,1427,entertainment
274.35485017126064,5812,15,1,0,1,835,dining
140.53914785189357,4121,15,2,1,1,94,transport
87.43028072701607,4121,16,5,1,2,1819,transport
57.35003909107557,5311,11,2,0,1,1343,shopping
254.26828180014644,7832,19,1,0,1,884,entertainment
3493.597799249019,8299,12,1,2,2,1437,education
861.043292532336,4900,13,4,1,3,311,utilities
126.13021007992589,4121,17,2,1,1,275,transport
71.15551465425422,7832,18,1,1,2,107,entertainment
581.7690986370957,4900,11,0,1,1,1583,utilities
196.18950597949143,7832,19,5,1,0,504,entertainment
380.27111476844794,5411,11,6,1,2,1213,groceries
433.1970145928499,5411,13,0,1,1,1047,groceries
21.1114655833437,4121,7,5,0,2,285,transport
512.3057749522765,4900,9,5,2,2,410,utilities
888.3244532451068,5311,16,1,2,3,1229,shopping
105.51708355773066,7832,19,4,2,1,474,entertainment
89.28901698538566,5812,16,5,1,2,668,dining
198.38049879547606,7832,18,4,0,2,699,entertainment
388.4932686415962,5411,14,1,1,2,557,groceries
870.3997414017089,8011,9,1,1,2,1221,healthcare
107.43559823136846,7832,20,3,1,2,1143,entertainment
562.773894238652,4900,16,3,1,2,631,utilities
98.07328797402555,4121,10,6,1,1,34,transport
711.0761441720769,8299,12,1,1,1,208,education
1396.4398598503526,8011,15,0,1,2,613,healthcare
1833.9164645453052,8299,14,0,1,1,318,education
193.06237349292388,4121,6,5,1,2,55,transport
607.3927670392145,5311,19,5,1,3,163,shopping
140.01987359824932,4900,14,2,1,1,991,utilities
174.7353761418626,5411,9,3,1,1,1678,groceries
443.85775380007783,8299,12,1,1,1,1444,education
288.44559610237434,5411,17,1,1,1,543,groceries
4030.942281435666,8299,9,5,1,2,1493,education
3058.579659402975,8299,15,2,1,2,1332,education
316.010184381906,5411,10,5,1,2,452,groceries
488.5922901471818,5411,16,4,1,2,1700,groceries
38.47796237759284,4121,11,6,2,3,1056,transport
282.2042422667551,7832,21,3,1,3,1644,entertainment
242.9955220121989,5311,13,3,1,1,1112,shopping
190.02602570374262,5812,20,4,0,3,1662,dining
227.6468331757489,5812,18,0,1,0,566,dining
1711.5122910453315,8299,9,2,1,0,1581,education
496.36959073796305,5311,10,6,1,1,1335,shopping
160.9540008368879,5812,14,6,1,0,980,dining
373.4357021309807,5311,18,1,1,1,354,shopping
600.3630091159251,5311,15,0,1,2,1079,shopping
840.8842526033854,8011,14,4,1,3,1375,healthcare
105.03259283339683,5812,20,1,1,1,1088,dining
258.3321168860843,8011,9,3,1,1,1055,healthcare
61.21637245621322,4121,9,0,1,1,939,transport
1839.2448517113755,8011,13,4,1,2,669,healthcare
1804.6391308820673,8011,11,4,1,2,798,healthcare
30.035763547508832,4121,8,0,1,1,477,transport
970.6818742192498,8299,12,1,1,1,1376,education
202.0633868468445,5812,17,1,1,3,1071,dining
744.5709721141266,5311,13,2,1,0,1271,shopping
116.4213323544355,5812,19,4,0,2,551,dining
170.30230518637956,4121,14,4,1,1,1354,transport
278.4250720218878,5411,15,2,1,3,772,groceries
909.357100039846,5311,18,2,1,2,1099,shopping
138.02347902688683,5411,16,2,1,1,538,groceries
356.2054876296071,5311,11,2,1,2,1604,shopping
73.04757724802816,4121,6,5,1,0,672,transport
320.7597147036362,5411,11,4,1,3,1150,groceries
85.86028408003014,7832,20,3,1,2,1414,entertainment
1587.3696058440814,8011,14,5,1,3,1632,healthcare
479.50255200186734,5411,8,5,1,3,223,groceries
651.6825169067897,5311,13,1,1,1,1427,shopping
333.7180255449997,5411,15,6,0,0,588,groceries
255.29445179301496,7832,18,0,0,3,522,entertainment
83.88379135100928,7832,19,4,1,3,1204,entertainment
446.95622425687145,4900,15,5,1,0,880,utilities
178.76793802157715,4121,15,6,0,2,332,transport
1747.888476338318,8011,13,3,1,1,1392,healthcare
764.4489322664848,8299,14,2,1,2,1255,education
1507.8803964310832,8299,10,2,0,1,28,education
60.346544084218124,4121,7,4,1,2,1277,transport
331.29883698277257,8011,9,3,1,3,1384,healthcare
253.082233942142,7832,18,4,1,1,1235,entertainment
179.8614835638242,4121,8,3,0,1,393,transport
96.46056996351281,4121,17,5,1,1,798,transport
399.0375416394683,5411,8,5,2,2,992,groceries
450.9791646241554,4900,16,4,1,1,960,utilities
208.60553280515683,5311,15,2,1,1,823,shopping
558.5295916463572,5311,12,3,1,1,1036,shopping
125.1158002910447,5812,19,0,1,2,1626,dining
125.94650152328411,7832,19,2,2,1,1245,entertainment
2223.5998155893494,8299,10,3,1,2,646,education
4392.813201056004,8299,14,2,1,3,504,education
3969.1814024718174,8299,13,1,1,2,427,education
196.00442788987712,7832,22,0,1,0,1554,entertainment
136.0196851534068,5812,18,6,1,1,1663,dining
3522.24631008434,8299,14,5,1,2,1719,education
260.66070416259674,5812,15,6,0,1,1504,dining
747.5212380490871,5311,13,0,0,1,405,shopping
71.61020360480875,5812,16,3,1,1,52,dining
423.0980944647549,5411,10,5,1,2,1378,groceries
2947.1660035985287,8299,11,2,1,2,1124,education
1434.1541031313254,8011,8,5,1,1,421,healthcare
203.89799793427179,7832,18,0,1,0,794,entertainment
287.5657816518905,7832,18,0,1,1,640,entertainment
470.9656506742784,8011,8,6,0,1,1589,healthcare
266.81748405871906,4900,8,2,1,1,1273,utilities
414.22537253744935,5411,12,4,1,2,1477,groceries
116.12123836562549,8011,14,5,1,2,1224,healthcare
2185.097566822081,8299,11,1,1,2,894,education
50.58342207073278,4121,7,2,1,2,1403,transport
180.11741031823084,4121,14,3,1,3,1261,transport
242.7027068790356,5812,19,6,1,2,1283,dining
392.85111124916693,5411,13,5,1,3,364,groceries
89.26674926029084,7832,18,6,1,2,231,entertainment
1786.0702474102623,8011,12,2,1,2,1175,healthcare
500.9503597236341,4900,19,2,2,1,1663,utilities
700.6174564140703,8011,16,0,1,2,362,healthcare
77.1285293657543,7832,20,4,1,3,141,entertainment
239.02980571113318,7832,21,3,0,2,1725,entertainment
1269.1896693863064,8011,8,6,0,3,684,healthcare
263.06035142850766,7832,22,6,2,2,203,entertainment
1324.6390616884296,8011,8,3,1,1,322,healthcare
237.22821195425104,5411,12,4,1,1,359,groceries
1431.1788592143366,8011,10,6,2,1,148,healthcare
213.4748524984743,7832,18,6,1,0,711,entertainment
181.9480297528077,7832,22,6,1,3,1560,entertainment
223.73648080752398,7832,20,6,1,1,56,entertainment
806.3196568543002,8299,10,3,1,1,1713,education
38.200391543707546,4121,12,6,2,3,1736,transport
939.7937985586481,8011,13,6,1,1,837,healthcare
1349.9894761640353,8011,13,0,1,1,56,healthcare
128.55671356340827,7832,21,1,1,1,1318,entertainment
260.41472741910786,5411,14,4,1,0,1602,groceries
1110.4600404676637,8299,11,2,2,2,106,education
126.52618055975367,8011,12,5,1,2,1156,healthcare
552.8526272885974,8299,10,4,0,1,1736,education
1367.3567876339068,8299,15,5,1,1,1150,education
102.46784168764805,4121,13,2,1,1,408,transport
168.96071759844503,5411,11,2,1,2,263,groceries
263.8001291539641,5411,10,5,1,3,1128,groceries
173.69230431809478,4121,10,3,2,3,465,transport
622.793859069955,5311,16,2,1,2,273,shopping
1218.8953118849179,8011,12,6,2,3,58,healthcare
324.0361318002346,8011,12,3,1,2,1796,healthcare
3390.6968105610213,8299,14,2,1,2,1660,education
1884.5727685814022,8299,13,3,1,1,35,education
192.79098511757948,5812,19,0,1,2,766,dining
3288.0763127305004,8299,13,5,1,2,278,education
91.66348463005887,4121,10,5,2,2,1114,transport
306.59073371617825,5411,11,2,0,1,875,groceries
52.25990340669813,7832,18,3,1,3,1408,entertainment
150.6809977432572,7832,20,5,0,3,497,entertainment
252.04366209619374,4900,10,1,1,3,254,utilities
71.94399111780763,5812,12,4,1,0,1468,dining
666.168534585263,4900,19,4,1,3,945,utilities
165.8378235199247,4121,18,5,1,3,921,transport
85.22899704594992,7832,21,1,1,3,1359,entertainment
2481.742540363967,8299,13,2,1,0,1296,education
86.74739372657166,7832,18,4,1,2,106,entertainment
555.4867297883741,5311,19,0,2,1,631,shopping
700.0063832744161,4900,14,2,1,2,1173,utilities
2669.543935123649,8299,14,4,1,2,1589,education
149.97655776099265,4900,19,0,1,3,114,utilities
181.34293362163604,5411,14,2,1,3,896,groceries
1756.0028171438044,8011,11,4,1,2,592,healthcare
4396.436488517023,8299,9,5,1,1,1435,education
216.7585146147714,5411,9,1,1,1,430,groceries
294.4836731669623,5311,14,2,1,2,37,shopping
544.0502338294915,4900,18,2,1,1,1163,utilities
1617.0317913499812,8299,10,0,1,1,1068,education
268.36667215691784,5411,10,3,1,2,1352,groceries
561.7379415151593,8011,12,6,1,1,1382,healthcare
906.9965834460494,4900,19,5,1,1,206,utilities
752.3140766208106,5311,11,5,1,3,503,shopping
238.8648410025256,5812,12,3,1,2,329,dining
64.01743101105463,4121,17,0,1,2,1496,transport
561.5138979697437,5311,18,6,1,2,376,shopping
96.19817810095273,7832,18,4,1,3,379,entertainment
489.04113074640395,4900,15,5,1,1,450,utilities
1305.8403652798747,8011,16,4,1,1,1176,healthcare
658.990546714687,5311,15,6,1,2,897,shopping
680.6523284683171,4900,8,1,0,2,923,utilities
181.93328671904808,5812,11,0,1,1,819,dining
247.80424694167166,5411,11,1,2,2,1147,groceries
412.18544595446,5411,12,2,2,2,594,groceries
23.266523796474587,4121,10,3,1,2,1628,transport
97.91012164708359,7832,18,2,1,1,1052,entertainment
162.90901830219906,4121,8,4,1,2,1452,transport
614.2102499219098,8011,15,3,1,2,475,healthcare
1431.4875035359116,8299,13,2,0,3,1318,education
970.0944028144648,8011,8,2,1,1,1638,healthcare
778.7931582566013,4900,19,3,1,0,717,utilities
2168.800167140919,8299,13,5,1,1,687,education
232.41516758400726,5311,16,2,1,1,477,shopping
289.0742744135947,7832,19,0,2,1,1246,entertainment
251.79678499128912,5812,14,5,1,2,135,dining
574.327811445113,8011,15,0,1,0,237,healthcare
341.72366378243106,5411,12,4,1,2,124,groceries
413.34914273111247,4900,16,3,1,3,1048,utilities
258.9787191173226,7832,19,4,1,0,945,entertainment
191.66843193737566,5311,16,4,1,2,1079,shopping
3564.717096923806,8299,13,4,1,1,1810,education
517.7144192295452,4900,7,0,0,1,162,utilities
265.1935689564447,5411,9,5,1,1,1523,groceries
281.7826309117002,7832,18,0,1,3,322,entertainment
241.86843684231422,5812,18,6,1,3,1004,dining
892.6276915949363,5311,19,1,1,0,561,shopping
273.6895767320368,5812,13,0,1,2,1632,dining
136.36059116013848,5812,16,0,1,2,860,dining
439.9271489538039,5411,8,6,1,1,1346,groceries
89.44283200666348,4121,10,6,1,1,1542,transport
279.7796939320971,5812,13,2,1,1,675,dining
22.415917050185364,4121,12,0,1,3,797,transport
206.59653666183823,8299,8,6,1,2,420,education
157.04001112668885,5812,18,1,1,1,1582,dining
436.3629246773513,5311,14,4,1,1,1532,shopping
820.7016699316489,4900,9,0,1,2,379,utilities
744.9921603232762,8011,9,4,1,3,1751,healthcare
63.26887403177414,5311,10,4,1,3,310,shopping
186.70719330596927,5812,11,0,1,1,451,dining
110.57472900601083,7832,19,4,0,2,784,entertainment
141.212664290407,4121,6,6,0,3,1436,transport
189.43726870068096,4121,16,5,1,1,619,transport
810.5011721718655,8011,9,1,1,3,1667,healthcare
173.87160349031936,5812,15,6,1,1,1386,dining
128.78575898379995,4121,7,0,1,0,591,transport
1841.2183534477383,8011,15,6,2,1,410,healthcare
247.4399688148973,7832,21,6,1,0,1586,entertainment
32.82662035694365,4121,15,4,1,3,1755,transport
72.58989022113731,4121,12,4,1,3,961,transport
117.07662996106534,5311,14,6,1,1,1490,shopping
456.09193463732225,5411,15,4,1,1,1684,groceries
121.88905998995429,5411,12,2,1,1,150,groceries
272.8279673050058,7832,19,0,1,2,1681,entertainment
125.80944939176644,4121,7,6,1,1,437,transport
508.8115281765684,4900,9,2,1,1,821,utilities
23.734300676104358,4121,13,6,1,2,1008,transport
1782.6477690262739,8011,14,2,1,1,3,healthcare
99.88516438246268,4121,7,1,2,0,1435,transport
765.374629895388,5311,14,6,1,2,520,shopping
214.72158130855834,7832,21,4,1,1,767,entertainment
144.64887581805755,7832,19,4,1,3,1662,entertainment
248.06004392423372,5411,13,5,1,2,178,groceries
91.53692341865758,4121,13,6,1,1,954,transport
84.11061839323314,5311,13,5,1,1,891,shopping
100.04713005870335,7832,22,4,1,2,1641,entertainment
410.08566156772906,5411,15,5,1,1,202,groceries
1177.713584482177,8011,8,3,0,2,1754,healthcare
69.83359033000755,5812,13,0,1,1,416,dining
189.78490093692383,4121,7,1,1,2,420,transport
122.66147813162125,4121,6,2,1,1,486,transport
228.3302968914992,7832,18,3,1,1,532,entertainment
169.89645894336394,5812,15,6,1,1,1252,dining
169.68652917590987,7832,19,6,0,1,1697,entertainment
1167.5435603261749,8011,14,4,2,0,1428,healthcare
41.14695453111291,4121,8,5,1,2,1409,transport
118.39842919651883,7832,18,4,1,0,1392,entertainment
188.63738961024495,4121,13,2,1,1,612,transport
281.82936998166986,5311,11,5,0,1,868,shopping
506.06019438579256,8299,15,3,1,2,904,education
693.5975713962008,4900,13,0,1,1,268,utilities
2191.972103074536,8299,11,0,2,0,1006,education
871.1617867504611,5311,18,6,1,1,1099,shopping
270.3326633303751,5812,15,5,1,1,511,dining
205.3807947802603,7832,21,2,1,1,1604,entertainment
482.34030774285463,8011,16,6,0,0,1110,healthcare
487.86091562689427,5311,19,2,1,2,743,shopping
857.6871410706208,5311,13,5,0,1,1786,shopping
61.50847121029987,5812,12,4,1,0,597,dining
206.48583058598564,7832,22,6,1,1,1513,entertainment
173.11095876115573,7832,18,2,0,1,1758,entertainment
2761.768046498362,8299,15,1,2,1,476,education
122.63835173431322,5311,10,2,1,2,1773,shopping
4323.817176211069,8299,11,5,1,2,1502,education
129.1061867328375,5411,17,1,1,2,1816,groceries
176.57915765342239,5411,14,0,1,1,581,groceries
1865.6393633105283,8299,10,5,1,1,895,education
1582.9114106533436,8011,15,4,1,2,24,healthcare
193.14564458689236,5812,20,2,1,1,1098,dining
1792.1717843961944,8011,9,4,1,1,744,healthcare
3294.6644240965206,8299,13,5,1,1,1087,education
147.61281045431463,4121,17,6,1,1,1153,transport
879.6550665241738,4900,14,1,1,2,130,utilities
429.6989890603165,4900,11,4,1,2,959,utilities
287.52919511347324,5411,16,3,1,2,536,groceries
240.32161739347413,7832,21,2,1,0,809,entertainment
489.44392841247276,5411,11,2,1,2,1637,groceries
486.8062696175186,5411,11,4,1,2,1603,groceries
23.998009402804808,4121,18,0,1,1,651,transport
109.79277045398418,5812,14,1,1,1,145,dining
72.62010973631341,5812,18,5,1,2,1489,dining
356.5070201330357,4900,12,6,1,3,1362,utilities
917.1859131966246,4900,16,2,1,1,605,utilities
610.8420617777725,4900,6,6,1,1,1120,utilities
465.43003142088156,5411,8,3,2,2,1425,groceries
185.4183946486966,4121,14,5,1,1,965,transport
97.0248146509735,7832,19,5,1,1,353,entertainment
253.4507496076212,5411,15,2,1,3,1044,groceries
87.31374923580736,4121,11,6,1,1,1556,transport
180.45886679605576,4900,19,2,1,1,1670,utilities
756.6540779563501,4900,18,0,1,1,1384,utilities
535.2173555547639,8299,9,1,1,1,1639,education
241.59859830785172,8299,8,2,1,1,886,education
195.8398773588382,5812,15,1,1,2,1347,dining
879.1144531207906,8299,11,5,1,2,405,education
1742.4752261340075,8011,14,6,1,0,1771,healthcare
186.99249703650256,5812,14,5,2,1,1630,dining
109.90137612095697,5411,17,5,1,3,238,groceries
121.39732773388444,7832,18,6,1,3,789,entertainment
1641.6646033011941,8011,16,3,1,2,1043,healthcare
257.9649797158576,5411,9,2,0,2,1657,groceries
892.367607395485,5311,15,5,0,1,1474,shopping
185.170831234381,5812,14,0,1,2,785,dining
184.7781017739962,7832,21,3,0,1,1654,entertainment
119.12576374599541,7832,20,3,1,3,495,entertainment
744.1291123997838,4900,14,5,1,2,1276,utilities
145.5859379570515,4900,6,5,1,0,606,utilities
257.20382702924525,7832,21,5,1,1,503,entertainment
93.10263770714462,4121,14,4,1,1,752,transport
295.97043797368786,5812,19,0,0,1,1436,dining
1615.2919388371272,8011,16,2,1,1,1533,healthcare
178.9047002257068,4121,11,4,1,2,212,transport
432.2226117316157,5311,14,5,1,2,1032,shopping
584.0928314754532,8299,10,1,2,3,703,education
306.2558545084355,5411,11,5,1,1,1303,groceries
311.88071675998845,5411,9,2,2,3,220,groceries
188.17235857507632,8011,14,0,1,3,1553,healthcare
608.1802607187769,5311,10,0,1,2,431,shopping
161.97924431857516,7832,22,4,1,3,431,entertainment
150.65206400396812,4121,17,2,0,0,861,transport
92.06324443388611,4121,13,2,1,1,1109,transport
560.0741186666878,5311,16,5,2,2,521,shopping
281.2011672139282,5812,18,5,1,1,1716,dining
282.19034180695314,7832,18,6,0,1,1696,entertainment
53.91302544444041,5411,15,5,1,2,424,groceries
992.677792163081,8011,9,6,1,1,1738,healthcare
2734.179295737125,8299,10,3,1,1,482,education
773.4452294250586,4900,12,0,1,3,1547,utilities
3009.372546992471,8299,8,2,1,2,1325,education
490.21592242671505,5311,10,3,1,2,1475,shopping
3573.5565151976166,8299,12,4,1,3,680,education
279.35222524891213,5812,14,2,0,3,577,dining
249.17598156606914,5311,10,2,1,1,1592,shopping
908.7936702065442,5311,14,1,1,1,1090,shopping
1481.627861995949,8299,10,2,1,1,1395,education
592.4247490338729,8299,14,4,1,3,1210,education
2597.4039630320794,8299,11,0,1,2,1062,education
181.57484205410785,5411,9,1,1,1,828,groceries
1714.7068472240712,8011,9,1,0,1,1323,healthcare
1995.2958654141678,8011,11,0,2,1,953,healthcare
96.01800766221928,5311,17,0,1,3,1221,shopping
4512.696488584372,8299,10,0,1,1,1533,education
280.7557091593118,5812,13,3,1,1,593,dining
265.347704169688,5812,16,0,1,3,533,dining
4072.4844158665155,8299,11,1,1,0,1441,education
2456.622258858829,8299,15,0,0,2,903,education
43.19155461895903,4121,14,2,1,1,1739,transport
1737.4197054193398,8011,12,2,1,3,1020,healthcare
844.5259502785973,8011,14,3,0,3,1576,healthcare
277.1045151801999,7832,19,4,1,2,524,entertainment
47.92266872253653,5812,11,3,1,1,1635,dining
70.10611940070756,4121,10,5,1,1,1168,transport
281.9385136518622,5311,12,6,1,2,951,shopping
103.06313564727046,4121,8,3,0,1,1779,transport
1943.3922829048006,8011,9,1,1,0,168,healthcare
98.578968882902,7832,22,3,0,1,604,entertainment
1450.8747529291595,8299,13,3,1,2,500,education
386.9235449919341,8299,13,5,1,0,921,education
139.2203406856004,5411,10,1,1,0,761,groceries
885.707215469967,5311,16,6,1,2,1530,shopping
135.78439270230155,5812,20,4,1,2,203,dining
1978.2200566736099,8011,11,1,1,0,560,healthcare
1425.271667521806,8299,9,6,1,2,1215,education
155.0721840141309,4121,13,4,1,1,379,transport
470.3724704541316,4900,11,1,1,1,67,utilities
286.28921240170155,7832,20,1,1,1,400,entertainment
476.3198799232124,8011,14,6,1,1,1121,healthcare
169.64485979271262,5812,13,0,1,0,781,dining
156.37305696805697,4121,8,5,2,2,1773,transport
349.9456376865342,5411,14,1,1,2,364,groceries
196.52181551479595,7832,19,6,1,1,622,entertainment
113.1042987197952,7832,19,3,1,0,1573,entertainment
140.34716834657266,5812,19,4,1,1,1433,dining
250.7187948557018,8299,15,3,1,2,663,education
309.81933290193444,5411,10,4,1,1,1059,groceries
91.5043939902861,5311,15,0,2,2,197,shopping
76.13990288633796,7832,21,1,2,2,1416,entertainment
1913.4821360597718,8299,10,3,1,2,260,education
220.50215903538802,4900,6,4,1,1,192,utilities
241.6326177835617,8011,9,0,0,1,1029,healthcare
1336.7253628189935,8011,11,5,1,1,774,healthcare
106.87710115117278,4121,16,6,0,3,1592,transport
4095.599825570822,8299,15,4,1,2,423,education
130.86782961580832,7832,18,2,1,1,1149,entertainment
136.9047109750913,4121,8,1,1,2,955,transport
1153.876163013058,8011,15,6,1,1,125,healthcare
476.0252779080589,5411,11,2,1,3,778,groceries
80.75360989369793,5411,11,2,1,1,1148,groceries
1560.4742410415022,8299,12,5,0,1,1276,education
189.91538379813863,4121,10,0,1,1,1691,transport
106.66037912235657,4121,11,4,1,2,1153,transport
77.13564734414162,7832,20,1,1,2,1312,entertainment
247.45382641651204,7832,21,0,1,2,1000,entertainment
75.64957947157829,5411,16,1,1,3,694,groceries
34.71316234317879,4121,7,2,1,1,869,transport
1725.8564962738187,8299,15,1,1,2,424,education
3716.710844174291,8299,11,4,1,2,961,education
124.21090293084636,5812,20,3,1,2,48,dining
821.7214672688044,4900,9,5,1,2,991,utilities
1497.4519634992912,8011,12,4,2,3,827,healthcare
782.3468569864278,4900,10,3,1,0,1448,utilities
171.1100451183328,4121,6,4,1,2,352,transport
211.01226223466622,5812,15,0,1,1,590,dining
1546.6014760037285,8011,15,3,2,2,654,healthcare
181.5726281618455,7832,19,1,1,2,82,entertainment
288.6409610126188,5311,18,4,1,3,906,shopping
816.7672768013631,5311,12,3,2,2,1799,shopping
31.214854107209497,5812,13,5,2,2,1059,dining
265.99046301810574,4900,14,1,1,2,1360,utilities
264.8547538806436,5411,13,0,0,1,1173,groceries
4799.286742958456,8299,12,6,0,1,282,education
534.0567663471558,8011,9,0,1,2,661,healthcare
4094.615024587332,8299,9,4,1,3,224,education
107.4116484766373,5411,16,6,0,0,795,groceries
567.2614026098477,5311,10,1,1,2,1375,shopping
134.97301118420458,5411,17,4,2,2,196,groceries
824.0416938559437,5311,11,6,2,1,1119,shopping
280.73066332821327,5812,20,6,1,2,1145,dining
2208.6793524645886,8299,15,2,1,1,665,education
230.2385678882032,7832,19,2,0,2,1125,entertainment
246.49989698268254,5812,16,5,1,0,407,dining
164.99490170832317,4121,15,5,1,0,882,transport
101.0439134004119,5311,11,4,0,3,35,shopping
168.31769702009663,5812,14,4,0,1,1820,dining
796.4894798893102,4900,6,6,1,1,1097,utilities
669.5539589401772,8011,8,5,1,1,1739,healthcare
3835.7720083184186,8299,14,6,1,3,204,education
396.65046775220765,5411,17,3,1,0,330,groceries
249.8099176690438,7832,22,1,2,2,718,entertainment
157.6696039687749,7832,19,2,1,1,831,entertainment
87.65940354493333,5411,12,6,1,2,474,groceries
1083.0931682109206,8011,14,6,2,1,1803,healthcare
122.4607925341904,5411,14,6,1,1,345,groceries
288.4987884635723,5411,10,4,1,0,1350,groceries
1641.2747672066687,8011,16,4,1,1,381,healthcare
71.00671303079463,7832,18,2,1,2,1080,entertainment
55.8217591490787,4121,6,3,0,0,1783,transport
3675.331778261839,8299,14,4,1,1,1303,education
170.13111375575997,4121,15,0,1,2,701,transport
1865.1332520298151,8011,11,4,2,3,1009,healthcare
185.79142172806496,4121,12,4,1,1,70,transport
2262.614427938116,8299,13,1,1,2,361,education
95.95220781052505,7832,18,6,1,3,98,entertainment
81.3349773455697,5311,16,1,1,0,555,shopping
4550.48330756757,8299,11,3,1,1,1136,education
109.83520639742207,4121,16,1,2,2,846,transport
129.32785438550206,5812,12,2,2,2,1545,dining
346.71198795777303,4900,12,6,1,1,866,utilities
251.21704178628738,4900,14,6,1,3,570,utilities
171.7885402400278,4121,6,5,0,0,1084,transport
665.0813305480497,5311,16,2,1,3,802,shopping
179.60304969150096,5812,12,0,0,1,1517,dining
284.04528369150285,7832,18,4,1,2,929,entertainment
882.0429372754212,8011,16,1,1,1,1071,healthcare
484.8173159533389,5411,12,5,1,1,1050,groceries
294.1602606228386,7832,19,2,1,3,1158,entertainment
178.33276946730615,4900,19,2,0,1,902,utilities
120.10616209206613,7832,20,4,1,1,1697,entertainment
4976.792593445863,8299,10,3,1,3,438,education
154.8544326843725,5812,16,6,0,1,1797,dining
136.490790017283,5812,11,3,1,2,326,dining
125.88140958379245,5411,9,3,1,1,1516,groceries
197.5373797498095,4900,15,1,1,2,635,utilities
501.3424622381591,4900,7,2,1,2,784,utilities
28.64737981614165,4121,15,2,1,1,1167,transport
214.29776287497128,7832,20,1,0,0,382,entertainment
205.64004414668804,5311,13,1,1,3,1154,shopping
510.66605916168174,8299,10,1,1,2,1246,education
176.2161474838633,5411,9,2,1,0,651,groceries
89.2229870697491,5411,12,3,2,2,397,groceries
542.8872437337003,8011,12,5,1,1,350,healthcare
535.6227116540634,4900,8,0,1,1,156,utilities
1383.432478226737,8011,9,3,1,0,120,healthcare
1692.7732208095913,8011,11,1,1,1,1462,healthcare
285.0060267231255,5812,13,4,1,2,760,dining
618.2760779809219,5311,15,3,1,2,970,shopping
841.9593255918116,4900,15,6,1,1,1735,utilities
286.6645345336613,4900,8,6,1,0,325,utilities
76.60575224043927,4121,8,0,2,1,437,transport
2148.7475692706234,8299,10,0,1,2,178,education
155.79655846298184,5311,17,6,1,1,1118,shopping
226.00697416044176,7832,22,6,0,2,765,entertainment
356.7786302214208,4900,19,6,1,3,1377,utilities
154.13369495842906,5812,11,5,0,3,160,dining
147.088308193579,4121,15,2,1,2,92,transport
1005.5424619759908,8011,9,1,1,2,830,healthcare
228.66654533105898,5411,16,6,1,1,454,groceries
567.1516197722685,5311,15,0,1,2,329,shopping
334.2231622963864,8011,12,1,2,0,1818,healthcare
499.94856013688883,4900,15,4,1,2,135,utilities
320.3206516481857,5411,8,2,1,1,1815,groceries
1298.0694702432024,8299,13,1,1,0,606,education
940.7070886564929,4900,9,5,1,2,1544,utilities
1312.9549692768855,8011,11,4,1,1,1524,healthcare
206.89687155991507,5812,18,4,1,3,809,dining
40.644352108933205,4121,18,2,1,2,45,transport
759.6881180716584,5311,12,5,1,2,1680,shopping
196.8110560087543,4121,17,6,1,0,650,transport
715.4253761113812,5311,14,0,1,1,344,shopping
44.285675696787145,4121,6,4,1,1,717,transport
432.47644425323796,4900,18,0,1,1,771,utilities
1357.0371837622135,8011,14,0,1,1,1722,healthcare
299.8340358478438,5812,18,1,1,2,189,dining
470.3066130313334,5311,19,4,1,1,1348,shopping
140.00446058823792,7832,20,6,1,1,1099,entertainment
34.784087768956375,4121,7,0,2,1,934,transport
50.298322994377614,4121,9,5,1,0,1659,transport
210.96367102745012,5311,15,1,1,1,1821,shopping
174.15634097583347,4121,7,3,1,1,165,transport
58.45031424342697,4121,14,2,1,2,1654,transport
1999.1676218173777,8011,8,2,1,1,586,healthcare
186.95495053638422,5812,14,5,1,3,877,dining
292.57155796944005,5411,16,5,1,1,385,groceries
585.8384760790476,8011,16,1,1,0,367,healthcare
235.48498991025858,7832,22,3,1,1,871,entertainment
437.85418270936384,4900,18,2,2,2,467,utilities
339.7106742744031,5411,11,2,1,3,4,groceries
1879.5286671253389,8011,16,6,2,2,1323,healthcare
269.22717432674176,7832,22,6,1,1,991,entertainment
1814.1406633987317,8011,16,0,2,0,1801,healthcare
95.84030580367472,4121,13,6,1,0,878,transport
71.96451656029781,4121,9,4,1,3,861,transport
459.0296372003812,5311,14,6,2,2,561,shopping
117.3385627623819,5311,17,5,0,2,275,shopping
232.580429284899,5812,14,1,1,1,685,dining
1036.175724770808,8011,15,1,1,1,856,healthcare
3192.347189630749,8299,11,6,2,2,263,education
368.8891128643651,5311,14,2,1,2,1485,shopping
895.093689459573,8011,14,0,1,1,793,healthcare
4086.129866356676,8299,15,4,1,2,385,education
122.85558291152068,5812,17,2,1,3,396,dining
198.1651414065396,5812,11,2,2,1,611,dining
111.43294245420213,5311,10,6,0,1,1406,shopping
513.9359732138618,4900,14,5,0,2,1325,utilities
947.2823727386528,4900,16,5,1,1,1287,utilities
158.9608042063231,8011,16,2,0,2,58,healthcare
292.733567701935,7832,18,4,1,3,83,entertainment
891.425596147953,4900,14,2,1,0,190,utilities
127.42459951603225,5812,17,1,1,2,807,dining
215.42573553757964,5411,13,5,1,0,392,groceries
47.59155432668765,4121,14,3,1,3,792,transport
640.9319544037008,8011,14,4,2,2,1275,healthcare
237.66022785748234,4900,18,0,2,3,118,utilities
3552.649633174737,8299,11,3,1,1,199,education
84.26279485283564,4121,10,4,1,3,138,transport
511.2503360474621,4900,16,5,1,0,966,utilities
69.6979661944926,7832,21,0,0,1,567,entertainment
1787.6133201501668,8011,9,0,0,0,390,healthcare
58.51968128134135,5411,14,6,1,2,120,groceries
461.58938103549497,4900,10,6,1,1,449,utilities
1234.2292819301583,8011,15,6,1,1,1630,healthcare
2376.6064653449776,8299,12,1,1,2,584,education
927.4917441066546,8011,16,1,1,2,964,healthcare
537.6143952425881,4900,8,2,1,1,293,utilities
1782.8021050129112,8299,11,2,1,3,1302,education
2335.786767007633,8299,9,4,1,2,1338,education
2341.056126205885,8299,13,0,1,2,1493,education
227.5529196887827,7832,18,1,1,3,362,entertainment
283.5157971790725,7832,18,0,1,3,288,entertainment
3352.7718956774734,8299,15,5,1,2,1689,education
1688.599638262455,8011,11,6,2,1,122,healthcare
3463.3746524772796,8299,11,1,2,1,1548,education
304.8859393407626,4900,18,2,1,2,437,utilities
401.87420336193594,5411,16,3,1,0,1283,groceries
300.22750288573843,5411,15,6,1,0,1339,groceries
686.3841336964437,5311,11,4,1,1,520,shopping
352.8965316718332,5411,10,1,1,1,51,groceries
65.27188488592762,7832,21,3,1,1,1264,entertainment
167.2730796128989,5812,20,1,2,1,689,dining
186.10814823630625,4121,17,4,1,1,1720,transport
1500.6003159146808,8011,14,5,1,2,1200,healthcare
199.13954690558234,4121,9,6,1,2,884,transport
2767.585308384726,8299,12,2,1,3,119,education
701.2053624530422,5311,15,3,1,3,705,shopping
810.8519675344501,5311,19,6,1,3,1346,shopping
3819.355834330611,8299,15,3,1,2,1264,education
1144.4084330959831,8011,14,3,1,3,44,healthcare
251.99566191860475,5411,13,3,1,3,1419,groceries
242.86965494118786,7832,22,4,1,1,478,entertainment
74.90890342764942,7832,19,1,1,1,781,entertainment
1146.232125868045,8011,12,6,1,1,782,healthcare
337.0173454478215,5411,8,3,2,0,1445,groceries
425.62242906116813,5311,17,2,1,3,1307,shopping
1608.3546554301172,8011,8,0,1,1,152,healthcare
4894.125637197048,8299,10,0,1,2,222,education
344.5454725306289,4900,13,1,1,2,843,utilities
87.70219247777976,5311,14,5,1,2,1653,shopping
88.16722050282779,5812,16,3,1,1,1311,dining
28.23051569188084,4121,9,1,1,1,18,transport
232.95758778841,7832,20,2,1,2,241,entertainment
238.02628749320726,5812,17,0,0,2,923,dining
99.10262958569429,5311,16,3,2,1,1371,shopping
206.2937153429519,8011,16,3,2,1,810,healthcare
1093.3828709397956,8011,12,0,1,1,1708,healthcare
134.12262815548993,4121,6,3,1,1,1809,transport
394.2816567889656,5411,9,0,0,1,230,groceries
352.82078873618354,5411,9,3,1,1,1598,groceries
372.709471156825,5311,13,3,0,2,1221,shopping
88.86912910112285,4121,16,0,1,3,1053,transport
213.79928449834432,5411,14,6,1,1,1623,groceries
182.52633352771556,5812,16,4,1,0,910,dining
4788.029836576998,8299,14,1,1,1,188,education
157.33826025991934,7832,18,2,1,0,619,entertainment
144.20175680775966,7832,21,1,1,2,520,entertainment
1592.1812399268686,8299,9,6,1,1,390,education
262.4798047730031,5812,19,3,1,3,117,dining
281.9113076732232,5311,14,3,1,3,290,shopping
149.40223236441904,4121,6,3,1,2,1596,transport
994.2179636304111,4900,13,4,1,1,1429,utilities
317.85859977967,5311,18,3,2,2,654,shopping
1072.488795248094,8299,11,3,1,2,1627,education
269.485271803312,5411,11,1,1,3,1755,groceries
164.8068063000796,5311,10,5,1,2,911,shopping
287.76353415280965,7832,18,4,1,2,35,entertainment
159.81642304220583,5411,11,2,1,0,1273,groceries
3646.4209000781048,8299,11,5,2,1,1349,education
216.5793742849437,7832,21,4,1,3,1080,entertainment
209.46906588533687,5812,14,0,1,2,1357,dining
1460.9219599162002,8011,8,2,0,1,1170,healthcare
188.0987172176528,5411,9,1,2,2,1314,groceries
193.28275984635331,4121,18,1,1,3,1273,transport
917.0093299466865,4900,17,5,1,1,82,utilities
116.86751763302564,4121,15,4,1,1,1529,transport
4554.5477290021245,8299,9,0,1,2,1280,education
892.1816981694855,8011,9,3,2,2,1388,healthcare
298.2992822631794,5812,19,2,1,2,830,dining
883.11806860583,5311,10,5,1,1,1382,shopping
641.1480728544541,5311,10,4,0,3,1572,shopping
1187.9593256834055,8011,11,0,1,1,120,healthcare
75.1425268380135,4121,15,6,1,3,43,transport
214.52616814029207,4900,19,6,1,1,65,utilities
1646.525940451492,8299,9,1,1,1,494,education
82.77083527268239,5812,16,0,1,1,1720,dining
993.3998909592772,8299,13,1,1,1,1756,education
98.7918057048063,7832,18,5,1,2,1761,entertainment
105.56076409753,4900,11,6,1,2,1317,utilities
552.3443890220071,8011,16,5,0,2,398,healthcare
1716.0965286338164,8011,11,5,0,2,1585,healthcare
1736.5490755876062,8299,12,0,1,1,1813,education
409.7986670721469,5311,10,6,1,1,452,shopping
3379.5691559186816,8299,13,5,1,1,793,education
246.95137929295734,5411,17,2,1,1,1123,groceries
1188.1878056965102,8011,10,5,1,1,366,healthcare
236.70012570549446,5411,8,2,1,0,1374,groceries
194.31049594686573,7832,22,1,1,1,1486,entertainment
495.6710470545552,4900,10,2,1,3,1168,utilities
85.11473225881754,5812,20,2,1,1,770,dining
880.330220079642,4900,6,4,1,1,21,utilities
76.71132159892254,7832,21,5,1,1,1604,entertainment
1360.5286638431735,8011,11,5,1,1,1422,healthcare
102.51587969372139,4121,17,2,1,3,1109,transport
93.9678923706348,4121,17,0,1,2,1083,transport
650.8197168892476,5311,16,3,1,0,1527,shopping
371.68130494939413,5311,14,0,2,3,706,shopping
101.81393059004395,4121,7,5,1,1,555,transport
616.0958549271322,8299,11,5,1,3,546,education
3979.3449492556056,8299,11,6,2,2,1318,education
177.77135203733613,7832,21,4,1,2,854,entertainment
1918.103352408178,8299,15,3,1,0,1023,education
173.94797815175383,4121,15,1,1,2,1233,transport
599.9353977051825,4900,19,3,1,1,505,utilities
229.81301070066078,4900,6,0,1,0,634,utilities
107.76873304095429,5411,8,3,1,3,1106,groceries
151.9733532040254,4121,13,4,2,3,1487,transport
771.0020377401228,5311,14,3,0,1,1633,shopping
848.9907898197968,5311,11,4,1,1,999,shopping
114.79182308850542,5812,14,5,1,1,1533,dining
206.1384688314743,7832,19,5,1,2,101,entertainment
108.94868266385726,7832,21,3,1,1,289,entertainment
3557.894461306152,8299,9,5,1,2,1608,education
99.01437200503592,4121,11,2,1,1,598,transport
21.328948133882054,4121,14,6,1,1,1660,transport
100.56846846168904,5311,15,3,0,1,319,shopping
617.6144376164968,8011,8,6,1,2,1795,healthcare
638.3721830307021,4900,11,4,1,0,842,utilities
578.0217033718781,8011,8,3,1,2,961,healthcare
139.64355702296245,4121,18,1,1,1,41,transport
861.6402230986449,5311,11,0,1,1,174,shopping
932.6878004037828,5311,14,0,1,1,823,shopping
377.96090788129135,4900,10,3,2,1,342,utilities
192.25119990087535,4121,15,5,1,2,1074,transport
107.23007343732424,4121,9,5,2,1,459,transport
113.36115519661375,5311,12,6,1,2,338,shopping
993.7572101393589,5311,18,1,0,1,963,shopping
1816.1352286322062,8011,11,1,1,2,1751,healthcare
630.4754597386901,4900,15,4,1,1,108,utilities
1056.3499764990804,8011,10,5,1,3,412,healthcare
201.5550766932024,5812,13,5,1,2,936,dining
162.25999633092215,4121,14,4,1,2,939,transport
1341.5212792571162,8011,14,5,2,2,1096,healthcare
151.30205456015435,4121,14,3,0,2,923,transport
297.7573768302168,7832,20,0,1,1,1010,entertainment
1916.594051538781,8011,13,6,1,1,920,healthcare
376.14366689315926,5311,12,2,1,1,1575,shopping
433.5864919236008,5411,15,3,2,2,191,groceries
4268.978339754213,8299,12,4,2,3,900,education
1075.3599334563735,8299,13,5,1,1,405,education
36.518554557170845,4121,7,5,1,1,1007,transport
181.2303204852238,7832,22,0,1,1,805,entertainment
762.2676067258428,5311,11,2,0,1,853,shopping
174.64838115046572,4900,16,1,1,3,360,utilities
121.40482910564758,7832,22,1,1,1,1593,entertainment
298.68742015324887,7832,22,0,1,3,612,entertainment
481.76892609156624,8011,10,1,1,1,1387,healthcare
1192.0469655908632,8299,10,6,1,0,1540,education
3453.933850843808,8299,15,6,1,2,1174,education
1529.4065072406602,8011,9,2,1,1,292,healthcare
170.12718454559808,5311,19,1,2,1,1528,shopping
240.8980628069302,5311,17,4,0,1,845,shopping
710.9770613154578,5311,16,0,2,2,1650,shopping
247.10929969493844,7832,20,3,2,2,1072,entertainment
230.66781450912734,5812,15,4,0,1,1657,dining
523.5907919550496,5311,11,5,1,1,1649,shopping
595.7530481808594,8011,8,1,2,2,1053,healthcare
878.0957631334272,5311,18,5,1,2,1392,shopping
789.92811866773,8011,11,6,1,3,103,healthcare
201.3672064050959,5812,20,1,2,0,1150,dining
711.684274439593,4900,6,5,1,2,130,utilities
101.59156977598671,5812,12,1,1,2,1077,dining
106.16426125374355,7832,20,0,2,1,447,entertainment
714.2644391455183,4900,18,4,0,1,1206,utilities
129.23150085834922,5411,12,0,1,2,1171,groceries
271.94795959426347,7832,20,4,1,1,221,entertainment
98.05413464388857,7832,20,1,0,0,1337,entertainment
135.28145912873515,5812,17,2,1,3,681,dining
550.1911226416498,5311,19,2,0,3,1637,shopping
303.8428921228892,4900,12,2,1,2,1483,utilities
761.0231288336124,4900,17,2,0,2,309,utilities
50.98482444127199,5812,12,0,1,1,654,dining
465.241991895763,5311,12,4,1,1,245,shopping
93.88259930946383,5812,14,5,1,1,1293,dining
74.1560929715341,7832,21,5,2,1,265,entertainment
59.22611950889161,4121,11,6,2,2,1718,transport
155.67100781943932,7832,22,1,0,3,823,entertainment
50.61492177882908,7832,22,5,1,2,1035,entertainment
145.06787698584785,5311,11,3,1,0,849,shopping
411.8364112468749,5411,13,3,1,2,946,groceries
1789.6061812278447,8011,16,0,0,2,1343,healthcare
168.67358865685068,8011,15,6,1,3,420,healthcare
151.0607278565831,5411,8,4,2,1,1128,groceries
212.77021964487997,7832,18,2,1,2,1107,entertainment
4195.259985220571,8299,12,3,1,3,1130,education
492.67967605303664,5411,8,6,1,2,757,groceries
278.11947916567567,5411,9,0,2,1,530,groceries
312.75445341904054,4900,18,0,1,2,280,utilities
280.3696607348973,8299,8,2,1,2,741,education
1136.7742451346328,8299,11,0,1,1,645,education
868.9385175259912,8011,8,6,1,3,1306,healthcare
90.65421109020917,4121,10,0,0,1,197,transport
99.62439881320749,7832,21,3,1,1,282,entertainment
252.5528935409691,4900,15,1,1,3,409,utilities
277.56949951185715,5812,13,5,1,3,447,dining
181.16185632900113,4900,7,1,1,3,1558,utilities
288.6762648451287,5812,17,3,1,3,1048,dining
90.83569332171112,5812,14,2,1,2,1512,dining
560.4983311507349,4900,11,5,1,1,969,utilities
202.73758610114172,5311,10,4,1,3,1206,shopping
292.3053532711409,5812,14,5,1,3,1659,dining
407.2956441600877,5411,14,0,1,1,1187,groceries
108.73751652671233,7832,18,1,1,3,1250,entertainment
617.0921784094012,5311,14,6,1,1,1411,shopping
1261.3707626082987,8299,10,1,0,0,1541,education
194.1594479963702,5812,20,6,2,2,1237,dining
3484.697778832678,8299,14,1,1,1,445,education
1048.4355471741835,8011,8,1,1,2,280,healthcare
1200.5853467841855,8011,8,2,1,3,1461,healthcare
207.8241542499942,8299,9,5,1,2,411,education
108.5040097828194,5311,12,6,1,1,1268,shopping
269.89034645877405,4900,9,1,1,2,1738,utilities
713.2784595715073,5311,17,6,2,0,1713,shopping
150.358955077361,5411,10,6,1,1,1533,groceries
143.89473104663475,5411,10,1,1,2,1805,groceries
2417.712547733499,8299,13,4,1,1,1314,education
296.1226715147295,5411,15,0,1,2,186,groceries
286.4328685532792,8299,13,6,1,2,998,education
136.51483766729723,4900,16,0,0,2,1262,utilities
994.8895491426654,4900,7,4,1,1,1478,utilities
170.75435401971998,7832,18,1,1,1,1426,entertainment
64.70127894783839,5812,11,0,1,1,302,dining
283.0521992324019,5311,14,6,1,1,1425,shopping
1569.4422399131333,8299,12,5,1,1,181,education
852.5210930880601,5311,17,1,1,0,284,shopping
191.53483723290634,4121,14,0,1,2,51,transport
179.56391491905512,7832,18,6,1,2,282,entertainment
975.8501351512135,8299,9,5,1,2,864,education
937.6437056291664,5311,11,0,1,2,699,shopping
260.39313798899644,5411,13,6,0,1,1424,groceries
3091.7725075301632,8299,15,5,1,2,1704,education
481.6182904837122,5411,8,4,1,1,1125,groceries
1075.1420251365666,8011,13,3,1,1,579,healthcare
135.68360210559297,4121,17,6,1,1,593,transport
224.89407773217297,5411,16,4,0,2,483,groceries
136.0474820319228,4121,11,3,1,2,1671,transport
91.11338099106362,4121,16,0,1,3,1405,transport
146.9877138115869,8011,13,0,1,3,194,healthcare
260.89079758485065,4900,18,5,1,2,406,utilities
398.47294864159846,4900,15,3,0,1,853,utilities
642.9990007856074,8011,11,2,0,3,1639,healthcare
49.24115609228651,5812,12,2,2,1,997,dining
178.3877171742319,5411,16,4,1,2,891,groceries
25.151894937919423,4121,18,6,0,0,1053,transport
616.1542002467453,4900,6,1,1,0,1639,utilities
241.60279356025958,5812,11,5,1,2,292,dining
32.04586754037203,4121,18,1,1,1,1333,transport
308.3737240144353,4900,16,2,1,3,6,utilities
87.19212193061777,5812,15,1,1,3,1768,dining
254.20817569147457,7832,18,4,2,1,1781,entertainment
281.9126070122029,5411,17,6,1,3,565,groceries
776.02264074166,4900,16,4,1,2,598,utilities
284.9443604120489,5812,13,4,1,0,162,dining
156.78791697689928,4121,7,2,1,1,12,transport
53.54091487385353,5812,15,0,2,2,789,dining
275.2536572192975,7832,18,6,1,1,455,entertainment
170.23934731605627,4121,6,6,1,3,1275,transport
230.50815066750923,7832,20,6,1,3,336,entertainment
100.2049164498225,5812,13,4,0,2,1392,dining
4219.781789998437,8299,9,2,1,3,64,education
1140.7208295626126,8011,10,5,1,3,622,healthcare
164.654941231313,4121,16,6,1,3,1034,transport
69.11281776155401,7832,18,3,1,1,1202,entertainment
979.1008597228617,5311,17,3,1,3,733,shopping
221.3455636951722,5812,20,1,1,0,795,dining
3555.5811139807365,8299,10,1,1,2,279,education
959.2867159638427,5311,19,0,1,3,535,shopping
824.337205401369,8011,12,2,1,2,109,healthcare
113.8827263639259,5311,11,5,1,1,329,shopping
179.76795952917402,5311,13,0,1,3,1268,shopping
353.61336569396025,8299,12,0,1,1,1199,education
168.48337441585463,7832,22,1,1,3,1049,entertainment
359.7353135175301,5411,12,2,1,3,1660,groceries
197.9733843551331,4121,13,4,1,1,546,transport
45.557299744841586,5812,18,1,1,2,355,dining
80.39788377101658,4121,6,1,2,3,526,transport
604.5013022973773,4900,17,6,1,3,96,utilities
234.61720934258625,5411,14,4,1,3,696,groceries
156.36104295804984,4900,15,6,1,1,105,utilities
191.90510587951036,4121,13,3,1,1,1046,transport
62.9830364561108,5411,9,1,1,2,1738,groceries
461.90256253845666,5411,16,1,1,1,1646,groceries
1027.427875451653,8011,8,2,1,1,1468,healthcare
198.87777987969162,5411,11,5,2,2,1266,groceries
463.823720376291,5411,9,2,2,2,170,groceries
1021.7099563081849,8011,12,4,1,0,1096,healthcare
1543.915197813766,8011,10,3,2,1,743,healthcare
265.1297418105259,7832,22,3,1,2,1091,entertainment
4219.0906344957775,8299,13,6,1,3,1503,education
550.1912828378778,4900,14,1,1,1,773,utilities
736.6815292798472,4900,12,5,1,3,107,utilities
256.5888368678627,5311,19,2,1,2,101,shopping
120.86074179654473,5411,10,4,1,1,1504,groceries
100.14246216698812,4121,6,0,1,1,410,transport
892.9669435339816,8011,16,1,1,0,653,healthcare
143.84775421180206,5311,15,4,1,1,359,shopping
1068.9488506315865,8011,15,1,0,1,927,healthcare
77.14524129743529,7832,20,1,0,1,1120,entertainment
272.63204458816614,5812,16,5,1,2,846,dining
109.07844663315444,4121,14,0,0,1,1073,transport
176.56864455003085,5812,17,5,1,1,865,dining
74.52448013057196,7832,18,3,1,1,934,entertainment
67.58678538940187,5812,15,4,2,2,468,dining
775.2284874900627,8011,12,6,1,1,173,healthcare
504.34307068526397,4900,10,2,1,1,529,utilities
1502.1178238368138,8011,10,6,1,1,1037,healthcare
695.234371845972,8299,8,2,1,0,549,education
186.06815617705007,5812,15,3,1,3,911,dining
4251.2831964511715,8299,11,2,1,2,79,education
779.811654820468,8299,13,4,1,2,1298,education
3852.53104697926,8299,9,2,1,1,559,education
208.04701017790418,5812,17,5,0,0,1521,dining
86.34196101842214,4121,18,6,0,3,1573,transport
289.33422460321674,5411,11,3,1,1,1431,groceries
1854.4346413115622,8011,9,1,2,0,45,healthcare
548.0552141088943,5311,17,0,1,0,1282,shopping
25.541522706012103,4121,8,1,1,2,1661,transport
713.0244867553339,4900,15,4,2,3,1073,utilities
86.11068045826867,7832,22,3,1,0,750,entertainment
294.0317998688222,8011,12,2,1,1,430,healthcare
56.33874327746242,7832,20,2,1,2,925,entertainment
41.61790388796738,5812,11,3,1,3,1787,dining
490.7034666507421,5411,12,5,1,1,1811,groceries
197.82627441085282,8011,8,5,1,0,358,healthcare
197.295619959934,8011,9,1,1,2,889,healthcare
470.28571345176397,5411,9,0,1,1,720,groceries
617.900452813594,8011,16,6,1,3,1053,healthcare
986.5636179785474,5311,16,1,1,1,1501,shopping
412.8476897633425,4900,10,2,1,2,1616,utilities
203.7758762767308,5411,12,6,1,1,64,groceries
97.01228989938919,7832,20,2,1,2,599,entertainment
153.86154617070113,5411,13,5,1,1,464,groceries
1155.1880878759343,8011,8,3,1,0,1780,healthcare
2383.6491132041847,8299,13,0,1,2,723,education
326.61521457897766,5411,13,4,1,1,200,groceries
1786.3777544836628,8011,15,5,1,1,157,healthcare
391.11305314185824,5411,13,6,2,3,837,groceries
67.18377715317969,5812,13,1,1,1,487,dining
672.7901478276314,5311,16,1,0,1,1040,shopping
3490.3465033462858,8299,9,6,1,2,902,education
285.7400664311238,4900,7,2,2,2,1107,utilities
246.02487693929862,7832,20,6,1,1,53,entertainment
46.513986712207476,5812,13,6,1,2,187,dining
990.35870304502,4900,12,5,2,3,787,utilities
969.3019122623379,8011,10,5,2,1,1214,healthcare
46.5141038860449,5812,12,4,1,1,56,dining
63.02448087990173,5812,15,6,1,2,1284,dining
140.6535235988905,4121,15,1,1,1,1075,transport
20.050895136223673,4121,7,3,1,2,1324,transport
50.52798813063093,7832,20,2,1,1,1622,entertainment
191.1717530194712,5411,10,1,2,3,1532,groceries
53.97379041517865,7832,20,5,1,3,1273,entertainment
252.39101602767326,7832,18,4,1,1,917,entertainment
33.36691346035369,4121,13,2,1,2,1653,transport
77.44703435937635,4121,11,1,0,1,1765,transport
690.1777224410387,4900,19,6,1,2,1123,utilities
446.60540333153375,5411,13,3,1,0,755,groceries
130.92563762795052,4121,17,1,1,3,1681,transport
216.03940102523958,5812,16,2,1,3,1400,dining
212.80280807237415,5812,19,6,1,3,457,dining
108.09126078316582,4121,9,3,1,2,1750,transport
110.07442294296757,5411,13,1,2,1,1432,groceries
837.161966520123,5311,12,1,1,3,1627,shopping
142.2295368719905,4121,8,3,1,3,803,transport
109.3063791584964,5812,11,5,1,2,1297,dining
396.0758507904472,4900,18,6,2,2,503,utilities
195.94438748451344,4121,12,4,1,2,389,transport
102.56573921743495,5411,10,0,1,3,1300,groceries
158.12125827826608,8011,16,2,1,1,1091,healthcare
3214.427261122375,8299,10,3,1,1,1039,education
527.2015812928987,5311,10,0,1,2,133,shopping
407.79679014110974,5311,11,0,1,0,1065,shopping
1296.4544330240153,8011,11,1,1,2,1140,healthcare
406.0508308975937,5411,17,2,1,2,422,groceries
400.82737532205783,5411,10,2,1,2,1386,groceries
700.9021751226958,8011,12,3,1,2,1066,healthcare
366.79900494748,5311,14,4,1,3,263,shopping
989.6236977482288,5311,14,6,2,1,922,shopping
126.40717148658283,4121,10,5,1,2,1143,transport
607.0947993573344,4900,6,1,1,3,1355,utilities
223.40811306325043,5812,13,2,1,3,404,dining
103.73610308614997,4121,11,4,2,3,557,transport
1211.8527843539832,8011,14,0,1,1,958,healthcare
484.6119303754322,8011,12,1,1,1,409,healthcare
908.7908157423984,5311,19,6,1,0,334,shopping
267.32425561532267,7832,18,3,1,1,581,entertainment
189.00584897955702,4121,17,2,1,2,301,transport
378.75551398077494,5411,12,3,1,1,782,groceries
132.25164931218646,4121,15,0,0,3,1337,transport
654.7764422237437,4900,6,2,1,2,232,utilities
106.35896057326012,4900,16,0,1,1,613,utilities
376.913364825198,5411,8,4,1,2,543,groceries
197.52372596800345,8011,16,6,2,1,1115,healthcare
202.56757667584498,7832,21,1,0,3,332,entertainment
50.32042771250954,4121,18,6,1,3,1046,transport
1015.1977232132779,8299,11,1,2,1,629,education
326.807864137168,4900,8,4,2,0,995,utilities
483.9012008154422,5411,14,4,1,2,461,groceries
576.1192810395512,4900,8,1,2,3,672,utilities
284.93245912109694,7832,18,5,1,3,1579,entertainment
111.39035205485642,5411,14,0,1,0,802,groceries
77.95701326364538,4121,12,5,1,1,547,transport
625.184638314323,4900,11,2,1,2,1533,utilities
3239.392377863882,8299,13,3,1,1,877,education
87.50762302964183,5812,19,0,1,1,800,dining
2918.880982566114,8299,9,6,1,0,871,education
129.6233679930084,4900,13,3,1,2,1673,utilities
100.2681915732985,4121,10,1,1,1,44,transport
212.80190410162214,4900,8,6,1,1,351,utilities
338.8775848460496,8011,10,0,1,3,1423,healthcare
352.549339839581,5311,15,2,1,2,989,shopping
120.7868696908876,7832,20,3,1,2,1689,entertainment
1467.502530560376,8299,15,0,1,3,247,education
991.0101247089214,4900,17,6,1,1,628,utilities
984.9030823319581,8011,14,4,1,1,1109,healthcare
28.071832660140554,4121,16,6,0,1,1008,transport
651.5703274489271,4900,12,3,1,3,595,utilities
83.70472655873859,4121,14,3,2,2,1327,transport
95.86815513502711,4121,9,0,1,1,1446,transport
145.92463880876946,7832,18,0,2,1,1017,entertainment
323.6836354644605,5411,15,1,1,2,1176,groceries
194.6310791615613,7832,19,6,1,1,975,entertainment
410.83153596536357,8299,9,2,1,1,292,education
260.435566569997,5411,11,5,1,2,274,groceries
173.80993649828454,5812,19,1,1,0,1676,dining
37.818648649367866,5812,13,3,2,3,1283,dining
64.19695111651028,5411,17,0,1,2,262,groceries
275.9958328588189,5812,16,4,1,1,1436,dining
160.50914760287142,4121,13,1,0,2,1558,transport
863.817267294792,8299,14,2,1,2,611,education
78.60821312328399,7832,20,4,1,2,623,entertainment
226.72693641659643,4900,14,2,1,2,173,utilities
129.8178543627196,7832,22,4,1,1,1421,entertainment
71.8324701952628,5812,15,6,1,1,757,dining
1587.1396888992715,8011,12,6,1,1,985,healthcare
343.75211850913917,5311,13,1,1,1,1633,shopping
963.0592997117641,8011,10,4,1,2,929,healthcare
256.4388062902399,7832,22,6,1,1,1112,entertainment
1550.6001925339813,8011,14,6,1,1,1583,healthcare
78.71367092732905,5812,18,0,1,0,248,dining
177.61885768233537,8011,10,6,1,3,210,healthcare
98.95054603731018,4121,14,3,1,2,1543,transport
630.0636497136463,5311,11,5,1,2,237,shopping
92.71938124042346,7832,21,4,1,3,1440,entertainment
64.89767959817662,4121,10,5,1,0,427,transport
50.935555008892585,4121,14,3,1,2,1567,transport
794.6385021169953,5311,16,3,1,1,267,shopping
838.2101640888347,5311,13,3,1,2,1110,shopping
369.19112242369084,5411,13,4,1,3,1689,groceries
924.6872322513437,8299,14,1,1,2,1211,education
51.72892914786771,7832,22,3,0,1,1727,entertainment
71.77653028337842,7832,22,0,0,1,1806,entertainment
721.2877001208223,4900,9,1,1,3,1769,utilities
818.8485919552036,5311,15,1,1,1,198,shopping
1275.5778539566716,8299,8,3,1,1,394,education
74.9366952135154,7832,19,1,1,3,774,entertainment
342.05906529974465,5311,15,0,1,1,1486,shopping
839.8617956782275,4900,13,5,1,1,1276,utilities
113.53211699388528,4121,9,1,1,3,107,transport
241.53389904564162,5812,13,5,1,0,1312,dining
182.58497584899698,4121,11,4,1,1,996,transport
488.31018524717854,4900,14,3,1,3,1495,utilities
76.98349732863772,4121,15,0,2,3,56,transport
231.9827014363763,5411,16,5,1,2,769,groceries
71.33122895496531,7832,19,0,1,3,190,entertainment
194.9305713782611,5812,11,5,1,1,473,dining
4490.133353467528,8299,9,4,1,3,1119,education
210.94174386117345,5812,12,4,0,3,1353,dining
230.33607758382354,5411,13,1,2,3,910,groceries
174.3140118365665,4121,14,4,1,0,1468,transport
868.8130415053769,8299,9,6,1,3,596,education
190.36946016610509,5812,11,4,0,0,1662,dining
198.53320977449798,7832,22,1,2,2,1503,entertainment
379.67747912978837,5411,14,2,1,1,1005,groceries
903.5846052234781,5311,18,2,1,1,1356,shopping
110.54498766597916,5812,14,6,1,1,593,dining
1198.4543058561642,8011,14,1,1,1,1024,healthcare
158.14274089692253,7832,22,4,0,2,1069,entertainment
124.18696696216212,5812,15,4,1,3,1194,dining
98.55103884363687,7832,18,5,1,0,929,entertainment
190.9614438671846,8011,15,5,1,1,84,healthcare
37.70791467626283,5812,14,1,1,2,663,dining
852.6833935344265,4900,11,1,2,0,1183,utilities
2712.9572275182177,8299,14,0,0,1,1143,education
231.82674502811088,5411,11,5,1,1,1590,groceries
1511.7944151116778,8299,12,2,2,2,470,education
727.4502115906591,4900,8,4,1,2,458,utilities
146.0832247638138,7832,19,1,0,0,1558,entertainment
327.55891524254287,5311,17,4,2,1,1642,shopping
209.27979996928616,5812,14,6,0,1,314,dining
194.33290014268437,4121,17,3,1,2,25,transport
277.52286763201306,4900,17,3,1,1,1637,utilities
439.51509348368955,5311,15,5,1,1,181,shopping
196.6367488743231,4121,8,5,1,1,212,transport
236.83963049691678,5812,19,0,0,3,1465,dining
229.36541001046822,7832,18,3,1,1,1433,entertainment
418.200850066253,5411,10,6,2,1,753,groceries
530.8708063957795,4900,11,4,0,1,1364,utilities
478.45209463659035,8299,12,0,1,0,27,education
87.64671808709026,5411,15,3,2,3,1000,groceries
853.4791412316439,5311,15,1,0,1,1744,shopping
790.8528242733485,4900,11,6,1,3,1584,utilities
194.44018219188442,7832,22,1,1,3,1791,entertainment
72.78390038944158,5812,15,1,1,1,1006,dining
50.81074665162779,5411,8,4,0,1,1168,groceries
118.63021956613902,4900,13,1,1,1,771,utilities
394.8534173240633,5411,12,3,1,1,1299,groceries
690.5084729137792,5311,15,6,1,1,143,shopping
1892.445972147891,8011,8,0,2,1,519,healthcare
162.15295482341048,7832,21,3,1,2,1293,entertainment
1186.947685574615,8011,11,6,1,1,791,healthcare
3001.661020336432,8299,15,0,1,1,173,education
78.78829120849569,7832,18,0,1,1,1643,entertainment
491.8871199283971,5411,16,3,1,2,410,groceries
123.96239237617979,4121,9,4,1,1,461,transport
1896.0322241567294,8011,13,0,1,1,732,healthcare
51.2982108159484,4121,15,0,0,1,847,transport
220.29936624485762,7832,20,2,1,2,1796,entertainment
748.5285681080875,5311,19,0,1,0,1639,shopping
407.1202366158881,5411,10,1,1,3,1338,groceries
274.16198129441534,7832,22,1,1,0,514,entertainment
367.25498733410876,5411,12,6,1,0,105,groceries
1131.6878847032615,8011,12,2,1,3,609,healthcare
2650.4507458708736,8299,8,2,0,2,25,education
988.2293512661406,8011,14,3,1,1,216,healthcare
726.2675334024607,8011,15,6,0,3,768,healthcare
749.1543154100128,4900,13,1,1,3,129,utilities
891.0336944144819,5311,17,5,1,2,659,shopping
4586.025697013078,8299,13,6,1,3,570,education
209.06863241414047,7832,19,3,1,3,1445,entertainment
3486.5425628677062,8299,10,5,1,0,1454,education
2982.1586743779812,8299,12,6,1,1,1810,education
803.2679667855746,8011,16,6,1,3,1121,healthcare
202.77445566488484,5812,15,6,2,0,1718,dining
251.74833463581845,7832,19,5,1,1,640,entertainment
1744.1638227475073,8299,11,5,1,2,555,education
282.30386532525426,5411,13,6,1,2,1192,groceries
146.8198523940995,4121,13,0,1,2,1377,transport
150.23238660718036,5311,16,1,1,0,904,shopping
1338.3989341662632,8011,12,4,1,0,1239,healthcare
869.0667180423039,5311,15,5,1,2,1773,shopping
247.23643177562008,7832,20,3,0,3,858,entertainment
235.8866477993825,5812,20,0,1,1,1323,dining
151.79229029717564,5311,10,6,1,1,194,shopping
1794.8603165398217,8299,12,5,2,1,182,education
148.26447622639606,5812,11,6,2,2,453,dining
89.71073565578989,5411,17,0,1,0,288,groceries
111.14287355747818,4121,11,1,1,2,219,transport
201.80810442993842,7832,20,4,1,3,384,entertainment
204.80789767169261,7832,20,3,1,3,1400,entertainment
163.26238246577103,4900,7,1,1,3,488,utilities
70.48279679276045,5812,16,6,1,0,250,dining
190.794088079229,7832,20,1,1,1,1091,entertainment
3595.2030846114085,8299,11,6,1,0,945,education
4389.225794532011,8299,13,6,0,1,426,education
225.89677204163283,5411,15,6,1,3,372,groceries
187.13631258029633,4121,9,3,1,1,205,transport
446.3503427426939,5411,8,1,2,2,9,groceries
279.3476636366638,5812,20,4,1,3,1324,dining
269.652509514183,7832,21,4,2,2,1345,entertainment
795.6735818419434,4900,9,4,1,2,1220,utilities
315.6279697652089,5411,8,5,1,1,1657,groceries
89.51179600984048,7832,18,4,0,2,523,entertainment
359.8884184680812,4900,11,2,1,1,609,utilities
295.19969935804386,5411,16,3,1,0,122,groceries
774.127945676732,5311,19,4,1,1,710,shopping
191.64629891472828,7832,20,0,1,3,1782,entertainment
622.4394942159817,4900,9,1,1,1,1574,utilities
4543.870499060726,8299,8,4,1,2,217,education
4515.989099043552,8299,15,1,1,1,1343,education
430.0642335129639,5411,8,4,1,2,1778,groceries
135.66314249624946,7832,21,4,1,2,511,entertainment
1025.670498972309,8011,15,2,1,2,779,healthcare
55.738870673578305,5411,10,1,1,3,1796,groceries
292.8873600696503,5812,15,4,1,2,512,dining
713.3024427172955,4900,19,4,1,2,103,utilities
49.6478929647235,4121,18,6,2,1,753,transport
530.001075007754,4900,7,2,1,0,788,utilities
2315.3100863542,8299,8,5,2,1,876,education
120.64957856817108,5411,9,4,2,3,1590,groceries
189.9793602378377,4900,19,3,1,3,158,utilities
668.2504542056831,8011,16,6,1,1,847,healthcare
186.24969425785613,5812,13,4,1,1,580,dining
1158.9512025473384,8011,8,5,1,3,19,healthcare
147.9209226918587,5812,16,0,2,2,1296,dining
133.793645371377,7832,21,4,1,1,1347,entertainment
866.7836953110497,5311,10,5,1,2,673,shopping
296.71782729517315,5812,14,3,1,2,747,dining
3135.3744698453543,8299,8,2,1,3,1152,education
3966.8045458539596,8299,10,2,1,1,1673,education
207.8916566158059,7832,19,6,0,2,99,entertainment
321.3018093830567,4900,6,1,1,0,371,utilities
144.1635578199908,5812,16,3,0,3,1588,dining
4584.591212511682,8299,13,0,1,0,1304,education
251.93788208928453,7832,19,6,1,1,1735,entertainment
990.2375111791528,8299,15,0,1,3,330,education
56.04354688470543,7832,18,3,1,3,911,entertainment
788.9898299968577,4900,16,2,1,3,385,utilities
190.1948093269749,4121,13,0,1,1,138,transport
79.81737654906497,5411,9,0,1,2,1649,groceries
81.11308477148168,5812,20,2,1,3,228,dining
365.2078504224702,4900,10,4,2,2,1198,utilities
62.97315169510816,7832,21,5,1,2,1444,entertainment
1647.4122478250645,8011,11,3,1,2,1632,healthcare
81.30258990446923,5311,15,3,1,3,1141,shopping
86.95939619317762,7832,21,3,0,2,134,entertainment
287.1031518904063,7832,19,0,1,1,542,entertainment
4465.916459680187,8299,13,0,1,3,195,education
627.7199626924635,4900,9,5,1,1,582,utilities
108.43507911849055,7832,20,0,1,0,979,entertainment
615.152474773984,5311,19,2,1,3,1576,shopping
323.99382138167175,5411,12,2,2,3,126,groceries
53.910340134266995,7832,22,4,1,2,26,entertainment
1326.4165446244238,8299,13,1,1,3,67,education
2582.964476960562,8299,15,1,1,2,112,education
541.9480763456988,4900,11,6,1,1,1537,utilities
112.59479887896512,5411,15,4,0,1,1821,groceries
463.9511672003656,5311,10,4,1,1,1227,shopping
264.60918991003786,8299,12,1,1,0,343,education
520.4633870754034,8299,13,4,1,1,642,education
75.55178757996661,4121,17,6,1,2,1535,transport
365.79989503371326,4900,19,0,0,2,1557,utilities
70.87517669154681,5812,18,3,1,2,1034,dining
641.2266999291901,5311,10,4,2,1,572,shopping
4956.435844042938,8299,10,4,1,1,111,education
365.9590529528833,8011,10,1,1,2,1703,healthcare
183.26448317872405,7832,21,5,0,0,492,entertainment
805.5296302118242,8299,12,3,1,2,1397,education
437.9938966241248,8011,8,2,1,2,1773,healthcare
1415.0693561692399,8299,12,0,1,1,311,education
4292.502363147237,8299,13,2,1,2,364,education
276.823110432649,5812,20,1,1,2,309,dining
2067.982361569337,8299,14,4,1,1,1742,education
97.52839672708747,5311,18,0,1,1,339,shopping
537.7011407878636,4900,17,5,1,2,1523,utilities
240.47084579018042,5812,19,2,2,0,860,dining
377.79741864830163,8011,12,4,1,3,1295,healthcare
125.27372886446665,5812,12,4,1,2,1715,dining
148.12685790313597,4121,15,2,1,3,310,transport
810.6138425148126,4900,9,6,1,3,105,utilities
771.108609140737,4900,18,1,1,1,1207,utilities
219.9971278232918,4900,13,0,1,3,940,utilities
107.60429918428237,7832,22,6,1,2,1356,entertainment
293.21315859755674,5812,11,2,1,2,706,dining
166.96081808922463,4121,16,3,1,1,973,transport
587.0475181116894,8299,14,1,1,2,777,education
387.44444290270417,5411,16,4,1,3,1709,groceries
114.37384238895613,5812,18,4,1,3,698,dining
331.680253559695,5311,18,0,2,3,33,shopping
1130.4341644104993,8299,15,3,1,2,291,education
2423.8576199167023,8299,13,1,1,1,735,education
843.8869788461941,5311,17,5,1,2,687,shopping
784.074950128539,4900,9,2,1,2,727,utilities
141.58583436213604,4121,9,4,0,1,1419,transport
421.42265997351984,8299,13,4,0,0,809,education
2979.233944717572,8299,9,0,1,1,966,education
200.07484074413196,7832,20,3,1,2,1479,entertainment
376.08854068791334,8011,16,6,1,2,1083,healthcare
127.71797205156278,4121,6,5,1,1,1399,transport
391.1051103615957,8011,8,3,1,1,752,healthcare
163.10917279906968,5411,14,2,1,2,1529,groceries
424.8592306840793,8299,10,3,1,1,180,education
286.40122181383236,5812,16,0,1,2,339,dining
758.621470966831,5311,10,0,0,3,94,shopping
117.17929436608283,7832,20,4,2,1,464,entertainment
877.155420511686,4900,17,5,1,1,184,utilities
1423.1706019749784,8299,14,3,1,1,1050,education
60.48056946391661,4121,10,4,1,1,553,transport
3391.715273577116,8299,15,4,1,1,1451,education
758.9004477215392,5311,19,3,1,1,520,shopping
4090.4320328284866,8299,14,6,2,1,1325,education
99.49131555595389,4121,6,6,1,1,460,transport
233.4174071898924,5812,17,2,1,1,592,dining
144.88690518801442,7832,18,0,1,1,1046,entertainment
3342.0438688271815,8299,9,5,2,2,1202,education
67.53575300395362,4121,13,6,1,2,1726,transport
48.11087015422889,4121,14,1,2,2,43,transport
446.28744390398606,4900,16,5,1,3,1219,utilities
156.64833401491367,4121,13,5,1,1,1041,transport
1060.7492126841566,8299,10,4,1,0,360,education
2591.1690578815897,8299,10,3,1,3,1758,education
263.4768275049138,4900,13,4,0,2,705,utilities
118.58976396959477,4900,19,1,1,2,47,utilities
665.500443108133,8011,9,2,1,3,1653,healthcare
105.05389104576625,4121,7,2,1,3,83,transport
58.825743381524255,7832,22,0,0,2,467,entertainment
2172.1823930109745,8299,9,3,1,2,76,education
458.388098790837,4900,14,4,1,3,742,utilities
919.050193635336,8011,10,3,0,1,64,healthcare
136.54675065024713,7832,21,0,1,1,810,entertainment
1128.8763808293484,8011,8,3,1,2,958,healthcare
56.6111145882271,5812,20,5,2,1,1345,dining
1769.9699278669605,8011,8,3,1,1,73,healthcare
2853.231955734984,8299,13,3,2,1,1465,education
1548.6584400491445,8011,15,2,2,2,495,healthcare
1407.5934548701703,8011,11,6,1,1,893,healthcare
2542.934673461994,8299,11,1,0,1,908,education
258.8668007882279,5411,13,5,1,3,1253,groceries
551.6779210751373,5311,11,2,1,1,1602,shopping
213.67454338402186,5411,12,1,1,1,1822,groceries
436.5625859043303,5311,17,3,2,2,1565,shopping
105.23051493654927,5812,11,3,1,0,1007,dining
233.69458353312066,7832,18,2,1,1,1201,entertainment
24.082419248656834,4121,15,5,1,1,332,transport
430.908551172589,5411,13,1,0,0,198,groceries
348.2014011768081,5311,13,3,1,3,145,shopping
550.2314731069838,5311,10,2,0,2,260,shopping
26.445787144689067,4121,6,6,1,2,410,transport
283.1367110206501,7832,22,3,1,2,1473,entertainment
519.9829562308946,5311,13,0,1,3,1581,shopping
355.3641979102125,4900,8,0,0,2,1506,utilities
407.8030251366195,5411,9,0,1,1,877,groceries
227.29771584195814,4900,9,5,1,3,1660,utilities
62.798989889103495,7832,18,2,1,1,1354,entertainment
4879.2979730768675,8299,10,6,1,1,1030,education
199.097752096347,5411,9,0,1,1,1546,groceries
162.7375778900146,5812,16,6,1,2,57,dining
60.413742516826844,5411,14,3,0,3,1032,groceries
427.9981790673283,5311,12,3,1,2,438,shopping
66.47447150324948,4121,7,4,1,1,345,transport
123.52950375315704,4121,7,1,2,1,1708,transport
195.25326236418252,5812,20,5,1,1,1433,dining
562.4943401201609,4900,7,6,1,3,1678,utilities
93.62911868304198,7832,21,0,1,1,1094,entertainment
200.57829930972744,5812,18,3,0,0,638,dining
268.0958248551988,7832,22,1,1,0,592,entertainment
845.9220687088523,5311,18,3,1,1,568,shopping
62.49864900593447,5812,17,3,1,1,1284,dining
104.99602208566817,5812,11,6,0,2,1189,dining
130.26592667727184,4900,14,2,1,1,346,utilities
1904.9550283373305,8299,10,1,1,1,485,education
257.68707556389313,7832,19,6,1,3,1426,entertainment
772.5468864477184,5311,11,5,2,0,706,shopping
913.9834436560262,5311,16,2,1,1,680,shopping
2767.2573630942834,8299,12,4,0,0,1503,education
733.0745280943044,8011,12,3,1,2,1157,healthcare
161.9699295691085,5411,12,5,2,1,870,groceries
228.94619591608733,5311,18,1,1,2,1710,shopping
183.41559155089718,5311,11,5,1,1,1369,shopping
470.4895343022381,5311,17,6,1,3,1432,shopping
28.094221291933504,4121,6,2,1,3,1310,transport
260.3556314416642,5411,15,1,1,2,1544,groceries
101.3021261628135,4121,9,0,1,3,375,transport
285.1191414397686,7832,18,2,1,2,791,entertainment
1974.2298604925634,8011,11,6,1,2,615,healthcare
208.18198732162588,5812,14,6,1,2,650,dining
289.0305428243324,5411,13,0,1,3,1079,groceries
228.04792096859984,7832,20,4,0,1,1576,entertainment
542.168705454538,4900,6,1,1,1,341,utilities
48.0427585427872,4121,17,0,1,2,582,transport
2052.531965446709,8299,13,0,1,3,818,education
1968.491057407005,8011,16,5,1,3,1170,healthcare
744.2596090872676,5311,18,2,1,1,1216,shopping
106.08324703749125,4121,16,5,1,1,1197,transport
244.36989009399514,8011,8,6,1,3,815,healthcare
867.3938078413759,8011,10,0,1,2,588,healthcare
108.93700258569237,4121,18,1,0,0,1088,transport
250.4219880140996,5812,13,6,1,0,1509,dining
1630.8021362744507,8011,12,5,0,0,363,healthcare
61.12632026653403,4121,10,1,0,1,1648,transport
135.06811024044694,4121,7,4,1,1,1625,transport
4530.903432441942,8299,13,4,1,2,242,education
96.05772655943599,5411,11,3,1,1,889,groceries
263.9029284966854,8011,16,1,1,3,119,healthcare
298.01233564345335,5812,11,5,1,3,1398,dining
569.8987461654935,8299,11,4,1,1,984,education
866.1571992279494,4900,15,6,1,3,799,utilities
138.58750096161125,5411,13,4,1,2,684,groceries
170.17882324185442,7832,20,1,1,2,455,entertainment
111.76433712043212,7832,21,5,2,1,1129,entertainment
400.7925325172522,4900,13,3,1,2,1223,utilities
238.11337312467157,5812,14,6,1,1,594,dining
297.6839085910961,5812,14,0,1,1,271,dining
490.8860981161978,5411,11,6,1,2,1439,groceries
295.9232591640081,7832,19,0,2,3,599,entertainment
1930.1974161466478,8011,14,2,1,2,381,healthcare
141.60264624827934,5812,13,0,2,0,1569,dining
73.83026828224408,4121,14,0,2,3,177,transport
973.921744136989,4900,19,0,1,1,697,utilities
355.970809873165,5411,8,3,1,2,747,groceries
822.1455394278155,5311,10,0,1,0,58,shopping
177.0858700250956,7832,18,2,1,1,1698,entertainment
78.94146007220084,5812,15,1,2,2,709,dining
91.79684416719132,5812,12,1,1,1,1222,dining
613.9974662221816,4900,16,5,2,3,1270,utilities
1963.8568680022645,8011,16,3,1,0,605,healthcare
206.18821333968287,7832,18,4,1,1,1350,entertainment
117.0486483154416,5812,14,4,1,1,370,dining
1192.4521282299181,8299,10,3,1,2,502,education
3366.7957885568044,8299,14,2,0,1,1539,education
1836.7644162318595,8011,14,0,1,2,1667,healthcare
199.05559300642182,4900,9,3,1,2,1590,utilities
4277.5574663112175,8299,14,2,1,2,1408,education
228.4137737352751,5411,12,6,1,1,1712,groceries
243.81741039356183,8011,9,0,1,3,519,healthcare
1350.608099212572,8011,9,0,1,1,900,healthcare
155.40032839141404,4121,16,1,1,2,1191,transport
239.8861961828605,7832,20,2,1,2,350,entertainment
137.90258539098176,7832,21,6,1,0,1012,entertainment
186.29212959944073,7832,20,5,1,1,274,entertainment
743.4450479067063,8011,15,2,1,1,1462,healthcare
231.95991176283152,7832,20,2,1,2,120,entertainment
178.67075867379657,5311,17,1,1,2,847,shopping
81.74113013282663,5411,15,2,1,0,1824,groceries
195.95925976479606,4121,12,6,1,0,202,transport
100.3385026637848,4121,13,4,1,2,1640,transport
181.09148623062495,4121,11,1,1,2,692,transport
69.6622575667231,4121,18,4,1,1,1498,transport
315.14548879271615,5411,17,0,0,1,1261,groceries
367.4369223775361,8011,8,0,2,2,736,healthcare
300.5031077220509,5411,9,6,2,1,773,groceries
226.51369033867516,7832,21,5,1,2,977,entertainment
411.8519764635794,8299,12,6,2,2,1196,education
919.8209306806516,4900,17,5,0,0,529,utilities
569.5340352109561,5311,13,4,1,1,1489,shopping
177.00409835887572,4121,15,6,1,3,547,transport
113.94340252374435,5812,15,6,1,1,19,dining
4809.817310968601,8299,8,1,1,3,977,education
435.3417416443743,5411,16,6,1,2,446,groceries
82.45657718955967,7832,18,0,0,3,544,entertainment
1647.8337199079049,8011,9,0,0,1,957,healthcare
291.66905381053095,7832,19,6,0,0,390,entertainment
786.7768402914663,5311,19,3,1,0,134,shopping
180.63079932707885,5812,20,5,1,2,887,dining
730.3772568669257,4900,11,5,1,1,1013,utilities
1894.4855861190936,8011,11,0,1,0,1116,healthcare
161.3606501195039,4121,15,3,1,2,853,transport
950.653475784007,8011,11,4,1,0,1375,healthcare
97.97714521333297,4121,14,4,1,1,1682,transport
1145.0630268420443,8011,14,3,1,3,386,healthcare
326.452137199495,4900,11,0,1,3,1036,utilities
258.83098568859924,5411,16,0,1,1,878,groceries
87.62317286700888,5411,11,4,1,1,409,groceries
125.45449958548217,5311,19,1,1,1,1540,shopping
675.6744851640755,4900,10,1,1,1,1444,utilities
96.70093718355866,5812,16,4,1,3,269,dining
109.79264272580652,4121,6,3,1,1,1254,transport
490.41575079161527,5311,16,1,1,2,1734,shopping
68.5407291437221,4121,17,2,1,1,1073,transport
293.5569410545352,7832,18,0,1,1,631,entertainment
141.62207105642221,5812,16,3,2,1,309,dining
726.6640939651054,5311,17,4,0,3,1719,shopping
245.99373435192146,7832,19,2,1,2,1053,entertainment
2628.249395703473,8299,9,1,1,3,1031,education
580.7549360561882,8011,8,4,1,2,1235,healthcare
130.40955998266776,8011,16,2,1,0,1241,healthcare
340.252351699173,5411,14,2,1,1,1822,groceries
71.03216840561983,7832,20,0,1,3,205,entertainment
1723.6867052575233,8011,8,6,1,2,1095,healthcare
115.52958913539061,7832,18,0,1,3,1650,entertainment
134.77072091356277,5311,19,4,1,3,845,shopping
45.42267355917298,4121,7,1,2,1,1294,transport
137.44269141134745,5812,15,2,1,2,1116,dining
758.7898694684567,8011,15,5,1,2,1721,healthcare
208.66392371749657,5311,10,3,1,1,905,shopping
551.7880629181857,4900,16,6,1,1,637,utilities
2729.451304739463,8299,11,4,1,3,1712,education
118.86995033130808,7832,20,5,1,0,470,entertainment
104.50134676233165,4121,11,3,1,1,30,transport
296.3751319282576,7832,21,4,2,1,562,entertainment
105.13916121891505,7832,19,2,1,3,138,entertainment
888.5739934130493,4900,10,1,1,2,1424,utilities
771.9798120947327,8011,16,6,1,2,528,healthcare
183.58598017629922,4121,17,6,1,3,686,transport
295.82959158836564,7832,20,2,1,3,749,entertainment
1234.740959067884,8011,12,1,1,1,123,healthcare
1948.6149905637635,8011,10,1,1,2,1477,healthcare
1916.3109500402936,8011,9,0,1,1,1407,healthcare
2476.3750494246187,8299,8,0,2,2,1758,education
442.6168911864524,5311,13,5,1,1,858,shopping
522.0861337315627,5311,13,0,1,2,1054,shopping
42.83936412270074,4121,8,3,1,3,841,transport
173.19774379917524,5812,12,2,0,2,1411,dining
225.3079307790027,8011,13,2,1,1,1746,healthcare
39.30592731075635,4121,6,6,1,3,1535,transport
977.5305703116283,5311,10,2,1,0,1692,shopping
977.0589575276954,4900,17,2,1,1,1475,utilities
101.13234779996421,5812,20,4,1,1,585,dining
763.0283511111977,4900,15,0,1,3,1805,utilities
126.59581080587584,4121,17,4,1,1,626,transport
101.2894746161848,4900,12,1,0,2,737,utilities
28.503581741584433,4121,16,3,1,1,773,transport
238.58714452704842,5812,14,6,0,2,281,dining
1571.1158016360037,8299,11,5,1,2,1339,education
226.7491262476278,7832,20,2,1,3,796,entertainment
64.38947750500937,4121,13,6,1,2,1102,transport
1842.8375099960422,8011,12,6,1,3,1661,healthcare
286.0995500170395,7832,19,0,1,0,1279,entertainment
88.11491214535137,5812,11,1,1,2,383,dining
165.70185244832726,5812,16,5,1,3,1335,dining
138.88231617694117,4121,13,1,2,2,732,transport
626.6982760749086,4900,13,3,1,1,675,utilities
55.03885730968377,4121,12,3,1,2,1353,transport
136.10972576720954,5812,11,6,1,3,81,dining
176.7931539700621,7832,22,1,0,1,562,entertainment
80.5711824858352,5812,18,5,1,1,1457,dining
217.16129565090762,4900,13,2,2,2,99,utilities
189.09729254457787,7832,19,4,1,1,995,entertainment
775.712126023862,8011,8,1,1,2,389,healthcare
713.8218783008529,4900,10,6,1,2,973,utilities
156.39128697700164,7832,21,4,0,2,867,entertainment
759.3733918114259,4900,7,4,1,1,695,utilities
177.18533454243197,7832,22,5,1,3,1039,entertainment
64.75669945229816,4121,8,0,2,2,1117,transport
383.5382714871067,5411,10,2,1,1,1101,groceries
602.1204733192292,4900,7,2,1,2,802,utilities
233.43945151970792,8011,14,4,1,0,397,healthcare
383.5553658945684,5411,17,4,1,3,1345,groceries
380.51084036479125,5411,10,1,1,3,1126,groceries
1519.9301130582198,8011,10,2,2,3,193,healthcare
68.13550312223805,4121,8,3,1,1,1138,transport
572.0234424799058,8011,12,4,1,3,236,healthcare
1401.4151928641875,8011,9,0,1,1,448,healthcare
140.03315644084824,5812,17,5,1,2,1716,dining
558.7450632785478,5311,10,3,1,3,1134,shopping
997.1816670533242,4900,17,2,1,0,1512,utilities
1109.8816187275763,8299,11,5,1,1,1494,education
4593.605587781076,8299,13,2,1,1,555,education
189.6868876345085,7832,20,5,0,2,939,entertainment
154.29374829152164,4121,11,3,1,2,1695,transport
179.5332535108629,8011,15,4,1,1,660,healthcare
1770.8088235170349,8011,14,2,1,2,543,healthcare
163.96287915473175,5812,13,3,0,3,640,dining
4369.895580531024,8299,15,1,1,1,1361,education
979.9741291580177,5311,18,3,1,1,1254,shopping
122.008372047738,4900,17,3,1,2,633,utilities
387.2995385593265,5411,17,2,1,2,1060,groceries
274.09427045737203,5411,14,1,1,2,1487,groceries
480.88203687109655,5411,9,1,1,1,1173,groceries
53.011067439876236,5812,11,6,0,3,837,dining
51.49056765270791,5411,10,2,1,0,953,groceries
46.577064044078554,4121,9,2,1,0,1273,transport
144.543525521719,5812,11,0,1,2,1374,dining
296.6003976270434,5812,19,4,1,2,798,dining
965.5966541366986,4900,16,2,1,1,1467,utilities
596.2030348690938,5311,12,4,1,1,1212,shopping
72.46049057057442,5812,14,0,2,2,1416,dining
126.32274498618416,7832,22,5,1,1,799,entertainment
405.50320570200563,5411,16,5,1,0,1665,groceries
74.61830500810558,5311,19,1,1,2,942,shopping
153.693057760025,4900,7,2,1,3,1761,utilities
1689.398982999631,8299,8,6,1,3,1270,education
137.517784831674,7832,21,1,1,1,375,entertainment
1257.5502730437513,8011,13,3,1,3,969,healthcare
736.1300079347417,4900,13,1,2,3,1607,utilities
267.148090769647,4900,19,3,1,0,1687,utilities
104.50843148660596,5812,17,5,1,2,529,dining
179.24785032115182,5812,13,1,0,1,1736,dining
274.8954511144263,5812,14,6,1,2,603,dining
869.4695706691114,5311,14,1,1,3,1246,shopping
189.77089992521752,5812,16,6,2,1,576,dining
987.7657028597463,5311,17,3,1,2,1717,shopping
3288.1373907968955,8299,12,3,1,1,1101,education
940.3117024653,5311,11,2,1,2,505,shopping
185.39818914321216,5411,9,4,1,2,557,groceries
3593.501601260905,8299,10,3,2,2,1599,education
1700.9425166370324,8299,8,6,1,0,41,education
217.7549838054937,7832,22,4,0,2,747,entertainment
187.2408480463226,5812,20,0,1,2,888,dining
231.0874145503517,7832,22,5,1,3,1113,entertainment
944.9171484674839,4900,16,2,1,3,868,utilities
858.3430301203297,8299,15,1,1,1,1766,education
2912.5232845073356,8299,10,5,2,1,1646,education
819.1508010241616,5311,17,6,1,1,1353,shopping
4942.662148836792,8299,11,1,1,1,934,education
195.79532236915827,8011,8,0,1,1,1786,healthcare
110.76986339745017,7832,20,2,1,2,481,entertainment
1872.819283436353,8011,14,6,1,1,1442,healthcare
212.21901653367073,7832,21,0,1,3,659,entertainment
228.6933052132914,7832,18,1,1,1,269,entertainment
103.7153232554129,7832,18,0,1,0,984,entertainment
227.51609551227065,7832,20,4,1,0,1429,entertainment
156.4262283005074,7832,22,6,1,1,760,entertainment
692.1158003706698,4900,7,4,0,2,2,utilities
751.2752800254634,8011,13,2,1,2,135,healthcare
206.48345780104555,5812,11,4,1,1,732,dining
723.7034784979699,8011,13,4,2,1,443,healthcare
199.16313991975616,4121,17,5,1,2,1822,transport
2896.4040905718016,8299,11,2,1,2,1603,education
166.3359785944168,5411,16,2,1,1,1819,groceries
203.36902260409275,7832,18,6,1,2,1288,entertainment
299.40016698005627,5812,15,0,1,2,14,dining
260.56663597105705,5812,15,0,0,1,1379,dining
91.23220776379645,4121,15,5,0,2,334,transport
497.61618995003664,5311,13,4,1,0,1119,shopping
129.37314381468647,5411,8,1,1,1,311,groceries
69.35510122306263,5311,17,2,1,3,1219,shopping
154.30359676863452,5812,20,2,1,1,764,dining
83.66881027371862,4121,12,6,1,1,364,transport
90.47291385041831,4121,8,1,1,2,1209,transport
30.28917907178041,5812,17,2,1,2,1133,dining
227.67397250688978,7832,22,4,1,1,1444,entertainment
138.30818738553126,4900,14,4,2,2,1425,utilities
245.76101134984881,5411,13,4,0,0,756,groceries
251.89404610040688,4900,7,6,1,1,1237,utilities
118.42232861965007,5812,16,5,1,3,442,dining
618.8470293636651,4900,18,5,1,2,521,utilities
657.756860308415,5311,15,4,1,2,1179,shopping
339.4478086711003,4900,14,6,1,2,1357,utilities
174.30913674322636,7832,22,1,0,2,696,entertainment
227.8115683696892,7832,20,4,0,1,1790,entertainment
93.48868558974918,5812,18,4,1,1,704,dining
118.95166162500898,7832,22,3,0,3,1664,entertainment
131.71654369864018,5812,16,3,1,2,1123,dining
134.20682706504206,4121,6,3,1,1,523,transport
529.9508160297511,4900,12,6,2,3,586,utilities
844.9177333121136,4900,10,6,1,3,991,utilities
2549.8874644467614,8299,13,1,1,2,1774,education
4455.9569789549205,8299,8,5,0,0,1118,education
164.2254871047995,5812,15,4,2,3,1438,dining
239.205666257081,4900,16,1,0,2,1552,utilities
97.28873747618897,5812,11,3,1,1,675,dining
101.06350441905926,5812,20,3,1,1,566,dining
163.02777395676645,4121,6,5,1,1,514,transport
384.7037839938208,4900,11,6,2,2,1262,utilities
230.99091760992306,5311,14,4,1,1,368,shopping
162.73572338310956,4121,13,2,2,3,1639,transport
89.23995215788491,5812,17,6,1,1,1307,dining
230.18564564029072,5411,9,5,1,2,535,groceries
119.64781406248723,4900,16,6,0,1,747,utilities
2069.3289452504664,8299,9,5,1,1,656,education
1898.9398906388979,8299,12,0,1,1,450,education
839.9449469533234,5311,12,1,1,1,955,shopping
194.38377218489092,7832,18,1,1,3,749,entertainment
1149.1199277709857,8011,15,2,1,1,1587,healthcare
1568.7672763420521,8011,15,4,1,0,1521,healthcare
160.92650522167943,4121,14,4,1,2,239,transport
134.2409920598348,7832,20,5,1,2,225,entertainment
499.44220273586683,8299,13,3,1,3,572,education
96.33702042417426,5411,15,5,1,2,511,groceries
373.37787728854505,5311,13,0,1,2,959,shopping
80.75717215771837,5812,13,4,1,2,308,dining
44.55890590506092,5812,13,1,1,3,970,dining
397.2310635286603,5411,13,5,1,1,604,groceries
736.0372037779391,5311,13,4,1,2,1239,shopping
250.06704421006782,4900,9,6,1,1,1230,utilities
139.7914028030109,4121,12,5,1,2,712,transport
117.07171019274747,4121,7,2,1,1,888,transport
282.42550419252603,5812,11,3,1,2,367,dining
263.0724508829474,5812,11,1,1,2,968,dining
203.07925762741937,7832,21,1,0,0,1474,entertainment
251.0901467306039,5411,10,5,1,0,1208,groceries
102.73694676610069,7832,22,0,2,1,1804,entertainment
145.03858842051153,5411,17,5,1,2,1731,groceries
230.33813351966893,7832,19,5,1,1,965,entertainment
149.64614908689074,4121,8,0,1,2,741,transport
364.2130467676886,5311,17,5,1,2,444,shopping
31.080935995246495,4121,11,6,2,1,1528,transport
458.1395402683038,5311,11,1,1,1,792,shopping
4492.898846205628,8299,9,6,0,2,39,education
65.39159311249954,4121,6,4,1,0,65,transport
252.26287535671983,5812,18,6,1,3,223,dining
4192.740624818435,8299,12,5,1,1,484,education
98.42955392783372,4121,15,1,0,1,127,transport
216.81873481446522,7832,22,0,1,3,123,entertainment
395.51970025655237,5411,12,6,1,0,103,groceries
109.40337404442526,5812,20,6,1,1,919,dining
578.9378369175694,4900,15,1,1,1,496,utilities
84.36876792389366,7832,21,6,0,0,467,entertainment
244.8128532180379,7832,22,5,1,2,369,entertainment
261.8647293669507,5411,14,3,1,1,1463,groceries
247.37120973471335,7832,21,6,1,1,990,entertainment
521.8120999632185,4900,16,3,1,3,762,utilities
2102.9850351710957,8299,11,4,1,1,1636,education
196.96931093362673,5411,10,0,1,0,1429,groceries
457.80196533993575,5311,17,4,1,1,1266,shopping
345.6463075747958,5411,11,2,1,1,1659,groceries
104.25409307164789,8011,14,4,1,3,667,healthcare
278.0296479194455,5812,20,6,1,2,1440,dining
1940.252733843243,8299,8,6,1,1,1641,education
173.75110849475624,5812,19,5,1,2,1529,dining
121.06393535431323,4121,8,2,1,1,1702,transport
908.1183674464236,5311,15,1,0,1,941,shopping
908.2000824159464,4900,16,6,1,1,315,utilities
290.70088243169255,7832,19,6,0,1,324,entertainment
145.80520207486595,4900,11,1,0,2,1097,utilities
176.52478021686161,4121,7,0,1,1,1020,transport
135.9647107347179,4121,12,2,0,3,1423,transport
1173.6885039488434,8011,16,1,1,1,1113,healthcare
1898.0089979514435,8011,11,0,1,1,462,healthcare
684.256663331668,8299,8,5,1,3,395,education
333.49942123533503,4900,7,5,1,3,1650,utilities
286.98031368017564,8011,16,1,1,2,416,healthcare
108.0961557056923,7832,22,1,1,2,1455,entertainment
4515.9068129568395,8299,8,6,1,3,376,education
63.829309333327814,4121,8,6,0,1,1314,transport
133.91983262054197,5411,10,5,2,1,182,groceries
166.4235244221715,7832,20,3,1,1,114,entertainment
83.9807386100795,7832,20,2,2,2,500,entertainment
867.3768486480891,5311,10,3,2,3,1363,shopping
24.03823355992847,4121,11,3,1,0,1016,transport
219.0991151037625,7832,21,3,1,3,784,entertainment
3873.965669240878,8299,10,4,0,3,18,education
3759.2580869223216,8299,10,1,1,3,34,education
271.59350476321526,5411,11,6,1,3,1603,groceries
373.67435006539307,5311,12,4,2,2,1220,shopping
584.6451021816401,4900,14,5,1,2,271,utilities
709.2113068603037,8011,13,6,1,1,1663,healthcare
106.53975212064992,4121,14,1,1,1,475,transport
1779.5199054210887,8011,8,2,0,1,1732,healthcare
2063.835631832207,8299,14,6,1,2,1576,education
304.9328057639631,5411,14,2,1,2,1646,groceries
518.1818248939164,8011,16,1,1,1,79,healthcare
91.6756284577922,5411,9,4,1,3,874,groceries
1928.91719481911,8011,13,1,1,3,1757,healthcare
150.25961649823253,4121,18,0,1,2,1278,transport
556.6044108436312,8011,9,6,2,0,507,healthcare
796.13381436682,4900,15,3,1,3,844,utilities
2095.887783566757,8299,9,2,2,2,935,education
957.6540625944054,5311,16,2,1,1,388,shopping
57.98694586817497,5812,14,1,1,1,363,dining
3822.714749629368,8299,13,4,0,2,1585,education
604.1080656961738,8299,10,5,1,1,440,education
866.1331191397579,8299,9,1,1,2,1229,education
477.708491683358,4900,12,3,0,1,570,utilities
173.51903852022735,5411,9,0,1,1,95,groceries
142.69550201170108,5311,10,5,1,3,440,shopping
866.1588053509928,5311,18,3,1,1,1560,shopping
871.1164944934104,4900,13,6,2,3,1811,utilities
286.75515209689326,7832,20,5,0,1,877,entertainment
1584.059121771904,8011,11,3,1,3,242,healthcare
68.16841063553389,4121,7,0,1,3,868,transport
57.80409679250513,4121,11,6,1,1,1283,transport
139.74459867908482,4121,17,3,1,1,1530,transport
4850.557805485218,8299,9,3,1,1,486,education
100.92407619539688,7832,19,0,1,2,826,entertainment
143.07354563753128,5411,16,4,1,1,573,groceries
322.3752682325096,5411,8,2,1,2,1221,groceries
757.990892214813,8299,11,6,1,2,1362,education
292.04332741938026,5812,14,6,2,1,1659,dining
168.28522575673549,4121,6,3,1,1,1578,transport
769.5034580234029,4900,19,2,1,2,1563,utilities
669.5667522756687,4900,6,5,1,2,220,utilities
58.00392127981271,5411,8,2,1,2,1688,groceries
52.44150888963103,4121,15,6,1,3,644,transport
237.97371870513444,7832,19,5,1,2,473,entertainment
403.08433117461044,5411,8,1,1,0,493,groceries
816.2537262000656,4900,15,5,1,1,63,utilities
251.58328282456603,5411,14,6,2,2,1219,groceries
395.6150246618083,8299,15,0,1,2,313,education
96.55448805503651,5411,8,3,0,2,913,groceries
438.41105320735306,5411,13,4,1,1,1471,groceries
90.96116451568275,5311,18,2,2,2,406,shopping
75.63020788849984,5311,16,1,1,2,398,shopping
858.4422926732113,4900,19,6,1,1,1195,utilities
1732.4828982694437,8299,10,2,1,2,1808,education
158.2417430551643,5812,11,6,2,3,1772,dining
4732.555804013288,8299,15,5,1,1,105,education
4721.252359308745,8299,14,4,1,2,251,education
463.37319359924294,5411,8,3,1,1,807,groceries
216.0982078580603,7832,22,5,2,0,302,entertainment
4825.355993339395,8299,8,6,1,1,842,education
112.14799944269286,4121,11,5,2,1,1607,transport
253.98249488315736,7832,19,0,1,1,697,entertainment
1492.3489294157064,8011,15,2,2,3,586,healthcare
152.34045936815545,7832,21,5,1,1,955,entertainment
286.01130907499765,8299,12,3,1,1,327,education
290.34846860004455,7832,18,0,0,3,746,entertainment
107.49982183154656,7832,19,3,1,2,538,entertainment
270.92934958324,4900,9,0,1,3,376,utilities
472.0680784274687,5311,12,1,1,0,403,shopping
681.8211851839623,5311,18,2,2,2,1209,shopping
577.7674486525715,8299,9,6,0,1,1783,education
1410.1387284472432,8011,8,1,1,0,71,healthcare
1020.7023184746017,8011,8,3,1,1,374,healthcare
88.15478417467902,4121,16,6,1,3,574,transport
1919.9612728047978,8011,14,1,1,2,154,healthcare
475.09806482492667,5311,11,3,0,2,1071,shopping
233.44123038275134,5812,19,5,1,1,210,dining
51.02935985751937,5812,19,2,1,2,633,dining
138.21528155352786,7832,18,0,1,2,421,entertainment
208.06310688121917,5411,16,2,1,3,1790,groceries
157.27304160691446,5812,14,1,1,2,1271,dining
859.5888741071096,8299,10,2,1,2,1378,education
1010.3634651321534,8011,16,4,0,2,1260,healthcare
431.8963393928938,5411,9,6,1,1,1438,groceries
174.44685439750754,7832,22,6,1,1,820,entertainment
3048.6583258675264,8299,14,2,1,1,195,education
775.9957082965674,8011,9,4,1,2,1542,healthcare
204.33066942234498,5812,11,3,1,2,128,dining
397.4124996444083,5411,17,5,1,1,1742,groceries
180.19562130431325,4121,8,5,1,1,1585,transport
1816.368551018552,8011,15,1,1,3,1772,healthcare
4676.081105119003,8299,15,2,1,1,1118,education
309.936533817397,5411,13,5,1,1,1145,groceries
799.5879488086874,8011,9,2,1,1,1610,healthcare
77.8811179094078,4121,13,1,1,1,1604,transport
840.5105800468681,4900,10,1,1,1,348,utilities
256.51449677447505,7832,20,0,1,2,1596,entertainment
126.08111449541039,7832,20,1,1,1,373,entertainment
99.55988448600668,5311,17,1,1,1,142,shopping
82.19974434592412,4121,15,3,1,1,1284,transport
1737.6656284265505,8299,15,6,1,2,1293,education
128.73757441491827,7832,19,0,1,3,297,entertainment
1949.1535797632155,8011,11,0,1,2,40,healthcare
2575.731136038932,8299,14,0,1,1,144,education
754.470346590599,8011,8,1,1,2,1769,healthcare
150.2156167290283,4121,8,6,0,2,1073,transport
1422.3392929492197,8011,14,3,1,1,898,healthcare
1145.697722151956,8011,10,0,2,1,78,healthcare
208.46548420368097,5812,11,4,1,2,3,dining
1907.2548364665543,8011,10,3,2,2,1084,healthcare
296.82818180093415,5812,12,6,1,1,38,dining
4668.371973332287,8299,9,6,1,1,80,education
79.11186268034943,4121,12,3,1,0,351,transport
171.2878149420594,4121,16,2,2,1,253,transport
872.2074068565267,4900,6,2,1,3,1318,utilities
156.84133528775538,5812,14,1,0,1,449,dining
213.99754802150852,5311,10,4,1,1,1421,shopping
130.99309821532725,5411,9,1,1,3,997,groceries
246.75517415456807,7832,18,6,1,2,1626,entertainment
99.67318619656095,4121,11,4,1,0,533,transport
156.0820561020472,5812,12,3,1,3,1428,dining
77.37752439116109,7832,18,2,1,1,1482,entertainment
119.15853154938037,4121,11,0,1,1,143,transport
264.313815399994,7832,18,3,1,2,1610,entertainment
978.2315143978509,4900,13,2,1,3,1783,utilities
1124.055824457567,8299,12,1,1,2,31,education
432.42185803491446,5411,15,2,1,1,1690,groceries
296.2529493414092,5812,19,0,1,2,1489,dining
502.58675884850146,5311,18,0,1,1,1174,shopping
2242.2164302768497,8299,14,3,0,3,1124,education
56.61115159672106,4121,14,3,1,3,605,transport
292.1232559994908,7832,22,4,1,1,648,entertainment
263.1960047138199,7832,22,5,1,3,1173,entertainment
35.81555719709385,5812,12,5,1,2,320,dining
190.17521683228057,5812,18,2,1,2,916,dining
198.15301922242955,4121,9,2,1,3,578,transport
131.0609270360886,4121,14,4,1,3,1394,transport
286.09564593539824,5411,13,2,1,2,1506,groceries
413.7981208374015,5411,10,6,0,2,857,groceries
902.2707552463165,8299,8,1,1,1,111,education
71.92027434068102,4121,17,2,1,3,857,transport
285.88533490740497,5812,17,4,1,1,805,dining
122.28104137972248,5812,15,0,1,2,1132,dining
60.863961474038454,5812,13,1,1,2,1005,dining
1175.1476396306864,8011,12,3,1,3,836,healthcare
570.7543493530544,5311,17,1,1,2,1637,shopping
85.35402735037171,5812,16,1,1,2,83,dining
131.6212499746557,5812,15,5,0,2,888,dining
257.5146565196923,5311,12,2,1,1,1193,shopping
2455.8223697789567,8299,8,1,1,1,1115,education
650.3483168387562,4900,17,1,1,1,538,utilities
1962.6873741012807,8011,14,1,1,1,1607,healthcare
184.00752043312485,7832,21,4,0,2,977,entertainment
109.51210082187261,4121,9,1,1,1,865,transport
789.4197127333748,8011,13,0,1,0,262,healthcare
285.50634680497626,5812,19,6,1,2,365,dining
195.5810427597314,4121,13,1,1,1,823,transport
709.8307704345552,4900,19,1,1,3,1796,utilities
672.9160998387499,8299,15,0,2,2,466,education
68.63604608223366,5411,9,6,1,1,1017,groceries
365.4748312430577,5311,10,0,2,2,1093,shopping
333.4044204451097,5311,18,0,0,3,1718,shopping
474.8790508302154,5411,8,4,1,2,544,groceries
97.81884624292834,5411,17,6,1,3,45,groceries
664.8227971473566,4900,15,1,1,1,1364,utilities
179.6147244878249,4121,12,2,1,1,1286,transport
38.55346482381961,5812,15,0,1,1,193,dining
367.61969973249376,5311,18,3,1,1,1295,shopping
392.9187788169258,5411,8,1,1,1,203,groceries
584.6953606010966,5311,10,1,1,2,557,shopping
137.27706629042046,4121,14,2,1,1,277,transport
1575.252889956682,8011,8,6,1,1,644,healthcare
277.1316369562619,4900,11,5,1,1,1580,utilities
641.9124589383424,4900,14,2,1,1,334,utilities
1485.221396827161,8011,13,5,1,0,362,healthcare
358.20514660350756,5311,10,1,0,1,1815,shopping
207.83522306546294,7832,21,0,1,0,130,entertainment
374.97799275567644,5411,11,5,1,2,1268,groceries
78.41634834706684,5812,19,3,1,1,1670,dining
1808.277236150091,8299,12,6,1,1,1762,education
609.7921558153879,4900,16,1,1,2,62,utilities
559.5037402259446,8299,12,5,1,1,1311,education
185.66720940518024,5812,16,4,2,1,796,dining
63.90136403341213,4121,12,6,1,1,1033,transport
404.4571754413463,4900,16,0,1,2,836,utilities
181.41428865166884,7832,19,0,1,3,1249,entertainment
86.04009482983481,5812,16,0,2,0,1713,dining
202.92440120378274,5411,17,3,2,1,111,groceries
110.28070787358794,5311,12,4,1,2,110,shopping
1152.1267041653373,8011,12,4,1,1,1819,healthcare
250.86733744163286,5812,12,3,1,3,313,dining
444.65368783747,5311,17,5,1,2,743,shopping
719.4894530387066,4900,11,5,1,1,310,utilities
785.828910680719,5311,13,5,1,2,1607,shopping
115.30138864413107,5411,17,3,1,1,768,groceries
2953.0336334181357,8299,15,3,1,1,1112,education
3626.872198682178,8299,8,6,1,1,1296,education
181.8347085123985,4900,16,3,1,3,210,utilities
259.90524023034783,7832,20,4,1,2,1527,entertainment
352.2226553015434,4900,7,3,2,3,968,utilities
244.82473801854005,5411,11,1,1,1,386,groceries
291.59795685211066,4900,12,1,1,1,1637,utilities
254.25917230832937,5411,15,6,1,1,1243,groceries
547.8893446321115,8011,9,4,1,1,416,healthcare
2346.1339662065766,8299,13,1,2,2,995,education
1008.754814325746,8011,15,6,0,2,1150,healthcare
2506.324878760119,8299,10,5,1,1,857,education
35.397215190455206,4121,10,6,1,2,1616,transport
1075.396772882754,8011,15,2,1,2,1124,healthcare
28.57605331368022,4121,16,3,1,2,1177,transport
437.5610508888602,5411,12,3,2,1,1359,groceries
96.16348168139294,5812,17,4,1,0,1199,dining
43.957129451656705,5812,16,5,1,2,846,dining
73.48255372591852,5311,14,6,1,2,37,shopping
1690.6044212641523,8299,10,1,1,2,364,education
888.5950518854889,8011,16,6,1,3,184,healthcare
247.13228009113357,7832,18,2,1,1,991,entertainment
721.6104991508741,8299,9,6,0,3,653,education
51.190456643263616,7832,21,6,1,2,1683,entertainment
512.2181503186177,4900,14,4,1,3,1480,utilities
177.03113333485072,4900,17,2,1,0,1057,utilities
48.73413805745594,4121,6,5,1,1,1399,transport
178.05743889322707,7832,22,5,1,2,958,entertainment
122.32124491376204,5812,19,1,1,3,1150,dining
78.36240907967785,4121,13,4,1,2,411,transport
574.8690401114037,4900,17,2,1,3,695,utilities
135.0833844329951,4121,11,4,1,2,1550,transport
114.6080557986973,5812,14,3,1,1,1403,dining
416.6940450477904,5411,10,0,0,2,323,groceries
166.35135888671536,4900,13,4,1,1,1072,utilities
193.14745873775178,5812,16,1,1,1,1582,dining
48.88103323583576,4121,17,6,1,1,840,transport
479.9732339915816,5411,8,3,1,3,1729,groceries
117.26884603507025,4121,12,5,0,2,1329,transport
721.7994733741335,5311,17,0,2,1,582,shopping
153.57311483163951,4121,11,5,1,2,1441,transport
982.2919691588114,5311,19,0,1,1,74,shopping
234.78928899402484,8011,13,3,1,3,1169,healthcare
362.5427580998313,8299,14,1,1,1,768,education
255.1715725332797,5812,14,6,0,1,569,dining
216.86813852966367,5812,20,1,1,3,693,dining
160.56300850268275,4900,9,3,1,3,40,utilities
446.7977602777481,5411,9,3,1,3,1636,groceries
199.81638478416306,4121,7,2,2,1,1790,transport
107.12944215608796,5411,8,2,1,1,380,groceries
158.42789489183224,4121,13,1,1,1,78,transport
589.2756909523141,5311,14,3,0,1,278,shopping
4229.81027064097,8299,11,3,1,3,1760,education
120.4029050723976,7832,19,5,1,1,922,entertainment
311.8223573245067,8011,8,5,0,1,1824,healthcare
368.3148295723553,4900,6,5,1,1,1475,utilities
514.5207263821176,4900,19,6,2,2,601,utilities
4576.65965271568,8299,8,4,1,2,1682,education
192.7889269486048,4121,9,4,1,1,370,transport
1386.0904916530415,8011,15,1,1,1,1490,healthcare
1086.9020814087328,8299,15,1,1,1,1310,education
443.9029847947821,5311,18,2,1,2,1672,shopping
237.46799015776318,4900,11,6,1,2,126,utilities
1016.8277520113185,8299,13,3,1,1,1499,education
58.43432057836964,5311,17,1,0,2,1005,shopping
1706.3478293921312,8011,14,1,1,3,1001,healthcare
1855.2293956117906,8299,15,4,1,0,976,education
278.74168001208216,7832,18,4,1,1,1442,entertainment
3959.198272802299,8299,8,5,1,3,1179,education
291.1014835006567,5311,18,6,1,0,782,shopping
120.76927652441475,7832,19,0,1,2,1730,entertainment
3496.146192381823,8299,9,4,1,1,1431,education
458.645031423246,5311,19,4,1,2,1450,shopping
119.55448837141289,4121,10,6,1,3,841,transport
573.1139514781315,8011,9,2,0,3,780,healthcare
867.2057564988477,4900,19,4,2,2,1591,utilities
4504.974926792114,8299,8,3,1,1,1779,education
392.49627095011806,5411,8,1,1,3,254,groceries
428.806776387483,5311,15,5,1,2,182,shopping
133.68373284145525,5812,13,2,1,2,1428,dining
2590.124713717494,8299,9,4,1,3,224,education
311.85226141661786,5411,13,4,2,1,1821,groceries
725.3046899439483,8011,13,6,2,3,318,healthcare
4501.8982553603155,8299,15,6,1,3,884,education
1576.8282244690417,8011,11,5,1,3,365,healthcare
225.24472515678855,5411,16,2,0,1,611,groceries
903.938571367951,8299,15,3,0,2,396,education
524.653508775033,8299,8,1,1,1,747,education
353.3074598701833,5311,14,5,1,1,1369,shopping
191.02813594879555,4121,18,0,1,1,1109,transport
119.19163546455923,4121,6,5,1,1,224,transport
2822.897403244704,8299,11,6,1,2,888,education
194.65123747697564,5812,15,3,1,2,1109,dining
4851.266404822989,8299,8,4,1,2,450,education
3489.3436145933883,8299,9,4,1,3,904,education
1307.1144922767141,8299,14,4,1,1,229,education
425.6435232017638,4900,15,2,1,2,366,utilities
173.66877160077235,5411,15,3,1,2,1375,groceries
22.751848961090285,4121,12,6,1,2,1369,transport
363.72671781762574,8011,12,1,1,1,1593,healthcare
2613.670280969635,8299,8,4,1,1,1597,education
62.43781574301076,4121,15,0,0,3,95,transport
898.836383449053,5311,13,0,1,1,955,shopping
1560.893908397854,8011,9,1,1,2,690,healthcare
194.47887526066478,7832,19,3,0,2,862,entertainment
44.2653443014068,4121,7,1,1,0,334,transport
218.26918159016256,5812,13,0,1,1,1347,dining
450.440475440767,5411,12,0,1,2,1633,groceries
4023.4410106916594,8299,12,0,1,1,870,education
784.4963639681,8011,14,4,1,0,320,healthcare
4654.523023345285,8299,12,4,1,2,1603,education
43.27019793323524,5812,11,4,1,1,552,dining
485.54944480233723,5311,12,5,1,0,249,shopping
127.9681539166169,5411,17,2,1,1,1745,groceries
178.3707985137463,4121,18,3,1,2,484,transport
860.3894188029496,5311,11,3,1,0,1296,shopping
299.369138075798,5411,9,0,1,2,1275,groceries
321.28005441026187,5411,10,4,1,1,1728,groceries
188.35421868050898,4900,8,1,1,3,144,utilities
891.55027730256,4900,19,0,1,1,607,utilities
139.0795668579406,5411,14,5,1,2,342,groceries
111.37717478552588,4121,10,2,2,0,93,transport
84.6752332987017,5411,14,2,1,3,722,groceries
176.285540614357,4121,16,5,1,2,893,transport
274.2540356108799,5311,14,6,1,0,1376,shopping
2760.845727187011,8299,11,2,1,1,427,education
212.1851463010954,8011,12,2,1,3,626,healthcare
169.56116516736034,5812,11,4,2,3,164,dining
197.0806196879092,5812,20,6,1,3,1079,dining
700.123534433144,4900,6,1,1,1,45,utilities
939.8648322698878,4900,7,0,1,0,1709,utilities
706.0017053223735,5311,13,3,1,0,1603,shopping
185.30601453035828,4121,6,1,1,1,1185,transport
1367.043674376331,8011,12,5,1,1,520,healthcare
998.115414183855,5311,14,6,1,2,147,shopping
251.37250067421223,5411,17,5,1,1,1822,groceries
679.9926113812757,5311,17,3,1,1,1401,shopping
264.7997252725287,7832,20,5,1,2,1011,entertainment
61.01712324240239,4121,6,3,1,2,1353,transport
396.98006436616254,5411,14,3,1,1,1530,groceries
448.8091254113855,5411,9,5,1,3,1796,groceries
111.60706929962134,4900,13,3,1,1,507,utilities
868.8807390250295,4900,15,2,1,2,1364,utilities
76.34600564929477,5411,13,5,1,1,827,groceries
937.9156603767365,5311,10,3,0,3,460,shopping
563.3326020162777,5311,16,5,1,1,1516,shopping
401.1715481168664,5411,9,4,1,3,46,groceries
251.88249275151045,7832,20,6,2,1,735,entertainment
145.21122206508048,5812,17,3,1,3,1579,dining
308.1875730476694,4900,13,1,2,2,25,utilities
416.58224108634505,5411,14,2,0,2,281,groceries
40.704630211655946,4121,6,1,1,2,695,transport
253.02002329115984,8011,13,5,1,1,419,healthcare
161.8634607361489,5411,15,6,1,2,1012,groceries
1450.3432979906217,8299,10,2,1,3,282,education
170.94629263862961,5411,12,2,2,2,1597,groceries
367.1249751321727,5411,9,4,0,2,823,groceries
178.22838535120462,7832,22,5,1,1,502,entertainment
240.04721313088655,4900,12,4,1,2,1033,utilities
1314.8178567072243,8011,15,4,1,0,483,healthcare
97.57280286389354,4121,13,5,1,3,1276,transport
1820.1501098746935,8011,8,0,2,1,1655,healthcare
1591.409758780648,8011,8,4,1,3,344,healthcare
499.32636673896894,5411,9,1,1,2,1632,groceries
93.524682522001,7832,18,5,1,3,72,entertainment
185.20409034287428,4121,7,6,1,3,436,transport
88.70146770185029,5411,16,3,1,2,45,groceries
1825.1991197133402,8011,11,6,1,1,1232,healthcare
178.83872184198168,4121,18,4,1,1,1467,transport
658.9129524648002,8011,11,4,0,1,72,healthcare
672.1320458700177,5311,18,4,1,2,12,shopping
277.51583628223466,8011,16,6,1,2,1113,healthcare
104.53163482405579,4121,13,2,1,1,1515,transport
209.5138296550039,5812,18,5,1,1,918,dining
217.3114785418849,7832,19,6,1,1,1058,entertainment
644.8594561644281,4900,14,5,0,1,379,utilities
140.02010523023787,5411,15,5,1,1,558,groceries
100.9066860311884,4121,18,1,1,3,1295,transport
791.7529025551107,5311,12,5,0,1,1025,shopping
1560.1402136227625,8011,9,0,1,1,1346,healthcare
490.14708932857,4900,6,4,1,1,372,utilities
1613.8100915791124,8011,16,6,1,2,822,healthcare
283.3178782560197,5311,11,3,1,0,690,shopping
894.3976363252478,5311,14,0,1,1,491,shopping
817.1168986507711,8011,10,5,1,2,225,healthcare
248.40665445758256,5411,15,2,1,1,813,groceries
1847.8374814131412,8299,10,0,0,3,440,education
4912.1029201328,8299,10,6,1,1,618,education
969.9493826822753,4900,6,6,2,2,54,utilities
1578.831540698456,8011,15,5,1,2,383,healthcare
114.0648221772828,5812,13,0,1,3,1312,dining
194.2487948343332,4121,11,6,1,2,1051,transport
159.51167729492983,4121,11,0,2,1,106,transport
157.8491439756151,7832,20,5,1,3,697,entertainment
104.69838743504948,7832,18,1,1,3,1733,entertainment
193.1207072553324,7832,19,2,0,2,1541,entertainment
144.7897850584792,5411,9,5,1,1,667,groceries
223.281666680526,7832,19,5,1,3,501,entertainment
167.41280596428066,5812,17,4,1,1,355,dining
1138.4686509849048,8011,14,1,1,3,1474,healthcare
250.13068624602272,4900,12,2,1,3,1410,utilities
110.37122865708145,5812,20,5,0,3,836,dining
195.18016404733115,5812,19,1,1,2,611,dining
958.2955482038973,4900,10,0,1,2,1773,utilities
82.23625210139095,7832,18,3,1,2,814,entertainment
171.87601555910453,7832,20,6,1,2,1143,entertainment
83.98382024607349,5311,12,5,1,2,1680,shopping
1235.3990238131298,8299,15,5,2,1,1606,education
556.7486716192428,5311,17,5,2,1,1251,shopping
147.03030341022475,5812,20,4,1,2,1216,dining
355.9757955657969,5411,11,3,1,3,227,groceries
556.5659652317154,5311,14,2,1,2,468,shopping
182.68558907191763,5311,13,4,1,2,1368,shopping
259.13730539253925,5411,14,5,1,2,1705,groceries
320.6523034400952,5411,14,1,1,2,1393,groceries
239.29738144141567,7832,21,2,1,3,1541,entertainment
76.80387662415981,4121,14,3,1,2,1789,transport
166.0759513995284,5812,12,4,0,0,653,dining
53.97696201298544,5411,17,4,1,0,1342,groceries
1025.204338387506,8299,9,6,1,2,872,education
101.95210759397744,4121,6,0,1,3,178,transport
313.3038360278958,8299,15,3,1,2,843,education
578.7108958387763,4900,8,3,1,2,1262,utilities
2479.6652478332708,8299,14,5,1,0,218,education
252.87484600056368,7832,20,2,1,3,332,entertainment
176.10835209680764,4121,6,1,1,3,1175,transport
1618.4277693958343,8011,13,4,1,3,985,healthcare
123.9283130684797,4121,9,1,2,1,607,transport
1536.9115522026223,8299,10,3,1,1,657,education
425.0386806797642,5411,12,2,1,1,1724,groceries
27.914328920789472,4121,15,5,0,0,369,transport
280.78514295985974,5812,11,1,1,2,1073,dining
1942.4886721405678,8011,12,2,1,1,1028,healthcare
1874.626701736524,8011,12,0,1,1,292,healthcare
176.37935585843675,7832,18,3,1,3,1786,entertainment
393.0831915826088,4900,15,4,1,2,999,utilities
184.63711376648195,7832,20,2,1,1,62,entertainment
275.63156189281125,5812,11,2,1,2,1721,dining
1653.7898800607327,8011,12,5,1,3,347,healthcare
22.065819348940735,4121,13,1,1,2,1363,transport
54.67092791228471,7832,20,1,1,2,1200,entertainment
773.0573050148325,5311,14,5,1,3,1053,shopping
2714.51379956997,8299,10,3,1,2,1586,education
162.01080012015146,5812,14,1,0,3,104,dining
410.16348835230264,5411,17,2,2,1,557,groceries
156.77637461429006,7832,20,5,1,0,747,entertainment
282.54968240396255,5411,14,1,1,1,1209,groceries
111.82483755617373,4121,15,6,1,3,222,transport
752.1219898714659,4900,17,0,1,1,1713,utilities
159.12385969317927,4121,15,5,1,2,259,transport
63.20697066825331,5411,11,3,1,1,1528,groceries
73.96719237610603,5411,14,1,1,1,834,groceries
52.65265513511018,4121,8,3,1,1,131,transport
445.26136549517344,4900,18,5,1,1,978,utilities
299.09222619104673,7832,21,0,1,3,573,entertainment
293.1331433732072,5812,18,3,1,0,844,dining
57.17367903996758,4121,16,1,1,3,1500,transport
2118.920080148666,8299,12,4,1,0,463,education
221.08251239449228,7832,22,6,1,1,264,entertainment
102.74235779038327,5411,14,2,1,2,161,groceries
281.76531520601327,5311,10,5,0,1,54,shopping
1996.3286848088421,8299,11,3,0,1,1244,education
84.20780997205362,4121,17,1,1,3,1400,transport
451.4366545768404,8011,13,5,1,3,1019,healthcare
289.6790994818202,4900,18,4,0,1,1158,utilities
208.6181471836007,5311,12,4,1,1,1414,shopping
303.5925680728318,5411,11,6,1,1,270,groceries
438.77597803024514,5411,16,5,1,2,23,groceries
135.84898993405727,5311,18,3,1,2,166,shopping
3057.2790824759977,8299,14,3,1,1,319,education
155.60630635330318,7832,18,1,0,1,1458,entertainment
56.5052335127677,4121,6,6,1,3,1217,transport
875.211171148491,5311,10,2,1,2,698,shopping
1659.4207825457722,8011,16,0,1,2,1370,healthcare
141.12837317096455,8011,16,2,1,1,363,healthcare
61.24044685283915,7832,20,3,1,1,9,entertainment
87.3484262729211,4121,6,5,1,1,1148,transport
539.8058410478601,4900,14,3,1,0,153,utilities
312.6111816538204,4900,11,4,2,0,796,utilities
994.0787671178542,5311,18,4,1,2,842,shopping
1041.2724524825442,8299,15,6,0,1,131,education
576.3154915594996,8011,10,2,1,1,16,healthcare
132.02581392281456,4121,17,6,1,0,1763,transport
3527.1352642401025,8299,8,5,1,2,853,education
137.67819860008962,7832,20,4,1,2,897,entertainment
488.42923103647786,4900,9,2,1,1,1258,utilities
2851.5749041107306,8299,10,5,1,2,537,education
51.00191352995217,5812,20,0,1,1,1422,dining
415.71807836697064,5411,15,5,1,1,482,groceries
1054.6463471521274,8011,15,0,1,1,861,healthcare
3371.268659087912,8299,14,6,2,3,82,education
236.73964479025844,7832,22,4,0,3,1726,entertainment
627.3541995215871,5311,10,6,2,1,1217,shopping
296.84062719901925,5311,19,4,1,3,618,shopping
348.70167596928445,5311,13,0,0,0,273,shopping
2681.5806290029786,8299,8,5,1,2,306,education
201.40333647521146,7832,18,6,1,2,952,entertainment
72.02773970614008,5311,18,5,1,2,1184,shopping
720.2190113118693,5311,10,0,1,1,1661,shopping
169.09050496854366,4121,9,2,2,3,335,transport
1078.1483119014301,8299,14,6,1,1,881,education
406.37742044860926,4900,17,0,1,3,357,utilities
268.83669198480055,5812,19,0,1,2,683,dining
72.12800078088053,5812,12,6,1,3,1591,dining
3797.2593288204503,8299,13,4,0,1,1444,education
523.3286870266687,4900,10,6,2,3,1319,utilities
177.15966344086675,7832,22,2,1,2,1106,entertainment
182.40335299717293,5411,8,4,1,1,1287,groceries
1303.6498883875258,8011,15,0,1,1,680,healthcare
109.81285135051604,5411,14,4,2,2,1075,groceries
770.7434466023487,8299,13,0,2,1,1371,education
187.49475145304265,5812,17,5,1,0,1641,dining
818.4952874608092,5311,12,1,1,1,1794,shopping
85.97027348877106,4121,8,2,1,1,187,transport
60.498566920230225,4121,9,2,1,2,1497,transport
178.56259943419903,5411,10,6,1,1,224,groceries
223.41005769394002,5411,8,4,1,1,1440,groceries
536.5632238491138,8299,8,0,1,1,1576,education
207.62275490901433,7832,21,1,1,2,26,entertainment
99.38492152968885,5812,14,1,1,1,1717,dining
717.0812193255101,5311,12,3,1,1,1131,shopping
124.52567159048415,4121,7,6,0,1,874,transport
707.2703502298673,8299,11,6,1,3,537,education
1831.2683124843081,8299,11,4,2,2,1677,education
150.56874459883423,4121,13,3,1,1,1050,transport
98.39828740133326,5812,16,1,1,1,587,dining
688.6330660448791,8011,16,0,1,3,1020,healthcare
138.8232009843497,8011,12,4,1,0,1548,healthcare
1390.9301334377628,8011,16,4,1,1,747,healthcare
146.18373692625778,5311,13,6,1,1,358,shopping
1922.7830949239299,8011,13,0,1,3,1623,healthcare
107.72009232615643,4121,8,2,2,2,604,transport
765.1763906986599,4900,18,0,0,3,1536,utilities
840.9023180059196,5311,18,2,1,2,1820,shopping
505.6676008804531,5311,14,4,1,2,60,shopping
380.1868258192757,5311,10,0,0,2,717,shopping
44.85913226758919,4121,8,3,1,1,263,transport
158.30043700403223,5411,12,1,1,1,961,groceries
239.70042776783848,8011,10,1,2,2,693,healthcare
80.1638953514278,7832,19,0,1,1,1038,entertainment
4347.387819911131,8299,13,6,1,2,346,education
460.4605129436897,5411,12,6,1,1,224,groceries
365.1313683040428,4900,19,0,2,3,986,utilities
594.8347504852912,5311,13,5,1,2,164,shopping
1174.196872534112,8011,11,3,1,2,1482,healthcare
138.94365773735433,4121,16,3,1,2,288,transport
219.06142812752785,5812,17,5,0,1,1520,dining
233.94414050780813,5812,15,3,0,1,356,dining
174.1467794842978,5812,16,0,1,2,990,dining
222.5072457157344,5411,12,0,1,3,1556,groceries
131.78019398006072,4121,6,6,1,2,835,transport
61.52998025436266,4121,14,5,1,3,1345,transport
450.6794635053247,5411,11,6,1,1,507,groceries
188.80806773953844,7832,19,6,1,2,613,entertainment
887.6093643865596,4900,13,1,1,2,608,utilities
624.5165919100481,5311,15,5,2,1,1644,shopping
97.62868148985164,5812,18,4,1,1,982,dining
223.62731565899722,5311,17,2,1,1,1459,shopping
210.38181597487002,5812,13,6,1,1,566,dining
411.8071267329011,5311,10,1,1,1,393,shopping
127.08877447066371,4900,13,4,1,2,903,utilities
2266.400379170277,8299,9,2,1,1,1137,education
482.67962394677045,5411,13,3,1,2,115,groceries
120.81700939933027,5411,13,3,1,2,1622,groceries
66.58035995843322,5812,18,4,1,1,81,dining
199.7175471891241,4121,12,4,1,2,1601,transport
290.4311441116571,7832,20,0,1,3,394,entertainment
88.96690542154823,4121,13,5,1,1,490,transport
309.2201679851293,5311,14,5,1,1,172,shopping
238.709537475974,7832,20,4,0,3,25,entertainment
173.21946784983254,4121,14,1,1,2,1359,transport
551.5310271749504,5311,17,4,1,3,145,shopping
473.07899013489845,5411,14,5,1,3,1312,groceries
520.9509625927811,4900,10,3,1,1,1578,utilities
288.6045906724801,5411,9,5,1,1,66,groceries
263.18271701864165,5812,13,5,2,2,458,dining
167.42434694706816,5411,17,5,1,0,1503,groceries
3354.9458678249703,8299,9,0,1,1,766,education
95.82257542418934,4121,6,3,0,3,1813,transport
555.3813362694384,8011,13,4,1,2,1127,healthcare
91.32638946442412,7832,18,2,1,2,196,entertainment
3175.672940989178,8299,9,6,1,1,112,education
405.7048740356051,5411,11,4,1,0,760,groceries
250.9237741258587,5812,17,4,1,3,751,dining
257.6518612359334,5411,15,5,1,0,112,groceries
123.46693905365902,5812,12,1,1,1,1592,dining
108.61844156845072,4121,11,1,0,3,460,transport
603.1597189966442,5311,12,0,0,1,119,shopping
93.21344648642459,4121,7,2,1,3,33,transport
43.23616039521494,5812,19,6,0,1,1733,dining
961.8217695356948,5311,18,1,1,2,350,shopping
114.0104216152729,5812,12,5,1,2,140,dining
1656.3368505700732,8299,15,4,1,1,1677,education
969.4038182677066,8299,10,2,1,1,89,education
169.68849342130366,4121,12,0,2,3,128,transport
293.2767385399757,5411,11,6,0,2,1185,groceries
898.0072677521244,4900,19,2,2,2,27,utilities
67.45442581781163,4121,18,5,1,2,819,transport
1954.5587296504432,8011,14,5,1,2,957,healthcare
2463.925267041818,8299,13,0,1,3,1438,education
46.80354281746279,4121,17,3,1,2,273,transport
462.70689373129557,5411,12,1,1,0,1638,groceries
293.73970986059106,4900,15,2,1,3,604,utilities
299.7323954204315,7832,21,3,1,1,970,entertainment
114.21713287695299,7832,18,0,1,2,408,entertainment
694.2766547776129,5311,15,2,1,1,236,shopping
127.01931614249193,5812,20,6,2,3,1621,dining
139.1183622089059,5812,11,0,1,1,1369,dining
396.5208675846484,5411,14,2,1,3,937,groceries
57.99308469131546,7832,18,3,0,0,1807,entertainment
172.4275371817909,7832,18,2,1,3,1824,entertainment
410.1408075669617,4900,10,2,0,1,1646,utilities
245.44792859985196,5411,10,1,1,3,1253,groceries
90.90810063954066,5411,8,5,1,2,61,groceries
257.0357112692099,7832,18,1,1,3,340,entertainment
34.89478229485099,4121,17,0,1,1,155,transport
208.2919798668519,7832,18,5,1,1,1661,entertainment
160.85410390420515,4121,15,3,1,1,246,transport
80.91909388276105,5812,18,4,1,0,20,dining
404.4017993281015,5311,12,6,0,2,852,shopping
175.59383572048492,7832,22,5,1,1,1772,entertainment
421.3668285721046,8011,12,1,1,1,670,healthcare
104.84623295867702,7832,20,1,1,1,1508,entertainment
439.8119934851953,4900,14,3,1,1,40,utilities
144.51827308803115,5812,15,5,1,3,1394,dining
156.01816213902885,7832,22,0,1,1,686,entertainment
645.7585527265917,4900,17,4,1,3,274,utilities
625.256575533802,4900,9,5,1,3,1206,utilities
48.81178843531329,5812,12,3,1,1,1057,dining
121.40450459884235,5812,17,0,2,3,428,dining
167.36232142513867,4900,9,5,1,3,245,utilities
174.28454476875743,4121,16,3,1,1,190,transport
410.04527505479535,8011,16,4,1,3,48,healthcare
57.25501058097858,5311,18,2,1,2,1743,shopping
185.810500625363,4121,13,3,1,1,30,transport
4049.289120575926,8299,8,4,1,0,57,education
125.64987786052012,4121,15,6,1,1,1063,transport
3263.1316581747838,8299,8,0,1,0,1020,education
163.89519840168072,5311,17,5,1,3,1415,shopping
181.29408925682833,7832,18,5,1,3,149,entertainment
55.47244076603604,4121,9,6,1,2,1739,transport
342.0545863641834,5411,17,2,1,2,1760,groceries
110.33126760445805,5411,17,2,1,3,830,groceries
159.28118358944334,7832,20,2,1,3,1270,entertainment
271.5128170785212,5812,17,3,1,1,233,dining
137.7130181582152,7832,18,5,2,2,1020,entertainment
116.94166788471256,7832,22,3,1,2,376,entertainment
298.1355620574456,5812,15,0,1,3,431,dining
46.42248375617156,4121,10,4,1,0,184,transport
82.22566417995107,4121,7,3,1,1,1697,transport
482.55270055156547,5311,10,2,0,3,377,shopping
99.85587360213118,4121,6,5,1,2,427,transport
1466.4886811752187,8299,9,4,1,1,398,education
133.96003397249103,8011,13,5,1,1,262,healthcare
100.90479355169226,4121,17,5,1,0,274,transport
235.55381618623517,7832,20,2,1,2,1298,entertainment
256.09830391682226,5411,14,1,2,2,1563,groceries
719.7319505280317,5311,10,1,1,1,332,shopping
231.0299362414176,5411,15,6,1,2,1007,groceries
299.37195876255043,5812,17,2,1,1,1714,dining
134.47593135252765,5411,10,0,1,1,1322,groceries
89.1902100898336,5812,19,5,2,1,1493,dining
998.2374632176893,5311,12,2,1,1,1193,shopping
161.9220227485144,7832,20,0,1,0,1112,entertainment
104.50914072610644,7832,19,2,1,1,854,entertainment
30.496032645733887,5812,16,0,1,3,934,dining
149.01106525244543,4121,14,4,1,2,1465,transport
219.54748406589943,7832,22,0,2,2,1320,entertainment
165.0178253575452,5411,9,6,1,1,1376,groceries
402.30172048228195,8299,15,6,1,1,1348,education
125.81506874967732,4121,6,2,1,0,694,transport
250.44892813912202,5812,12,4,1,2,1163,dining
886.1334528138113,8011,15,1,1,2,612,healthcare
125.93098960247976,8011,16,2,1,2,546,healthcare
364.1708316903152,5311,15,5,1,1,1517,shopping
93.7830345834659,5411,8,6,1,2,292,groceries
184.53195766362597,5812,20,6,2,3,576,dining
202.52134997559952,7832,21,5,1,3,1804,entertainment
406.4321273894775,8011,13,2,1,3,1425,healthcare
156.05966694622353,7832,19,6,0,3,1044,entertainment
294.2218804686332,4900,7,5,1,0,1253,utilities
811.2167552643664,5311,16,2,0,3,1490,shopping
144.92014948689672,4121,17,4,1,1,1590,transport
22.709951105732213,4121,7,5,1,2,33,transport
109.34237451224746,4121,10,2,1,2,1679,transport
161.80171763234193,7832,19,0,1,1,1789,entertainment
1462.4810857264804,8011,11,2,2,0,401,healthcare
1755.3366367271874,8011,12,1,1,1,46,healthcare
280.3930890849338,5812,17,6,1,1,1402,dining
90.4033628861746,7832,22,6,1,1,430,entertainment
1682.558637825799,8011,15,0,1,1,386,healthcare
45.87869749135879,5812,12,3,0,1,468,dining
60.164210073514774,4121,12,0,1,3,788,transport
996.4104086883016,4900,13,1,2,2,1312,utilities
712.2291162768934,5311,11,6,1,2,921,shopping
72.25862317339427,4121,16,6,1,1,1520,transport
42.358336652426964,4121,9,3,2,1,1702,transport
925.0982387997574,8011,8,6,0,2,517,healthcare
55.10217234778255,4121,18,2,1,2,1052,transport
206.16191788867127,7832,21,2,1,2,1140,entertainment
183.50352109647798,7832,18,5,1,0,1555,entertainment
135.17430585799036,4900,19,3,1,0,615,utilities
271.2963763559265,5311,18,1,1,1,702,shopping
1370.5474601683288,8299,11,6,1,1,715,education
231.86520905157238,5411,11,3,2,3,1427,groceries
477.7118421869865,4900,11,4,1,1,1284,utilities
56.244148371592566,7832,20,5,2,2,488,entertainment
1356.6642711898885,8011,13,5,2,0,265,healthcare
231.8953248771562,7832,21,2,1,2,1221,entertainment
111.30436305167409,4121,17,4,1,1,886,transport
397.74049250418955,4900,6,5,1,1,169,utilities
81.65284310574192,5812,15,5,1,3,1455,dining
1169.7225085276943,8299,11,1,0,1,1767,education
1439.6548373058874,8299,8,3,1,3,703,education
34.19474080464587,4121,13,0,1,0,704,transport
3744.6050906626015,8299,13,2,1,2,1132,education
2794.9871088976984,8299,12,4,1,1,923,education
476.0407423599509,4900,10,5,1,0,726,utilities
383.5328978924672,8011,15,3,0,1,751,healthcare
43.553706663427775,5812,20,3,1,1,1346,dining
128.11021409179298,7832,21,0,1,0,1554,entertainment
429.15667803875783,5411,11,3,1,2,1562,groceries
336.2831718346463,8299,13,0,2,1,1062,education
303.3384501770475,4900,18,1,1,2,791,utilities
1748.1642406757862,8011,12,3,1,2,823,healthcare
170.7459905288515,4121,12,4,1,3,1248,transport
206.82761244708223,5812,11,4,1,2,297,dining
80.7469450916149,5311,19,0,1,2,700,shopping
61.413915521498595,4121,16,0,1,1,1094,transport
535.1223321205835,8299,11,6,2,3,843,education
736.7586652602805,5311,14,6,1,2,1180,shopping
229.87709069977032,5812,19,4,1,1,1719,dining
429.1412255136671,5411,13,3,1,3,1512,groceries
997.3051400617653,5311,17,3,1,2,1602,shopping
288.4008563504476,5411,13,3,1,1,330,groceries
431.5397117965541,5411,9,5,1,1,1504,groceries
550.5071975711911,4900,17,1,1,2,318,utilities
191.82697407045086,4121,15,5,1,2,1519,transport
1318.4884624387928,8011,9,4,1,3,38,healthcare
462.82703196155643,5411,14,4,1,3,1095,groceries
1507.594939772939,8011,9,6,1,2,143,healthcare
123.3002698228907,4900,7,5,1,2,1339,utilities
564.5394566097564,5311,15,6,2,0,84,shopping
106.76954518364708,5411,13,4,1,2,258,groceries
4545.811663065261,8299,9,5,1,1,999,education
179.19709883648093,5411,12,0,1,1,1484,groceries
309.3782559110764,5411,14,3,1,1,150,groceries
154.73724744499677,4900,13,4,1,1,1690,utilities
150.47913356613677,4121,18,2,1,1,93,transport
117.86282539787172,4121,9,5,1,2,365,transport
52.229435397352404,7832,20,5,1,2,1660,entertainment
131.6031095533144,4121,14,2,1,1,1537,transport
291.8687070601,7832,19,3,2,1,1048,entertainment
74.32527656327125,4121,16,3,1,2,604,transport
431.14080653825346,5311,14,5,1,1,1184,shopping
567.9360023401164,5311,10,4,1,2,82,shopping
600.7980538255252,5311,12,4,0,1,1284,shopping
208.56086704970713,7832,21,5,1,1,1727,entertainment
110.73784668510818,7832,18,4,1,3,272,entertainment
33.82808818788312,4121,16,3,1,2,601,transport
141.2052690243342,5411,12,0,1,1,382,groceries
486.7228182432497,5311,16,6,1,2,556,shopping
190.2155710490681,4121,8,5,1,1,150,transport
94.33460397819023,5411,10,1,1,0,668,groceries
59.325337265429376,4121,18,3,0,3,819,transport
278.9595481392133,5411,12,5,1,2,82,groceries
307.6486845728931,5411,8,3,0,1,1792,groceries
465.66327115497756,5311,13,5,1,2,139,shopping
65.51810914182832,5812,20,4,2,0,626,dining
273.93030562539036,5411,10,5,1,1,1099,groceries
559.1546921197248,4900,17,5,1,3,138,utilities
539.7704726338621,8011,9,5,1,2,1427,healthcare
139.47373899385107,7832,20,4,1,1,956,entertainment
199.5899220552032,5411,16,2,1,0,1666,groceries
111.44980441509547,4121,18,2,1,3,564,transport
305.3603635356327,4900,11,1,2,1,1363,utilities
564.9326468494908,5311,11,1,2,1,849,shopping
703.2841267587795,5311,13,1,1,1,177,shopping
1255.3785607440711,8299,15,4,1,0,128,education
1507.6372776847343,8011,16,4,1,2,1154,healthcare
32.360559010677214,5812,17,2,1,1,922,dining
98.93540900016971,5311,11,4,1,3,526,shopping
1659.2616035252572,8299,13,2,1,3,1163,education
274.22394528003286,7832,20,3,1,3,412,entertainment
902.1612765039496,5311,12,3,1,2,925,shopping
142.81025675224697,7832,18,5,1,2,1441,entertainment
287.3769166996746,5812,16,5,1,2,927,dining
3625.307047129929,8299,14,5,0,0,1073,education
292.85419038274375,8011,14,5,2,3,1276,healthcare
174.12189019547975,7832,20,1,1,3,1426,entertainment
1479.184517135831,8011,11,4,1,2,334,healthcare
245.62752134371746,7832,22,0,1,3,218,entertainment
1998.6807196635002,8011,15,3,1,1,1232,healthcare
4910.515242634088,8299,13,4,1,1,944,education
306.8625694035191,4900,18,3,2,1,220,utilities
223.38626483471896,8299,13,5,1,1,669,education
177.1793542183742,5411,12,1,1,2,411,groceries
3940.502311951767,8299,9,3,1,3,1677,education
935.855435457649,8299,9,0,0,2,1196,education
113.60062250016102,5812,14,4,1,1,688,dining
65.08178843347174,5411,8,3,1,1,527,groceries
623.7110066628704,8011,10,6,2,1,1292,healthcare
3574.067113063863,8299,15,1,1,1,531,education
705.8250126736402,4900,12,6,1,2,331,utilities
238.2899062900051,5411,10,1,1,1,638,groceries
299.3886778098647,5812,20,2,2,2,261,dining
497.29188928327164,4900,6,2,1,1,1338,utilities
236.94242416617408,5812,16,0,0,3,1296,dining
770.6008345872523,4900,15,5,1,2,635,utilities
50.16619621727071,5812,17,2,1,3,422,dining
159.86355250482094,5411,16,2,1,1,1735,groceries
729.3956351401184,5311,19,2,1,2,1628,shopping
84.79963667750854,7832,18,3,1,1,1031,entertainment
351.857868359282,5411,15,1,1,1,1213,groceries
182.71325501112554,4121,15,5,1,2,313,transport
140.1582203078231,4121,7,4,1,1,1459,transport
871.3503395091508,5311,11,6,1,1,164,shopping
487.9222005526318,5411,13,0,1,3,401,groceries
230.19741284055854,7832,22,2,1,1,1051,entertainment
279.5780680630879,5812,18,3,0,1,1802,dining
1423.769770496533,8011,15,6,1,3,1823,healthcare
150.7836536203656,5812,14,4,1,2,1776,dining
208.46804680174318,7832,19,0,1,2,638,entertainment
568.7971427263226,8011,10,1,1,1,1643,healthcare
75.330396237987,4121,15,1,1,2,910,transport
317.54324552416756,5411,17,2,2,3,85,groceries
960.361127025183,5311,19,0,1,1,266,shopping
58.84365613952847,5812,16,5,1,1,129,dining
487.5500764884711,5311,19,1,1,2,831,shopping
4775.2104737639065,8299,12,5,1,1,1478,education
459.92679680835255,4900,12,0,1,0,756,utilities
2970.9690756995174,8299,12,2,1,1,641,education
968.255609217444,8011,9,3,0,1,750,healthcare
290.0189510814119,5311,17,0,1,2,1555,shopping
238.1939764981144,5411,14,3,1,1,1059,groceries
1291.6138604772598,8011,12,2,1,3,1485,healthcare
1003.163678503565,8011,8,5,1,3,1150,healthcare
257.76442438201923,5812,20,5,1,2,1369,dining
28.190173212104717,4121,7,2,1,1,640,transport
263.49188686532074,5812,20,2,1,2,226,dining
894.9958656807358,4900,15,5,2,2,1252,utilities
1907.9961074663381,8299,10,3,1,3,151,education
262.6285877586268,8299,14,3,1,1,707,education
157.68501258212257,7832,20,1,1,1,294,entertainment
104.85308971809934,4121,10,4,1,3,631,transport
136.35319909332867,4121,16,1,1,2,546,transport
802.2177073135065,8011,13,1,1,1,26,healthcare
320.19891627450687,5411,8,1,2,1,1684,groceries
182.7818880746611,5812,19,6,1,3,1001,dining
960.0102575307136,8011,9,3,0,1,242,healthcare
181.89793208209224,5311,12,6,1,3,1716,shopping
1101.9412978893524,8011,11,4,1,2,9,healthcare
115.07096010639553,4121,11,5,2,3,1106,transport
289.8406792831356,5812,17,3,1,3,886,dining
522.4868778519391,8011,9,6,1,3,1174,healthcare
460.28092513853517,5311,10,3,1,2,1197,shopping
476.92123585712903,5411,13,5,1,0,639,groceries
52.02773903506205,5812,12,0,2,1,1441,dining
640.2572535892415,4900,7,6,1,2,1346,utilities
335.197235429205,5411,13,5,1,1,1117,groceries
251.9742798353936,5411,10,5,1,0,540,groceries
997.4297547661046,8011,14,1,2,1,1251,healthcare
211.50170888346278,7832,21,1,0,2,767,entertainment
354.2243870027802,5311,19,5,2,3,1611,shopping
122.6967988486397,4121,7,5,1,2,300,transport
472.9965209774999,5411,9,1,1,1,413,groceries
934.4831859261013,4900,14,3,1,1,1315,utilities
254.0722769563507,5311,18,6,1,1,1670,shopping
298.2071574942806,5411,9,2,1,3,1268,groceries
420.35147534679595,5411,12,2,0,2,58,groceries
544.8169540981824,5311,17,2,1,2,850,shopping
55.24387837157734,4121,10,1,0,0,1004,transport
583.7224981667538,4900,10,4,1,1,562,utilities
2001.1746395011357,8299,12,3,1,2,1140,education
457.66428780268575,5311,12,4,2,3,843,shopping
3426.9163085378577,8299,10,0,2,2,787,education
543.8841863304652,4900,15,2,1,2,713,utilities
58.39689556978103,5411,16,2,1,1,950,groceries
518.9983033484767,8011,14,5,2,2,325,healthcare
22.40186593204641,4121,11,4,0,1,535,transport
3693.1418391107645,8299,9,1,1,3,49,education
281.38940471578627,5812,19,6,1,1,1044,dining
64.03666307070854,4121,9,3,1,2,1277,transport
93.06175091951019,5311,11,0,0,2,1060,shopping
61.54597622551189,5812,16,2,0,3,192,dining
104.0877408914073,5411,13,5,1,2,858,groceries
3759.8293824261336,8299,10,5,1,3,1266,education
752.7978580832951,5311,14,4,1,1,1187,shopping
174.38210693246404,4121,8,4,1,2,966,transport
244.2995497660419,7832,22,5,1,2,524,entertainment
932.1952190161813,5311,16,6,1,1,902,shopping
298.0966776575172,5311,16,2,1,2,16,shopping
217.44646684325397,5311,14,2,1,1,451,shopping
52.90406101275057,7832,20,4,1,0,1354,entertainment
151.69502781906573,7832,19,3,0,2,1125,entertainment
119.69055577205235,4121,8,6,1,1,329,transport
500.3702651805826,4900,9,6,1,3,1556,utilities
2927.826995949439,8299,8,3,1,2,803,education
314.2231647436156,5311,10,3,1,2,1540,shopping
193.62518780588016,4121,17,2,1,2,1522,transport
159.07796595236505,5812,17,2,0,0,624,dining
2886.1313276622473,8299,13,5,1,1,1779,education
93.59128290991005,4121,13,0,1,2,137,transport
665.9474034732176,4900,8,6,0,0,1616,utilities
844.4057722457499,4900,10,5,2,1,179,utilities
884.5586601718949,4900,15,5,1,0,1063,utilities
73.4328891009061,7832,22,1,0,0,141,entertainment
712.7845083981855,4900,15,4,1,1,894,utilities
37.77883328737149,5812,17,2,1,1,623,dining
85.3739713177638,5812,14,5,1,1,1607,dining
4333.18166034205,8299,10,3,1,3,1818,education
222.34444228539905,4900,10,6,1,1,369,utilities
1542.6032280091015,8011,8,2,1,1,1569,healthcare
1271.7587000388871,8011,16,3,1,1,776,healthcare
429.5976667220759,5411,9,4,0,1,550,groceries
2512.8374662346578,8299,9,2,1,2,1043,education
371.1315974467346,5411,16,1,1,3,1546,groceries
82.36420758261019,4121,9,1,1,3,192,transport
196.25849727923472,7832,20,5,0,1,1096,entertainment
259.7741528009795,4900,19,0,1,1,805,utilities
195.2938017923168,7832,22,0,0,1,834,entertainment
129.6855514280612,4121,10,5,1,2,1462,transport
153.5413851027069,7832,18,2,1,0,1688,entertainment
281.01765980463614,7832,19,0,2,1,1210,entertainment
456.06633109338213,5411,14,0,1,1,81,groceries
234.53052361274,4900,8,6,1,3,618,utilities
289.1882328335634,4900,14,6,1,1,1391,utilities
415.51226364464014,4900,19,0,1,1,543,utilities
1103.551893657923,8011,8,3,0,2,193,healthcare
164.42921983610486,5812,19,5,1,1,611,dining
964.2032754517287,5311,17,5,1,3,375,shopping
664.817642204132,4900,8,5,0,1,1319,utilities
198.79178144082272,4121,10,1,1,3,1143,transport
478.0299235423589,8299,14,1,1,2,1576,education
104.56717095375376,5812,18,5,0,3,360,dining
106.7536841674751,4121,13,0,0,1,1242,transport
163.3411638717181,7832,18,0,1,2,1146,entertainment
453.22416879302966,5311,10,6,0,1,1743,shopping
390.9965557592889,5411,16,4,2,2,1259,groceries
1915.0409554401251,8011,11,6,1,0,1181,healthcare
54.29109642314457,5812,18,3,1,2,500,dining
1996.8282552302903,8011,9,5,0,2,614,healthcare
185.32969670011508,7832,21,6,0,1,905,entertainment
327.853134821015,5411,14,0,1,1,391,groceries
1520.5101269923787,8299,11,2,1,1,1046,education
2421.190889970498,8299,14,5,1,3,696,education
198.60883991678298,7832,21,1,1,3,1121,entertainment
183.55883621222378,5812,13,0,1,1,312,dining
952.855660569016,4900,12,1,1,1,776,utilities
637.5646723802972,8011,9,4,1,0,269,healthcare
77.20077613805488,5812,18,2,1,0,1698,dining
179.88192715382704,7832,22,6,0,0,531,entertainment
224.0807867830308,5311,18,5,1,1,25,shopping
439.3430502847882,5411,13,1,1,1,244,groceries
212.16233046504783,5411,9,0,1,1,14,groceries
1929.7279782901587,8299,8,1,1,1,795,education
265.7929412215706,7832,22,1,1,2,8,entertainment
224.02575952714037,5411,10,5,1,2,194,groceries
186.39928603982474,5812,17,4,1,2,919,dining
464.49281716420313,5311,19,1,1,1,482,shopping
1538.2684483885437,8011,10,3,1,2,444,healthcare
145.7018534521181,4121,12,2,1,0,1181,transport
270.2214195532793,5812,13,2,1,1,1298,dining
777.7371180176369,5311,11,4,1,1,1799,shopping
166.85758158206315,7832,18,1,1,2,1171,entertainment
138.6017616554314,7832,18,5,2,1,232,entertainment
430.2974365579262,4900,9,2,1,0,1065,utilities
338.4918736462319,4900,17,0,1,3,1647,utilities
120.0601758063519,4121,18,2,2,0,1375,transport
76.86598234385824,7832,18,2,1,2,184,entertainment
106.57916493666093,5411,15,0,0,2,1691,groceries
711.956493394769,4900,18,2,1,0,1455,utilities
1913.0215229246567,8011,14,2,1,3,808,healthcare
173.15306333070086,7832,22,1,0,1,1732,entertainment
232.47265823393602,5411,13,5,0,1,43,groceries
327.3418710112173,5411,15,0,2,1,528,groceries
110.48403167305737,8011,13,6,1,1,1697,healthcare
382.38231410403205,5311,15,4,1,1,393,shopping
639.6767854102694,8011,9,4,1,2,162,healthcare
242.89419654983112,7832,22,1,0,2,1601,entertainment
124.02366257141838,5812,15,2,1,0,115,dining
134.4700487069511,4121,8,5,1,2,793,transport
206.94051986843175,5311,14,4,1,2,897,shopping
172.35028304938982,4121,18,6,1,3,367,transport
810.0342074426418,5311,17,4,1,1,390,shopping
81.64366509762543,5812,14,3,1,1,1635,dining
228.80861714524775,5411,15,0,1,1,1092,groceries
88.84561711489488,4121,7,2,1,2,1719,transport
161.00380396834493,5411,14,4,1,1,1318,groceries
4498.190435687298,8299,11,4,1,3,153,education
686.0338290497723,4900,13,0,1,0,415,utilities
76.5225952304964,7832,19,3,1,1,1527,entertainment
310.1366703475511,4900,6,4,1,0,438,utilities
327.9294685960453,5311,10,2,1,2,137,shopping
86.16571215754294,4121,12,3,2,1,113,transport
256.5076372779557,7832,18,1,1,1,1139,entertainment
165.51144272152163,5812,13,6,1,2,1384,dining
607.0913388860885,8011,14,0,0,1,1353,healthcare
109.51140566028322,4121,17,4,1,3,1084,transport
174.9943066453492,4900,7,2,2,0,810,utilities
645.2845974974866,5311,11,5,1,1,402,shopping
138.05647956533605,4121,7,2,1,2,80,transport
993.5296376392743,8011,14,1,1,2,337,healthcare
148.67491165714478,7832,19,0,1,2,860,entertainment
199.1402944944289,5812,20,4,2,0,202,dining
844.8483084112939,8011,12,0,1,2,1210,healthcare
486.50518921895565,5411,17,3,1,1,937,groceries
142.30271387877158,5311,14,5,0,2,709,shopping
2134.22089676022,8299,14,1,1,2,1727,education
271.0103382486802,5411,13,4,1,3,366,groceries
182.08336559677053,4900,13,6,0,3,1511,utilities
186.58731253410141,5812,11,4,1,2,437,dining
91.5132088870675,5812,17,0,1,1,249,dining
70.04263468101236,4121,10,0,1,2,1259,transport
371.80177973911475,8011,10,5,2,2,39,healthcare
275.3679060653716,7832,19,0,1,1,1255,entertainment
123.73922193583643,5812,15,4,0,2,1532,dining
4011.572038650286,8299,13,6,1,1,698,education
401.07339581448974,5411,11,4,1,2,872,groceries
595.2990606458276,4900,8,4,2,1,1735,utilities
351.77505541013113,5311,19,0,1,3,1489,shopping
1293.6452620776577,8011,11,0,1,2,1072,healthcare
296.84250924616475,5812,16,2,1,3,1007,dining
616.9971512546934,8011,8,2,1,2,695,healthcare
156.53259993371512,4121,17,4,1,1,115,transport
1789.471832467196,8011,10,1,1,2,1711,healthcare
185.06962036914072,7832,21,3,1,0,908,entertainment
275.462064298048,5311,14,6,1,1,1509,shopping
99.32791967732088,4121,7,6,1,2,1316,transport
81.42336681940772,5411,10,6,1,1,625,groceries
151.80827198625894,7832,20,4,1,3,1021,entertainment
123.42713988849862,7832,18,4,1,1,681,entertainment
643.5667105945053,4900,14,2,1,2,1416,utilities
650.0182235019166,5311,13,4,1,1,880,shopping
816.6498349249017,8011,8,0,1,3,1269,healthcare
107.59860161237425,5411,10,5,1,2,1,groceries
72.3148902124655,7832,22,6,1,1,876,entertainment
4462.320642321196,8299,12,6,1,1,253,education
393.2833560781632,5411,9,6,1,2,1452,groceries
663.3120282608248,8011,9,1,1,3,1214,healthcare
173.13576977383474,5311,11,3,1,1,389,shopping
284.34016306173885,7832,21,0,1,0,618,entertainment
130.43488826010298,5411,9,5,1,1,674,groceries
132.30861492377568,4121,9,3,1,2,295,transport
993.5177272427334,5311,19,3,1,2,530,shopping
131.0523849000602,5812,14,0,2,3,1585,dining
313.327235953152,5411,11,1,2,0,394,groceries
2472.7384797840614,8299,11,0,1,2,851,education
262.4234767180141,5812,19,2,1,1,610,dining
246.5916136062797,7832,20,6,1,1,1282,entertainment
839.9803535434125,5311,10,5,1,2,763,shopping
733.2172349106219,5311,17,5,0,1,660,shopping
100.1277059621023,5812,12,4,1,2,208,dining
182.2369405821231,7832,19,1,1,1,1175,entertainment
217.18761580247926,5812,19,1,1,2,1683,dining
617.1032065160072,8011,16,4,2,1,700,healthcare
206.0729898637455,5411,15,1,1,1,969,groceries
164.74952669567236,5411,16,2,1,2,969,groceries
512.7833481030742,4900,19,1,0,2,13,utilities
80.30505219678989,7832,20,6,1,2,783,entertainment
145.41288221666466,8011,15,4,2,1,1758,healthcare
160.91413064043368,4121,13,0,1,1,965,transport
916.083232930687,5311,18,5,1,1,378,shopping
125.7634579115945,7832,20,3,1,3,1055,entertainment
90.78545352299791,5812,18,5,1,2,1574,dining
453.0757639866284,5411,9,3,1,2,603,groceries
632.5560492721465,4900,18,6,1,1,991,utilities
227.35250003638828,4900,11,0,1,1,610,utilities
740.3913508354567,5311,19,1,1,1,43,shopping
179.50929777225795,4121,13,4,1,1,1218,transport
419.6932557251121,4900,13,3,1,1,142,utilities
194.92780549406402,7832,20,3,1,2,948,entertainment
59.74166229089161,4121,17,4,1,1,859,transport
338.1687892174054,5411,12,2,1,0,661,groceries
425.95369898398184,5311,18,6,1,3,1146,shopping
406.348387091978,4900,9,5,1,1,786,utilities
968.1127721573954,5311,13,5,1,1,121,shopping
140.66268393760132,4121,7,3,1,1,494,transport
256.32197622821445,7832,22,4,1,2,1153,entertainment
165.33774457597067,4121,18,6,1,2,1235,transport
222.71951183068418,5812,13,0,2,1,352,dining
67.04071765677395,5812,16,5,1,2,762,dining
247.55307687691877,4900,12,6,1,2,1712,utilities
290.6766587352867,5812,19,6,1,2,1116,dining
990.4937461353201,4900,10,3,1,2,849,utilities
4729.551201298732,8299,14,1,0,2,743,education
1987.968527198454,8011,12,2,1,1,1769,healthcare
141.88478306916508,5812,13,2,1,2,1293,dining
415.9860389221929,5311,16,1,1,2,36,shopping
425.02565828265773,5311,17,0,1,2,113,shopping
21.076469173649205,4121,7,5,1,2,377,transport
198.99025699475177,5411,14,5,1,1,549,groceries
122.72707114119093,5812,19,2,1,1,1744,dining
695.4601889641457,4900,10,5,1,1,958,utilities
1645.683512199159,8299,15,0,1,1,1210,education
249.12192917438688,7832,18,6,2,2,1319,entertainment
918.9119510574985,4900,9,6,1,3,1196,utilities
1434.4050716445406,8299,8,0,1,0,500,education
1269.3594262100405,8011,13,2,1,1,211,healthcare
180.2919062664415,5311,14,3,1,3,1105,shopping
484.74782407942195,5411,15,4,1,2,800,groceries
506.5034724015284,5311,10,2,1,1,37,shopping
273.0183166319654,5311,19,0,1,2,1551,shopping
126.68512943099908,5812,14,3,1,1,1397,dining
635.7029052530878,4900,17,6,1,3,533,utilities
241.00010596253446,7832,18,1,1,1,895,entertainment
797.5355250911554,8299,8,0,1,1,234,education
232.45328278864434,5812,20,1,1,1,719,dining
476.21978328328055,5311,14,2,1,2,780,shopping
80.96696177418771,4121,17,2,1,2,393,transport
182.18233459137628,4121,12,3,1,3,1538,transport
131.00498551467356,7832,22,0,1,3,848,entertainment
1171.5369396300096,8011,11,2,1,2,980,healthcare
77.69615616081254,4121,9,0,1,1,1328,transport
75.95307065674297,5411,8,0,1,1,1145,groceries
1360.0129350399588,8011,9,2,0,1,599,healthcare
4899.206923009034,8299,8,0,1,1,1380,education
174.81360400888087,4121,15,3,1,2,1023,transport
269.4914102703011,5411,12,4,1,1,1310,groceries
236.182133815886,5411,10,2,2,0,235,groceries
143.12243088387072,4900,14,0,1,1,1540,utilities
233.94489901794975,5812,11,0,1,1,1400,dining
143.46695039617694,7832,20,1,1,0,1739,entertainment
83.06369955784852,4121,15,4,1,2,14,transport
937.2247082537115,8011,8,5,1,1,1162,healthcare
30.703002384609,5812,17,6,0,2,353,dining
850.265492894999,4900,6,0,1,2,436,utilities
274.6385609559905,5812,16,1,2,2,165,dining
484.80891732412516,5411,8,3,1,0,1048,groceries
544.7444920613226,5311,14,5,2,0,1187,shopping
196.42229748034146,5411,12,2,1,3,1107,groceries
549.9611609232986,5311,19,0,1,2,388,shopping
74.01751572920901,5812,19,4,1,1,339,dining
106.62866409326143,8011,10,0,1,2,1390,healthcare
79.57972968584866,7832,19,0,1,1,913,entertainment
203.8353784016571,8011,14,1,1,1,659,healthcare
166.00199401905292,4121,13,1,0,3,66,transport
59.887197125558274,7832,19,0,1,1,1219,entertainment
352.676218612066,8011,9,4,1,2,912,healthcare
181.2363914029747,7832,19,2,0,1,258,entertainment
855.676053156301,5311,17,1,1,1,993,shopping
447.98550617153336,5411,8,4,0,2,1551,groceries
515.0420803475811,5311,13,1,1,1,1521,shopping
1000.2095582191631,8011,15,1,1,3,1084,healthcare
230.12821222253655,5411,16,5,1,2,871,groceries
240.82691485108973,5812,14,3,1,3,1302,dining
76.34594199351088,4121,16,2,2,1,1458,transport
173.1201810325379,7832,22,3,1,3,1289,entertainment
819.5434403995374,4900,13,5,1,2,98,utilities
410.1460227579425,5411,9,2,1,2,240,groceries
4918.839397152392,8299,12,0,1,2,1215,education
69.70813668660108,4121,8,4,1,0,1788,transport
980.091988565546,4900,9,0,1,0,1236,utilities
889.79157698643,5311,13,0,2,2,1316,shopping
222.71330150722443,5812,18,3,1,3,821,dining
4004.492365731801,8299,9,4,1,0,1312,education
79.22444413456202,4121,6,1,1,0,1347,transport
144.0716688831963,4121,14,1,1,1,1043,transport
392.170207420506,5311,15,5,1,1,1617,shopping
569.8999762559753,5311,10,1,1,0,646,shopping
669.089663043785,4900,15,3,1,1,603,utilities
122.22234268722816,4121,13,1,1,0,987,transport
1072.7334897671265,8011,10,4,1,1,566,healthcare
48.07109410318797,4121,8,5,1,1,721,transport
86.70416216308882,4121,10,4,1,1,1402,transport
2039.3750581337376,8299,8,3,1,3,1801,education
169.23465772979233,7832,22,0,1,3,901,entertainment
185.85412611673345,5311,13,1,1,1,1327,shopping
257.91076077355217,7832,19,2,0,1,75,entertainment
663.9154842154545,4900,16,5,0,2,1747,utilities
286.2206623193789,4900,15,5,2,0,1598,utilities
124.57338892558528,4121,8,6,1,2,1446,transport
1416.0361508560397,8299,12,4,1,1,525,education
353.16191293222175,5411,15,3,2,3,1779,groceries
491.67018974782576,5311,18,1,1,1,760,shopping
38.87596482191819,4121,8,3,1,1,1487,transport
568.1722357110065,8299,8,0,1,2,331,education
149.27375567993892,5311,15,1,1,1,1514,shopping
1733.0905897484286,8011,10,6,0,1,1090,healthcare
397.579242516385,8011,15,3,2,3,982,healthcare
118.73563834915926,4121,12,5,1,3,193,transport
135.7380234293048,5812,15,3,1,0,303,dining
286.9874956588299,5411,14,5,1,3,1127,groceries
584.6437144452582,5311,19,0,1,1,1402,shopping
640.8832481238957,8011,15,3,1,3,515,healthcare
4658.889965620187,8299,10,1,1,2,1746,education
174.27169875030458,4900,9,4,1,2,1267,utilities
1511.9258147348512,8011,8,2,1,2,586,healthcare
829.1191732289385,5311,15,6,1,1,439,shopping
76.16688103596978,7832,19,3,0,1,705,entertainment
113.12636979520632,4121,6,6,1,3,1100,transport
40.40835475969163,5812,11,3,1,3,120,dining
276.39346054897595,4900,18,5,1,2,700,utilities
292.18358267466675,5311,11,1,1,1,393,shopping
447.68880843526347,5411,9,6,1,0,1305,groceries
1156.491831534681,8011,16,6,1,1,315,healthcare
184.9967344592807,4121,16,0,1,1,1418,transport
2266.288049046935,8299,10,2,1,3,1592,education
118.74453570590784,5812,19,2,1,2,1222,dining
610.2753431649031,4900,6,5,1,1,307,utilities
1856.2965311804678,8299,13,3,1,3,915,education
143.99708180053636,5311,17,4,1,1,1337,shopping
236.48149545456317,5411,9,0,2,2,667,groceries
1687.1816086518756,8011,12,4,2,1,866,healthcare
265.1350999819302,5411,14,1,0,1,1359,groceries
711.7781041761763,5311,10,6,1,1,29,shopping
194.97715586255987,4900,13,1,1,1,652,utilities
3183.0649603973516,8299,14,5,1,3,456,education
97.51889910778567,5311,11,5,1,2,1261,shopping
285.9914023046174,7832,20,1,1,3,298,entertainment
145.97075729018164,4121,10,3,1,1,1152,transport
89.44015601284421,5812,13,1,1,3,695,dining
85.90751574039646,5411,14,1,1,0,234,groceries
2172.1207509514084,8299,9,3,1,1,1193,education
4634.4874123443415,8299,14,6,0,1,784,education
281.96379261241816,5311,14,1,1,1,1680,shopping
389.00929022410435,8299,13,1,0,3,651,education
155.25554880192826,5812,17,6,0,2,1587,dining
281.3510553123116,7832,21,6,1,0,925,entertainment
599.5995400594572,5311,11,3,1,1,159,shopping
829.2893845475502,5311,17,6,0,3,5,shopping
597.2982685393225,4900,14,2,2,1,213,utilities
92.39502337024558,5812,18,4,1,0,1742,dining
80.14795492331653,5411,11,6,1,1,259,groceries
4992.290761427395,8299,15,4,1,2,605,education
640.9019183123203,8299,11,0,2,2,1277,education
122.74193659095356,5812,15,5,2,2,455,dining
707.8592291274501,4900,9,1,1,0,1168,utilities
284.2632710532346,5812,17,3,1,2,1250,dining
269.3379514476569,7832,22,1,1,2,2,entertainment
75.71371363632932,5411,16,1,1,3,1620,groceries
588.4817944889295,4900,6,5,2,2,49,utilities
686.0375210955696,4900,18,5,2,2,932,utilities
774.3299353385455,4900,10,0,1,3,390,utilities
286.97761091461365,5411,12,5,1,3,1739,groceries
471.9053544278097,8299,9,4,1,1,587,education
367.80015297796945,5411,16,3,1,1,29,groceries
103.98903863174652,5411,12,1,1,2,517,groceries
113.37471304329317,5411,15,6,0,2,1707,groceries
309.6405818599531,5411,16,5,1,1,85,groceries
1027.68728980678,8011,11,0,2,3,1064,healthcare
654.2829426962827,4900,8,2,1,2,325,utilities
236.7567896981414,4900,9,0,0,3,592,utilities
112.95785225336428,5812,19,0,1,3,522,dining
998.9569673953569,4900,7,4,1,1,203,utilities
490.0565540176873,8011,10,4,1,0,1697,healthcare
111.41404605920368,5311,14,3,1,1,226,shopping
101.87482818646109,4121,15,5,1,2,628,transport
413.7920474275003,5311,18,4,1,1,384,shopping
365.2515985581234,5411,10,6,1,2,1684,groceries
649.3448828254442,5311,14,0,2,2,1696,shopping
1438.288531009379,8011,14,6,1,1,1062,healthcare
280.4237944143904,5812,20,3,2,2,746,dining
56.425542717376665,7832,22,4,1,1,1003,entertainment
946.1394062879341,5311,12,3,2,1,47,shopping
129.04104162586043,7832,21,5,1,1,1539,entertainment
197.76533480462243,7832,22,6,1,2,9,entertainment
195.93515443090826,4121,13,4,1,2,1224,transport
133.84850160598927,4121,6,6,2,2,1524,transport
776.3714282258203,5311,13,4,1,1,1737,shopping
667.4691773207809,4900,10,0,1,3,1370,utilities
155.37221201189354,7832,22,1,1,1,1270,entertainment
25.827819075379765,4121,6,1,1,1,1205,transport
204.90281012754335,7832,22,3,1,2,532,entertainment
167.31171988795958,5812,15,0,1,1,575,dining
1733.8028083519487,8299,13,0,1,3,1283,education
142.72302054817771,5812,13,4,0,3,1750,dining
991.9496573571367,4900,10,6,1,2,32,utilities
622.4372798879293,8011,15,5,1,2,1186,healthcare
105.1225545084591,5411,10,0,1,1,1697,groceries
464.48605939402,5411,10,0,1,1,1097,groceries
2720.0348832103755,8299,9,5,1,1,124,education
1576.546963846174,8011,11,6,1,0,916,healthcare
146.68830226342163,4121,18,4,1,2,1804,transport
149.87157962586667,4121,13,2,1,1,177,transport
497.9023418327566,5311,13,2,1,1,1111,shopping
37.079875327491564,4121,16,6,2,1,1179,transport
1686.1365023028982,8299,10,0,2,2,1038,education
106.83199988752237,5812,17,2,1,2,681,dining
80.32932921638356,5411,15,0,1,2,987,groceries
114.78642051313142,4121,14,2,1,3,1346,transport
861.7379102075371,5311,18,2,1,2,850,shopping
447.90683171244035,4900,15,4,1,1,698,utilities
152.4251478703061,4121,7,5,1,0,561,transport
225.4093606934076,5411,17,3,1,3,414,groceries
568.302981409316,5311,12,4,1,3,212,shopping
1217.3663503218431,8299,9,4,1,2,233,education
2086.959166721239,8299,14,3,1,1,1403,education
1968.1597161546747,8011,15,4,2,0,1731,healthcare
4444.688125462487,8299,13,5,1,1,1390,education
259.4524457929154,7832,20,4,1,2,1064,entertainment
66.35868132972578,7832,20,0,1,3,934,entertainment
321.6513597777964,4900,17,4,0,1,1112,utilities
51.77895527656035,5812,11,3,1,1,1252,dining
198.63193199988305,4121,6,6,1,1,1286,transport
57.253159754836695,5812,14,2,1,3,1302,dining
81.39899441453278,7832,18,1,0,1,1641,entertainment
390.94590795051374,5411,12,1,1,2,699,groceries
4435.4127598313435,8299,14,0,1,2,399,education
454.0008616341579,5411,15,1,1,2,192,groceries
151.4351954056962,7832,18,1,0,3,253,entertainment
950.1869377215296,8299,10,5,1,2,148,education
3648.131496879268,8299,10,3,1,1,1030,education
1578.378952627197,8011,8,0,1,2,121,healthcare
252.39625738604215,7832,19,2,2,2,657,entertainment
205.1238805301631,7832,22,3,1,1,218,entertainment
152.81217693650567,5812,18,1,1,3,467,dining
178.22882619508405,4121,8,2,1,3,1067,transport
124.01647618514237,7832,18,4,1,2,1328,entertainment
98.91872831948952,5311,11,0,1,3,625,shopping
203.6985585390761,4900,14,2,1,2,392,utilities
479.0481225625831,5411,8,3,1,0,765,groceries
275.10985273822826,7832,20,3,1,1,105,entertainment
164.90676962227207,4121,16,4,1,2,12,transport
269.7301065395259,8011,13,2,1,3,622,healthcare
51.23047522247552,7832,19,0,1,3,421,entertainment
1405.940964643744,8011,11,0,1,0,1744,healthcare
49.78788798546522,4121,14,5,1,1,951,transport
450.61750967558686,4900,16,5,1,2,954,utilities
281.3708802944963,5812,13,6,1,3,567,dining
64.71190418589903,5812,18,3,1,1,740,dining
993.0529920162885,8011,12,2,1,2,926,healthcare
101.66294291549784,4121,14,4,1,1,212,transport
680.9095452845594,8011,13,3,1,1,1599,healthcare
76.6665826844374,4121,14,2,1,1,167,transport
217.71842038407482,5812,12,1,1,1,1354,dining
237.27137735360546,5812,18,2,1,1,1661,dining
280.51863511292044,7832,19,4,1,1,547,entertainment
194.7009049656083,4121,18,5,1,3,1611,transport
698.4645332059838,5311,12,3,1,1,391,shopping
225.06055446127831,5411,10,3,1,1,1665,groceries
250.42493355869874,7832,20,3,0,3,582,entertainment
259.16851464035676,5812,20,6,1,1,83,dining
416.4225473471446,4900,18,0,1,1,1502,utilities
227.36080227078236,5411,8,3,1,3,1520,groceries
4494.0794102508025,8299,9,1,1,2,690,education
765.7923055067171,4900,9,3,1,3,1240,utilities
35.08452854279193,4121,16,5,1,1,812,transport
386.777885970195,5311,14,4,1,1,496,shopping
751.6560416662419,4900,13,1,1,1,412,utilities
838.877510118566,4900,6,6,1,2,1593,utilities
1873.9632084015116,8011,9,0,1,1,1470,healthcare
772.6003849410572,5311,11,0,2,1,809,shopping
171.85647492244303,5411,17,1,1,2,304,groceries
29.556379888918276,4121,14,0,1,2,1460,transport
192.38513165948922,4121,14,6,0,1,24,transport
1737.8086740883227,8011,13,3,1,2,1613,healthcare
128.14626845608103,5812,12,5,1,3,292,dining
123.00491491458128,5812,13,1,0,3,544,dining
122.50874154725906,5812,11,3,1,3,674,dining
450.76194739417826,5411,12,1,1,2,643,groceries
52.27917243335959,5812,17,6,0,1,175,dining
884.4249397444494,4900,16,3,1,1,1529,utilities
803.5996701975665,5311,10,5,1,2,1477,shopping
258.9428419236316,7832,18,3,1,0,1357,entertainment
1226.2585377311202,8011,13,1,1,2,737,healthcare
182.07119481890518,5812,15,1,1,1,271,dining
21.774789804068117,4121,14,3,1,2,28,transport
80.02140539818896,4121,14,0,1,1,312,transport
50.64796402961614,7832,18,4,1,1,252,entertainment
847.9816108781813,5311,16,0,0,3,281,shopping
604.8276703162641,4900,16,4,1,1,84,utilities
198.89287309555584,5812,11,3,2,0,1169,dining
167.8420425699304,7832,21,4,1,1,113,entertainment
221.52254806595377,7832,19,5,1,2,1582,entertainment
1439.202273780907,8299,13,5,2,1,1373,education
159.82827694557102,4121,7,0,1,1,1446,transport
229.41840326028952,5311,19,4,1,0,37,shopping
1800.3917087856958,8011,13,6,1,1,1779,healthcare
128.706096319739,4900,14,0,1,1,1384,utilities
990.3963732790147,8011,9,0,1,2,1314,healthcare
4300.501175633096,8299,9,4,1,0,918,education
401.74989431432203,8299,14,2,1,1,806,education
1918.6474663423194,8011,11,1,1,3,635,healthcare
2833.406036218407,8299,10,1,1,1,1149,education
320.40829492220763,5311,13,1,1,1,1613,shopping
40.73826668489664,4121,6,5,1,0,447,transport
126.35962423094622,5411,11,0,1,1,1032,groceries
1212.083920760906,8011,11,3,1,2,1702,healthcare
450.7139833602203,5311,10,3,2,3,461,shopping
85.79716183052561,4121,18,3,1,3,824,transport
323.3177299451856,5311,19,4,1,3,1722,shopping
222.13815876309755,5311,15,6,1,2,920,shopping
347.81772402414447,5311,19,5,1,3,502,shopping
137.3438994602885,8011,8,4,1,1,924,healthcare
1494.7139834980267,8011,9,4,1,0,1004,healthcare
450.01610196979766,5411,13,1,1,2,1490,groceries
79.96922272506481,5311,12,0,2,0,399,shopping
275.384444370342,5812,13,6,1,2,1228,dining
141.4936125696797,7832,22,4,1,1,1435,entertainment
1114.2775856358091,8011,13,3,1,0,1114,healthcare
534.7350753716224,5311,14,1,1,1,1362,shopping
159.1570985595337,4121,6,4,1,3,1505,transport
4738.046294570424,8299,9,0,2,1,206,education
125.33351542446725,4121,7,1,1,3,947,transport
264.59787106520815,7832,19,0,1,2,262,entertainment
228.43572563979217,5411,15,3,1,1,407,groceries
161.04717966036762,7832,21,5,1,3,55,entertainment
197.60072769939123,4121,6,6,2,1,1031,transport
47.68773745631702,5812,18,2,1,1,127,dining
882.9946675634652,4900,13,0,1,3,1365,utilities
567.0233616816882,8011,10,5,1,2,1511,healthcare
548.5059884448331,4900,7,0,1,1,493,utilities
211.48691275637987,5411,10,2,1,2,1020,groceries
100.58626672040775,5812,17,3,1,3,696,dining
264.19978250237,8011,9,3,1,1,1820,healthcare
240.10445015455022,5812,12,5,1,0,1505,dining
542.5797375564906,5311,10,2,1,3,1301,shopping
125.99207155788903,4900,6,5,0,0,1485,utilities
117.32792840255992,5812,20,6,1,1,1721,dining
671.8822641164946,4900,14,4,0,3,1415,utilities
278.49383220113674,5411,15,5,1,2,423,groceries
58.46561315087149,5311,11,1,1,3,1544,shopping
34.77398029541834,4121,9,6,1,0,778,transport
552.0589531760619,5311,17,6,1,1,58,shopping
486.97825108262657,5411,9,6,2,0,1175,groceries
4401.1114210473925,8299,8,5,1,2,1540,education
653.6026347700429,8011,11,2,1,0,248,healthcare
124.38568771778361,7832,18,6,1,2,1452,entertainment
78.00421501419481,7832,20,5,2,1,1509,entertainment
155.90293621163713,7832,18,2,1,2,529,entertainment
88.67784427878077,5411,12,4,1,0,1403,groceries
581.4959840843386,5311,12,1,1,2,170,shopping
366.8194114594668,5311,14,6,1,2,1355,shopping
1018.553871617186,8011,15,4,1,1,102,healthcare
1438.1264747647317,8299,9,5,2,1,13,education
85.80157637576774,4121,10,3,1,1,493,transport
4234.932471323846,8299,11,3,1,1,1183,education
72.0046397154468,4121,7,6,1,2,35,transport
1209.1981447444325,8011,16,4,0,0,83,healthcare
364.0256978622696,5411,8,2,2,0,222,groceries
102.60805653886626,5411,8,0,1,2,1093,groceries
192.71379128732227,5411,16,2,1,3,673,groceries
461.43339901261953,5311,18,0,0,3,751,shopping
226.2230856826717,5411,9,6,1,2,175,groceries
114.37645286693744,4121,6,3,1,2,985,transport
99.50420226223417,5812,14,3,1,0,632,dining
942.3002119038166,5311,16,6,1,1,653,shopping
108.83780475613246,7832,22,6,0,3,1384,entertainment
41.22286401378268,5812,11,4,1,1,1266,dining
366.2920083943761,5411,15,0,1,1,1085,groceries
189.5290898855773,5311,16,4,2,1,1770,shopping
139.48703570895046,5812,11,2,1,1,608,dining
230.10922212111964,7832,18,1,1,1,1400,entertainment
169.96843426310508,7832,22,6,1,1,349,entertainment
348.5352234205131,4900,7,2,1,1,159,utilities
1391.3869407381496,8011,16,5,1,3,1229,healthcare
170.96598947701216,5812,17,6,1,2,168,dining
144.59695140099367,4900,14,3,1,2,145,utilities
2998.0803726975264,8299,8,3,0,2,891,education
896.0069309858563,4900,16,0,2,1,856,utilities
222.75281897260052,5812,12,3,1,2,137,dining
153.81974679975744,8011,15,4,1,3,1544,healthcare
1883.9629412888962,8011,9,1,1,2,476,healthcare
299.7433941135649,5411,16,1,2,0,1399,groceries
763.760179143852,8299,12,5,0,1,971,education
872.3085982678216,5311,11,2,2,0,1389,shopping
956.1826245415859,5311,18,1,1,1,114,shopping
110.85410712330012,8011,11,0,1,3,826,healthcare
38.21808242879372,5812,18,4,0,1,1759,dining
251.1985861277804,5812,18,0,1,2,252,dining
3139.143123317433,8299,14,3,1,3,601,education
271.24447326859007,8299,10,6,1,1,1343,education
546.0017547780826,8299,13,6,1,1,1716,education
1219.3155569925584,8299,9,2,0,3,514,education
4663.030975739926,8299,12,6,1,0,1768,education
861.1550458643294,4900,7,3,1,1,1562,utilities
606.1202536719003,4900,8,0,1,2,168,utilities
1458.3703542372664,8011,12,4,1,0,1003,healthcare
214.377829213169,8011,13,6,1,2,1583,healthcare
153.97525201411284,5812,17,6,1,2,1329,dining
608.6722519169565,5311,11,1,1,2,1553,shopping
208.25347065125956,7832,20,3,1,1,1034,entertainment
304.10244907196955,8011,8,6,1,2,1155,healthcare
65.58810442972494,4121,11,1,1,1,352,transport
107.98740854422304,7832,18,3,1,1,1581,entertainment
318.03614227651474,5411,15,2,1,1,958,groceries
126.7176672937453,5812,19,3,2,2,208,dining
957.887929330799,5311,18,4,1,1,163,shopping
263.87701906579395,5311,16,3,1,3,938,shopping
780.2692344007208,5311,17,5,1,0,934,shopping
2639.1354866925367,8299,12,4,2,2,1538,education
428.66014069190754,8011,14,5,1,2,1191,healthcare
703.6620868712447,4900,13,0,1,2,1702,utilities
79.48550540685878,5812,13,6,1,1,156,dining
4897.539017453141,8299,8,3,1,2,268,education
264.7683188856272,4900,17,0,1,3,1228,utilities
419.9622795809565,8011,12,4,2,3,131,healthcare
57.62233353716641,4121,10,4,1,2,1133,transport
66.75003031033911,4121,18,6,1,3,1355,transport
369.0000958435382,8299,10,0,1,2,1397,education
455.3352149547942,5411,8,0,2,2,1361,groceries
918.5449565934757,4900,10,1,1,2,1051,utilities
317.7637342533878,8011,16,5,1,1,735,healthcare
911.1420099056517,8011,10,6,0,2,1715,healthcare
4844.0487842067905,8299,8,3,1,2,325,education
161.8933535354206,4121,15,0,1,1,371,transport
130.6581876229992,4121,14,2,2,3,119,transport
77.06162579480593,4121,6,1,1,0,802,transport
180.49216747829067,7832,19,3,0,1,637,entertainment
3603.460522223937,8299,11,5,1,1,1021,education
107.55928896362855,7832,22,4,1,2,238,entertainment
724.9834778933383,4900,7,2,2,3,1602,utilities
83.47546316888207,4121,12,3,2,3,210,transport
215.38256460535342,5812,13,6,1,2,570,dining
110.37598922377259,5411,14,5,2,1,924,groceries
437.6309279530238,4900,7,2,1,2,535,utilities
761.3985685760426,4900,19,3,1,2,1114,utilities
83.56859633289004,5311,13,3,1,2,361,shopping
111.58124662118638,7832,22,6,1,1,897,entertainment
1746.3524655403892,8299,10,1,1,0,1459,education
4487.641945789907,8299,11,0,1,2,1386,education
425.20272195466424,5411,10,1,1,1,1135,groceries
142.14120049972874,5411,11,6,1,3,1034,groceries
250.25150646285084,5812,20,0,1,1,677,dining
59.104449972566734,4121,18,3,1,2,789,transport
109.47830614588689,5812,16,2,1,1,1373,dining
824.4100318705885,5311,19,0,1,2,1228,shopping
96.5563211680471,4121,8,4,1,2,1096,transport
138.79346119771142,4121,8,0,1,2,333,transport
130.8418003584821,7832,20,0,1,0,265,entertainment
159.08340519018907,4900,13,1,1,1,1250,utilities
235.9748069346313,7832,21,1,1,0,1473,entertainment
283.06861596429684,5812,19,3,0,0,1813,dining
2931.4067784057615,8299,8,4,1,2,1156,education
645.7302669375032,5311,15,5,1,1,884,shopping
340.0199504431923,5411,11,0,1,2,336,groceries
725.0875394191361,5311,11,2,1,1,253,shopping
149.9696547982707,4900,9,5,1,1,1759,utilities
130.5231688970719,4121,8,2,0,1,748,transport
347.13547725139694,5411,16,0,1,3,1807,groceries
2449.775016245329,8299,15,6,1,1,1470,education
701.5026661450783,5311,16,0,1,1,1026,shopping
1065.5182819204717,8299,12,5,1,0,1316,education
409.2365294460762,5311,16,6,1,2,1534,shopping
1533.0734331469716,8011,14,2,1,3,875,healthcare
193.30277331999753,5311,18,3,1,2,1140,shopping
418.26079689829805,5311,11,4,2,3,387,shopping
545.9764922021371,4900,8,1,1,1,189,utilities
80.59380403422752,7832,20,4,1,2,332,entertainment
994.3845315751564,5311,19,4,1,3,552,shopping
1211.6693695216081,8011,14,2,1,1,937,healthcare
3032.303911928452,8299,15,4,0,3,696,education
154.00849387279118,5411,8,0,1,2,926,groceries
39.224557341795055,4121,10,0,1,2,1705,transport
46.92840325489523,4121,15,0,1,2,1048,transport
482.85831042416805,5411,14,0,1,2,668,groceries
345.8056523358474,8011,10,0,2,1,1107,healthcare
2630.604356228228,8299,13,1,1,1,1297,education
121.67490591767466,5812,18,1,1,2,1541,dining
336.7607665077421,5311,11,1,1,2,4,shopping
449.2993529227771,4900,11,0,1,1,269,utilities
197.15422768517058,5311,13,0,1,2,875,shopping
780.3003665886171,4900,18,1,1,2,1044,utilities
4139.526796220985,8299,9,4,1,1,488,education
166.85758669593687,4900,12,5,1,3,1595,utilities
647.4486417053445,5311,17,2,1,3,1436,shopping
961.8713438650582,5311,17,4,1,1,1503,shopping
227.49624517680036,5411,16,4,1,2,1367,groceries
128.7873126126946,4121,9,4,2,0,728,transport
56.870454244218294,5812,11,6,1,2,1740,dining
246.49205930427323,7832,21,2,1,1,753,entertainment
239.88505272758368,7832,19,5,1,0,406,entertainment
144.13014489430853,4121,10,6,1,3,1599,transport
3294.691409418267,8299,12,3,1,0,759,education
147.4920741205461,5812,12,3,1,1,750,dining
3961.025431875069,8299,10,0,1,2,55,education
4993.0397913799525,8299,9,3,1,1,11,education
169.23924929934012,5411,15,4,2,1,1147,groceries
2753.289051942098,8299,12,0,1,3,1604,education
132.00506180357579,4121,6,6,1,1,631,transport
187.69396421479982,4121,10,5,1,3,936,transport
267.27759617430416,5311,13,1,1,2,1376,shopping
221.33029709431997,5812,16,3,1,2,182,dining
227.50027679811777,5812,15,2,1,1,1436,dining
200.05455654106356,5812,11,4,2,1,954,dining
74.75212854025463,5812,17,5,1,1,1022,dining
134.33490087049827,7832,21,0,1,1,679,entertainment
1276.3978736465972,8011,9,1,2,1,414,healthcare
416.91065570065837,4900,10,3,2,0,1441,utilities
917.9669553293121,8011,8,4,1,1,1222,healthcare
190.29852770847185,4900,12,5,1,1,8,utilities
853.2684572587588,8299,14,2,1,2,100,education
456.6686590044046,5411,9,4,1,3,753,groceries
60.80079368967829,5411,13,2,1,1,1376,groceries
36.99097130013203,5812,15,3,1,1,904,dining
156.96062623712513,4121,14,3,1,1,1203,transport
673.612806865853,4900,6,5,1,2,396,utilities
428.15149946779604,5411,10,4,1,3,532,groceries
1830.9857696171196,8011,16,1,1,1,1651,healthcare
208.0866308031379,4900,9,0,1,0,1503,utilities
4570.989174579,8299,10,2,1,2,320,education
860.2760221879961,8011,13,5,2,2,900,healthcare
139.03522317556732,5411,13,0,2,1,338,groceries
476.50390958388874,4900,14,5,1,2,582,utilities
290.8484451339239,5411,10,6,1,2,1628,groceries
87.58566555612869,4121,14,2,1,1,1610,transport
1260.3382377185749,8011,14,1,1,3,101,healthcare
766.7621584052142,5311,19,6,1,1,374,shopping
62.98428133650295,7832,18,6,1,3,973,entertainment
1444.6673476979167,8299,13,2,1,0,96,education
118.78670152639233,4121,8,5,1,0,476,transport
1124.40448960668,8011,16,5,1,1,147,healthcare
141.75826551042613,7832,18,4,1,1,1410,entertainment
136.47043393762226,4900,7,4,1,3,1252,utilities
153.3694224065783,7832,18,6,1,2,1795,entertainment
220.10609859337455,5311,12,0,1,2,1524,shopping
153.39104489000982,7832,22,0,1,2,1077,entertainment
186.19612983942392,4121,7,6,2,1,1345,transport
1825.6038539487718,8011,9,0,1,2,659,healthcare
2989.9168587132604,8299,10,4,1,1,1406,education
396.35775189808106,5411,16,5,1,2,1518,groceries
108.95956122690937,7832,22,5,1,2,913,entertainment
279.98216265112,5812,11,1,1,1,1120,dining
381.4424764987496,5411,9,6,0,2,180,groceries
4569.930390463324,8299,12,6,1,1,416,education
218.78557471763187,5411,10,4,1,1,12,groceries
1514.6903709344037,8011,13,0,1,1,1808,healthcare
134.68967807024026,4121,13,0,1,2,1674,transport
914.5510228069869,4900,14,2,1,2,832,utilities
48.229635914874315,5812,16,4,2,1,1573,dining
168.15899183324157,7832,20,5,1,0,940,entertainment
649.0809140357243,4900,17,5,1,2,1393,utilities
77.8036727263867,5812,18,0,1,1,1557,dining
494.03725759827495,5311,12,5,1,1,1793,shopping
180.30244206360908,5812,19,0,1,3,1144,dining
291.62137532963334,7832,20,1,1,2,272,entertainment
297.29564743686433,5311,10,1,1,1,917,shopping
55.7310268664173,4121,8,3,1,1,362,transport
4313.281334247071,8299,9,5,1,0,793,education
141.72593855052094,4121,17,0,1,2,1813,transport
281.00262959938834,5411,12,5,2,2,1073,groceries
131.297298120093,4121,17,4,1,1,839,transport
252.7363639392879,7832,19,3,1,3,486,entertainment
1877.664418975168,8011,14,5,1,2,63,healthcare
3843.332838469522,8299,14,0,1,1,1686,education
132.79790181232673,5411,13,3,1,2,277,groceries
183.62844537546894,7832,20,5,1,1,1027,entertainment
1560.6323358826041,8299,13,2,1,1,1716,education
118.26023389527927,8011,16,2,1,3,834,healthcare
332.20246246613476,5411,12,2,1,3,1608,groceries
2913.6298971139336,8299,11,6,0,2,447,education
1571.2744078668725,8299,9,1,1,2,1817,education
714.5801328055676,5311,16,3,1,2,1579,shopping
66.94001650722063,4121,13,6,1,3,1168,transport
114.77123168635084,4900,17,6,1,1,1076,utilities
204.035217788067,5411,8,2,1,2,1142,groceries
68.46961328341472,4121,15,3,1,2,19,transport
140.71066915583518,4121,14,1,1,1,171,transport
180.4146109033465,7832,22,6,0,2,214,entertainment
178.31819285567636,4121,14,4,1,2,295,transport
244.76393619562123,7832,19,2,1,2,310,entertainment
180.7991045791424,5411,9,0,0,3,1218,groceries
252.4854161587911,5812,13,4,1,1,1172,dining
580.5449795422397,4900,18,6,1,1,253,utilities
171.55254893623712,5812,11,6,1,2,845,dining
143.1223670061738,8011,15,0,1,2,640,healthcare
2723.177826785544,8299,13,6,0,1,1288,education
283.5424190723601,7832,22,2,1,1,281,entertainment
1395.3884524643945,8011,8,1,1,2,651,healthcare
134.78514934417254,7832,18,0,2,0,609,entertainment
191.09269833582565,4121,13,4,1,1,406,transport
499.3178019017626,5411,14,3,1,1,373,groceries
89.99438352015744,5812,16,5,1,1,347,dining
57.704437535066305,4121,13,6,1,2,303,transport
206.66039723492042,7832,21,2,1,1,1332,entertainment
633.6486073890195,5311,10,5,1,3,321,shopping
912.544237280027,5311,10,5,1,2,68,shopping
286.04639118553297,5411,15,3,1,3,291,groceries
39.227508241934856,4121,6,2,1,2,1689,transport
4892.664067897766,8299,14,0,1,2,865,education
835.8981236761781,4900,9,5,2,1,1533,utilities
198.18527219430936,7832,21,0,1,1,588,entertainment
654.502079573301,4900,18,2,1,2,1294,utilities
1883.507278461296,8299,9,2,1,1,1006,education
748.9801300313203,4900,16,3,2,1,213,utilities
788.0154482487101,5311,13,1,1,1,1338,shopping
401.8183731562742,4900,18,5,1,2,172,utilities
154.493499254142,5812,12,2,1,3,1118,dining
950.3050772085516,4900,6,6,1,2,90,utilities
816.7945434507188,4900,7,2,1,3,1640,utilities
472.74038549679557,5311,10,0,1,1,576,shopping
3558.5818832265704,8299,15,6,1,2,595,education
336.9401099551155,5311,14,4,1,3,393,shopping
38.56859915003202,5812,16,3,1,2,1502,dining
138.78296871033274,5812,16,1,0,2,69,dining
268.7779868214828,5812,18,3,1,0,855,dining
4239.22363429048,8299,15,5,1,1,1759,education
63.535329519558175,4121,18,2,1,3,1716,transport
98.74673841294329,4121,13,1,1,3,108,transport
565.3774207172744,4900,19,1,1,0,115,utilities
1710.4105854937802,8299,15,0,1,3,549,education
96.63630796024967,7832,22,0,1,1,9,entertainment
132.8863040998603,7832,21,4,1,0,1375,entertainment
145.48173740541844,5411,14,6,1,1,1448,groceries
178.58831758053958,7832,18,3,1,1,595,entertainment
125.9168902605337,4121,13,3,1,2,382,transport
764.6993116755175,4900,10,2,1,1,1781,utilities
180.04826590834924,7832,19,6,1,3,1155,entertainment
429.30091832870716,8011,10,2,2,0,571,healthcare
109.44185100408156,7832,20,2,1,2,1126,entertainment
284.62198388871997,7832,19,6,2,1,1290,entertainment
212.28537057851787,5812,15,2,1,2,936,dining
612.548232847469,5311,12,6,0,2,952,shopping
138.200112923528,5812,17,2,1,1,872,dining
4105.070174911499,8299,10,5,1,2,1592,education
91.39954779599753,5812,12,5,0,2,142,dining
70.13841528433949,7832,21,0,1,2,1348,entertainment
2383.540351071817,8299,13,6,1,2,589,education
313.18422576216517,5411,14,1,2,1,281,groceries
72.75424154085299,5812,19,3,1,0,1561,dining
205.71352039293242,5411,13,5,1,1,1180,groceries
207.649212430529,5812,14,4,1,3,157,dining
221.75389286027135,5311,16,5,1,3,540,shopping
102.99670751707737,5812,13,2,1,1,1047,dining
136.58795934130833,7832,19,5,1,1,1823,entertainment
133.17705428079307,4121,8,1,1,1,1581,transport
47.9899728548553,4121,9,4,1,1,1283,transport
3782.8716197819135,8299,8,1,1,1,1163,education
206.71874177815639,5812,20,4,1,2,82,dining
1603.9155555005843,8011,9,5,1,1,147,healthcare
212.77284428830768,7832,20,0,0,1,1771,entertainment
972.9290929538689,5311,15,6,1,1,547,shopping
168.70440533453748,4900,11,0,1,3,530,utilities
58.07945518811837,7832,21,2,0,0,1666,entertainment
187.77896999864384,5812,13,2,1,2,459,dining
191.1309004018119,7832,18,5,1,1,1190,entertainment
1051.9132189540333,8011,13,0,1,3,1001,healthcare
149.9553454621965,5411,8,0,2,2,1008,groceries
88.0230712216025,5812,18,5,1,2,68,dining
250.1657920830114,7832,18,6,0,3,481,entertainment
151.03580057077366,5812,12,5,1,1,450,dining
27.701330657275392,4121,17,1,1,2,1361,transport
183.4548585176392,4121,17,5,1,2,1205,transport
482.69544257646635,5411,15,5,1,3,1699,groceries
2577.8345725439626,8299,15,0,1,1,1601,education
222.20372281682634,5411,11,6,2,2,629,groceries
124.64644598103231,5311,13,4,0,2,546,shopping
129.72008104943458,5311,10,5,0,1,279,shopping
144.62615403437388,4121,11,1,1,0,1655,transport
828.1538321435111,8299,10,3,1,2,43,education
260.67568772031655,5411,14,2,1,3,321,groceries
184.96931894557642,7832,20,1,1,0,760,entertainment
201.68134060587963,5311,11,1,1,1,275,shopping
178.24441914382177,5812,19,5,2,0,1159,dining
678.4574565612648,8011,10,3,1,3,1696,healthcare
279.7716603942285,5311,18,5,0,3,821,shopping
2785.9228347255475,8299,8,0,0,0,1497,education
295.835661851203,7832,19,1,2,3,193,entertainment
393.2239167677187,5411,12,6,0,3,1786,groceries
178.77493839532997,5812,15,0,0,1,139,dining
727.566221742487,4900,8,0,1,1,1688,utilities
1869.0469987248027,8011,13,1,1,3,1453,healthcare
2933.0920231316927,8299,15,6,1,1,1569,education
274.5504698052291,7832,21,1,2,1,1502,entertainment
414.162820870474,8011,14,5,2,1,1716,healthcare
435.510153744643,4900,14,4,1,1,879,utilities
279.6210053318144,5812,16,1,0,1,1122,dining
155.1676869992449,5812,17,4,1,0,894,dining
873.3836752471344,5311,11,0,1,0,886,shopping
974.2305866200774,4900,11,3,1,1,584,utilities
278.108680722514,5812,15,1,1,2,559,dining
168.5093691311397,5411,13,0,1,1,1145,groceries
109.8566712165988,7832,22,0,1,1,1718,entertainment
1445.748139776216,8011,9,2,1,0,23,healthcare
3739.4968098217096,8299,15,0,1,1,48,education
379.7651867681298,5411,14,1,1,2,1665,groceries
606.276299446946,5311,11,5,1,2,1362,shopping
1575.176922652593,8299,9,6,1,1,605,education
538.503670176096,4900,6,6,1,1,65,utilities
143.95374611108517,5411,17,4,2,1,1563,groceries
34.52714831290224,4121,8,4,1,1,798,transport
912.7938664763532,5311,17,3,2,0,1358,shopping
378.767005684336,5411,16,2,1,2,1801,groceries
1913.747937547631,8011,15,4,1,2,1146,healthcare
171.30369452697784,5311,17,5,1,3,1130,shopping
213.0950480644079,5812,15,1,1,2,31,dining
164.69903911535818,4121,9,2,1,1,397,transport
125.40851587196838,5311,18,5,1,1,977,shopping
215.63303733206908,8011,14,3,1,2,1322,healthcare
154.78110536684764,5812,16,4,2,1,1193,dining
210.50597915965764,7832,22,3,2,1,973,entertainment
200.0850220198266,5812,11,3,1,2,671,dining
290.4237805636138,7832,22,5,1,1,670,entertainment
124.77811537941845,4121,10,0,1,2,260,transport
1869.119951977833,8011,10,1,1,1,1666,healthcare
579.5246972773133,5311,11,4,2,2,438,shopping
1379.5116681146897,8011,11,4,0,2,135,healthcare
712.1230418057507,5311,17,2,1,2,963,shopping
1523.4504254832889,8011,11,2,0,1,1,healthcare
385.507244733533,5311,19,4,1,3,1168,shopping
125.64176703897235,5812,16,5,0,2,963,dining
203.04215023657218,5411,12,2,2,3,949,groceries
1041.4339834956286,8299,12,0,1,1,155,education
996.1121874737902,5311,15,6,1,3,546,shopping
91.81573652206585,4121,9,5,1,1,1314,transport
89.4358016556513,7832,21,4,1,3,1801,entertainment
140.7556548326391,5411,11,0,1,1,1542,groceries
142.7377848516318,5812,18,1,1,1,876,dining
256.4666713778923,5812,12,6,2,1,750,dining
148.2873979779814,4121,9,6,2,3,608,transport
857.6976006307442,5311,10,4,1,1,1151,shopping
776.4561770045779,5311,10,5,0,2,1765,shopping
127.46264017580194,4121,9,2,1,2,1267,transport
166.5355116969012,7832,19,2,1,2,1417,entertainment
764.8521752773034,5311,16,4,1,3,1063,shopping
129.35109390392245,5812,11,1,1,1,26,dining
684.2566459152046,4900,16,4,2,2,832,utilities
85.79171114454172,5411,17,2,1,0,1752,groceries
1431.614201460446,8011,11,6,1,0,696,healthcare
35.37917117320375,5812,19,2,1,2,1329,dining
62.41889830876559,5411,12,3,1,1,982,groceries
600.0891413134686,5311,16,1,1,2,516,shopping
140.701416822099,5812,20,6,1,3,169,dining
3989.4791300926377,8299,14,0,1,1,1348,education
976.7439045842088,5311,17,5,1,3,484,shopping
4630.29811599373,8299,12,1,1,1,1779,education
84.8747386164674,7832,18,0,1,1,219,entertainment
177.9363305088377,7832,21,1,1,2,1329,entertainment
271.35652378003573,5411,14,4,1,2,366,groceries
150.17971632316446,7832,18,5,1,1,435,entertainment
197.39820989582444,5812,18,2,1,1,1003,dining
47.87206327952884,4121,18,1,1,2,327,transport
227.39627145572632,5812,12,6,0,2,950,dining
118.42223465748079,7832,21,4,2,1,1601,entertainment
34.8561758748326,4121,12,5,1,1,532,transport
116.58213968106158,4121,8,0,1,1,1810,transport
427.94719609761887,5311,16,1,1,1,1410,shopping
322.48063547197734,4900,16,6,1,3,991,utilities
921.9383581782554,4900,11,0,1,1,9,utilities
788.5690488376423,8011,16,1,1,1,38,healthcare
418.2974793481317,5311,11,1,2,1,1119,shopping
1352.7415101833662,8011,16,0,1,1,322,healthcare
56.67711904499037,5812,20,1,1,1,723,dining
384.99707154105573,5411,14,5,1,1,177,groceries
543.680487481509,5311,11,3,1,2,1450,shopping
189.85884080225588,7832,20,6,2,2,972,entertainment
141.38930105023582,7832,22,6,1,1,1571,entertainment
218.83547945829514,5812,19,5,1,2,98,dining
133.47525422222648,5812,14,0,1,0,1134,dining
590.6411452151784,8011,12,5,2,3,146,healthcare
58.95688367881439,4121,7,3,1,1,950,transport
1792.06318153217,8011,16,3,1,1,373,healthcare
207.08295211276982,5812,19,4,1,3,1753,dining
4377.659203521847,8299,12,2,1,2,593,education
246.14354685072917,5311,10,4,1,2,441,shopping
104.28178803359432,4121,11,3,1,3,756,transport
163.59275114218744,4121,8,2,1,2,336,transport
226.89567815182372,5812,17,6,1,2,44,dining
2102.989189220255,8299,11,6,1,1,892,education
131.66953655352071,5411,14,0,1,2,1682,groceries
3840.719134092343,8299,8,2,1,1,1789,education
285.180394678433,7832,18,3,1,3,640,entertainment
472.9652179939903,5411,8,6,1,2,677,groceries
104.4498378001998,5812,12,2,1,1,62,dining
657.5007190153169,4900,18,5,1,1,1443,utilities
262.022347463846,7832,19,2,1,2,651,entertainment
141.98693545730785,4121,14,1,1,0,1665,transport
323.63664753688096,4900,7,2,1,2,736,utilities
527.5394584409621,8011,16,1,0,2,1656,healthcare
443.7721246794217,4900,6,6,1,0,761,utilities
28.29464045567517,4121,12,2,2,1,403,transport
4877.288468046831,8299,14,6,1,1,1340,education
163.90580777143424,4121,9,1,1,2,1072,transport
96.28599142537848,5812,16,4,2,2,1053,dining
4672.093348976255,8299,8,1,2,2,730,education
234.32443618439132,5812,11,6,1,1,286,dining
4006.483432616487,8299,8,4,1,3,1504,education
51.2738549384027,5311,13,3,0,1,1171,shopping
361.450411557752,5311,11,0,1,3,696,shopping
709.9698718697729,4900,12,1,1,3,1478,utilities
255.21550154614116,5411,10,3,1,0,94,groceries
296.83633348359825,5812,14,6,1,1,1351,dining
110.69277385329981,4121,11,3,2,1,355,transport
185.85647528238766,7832,20,3,1,2,806,entertainment
957.3771802875901,5311,17,0,1,1,399,shopping
735.8923088337189,5311,17,1,1,1,1507,shopping
2624.4844152862534,8299,8,3,1,0,1711,education
111.71574339274227,4121,6,1,1,0,1147,transport
941.4301483079588,4900,8,0,0,1,1117,utilities
208.7716963312372,7832,18,1,0,1,1133,entertainment
579.5133437317356,8011,9,4,1,3,1687,healthcare
754.321266933758,5311,14,6,1,3,1382,shopping
870.8938680243438,5311,12,3,0,1,1468,shopping
3315.5980925039644,8299,11,3,1,1,358,education
878.7930598125623,8299,11,6,1,3,1001,education
149.9412907557875,4121,14,6,1,1,1009,transport
255.8431711975218,7832,22,5,1,2,1153,entertainment
376.3089021003964,4900,10,0,0,0,1772,utilities
204.61981261186,5812,15,4,1,3,970,dining
171.61021472999445,5411,10,0,1,1,680,groceries
281.41863629227186,5812,12,0,1,1,698,dining
434.98072926843014,4900,10,1,0,2,603,utilities
458.80062086952654,5311,16,5,0,2,598,shopping
273.6661635794648,7832,18,1,1,0,814,entertainment
631.7653112160413,5311,16,4,1,0,518,shopping
245.2280077924214,7832,20,0,0,0,1374,entertainment
784.3132571403789,4900,17,5,1,2,1190,utilities
446.81206154515365,4900,9,6,1,1,414,utilities
843.9955397348409,8011,14,3,1,1,63,healthcare
397.06818262073944,5411,9,2,1,2,223,groceries
136.92491640837906,4900,6,4,1,1,1401,utilities
3779.277289002455,8299,14,1,1,0,857,education
1387.6947450516157,8011,16,6,0,3,1792,healthcare
903.3277261416206,4900,11,2,1,1,1017,utilities
1864.3907861196817,8011,14,3,0,3,1804,healthcare
3986.264373592413,8299,11,2,1,3,1240,education
110.69405558356844,4121,11,6,1,1,661,transport
1295.503075351483,8011,11,4,1,2,1220,healthcare
130.07873230049535,5812,18,0,1,1,1109,dining
302.71828655060915,5411,14,0,1,3,613,groceries
297.59535159591644,7832,22,0,1,1,676,entertainment
1994.25776298476,8011,13,4,1,2,1415,healthcare
4943.306638229993,8299,11,3,1,2,1605,education
2396.941289645036,8299,12,3,1,3,248,education
433.96153649088444,5411,17,1,1,3,1553,groceries
964.3420664877804,4900,11,3,1,3,439,utilities
89.98574747966966,5812,20,1,0,1,262,dining
26.956287853625803,4121,13,1,1,1,1668,transport
460.27184332348133,8011,13,0,2,2,48,healthcare
201.12555019203424,5812,14,6,1,3,1292,dining
154.88296531293716,5311,16,4,0,2,1701,shopping
189.47935346171909,5311,12,3,1,1,1550,shopping
1413.4094826699318,8011,15,5,1,3,1299,healthcare
191.08098662189465,5411,14,0,1,1,624,groceries
88.26504141721654,7832,19,4,1,1,228,entertainment
2982.543792275963,8299,13,3,1,1,261,education
873.4691156831664,8011,10,3,1,2,704,healthcare
1944.0856635711675,8011,12,2,1,2,429,healthcare
248.18503081759758,5812,11,5,1,2,1405,dining
969.2923543645213,8299,14,2,2,3,1302,education
4066.5074929587777,8299,8,3,1,1,874,education
472.0664579490704,5411,11,2,1,2,881,groceries
578.8993139062297,8011,10,4,1,3,314,healthcare
142.29063515584133,5812,13,2,1,2,1499,dining
292.82359728462575,7832,22,0,1,1,853,entertainment
149.73406531204063,7832,21,4,1,1,1279,entertainment
403.3145992256255,4900,8,6,1,3,848,utilities
1489.09477324922,8011,12,6,1,3,604,healthcare
515.2954111296125,4900,13,6,1,2,378,utilities
3651.11718231666,8299,12,3,1,1,477,education
716.9272671325447,8011,11,0,2,0,850,healthcare
104.0632421333259,5311,16,0,1,3,420,shopping
728.6703518746751,4900,9,6,1,1,241,utilities
1639.3329775329264,8011,16,1,0,1,1115,healthcare
194.24875401798494,7832,21,5,1,1,1767,entertainment
193.91000659427237,5411,12,2,1,2,433,groceries
145.23720686978308,4121,18,1,1,3,844,transport
348.35011442792376,5411,12,5,1,0,1310,groceries
1238.1476631032588,8299,11,3,1,2,1296,education
86.94950974648381,5812,11,0,1,2,330,dining
115.84391934868378,7832,18,5,1,2,371,entertainment
393.5090512912465,8299,14,5,1,2,699,education
215.05928919017774,7832,20,6,1,1,1102,entertainment
706.9278471493268,5311,19,4,1,1,955,shopping
671.8545920958552,4900,7,6,1,2,1566,utilities
1879.6679835994635,8299,8,3,0,2,486,education
69.92525920576841,4121,10,4,1,1,1131,transport
386.4480899396874,4900,10,2,1,1,1222,utilities
628.4360980709359,5311,19,2,1,0,540,shopping
102.51500061592913,5812,15,5,1,1,89,dining
560.4372475252812,4900,11,5,1,1,1218,utilities
962.3453448494367,5311,18,0,0,2,1177,shopping
340.7522609745298,5411,12,0,2,1,316,groceries
2664.6073748670547,8299,13,0,1,2,556,education
1152.8142194242423,8011,15,2,0,2,1000,healthcare
1905.000092305542,8011,13,3,1,1,226,healthcare
409.8345635518853,8011,16,6,1,1,786,healthcare
222.25323059975483,4900,18,2,0,3,464,utilities
668.3581119342374,4900,6,1,0,1,1236,utilities
576.8936790474795,4900,7,4,1,1,191,utilities
26.529602265729913,4121,8,5,2,2,1141,transport
220.0384630708371,5411,8,6,1,2,1770,groceries
1403.2293268848005,8011,16,2,1,2,495,healthcare
4866.624460744731,8299,8,0,1,1,957,education
562.7337323668024,5311,12,2,2,1,489,shopping
425.93365480294506,5411,9,0,1,1,142,groceries
110.90231260280785,4121,12,2,1,3,741,transport
4566.521464193396,8299,11,4,1,3,782,education
41.566381005634376,4121,8,1,1,1,991,transport
701.5738279448785,5311,18,0,1,3,736,shopping
375.2498776779065,5411,10,2,1,2,3,groceries
67.643924644104,5411,10,0,1,1,1670,groceries
123.86922658182915,8011,11,5,2,2,3,healthcare
385.80157787611284,5411,13,4,1,1,1032,groceries
320.2467503251921,5311,10,0,1,1,155,shopping
186.04808589491438,5812,19,0,1,1,751,dining
93.76378842095531,5411,11,3,1,2,1445,groceries
754.849371878621,5311,17,6,1,1,1227,shopping
197.65427345480848,5411,13,0,1,3,186,groceries
974.4907987471584,4900,7,4,1,1,1358,utilities
226.6617902931615,5812,19,5,2,3,1020,dining
413.93542926508604,5411,13,0,1,2,1171,groceries
72.44277174656989,4121,17,5,1,1,1223,transport
900.6005747363948,8011,10,5,1,1,1804,healthcare
156.85040894783626,4121,9,0,1,2,666,transport
224.93892439663432,5812,12,3,1,0,787,dining
220.50132161729456,5812,17,6,1,3,1311,dining
978.8404595417074,5311,13,0,1,1,1020,shopping
4120.003756432023,8299,9,0,1,1,450,education
402.85119075313014,4900,6,1,1,1,1295,utilities
108.35459665277324,7832,18,5,1,2,227,entertainment
388.69681774280383,5411,10,1,1,3,459,groceries
194.57667469995508,4900,18,5,2,2,1269,utilities
1154.197021743366,8299,11,0,1,3,975,education
1010.8621002175531,8011,9,5,2,2,1542,healthcare
293.4744907132655,5812,15,3,0,2,1666,dining
968.8417760546165,5311,12,5,1,1,248,shopping
99.25415939442135,4121,7,5,1,2,1469,transport
298.63954431895866,5812,20,4,1,2,1456,dining
65.25313853450011,4121,17,6,1,1,627,transport
3926.6039038698727,8299,12,6,1,2,1320,education
830.6522025733441,8011,11,5,1,2,1168,healthcare
152.2277081648634,5812,20,3,1,3,378,dining
117.39838106854754,7832,19,0,1,2,1061,entertainment
32.546413793293944,4121,18,0,1,2,1215,transport
56.52164947548402,5812,20,1,1,3,763,dining
182.57076989227969,5812,12,5,2,1,1427,dining
959.1509155753815,4900,6,2,1,1,648,utilities
173.78146393201163,5812,14,4,2,1,1001,dining
813.2136368596882,4900,13,3,1,1,1578,utilities
108.8934744845429,7832,19,6,1,2,1559,entertainment
496.9726234061486,4900,11,4,1,2,106,utilities
262.8566936690553,7832,22,5,1,2,786,entertainment
1321.0383119974422,8011,9,4,1,1,1632,healthcare
122.83442052618669,7832,19,3,1,2,1144,entertainment
173.46828168365133,4121,9,4,1,0,685,transport
1589.9372261392496,8011,8,5,1,1,902,healthcare
1439.6822545612793,8011,15,1,1,1,607,healthcare
566.8698674382435,8011,13,6,2,3,1265,healthcare
282.44244335781895,7832,18,6,2,1,1075,entertainment
193.30305704273366,4121,17,0,1,1,913,transport
180.67971784975842,5411,14,0,1,1,872,groceries
124.73338430704455,4900,10,4,1,2,970,utilities
127.0363894891001,5411,11,0,1,2,1351,groceries
301.27002028363137,5411,17,0,1,3,279,groceries
1288.4572063287683,8011,11,6,1,1,1045,healthcare
91.69121902617009,5311,14,6,1,2,657,shopping
177.1636137910591,7832,22,4,1,1,827,entertainment
410.6652502451163,5311,10,3,1,3,110,shopping
510.034988063949,8011,10,2,1,3,906,healthcare
570.0800571543222,4900,15,6,1,2,1437,utilities
452.2644431868051,5311,13,5,1,3,599,shopping
1907.0295617155273,8011,13,5,1,2,647,healthcare
648.9986845557474,8011,14,1,1,1,1382,healthcare
132.7809646327492,4900,18,0,1,1,1541,utilities
142.26473807832446,4121,16,4,1,1,559,transport
219.73033280279623,7832,20,6,1,2,1563,entertainment
914.6927885195878,5311,16,2,1,2,1025,shopping
2658.977437948635,8299,9,1,1,1,1016,education
1551.9893637871767,8299,14,1,1,1,1779,education
294.33105627073115,5411,11,5,1,2,899,groceries
234.27752402095663,7832,18,2,1,2,1473,entertainment
46.61057180584029,4121,16,5,0,3,410,transport
148.73990861265617,5812,11,3,1,3,859,dining
4144.92277704375,8299,8,1,1,2,203,education
51.38060164842549,5812,16,6,1,1,1792,dining
336.2843714582712,4900,13,5,1,1,364,utilities
108.81557456008183,5411,8,3,0,3,1100,groceries
111.06404169970514,7832,22,2,1,1,1475,entertainment
742.1226428381506,4900,12,1,1,1,1641,utilities
151.63866246455666,5311,15,2,1,1,1415,shopping
768.797869441643,4900,12,6,1,1,1315,utilities
450.9263230729052,4900,7,3,1,2,1692,utilities
847.694085994619,8011,16,1,1,1,548,healthcare
112.33165866190441,5812,11,0,1,2,437,dining
1825.4142069960808,8011,15,1,1,3,460,healthcare
32.50611531186115,5812,13,5,0,2,972,dining
1603.1231482273522,8011,12,4,1,0,853,healthcare
667.2059588203982,5311,10,5,1,1,49,shopping
838.3301198065857,4900,19,2,1,1,1364,utilities
176.5593371044699,5411,17,4,1,1,445,groceries
101.80816969899291,7832,19,5,0,1,1653,entertainment
40.059780162220584,4121,11,1,1,1,812,transport
191.11015348109464,5812,19,3,0,3,751,dining
43.29563933430783,4121,9,6,1,3,136,transport
299.8741803331682,7832,22,3,1,1,81,entertainment
743.3834293860931,5311,11,3,0,3,636,shopping
191.3162891097231,5812,12,3,1,3,971,dining
982.6725977811935,8011,12,2,1,0,266,healthcare
173.66202622938496,7832,22,3,1,1,156,entertainment
927.1195825798884,8011,9,3,1,2,104,healthcare
165.44166734148874,4121,8,3,2,2,1138,transport
256.08971367198916,5411,12,6,1,3,1719,groceries
294.05711006266563,7832,21,0,1,2,1771,entertainment
164.0073020626865,5411,17,1,1,0,63,groceries
1930.089358902604,8299,10,3,1,1,481,education
724.9460479614226,5311,10,5,1,0,1553,shopping
776.8769048399821,5311,13,2,1,1,6,shopping
915.9258215897675,8011,11,6,1,0,1121,healthcare
480.15213194625255,4900,6,6,2,1,1242,utilities
343.8700352726629,4900,14,4,1,2,877,utilities
741.7945658343488,8011,12,3,1,2,207,healthcare
138.12973446297275,7832,21,3,1,1,1055,entertainment
335.38332678084925,8011,16,2,1,2,77,healthcare
458.5636502004064,5411,13,2,1,3,482,groceries
144.83153382416634,5812,18,6,1,3,1375,dining
790.6478254854323,4900,10,0,2,1,599,utilities
214.7850929419023,5411,8,0,1,3,1282,groceries
70.25856621589325,7832,20,6,1,3,165,entertainment
1457.4844411564236,8011,10,3,1,1,1301,healthcare
329.6748510294916,5411,12,2,1,3,832,groceries
760.1124937003653,4900,8,3,2,1,1628,utilities
345.77599830516056,5311,16,4,0,1,1533,shopping
93.10117406104143,5812,15,0,2,1,59,dining
78.3601199568253,7832,21,3,2,1,339,entertainment
104.8688536719143,7832,20,5,1,2,871,entertainment
143.88318205695762,8011,13,6,1,2,99,healthcare
164.63298604081837,5411,16,4,1,1,450,groceries
976.2840642415961,4900,9,3,1,1,774,utilities
188.1509876355732,5812,14,2,1,2,1755,dining
449.2607992875149,4900,15,3,1,1,1108,utilities
110.82543031968966,4900,9,1,0,3,1659,utilities
67.62898318617981,5812,20,5,0,2,1792,dining
86.51799098056351,4121,9,0,1,1,1185,transport
165.93907548130332,4121,18,1,1,3,1483,transport
3724.679201003885,8299,13,0,1,3,1243,education
149.94440376844162,7832,22,3,2,3,801,entertainment
110.68878451786208,5411,16,1,0,1,322,groceries
1582.1820061826663,8011,11,0,1,1,1103,healthcare
289.24688801612996,7832,18,5,1,3,89,entertainment
231.56177219551012,4900,8,6,1,1,1631,utilities
218.55086082713498,7832,18,2,2,3,810,entertainment
172.00463157378,5411,11,4,1,2,1303,groceries
2796.8519207285185,8299,8,4,1,1,429,education
338.3521866282589,8299,9,5,1,2,579,education
293.6894997708829,7832,20,0,1,2,211,entertainment
1152.5636114329668,8011,15,5,2,1,1522,healthcare
4007.557809503908,8299,13,1,2,1,1289,education
164.093905991649,5812,12,0,1,3,905,dining
115.31426756321959,7832,18,0,2,3,1790,entertainment
105.00090022954973,7832,20,1,1,2,284,entertainment
1423.2381359680746,8011,10,2,1,2,211,healthcare
709.5227705953013,8299,9,5,1,1,1241,education
176.8030264195602,4121,7,6,1,2,1300,transport
542.353206101374,4900,7,4,0,0,1281,utilities
195.00042222304538,7832,20,4,1,2,1412,entertainment
925.9865147555164,5311,16,6,1,0,639,shopping
474.8122045391417,5411,13,1,1,3,1011,groceries
501.2620346952542,4900,14,3,1,1,628,utilities
139.0990287890602,5311,17,3,0,1,230,shopping
121.10818789765375,5812,16,2,2,1,623,dining
175.6576723713537,4121,13,5,1,0,951,transport
1197.2084465038279,8011,10,4,1,3,599,healthcare
198.11918943966685,7832,19,1,2,2,99,entertainment
144.5498113310334,7832,18,3,1,1,1139,entertainment
173.90486455776394,5411,8,4,2,2,1233,groceries
153.20440080969036,4900,11,5,1,1,1319,utilities
278.43404198752484,5411,10,5,0,3,1387,groceries
97.38493113835179,7832,22,5,1,3,1250,entertainment
93.92486249432326,5812,14,4,0,1,1374,dining
51.11085003338483,5812,17,2,1,3,577,dining
471.72371559572736,5311,18,2,1,0,1585,shopping
647.723226329604,4900,15,0,0,2,1721,utilities
927.4693994532414,4900,12,6,1,3,1463,utilities
42.136629843227084,4121,6,4,1,1,1638,transport
323.6548894506585,5411,15,6,1,3,1174,groceries
669.4116783582209,5311,14,3,1,1,1684,shopping
651.0478919191717,5311,10,5,1,2,1693,shopping
111.49169389154996,4900,8,0,1,3,673,utilities
497.08677126572235,4900,12,2,1,2,1199,utilities
1444.285608007936,8011,8,5,1,0,95,healthcare
163.80390289593905,5411,17,5,1,1,1456,groceries
88.74057742871717,7832,18,5,1,1,836,entertainment
2635.2998414921894,8299,10,0,1,1,573,education
115.07795121540747,7832,19,4,1,1,101,entertainment
154.28199731147515,5812,11,6,1,2,1746,dining
202.47425472085294,5812,12,5,0,1,600,dining
474.6165686032155,5311,12,5,2,2,1333,shopping
215.76870657419258,5812,11,3,1,3,1572,dining
130.78093955689883,4121,6,1,1,1,557,transport
4192.5293043821475,8299,8,5,1,1,1688,education
296.42297498201754,5812,11,1,1,2,1042,dining
451.34402604631083,5311,15,5,1,3,422,shopping
839.345020161406,4900,19,6,1,2,891,utilities
188.54914349981465,4121,6,4,1,1,46,transport
263.2840279641218,5311,11,6,1,3,1481,shopping
768.7070617003238,8011,9,6,1,3,1793,healthcare
881.9538376959049,4900,14,1,1,1,1366,utilities
67.37637911835596,7832,19,6,1,2,1155,entertainment
3923.9322391540063,8299,11,2,2,0,1569,education
136.12422498608862,5411,10,1,1,1,379,groceries
141.64908603570507,7832,20,4,1,2,1428,entertainment
471.7129597986574,5411,11,6,1,1,126,groceries
142.95383052513878,7832,22,0,0,2,1424,entertainment
300.4135739452357,5411,13,5,1,0,1145,groceries
1040.6772131384962,8011,14,3,1,0,1047,healthcare
111.28095111207752,8011,14,6,1,0,1622,healthcare
64.94822169544693,5812,18,3,1,2,1646,dining
214.6201852501992,5411,8,4,1,2,833,groceries
147.46241258970846,5311,13,5,1,1,1223,shopping
268.84455223282,5812,18,0,1,1,596,dining
450.08152237889203,5411,11,2,1,1,160,groceries
751.5437840607877,5311,15,2,0,3,1634,shopping
270.9183182727388,7832,22,6,1,1,883,entertainment
231.01964678859284,5812,19,3,2,3,1784,dining
137.86503783895733,7832,20,0,1,0,1467,entertainment
452.07663227541866,5311,15,4,1,2,268,shopping
336.34558979908104,4900,19,0,1,3,340,utilities
91.12662902973146,7832,18,5,1,1,1385,entertainment
1554.1133780494902,8299,8,2,0,1,74,education
357.70869909386164,4900,12,3,1,1,561,utilities
3825.2474907354886,8299,10,6,1,3,694,education
89.84814266412933,5812,17,5,2,1,712,dining
289.29838939834247,7832,22,4,1,1,105,entertainment
120.11248422923313,5812,15,3,1,2,288,dining
129.28577947469142,4121,16,2,1,1,111,transport
369.0415646896547,4900,7,3,1,1,1081,utilities
72.16148680041827,5311,16,1,1,2,1171,shopping
64.51729692717588,5311,19,5,1,0,1419,shopping
70.31894937823199,4121,12,3,1,3,1824,transport
221.45019285142268,5411,13,1,1,3,418,groceries
979.5863685179091,5311,11,3,1,1,633,shopping
180.9803870052493,4900,19,6,1,1,1238,utilities
572.8951797698038,4900,16,3,2,2,112,utilities
121.82090636249048,4121,13,3,1,1,803,transport
102.49374859853624,5311,18,5,1,1,1321,shopping
123.54228444143926,7832,20,5,1,3,289,entertainment
55.97282716736922,7832,18,3,1,0,1398,entertainment
105.85680021092139,5411,14,6,1,3,855,groceries
453.83709873426807,4900,7,0,1,2,1582,utilities
161.32256469775433,7832,22,2,1,1,1268,entertainment
105.6567340720001,5812,18,2,1,2,836,dining
295.10199768515287,4900,19,2,1,0,150,utilities
209.55675014816833,5812,17,1,1,1,475,dining
157.87255632521715,7832,20,1,2,1,1119,entertainment
623.8807375512853,4900,13,2,1,1,1543,utilities
187.40565268430686,7832,19,0,1,2,1686,entertainment
258.10500864195313,5812,16,3,1,2,1465,dining
4950.260224302845,8299,9,5,1,3,1204,education
51.76266904213352,4121,18,3,1,2,1393,transport
96.89857802382974,4121,15,5,1,2,378,transport
118.32219140770417,4121,6,1,1,0,469,transport
132.65083812992904,5411,8,4,1,0,1325,groceries
187.92394376194872,4121,11,6,1,1,1238,transport
4406.770732802371,8299,11,2,1,0,1714,education
942.1514938640028,4900,14,2,0,2,1249,utilities
60.08468341880158,5311,12,3,1,0,355,shopping
230.74424995003818,5812,17,4,2,2,1370,dining
892.4566096409861,4900,6,1,2,1,178,utilities
4261.06541001151,8299,12,1,1,0,964,education
860.2223383362506,5311,11,0,1,2,710,shopping
1526.556073167468,8011,12,0,1,1,1092,healthcare
93.28392828626795,7832,20,1,2,2,544,entertainment
357.4085126313689,4900,11,1,1,2,1082,utilities
98.76623909015622,4121,18,6,1,1,1355,transport
1529.2910577831854,8299,12,0,1,1,1307,education
876.4317552449988,4900,12,3,1,2,49,utilities
284.0302071841768,5812,17,3,1,0,1767,dining
120.73484090015242,5311,16,2,1,2,319,shopping
284.94917735137517,7832,21,4,1,1,1471,entertainment
264.6364544293437,7832,21,6,1,1,1587,entertainment
249.2386537757706,5812,17,3,1,0,190,dining
3362.7026823313668,8299,11,4,1,2,174,education
154.0744668771191,5812,17,4,1,2,487,dining
413.8170124985245,5411,12,3,1,1,1414,groceries
467.7380365339547,5411,15,2,2,0,1209,groceries
976.0970736493654,5311,15,3,1,2,1585,shopping
147.00385218206387,5411,16,4,2,2,178,groceries
1318.1550367099155,8011,8,3,1,0,139,healthcare
271.6245620439914,5812,12,4,1,0,1463,dining
37.964765201150165,4121,17,2,0,3,1667,transport
673.6365850982429,5311,17,2,1,2,1082,shopping
264.4019078815727,5812,19,2,1,0,1329,dining
102.77532966936126,4121,9,5,1,2,552,transport
34.96961459822681,4121,11,4,1,1,1439,transport
62.3180771388548,4121,12,4,1,1,487,transport
263.7391297761829,5411,17,5,1,2,1016,groceries
488.3247942147565,5311,14,1,2,2,312,shopping
90.64887881446485,5411,17,0,1,2,844,groceries
917.1974393147451,5311,11,1,1,2,1355,shopping
1908.1486904170179,8011,9,3,1,1,1570,healthcare
722.2269106767982,8299,15,5,1,1,836,education
261.50630092061294,8011,15,3,1,3,1589,healthcare
196.46900666175503,4121,16,5,2,2,690,transport
1010.2793316913015,8011,12,6,1,2,849,healthcare
147.067194809262,5411,14,3,1,1,115,groceries
163.5408981828558,5411,14,3,1,2,1499,groceries
125.19275724914705,4121,12,5,1,1,930,transport
1820.482501610665,8011,11,1,1,1,1799,healthcare
1401.4517904136578,8011,13,2,0,2,1371,healthcare
112.71985777192306,5411,13,5,1,1,1686,groceries
836.4320311016637,5311,15,5,0,1,626,shopping
1354.416214597872,8299,10,0,1,1,860,education
330.20753855014385,5411,16,5,1,3,367,groceries
118.9960076610955,4900,6,2,1,2,1432,utilities
616.7024736022983,8299,10,4,1,1,926,education
1753.5598861058818,8011,15,3,1,1,260,healthcare
132.54623379876662,4900,8,1,0,2,705,utilities
218.2623201286816,5411,8,1,2,2,883,groceries
42.35572518969251,4121,15,5,1,2,1508,transport
170.27515789854047,5411,16,2,1,3,375,groceries
717.0872690732584,4900,14,6,1,3,248,utilities
59.49979463324671,7832,21,2,1,2,1813,entertainment
167.71052164749034,4121,16,2,2,0,1474,transport
258.9987625619166,7832,19,6,2,2,388,entertainment
455.1665450151938,5411,15,6,1,3,910,groceries
85.44359391480516,4121,8,2,0,0,1123,transport
391.9306827855381,5311,18,2,1,1,107,shopping
1204.1142751043883,8011,9,1,0,1,98,healthcare
259.8725145600084,5411,8,4,1,1,424,groceries
110.71837625876618,5411,11,0,1,1,1319,groceries
76.355499764422,5812,11,2,1,3,943,dining
3259.972910895313,8299,11,6,1,1,1632,education
1807.6679254781945,8299,10,4,1,1,286,education
182.6733233612162,4121,10,4,2,1,317,transport
4903.790404006038,8299,10,3,1,1,651,education
824.0407251879737,4900,14,2,1,3,1360,utilities
125.65974519401597,7832,19,1,1,1,453,entertainment
330.53942782528634,5411,12,6,1,0,36,groceries
199.9753945837689,7832,21,3,2,3,993,entertainment
49.34884799262258,4121,17,6,2,0,1532,transport
200.75290291303304,5411,8,3,1,1,757,groceries
76.20230140487125,5411,11,5,1,2,906,groceries
285.14666577770527,5411,10,2,1,3,183,groceries
4271.812719689426,8299,14,2,1,1,1341,education
3841.986102593709,8299,11,2,1,1,590,education
281.98658358193785,4900,16,0,1,0,1581,utilities
595.5843540107662,5311,12,6,1,2,801,shopping
145.07516355357697,5812,12,2,2,2,1457,dining
181.2617221425429,8011,13,3,1,3,820,healthcare
233.55102304810433,7832,19,2,1,1,918,entertainment
404.76466972035263,4900,16,3,1,2,1646,utilities
3738.875267533426,8299,14,4,2,1,1678,education
247.71072673367118,5411,13,6,1,2,997,groceries
680.0042500375505,5311,18,6,1,1,1508,shopping
75.68157672988006,5311,14,0,1,1,312,shopping
283.03053506550503,5411,17,6,1,2,841,groceries
737.9353373498166,5311,18,5,2,3,1002,shopping
59.05488419287335,4121,13,0,1,2,141,transport
186.71571572464455,4121,16,4,1,3,1795,transport
501.2955067612813,8299,14,1,1,2,92,education
259.4013484146396,5411,14,4,1,0,837,groceries
288.2320659637657,7832,19,5,1,2,1341,entertainment
110.37578422038054,7832,20,4,0,1,1163,entertainment
1302.06972561241,8011,16,1,1,3,1340,healthcare
307.31924385490765,4900,6,5,2,1,480,utilities
402.0600241056077,8011,9,6,1,1,932,healthcare
930.3169770770177,4900,15,4,1,1,1218,utilities
85.85793481163016,5311,16,1,2,2,130,shopping
532.3701278419037,4900,9,1,1,3,1009,utilities
83.31328589893647,5812,11,5,1,2,1638,dining
65.78238313301772,4121,11,6,1,1,1736,transport
223.99972162235497,5812,19,4,1,3,330,dining
186.23150948298508,4121,17,3,1,3,661,transport
185.53138902768313,5311,16,2,1,2,421,shopping
257.81198391060667,4900,6,0,1,3,203,utilities
807.2651466840219,5311,17,1,1,3,1406,shopping
158.77256192488298,5311,18,4,1,2,796,shopping
1978.7761010164584,8011,11,2,1,3,1343,healthcare
293.64466641732304,8299,9,1,2,1,219,education
292.00588105112746,7832,18,5,2,2,1638,entertainment
165.9949952837685,5812,11,6,1,2,1773,dining
431.953854790523,5411,17,0,2,1,1306,groceries
944.023624879521,8011,12,5,1,1,873,healthcare
104.88069986853552,5812,14,4,1,2,1697,dining
134.86769886227847,4121,15,1,1,2,1117,transport
188.26804853648335,7832,18,0,1,1,1564,entertainment
189.82942625843435,7832,19,0,1,2,1676,entertainment
244.27072627601333,4900,17,3,1,3,1582,utilities
813.1348253827523,5311,10,6,1,3,571,shopping
191.97883302379762,7832,20,2,1,1,393,entertainment
164.56195108133588,4900,6,2,1,0,691,utilities
1561.9421397980318,8011,13,6,1,2,672,healthcare
489.8943106166555,5311,14,1,1,1,4,shopping
483.58575226724383,5411,15,4,1,2,960,groceries
273.22705714690034,5812,14,5,2,1,1741,dining
299.35229966736955,5812,11,5,1,1,204,dining
459.82217700133066,4900,16,4,1,2,11,utilities
1614.85360180552,8011,13,3,2,3,737,healthcare
147.6791604481548,7832,19,6,1,1,1099,entertainment
192.87261358621146,4900,19,5,1,1,1395,utilities
45.88138637521855,4121,7,4,1,3,348,transport
540.4221970908181,5311,15,6,1,1,726,shopping
1866.1449555996662,8011,15,6,1,1,166,healthcare
273.3523937554718,7832,20,0,2,1,988,entertainment
163.40276122590487,7832,20,5,1,1,775,entertainment
262.99363291933184,5411,15,2,1,3,1214,groceries
147.0331041521431,4121,15,4,1,2,1221,transport
66.7761584990089,7832,19,6,1,3,952,entertainment
148.44382783285613,5812,13,5,1,2,48,dining
277.30322079852385,5812,14,5,1,1,48,dining
298.2251904815288,5411,12,2,2,3,854,groceries
102.59299830360908,7832,21,3,1,0,1555,entertainment
471.4459838555649,5411,17,5,1,3,1458,groceries
119.04357014700362,5812,20,4,1,2,86,dining
1375.3303672879572,8011,8,1,1,1,8,healthcare
4034.046254595087,8299,12,4,0,1,1191,education
278.11191577571606,5411,15,2,1,1,566,groceries
174.59878518720916,5411,13,1,1,2,157,groceries
81.72914651205073,4121,12,4,1,1,681,transport
117.37263211376144,5812,15,2,1,1,1635,dining
816.5103892991981,5311,16,1,2,1,459,shopping
22.81716428073153,4121,14,3,1,1,84,transport
35.698070532177304,5812,11,2,1,2,813,dining
319.0289130308412,5411,16,1,1,3,716,groceries
777.4584867308145,5311,13,4,1,2,574,shopping
2365.755319579999,8299,14,3,1,1,1218,education
493.18652029019034,4900,10,0,1,2,1141,utilities
70.79098861811268,5411,16,2,1,1,607,groceries
404.8388406743908,8011,9,0,0,2,1810,healthcare
3881.0444799997226,8299,9,3,1,1,794,education
728.4131519498054,5311,11,4,1,2,1015,shopping
688.2056346503038,4900,9,4,0,2,675,utilities
458.9877915020242,4900,17,6,1,2,866,utilities
1724.440421811343,8299,15,6,1,3,295,education
430.0283027052069,8011,10,0,1,1,216,healthcare
273.9653098713281,7832,21,2,1,2,662,entertainment
298.89518635501975,5812,16,6,0,3,955,dining
121.98458111464379,7832,20,4,1,1,406,entertainment
708.5240231901345,8011,10,4,0,1,1356,healthcare
297.5197446742429,7832,19,0,1,2,1752,entertainment
74.20928157793306,4121,18,3,1,2,868,transport
166.513174710858,8011,9,5,1,0,1196,healthcare
160.3091036007189,5812,19,6,1,2,1054,dining
667.7800715559716,5311,10,3,1,1,191,shopping
187.01516624243172,5311,18,0,1,1,866,shopping
1323.16378023688,8299,9,5,1,0,1282,education
329.6789714301445,5411,11,2,1,1,79,groceries
84.2940557332558,5411,14,3,2,1,1748,groceries
127.21243396954202,4900,11,3,1,1,1091,utilities
233.84273555074745,4900,7,6,1,1,58,utilities
136.13084275637917,4900,11,5,2,1,532,utilities
256.5200624821006,5812,13,2,1,1,230,dining
64.33555878744312,5812,15,0,1,2,193,dining
2728.7626197476357,8299,9,4,1,2,1076,education
44.96961411969808,4121,12,2,1,2,616,transport
1919.0458124264308,8011,15,2,1,3,1108,healthcare
451.1495949126072,5311,17,5,0,1,707,shopping
193.40851662398103,5411,9,4,1,1,798,groceries
3916.1398605925,8299,9,4,1,2,111,education
568.4254147857986,5311,11,3,1,3,1730,shopping
189.4756261014918,4900,14,1,1,1,1757,utilities
247.05669922409385,5311,19,4,1,1,1686,shopping
295.89701023797755,5411,16,5,0,0,287,groceries
3622.7382540581416,8299,9,6,1,3,704,education
455.0589262464664,5411,14,5,1,0,408,groceries
755.7231950985165,4900,15,5,1,0,938,utilities
398.9841772126657,5411,15,1,1,3,967,groceries
1142.5567876212606,8299,13,2,1,3,364,education
387.94882870918275,5411,8,2,0,0,1503,groceries
86.3324092490333,5311,11,5,1,1,161,shopping
105.9123727761174,5812,18,1,1,2,1695,dining
412.84634748131947,8011,8,5,1,1,64,healthcare
765.6493946927086,8011,15,4,1,1,1039,healthcare
164.165289345748,5812,17,3,1,1,481,dining
189.310015886011,4121,17,4,1,0,72,transport
4056.8367354833676,8299,15,0,1,2,738,education
100.02680796531682,5812,18,6,1,2,1215,dining
92.97768216526302,7832,18,1,1,2,618,entertainment
1313.9528350450764,8299,8,3,1,2,1316,education
547.2743000950468,4900,7,4,1,3,578,utilities
2494.8967701652596,8299,12,6,1,1,764,education
203.68387779541936,5812,18,2,1,1,1496,dining
77.18886978058686,5812,12,0,2,1,1586,dining
243.47298988732067,5812,15,0,2,1,254,dining
77.48836823838964,4121,15,0,1,0,446,transport
789.840212060043,4900,16,6,1,1,9,utilities
490.9545113029916,5311,16,0,1,2,1426,shopping
156.27218518553124,4121,14,6,1,2,1064,transport
52.20138265688472,5812,18,6,1,1,1443,dining
702.9452855024431,8299,13,4,1,2,58,education
332.84827744301873,5411,14,0,1,3,80,groceries
554.2187885125068,5311,10,5,1,1,580,shopping
315.8349441287055,4900,14,6,1,1,121,utilities
792.6083610340875,8299,11,1,1,3,95,education
266.5778732255376,7832,22,3,1,3,1772,entertainment
1009.1078548820108,8299,14,3,1,2,448,education
146.64565770739807,4900,17,2,1,2,963,utilities
151.3503794000532,4121,8,2,0,2,493,transport
113.39655559092493,4121,15,3,1,2,109,transport
364.5336722608346,5411,15,5,1,2,737,groceries
68.62582097840651,4121,13,3,0,2,642,transport
679.2769052117713,4900,19,5,1,2,1212,utilities
392.6193811362705,5411,15,3,0,3,1527,groceries
94.74401578240078,4121,15,5,1,1,1326,transport
143.32849737970326,4121,14,4,1,1,799,transport
252.25238690348135,5411,12,6,1,3,401,groceries
172.4048073721306,7832,21,0,1,2,752,entertainment
134.7277341853026,5311,17,2,1,1,560,shopping
837.1844508305356,5311,10,6,1,3,787,shopping
208.76226752620542,5311,14,0,1,1,347,shopping
75.04585144021789,5411,8,3,1,2,1186,groceries
178.08427638013643,4121,7,4,1,2,215,transport
256.3683672123278,7832,19,2,0,2,460,entertainment
478.3593243148548,5311,16,0,1,2,1216,shopping
522.4029961291819,5311,10,0,1,1,1395,shopping
75.5953696423968,5411,12,3,1,2,1468,groceries
244.25301617771916,4900,8,6,1,1,1192,utilities
124.50515034510254,4121,6,6,1,2,1626,transport
111.08697282641604,5812,17,2,2,2,1475,dining
272.979918519786,5311,19,0,0,3,373,shopping
164.61323098809683,5812,14,1,1,0,270,dining
2469.6651686996256,8299,15,4,0,3,1328,education
1697.5989391381197,8011,11,2,1,2,551,healthcare
181.7484425419681,7832,20,5,1,1,1271,entertainment
247.13807748041296,5812,13,1,1,2,1347,dining
803.0462376767289,4900,6,2,1,3,1083,utilities
1874.7805317270968,8011,14,4,1,2,740,healthcare
187.20776991576636,4121,7,3,1,1,1151,transport
253.96495798702324,8299,9,4,1,3,1026,education
393.4022802419526,4900,7,3,1,1,1774,utilities
67.00721128479407,7832,22,5,1,1,472,entertainment
165.51008554099232,5411,12,3,1,1,733,groceries
183.03771234872428,4121,18,0,1,2,660,transport
82.46490449813204,5411,15,3,1,2,128,groceries
954.4985921568378,5311,17,5,1,3,1618,shopping
340.4821939845262,5311,19,4,1,1,1793,shopping
478.69841892690994,5311,10,2,1,2,856,shopping
185.4217283319481,5311,11,4,1,2,1321,shopping
300.3434097721179,5411,8,2,1,0,1431,groceries
283.5554460611813,5311,15,6,1,2,870,shopping
21.785254420658283,4121,18,3,1,2,1675,transport
1296.329776170562,8299,14,4,0,2,851,education
1091.1177052344049,8011,14,3,1,1,399,healthcare
172.8062438742874,5812,16,3,1,2,1766,dining
59.29332126667712,7832,18,1,1,1,1786,entertainment
142.7708253674829,5411,17,6,1,1,1731,groceries
297.50773875061043,5812,15,1,1,3,823,dining
213.454133945156,5812,14,6,1,2,1807,dining
248.23378637604753,5812,17,4,1,1,44,dining
397.7554520910898,5411,8,6,0,1,1250,groceries
719.6354876767216,4900,17,3,1,0,938,utilities
352.3425167877573,8299,10,4,0,1,396,education
39.076622393585424,4121,13,2,1,3,1605,transport
993.745391321252,8011,12,1,1,3,1511,healthcare
298.2043109443995,5812,17,0,2,2,1618,dining
88.8840682062076,7832,19,5,0,3,1144,entertainment
168.3614748116503,4121,12,6,1,1,1796,transport
173.912823015157,5411,15,4,1,1,1809,groceries
695.2406632870095,4900,12,1,1,3,1365,utilities
149.89958132518382,7832,22,6,1,3,254,entertainment
159.55074694355147,4121,12,1,2,2,795,transport
209.10302326407978,5812,20,4,1,2,652,dining
31.35564300611724,4121,16,3,1,1,894,transport
1044.559172012423,8011,8,5,1,1,828,healthcare
1081.9446722841633,8011,12,1,1,1,528,healthcare
276.5407502276796,5411,12,5,1,2,499,groceries
127.5343590485914,5812,12,2,0,1,165,dining
238.76973687656047,7832,20,6,1,2,1526,entertainment
201.04182972959768,7832,19,1,1,1,390,entertainment
228.32181626579276,7832,20,0,1,0,408,entertainment
859.942906410038,8299,15,4,1,3,1624,education
316.8547312822781,5411,15,6,1,3,1352,groceries
78.90342509065073,5411,15,2,1,1,910,groceries
1835.860292224419,8011,9,2,1,1,1088,healthcare
115.36295320595974,4121,15,6,1,1,83,transport
814.1104748931632,4900,6,3,1,2,905,utilities
714.5298320649954,4900,15,0,1,1,220,utilities
41.06402875033622,4121,11,3,2,3,584,transport
150.4059034825294,4121,14,4,0,2,1796,transport
179.88344272824034,4121,7,3,1,1,1020,transport
998.4420838798117,8011,12,6,1,0,425,healthcare
906.7865694469956,8011,13,5,1,2,247,healthcare
133.0370522156053,4121,14,2,0,3,1409,transport
173.93642009005586,8011,16,1,1,1,284,healthcare
354.75760797714344,4900,16,1,1,3,73,utilities
693.1951859298728,5311,15,6,1,2,941,shopping
129.21062222865726,7832,19,3,2,2,1255,entertainment
1550.0521505456773,8011,14,5,1,2,1533,healthcare
815.3760588008754,4900,14,0,1,1,257,utilities
127.96868110785304,7832,19,6,1,1,1271,entertainment
48.56618057041394,5812,12,1,1,1,1192,dining
131.43523896274567,5812,19,3,1,2,882,dining
211.21170456361534,5812,20,6,1,1,1351,dining
287.66956201538073,5812,14,6,1,1,133,dining
757.7293866407509,5311,19,2,1,3,862,shopping
992.4864754390388,4900,16,3,1,1,1517,utilities
232.11708119589318,7832,20,3,1,3,824,entertainment
196.46150132682868,5812,17,0,1,1,710,dining
287.2941439760672,7832,18,6,1,1,1312,entertainment
3213.417251689955,8299,14,2,1,1,793,education
254.71489667076972,8011,9,1,1,3,1683,healthcare
533.5014441392043,4900,8,3,1,2,1525,utilities
978.0875573265431,5311,14,0,0,1,110,shopping
204.15299994959625,7832,19,1,0,1,18,entertainment
277.5298105023444,4900,17,6,1,1,958,utilities
237.9751326625421,7832,20,6,1,2,182,entertainment
54.020787467474,7832,20,3,1,3,1125,entertainment
81.13987633020324,5812,11,5,2,3,1369,dining
853.7630689186504,4900,6,1,1,2,1168,utilities
347.4814220248865,8011,10,2,1,1,1438,healthcare
460.1259367586365,5411,13,4,2,1,1521,groceries
2491.1819793740465,8299,14,3,0,1,307,education
232.00540579006332,7832,19,0,0,2,235,entertainment
666.7562831304534,5311,11,4,0,3,1623,shopping
199.4062804909332,4121,15,6,1,1,201,transport
176.4066742563899,4121,16,2,0,0,846,transport
123.0828597124497,7832,20,1,0,1,780,entertainment
1260.4893090386824,8011,10,1,2,1,843,healthcare
196.07373437385837,4121,13,5,1,2,1799,transport
1542.367826434873,8011,11,1,1,3,29,healthcare
143.38527509924882,4121,16,3,1,1,1307,transport
1119.2822368420955,8011,10,5,0,1,1814,healthcare
232.97227538582575,5812,16,4,1,1,102,dining
93.46430317692568,5812,19,5,0,1,337,dining
597.242652731874,8011,9,4,1,3,640,healthcare
61.04722826284429,7832,21,3,2,1,1646,entertainment
68.12761013313302,5411,15,5,1,1,1034,groceries
481.1609753287966,8299,8,6,1,3,881,education
242.7307580228912,8011,8,6,2,3,1758,healthcare
431.52277565154225,5411,12,3,2,1,1128,groceries
77.99609409684116,4121,14,1,1,1,1242,transport
79.2054198679833,4121,13,1,2,2,125,transport
160.99085730335332,7832,18,6,0,3,491,entertainment
704.0473670706712,5311,13,1,1,3,357,shopping
158.6350793768864,8011,8,1,1,2,1313,healthcare
1747.6542574124942,8299,14,0,1,3,1082,education
140.03951375810894,5411,13,0,1,1,424,groceries
1448.1811154948953,8011,12,6,1,1,1678,healthcare
197.56523057109717,5812,11,2,1,2,173,dining
132.66226470770712,7832,22,6,1,2,1463,entertainment
311.52730652437333,5311,12,6,1,2,1688,shopping
220.9633718544438,5411,12,1,1,1,1753,groceries
52.7109522754138,4121,11,6,1,1,271,transport
258.11716494157463,5812,17,4,1,1,271,dining
111.7780292910841,4121,15,3,1,2,1093,transport
146.7316260624672,4121,8,5,1,2,1734,transport
346.99996830103936,5411,16,6,1,2,351,groceries
366.6470217338797,5311,17,3,1,1,1736,shopping
378.18732316682133,8011,11,4,1,1,640,healthcare
1492.63044908775,8011,14,6,1,1,286,healthcare
3497.6889508618915,8299,10,5,1,1,905,education
116.01850096847022,4121,15,6,1,3,1741,transport
228.42926599808473,5411,13,4,2,2,1266,groceries
354.56837714804465,5311,14,1,1,2,560,shopping
60.19122879880541,4121,18,3,1,1,793,transport
146.17092321613512,5812,14,3,2,3,411,dining
380.4794408266426,5411,14,0,1,1,716,groceries
386.3141813120539,5411,8,6,1,1,85,groceries
3477.7659933508708,8299,10,6,1,2,1311,education
140.6210507469243,5411,9,3,1,2,520,groceries
693.8058309672006,8299,8,0,1,2,920,education
529.5241552354785,8011,13,2,1,2,1109,healthcare
119.18618686516555,5311,17,3,1,2,1535,shopping
114.89695445966326,7832,19,0,1,1,554,entertainment
1402.5398429711258,8011,15,2,2,1,1175,healthcare
366.0095173284173,5411,11,1,2,3,1139,groceries
257.9752480519865,5311,17,2,1,1,524,shopping
273.9572896560854,5411,12,1,1,0,1137,groceries
188.32451898029845,7832,19,2,0,0,1810,entertainment
2164.841749136239,8299,10,4,1,3,733,education
298.63616002442836,4900,6,2,1,1,1690,utilities
4830.372970647874,8299,11,3,1,3,1180,education
1116.8509570191707,8011,11,3,1,1,1634,healthcare
462.95026264214664,5411,12,4,2,1,1439,groceries
847.7573789416052,5311,14,3,1,1,24,shopping
270.83366740481796,4900,17,6,1,1,734,utilities
197.8581126691632,4121,15,1,1,2,572,transport
71.51030157183403,5411,16,2,1,2,451,groceries
280.94507782093467,7832,21,1,1,0,1521,entertainment
894.4174623568858,4900,17,1,1,1,203,utilities
729.3228145826569,5311,18,6,1,1,910,shopping
811.3562022090404,5311,15,2,2,3,565,shopping
691.9219101263163,8011,14,1,1,2,839,healthcare
75.12171329312307,4121,9,3,1,0,1761,transport
4684.869947464461,8299,13,4,1,0,333,education
53.146655321430366,5311,16,2,1,1,1540,shopping
41.37160354653807,4121,9,4,1,3,1363,transport
292.13448152949445,5812,14,3,1,2,171,dining
234.86943395705487,7832,21,0,1,1,1078,entertainment
1991.3319830841342,8011,9,0,1,3,1647,healthcare
551.9594180348168,8011,12,4,1,1,1260,healthcare
95.23266309715794,5411,15,0,1,1,612,groceries
447.05650115345037,5411,11,5,2,1,508,groceries
239.69773459676702,5812,12,4,1,1,1212,dining
153.32050680913767,4121,17,0,0,3,1193,transport
21.271993097114137,4121,13,4,0,2,1250,transport
4811.38498303727,8299,13,1,2,2,277,education
167.41847411657605,5411,13,5,1,3,934,groceries
186.0129405724106,7832,18,6,1,1,1642,entertainment
171.43353482444127,7832,18,0,1,3,1184,entertainment
920.1920028376169,8299,10,1,1,0,984,education
1940.8266216749782,8299,8,1,1,2,1689,education
133.29547029684556,5311,17,4,1,3,385,shopping
1702.2093620162582,8299,15,3,1,3,972,education
293.09379829499926,5411,10,2,1,1,1201,groceries
165.91886421344933,4121,9,5,1,1,1327,transport
1489.9801377132212,8299,9,4,1,2,420,education
927.4458632476435,4900,11,0,1,1,995,utilities
645.5432656029883,5311,13,3,1,2,1531,shopping
673.1198448787887,4900,6,6,1,2,24,utilities
214.66493287420414,5411,8,6,1,1,183,groceries
942.5512895719945,8011,16,5,1,3,738,healthcare
1066.1869437396153,8011,15,2,1,3,911,healthcare
965.081939607643,8011,10,3,1,3,1215,healthcare
1095.3164486521077,8011,13,4,1,1,1024,healthcare
633.3893625724494,8299,12,2,1,1,1729,education
233.11433331006148,7832,19,6,2,2,749,entertainment
216.44654472745512,5812,15,3,1,1,1379,dining
395.0851527427401,8011,16,4,1,3,497,healthcare
164.76048666556972,4121,17,0,1,1,599,transport
3750.071609886745,8299,11,5,1,1,975,education
126.19667867031644,5812,18,4,0,3,662,dining
520.1064161931063,4900,14,0,1,2,680,utilities
289.61913194322466,8011,15,6,1,2,1205,healthcare
232.9074676999457,7832,22,5,1,1,656,entertainment
765.7408928643522,5311,14,4,1,3,516,shopping
280.63714504293915,5411,15,1,0,1,535,groceries
140.03724813933286,7832,22,4,1,1,1310,entertainment
57.34307865139158,7832,21,6,1,2,1706,entertainment
116.46294155190589,7832,20,6,2,1,777,entertainment
2677.4964478070933,8299,14,0,1,1,315,education
3155.2608559509076,8299,8,6,1,1,1043,education
946.4998259378245,5311,17,1,1,2,711,shopping
110.70924606491336,4121,14,5,1,1,330,transport
323.88836541915913,5311,18,2,1,3,1012,shopping
3600.096472520505,8299,13,3,1,1,1206,education
79.31997144206422,5411,8,3,0,1,87,groceries
2962.1397803213977,8299,12,3,2,2,1090,education
2296.5031617336467,8299,9,5,1,3,1152,education
356.5605764301548,8011,11,3,1,1,1002,healthcare
742.2720738562143,8011,16,1,1,2,564,healthcare
181.6422296645945,5812,11,3,1,2,438,dining
2288.9546079814954,8299,15,0,1,1,1060,education
4954.993070277446,8299,14,1,1,3,1433,education
163.83106811193497,7832,20,4,1,3,838,entertainment
343.37738114085,5411,17,6,2,1,567,groceries
284.2964625426966,5812,14,6,1,2,1463,dining
107.4691196165568,5812,14,1,1,3,1240,dining
761.6979001359339,5311,16,6,1,1,839,shopping
1640.2211941257883,8011,11,6,1,1,1216,healthcare
101.42153238995562,8011,10,6,2,1,573,healthcare
1921.5363784295494,8011,11,0,1,1,1264,healthcare
251.19317122667312,7832,22,4,1,1,1362,entertainment
25.36813786720589,4121,14,0,1,3,1271,transport
219.94236985981917,5311,14,2,0,1,109,shopping
64.88292567490431,7832,18,0,1,1,786,entertainment
127.90605278240531,4900,9,1,0,3,1343,utilities
914.9925094265832,5311,19,1,1,3,1001,shopping
38.10008643801736,4121,17,3,1,3,330,transport
67.48944249879233,5311,15,6,1,1,1334,shopping
778.855502886349,4900,9,3,1,1,1007,utilities
876.6278465811034,5311,12,1,1,1,1092,shopping
1753.7485395303295,8011,12,0,1,2,521,healthcare
228.8820770217736,5411,15,0,1,1,1038,groceries
969.9679204750497,4900,8,2,1,0,1161,utilities
915.3250899585177,5311,17,0,1,0,1030,shopping
255.55973047057063,5812,16,5,1,1,995,dining
4894.136762707879,8299,8,0,1,1,534,education
128.6363142044881,5812,15,3,1,0,602,dining
1625.2165153570465,8299,9,6,1,2,280,education
4132.273085042701,8299,14,3,1,1,1090,education
345.38031862178656,5311,15,5,1,2,1805,shopping
125.41510953255019,5411,14,3,1,1,149,groceries
499.5904770157697,8011,16,2,2,3,734,healthcare
4754.195328709464,8299,10,4,1,1,508,education
1872.4509289178427,8011,10,4,1,2,674,healthcare
1847.8296916045238,8011,12,0,1,1,681,healthcare
1484.4986196570283,8011,10,6,1,3,1751,healthcare
202.24717498627015,4900,17,2,1,1,1098,utilities
3449.639525434759,8299,11,1,1,1,1545,education
98.03908585914212,5311,10,1,0,3,607,shopping
44.28654534741821,4121,7,2,1,2,1618,transport
231.84914667905633,5411,16,4,1,1,1129,groceries
98.28751178245166,7832,19,4,1,2,1200,entertainment
372.1464957543846,5411,13,3,1,1,375,groceries
89.97771133321228,5311,12,5,1,3,595,shopping
4028.0121949590052,8299,11,5,1,0,364,education
143.725499301537,4121,13,3,1,2,1373,transport
276.232044359603,5812,14,1,1,1,1580,dining
84.94952233031454,7832,20,5,1,2,1814,entertainment
190.88371942037872,4121,6,5,1,2,1755,transport
215.05067727696766,5411,11,5,1,1,114,groceries
394.1566315429245,5311,12,1,1,2,1562,shopping
134.2723739831532,8011,10,3,1,1,940,healthcare
924.9100987487597,5311,19,2,1,3,35,shopping
109.06087536851318,5812,19,6,1,1,950,dining
99.94192254299199,5411,10,2,1,2,803,groceries
4949.954191802603,8299,10,6,1,3,391,education
3790.337999637598,8299,14,1,1,2,1808,education
3620.6536538833807,8299,9,2,1,0,1350,education
427.863497683116,8299,14,5,1,2,1560,education
559.4989738642839,4900,8,5,1,2,985,utilities
1309.7111801353808,8011,14,2,1,1,1661,healthcare
1072.2503716626156,8299,11,0,1,2,452,education
251.0110472381967,7832,22,1,2,1,1745,entertainment
209.13751640678964,7832,18,6,2,2,1729,entertainment
1626.1794037163345,8011,12,6,1,3,1661,healthcare
149.74262126193548,7832,21,3,1,1,673,entertainment
113.63534850900848,7832,21,0,1,1,1814,entertainment
468.4236424504279,5411,8,4,1,2,805,groceries
154.9851005445361,4900,9,2,1,1,1788,utilities
1799.130512424265,8011,12,0,1,2,607,healthcare
582.4887578226342,4900,8,3,1,3,1699,utilities
515.7699635016542,8011,8,5,1,3,584,healthcare
356.9981884086691,4900,17,4,1,1,1194,utilities
2942.0065330181915,8299,13,0,2,0,1238,education
761.0692192140177,5311,16,1,0,2,1373,shopping
270.8944233853709,7832,20,2,1,1,725,entertainment
190.070825173955,4121,11,4,1,1,1560,transport
274.54824488729724,7832,20,3,1,1,549,entertainment
233.50532861192266,5411,15,0,2,2,1639,groceries
348.00610210557716,5411,10,6,2,1,794,groceries
84.11974313526633,7832,22,5,0,2,1710,entertainment
59.18506532692809,5411,17,5,1,1,139,groceries
854.2725133782366,8299,11,1,1,2,55,education
110.20112531787525,4121,16,2,1,1,816,transport
383.6244572611063,5411,14,3,1,2,964,groceries
128.0083074878836,4121,12,5,1,3,680,transport
2344.653972543951,8299,11,0,0,3,1060,education
354.2748604468801,5411,10,1,1,1,830,groceries
340.868587263755,5411,8,1,1,1,867,groceries
500.16034784024976,4900,11,4,1,1,241,utilities
277.8956258794051,5812,12,6,0,1,910,dining
176.53385867268605,5812,15,3,1,3,152,dining
977.4740322925728,4900,12,0,1,2,212,utilities
2284.727653038193,8299,12,4,1,2,1304,education
25.35727197889109,4121,12,6,1,1,1648,transport
349.50724032377366,5311,14,1,1,2,303,shopping
310.77792630162924,5311,10,4,1,3,1114,shopping
202.46521956445386,5812,17,3,1,1,1553,dining
199.26975759064462,7832,22,0,2,1,1448,entertainment
58.441254624526636,5812,12,4,0,2,671,dining
4533.261281517438,8299,12,2,1,3,1500,education
3782.7575966073414,8299,14,0,0,1,1480,education
475.0942965415165,5411,17,5,1,1,113,groceries
1343.4260558295134,8011,15,1,1,3,737,healthcare
97.19398649336307,5411,9,3,1,2,81,groceries
139.1583104343795,4121,18,1,1,1,960,transport
2460.957652509209,8299,14,6,1,3,295,education
239.77385536988925,7832,19,1,1,3,1103,entertainment
1249.0603726757938,8011,10,2,1,2,605,healthcare
67.09656504028405,5411,11,5,1,1,226,groceries
177.58985901375675,5311,10,2,1,0,1715,shopping
190.16729902167,7832,20,5,1,3,1687,entertainment
764.938373704863,4900,9,3,1,1,783,utilities
38.06746224632539,4121,15,0,1,1,1583,transport
148.82801969721478,4900,7,5,1,3,1519,utilities
3527.4012210486776,8299,9,5,1,0,549,education
20.312065858340627,4121,16,5,1,1,838,transport
182.6693175126147,7832,21,6,1,1,336,entertainment
164.75975170791529,7832,22,6,1,3,1055,entertainment
143.5219485398762,7832,22,1,1,0,1642,entertainment
998.7551746435386,8299,14,3,1,1,1487,education
3789.5559688620974,8299,14,4,1,3,1679,education
3009.239347648468,8299,9,1,1,1,109,education
555.0477672955961,5311,17,1,1,1,1095,shopping
382.5190700715068,4900,12,2,1,3,1303,utilities
534.5923949529692,4900,12,2,1,1,122,utilities
230.74367064660768,7832,22,4,2,0,990,entertainment
1981.9870427843052,8299,11,4,1,3,969,education
85.47078864453499,4121,18,1,1,0,1077,transport
74.04893470677443,5311,14,2,1,0,1497,shopping
99.96509511569356,5812,18,0,1,2,805,dining
331.3870331764579,5411,13,3,0,1,620,groceries
911.4401911102574,4900,12,2,1,2,1311,utilities
1397.1986422855716,8011,16,6,1,0,567,healthcare
1400.5503827985892,8011,14,1,1,1,832,healthcare
100.58553838994654,4121,9,3,1,1,771,transport
4593.740269006483,8299,12,3,1,1,1130,education
247.23830186899545,7832,18,6,1,1,735,entertainment
297.8811462195703,4900,19,3,0,2,529,utilities
234.9516963128156,5411,11,3,1,2,1686,groceries
64.3515477769813,4121,17,2,1,3,888,transport
187.36060121108386,4121,9,0,1,2,1168,transport
1626.4300829333129,8011,8,1,1,2,1304,healthcare
479.6973065873439,5411,9,0,1,1,70,groceries
184.25343001871275,5812,13,3,1,3,187,dining
1133.432693268551,8011,8,0,1,3,1403,healthcare
56.35740111669219,5812,17,4,1,1,382,dining
977.0094916228475,4900,7,1,2,3,708,utilities
1625.279696339218,8011,15,2,1,1,265,healthcare
266.8327780933619,5411,14,4,0,2,1437,groceries
1366.139155503146,8011,8,0,1,1,431,healthcare
191.0112793472528,5812,12,2,1,2,762,dining
193.58821748937783,4900,15,0,2,1,1130,utilities
262.8024502168584,7832,21,0,1,3,56,entertainment
119.16314460059431,7832,18,4,1,2,1709,entertainment
664.4431104865591,5311,16,0,1,1,684,shopping
357.4217797396895,5411,14,0,1,1,1667,groceries
3396.3626317944886,8299,8,2,1,1,530,education
95.01417021089226,4121,8,1,2,1,1317,transport
203.72453392573732,5411,10,3,1,1,1256,groceries
385.18443887585954,5411,14,4,2,1,1541,groceries
821.5785322112034,5311,16,1,1,2,766,shopping
1014.7290495559556,8011,15,4,1,3,1279,healthcare
51.07921357111429,7832,22,4,0,2,768,entertainment
154.92821734412044,5812,19,6,1,3,1309,dining
191.84767417007222,4121,18,0,1,2,473,transport
1046.6042513265236,8299,9,6,2,1,1090,education
171.84337644431653,7832,19,3,1,0,1345,entertainment
132.34609738435938,5411,15,6,2,0,569,groceries
2100.3436726983095,8299,13,3,2,1,742,education
309.5751762264163,5411,12,1,2,1,437,groceries
261.0806719208484,4900,15,1,1,3,922,utilities
169.348561669205,5411,12,3,1,0,1204,groceries
1896.9153661945775,8011,15,6,1,1,1363,healthcare
293.04258927025563,7832,21,0,1,1,566,entertainment
90.76895030465012,5812,12,1,0,1,1654,dining
342.7177128560919,8011,15,5,1,1,849,healthcare
856.5136376665147,4900,8,0,1,1,68,utilities
1590.0117532374343,8011,13,2,0,2,1514,healthcare
340.2127352894701,5411,10,1,2,2,984,groceries
959.2905737712513,8011,9,2,1,1,1268,healthcare
3029.185578521848,8299,15,3,1,3,315,education
3344.8097866381213,8299,13,4,1,1,124,education
240.01354231960923,5812,11,0,0,1,998,dining
156.55676027614422,4121,6,3,1,0,1635,transport
1330.123667321154,8011,9,2,1,3,260,healthcare
336.8618863587506,5411,14,2,0,1,996,groceries
213.5415530395196,7832,22,2,2,2,339,entertainment
78.12873869631306,4121,16,3,0,2,1804,transport
129.22415243533501,4121,11,6,1,3,66,transport
192.54262631884563,4900,9,5,1,2,880,utilities
122.22106876823848,5812,14,3,2,1,1007,dining
2785.66135079397,8299,9,5,1,1,83,education
221.4848327881314,5812,20,4,1,1,1766,dining
80.2269519478407,4121,17,4,1,1,904,transport
150.581340426288,4121,10,3,1,0,285,transport
186.63433954581166,5812,19,5,2,3,1452,dining
91.25256741249041,4121,11,4,1,3,348,transport
4531.588198484836,8299,8,6,1,1,378,education
95.59278499648464,7832,21,5,1,2,155,entertainment
350.73545419423505,5411,10,0,1,1,1774,groceries
435.6942139884266,4900,14,4,1,2,1330,utilities
225.6534729447187,7832,18,0,0,3,584,entertainment
751.5003912767523,5311,14,4,1,1,1681,shopping
385.2904309327111,5311,12,3,0,1,232,shopping
211.7950358756074,5812,16,2,1,2,664,dining
163.00646361911785,5812,15,2,1,1,832,dining
206.64363117913257,4900,12,5,0,1,859,utilities
351.5308525640268,5411,11,3,1,2,922,groceries
869.516577154323,5311,15,2,1,2,829,shopping
295.7361744796327,7832,20,1,0,1,1522,entertainment
3954.6517542767856,8299,11,5,1,0,406,education
498.2707284558859,8011,12,3,1,0,859,healthcare
664.0363694182884,5311,15,6,1,2,1135,shopping
1561.4159427353402,8011,10,3,1,3,446,healthcare
502.0038600542563,8299,12,2,1,1,562,education
955.296169518083,4900,17,5,1,3,165,utilities
1745.4507805324483,8011,12,5,1,1,313,healthcare
445.89652650540415,5411,8,6,2,2,9,groceries
889.9474139118888,5311,18,2,1,1,1487,shopping
281.99879953164776,4900,6,5,1,3,1180,utilities
96.38762438668454,5411,11,2,2,2,558,groceries
395.5651022064595,5411,16,5,1,1,297,groceries
122.87309477569686,4900,10,6,1,2,404,utilities
306.76775686561655,4900,17,2,1,1,1238,utilities
120.0327742907457,5812,14,2,1,1,1222,dining
601.5754711251467,4900,10,5,1,1,1387,utilities
2993.2053089603382,8299,13,2,1,1,777,education
89.28193941624377,5311,15,3,1,3,1286,shopping
613.5408150871015,4900,15,1,1,1,1320,utilities
312.49295957460896,4900,19,2,1,1,910,utilities
373.89418685375216,5411,9,2,1,1,1813,groceries
239.26689580459941,7832,21,2,1,1,1005,entertainment
389.0382709675769,4900,17,3,1,1,129,utilities
114.57140026328597,4121,18,5,1,1,273,transport
420.8217246809956,8011,9,5,1,1,299,healthcare
124.48488354337717,5812,18,1,1,0,548,dining
2983.252431541757,8299,11,3,1,2,432,education
751.2641209561536,4900,10,3,1,2,952,utilities
174.04361807707315,4121,7,2,1,2,767,transport
158.9299226750228,7832,21,4,1,1,1543,entertainment
155.94009656530002,4121,10,5,1,1,31,transport
165.08834540854323,5411,11,3,1,1,567,groceries
3213.1120143441676,8299,11,6,1,3,1703,education
290.126755949858,7832,20,2,1,1,230,entertainment
747.6259591355955,4900,9,3,2,1,637,utilities
3558.5980035640787,8299,12,0,0,3,1348,education
1866.043805677283,8011,14,5,1,1,1563,healthcare
332.2832575078013,5411,12,3,1,3,63,groceries
1169.5747779972994,8011,9,6,0,1,1108,healthcare
134.62488277735565,5411,12,0,2,0,802,groceries
1542.1108780862562,8011,13,3,1,2,752,healthcare
894.3473653274316,5311,11,5,1,1,1067,shopping
713.5889810333855,5311,15,4,0,2,1184,shopping
699.2326914175133,8299,10,3,1,2,320,education
476.9968731103173,5411,9,4,0,1,945,groceries
1594.3220070358016,8011,13,4,1,2,1256,healthcare
765.2706060093118,4900,6,0,1,0,1112,utilities
70.57467851882292,5311,19,5,1,3,354,shopping
1117.4709174475431,8299,14,4,1,0,1053,education
2765.2939142867635,8299,14,6,0,2,494,education
398.10183379533066,8299,8,1,1,0,1419,education
983.9691082850503,8011,13,4,1,1,508,healthcare
4507.766223437024,8299,8,1,0,3,1290,education
56.8568630714767,7832,20,2,1,3,1103,entertainment
161.16723022253763,7832,21,0,1,0,1673,entertainment
258.7068666008017,7832,19,5,1,3,768,entertainment
3119.715143542925,8299,12,2,1,2,1143,education
155.61838061264,4121,13,5,1,1,542,transport
3689.7732415491446,8299,10,1,1,3,1775,education
130.03679461721924,7832,22,5,1,3,1074,entertainment
295.3298687719103,5411,12,0,1,3,183,groceries
116.59521548885608,7832,21,2,1,1,223,entertainment
2412.800256973367,8299,11,2,1,1,231,education
156.69349499460483,4121,15,0,1,2,1352,transport
147.2907143823424,4121,9,1,1,2,1115,transport
42.84627988015006,5812,19,6,1,1,201,dining
1026.3879527140007,8011,13,6,2,3,680,healthcare
81.14790949707736,5411,15,3,1,2,269,groceries
429.6385116658006,5411,16,5,1,1,28,groceries
4258.179488499441,8299,12,1,1,0,1272,education
112.52471576379111,5812,20,2,1,1,1089,dining
261.15788151673814,7832,20,3,0,2,369,entertainment
307.16190755501793,5411,13,0,0,0,9,groceries
192.9074241165428,5812,13,2,2,1,276,dining
631.9339860835335,8011,8,2,2,1,439,healthcare
186.01018284433835,4121,8,1,1,2,589,transport
707.286704711712,5311,14,4,1,1,749,shopping
878.1777697028265,8299,8,6,1,2,1333,education
672.5937597328463,4900,16,6,1,1,362,utilities
264.7864976001177,5812,13,6,0,1,1711,dining
75.688924935008,5411,10,5,1,1,1492,groceries
131.13721143537552,4121,16,1,1,2,765,transport
627.7155438287558,4900,7,5,0,1,862,utilities
865.4428070334411,4900,9,0,1,3,1107,utilities
128.29341499996573,7832,22,5,1,3,820,entertainment
165.97644384011275,4121,13,2,1,2,103,transport
198.7840274789323,4121,15,3,1,2,427,transport
1213.5965231685493,8011,15,2,1,2,1211,healthcare
103.71502882533355,7832,21,2,1,2,833,entertainment
179.09780401778315,4900,19,4,1,1,506,utilities
333.2389190186711,5311,11,6,1,1,500,shopping
388.78889347560795,4900,18,6,1,3,1643,utilities
721.6620681042259,4900,11,0,1,2,1577,utilities
996.818252344743,5311,15,3,2,3,981,shopping
309.1332400640626,4900,12,6,0,0,1104,utilities
73.38419395456049,7832,20,3,1,0,1633,entertainment
116.17191800614432,4121,18,3,2,3,383,transport
207.34668940848115,5812,18,3,1,1,1097,dining
254.20752448154312,5311,16,0,1,3,1291,shopping
4705.109368114912,8299,13,2,1,1,93,education
522.981143702059,8011,16,0,1,1,1346,healthcare
593.4134920056621,4900,13,6,1,2,298,utilities
116.20593643396879,8011,15,0,1,1,317,healthcare
536.8597798606037,5311,15,2,1,1,743,shopping
1090.7968223799742,8299,12,2,1,1,869,education
407.77184473895517,4900,6,5,1,2,829,utilities
495.3679318495637,5311,12,4,1,1,671,shopping
105.79402287532473,7832,21,2,1,3,1648,entertainment
301.7901448815952,8011,8,6,2,1,298,healthcare
190.21806843740862,4121,14,3,1,1,1764,transport
4383.088429236418,8299,11,5,1,2,96,education
78.08590418563266,4121,18,0,1,3,1361,transport
3443.9321025906925,8299,8,0,1,1,1681,education
56.7686315992278,7832,22,4,1,2,1341,entertainment
441.7661508281786,5311,13,6,1,1,965,shopping
925.7984291659217,4900,11,1,1,2,688,utilities
1033.592703082861,8011,15,3,1,1,1534,healthcare
4340.021721775754,8299,13,1,1,2,1552,education
200.94490976970653,5311,15,6,1,2,1599,shopping
142.3536143508111,7832,18,4,1,2,492,entertainment
895.4151675324094,5311,11,3,1,3,1766,shopping
760.8840662328621,4900,11,1,0,2,138,utilities
878.751310792183,4900,12,2,1,1,1789,utilities
486.61199591518476,5411,10,6,1,3,1022,groceries
118.39701321731539,5812,15,6,1,2,125,dining
215.1240544073216,5812,17,5,1,0,254,dining
109.52036472837757,5812,18,4,1,1,1810,dining
1881.8755374084974,8011,9,2,1,1,1272,healthcare
1311.6028732215582,8011,15,3,1,3,214,healthcare
447.2569936452965,5411,11,0,1,2,1343,groceries
81.02831746675274,4121,14,0,1,2,399,transport
173.54423779580938,7832,21,2,1,2,520,entertainment
209.44483180324457,5812,19,4,1,2,1620,dining
365.96165529243837,5411,9,2,1,1,628,groceries
384.71510032076253,4900,6,6,1,3,1037,utilities
679.0980988270044,4900,19,0,1,0,1757,utilities
111.6747111417906,7832,18,1,0,1,195,entertainment
478.62816009420305,5411,10,3,0,2,1229,groceries
116.05513236701431,4900,18,6,1,3,1029,utilities
223.82130420372894,7832,22,1,1,1,1235,entertainment
587.067292384595,4900,13,2,1,2,704,utilities
163.19780539227335,7832,19,1,1,3,16,entertainment
251.6350033775674,8011,8,3,1,1,565,healthcare
101.27544999134778,5812,19,1,0,2,1419,dining
84.84591266934466,4121,15,4,1,3,299,transport
178.46685153551178,4121,9,5,1,2,982,transport
979.347428671802,8011,14,1,1,2,526,healthcare
193.63223937520456,4900,11,6,1,1,29,utilities
1414.7449499407808,8011,16,5,1,2,1202,healthcare
3691.291632656639,8299,8,2,1,1,245,education
115.33801557116705,4121,9,1,1,2,895,transport
1766.3475023164367,8299,10,1,1,2,767,education
56.05129696745736,5311,13,2,1,3,836,shopping
400.3296256828459,5411,15,1,1,2,1345,groceries
1934.7022183039442,8011,15,0,2,3,1579,healthcare
971.5899417514692,4900,12,6,1,2,896,utilities
233.7038818082296,7832,21,5,2,3,978,entertainment
4934.276169262526,8299,8,2,1,0,991,education
187.79625406230417,4121,16,5,0,3,1664,transport
181.6625305604082,7832,19,5,1,1,21,entertainment
157.38638382565918,7832,21,4,1,2,1223,entertainment
102.23760275310894,8011,16,0,1,3,1662,healthcare
293.54959855327184,4900,16,4,2,2,242,utilities
186.08471208629783,4121,10,5,2,0,1728,transport
314.28959418027404,5411,12,6,1,3,418,groceries
699.5624066980479,8299,14,0,1,3,31,education
462.8424232883113,8011,10,4,1,3,1666,healthcare
162.5706855544935,4121,11,3,1,2,52,transport
433.1757614958323,5411,17,6,1,1,629,groceries
1036.2442003353722,8011,10,2,1,1,1189,healthcare
645.1519712769775,5311,12,4,1,1,1086,shopping
153.4010404209921,5812,14,1,1,2,328,dining
516.2254871225699,8011,14,5,1,2,450,healthcare
1271.5259816417454,8299,13,4,1,3,1760,education
161.15366083959566,4121,16,3,1,2,1345,transport
327.7227384958522,5411,8,5,1,2,1729,groceries
55.798136947711185,5411,16,6,1,0,54,groceries
113.43040540414864,4121,18,2,1,1,275,transport
543.8825615464011,5311,13,6,2,1,1577,shopping
376.78591125033074,5411,14,3,1,1,298,groceries
110.07669987564584,7832,19,6,1,2,1390,entertainment
266.0287074003404,5311,11,0,0,2,960,shopping
298.02954381401275,7832,18,1,1,1,1745,entertainment
1190.9765082353183,8011,13,1,1,2,1412,healthcare
601.7827365043603,8011,11,1,1,1,1341,healthcare
1294.8473592059008,8299,12,3,1,1,994,education
72.38730646386863,5812,17,4,2,3,206,dining
492.14155128075544,5411,11,6,1,1,1131,groceries
249.047614656383,5411,9,3,1,2,865,groceries
80.87812837315126,5411,14,6,1,2,370,groceries
1496.5067045990536,8299,13,6,1,2,855,education
65.52724078840016,5411,16,5,1,3,408,groceries
604.6482330279069,8011,13,2,1,1,48,healthcare
904.4926019397798,8011,11,3,1,3,1369,healthcare
248.59728266884844,7832,20,2,1,2,1692,entertainment
187.1013170286637,7832,21,0,1,1,715,entertainment
107.2353560531115,4121,11,4,1,2,1472,transport
884.0072285631793,8299,10,2,1,3,307,education
469.7288588560491,5311,18,2,1,2,684,shopping
415.8155680524806,5411,8,3,1,3,1724,groceries
249.37998661933037,5812,12,5,2,1,391,dining
594.1749199722967,4900,19,6,2,2,828,utilities
1678.1575139150752,8299,9,0,1,3,761,education
128.29136371414904,5812,14,1,1,2,1675,dining
3141.039866768129,8299,12,5,2,2,456,education
230.47176856405449,5311,19,0,1,3,215,shopping
60.62409558357661,5411,14,2,2,1,1507,groceries
169.79958553206305,4121,7,1,1,3,1361,transport
106.01570584414756,4121,17,1,1,2,1739,transport
56.41010235906515,5812,15,5,0,1,853,dining
116.64154265359204,4121,15,5,1,1,1290,transport
679.9715881965149,8011,15,0,1,1,1045,healthcare
226.02094889200686,7832,21,1,1,3,1045,entertainment
114.45615477303964,7832,21,4,2,2,507,entertainment
140.42107730423925,4121,8,0,2,3,487,transport
74.37000389683868,5411,16,4,1,2,204,groceries
161.32224497740873,4121,8,5,1,2,66,transport
3988.0931281712506,8299,15,5,1,2,1451,education
256.35157049484445,5812,16,4,0,1,1643,dining
1607.4590831833978,8299,13,2,1,1,1140,education
513.1089814638214,4900,8,6,2,2,1298,utilities
102.48045943321318,4121,9,6,2,2,1547,transport
455.598526046857,5311,11,2,1,2,619,shopping
3637.938713141937,8299,11,5,1,0,998,education
204.93740744026624,5812,12,0,1,2,1500,dining
286.1345048161994,5411,9,2,1,1,393,groceries
365.7532979392641,5411,13,6,1,1,965,groceries
455.92277014523233,5411,13,6,2,2,561,groceries
467.88706247485476,5411,10,1,0,2,323,groceries
85.75157716046823,4121,7,5,1,1,556,transport
54.4653170980839,4121,16,6,0,2,302,transport
524.4927115758666,8299,15,2,1,2,186,education
157.77748008042198,4121,10,3,1,2,1469,transport
170.5951287884927,5411,8,5,1,2,1742,groceries
248.16276964935304,7832,20,5,1,2,1634,entertainment
2562.433981489147,8299,9,3,1,2,1755,education
56.77236418675648,7832,21,6,1,0,1391,entertainment
279.71081793210357,5812,15,1,1,2,721,dining
310.50039876370863,8011,12,2,2,2,643,healthcare
96.33362998165941,5812,17,2,1,1,881,dining
808.2192630414651,4900,18,0,1,1,1561,utilities
540.8838099479306,4900,12,4,1,0,296,utilities
885.2188582719656,4900,17,5,0,1,172,utilities
643.0301825466751,4900,6,0,1,3,611,utilities
84.64026854846098,4121,14,5,1,1,287,transport
194.812391357179,5812,18,0,1,3,1339,dining
354.93443861048524,5311,16,3,1,1,851,shopping
602.2937747165586,4900,13,5,1,2,1342,utilities
43.15669609154165,4121,15,3,0,3,261,transport
342.62879093774325,8299,14,0,1,1,259,education
452.09860052945635,5411,16,1,1,1,440,groceries
875.7501721796972,5311,14,1,1,3,83,shopping
77.6147213162731,5812,18,1,1,2,760,dining
280.84157976528763,7832,18,6,0,1,1041,entertainment
78.73261461772582,5311,12,4,1,2,1346,shopping
1473.616781349321,8011,15,6,1,2,1629,healthcare
1450.6184309000444,8011,14,4,1,1,1672,healthcare
887.8178264606731,4900,11,0,1,1,925,utilities
4087.1930115448877,8299,15,3,1,1,1104,education
143.63862136828752,7832,18,5,1,2,1480,entertainment
51.699224902259566,5812,16,3,1,2,1717,dining
1110.3484858024399,8011,9,6,1,2,1293,healthcare
1209.0292421659356,8299,9,0,1,1,228,education
165.9794864148574,4121,6,4,1,3,293,transport
428.26318200894247,8011,13,5,1,1,1504,healthcare
55.086158655380714,4121,14,5,1,2,593,transport
2463.4313584320466,8299,9,0,1,2,545,education
3757.235086955289,8299,10,5,1,0,1255,education
924.3649033386628,4900,14,0,1,1,90,utilities
1522.6050544798352,8299,10,0,1,1,115,education
235.368987455906,7832,22,1,1,1,69,entertainment
216.51237240297942,5311,15,6,1,0,176,shopping
4324.178966039064,8299,12,5,1,0,323,education
145.71219081693658,5812,17,1,1,3,670,dining
422.5614370400658,5311,11,3,1,3,888,shopping
952.605213672752,5311,17,6,0,3,1497,shopping
113.82790427254024,5812,17,2,1,0,1672,dining
165.2972291548917,5411,10,1,1,1,1210,groceries
121.67740926736558,4121,14,4,2,1,293,transport
487.3182551888487,4900,7,0,1,1,1604,utilities
2923.759178869732,8299,14,2,0,1,1626,education
531.7737119713598,5311,11,6,1,2,872,shopping
2296.0809792219184,8299,8,3,1,1,1602,education
213.38792874540263,7832,19,0,1,3,1018,entertainment
89.84711538684896,7832,18,3,1,1,526,entertainment
868.2856409787859,4900,14,1,1,1,425,utilities
910.6396345965719,4900,12,0,1,1,22,utilities
297.5464068843978,7832,19,0,1,3,857,entertainment
113.3014891138439,5411,12,1,1,2,807,groceries
172.75832949643026,4900,13,3,1,3,639,utilities
227.7648259650274,8011,12,5,1,1,1339,healthcare
394.30223304928484,4900,14,2,2,2,410,utilities
103.65404925659085,5812,20,1,1,1,1464,dining
58.78241960323104,5812,11,0,2,1,242,dining
298.68458137180534,5311,10,0,1,2,989,shopping
41.28811098038547,5812,13,3,1,1,1365,dining
143.0978775712027,5812,11,4,2,1,104,dining
625.328072441175,4900,9,6,2,2,1822,utilities
102.26451945136607,5812,18,6,1,3,732,dining
50.20080050767532,7832,22,1,1,1,905,entertainment
2214.4096293046096,8299,15,5,1,2,696,education
878.9521179314758,4900,12,4,1,2,975,utilities
1210.8876160320765,8011,16,5,1,1,1526,healthcare
176.89391368148452,4121,11,5,2,1,1417,transport
181.61032608823982,4121,12,4,1,3,1296,transport
551.3282391971326,8011,13,4,1,1,941,healthcare
48.8382196609129,5812,19,2,2,1,1369,dining
457.94259227184614,5411,13,0,1,2,1628,groceries
255.4773809587696,7832,18,2,1,1,1786,entertainment
860.9080620564354,5311,16,5,1,3,19,shopping
117.19343868955416,5812,18,4,2,3,348,dining
26.432359391555607,4121,6,2,1,2,1197,transport
150.56264554124763,5311,15,0,1,1,1441,shopping
1011.8851901769453,8011,15,6,1,0,207,healthcare
148.5328458162942,7832,20,5,1,2,1733,entertainment
158.41013937424543,5411,8,5,1,1,1732,groceries
120.62560852153338,4121,8,0,1,2,1268,transport
40.79467347196917,4121,16,5,1,2,765,transport
637.0823434592635,4900,10,6,1,1,273,utilities
4191.00817672692,8299,9,6,2,1,105,education
214.0920853285965,7832,21,3,1,2,779,entertainment
348.0808159832663,4900,13,3,0,1,1544,utilities
153.17998581982033,5311,10,1,1,1,951,shopping
284.69068953424653,7832,22,3,1,1,1563,entertainment
236.2685506593458,7832,20,0,0,1,1744,entertainment
191.60742352432865,5812,17,0,1,1,613,dining
742.6113137573615,4900,10,4,1,2,226,utilities
185.0272969917365,5411,11,6,1,1,40,groceries
111.59231133290633,4121,17,6,2,1,924,transport
966.165920885187,5311,16,5,1,2,860,shopping
96.39006611193697,4121,7,6,1,2,483,transport
185.4812740978536,5812,19,2,0,0,817,dining
256.70747971204446,5411,9,6,1,1,854,groceries
199.35992468625028,7832,20,4,1,1,916,entertainment
708.8162682130583,5311,19,0,1,1,384,shopping
296.8887756303934,4900,10,3,2,2,6,utilities
828.9905484232261,5311,15,0,1,2,308,shopping
726.0516090883181,5311,13,0,1,0,434,shopping
1407.8838669062688,8011,12,6,1,2,210,healthcare
223.20483338185014,5812,15,4,1,1,998,dining
140.3819299350925,7832,19,6,1,1,1381,entertainment
115.23353792582927,4121,11,3,1,1,44,transport
1005.3128592480766,8011,13,1,1,1,84,healthcare
498.0724307398776,5411,15,5,1,3,1623,groceries
193.35737809499898,7832,19,1,0,2,1639,entertainment
1940.4552529709326,8011,13,1,1,2,604,healthcare
367.58773545137404,8011,8,6,1,1,403,healthcare
415.8233082650495,4900,12,4,1,1,745,utilities
217.4744103766531,7832,18,4,1,3,66,entertainment
1055.2910864918094,8011,13,2,1,3,4,healthcare
482.82563259889963,5411,17,1,1,1,1219,groceries
746.9076685679868,5311,16,4,1,3,1754,shopping
101.11686861561503,4121,14,3,1,2,1208,transport
42.54093786074357,4121,17,1,1,1,1074,transport
164.9404998114223,4900,19,6,1,1,1227,utilities
855.4540986253829,4900,11,2,1,3,1043,utilities
937.4363067785205,4900,9,1,1,1,1792,utilities
483.7023165578723,8299,8,5,1,1,1419,education
832.2880310677627,8011,12,0,0,1,601,healthcare
144.34308339816144,5812,16,0,1,3,1256,dining
887.3140983462171,4900,15,3,1,3,363,utilities
3625.0079580318666,8299,11,5,1,3,1110,education
111.51776716055758,4121,16,3,1,3,1230,transport
68.21828553907876,5812,18,0,2,1,778,dining
220.1161405404621,7832,20,0,1,2,1131,entertainment
178.32038856974467,5812,17,6,1,1,1717,dining
911.939018468943,5311,15,4,1,3,1294,shopping
882.0199354986678,4900,18,6,1,1,1515,utilities
1948.7122434035844,8011,16,1,0,1,718,healthcare
568.4700977455662,4900,13,1,1,2,549,utilities
99.32607123774063,5812,19,2,2,0,194,dining
786.8198899424418,8011,9,5,1,2,1180,healthcare
1085.190705526091,8011,13,5,1,2,1312,healthcare
223.74867950816605,5411,10,3,1,1,501,groceries
1973.7074268246897,8011,13,2,1,1,1223,healthcare
334.0310321490812,5311,14,6,1,3,981,shopping
142.06013172062316,7832,21,5,2,1,1018,entertainment
181.2447201502544,8011,15,2,1,2,433,healthcare
210.34140096675355,7832,22,3,1,3,929,entertainment
135.5867020392001,7832,19,0,1,1,308,entertainment
168.73567139578142,4900,14,4,1,2,909,utilities
2077.006515254529,8299,11,1,1,1,436,education
100.09502845665729,4121,16,3,0,1,305,transport
232.91484048418332,5411,14,0,1,1,1104,groceries
284.86897340532585,5311,15,6,0,1,1516,shopping
4936.653302991831,8299,14,0,1,3,1076,education
154.79704901035623,4121,8,2,1,2,1201,transport
2317.091872522159,8299,14,4,1,2,1399,education
118.422098787969,7832,22,1,1,1,1508,entertainment
643.4730799799468,8011,14,6,2,0,819,healthcare
56.276529261964676,4121,12,3,0,1,1675,transport
21.128222037479937,4121,18,0,1,3,1275,transport
651.1924258548356,5311,17,5,1,0,873,shopping
308.53903814800145,5411,9,2,0,1,657,groceries
767.3468271700114,4900,19,1,1,2,1735,utilities
136.21817623361446,4900,19,4,1,1,446,utilities
160.80722276946352,5812,14,2,1,1,114,dining
229.6638903541259,5812,12,6,2,2,476,dining
3169.8134075954144,8299,13,0,1,3,250,education
529.7483108467852,4900,10,4,1,1,833,utilities
949.1323211701364,4900,7,3,1,0,1294,utilities
65.6044107147084,5411,11,2,0,1,457,groceries
38.1141913465052,4121,9,2,1,0,1501,transport
106.14723848758544,4121,10,1,1,2,449,transport
322.7557530460447,5311,14,6,1,2,130,shopping
230.44116470887437,4900,6,4,1,0,1524,utilities
284.00939376404006,7832,21,0,0,2,338,entertainment
975.5609698418319,5311,10,2,1,3,1115,shopping
235.21677572120979,5411,11,5,1,1,686,groceries
428.41358852153087,5411,11,2,1,2,252,groceries
171.66589555521546,7832,22,0,1,1,798,entertainment
894.9054034147928,5311,15,3,1,1,443,shopping
389.0009111075753,5311,10,5,1,1,509,shopping
1820.2989890268366,8299,12,3,1,1,475,education
1669.8167789583597,8011,12,4,1,0,909,healthcare
273.3758831583617,7832,19,2,1,2,25,entertainment
198.74483774662,4121,12,1,1,3,68,transport
138.24778538831077,4121,13,3,0,1,1025,transport
141.33805905748787,4121,10,4,2,2,987,transport
84.50910488511832,4121,17,4,0,1,744,transport
155.40058458337862,5812,16,6,1,0,1163,dining
571.4239494162252,5311,15,0,2,2,1637,shopping
4199.330573798251,8299,15,2,0,2,1812,education
676.206777453966,8011,13,3,1,1,1598,healthcare
232.04759690376244,5411,15,0,1,0,109,groceries
4550.361102160803,8299,10,4,1,3,706,education
121.65883312631858,5311,14,4,1,1,1502,shopping
460.0474967000854,5411,15,2,0,2,252,groceries
723.6392328508878,5311,16,6,1,1,517,shopping
148.76719578346808,4900,19,1,1,0,1625,utilities
48.797469463428776,4121,7,2,1,2,999,transport
1181.9797650440423,8299,10,2,1,1,167,education
540.122039753571,8011,13,0,1,1,800,healthcare
171.37581600363814,4121,8,6,1,1,347,transport
231.49281959553886,4900,9,6,0,3,1144,utilities
994.8049954638109,4900,8,2,0,2,1139,utilities
276.9344014346104,5311,18,3,1,0,844,shopping
343.97838751423217,8299,13,4,1,1,1518,education
161.65432351686718,4121,16,6,1,1,350,transport
132.1119502936137,4121,14,1,1,0,104,transport
388.52660810277007,5411,10,2,2,2,72,groceries
95.84446611383422,4121,10,4,1,1,695,transport
210.18998203417365,5812,13,3,2,1,34,dining
487.9479549705436,4900,14,3,1,3,1385,utilities
249.70310933745978,7832,18,1,1,2,580,entertainment
619.237569177496,8011,10,5,1,1,1111,healthcare
402.8580855934064,5411,17,0,1,1,1135,groceries
103.88214473620333,5812,13,4,0,3,1522,dining
114.09150769281746,5812,16,6,0,1,210,dining
88.05868126148731,7832,20,1,1,1,1147,entertainment
261.50867707351176,5812,12,2,0,2,850,dining
218.18169180143286,5411,16,3,0,0,408,groceries
2024.7059473925665,8299,12,6,1,1,26,education
242.99126823933761,7832,21,5,1,3,465,entertainment
422.82286791204865,5411,10,6,1,1,1652,groceries
318.23874496827045,4900,17,5,2,2,970,utilities
299.1443214570668,5812,12,5,1,1,590,dining
498.50777081462553,5311,15,1,1,1,220,shopping
104.47727675310938,4900,7,3,1,1,1273,utilities
65.53328671261633,7832,20,5,1,0,737,entertainment
702.3042143398534,8011,9,2,1,1,731,healthcare
1337.3228123854788,8011,8,4,1,2,1150,healthcare
53.09060324355032,5411,16,0,2,2,1476,groceries
560.3230017757132,4900,15,2,2,3,659,utilities
119.21959928624084,7832,18,0,0,1,112,entertainment
212.74537287127586,5812,16,6,1,2,873,dining
871.0207451423245,5311,17,1,1,3,1552,shopping
210.30991202716433,5812,18,3,1,3,986,dining
136.08321411654964,4121,8,6,2,2,1602,transport
253.23062989602758,5311,12,0,1,3,870,shopping
639.5924010616654,8011,16,1,1,1,922,healthcare
210.75260900690586,7832,18,6,1,1,402,entertainment
718.4873496189647,4900,17,6,1,0,198,utilities
916.7309779564964,4900,16,1,1,2,1767,utilities
2915.1285267916574,8299,10,0,1,1,1606,education
239.44728503568768,8011,12,0,1,1,1347,healthcare
271.76621473554917,5311,10,0,1,3,436,shopping
290.9949384506143,5812,11,3,1,3,557,dining
120.20770750552643,5411,17,5,1,0,1585,groceries
216.39182058429782,5812,13,2,1,1,180,dining
113.71943503787524,4121,10,5,0,1,1353,transport
624.1978577373361,5311,11,1,1,2,543,shopping
231.33480323777042,5812,16,4,1,1,362,dining
120.700364976869,4121,13,5,1,2,1714,transport
151.8327419774563,7832,21,5,1,2,1813,entertainment
590.088621662328,4900,8,5,1,1,331,utilities
218.75562129091824,5812,12,3,2,3,852,dining
872.0113562446223,4900,18,0,1,2,352,utilities
542.2051764905829,4900,18,0,1,2,1652,utilities
244.96260020856568,7832,19,0,0,3,1720,entertainment
937.7995288311095,8299,15,1,1,2,1172,education
288.5565935302195,7832,18,5,1,1,1074,entertainment
89.94744771721625,7832,18,2,1,3,792,entertainment
221.27293909663305,8011,12,3,1,0,1029,healthcare
106.8893389475132,7832,19,6,0,1,925,entertainment
145.8723343581157,5812,11,1,1,1,602,dining
1572.2012340932076,8011,13,1,1,1,653,healthcare
964.7180168403994,5311,13,6,0,0,619,shopping
138.00528687816546,7832,19,6,1,3,1075,entertainment
903.0175164581468,5311,19,6,1,1,306,shopping
4415.162879205086,8299,13,5,1,3,1473,education
124.53768813976376,4121,14,6,1,1,446,transport
130.65166777642975,5411,8,6,1,3,539,groceries
247.30254397005817,5812,15,5,1,1,634,dining
710.2999293842918,4900,12,4,1,2,803,utilities
232.52726408397803,5411,15,5,1,1,491,groceries
183.40954764024247,5812,13,1,1,2,280,dining
452.95137005982616,4900,18,6,1,3,439,utilities
397.0953584550844,5411,8,0,0,3,582,groceries
1951.3898224784318,8011,10,2,1,1,553,healthcare
268.8971080973187,5411,15,4,1,2,1364,groceries
132.98002015226166,7832,19,0,1,3,222,entertainment
253.8298800474325,5812,12,6,0,3,1173,dining
2881.394459402859,8299,12,3,1,3,205,education
2152.38472642638,8299,9,4,1,0,1115,education
40.78174883146033,4121,13,1,1,0,529,transport
140.40597245549816,4121,6,1,1,1,1390,transport
119.06696304271047,5812,13,3,1,1,827,dining
1812.9042832396892,8011,10,4,1,2,975,healthcare
75.8830434350339,4121,8,1,1,2,1520,transport
766.9415848197544,5311,19,2,1,2,550,shopping
81.10338362641215,7832,19,0,1,3,1247,entertainment
201.1330950103396,5812,17,4,1,1,1083,dining
3610.8748074965615,8299,13,6,1,2,458,education
290.41421172123773,8011,8,4,1,3,1392,healthcare
879.0629440895351,4900,7,1,1,2,1368,utilities
700.9688728037682,4900,6,0,1,2,1589,utilities
2067.9059407366626,8299,10,4,1,2,864,education
682.677767711528,8299,8,2,0,1,1087,education
88.61854649408342,4121,16,5,1,0,408,transport
449.5605563742988,5411,13,6,0,1,1392,groceries
1428.5732832329015,8011,13,5,1,3,1267,healthcare
386.44944252580177,8299,8,0,1,1,724,education
417.49289897749753,8011,15,5,0,2,617,healthcare
252.4365318152714,7832,21,2,1,2,27,entertainment
178.04452504357164,4121,9,6,1,1,933,transport
209.7107803869965,5411,8,1,1,1,1583,groceries
185.23492671042908,4121,11,0,1,2,458,transport
4069.38233891549,8299,13,1,1,1,538,education
336.5024690185841,5311,17,3,1,1,1073,shopping
360.44309490253,5411,13,6,1,2,1055,groceries
338.5875454973474,5411,12,5,0,2,774,groceries
717.0375478329805,5311,18,4,1,0,823,shopping
279.3889937419493,7832,20,3,1,1,530,entertainment
3695.0562438248585,8299,15,4,1,1,1779,education
221.75598423829808,7832,18,1,2,2,639,entertainment
31.156296894527223,5812,16,4,1,3,594,dining
160.0844610038715,4121,14,1,1,1,371,transport
42.82822680390822,4121,11,2,1,2,745,transport
197.1250586677897,4121,11,4,2,0,1191,transport
549.8502308931453,8299,9,6,2,1,797,education
4150.975387099681,8299,11,0,1,1,63,education
156.7516836263949,5311,12,6,1,1,704,shopping
46.587098204299366,4121,10,3,1,2,213,transport
871.1505420673955,5311,13,5,1,2,1109,shopping
49.312482083943166,4121,8,1,1,3,976,transport
109.22058149896642,4121,18,4,1,3,51,transport
75.85090853805796,7832,22,0,1,1,1138,entertainment
50.79691897164774,7832,19,5,1,1,130,entertainment
239.92551895802399,5812,17,6,1,3,966,dining
123.20388866581071,4121,12,2,1,1,518,transport
176.57906417662576,4121,13,5,1,1,1713,transport
1892.1085967774093,8299,11,5,1,0,670,education
54.98780000275204,5812,11,4,1,0,205,dining
1948.6177013960141,8299,9,2,1,1,413,education
94.01307874906297,4121,14,3,2,1,979,transport
702.4164909221731,5311,18,1,1,1,642,shopping
568.91498589875,5311,14,1,0,3,636,shopping
166.2579420318155,7832,21,1,1,1,473,entertainment
900.7512568829981,5311,12,6,0,1,219,shopping
88.59217445202032,4121,9,1,1,1,1017,transport
805.5101494138817,5311,14,6,1,3,316,shopping
698.4842649028909,4900,7,2,1,0,1694,utilities
245.92753297407506,5812,17,0,1,1,459,dining
887.246652904074,5311,19,2,1,3,1495,shopping
1129.2681762250675,8299,9,5,2,3,13,education
220.04766175127054,5411,13,6,1,3,730,groceries
344.126262391691,5411,8,1,1,1,1640,groceries
224.56727538613063,5411,12,5,1,2,1435,groceries
416.5014814921539,5411,14,6,1,2,1091,groceries
526.704072595103,5311,13,5,2,1,730,shopping
1243.1708138112717,8011,15,3,1,3,1602,healthcare
404.30216723392584,5311,15,3,1,2,1022,shopping
970.5473533247763,4900,15,4,0,3,1760,utilities
326.98345659716443,5411,9,2,2,2,1429,groceries
3606.299634337457,8299,8,0,1,1,926,education
233.50310494818248,7832,19,1,1,2,221,entertainment
2041.9922849629318,8299,8,4,1,3,795,education
280.550227579724,8299,10,5,2,1,1216,education
127.53130338904502,4121,14,0,0,2,88,transport
920.7149275320033,5311,11,6,0,1,508,shopping
367.5742987224923,5411,17,3,2,1,113,groceries
151.72816364515995,5812,20,0,2,1,1501,dining
123.09353365059626,7832,20,5,0,1,1565,entertainment
297.15513947338536,5812,12,6,1,1,202,dining
1404.8584386439763,8011,11,6,1,0,26,healthcare
232.86498408743788,5812,14,0,1,3,617,dining
31.135741184631396,4121,17,4,1,3,384,transport
129.02024448129114,5311,13,4,1,2,1275,shopping
82.64583682659037,7832,20,4,0,1,152,entertainment
391.1140828006733,5311,16,3,1,0,299,shopping
268.8723725989947,5812,14,2,1,3,484,dining
325.31899462071067,4900,7,4,1,0,1299,utilities
594.1539238649599,8011,8,1,1,1,668,healthcare
2203.2557565947172,8299,12,1,1,1,1578,education
192.47459649360914,8011,13,0,1,2,1314,healthcare
63.81218379585731,4121,16,3,1,1,691,transport
121.71663726784803,4121,14,1,1,2,595,transport
835.5112082486488,5311,11,3,1,0,1661,shopping
331.3107095970689,8011,11,2,0,3,310,healthcare
216.32195199627552,8011,12,2,0,2,982,healthcare
400.17953837869374,4900,9,3,1,2,928,utilities
155.59169517345302,7832,22,6,1,1,954,entertainment
891.9947730641891,5311,11,4,1,1,300,shopping
129.81328621087474,4121,16,3,1,1,1644,transport
1505.8618791866854,8011,12,3,1,2,190,healthcare
160.34907998607426,5812,15,1,1,3,451,dining
158.17498655293238,7832,19,0,0,2,1629,entertainment
229.1832370572834,5812,17,6,1,0,748,dining
264.0801296349071,5812,20,4,1,1,1613,dining
29.460299157872658,4121,17,3,1,2,894,transport
1552.9274597292278,8011,12,6,1,3,600,healthcare
221.70317043899087,5311,14,5,1,3,370,shopping
141.21530397004264,7832,20,2,1,3,1466,entertainment
290.5446195708891,5812,16,5,1,1,1483,dining
1310.603132511998,8011,14,3,1,2,1592,healthcare
964.6568394941235,5311,16,0,1,1,1045,shopping
1352.8960888417976,8011,10,1,1,1,1404,healthcare
63.50038768036407,5812,11,6,1,1,1051,dining
147.06916126262823,7832,21,0,1,1,1306,entertainment
167.76070874775442,5812,18,5,1,1,1672,dining
271.5286076299715,5812,15,2,1,3,728,dining
185.71909627784555,4121,18,1,0,1,39,transport
174.33587527055633,4121,13,2,1,2,363,transport
2795.736434221823,8299,15,6,1,2,993,education
121.60766903194083,7832,21,4,1,1,1647,entertainment
127.83190005599553,5812,14,2,2,1,130,dining
67.91729187226542,5411,15,3,1,1,1134,groceries
4425.161467867044,8299,10,3,0,0,134,education
1504.6650966681434,8011,12,3,2,1,273,healthcare
109.04398013926811,5812,16,4,1,0,699,dining
722.9551450741194,5311,15,6,1,3,110,shopping
310.3365381107948,5411,17,3,0,1,1453,groceries
273.0842471011853,5812,14,1,1,3,1380,dining
43.88736987753726,5812,16,6,2,3,331,dining
1286.461397384518,8011,11,4,1,3,1698,healthcare
4555.087940720958,8299,8,0,1,2,1280,education
803.8893060097334,4900,16,0,1,3,1625,utilities
80.61628449768074,4121,9,1,2,0,1320,transport
1269.2988800850756,8299,14,1,1,0,830,education
410.7683093793579,5411,16,1,0,1,24,groceries
3458.5838786173917,8299,8,0,1,1,963,education
907.8071480553052,4900,19,3,1,1,1776,utilities
46.19920958141285,5812,18,1,1,1,1475,dining
228.80457622571646,7832,19,0,0,0,591,entertainment
386.27629925178525,5411,13,2,1,0,188,groceries
1005.6679320430568,8011,12,1,1,2,1455,healthcare
111.79187894654453,5411,16,6,1,1,1682,groceries
86.07940671757655,5812,11,5,1,2,795,dining
1712.5259994450287,8011,8,2,1,3,1244,healthcare
1626.7458490749277,8011,11,3,1,3,1629,healthcare
911.9945148922826,4900,12,5,1,1,1404,utilities
670.0202078874215,5311,14,6,1,0,547,shopping
370.4451441987744,5311,11,5,1,2,662,shopping
351.57065541346856,5311,12,5,1,1,1261,shopping
506.2553170967869,8011,10,4,1,2,1612,healthcare
181.68582027725265,5411,11,4,1,1,815,groceries
38.4771097189049,5812,20,6,2,3,360,dining
497.22263952744794,4900,12,2,1,3,189,utilities
237.56019187995727,7832,22,4,1,3,1144,entertainment
2044.5611205299354,8299,10,2,1,2,430,education
270.39364332424003,4900,9,1,2,0,1132,utilities
141.49642239440445,7832,19,2,1,2,422,entertainment
4962.629538499153,8299,10,6,2,2,284,education
33.182320530550946,4121,16,3,1,3,1440,transport
676.371627452308,5311,11,6,0,0,765,shopping
363.66557416437286,8011,9,3,1,1,1456,healthcare
157.34600886419432,7832,22,3,1,3,31,entertainment
1187.8535593933045,8011,9,3,1,1,117,healthcare
3000.907302627967,8299,8,5,1,3,516,education
956.8594794136736,8011,8,0,1,3,132,healthcare
1538.3425350942475,8299,12,0,1,3,1396,education
2494.180570749041,8299,14,2,1,1,1242,education
788.1257238252218,5311,18,2,1,1,74,shopping
597.8541585032783,5311,12,5,1,1,703,shopping
335.91577040302496,5411,17,1,1,1,668,groceries
4911.336631805198,8299,12,1,1,1,1658,education
774.669830961629,8299,15,2,1,1,1268,education
101.62247216824933,4900,6,1,1,2,1543,utilities
472.3818952768993,4900,10,0,1,2,1284,utilities
311.10811698287324,5411,8,0,1,2,464,groceries
822.5055646072382,8011,16,1,0,3,369,healthcare
127.31514973526721,5812,18,4,1,1,1686,dining
233.4163396617146,5411,15,5,1,2,1002,groceries
155.32376651243504,7832,21,4,1,0,1419,entertainment
72.83131899266027,4121,18,4,1,3,522,transport
158.1107281146592,8011,9,4,0,1,800,healthcare
164.8668345868911,4900,6,6,0,0,51,utilities
1667.9616405448185,8299,9,3,1,1,340,education
3058.000446214245,8299,12,0,1,2,1301,education
217.99563053731742,5812,19,2,0,2,899,dining
258.2051311745565,5411,14,1,1,0,369,groceries
164.96531738901487,7832,22,2,1,1,241,entertainment
736.7001253692724,4900,9,0,1,1,1428,utilities
294.400108310444,7832,20,6,0,2,1343,entertainment
444.56592744400774,4900,9,0,1,2,1639,utilities
186.91796147164484,5812,20,6,1,0,1467,dining
138.77454985235113,4121,10,1,1,0,1587,transport
260.6171149064886,4900,17,6,1,2,1578,utilities
184.14243796163672,5812,15,4,1,0,311,dining
50.26195761975336,5311,10,4,1,1,409,shopping
172.5590070105171,5812,14,1,1,1,881,dining
68.38162847910121,4121,13,0,1,0,1807,transport
3685.1499445275026,8299,8,1,1,1,1209,education
105.38593360625613,7832,18,3,0,0,1035,entertainment
1514.2308594527035,8299,9,2,1,3,1724,education
769.751868412466,8011,9,4,1,3,374,healthcare
105.64108697478406,5812,15,2,0,2,86,dining
906.6220235824553,4900,11,0,1,1,1642,utilities
1983.6422206772615,8011,11,3,1,0,902,healthcare
341.2157833535712,8299,12,6,1,2,1339,education
1276.3662865049434,8011,15,0,1,2,1280,healthcare
188.47869189852022,7832,21,5,1,2,1322,entertainment
472.8187692452346,4900,15,2,1,2,560,utilities
345.6483054760629,5311,10,4,1,2,83,shopping
101.3197589813431,5411,8,6,1,1,839,groceries
392.6883564835998,5411,15,3,1,3,417,groceries
225.01523505574923,7832,21,6,1,2,1654,entertainment
490.22828460848467,5311,12,6,1,1,415,shopping
1969.2043576675192,8011,14,6,1,3,916,healthcare
579.9413017100345,8299,9,1,1,3,716,education
1577.081810557545,8299,15,4,0,2,725,education
63.26602569305396,5812,11,0,0,0,1797,dining
812.5155295890162,8011,8,4,0,1,1473,healthcare
149.31801869691105,4121,8,5,1,0,1783,transport
503.80120899339227,4900,16,2,0,3,1398,utilities
1091.252496196989,8011,15,2,1,2,371,healthcare
464.9744480739317,5411,17,3,1,2,1444,groceries
245.44986825083296,5812,15,6,1,1,1523,dining
186.83106079186047,7832,21,4,1,1,108,entertainment
416.6133812496206,5411,8,3,1,3,1034,groceries
328.1344610150537,5411,11,4,1,1,1422,groceries
1857.76301622555,8299,15,3,0,3,1122,education
3401.0838143705178,8299,14,2,2,2,1048,education
657.5788029504299,4900,9,4,1,2,1738,utilities
180.07899525364755,4121,14,4,0,2,1784,transport
206.28873108015003,5311,18,4,1,2,1051,shopping
473.8367364799402,5411,8,3,1,1,1377,groceries
279.8567548131416,7832,21,5,1,1,485,entertainment
3190.7111574241358,8299,15,0,1,2,758,education
229.461349261886,5311,10,4,1,3,595,shopping
1959.2473108086306,8011,14,1,1,1,1454,healthcare
194.89117544148257,4121,14,6,1,3,309,transport
124.52126183680332,4121,12,4,1,2,277,transport
224.7617927745839,5812,20,5,2,1,1284,dining
1175.1765247209687,8011,12,4,1,3,1203,healthcare
206.7173492125868,5411,16,3,1,2,1482,groceries
1191.406633727453,8299,14,0,1,2,1024,education
4643.229450049568,8299,9,0,1,1,126,education
343.54178737335377,5411,10,4,1,3,1275,groceries
145.12234176642988,4121,16,5,2,1,1408,transport
188.7838240187878,4121,14,6,1,1,1526,transport
206.04623995148393,5411,17,2,1,2,1547,groceries
42.15316464835817,4121,15,6,1,2,269,transport
344.3796741650596,8299,13,4,1,3,189,education
1360.5597989155615,8011,16,3,2,1,1445,healthcare
946.9671293933043,5311,13,6,1,1,1358,shopping
319.42697932446936,8299,15,5,1,3,1426,education
333.42319493285316,4900,9,1,1,2,391,utilities
51.48885561721568,7832,19,0,1,3,1451,entertainment
792.968654355165,8299,10,0,1,3,1521,education
757.1360914637429,8011,10,3,1,2,1225,healthcare
178.40339011015985,7832,19,5,2,0,757,entertainment
4628.058904507956,8299,14,2,1,1,576,education
214.98014456418588,5311,18,6,1,3,1440,shopping
1401.8544858025216,8011,16,4,1,1,1105,healthcare
738.0885020559151,4900,15,0,0,2,438,utilities
213.08964583149807,7832,20,0,1,2,672,entertainment
482.6242359053157,8011,8,2,1,0,872,healthcare
4620.525728932495,8299,8,0,1,2,1204,education
300.652554319228,4900,14,6,1,1,1439,utilities
253.96721757902714,5812,13,6,1,3,1813,dining
751.6214660287209,5311,16,6,1,0,1624,shopping
260.58762014794735,7832,22,3,1,0,640,entertainment
474.95842964758344,5411,17,1,1,2,170,groceries
549.3448245819559,5311,12,3,0,1,914,shopping
92.17511492946119,7832,20,4,1,1,1163,entertainment
313.7904874214752,5311,14,5,1,1,1025,shopping
642.8069472722113,4900,19,1,1,3,534,utilities
403.7326843267817,5411,14,0,1,2,789,groceries
324.492730177699,5411,12,1,1,1,601,groceries
221.01390351303138,7832,21,0,1,0,248,entertainment
153.74498309546684,7832,19,4,0,1,845,entertainment
98.2324982894234,4121,11,3,1,1,1151,transport
482.1789678163104,5411,12,1,1,3,619,groceries
991.6946721216166,5311,15,6,1,0,879,shopping
467.70158919651004,5411,17,5,1,2,783,groceries
248.04171764278348,7832,18,3,1,2,1794,entertainment
936.5555306984087,5311,15,0,1,1,1193,shopping
3056.195924647141,8299,11,6,0,1,1425,education
285.9425132260577,7832,18,6,1,0,1508,entertainment
454.5932191104008,8011,14,0,1,0,1426,healthcare
2844.934107579875,8299,14,1,0,2,698,education
175.01593822896243,4121,12,2,1,2,1236,transport
116.83473777140166,5411,17,5,2,2,898,groceries
1232.839204400613,8011,14,5,1,1,1543,healthcare
945.4291234334108,5311,11,2,1,1,1500,shopping
508.14325969978074,8011,12,5,1,0,1710,healthcare
1325.85414558594,8011,15,0,1,1,1062,healthcare
2995.545101228434,8299,9,0,0,2,1529,education
196.983590357646,4121,12,4,1,3,329,transport
526.6037193497527,5311,10,5,1,2,740,shopping
263.8504519458607,8299,11,3,0,2,1044,education
171.07943297324567,7832,19,1,1,2,1710,entertainment
952.4111432634189,8299,15,4,1,1,203,education
3232.8325813047804,8299,13,0,1,2,396,education
99.39759906441871,7832,21,6,1,1,1405,entertainment
660.8201640560427,5311,13,1,1,2,1484,shopping
722.2095635248103,8299,15,4,2,1,224,education
3495.019250995677,8299,8,6,1,0,1518,education
79.58552715881227,7832,19,0,0,1,81,entertainment
349.79126470755267,5411,11,2,1,1,703,groceries
126.18870861050085,4121,10,1,1,1,823,transport
577.8054040502801,5311,17,2,1,2,696,shopping
864.8222970901301,4900,12,1,2,1,1174,utilities
779.5682100475718,4900,11,6,1,1,926,utilities
841.427588061373,5311,11,1,2,3,162,shopping
124.05085028615811,5812,13,2,1,1,1667,dining
233.36796962126041,5812,18,2,1,2,869,dining
69.96045880245147,4121,10,6,0,3,123,transport
371.42903559837396,5311,17,6,1,3,172,shopping
1959.1367686741426,8011,9,4,1,1,933,healthcare
145.9532219344798,5812,15,2,1,2,1606,dining
85.69168403537414,5812,16,1,1,1,1438,dining
4892.720385494309,8299,11,0,2,2,1049,education
196.57136867652486,4121,10,2,1,1,1790,transport
1427.5624535372494,8011,14,6,1,3,1338,healthcare
542.6955070278492,8011,12,2,1,2,1202,healthcare
445.30970829731484,5311,16,5,1,1,904,shopping
155.9157331714202,4121,18,5,1,2,1075,transport
112.1861952583314,4900,14,6,1,1,1618,utilities
4744.1167930412785,8299,15,0,1,2,817,education
122.96272123809149,4121,11,3,0,1,95,transport
81.38263173391725,7832,18,3,1,1,263,entertainment
74.11221615122906,4121,6,4,1,2,678,transport
626.9299397551113,5311,15,3,1,1,446,shopping
1858.1827867552981,8011,16,4,1,2,418,healthcare
149.1793190050555,4900,10,0,1,3,742,utilities
871.1190350821281,8299,14,5,1,3,1818,education
45.02763133501889,4121,6,2,1,2,1064,transport
65.4888620244127,5411,9,1,1,2,52,groceries
94.15082875821739,4121,17,4,1,3,302,transport
62.92512607222112,5311,16,1,1,1,1550,shopping
164.30033148507255,4121,18,1,1,0,1419,transport
297.8344372319916,5411,14,1,1,1,909,groceries
4366.373181014156,8299,12,0,2,1,59,education
1317.2410823170076,8299,9,6,2,1,1362,education
414.9671166076126,8011,12,3,1,1,639,healthcare
2414.63996247183,8299,9,6,1,3,125,education
115.16088641585024,5411,12,4,1,3,1762,groceries
1428.6818421244413,8011,11,6,1,1,1742,healthcare
356.0702996999955,5411,8,1,2,0,1756,groceries
782.9560498551805,8299,11,4,1,1,216,education
235.25472897995462,5812,13,3,1,2,1441,dining
971.3157950608335,4900,16,4,1,2,42,utilities
1935.9451741861856,8011,8,0,1,0,154,healthcare
217.88086957068947,5812,20,5,1,1,969,dining
960.7990660877905,4900,19,6,1,1,1451,utilities
805.483535852069,4900,15,0,1,2,881,utilities
424.5013308911336,5311,18,2,1,3,1609,shopping
43.7355653928727,5812,13,5,1,1,292,dining
116.66082501463694,4900,8,3,1,1,305,utilities
1363.6992221609883,8011,15,1,1,2,30,healthcare
317.2809153511788,8011,9,6,1,1,855,healthcare
173.6830237792655,8011,12,5,2,2,1291,healthcare
36.92097286164388,4121,17,5,1,1,319,transport
413.79082991144173,4900,11,0,1,2,1771,utilities
3997.425446689531,8299,8,0,1,2,1305,education
1605.1606404069007,8011,8,1,2,2,1186,healthcare
1524.3253344162185,8011,10,4,1,2,1111,healthcare
172.41891912754613,5812,13,3,1,0,359,dining
47.95506901681485,5812,12,1,1,3,513,dining
61.709352924195144,5812,14,1,2,0,1199,dining
161.2597052745058,4121,16,6,1,1,655,transport
2246.848808503959,8299,9,6,1,1,1062,education
95.39655604294508,5812,11,1,1,1,1602,dining
126.33088908057613,8011,12,2,1,1,391,healthcare
114.2451553615855,7832,18,2,0,1,1815,entertainment
79.07288555184996,5411,14,3,1,1,1454,groceries
151.65472548812608,7832,20,1,1,2,279,entertainment
713.2331437506305,4900,17,6,1,1,1363,utilities
793.2758638893116,4900,15,3,1,1,526,utilities
176.33366313359062,4121,18,0,1,3,1175,transport
543.1086559140895,5311,19,0,1,1,866,shopping
826.70922842633,4900,17,5,0,2,22,utilities
206.87619326503753,5411,15,4,1,1,493,groceries
312.9488095330432,4900,6,5,1,1,1362,utilities
452.9950920429432,5411,14,0,1,1,195,groceries
942.901869957038,5311,19,0,1,1,1434,shopping
4238.792707732325,8299,12,6,1,1,1311,education
131.2509822073686,7832,20,6,1,2,1419,entertainment
636.1167953321881,4900,19,3,1,1,597,utilities
66.62652417402477,7832,20,6,1,3,1477,entertainment
153.41688207701134,7832,21,0,1,1,597,entertainment
178.45224274809286,4121,10,2,1,1,990,transport
1587.612870824013,8011,14,1,2,2,752,healthcare
4052.5668409340183,8299,11,0,1,2,1196,education
1279.3400442684954,8011,8,1,1,2,1755,healthcare
4697.233202931274,8299,9,6,1,1,625,education
57.26594063069212,5812,19,5,2,2,506,dining
213.03466787067686,7832,19,0,1,2,1291,entertainment
90.73940166213083,7832,21,2,1,3,1348,entertainment
269.9656900427202,8299,12,5,1,0,1453,education
621.6955549664386,8011,8,5,1,2,420,healthcare
2261.88537891907,8299,12,2,1,2,1046,education
1376.4812462573152,8011,11,2,1,0,1,healthcare
268.1471236158937,5812,16,1,1,1,353,dining
686.0311179818058,8011,14,2,1,1,1710,healthcare
78.64115741447499,4121,11,3,1,1,146,transport
4906.91412224194,8299,13,3,0,1,1518,education
103.845808280697,5812,12,2,2,3,1248,dining
479.5590955730092,8011,14,1,1,3,1572,healthcare
1113.5627093244009,8011,14,5,0,1,1701,healthcare
1383.9679695538048,8011,12,2,0,2,44,healthcare
3493.406437616606,8299,15,4,1,3,635,education
931.1683551088017,4900,15,2,1,2,432,utilities
453.1976041981886,5311,15,1,1,3,180,shopping
717.9855583179055,5311,13,2,1,1,143,shopping
3391.8350966314574,8299,14,5,1,2,1209,education
247.26377806376644,7832,19,5,1,1,1001,entertainment
279.96925461347075,5812,20,5,1,1,477,dining
74.68348478190946,4121,6,1,1,1,1231,transport
127.2179485831006,5311,10,4,1,1,204,shopping
747.3512248395491,4900,13,2,1,2,187,utilities
3032.551918748116,8299,10,3,1,1,243,education
78.36987589725592,4121,11,2,1,3,1219,transport
77.69310104633107,5411,13,0,1,3,1668,groceries
419.18749766071136,5411,9,3,1,1,1253,groceries
60.742158159567275,7832,19,4,1,1,1009,entertainment
1724.7233078917266,8011,16,4,0,2,1403,healthcare
318.98109860731626,4900,13,0,1,3,1716,utilities
415.3447924167588,4900,19,6,1,1,213,utilities
224.76115531120442,5311,15,5,1,1,27,shopping
1610.091331870965,8011,14,4,1,2,503,healthcare
58.40861596935352,7832,19,1,1,2,1086,entertainment
297.34086479442846,5812,18,2,1,1,895,dining
1603.2401075119333,8011,8,5,1,2,594,healthcare
230.1499306326428,7832,22,6,2,2,112,entertainment
116.17396397617054,8011,14,1,0,2,1627,healthcare
217.59605366248664,5411,11,0,1,2,737,groceries
252.89131084505212,4900,11,1,1,2,1707,utilities
63.39064767192824,7832,22,3,1,1,1054,entertainment
143.09955238838202,5411,9,3,1,2,1761,groceries
1446.6869325735447,8011,11,0,1,1,209,healthcare
166.39962266011648,4121,16,0,1,2,993,transport
304.04225050405677,5311,19,1,1,2,1630,shopping
1242.916132400003,8011,16,5,1,1,1379,healthcare
158.29797347657993,4121,9,1,1,0,1268,transport
115.89904445175574,5812,18,5,1,2,722,dining
119.67056374373956,7832,21,2,1,3,384,entertainment
78.95241758746361,7832,22,2,1,3,557,entertainment
1382.8388990586604,8011,14,1,2,1,1415,healthcare
110.31680770228103,4121,13,2,0,1,1552,transport
126.62492206940794,4121,16,2,1,2,625,transport
470.91109676957103,5411,11,2,1,2,1179,groceries
207.31754666547596,5311,16,6,1,0,1502,shopping
135.6054264346396,5411,17,4,1,1,392,groceries
71.54864210974601,4121,13,5,1,2,1717,transport
253.58474797551543,7832,21,2,1,0,258,entertainment
252.02283908766017,7832,18,4,1,3,1739,entertainment
177.5048207093671,7832,22,4,1,2,129,entertainment
170.5877571432736,5812,18,0,1,1,1720,dining
117.53415886615335,7832,19,2,1,1,444,entertainment
199.62013430995523,4121,17,3,1,1,1659,transport
886.6560702351583,4900,13,1,1,0,230,utilities
447.66654740323276,5411,8,2,1,1,284,groceries
362.02169072833584,5411,13,0,1,2,766,groceries
408.58927962821866,5411,17,2,1,1,844,groceries
369.0245521146468,5311,17,2,1,1,492,shopping
728.261200876468,4900,6,3,1,0,49,utilities
220.0402195339147,7832,22,1,1,3,1138,entertainment
584.1294862082791,8011,14,1,1,0,1608,healthcare
783.5323792624906,5311,13,3,1,3,698,shopping
753.2894104464721,5311,10,6,0,2,516,shopping
122.62773900452729,7832,19,0,2,1,1013,entertainment
270.2570793126798,7832,19,0,1,2,653,entertainment
1541.5700442752297,8299,14,3,1,1,207,education
308.4496197027391,5311,11,2,1,2,306,shopping
196.45833405313118,4121,15,6,1,3,1817,transport
879.4607356787035,4900,9,1,2,2,737,utilities
123.43412123392672,5411,10,2,0,1,991,groceries
79.46949019653,7832,22,5,1,1,24,entertainment
114.94637794433866,7832,19,2,1,2,306,entertainment
289.59100731017946,7832,20,2,1,1,94,entertainment
146.78761311177394,7832,19,3,1,3,1601,entertainment
135.14005819299427,7832,22,5,0,3,823,entertainment
504.75247096667056,5311,15,4,1,3,1599,shopping
830.8264956622538,8011,16,4,1,3,123,healthcare
358.9588305090468,5411,11,5,1,1,1483,groceries
420.72742251803646,8011,13,1,1,2,1713,healthcare
345.61311384834255,5311,16,5,1,2,1564,shopping
279.92904983718034,5812,17,1,2,2,402,dining
521.3977685347464,8011,12,2,1,3,905,healthcare
189.8443661843145,8011,9,0,1,2,1817,healthcare
168.27092789478047,5812,17,0,1,1,822,dining
67.21325378324256,4121,18,1,1,2,1023,transport
64.96179801128349,4121,10,6,1,2,246,transport
505.8643473925691,5311,13,5,2,0,467,shopping
2046.9306847993146,8299,10,2,2,2,957,education
117.67336829021647,4121,6,0,1,3,372,transport
70.37061833618526,5411,12,5,1,1,770,groceries
145.35889890406355,4121,7,6,1,3,195,transport
190.21079435794775,5411,14,5,1,2,1741,groceries
263.92892764288086,8299,14,6,2,2,791,education
1904.7039621594718,8299,9,2,1,2,1578,education
1248.3593947820968,8299,13,3,1,1,785,education
216.86634427143233,5812,20,0,0,1,1765,dining
119.24266362574689,5411,10,2,1,3,1217,groceries
118.56880922931033,4121,8,3,1,3,1589,transport
113.96179016513791,4121,18,5,1,3,1519,transport
499.614897649924,5411,15,1,1,1,1545,groceries
352.18124119629357,5411,17,2,1,3,316,groceries
137.18826192924203,4121,10,3,1,1,971,transport
210.0959666167743,5812,12,1,1,3,396,dining
160.919100202772,4900,11,1,1,1,666,utilities
102.10594929895555,4900,13,1,2,1,1225,utilities
1936.2371031796922,8011,10,2,1,1,407,healthcare
820.6551841539567,8011,16,4,1,0,1119,healthcare
119.52497760309558,4900,9,3,1,0,810,utilities
3596.4595929932884,8299,10,0,1,3,69,education
179.3978767832277,5812,20,3,1,1,763,dining
192.9789860231232,5812,11,5,2,3,1009,dining
61.82886984470848,5812,13,5,1,2,605,dining
823.8208418612465,4900,9,0,1,2,272,utilities
156.7093121730079,5311,16,6,1,3,1214,shopping
1496.2172387617031,8011,11,3,1,3,958,healthcare
928.8607028822719,8011,10,4,1,1,527,healthcare
83.20066159151541,7832,19,6,1,1,689,entertainment
478.8080635822616,5311,17,4,1,3,1767,shopping
76.95691423512633,7832,21,3,2,1,1208,entertainment
734.0505665707306,5311,13,3,1,3,779,shopping
2150.601067973675,8299,14,6,2,1,1524,education
102.36981372867135,5411,16,2,1,1,260,groceries
157.34282608592554,4900,15,5,1,2,326,utilities
171.39056240041594,5311,19,5,0,2,352,shopping
140.82258480835358,4900,11,5,1,2,1242,utilities
189.51945277114655,8011,9,4,1,2,317,healthcare
245.2037916795846,4900,6,4,1,2,146,utilities
85.37748538101272,5812,17,1,0,1,595,dining
462.3951037195012,5411,15,6,1,1,723,groceries
155.49388891882427,5411,16,3,1,1,401,groceries
650.7624063647276,4900,13,4,1,3,1117,utilities
36.45238744936716,5812,18,3,1,1,83,dining
116.3346591398973,4121,7,0,2,1,916,transport
523.1641663760704,4900,9,4,1,3,1769,utilities
4364.824916536147,8299,13,6,1,1,1823,education
92.30332630573974,7832,22,5,1,1,688,entertainment
140.04061185074622,4121,18,3,1,2,855,transport
359.5417040450457,4900,14,4,1,3,1255,utilities
200.30025311934105,7832,21,3,1,0,122,entertainment
4445.272213221449,8299,9,5,0,3,83,education
248.1876406737835,5311,10,2,1,2,935,shopping
2777.5349360552127,8299,11,2,1,2,357,education
258.7184718062172,5812,16,6,1,3,1768,dining
106.45695213350322,4121,18,6,1,1,236,transport
347.8018738186958,4900,13,3,1,3,1366,utilities
1844.9279387115944,8011,10,1,0,3,124,healthcare
252.55624399252375,7832,21,4,2,2,1503,entertainment
1339.8133192679688,8011,16,3,1,1,1193,healthcare
4639.541963961154,8299,9,0,1,3,999,education
164.50241922743533,7832,18,1,1,3,821,entertainment
937.6989043398913,4900,7,4,1,1,1238,utilities
1157.9208035953407,8299,13,5,1,2,130,education
280.4453623641361,7832,18,5,1,2,1761,entertainment
272.4741323832008,5812,15,5,1,1,976,dining
800.9375983581592,5311,13,1,1,1,1261,shopping
731.5065841023476,4900,8,6,1,1,15,utilities
1299.3503594619638,8011,9,2,1,1,1562,healthcare
275.27208600020845,7832,21,2,1,2,558,entertainment
1054.9021431360466,8299,14,4,1,1,1681,education
168.42055663676092,5812,11,5,1,2,709,dining
777.3074136742954,5311,10,4,1,1,501,shopping
602.4142805340031,5311,10,2,2,1,573,shopping
186.43105604398846,5411,17,2,0,0,1571,groceries
208.02798203629968,5411,14,3,1,3,720,groceries
945.037026252162,5311,18,6,0,1,147,shopping
3435.2589771124594,8299,8,1,2,1,155,education
190.02549852650313,5812,18,1,1,2,725,dining
948.4625384652124,8299,8,0,1,1,1682,education
86.6158959507967,7832,20,2,1,2,346,entertainment
1582.30241858953,8011,11,2,2,3,804,healthcare
1428.4013545529917,8011,14,1,1,2,651,healthcare
771.9107855604581,5311,18,2,0,2,282,shopping
1772.8359617964857,8011,8,1,1,1,382,healthcare
480.9494922933169,5311,19,0,1,2,1493,shopping
598.212266088141,5311,14,3,1,3,1755,shopping
120.64952148349491,7832,22,0,1,2,1818,entertainment
72.19669215798555,4121,14,2,1,1,1397,transport
133.26673571563546,5812,19,1,2,1,975,dining
450.9183248560602,4900,17,4,1,1,1117,utilities
119.84025147928644,4121,11,5,1,2,356,transport
179.7635181330706,4121,8,0,1,1,418,transport
175.3778089346803,5812,13,1,1,3,745,dining
274.6076857825175,5812,16,1,1,1,657,dining
3802.8887454612163,8299,10,6,1,2,401,education
359.196616605079,5411,16,2,1,0,1390,groceries
202.85941100594584,7832,21,0,1,1,1035,entertainment
499.03725811051345,8299,11,0,1,3,1795,education
245.25123831088976,5411,13,3,1,0,827,groceries
1809.0760313796216,8299,8,2,1,0,1783,education
258.0002296750717,7832,19,3,1,2,1611,entertainment
720.897761362426,5311,15,3,1,2,510,shopping
274.20897383276775,7832,20,6,1,1,1161,entertainment
358.856779335988,5411,16,0,1,1,256,groceries
228.04384799852502,5812,12,6,1,1,85,dining
48.349382390931915,5812,12,1,1,2,1623,dining
3878.437079463476,8299,15,2,1,2,1071,education
4709.372195200832,8299,8,0,1,1,1603,education
102.96602906017773,4121,14,1,1,1,558,transport
877.143769463009,5311,13,5,1,2,585,shopping
162.23677935242011,5411,17,5,1,1,333,groceries
103.41542633505814,4900,7,6,0,3,1594,utilities
78.32325284840842,5411,9,4,1,0,1005,groceries
208.0108124448094,5812,12,0,1,2,1123,dining
2464.284541683429,8299,11,0,0,3,974,education
110.37978278639294,5311,13,2,1,1,524,shopping
419.261501713512,5411,11,4,1,1,239,groceries
110.37558891330771,5411,10,1,0,3,1702,groceries
2176.0508732836247,8299,13,0,2,1,116,education
602.524120488112,5311,13,6,1,2,1200,shopping
402.2050769988469,5311,10,0,1,1,685,shopping
76.669673900939,4121,18,0,1,2,1466,transport
189.14792568367022,7832,19,2,1,1,813,entertainment
225.86978994266605,4900,18,3,2,3,795,utilities
98.83183483695146,4121,8,3,1,1,115,transport
1405.6878673693452,8011,12,2,1,1,496,healthcare
4765.38196262276,8299,13,4,1,3,596,education
282.9125671686049,5812,13,2,1,3,548,dining
1882.6489857432452,8011,11,6,1,1,1725,healthcare
25.668512143056404,4121,18,2,2,2,459,transport
340.8963573136359,5411,12,1,1,1,290,groceries
129.13696092888875,4121,14,5,1,2,1600,transport
114.88413924396106,4121,11,0,1,0,687,transport
227.5467098568984,5311,16,0,1,1,22,shopping
542.9824480721253,5311,12,5,2,1,249,shopping
123.86108799371169,4121,17,6,1,1,1100,transport
354.1594537550148,5411,14,1,1,2,291,groceries
1402.9766174956671,8011,9,0,1,2,1378,healthcare
211.46972672683805,7832,22,5,1,1,1592,entertainment
255.94571532687243,5812,11,3,1,2,2,dining
125.24204928287068,5812,12,5,1,2,1339,dining
443.63361923400595,5411,17,2,0,3,801,groceries
128.82427992693505,4121,8,1,1,3,1321,transport
256.75465938646164,7832,18,2,2,3,228,entertainment
758.2515670734759,8011,16,1,2,1,896,healthcare
159.2513041868498,5411,10,1,1,1,720,groceries
625.7518752026567,4900,15,3,1,2,1469,utilities
421.7147155130732,5311,10,4,2,2,1780,shopping
2378.3874507545406,8299,10,0,1,1,1661,education
4748.236546670692,8299,14,3,1,1,1465,education
272.78203715515747,8299,9,3,1,2,1049,education
300.6697404341609,4900,14,2,1,2,593,utilities
106.88905834681613,5812,19,2,1,3,463,dining
354.7375343858883,5411,14,6,1,2,1245,groceries
483.3638799484742,8299,15,5,0,0,1349,education
148.94301743037042,4121,10,1,1,1,1821,transport
441.0298784320164,5311,13,4,1,3,1415,shopping
903.3265494247581,8011,13,5,0,1,1695,healthcare
73.7886860137458,4121,9,4,1,1,876,transport
40.657454735767246,5812,12,0,1,1,482,dining
2293.355379832157,8299,13,0,2,2,659,education
358.8455384650037,5411,10,3,1,2,812,groceries
153.30256579182924,4121,6,4,1,3,1707,transport
150.61868297077768,5411,16,6,1,2,864,groceries
113.83521259119377,7832,19,0,1,0,850,entertainment
1620.06781529725,8299,10,1,0,2,1664,education
253.13785288221587,5812,13,1,1,2,179,dining
1713.608565789158,8011,8,1,1,1,1734,healthcare
88.01002388953825,4121,17,1,1,1,918,transport
597.1456085051591,5311,15,6,1,1,1636,shopping
102.40878539347928,4121,12,6,1,0,518,transport
281.25228093594694,5812,19,3,1,1,492,dining
249.39975423240574,7832,21,2,1,2,990,entertainment
87.35620359184252,4121,12,6,1,2,1237,transport
241.73410295821026,5411,10,5,1,3,1449,groceries
108.51365073762099,7832,18,4,0,2,858,entertainment
106.29898889757747,7832,20,2,1,2,649,entertainment
60.52761695204447,5812,20,4,1,1,240,dining
148.5328135529865,4121,11,5,1,3,681,transport
203.70350714703193,5812,12,2,1,1,854,dining
319.7843476544753,5411,15,3,1,1,31,groceries
1110.6871898244306,8011,15,2,1,3,1237,healthcare
192.85530712220705,4900,19,4,1,1,553,utilities
380.5599274675465,5411,14,6,1,2,466,groceries
222.1994113910131,7832,19,2,0,3,840,entertainment
69.22567030062794,5311,12,1,1,2,269,shopping
286.43004654026873,4900,13,3,0,3,882,utilities
71.89896694636835,5411,13,4,1,3,659,groceries
242.41119539332954,7832,21,6,2,2,1559,entertainment
271.99155404472197,5812,19,5,1,1,1061,dining
300.5367412805403,5311,17,2,1,3,1325,shopping
175.85060066654077,5812,18,2,0,2,1578,dining
149.49674018939356,5411,10,5,1,3,230,groceries
3507.5052085510674,8299,13,2,1,3,470,education
389.8613478112492,5411,8,3,1,2,1632,groceries
1344.961106626925,8011,9,0,1,1,1557,healthcare
160.9396314619816,8011,10,3,1,1,1692,healthcare
795.2589362110339,4900,6,5,1,1,272,utilities
374.3264527856695,8299,10,3,1,3,1672,education
702.6398762246691,4900,14,3,1,3,706,utilities
706.9638421926667,4900,14,4,1,2,1306,utilities
229.65865309554982,5812,17,6,1,3,320,dining
4412.640084742302,8299,9,3,1,1,1182,education
101.83603264524106,4121,17,3,1,0,1304,transport
216.52748937279213,7832,20,1,0,1,1156,entertainment
884.4648357584397,8011,10,6,1,1,1565,healthcare
606.6736308986186,4900,10,5,1,3,1195,utilities
376.7051626017037,4900,7,4,1,0,1400,utilities
170.533982381751,5311,19,1,1,1,1091,shopping
67.49948793947334,7832,22,4,0,3,1428,entertainment
150.8367182593899,5812,17,5,1,2,1113,dining
126.92834492784867,4121,12,5,1,2,1639,transport
182.99865550788806,5411,12,0,2,3,1732,groceries
4938.093795345161,8299,10,2,1,2,175,education
388.3569884163028,5311,10,4,1,1,105,shopping
91.78606750467372,7832,21,3,1,1,603,entertainment
82.39954552176042,5812,19,3,1,3,1408,dining
1431.9716809563624,8011,10,4,1,1,1186,healthcare
768.9191779449066,5311,19,0,1,0,1670,shopping
204.0056720379369,7832,19,6,1,2,178,entertainment
141.9418868166143,5812,20,4,0,3,1228,dining
116.64026792636396,5812,18,2,1,1,1210,dining
491.9239278341171,8011,12,4,1,3,1275,healthcare
145.4517067655458,7832,22,3,1,1,1729,entertainment
114.15727961777547,5411,9,5,1,3,1340,groceries
208.39272325351183,7832,18,2,1,1,893,entertainment
189.99743505954334,4121,11,3,1,1,1009,transport
448.6546741167899,5411,10,6,1,2,1362,groceries
275.10591179796745,5812,12,3,1,1,370,dining
224.66813505787718,5812,11,5,2,2,1743,dining
425.3723419467926,4900,14,4,1,1,1529,utilities
508.21563400012656,4900,15,2,1,1,92,utilities
867.6792536075875,5311,12,2,1,2,1247,shopping
194.5507432093714,4121,15,5,1,2,1484,transport
669.2211091725206,4900,13,3,1,0,812,utilities
58.04508000379267,7832,22,4,1,3,740,entertainment
96.13612537683254,4121,13,6,1,1,1319,transport
296.361271032249,8011,12,2,1,1,1263,healthcare
280.4055493006348,5411,8,0,1,2,1808,groceries
659.208606341679,5311,11,2,1,1,1762,shopping
640.7727815544675,8011,8,1,1,1,822,healthcare
713.0560163216361,4900,12,6,2,2,888,utilities
79.8055441667778,5812,20,1,2,2,1277,dining
135.24608606426438,5812,13,4,1,2,235,dining
289.21553474111573,7832,21,3,1,1,1437,entertainment
83.00728440705919,4121,15,2,1,1,821,transport
472.55893464904756,5411,12,3,2,0,1564,groceries
323.2968279426908,8299,10,3,2,3,870,education
172.28587572981394,7832,20,0,1,1,1280,entertainment
843.2853203483517,4900,6,1,1,1,126,utilities
656.1470178425616,5311,13,4,1,1,158,shopping
336.0405296212293,5411,14,0,1,1,971,groceries
799.083342074529,4900,9,4,1,0,1708,utilities
111.9379437849305,5812,19,2,1,1,995,dining
297.0205036329435,5311,14,0,0,2,230,shopping
150.06438752775767,4121,12,2,2,1,1720,transport
144.68620526090464,7832,18,3,1,2,86,entertainment
336.279737900718,5411,16,4,1,3,1711,groceries
82.0410936204092,5812,13,3,2,2,12,dining
345.81477728419065,5411,12,3,1,3,1254,groceries
718.0857908217175,5311,11,4,1,2,1037,shopping
113.08255337620584,5812,19,4,1,1,1752,dining
169.15526997277166,5812,13,5,1,3,566,dining
1210.1166014193084,8011,9,4,1,1,1618,healthcare
259.61084217224385,5411,12,3,1,2,1367,groceries
80.01490835683776,7832,18,2,1,1,1514,entertainment
2330.4973637409666,8299,10,6,2,1,759,education
265.16668395229584,5812,15,1,1,2,1427,dining
98.32007993787796,5812,13,0,1,1,1243,dining
53.72546195790021,5411,17,3,1,1,1292,groceries
146.35484658476244,4121,13,1,1,2,734,transport
347.0483217550059,4900,19,4,1,3,1198,utilities
274.9503492395773,8011,10,4,1,1,1007,healthcare
110.8075567989754,7832,21,4,1,3,149,entertainment
1928.6300824613863,8011,9,6,1,1,151,healthcare
123.757029212344,4121,12,6,1,0,653,transport
375.69455133087325,4900,14,2,2,1,1337,utilities
158.98265688066223,4121,13,3,1,1,570,transport
3279.0315342100253,8299,12,6,0,2,781,education
285.21798241098315,5411,10,5,1,1,307,groceries
247.11819266986345,4900,16,1,1,1,378,utilities
987.2914337922207,5311,12,2,1,0,1190,shopping
628.5102705899468,4900,9,4,1,3,105,utilities
63.75061462578559,7832,19,2,1,1,1485,entertainment
4883.203891104283,8299,10,2,1,3,1586,education
153.09926950403354,5411,14,3,1,2,1339,groceries
269.43038999440944,4900,11,0,1,1,1710,utilities
1730.5266919580213,8011,14,0,1,2,1263,healthcare
887.0913423349799,4900,16,3,1,2,356,utilities
286.5842407835573,5812,19,5,1,1,611,dining
840.8060205090133,8299,15,1,1,2,158,education
309.8355350201252,4900,17,3,1,1,1104,utilities
188.39842707043448,5411,15,5,1,1,524,groceries
137.67338449596903,5812,16,6,1,3,1520,dining
237.25845158667943,5311,17,6,0,2,631,shopping
3542.93374267968,8299,8,3,1,2,1160,education
35.38392497294236,4121,8,5,1,2,1462,transport
79.93664215205399,4121,6,0,1,2,233,transport
959.3699511831167,5311,13,1,0,3,1452,shopping
66.44311030881481,4121,17,0,1,0,368,transport
59.39369992073236,5411,14,3,1,1,1438,groceries
129.97743389999297,7832,19,5,1,2,81,entertainment
1540.0055524497961,8011,12,3,1,1,383,healthcare
561.2517305741277,8011,15,0,1,1,537,healthcare
187.54618736512649,5812,16,5,2,2,676,dining
284.4147286172732,4900,6,4,1,1,1271,utilities
1571.459668229091,8299,8,6,1,3,619,education
408.5205269117606,5411,8,1,1,1,871,groceries
567.5180394839095,4900,9,2,1,1,98,utilities
42.34457026289415,5812,19,1,1,1,1680,dining
383.4684131349652,4900,14,2,1,3,197,utilities
198.96635106794125,4121,8,4,1,1,1295,transport
103.71864060652986,8011,9,1,1,1,1815,healthcare
2678.8573040892343,8299,13,5,1,1,107,education
43.595260894088554,4121,7,3,1,1,918,transport
184.5724770746435,5812,15,0,1,1,985,dining
784.2238734226795,5311,18,0,1,1,557,shopping
1562.3828057964374,8299,14,3,1,2,354,education
149.72022412020826,5812,18,6,2,2,1513,dining
143.23863970231326,5311,14,1,1,3,681,shopping
132.7274770367224,4121,10,4,1,3,1280,transport
213.24320620523915,4900,8,2,1,2,1061,utilities
723.8797198746361,8011,10,1,0,1,724,healthcare
1118.639726281896,8011,14,2,1,1,966,healthcare
292.44249950126897,7832,21,1,2,1,1776,entertainment
817.7316863273895,5311,15,0,1,1,1482,shopping
241.09062586752373,7832,18,1,1,2,805,entertainment
60.4341067885577,4121,10,6,1,3,508,transport
157.76428780831307,4121,6,1,1,0,1232,transport
72.94265341326101,5411,11,5,1,0,545,groceries
204.4094113033224,5812,11,6,1,2,1230,dining
961.8253733702259,5311,17,3,1,1,1135,shopping
275.3668190299537,7832,19,6,1,2,1471,entertainment
293.34057836341816,7832,18,5,1,2,561,entertainment
416.03514474217343,5411,12,3,1,2,1173,groceries
254.23658757505586,4900,13,2,1,3,1747,utilities
131.20941390359468,4121,6,5,1,1,610,transport
1552.3659052344121,8011,11,0,1,2,428,healthcare
681.2779374659526,5311,15,6,1,0,862,shopping
37.744546801633476,5812,17,4,1,1,1536,dining
890.1264946882842,8011,8,0,1,1,240,healthcare
449.96030123870054,5411,15,6,1,1,1553,groceries
71.24839130379702,5411,12,3,0,1,83,groceries
164.6720839890599,5411,11,5,1,3,769,groceries
3629.934507554065,8299,12,4,1,2,765,education
514.2032970594174,5311,17,4,1,2,221,shopping
71.10805049501892,5411,11,3,0,2,319,groceries
77.84034479291795,5411,11,2,2,2,948,groceries
160.29643347324105,7832,18,6,1,2,1719,entertainment
3363.7381349667676,8299,8,5,1,2,604,education
159.42469030572886,4121,17,5,1,1,919,transport
275.3938741889816,7832,20,3,1,2,1084,entertainment
266.3429171077169,7832,21,6,1,3,380,entertainment
62.613787133554155,5311,13,3,1,2,1125,shopping
1050.854499457389,8011,10,3,1,3,1774,healthcare
272.87668382739605,5411,15,1,1,1,796,groceries
1994.0957143029268,8011,12,0,1,0,1311,healthcare
416.12018650201856,5411,9,3,1,2,566,groceries
1798.8400378623028,8011,11,6,1,1,1483,healthcare
108.36404495536303,4121,8,5,1,1,124,transport
277.76261316570907,7832,19,6,1,0,322,entertainment
2420.7901120337197,8299,15,1,1,2,1777,education
442.14169311745786,4900,10,6,1,3,1660,utilities
890.6265090079033,5311,15,3,1,1,729,shopping
197.5699917366772,7832,18,0,1,1,1320,entertainment
4070.2966755917187,8299,11,0,1,1,551,education
464.34959173726145,5311,14,1,1,2,615,shopping
206.0173711554691,7832,22,0,1,1,1014,entertainment
284.8943732477742,7832,22,0,1,3,563,entertainment
149.10361090994965,4121,9,5,1,2,1000,transport
1603.128140353372,8011,12,0,1,1,1245,healthcare
943.1640776220949,8299,15,6,1,2,355,education
158.32942149518252,5411,16,2,1,2,1097,groceries
155.92306796262812,7832,18,2,2,2,1086,entertainment
1004.8377538282991,8011,13,5,1,1,457,healthcare
2797.2657248860683,8299,11,5,1,1,1420,education
261.08031455834,7832,20,4,1,1,312,entertainment
549.4970048228856,5311,15,6,1,1,1177,shopping
209.6624358763952,5812,13,0,1,2,386,dining
884.0793037456575,4900,6,2,1,1,443,utilities
290.84698395171125,5812,15,0,1,2,851,dining
249.78218705796948,5311,10,1,1,3,1317,shopping
252.183438037067,7832,21,0,1,1,1392,entertainment
141.60246179899542,5311,15,6,1,1,1237,shopping
1546.577474566755,8011,15,3,1,1,892,healthcare
54.60954552682473,5812,20,5,2,2,410,dining
211.4610687333427,5812,16,4,1,1,1787,dining
345.3313847964458,5411,9,6,1,1,1068,groceries
266.44272140176105,7832,19,3,1,0,1062,entertainment
297.8008911585101,7832,21,4,1,0,1480,entertainment
78.1911918642812,5812,14,2,1,3,223,dining
313.5640995699213,5411,14,2,1,1,301,groceries
978.0892567058622,4900,6,5,1,1,1437,utilities
59.679341436894894,5812,17,5,0,1,284,dining
4831.595996511959,8299,10,4,2,3,1661,education
40.12004404224157,4121,10,5,2,2,671,transport
346.1288272097901,4900,9,3,1,3,822,utilities
268.6606172567179,5812,17,1,0,1,1463,dining
119.70330264011463,5812,15,3,1,2,88,dining
1965.3462714831453,8011,16,5,1,3,1529,healthcare
103.15118762357795,7832,18,5,1,0,1013,entertainment
128.9793777395494,7832,18,2,2,2,263,entertainment
77.54991406800153,7832,18,0,1,0,178,entertainment
471.8953552849581,5411,8,6,1,1,875,groceries
866.9947041798154,4900,9,2,1,0,1283,utilities
822.5598552220009,5311,12,5,2,3,1128,shopping
743.1624003783409,5311,12,1,1,3,860,shopping
1573.748965452398,8299,13,6,1,2,812,education
856.2897677136965,8011,12,5,0,3,1248,healthcare
271.4394187061683,4900,10,2,1,1,1395,utilities
122.1064593509493,5411,16,4,1,2,121,groceries
160.38112859322726,4121,16,2,0,1,1337,transport
4942.740837651092,8299,12,3,1,1,1727,education
70.66297538681196,4121,13,2,1,1,207,transport
94.23199880072366,4121,7,4,1,3,982,transport
77.03510999582141,4121,13,1,1,1,169,transport
240.8088409306409,4900,9,4,0,2,1784,utilities
82.27405985726617,4121,15,1,1,1,1311,transport
180.51686557176708,7832,22,3,2,0,586,entertainment
798.2867024604069,5311,18,2,1,2,768,shopping
704.1315529448873,4900,7,2,1,0,1047,utilities
3444.1760069229085,8299,13,6,0,1,1590,education
779.0876918804682,4900,12,0,1,0,330,utilities
157.84743611602985,7832,19,6,1,1,1742,entertainment
1617.2267225675255,8011,10,0,1,3,427,healthcare
193.14210320973424,5812,11,2,1,3,1100,dining
353.0068722420665,5411,17,3,1,1,1290,groceries
276.74267125753096,7832,21,2,1,2,1290,entertainment
506.6266725307473,8299,15,0,1,3,26,education
2894.897018483513,8299,9,2,1,2,620,education
397.5083204395665,5411,15,5,1,1,135,groceries
869.7515618896824,4900,15,3,2,2,25,utilities
517.9103798886712,8011,8,0,1,3,1620,healthcare
186.5612430773959,5812,19,6,1,1,1252,dining
218.26349570005678,5812,17,5,1,2,1634,dining
461.52605645160475,5311,14,0,1,2,1768,shopping
487.8414269369098,5411,13,3,1,3,1522,groceries
629.9633809269459,4900,17,0,1,3,1222,utilities
194.9741660139033,4121,9,4,1,0,1260,transport
291.5912399495155,5411,10,3,1,2,563,groceries
177.15438505370994,7832,19,0,1,3,368,entertainment
913.9007073542442,4900,9,2,1,1,276,utilities
79.56370265387366,5812,17,0,1,2,1172,dining
2775.569568734642,8299,10,2,1,1,308,education
299.9343511570824,5812,11,0,1,2,1701,dining
179.33624583360495,7832,20,4,1,1,227,entertainment
999.8367875950231,5311,17,4,1,1,661,shopping
122.54909378940565,4121,11,4,0,1,1082,transport
965.1584348706883,8011,16,3,1,1,1593,healthcare
151.97458966033471,4121,17,6,1,1,1268,transport
404.81591568112924,4900,18,2,1,1,1345,utilities
443.273730850345,5311,11,5,1,3,740,shopping
274.1457914837759,5411,13,0,1,1,459,groceries
248.85702390896046,5812,11,6,1,1,1674,dining
316.43430381211925,5411,10,6,0,3,30,groceries
149.62717985157744,5812,14,1,1,3,251,dining
212.67568044009514,5812,13,1,1,1,906,dining
195.7337925500973,5311,17,0,1,1,258,shopping
70.51387355576182,5812,15,5,1,1,425,dining
216.46299979778297,5812,12,0,1,3,636,dining
52.51222584710179,5411,10,0,1,3,1138,groceries
807.770142794258,4900,14,5,1,3,513,utilities
256.45887732835075,5311,11,3,2,2,737,shopping
21.623308563458224,4121,7,0,1,1,1071,transport
352.931533447352,5411,16,4,1,3,909,groceries
926.9978307177448,8011,16,4,1,2,393,healthcare
391.9281662643351,5411,10,5,1,1,615,groceries
203.36005908140515,4900,11,0,1,0,1351,utilities
355.54250499348655,5311,18,3,1,2,153,shopping
413.4014386809902,5411,14,0,2,2,988,groceries
131.9812788783613,4121,6,2,2,0,977,transport
202.46237546302532,5411,11,1,1,2,1587,groceries
1693.222034498648,8011,9,4,1,3,1408,healthcare
992.0973791105414,4900,16,5,1,1,131,utilities
590.1418119038648,4900,8,5,2,3,795,utilities
516.6720337348522,5311,17,6,1,3,489,shopping
942.6199748938313,4900,15,2,1,0,858,utilities
2632.5872941828393,8299,11,3,1,1,298,education
130.76211729660076,4121,12,0,1,1,1103,transport
136.72963689866378,4121,12,4,1,3,216,transport
1513.1393781719341,8011,16,1,1,1,564,healthcare
245.39608080613797,4900,12,4,1,0,587,utilities
50.289660054022505,7832,22,3,1,3,832,entertainment
197.69598802435954,7832,21,1,1,2,248,entertainment
448.684496470537,8011,11,4,1,2,1450,healthcare
136.5276382056379,4900,10,5,1,3,215,utilities
329.17145966446594,5411,8,6,1,2,171,groceries
983.2615305600069,5311,10,5,1,3,1457,shopping
2743.8424540261176,8299,10,6,2,2,1207,education
200.34739425838467,5411,14,4,1,1,1227,groceries
128.2369586801091,5411,17,0,1,3,82,groceries
79.29157228591306,7832,21,2,1,1,329,entertainment
556.1574695388625,8299,15,3,2,1,1735,education
394.6141693319318,5411,13,1,1,1,849,groceries
174.0416144334516,5411,11,4,0,1,331,groceries
221.04185170135773,7832,19,5,1,2,1443,entertainment
410.6631155042387,5411,11,0,1,2,363,groceries
492.71936229668074,5411,11,1,2,1,437,groceries
61.43595021894289,7832,21,6,1,0,566,entertainment
922.5594412680915,4900,7,2,2,0,671,utilities
74.63450180784064,7832,22,1,1,0,1371,entertainment
867.4985554829324,8299,10,4,0,1,1360,education
30.029478081585093,4121,10,6,1,2,953,transport
77.0914653089749,5812,15,3,1,2,943,dining
1535.030564694725,8299,8,5,1,3,1079,education
975.3582694232354,4900,10,3,0,2,1725,utilities
736.5350417505157,8011,11,3,1,3,437,healthcare
892.6507740393054,5311,17,6,1,3,1266,shopping
105.83671850776432,5411,17,1,1,2,1557,groceries
72.53243879645142,5812,17,1,1,1,1345,dining
154.14391516640293,5812,14,6,0,1,1061,dining
82.42702518552845,7832,21,2,1,2,1611,entertainment
561.2321070220464,4900,8,3,1,3,186,utilities
199.4906210106592,4900,15,4,0,0,607,utilities
595.6918829834967,5311,19,6,1,2,378,shopping
968.5098356671878,4900,19,3,1,1,141,utilities
952.230675926161,5311,15,4,1,1,857,shopping
3532.7428778549784,8299,11,3,2,2,1793,education
1981.4880628162412,8011,14,5,1,2,171,healthcare
229.3989597769707,7832,20,3,0,1,619,entertainment
299.42357506229007,4900,10,6,0,0,1516,utilities
1029.1942064507957,8011,10,1,0,1,1441,healthcare
175.57964179990023,5812,11,6,0,3,100,dining
100.29638367914117,5311,12,5,1,1,820,shopping
904.8073174251733,8011,12,2,1,1,970,healthcare
2362.359699081506,8299,12,1,1,2,1341,education
38.69671787747946,4121,18,6,1,2,1644,transport
1475.4156290276453,8299,15,4,1,0,460,education
326.04730808442633,4900,9,5,1,1,1186,utilities
157.12184731963103,5411,10,4,1,1,173,groceries
1834.3879485001487,8011,13,4,1,3,384,healthcare
75.63104132748528,4121,17,2,1,1,1023,transport
920.6403529705653,4900,6,2,1,2,1580,utilities
160.7804445514703,5812,11,1,2,1,1339,dining
160.34549858204397,5812,14,5,1,2,1674,dining
129.88585893353402,4121,8,1,1,0,1043,transport
172.6356802947954,7832,22,4,1,1,733,entertainment
191.6806659945588,5411,17,5,2,3,742,groceries
168.96528997729578,5311,13,4,1,3,886,shopping
697.9479631654904,8299,9,5,0,1,1365,education
184.1354954047071,4121,12,3,1,1,1460,transport
224.70981605495052,5411,16,6,1,1,52,groceries
407.14649331802764,4900,16,6,1,0,339,utilities
425.85205067492524,5411,16,1,0,3,1637,groceries
1932.2116384267217,8011,9,6,1,2,152,healthcare
22.118797719374744,4121,16,6,1,0,811,transport
98.21790401941784,4121,7,3,0,3,1644,transport
121.69975137203808,5411,17,6,1,1,1504,groceries
91.50872302096128,4121,16,1,2,1,1752,transport
1853.1665985781106,8011,8,1,1,2,585,healthcare
359.1668888058877,5311,15,4,1,2,1615,shopping
1401.0355398542054,8011,9,5,1,0,1510,healthcare
1335.4339066596392,8011,8,1,1,1,354,healthcare
200.98476352099243,5812,13,4,1,0,638,dining
972.4513637181602,4900,8,4,0,2,1182,utilities
131.75054192377533,4121,6,6,1,2,1392,transport
164.60085959368266,7832,19,6,1,1,1263,entertainment
487.5174872540844,8299,10,0,1,0,784,education
155.2484877095392,5812,12,2,1,1,1366,dining
58.550284933942415,5812,16,5,1,3,947,dining
1326.124603884213,8011,15,5,1,2,1723,healthcare
159.67038407312785,4121,9,0,1,1,437,transport
144.49740013022975,7832,22,2,1,1,78,entertainment
1010.8850908499967,8299,10,2,1,2,93,education
203.21875586973127,7832,20,5,1,1,264,entertainment
287.3635657774465,5812,20,2,1,3,16,dining
128.05537143716535,5812,14,4,1,1,952,dining
363.94143122773016,4900,7,3,0,1,416,utilities
151.02225337087742,7832,22,0,1,1,1631,entertainment
420.7949287861133,5411,10,0,1,1,553,groceries
89.23257701235082,4121,12,1,0,1,1346,transport
557.9890569967583,5311,14,1,1,0,882,shopping
3847.4905558091314,8299,8,6,0,3,146,education
822.6374790692234,4900,6,1,1,0,831,utilities
50.824776668847505,7832,22,6,1,2,173,entertainment
226.15265254379338,7832,21,4,2,3,1736,entertainment
22.789353382157763,4121,10,0,1,3,1804,transport
804.299027469932,5311,13,1,0,1,1120,shopping
491.94027428465273,5411,13,1,1,0,189,groceries
70.53715777654439,4121,9,0,1,1,641,transport
213.3636087342009,5311,18,4,1,1,162,shopping
197.95510352303003,5812,12,4,2,1,1362,dining
893.7737549655318,8011,15,4,1,2,909,healthcare
647.8398747678932,5311,11,1,1,1,338,shopping
102.60300986743385,5812,20,2,1,1,521,dining
482.74822195297276,4900,16,2,1,3,1274,utilities
920.6903088184584,5311,13,2,1,2,90,shopping
142.36206685070755,5411,15,1,1,1,909,groceries
256.1080688027681,5411,14,1,1,1,226,groceries
134.52554468848174,5411,17,1,2,2,1717,groceries
139.64014814534866,5411,13,3,1,2,1685,groceries
232.03522586885646,5411,15,2,1,2,1235,groceries
862.8740574485591,5311,12,2,1,3,1036,shopping
308.3348686031583,5411,14,6,1,1,259,groceries
229.26025202252467,8011,9,5,1,3,312,healthcare
786.9882349199452,5311,14,0,1,1,827,shopping
840.5087289130166,4900,18,3,1,2,1688,utilities
272.19363353298735,7832,22,2,1,2,692,entertainment
40.92813890328113,4121,11,2,1,3,325,transport
1897.168785709937,8011,13,1,1,3,381,healthcare
4765.212346746806,8299,12,0,1,1,127,education
3628.116972832759,8299,14,6,2,3,1038,education
218.44950456917692,7832,19,1,1,2,1287,entertainment
296.41144948033485,5812,14,6,1,1,1188,dining
373.5154596089604,5411,15,3,1,2,361,groceries
152.24347107549752,4121,13,1,1,3,833,transport
171.62570593168496,4121,18,5,1,3,530,transport
654.5343029833779,8011,10,4,1,1,692,healthcare
1229.1031171222069,8011,10,4,1,1,144,healthcare
314.1591956821457,4900,18,5,1,2,1156,utilities
253.3135609257032,5411,9,3,1,1,24,groceries
457.2065409846443,5411,13,4,1,1,1513,groceries
282.00106342802417,5411,14,0,1,2,945,groceries
1065.0964592183157,8299,11,5,1,2,940,education
695.7841144048773,5311,17,4,1,2,124,shopping
57.637116904690764,5311,18,5,1,3,1002,shopping
181.5055028004104,4121,12,5,1,2,88,transport
139.51655501859736,5812,13,5,1,2,1385,dining
1456.7071049468782,8011,16,0,1,2,1066,healthcare
4434.484780590376,8299,8,0,1,0,1719,education
54.76879949799092,5411,17,0,1,2,1749,groceries
151.4960458364242,5411,17,2,1,0,1620,groceries
62.21454792336601,7832,21,0,1,3,356,entertainment
65.36346685279833,5812,18,5,0,3,186,dining
379.52740544470066,5411,9,2,1,1,1100,groceries
117.38522947496075,4121,15,1,2,1,1147,transport
145.52752814485407,5812,13,2,1,1,1198,dining
3010.2445451230983,8299,12,4,1,1,804,education
190.3702272106497,4121,15,2,1,2,1150,transport
1629.7395455940516,8299,11,3,1,1,804,education
437.0853336973664,5311,15,5,1,2,319,shopping
148.640517714381,5411,10,3,2,2,1115,groceries
821.042199033665,5311,19,1,1,0,165,shopping
234.50161985391574,7832,19,6,1,1,984,entertainment
235.9087851206398,5812,20,1,1,1,1324,dining
61.233898423996386,7832,20,5,1,2,849,entertainment
60.04255567024026,5311,14,0,1,3,1163,shopping
2975.0429455331077,8299,12,5,1,1,1014,education
2582.137108962867,8299,14,4,1,1,936,education
64.5761293739631,7832,21,3,1,0,1270,entertainment
247.27889379871175,5311,16,4,2,2,11,shopping
4141.5031956599105,8299,10,4,1,1,1517,education
2734.561061496661,8299,10,3,1,2,26,education
217.57784693877747,5411,15,2,1,2,314,groceries
174.7941163908657,4121,8,6,1,0,1417,transport
223.1605385375773,7832,20,3,1,1,582,entertainment
273.04837336525196,7832,18,3,0,0,1442,entertainment
166.50600434341192,4121,12,6,1,2,541,transport
129.55762004034557,5411,16,1,2,2,709,groceries
31.187302742299057,4121,11,0,1,1,474,transport
167.10506947604895,5812,20,3,1,2,1672,dining
2446.2219372287127,8299,12,4,1,3,44,education
2983.677358506793,8299,11,4,2,2,1443,education
167.18284684695487,4121,12,4,1,1,1014,transport
985.223845797586,5311,10,1,0,3,631,shopping
239.85770470410515,5311,17,0,1,1,1246,shopping
198.70880649993626,4121,13,2,1,3,744,transport
171.87965824348584,5812,13,3,1,1,291,dining
233.35481429645344,5311,13,1,2,3,700,shopping
252.64316421394946,5812,13,0,1,1,272,dining
4689.024538742824,8299,10,2,1,3,1015,education
230.90927341378662,5411,9,2,0,1,445,groceries
234.61562855641554,5812,13,1,1,1,1439,dining
975.9743590810165,4900,8,5,1,2,1801,utilities
64.65749843019012,5411,16,5,1,2,915,groceries
1320.030382205515,8011,13,3,2,1,1072,healthcare
667.014144093291,5311,15,1,1,3,625,shopping
3087.1209766826673,8299,11,0,1,3,1183,education
727.1279910411171,8011,13,3,2,2,855,healthcare
268.20346959696764,5812,19,6,1,0,295,dining
418.67312072166357,8011,14,1,1,2,191,healthcare
194.97428942993216,8011,13,5,2,1,68,healthcare
282.52419527018105,8011,16,6,1,2,101,healthcare
232.77719495062973,5311,12,2,0,0,343,shopping
206.89797327643234,5812,19,3,2,2,65,dining
1296.8691375704766,8011,15,0,1,1,726,healthcare
681.2030576570511,8299,11,1,1,3,872,education
138.57475262918675,7832,18,5,1,3,667,entertainment
830.549247046722,5311,16,6,1,2,1427,shopping
81.92993812913704,4121,15,0,1,3,1721,transport
766.6347175677755,8299,10,3,1,0,1064,education
223.12882867792345,4900,11,2,1,3,555,utilities
123.09263707988018,5411,11,5,1,3,1217,groceries
1299.6679679674817,8011,15,4,1,2,1792,healthcare
48.890812055506494,4121,13,1,0,2,461,transport
108.47869766097051,4121,9,5,0,0,859,transport
65.91684104578384,7832,20,2,2,2,1667,entertainment
58.37419843076601,7832,19,5,1,1,682,entertainment
82.28355416059817,5812,12,2,2,3,1663,dining
2873.4965888802035,8299,14,3,1,2,570,education
1967.0199728873247,8011,12,2,0,3,1400,healthcare
1236.1546233241327,8299,12,0,1,3,1500,education
56.265287871772266,5812,13,3,0,1,1390,dining
129.71774466541083,5411,10,0,2,3,951,groceries
242.53597458536024,8011,10,0,2,2,1348,healthcare
286.34496082419685,5311,18,5,1,1,360,shopping
93.74630096994308,4121,12,4,1,0,914,transport
2953.643951514979,8299,14,4,1,1,892,education
106.18823436741202,8011,14,4,0,1,1148,healthcare
447.01789253458315,5411,11,0,2,1,1634,groceries
97.57740290913401,4121,7,4,1,3,797,transport
3444.3599679989247,8299,12,2,0,1,338,education
746.4791036278971,8299,8,1,1,2,1487,education
41.144213958357945,5812,12,5,1,2,35,dining
194.2670526138124,7832,19,1,1,3,1232,entertainment
87.07823973412546,4121,8,4,2,2,1793,transport
1315.4336946465473,8011,10,1,1,1,1507,healthcare
78.40105307446689,4121,11,0,0,0,743,transport
2821.9331679797397,8299,11,2,1,2,1691,education
3661.091786489389,8299,14,5,1,2,1087,education
206.07060715076344,5812,18,6,1,1,513,dining
324.2418393375628,5411,12,6,0,0,247,groceries
630.5435492527151,4900,7,3,2,1,1715,utilities
737.9473523449668,8011,15,1,1,3,1530,healthcare
750.8088898645651,8011,14,5,1,1,96,healthcare
241.46708051944987,7832,21,2,0,1,345,entertainment
274.3418770149931,5311,10,3,1,2,1377,shopping
3368.9093273361727,8299,8,0,0,1,1542,education
197.37168092983697,4121,13,1,1,1,150,transport
822.5656850553991,8011,16,6,1,1,1776,healthcare
97.25836264184113,5812,19,5,1,2,510,dining
396.42108135756087,5411,11,4,1,1,417,groceries
428.6506185708137,4900,16,1,1,2,859,utilities
189.58614407005484,5812,11,4,1,1,585,dining
2941.4682759596117,8299,13,5,1,1,1774,education
201.50509786412306,7832,19,2,1,2,933,entertainment
4098.799897419343,8299,8,4,2,1,555,education
137.15954896352395,4121,16,1,0,2,448,transport
114.84800131893599,4121,7,0,1,2,1511,transport
627.9947074493987,8011,8,1,1,3,30,healthcare
174.43941417809407,4900,9,5,1,2,165,utilities
1789.5027387199584,8011,15,6,0,1,1812,healthcare
155.5655063254246,7832,21,0,1,2,1265,entertainment
98.9492307634258,5411,10,2,1,0,539,groceries
4879.320179088906,8299,12,2,0,2,1020,education
833.1594819036903,4900,14,2,1,1,1132,utilities
280.21857045550075,7832,20,4,2,2,1074,entertainment
1279.646854271056,8299,12,2,1,0,1482,education
782.5922884400618,5311,13,4,1,0,1461,shopping
72.29068732061783,7832,21,2,1,1,979,entertainment
135.2064443376949,7832,22,3,1,2,1665,entertainment
235.4208583688229,5411,14,2,1,1,39,groceries
254.00871211946662,5812,12,0,1,0,1135,dining
983.2512374620737,8299,13,2,1,3,1054,education
71.6626725962789,4121,10,2,1,1,157,transport
1140.988315085418,8011,13,4,2,2,728,healthcare
309.39183951153444,5411,14,4,2,2,1194,groceries
390.34245857112916,5311,10,2,0,2,1688,shopping
906.8126744294547,8011,16,1,0,2,1413,healthcare
473.1951542126021,4900,9,2,1,1,1304,utilities
1965.7967930407783,8011,13,1,1,3,1370,healthcare
106.12948341818047,7832,22,2,1,1,41,entertainment
1786.1400623248896,8299,12,3,0,2,1237,education
561.3047204752205,5311,15,1,1,2,1456,shopping
210.89104000897967,8011,8,5,1,1,358,healthcare
129.2080941659274,5311,18,6,1,3,316,shopping
61.12947900355564,5411,14,1,1,2,1664,groceries
287.74077906822987,7832,20,5,1,1,1543,entertainment
1892.0001982475815,8011,10,0,0,2,1750,healthcare
1773.6354984984134,8011,9,5,1,3,1226,healthcare
309.66863251887725,5311,17,0,1,3,207,shopping
680.7965849132472,4900,6,4,1,1,1259,utilities
650.2258239522871,5311,12,1,2,1,837,shopping
617.6862218761321,4900,11,2,0,2,252,utilities
202.15680756558598,4900,14,0,1,1,714,utilities
1870.1858049747452,8299,8,1,1,1,287,education
620.6533842226659,4900,16,4,1,2,1353,utilities
239.56225852292692,5411,13,1,0,0,665,groceries
858.5357583669943,5311,18,3,2,0,2,shopping
4722.490374102106,8299,8,2,1,3,857,education
271.0822587705518,5812,12,0,1,0,1422,dining
183.84151319129097,7832,19,6,1,0,1561,entertainment
574.75690524071,4900,7,1,1,1,257,utilities
835.3462065921908,8299,10,6,1,3,19,education
955.158039612361,8011,8,6,1,1,1428,healthcare
886.632950508361,4900,11,4,1,3,837,utilities
226.35509561512262,8299,12,5,1,1,1033,education
126.94765439742764,5411,12,5,1,1,1289,groceries
250.41408459279123,5812,19,5,1,1,741,dining
1290.2176272971044,8011,10,1,1,2,1427,healthcare
255.79405171070192,7832,19,1,0,3,889,entertainment
98.43196501042885,4121,18,0,1,2,1664,transport
3274.993833323473,8299,10,6,2,2,1102,education
160.27616548061908,7832,20,3,1,2,1192,entertainment
697.7739874754138,5311,17,2,1,3,1374,shopping
140.78252043787688,5311,13,5,1,1,1296,shopping
3814.9929738819656,8299,8,5,1,1,1737,education
206.5022286382842,5812,19,3,1,1,1647,dining
46.44105892123347,4121,16,1,0,2,182,transport
1173.5257398973322,8299,13,5,1,3,331,education
352.61998572650816,5411,13,6,1,2,251,groceries
457.07932046598313,5411,15,6,1,1,1394,groceries
202.73684255011534,5812,11,5,1,1,1528,dining
485.5949429231142,4900,17,1,1,2,387,utilities
65.5619067168016,5812,13,0,1,0,497,dining
471.24884032821706,5311,12,2,2,1,980,shopping
211.0970008085514,5812,11,5,1,1,1095,dining
341.10407337431155,5411,17,2,2,1,451,groceries
1068.9841552217981,8011,11,5,1,1,1214,healthcare
197.3505373048405,4900,6,2,1,1,1643,utilities
164.10207071544298,5812,17,3,2,1,784,dining
293.34810456735505,5812,16,3,1,3,1067,dining
582.6469687772981,8299,8,1,1,2,1729,education
802.593316418903,5311,16,5,1,2,1369,shopping
294.9416679335803,7832,22,2,1,1,1353,entertainment
1443.5449033455275,8011,16,5,0,1,1781,healthcare
307.1552955794884,8299,15,5,1,0,261,education
111.46360134261825,7832,21,3,2,1,1151,entertainment
395.34694827661474,5411,11,3,1,1,296,groceries
347.8079714897879,5411,13,0,1,1,663,groceries
972.1585599745111,5311,10,0,2,2,690,shopping
4586.823778429774,8299,13,5,1,3,1011,education
185.90822476265853,7832,19,5,1,1,469,entertainment
117.76318057689888,4121,8,1,1,3,855,transport
438.7271993660121,8011,8,5,1,0,1094,healthcare
167.8157807745143,4121,15,6,1,3,1614,transport
1660.3201412091698,8299,8,5,1,3,634,education
109.67934348571437,4121,6,2,1,2,504,transport
1972.6887105092687,8011,15,5,2,2,578,healthcare
117.38184498918028,5812,16,1,1,2,1084,dining
94.7341878145012,4121,14,6,2,2,619,transport
106.75083037706936,4121,12,5,1,0,711,transport
1331.841649655603,8011,16,2,1,1,122,healthcare
269.7343316586735,5812,17,3,1,3,258,dining
234.1700538054714,8011,11,3,1,2,1430,healthcare
248.4583320283407,5812,15,0,1,1,1634,dining
429.65099656487064,5411,15,1,1,3,1058,groceries
750.2330539131651,4900,10,3,1,3,694,utilities
102.46857387216481,4121,13,6,2,2,636,transport
195.71260248726622,8011,8,3,1,0,946,healthcare
82.17988618436252,7832,19,5,1,1,224,entertainment
62.79527112022253,5812,14,4,1,2,382,dining
721.1755503375972,4900,18,0,0,3,759,utilities
124.88530880471014,5411,15,5,1,3,53,groceries
160.04712315106573,4900,17,6,0,1,1607,utilities
84.10588429796942,5311,11,6,1,1,850,shopping
2800.7927298410123,8299,11,4,1,1,1586,education
115.37611829495074,4121,13,5,1,1,1608,transport
816.8326788899268,5311,18,2,1,1,574,shopping
1250.7407765563044,8011,9,5,1,1,328,healthcare
4508.29527125846,8299,15,5,1,3,1676,education
169.5618044395839,4900,18,3,0,0,926,utilities
180.02482618322102,7832,21,3,1,1,1759,entertainment
271.28593007956596,7832,19,1,1,2,886,entertainment
722.6394272340293,8011,15,0,0,0,597,healthcare
690.2720918728174,4900,17,5,1,1,140,utilities
915.8411232530752,4900,10,6,1,2,1097,utilities
735.6809165548211,5311,17,2,1,2,343,shopping
588.5762396949224,8011,16,0,0,0,1571,healthcare
104.26018060702826,4900,18,3,1,1,1444,utilities
3929.33488321757,8299,13,2,1,3,1221,education
70.66295005100419,4121,8,2,1,3,1186,transport
170.8509711387209,5411,13,3,1,1,1243,groceries
75.57962285088529,4121,12,5,1,0,661,transport
2550.6691828344724,8299,13,1,0,2,256,education
373.82922936057736,4900,6,4,1,2,350,utilities
1578.2138628936575,8011,14,1,1,1,68,healthcare
30.32702050472111,4121,14,1,1,1,1146,transport
146.36857628397016,7832,18,3,1,2,469,entertainment
481.1474473785344,5411,8,2,1,2,725,groceries
56.45448524622761,5411,8,3,0,1,706,groceries
256.39459961588335,7832,19,6,1,3,155,entertainment
124.88493518799496,4121,6,2,1,0,1439,transport
652.951720261949,8011,8,3,0,1,82,healthcare
884.416210051929,8011,12,6,1,2,439,healthcare
116.86311201804727,4121,11,5,2,0,666,transport
3242.85893435736,8299,8,5,1,2,1132,education
82.80397368861695,5311,19,6,1,1,1027,shopping
143.74468783221656,7832,21,3,2,1,1262,entertainment
132.16346693920448,5311,19,3,1,0,636,shopping
261.1369267492989,4900,18,5,1,3,1554,utilities
54.67045225800247,7832,18,1,1,2,339,entertainment
331.44541926210184,5411,10,2,1,1,1373,groceries
198.06782165724007,5812,12,4,1,1,1529,dining
267.0494158249259,5311,17,0,1,1,1099,shopping
1218.9446539636956,8011,13,3,1,2,716,healthcare
1596.2372934883135,8011,16,1,1,0,1033,healthcare
161.13922408527782,4121,12,0,1,3,1163,transport
843.4037693264781,8011,13,3,1,3,1005,healthcare
134.02326494145012,7832,18,4,1,1,1243,entertainment
222.24702231818833,5812,14,6,1,1,607,dining
109.17982805575572,7832,22,6,2,0,1720,entertainment
961.4310246872795,5311,14,3,1,1,345,shopping
277.27222111183085,7832,20,5,1,0,1342,entertainment
62.152398520020284,5812,16,5,1,3,248,dining
179.73388457270502,5411,13,6,1,1,48,groceries
144.06692865218167,4900,10,0,1,3,1068,utilities
433.5225072697438,4900,13,0,1,2,1626,utilities
244.03176573597173,5411,9,3,1,0,1001,groceries
3667.9354753929697,8299,15,6,1,1,595,education
861.7511176240843,8299,15,5,1,1,454,education
95.59522129403874,5411,15,1,1,1,1768,groceries
387.99258249606936,5411,11,4,1,2,1010,groceries
342.6328775653606,8011,8,5,1,3,372,healthcare
4033.9715695385353,8299,11,6,1,2,727,education
437.61673492669337,4900,10,1,2,2,647,utilities
105.22059334475952,5411,13,4,1,1,976,groceries
984.5875726199758,5311,16,5,1,1,596,shopping
32.77291198500126,4121,9,2,1,1,1097,transport
295.1577204035137,7832,20,5,2,2,634,entertainment
279.52626368908835,5812,17,3,1,1,454,dining
54.6247959385802,7832,18,2,2,3,712,entertainment
262.36659206407523,5812,17,6,1,2,1534,dining
184.00326799169358,4121,17,3,1,1,1799,transport
73.01392522280891,7832,20,1,1,2,1562,entertainment
3032.1855320701407,8299,14,5,1,1,724,education
69.11177977029743,7832,22,1,1,3,1384,entertainment
672.2750973670268,4900,12,6,1,3,1554,utilities
339.4931839479213,8011,15,5,1,1,337,healthcare
300.77545879817205,8299,15,2,1,1,1658,education
207.5464824017877,5812,16,0,1,1,248,dining
2045.4430938294756,8299,10,4,1,0,569,education
81.28377353473292,7832,20,3,1,0,1305,entertainment
50.50154769428458,4121,7,0,2,1,1425,transport
551.0024775243857,4900,18,3,1,1,671,utilities
46.87371729957519,4121,10,6,1,1,579,transport
260.52724837106234,5411,15,5,1,2,661,groceries
194.2084606997828,4900,14,0,1,3,357,utilities
57.603255074440575,5311,16,6,1,0,87,shopping
409.70902999910777,5411,16,5,2,1,615,groceries
94.85493931689449,4121,12,5,2,0,1741,transport
204.37661219449961,5311,15,5,1,3,1756,shopping
320.6348515092806,5411,14,3,1,2,1323,groceries
409.9228742835059,4900,12,2,2,1,745,utilities
913.885132295881,5311,17,0,1,1,1364,shopping
59.996255032977444,5812,12,1,1,2,1407,dining
954.5674439866598,4900,18,4,1,1,838,utilities
185.47309201235268,4121,18,3,1,2,476,transport
678.7722274264038,4900,19,0,1,1,642,utilities
115.86381992570661,5812,15,1,1,2,1224,dining
609.803542142734,4900,9,5,0,1,793,utilities
256.38817889037773,5812,17,4,1,2,872,dining
251.4904743747316,5311,12,1,1,2,1346,shopping
950.8244847898566,4900,11,5,1,1,1166,utilities
222.49481615348196,5311,18,5,1,0,1684,shopping
141.99052614264818,4121,18,0,1,2,1364,transport
478.93812406876856,4900,9,4,1,1,309,utilities
28.43763955630883,4121,13,6,1,1,41,transport
805.0149725410987,5311,18,4,1,0,261,shopping
290.8804641659754,5411,8,2,1,1,422,groceries
294.6036901334105,4900,12,2,1,1,813,utilities
99.0884735223102,4121,13,5,0,3,1651,transport
79.41210864969828,7832,21,5,1,2,304,entertainment
704.7665422990227,5311,10,4,1,1,1158,shopping
981.2923204525262,5311,12,5,1,1,1159,shopping
62.19101390029869,5411,14,4,1,2,721,groceries
916.396203115088,5311,18,3,1,2,1638,shopping
2771.984855166148,8299,14,3,1,0,1018,education
3360.5625088866627,8299,12,4,1,1,294,education
148.0547070697248,5411,15,2,1,1,34,groceries
576.7323309349852,4900,16,4,1,1,1369,utilities
441.8295193032618,5311,11,2,0,1,962,shopping
861.2499040151305,5311,13,4,2,1,571,shopping
60.5635553404362,4121,9,2,1,2,108,transport
979.5628532802166,4900,8,0,1,1,921,utilities
212.64752568195001,5411,9,0,1,2,1282,groceries
73.21995135463298,5812,14,6,1,0,1799,dining
2369.963545037715,8299,12,4,1,2,1031,education
380.62681434872167,5411,16,1,1,2,1639,groceries
69.91112728446096,7832,21,2,1,1,513,entertainment
105.86720829796212,5311,16,6,1,3,1071,shopping
1346.554609870677,8011,15,6,1,3,289,healthcare
505.0881427305506,4900,16,2,1,1,367,utilities
110.99704406629311,7832,20,1,0,2,1228,entertainment
1573.4807444933685,8299,9,5,1,1,723,education
103.2426625896256,7832,22,2,2,2,1133,entertainment
395.18795872775405,8011,12,5,1,2,1462,healthcare
199.94633718788216,7832,22,0,0,3,471,entertainment
181.5547228788587,7832,18,0,1,2,554,entertainment
614.6822002389316,5311,18,6,1,0,1540,shopping
725.2014941221992,8011,16,6,1,1,237,healthcare
602.9556546844665,5311,18,4,1,2,1233,shopping
30.0136877374715,4121,17,1,1,2,856,transport
3501.245181314449,8299,15,3,1,2,536,education
170.24021111351706,5411,10,0,1,1,683,groceries
352.78542238004127,5311,14,6,1,2,860,shopping
331.540445760885,5311,17,1,1,3,22,shopping
